'001_002','002_003'
'001_003','002_002'
'001_004','002_004'
'001_005','002_005'
'001_006','002_006'
'001_007','002_008'
'001_008','002_009'
'001_009','002_007'
'002_002','003_002'
'002_003','003_004'
'002_004','003_003'
'002_005','003_009'
'002_006','003_006'
'002_007','003_008'
'002_008','003_007'
'002_009','003_005'
'003_002','004_003'
'003_003','004_005'
'003_004','004_006'
'003_005','004_009'
'003_006','004_004'
'003_007','004_007'
'003_008','004_002'
'003_009','004_008'
'004_002','005_004'
'004_003','005_006'
'004_004','005_007'
'004_005','005_005'
'004_006','005_002'
'004_007','005_003'
'004_008','005_008'
'004_009','005_009'
'005_002','006_007'
'005_003','006_008'
'005_004','006_002'
'005_005','006_003'
'005_006','006_006'
'005_007','006_004'
'005_008','006_009'
'005_009','006_005'
'006_002','007_003'
'006_003','007_002'
'006_004','007_009'
'006_005','007_008'
'006_006','007_006'
'006_007','007_005'
'006_008','007_004'
'006_009','007_007'
'007_002','008_007'
'007_003','008_003'
'007_004','008_008'
'007_005','008_009'
'007_006','008_002'
'007_007','008_005'
'007_008','008_004'
'007_009','008_006'
'008_002','009_002'
'008_003','009_003'
'008_004','009_009'
'008_005','009_008'
'008_006','009_007'
'008_007','009_006'
'008_008','009_005'
'008_009','009_004'
'009_002','010_004'
'009_003','010_006'
'009_004','010_005'
'009_005','010_003'
'009_006','010_007'
'009_007','010_002'
'009_008','010_008'
'009_009','010_009'
'010_002','011_002'
'010_003','011_006'
'010_004','011_004'
'010_005','011_005'
'010_006','011_009'
'010_007','011_003'
'010_008','011_008'
'010_009','011_007'
'011_002','012_002'
'011_003','012_009'
'011_004','012_004'
'011_005','012_005'
'011_006','012_003'
'011_007','012_007'
'011_008','012_006'
'011_009','012_008'
'012_002','013_002'
'012_003','013_003'
'012_004','013_004'
'012_005','013_006'
'012_006','013_008'
'012_007','013_009'
'012_008','013_005'
'012_009','013_007'
'013_002','014_006'
'013_003','014_002'
'013_004','014_008'
'013_005','014_003'
'013_006','014_004'
'013_007','014_007'
'013_008','014_005'
'013_009','014_009'
'013_009','014_012'
'014_002','015_005'
'014_003','015_003'
'014_004','015_002'
'014_005','015_004'
'014_006','015_008'
'014_007','015_007'
'014_008','015_006'
'014_009','015_010'
'014_012','015_009'
'015_002','016_002'
'015_003','016_010'
'015_004','016_004'
'015_004','016_012'
'015_005','016_011'
'015_006','016_007'
'015_007','016_005'
'015_007','016_013'
'015_008','016_006'
'015_008','016_009'
'015_009','016_008'
'015_010','016_003'
'016_002','017_002'
'016_003','017_010'
'016_004','017_011'
'016_005','017_007'
'016_006','017_006'
'016_007','017_001'
'016_008','017_013'
'016_009','017_008'
'016_010','017_004'
'016_011','017_012'
'016_012','017_005'
'016_013','017_009'
'017_001','018_002'
'017_002','018_003'
'017_004','018_004'
'017_005','018_007'
'017_006','018_011'
'017_007','018_012'
'017_008','018_015'
'017_009','018_009'
'017_010','018_005'
'017_011','018_008'
'017_012','018_006'
'017_012','018_013'
'017_013','018_010'
'018_002','019_002'
'018_003','019_003'
'018_004','019_006'
'018_005','019_008'
'018_006','019_010'
'018_007','019_004'
'018_008','019_011'
'018_009','019_007'
'018_010','019_014'
'018_011','019_005'
'018_012','019_012'
'018_013','019_013'
'018_015','019_009'
'019_002','020_002'
'019_003','020_004'
'019_004','020_013'
'019_005','020_012'
'019_006','020_003'
'019_007','020_007'
'019_008','020_008'
'019_009','020_005'
'019_010','020_010'
'019_011','020_009'
'019_012','020_011'
'019_013','020_006'
'019_014','020_014'
'020_002','021_008'
'020_003','021_011'
'020_003','021_013'
'020_004','021_002'
'020_005','021_012'
'020_006','021_004'
'020_007','021_006'
'020_008','021_003'
'020_009','021_010'
'020_010','021_014'
'020_011','021_015'
'020_012','021_005'
'020_013','021_007'
'020_014','021_009'
'021_002','022_001'
'021_003','022_004'
'021_004','022_015'
'021_005','022_007'
'021_006','022_014'
'021_007','022_006'
'021_008','022_009'
'021_009','022_005'
'021_010','022_013'
'021_011','022_011'
'021_012','022_010'
'021_013','022_003'
'021_014','022_008'
'021_015','022_012'
'022_001','023_002'
'022_003','023_012'
'022_004','023_003'
'022_005','023_004'
'022_006','023_009'
'022_007','023_006'
'022_008','023_015'
'022_009','023_007'
'022_009','023_014'
'022_010','023_016'
'022_011','023_008'
'022_012','023_005'
'022_013','023_011'
'022_014','023_010'
'022_015','023_013'
'023_002','024_002'
'023_003','024_015'
'023_004','024_003'
'023_005','024_007'
'023_006','024_009'
'023_007','024_006'
'023_008','024_013'
'023_009','024_005'
'023_010','024_014'
'023_011','024_008'
'023_012','024_004'
'023_013','024_012'
'023_014','024_010'
'023_015','024_017'
'023_016','024_016'
'024_002','025_014'
'024_003','025_006'
'024_004','025_003'
'024_005','025_002'
'024_006','025_008'
'024_007','025_005'
'024_008','025_004'
'024_009','025_007'
'024_010','025_011'
'024_012','025_016'
'024_013','025_015'
'024_014','025_009'
'024_015','025_012'
'024_016','025_013'
'024_017','025_010'
'025_002','026_004'
'025_003','026_006'
'025_004','026_008'
'025_005','026_003'
'025_006','026_002'
'025_007','026_005'
'025_008','026_016'
'025_009','026_007'
'025_010','026_010'
'025_011','026_012'
'025_012','026_011'
'025_013','026_013'
'025_014','026_014'
'025_015','026_015'
'025_016','026_009'
'026_002','027_011'
'026_003','027_006'
'026_004','027_002'
'026_005','027_009'
'026_006','027_013'
'026_007','027_010'
'026_008','027_005'
'026_009','027_007'
'026_010','027_012'
'026_011','027_014'
'026_012','027_003'
'026_013','027_008'
'026_014','027_004'
'026_014','027_017'
'026_015','027_016'
'026_016','027_015'
'027_002','028_004'
'027_003','028_011'
'027_004','028_015'
'027_005','028_010'
'027_006','028_009'
'027_007','028_006'
'027_008','028_003'
'027_009','028_008'
'027_010','028_007'
'027_011','028_002'
'027_012','028_014'
'027_013','028_013'
'027_014','028_005'
'027_015','028_016'
'027_016','028_017'
'027_017','028_012'
'028_002','029_012'
'028_003','029_014'
'028_004','029_011'
'028_005','029_013'
'028_006','029_007'
'028_007','029_009'
'028_008','029_005'
'028_009','029_002'
'028_010','029_003'
'028_011','029_010'
'028_012','029_015'
'028_013','029_008'
'028_014','029_016'
'028_015','029_004'
'028_016','029_006'
'028_017','029_017'
'029_002','030_006'
'029_003','030_003'
'029_004','030_014'
'029_005','030_005'
'029_006','030_015'
'029_007','030_010'
'029_008','030_009'
'029_009','030_012'
'029_010','030_008'
'029_011','030_002'
'029_012','030_007'
'029_013','030_017'
'029_014','030_004'
'029_015','030_011'
'029_016','030_016'
'029_017','030_013'
'030_002','031_002'
'030_003','031_003'
'030_004','031_006'
'030_005','031_007'
'030_006','031_004'
'030_007','031_005'
'030_008','031_010'
'030_009','031_014'
'030_010','031_013'
'030_011','031_015'
'030_012','031_011'
'030_013','031_009'
'030_014','031_008'
'030_015','031_012'
'030_016','031_018'
'030_017','031_016'
'031_002','032_002'
'031_003','032_007'
'031_004','032_005'
'031_005','032_014'
'031_006','032_003'
'031_007','032_008'
'031_008','032_015'
'031_009','032_006'
'031_010','032_013'
'031_011','032_009'
'031_012','032_107'
'031_013','032_016'
'031_014','032_010'
'031_015','032_012'
'031_016','032_011'
'031_018','032_018'
'032_002','033_002'
'032_003','033_012'
'032_005','033_013'
'032_006','033_004'
'032_007','033_003'
'032_008','033_005'
'032_009','033_006'
'032_010','033_007'
'032_011','033_014'
'032_012','033_009'
'032_013','033_011'
'032_014','033_008'
'032_015','033_016'
'032_016','033_010'
'032_018','033_015'
'032_107','033_017'
'033_002','034_007'
'033_003','034_005'
'033_004','034_013'
'033_005','034_003'
'033_006','034_012'
'033_007','034_008'
'033_008','034_006'
'033_009','034_009'
'033_010','034_011'
'033_011','034_002'
'033_012','034_004'
'033_013','034_010'
'033_014','034_014'
'033_015','034_016'
'033_016','034_015'
'033_017','034_017'
'034_002','035_014'
'034_003','035_005'
'034_004','035_009'
'034_005','035_007'
'034_006','035_013'
'034_007','035_002'
'034_008','035_004'
'034_009','035_010'
'034_010','035_006'
'034_011','035_012'
'034_012','035_011'
'034_013','035_003'
'034_014','035_016'
'034_015','035_015'
'034_016','035_018'
'034_017','035_008'
'035_002','036_007'
'035_003','036_014'
'035_004','036_008'
'035_005','036_003'
'035_006','036_005'
'035_007','036_012'
'035_008','036_004'
'035_009','036_006'
'035_010','036_009'
'035_011','036_002'
'035_012','036_011'
'035_013','036_010'
'035_014','036_015'
'035_015','036_016'
'035_016','036_013'
'035_018','036_017'
'036_002','037_015'
'036_003','037_005'
'036_004','037_013'
'036_005','037_008'
'036_006','037_009'
'036_007','037_002'
'036_008','037_007'
'036_009','037_011'
'036_010','037_012'
'036_011','037_006'
'036_012','037_003'
'036_013','037_010'
'036_014','037_004'
'036_015','037_016'
'036_016','037_014'
'036_017','037_017'
'037_002','038_003'
'037_003','038_002'
'037_004','038_008'
'037_005','038_012'
'037_006','038_006'
'037_007','038_009'
'037_008','038_011'
'037_009','038_005'
'037_010','038_007'
'037_011','038_004'
'037_012','038_010'
'037_013','038_015'
'037_014','038_016'
'037_015','038_014'
'037_016','038_013'
'037_017','038_017'
'038_002','039_002'
'038_003','039_003'
'038_004','039_007'
'038_005','039_012'
'038_006','039_013'
'038_007','039_009'
'038_008','039_004'
'038_009','039_006'
'038_010','039_010'
'038_011','039_008'
'038_012','039_005'
'038_013','039_011'
'038_014','039_015'
'038_015','039_014'
'038_016','039_017'
'038_017','039_016'
'039_002','040_004'
'039_003','040_003'
'039_004','040_007'
'039_005','040_005'
'039_006','040_013'
'039_007','040_012'
'039_008','040_009'
'039_009','040_002'
'039_010','040_011'
'039_011','040_015'
'039_012','040_010'
'039_013','040_008'
'039_014','040_014'
'039_015','040_006'
'039_016','040_016'
'039_017','040_017'
'040_002','041_009'
'040_003','041_012'
'040_004','041_006'
'040_005','041_008'
'040_006','041_003'
'040_007','041_014'
'040_008','041_016'
'040_009','041_002'
'040_010','041_007'
'040_011','041_004'
'040_012','041_005'
'040_013','041_010'
'040_014','041_013'
'040_015','041_015'
'040_016','041_017'
'040_017','041_011'
'041_002','042_004'
'041_003','042_009'
'041_004','042_010'
'041_005','042_002'
'041_006','042_016'
'041_007','042_013'
'041_008','042_007'
'041_009','042_006'
'041_010','042_012'
'041_011','042_015'
'041_012','042_005'
'041_013','042_011'
'041_014','042_003'
'041_015','042_017'
'041_016','042_008'
'041_017','042_014'
'042_002','043_004'
'042_003','043_002'
'042_004','043_003'
'042_005','043_011'
'042_006','043_005'
'042_007','043_013'
'042_008','043_014'
'042_009','043_012'
'042_010','043_008'
'042_011','043_015'
'042_012','043_006'
'042_013','043_010'
'042_014','043_017'
'042_015','043_007'
'042_016','043_009'
'042_017','043_016'
'043_002','044_008'
'043_003','044_013'
'043_004','044_002'
'043_005','044_005'
'043_006','044_016'
'043_007','044_012'
'043_008','044_014'
'043_009','044_007'
'043_010','044_009'
'043_011','044_006'
'043_012','044_003'
'043_013','044_015'
'043_014','044_011'
'043_015','044_004'
'043_016','044_017'
'043_017','044_010'
'044_002','045_015'
'044_003','045_008'
'044_004','045_013'
'044_005','045_002'
'044_006','045_007'
'044_007','045_009'
'044_008','045_010'
'044_009','045_005'
'044_010','045_016'
'044_011','045_011'
'044_012','045_004'
'044_013','045_003'
'044_014','045_014'
'044_015','045_006'
'044_016','045_012'
'044_017','045_017'
'045_002','046_012'
'045_003','046_003'
'045_004','046_005'
'045_005','046_010'
'045_006','046_004'
'045_007','046_008'
'045_008','046_011'
'045_009','046_017'
'045_010','046_007'
'045_011','046_009'
'045_012','046_013'
'045_013','046_006'
'045_014','046_002'
'045_015','046_014'
'045_016','046_015'
'045_017','046_016'
'046_002','047_002'
'046_003','047_013'
'046_004','047_012'
'046_005','047_011'
'046_006','047_006'
'046_007','047_004'
'046_008','047_007'
'046_009','047_005'
'046_010','047_014'
'046_011','047_008'
'046_012','047_010'
'046_013','047_015'
'046_014','047_009'
'046_015','047_017'
'046_016','047_016'
'046_017','047_003'
'047_002','048_002'
'047_003','048_009'
'047_004','048_003'
'047_005','048_013'
'047_006','048_007'
'047_007','048_004'
'047_008','048_005'
'047_009','048_011'
'047_010','048_006'
'047_011','048_016'
'047_012','048_012'
'047_013','048_010'
'047_014','048_014'
'047_015','048_015'
'047_016','048_008'
'047_017','048_017'
'048_002','049_002'
'048_003','049_005'
'048_004','049_013'
'048_005','049_003'
'048_006','049_014'
'048_007','049_010'
'048_008','049_009'
'048_009','049_008'
'048_010','049_004'
'048_011','049_015'
'048_012','049_012'
'048_013','049_006'
'048_014','049_017'
'048_015','049_016'
'048_016','049_011'
'048_017','049_007'
'049_002','050_004'
'049_003','050_003'
'049_004','050_014'
'049_005','050_009'
'049_006','050_015'
'049_007','050_017'
'049_008','050_007'
'049_009','050_016'
'049_010','050_005'
'049_011','050_006'
'049_012','050_010'
'049_013','050_012'
'049_014','050_008'
'049_015','050_002'
'049_016','050_013'
'049_017','050_011'
'050_002','051_004'
'050_003','051_005'
'050_004','051_002'
'050_005','051_006'
'050_006','051_015'
'050_007','051_010'
'050_008','051_007'
'050_009','051_009'
'050_010','051_008'
'050_011','051_014'
'050_012','051_016'
'050_013','051_013'
'050_014','051_003'
'050_015','051_012'
'050_016','051_017'
'050_017','051_011'
'051_002','052_004'
'051_003','052_002'
'051_004','052_010'
'051_005','052_012'
'051_006','052_006'
'051_007','052_007'
'051_008','052_013'
'051_009','052_005'
'051_010','052_003'
'051_011','052_016'
'051_012','052_011'
'051_013','052_008'
'051_014','052_015'
'051_015','052_014'
'051_016','052_009'
'051_017','052_017'
'052_002','053_004'
'052_003','053_006'
'052_004','053_003'
'052_005','053_012'
'052_006','053_007'
'052_007','053_005'
'052_008','053_014'
'052_009','053_015'
'052_010','053_013'
'052_011','053_002'
'052_012','053_008'
'052_013','053_009'
'052_014','053_010'
'052_015','053_011'
'052_016','053_017'
'052_017','053_016'
'053_002','054_012'
'053_003','054_004'
'053_004','054_009'
'053_005','054_006'
'053_006','054_014'
'053_007','054_002'
'053_008','054_008'
'053_009','054_010'
'053_010','054_007'
'053_011','054_013'
'053_012','054_005'
'053_013','054_003'
'053_014','054_011'
'053_015','054_017'
'053_016','054_016'
'053_017','054_015'
'054_002','055_015'
'054_003','055_005'
'054_004','055_009'
'054_005','055_013'
'054_006','055_006'
'054_007','055_016'
'054_008','055_002'
'054_009','055_007'
'054_010','055_014'
'054_011','055_008'
'054_012','055_004'
'054_013','055_017'
'054_014','055_010'
'054_015','055_003'
'054_016','055_011'
'054_017','055_012'
'055_002','056_004'
'055_003','056_015'
'055_004','056_013'
'055_005','056_002'
'055_006','056_008'
'055_007','056_007'
'055_008','056_010'
'055_009','056_005'
'055_010','056_009'
'055_011','056_003'
'055_012','056_011'
'055_013','056_014'
'055_014','056_006'
'055_015','056_016'
'055_016','056_012'
'055_017','056_018'
'056_002','057_004'
'056_003','057_011'
'056_004','057_003'
'056_005','057_010'
'056_006','057_009'
'056_007','057_015'
'056_008','057_013'
'056_009','057_002'
'056_010','057_005'
'056_011','057_007'
'056_012','057_012'
'056_013','057_008'
'056_014','057_017'
'056_015','057_006'
'056_016','057_014'
'056_018','057_016'
'057_002','058_006'
'057_003','058_005'
'057_004','058_013'
'057_005','058_007'
'057_006','058_003'
'057_007','058_004'
'057_008','058_008'
'057_009','058_002'
'057_010','058_010'
'057_011','058_017'
'057_012','058_011'
'057_013','058_009'
'057_014','058_016'
'057_015','058_012'
'057_016','058_015'
'057_017','058_014'
'058_002','059_005'
'058_003','059_003'
'058_004','059_015'
'058_005','059_002'
'058_006','059_004'
'058_007','059_006'
'058_008','059_010'
'058_009','059_011'
'058_010','059_008'
'058_011','059_014'
'058_012','059_007'
'058_013','059_013'
'058_014','059_016'
'058_015','059_012'
'058_016','059_009'
'058_017','059_017'
'059_002','060_008'
'059_003','060_012'
'059_004','060_005'
'059_005','060_006'
'059_006','060_003'
'059_007','060_007'
'059_008','060_010'
'059_009','060_002'
'059_010','060_018'
'059_011','060_009'
'059_012','060_011'
'059_013','060_015'
'059_014','060_004'
'059_015','060_014'
'059_016','060_013'
'059_017','060_017'
'060_002','061_010'
'060_003','061_005'
'060_004','061_004'
'060_005','061_002'
'060_006','061_003'
'060_007','061_006'
'060_008','061_008'
'060_009','061_011'
'060_010','061_009'
'060_011','061_007'
'060_012','061_012'
'060_013','061_015'
'060_014','061_018'
'060_015','061_014'
'060_017','061_016'
'060_018','061_013'
'061_002','062_015'
'061_003','062_007'
'061_004','062_006'
'061_005','062_002'
'061_006','062_011'
'061_007','062_008'
'061_008','062_004'
'061_009','062_009'
'061_010','062_016'
'061_011','062_003'
'061_012','062_013'
'061_013','062_017'
'061_013','062_108'
'061_014','062_005'
'061_015','062_012'
'061_016','062_010'
'061_018','062_014'
'062_002','063_002'
'062_003','063_012'
'062_004','063_003'
'062_005','063_009'
'062_006','063_007'
'062_007','063_006'
'062_008','063_013'
'062_009','063_004'
'062_010','063_015'
'062_011','063_005'
'062_012','063_014'
'062_013','063_010'
'062_014','063_016'
'062_014','063_018'
'062_015','063_008'
'062_016','063_011'
'062_017','063_019'
'062_108','063_017'
'063_002','064_005'
'063_003','064_003'
'063_004','064_006'
'063_005','064_004'
'063_006','064_007'
'063_007','064_011'
'063_008','064_002'
'063_009','064_013'
'063_010','064_012'
'063_011','064_017'
'063_012','064_009'
'063_013','064_008'
'063_014','064_010'
'063_015','064_016'
'063_016','064_015'
'063_017','064_014'
'063_018','064_018'
'063_019','064_020'
'064_002','065_002'
'064_003','065_008'
'064_004','065_007'
'064_005','065_005'
'064_006','065_010'
'064_007','065_019'
'064_008','065_003'
'064_009','065_011'
'064_010','065_004'
'064_011','065_006'
'064_012','065_012'
'064_013','065_009'
'064_014','065_013'
'064_015','065_015'
'064_016','065_016'
'064_017','065_014'
'064_018','065_018'
'064_020','065_017'
'065_002','066_002'
'065_003','066_003'
'065_004','066_004'
'065_005','066_005'
'065_006','066_008'
'065_007','066_006'
'065_008','066_018'
'065_009','066_012'
'065_010','066_007'
'065_011','066_009'
'065_012','066_010'
'065_013','066_013'
'065_014','066_015'
'065_015','066_011'
'065_016','066_014'
'065_017','066_017'
'065_018','066_016'
'065_019','066_109'
'066_002','067_003'
'066_003','067_007'
'066_004','067_004'
'066_005','067_005'
'066_006','067_002'
'066_007','067_006'
'066_008','067_010'
'066_009','067_008'
'066_010','067_015'
'066_011','067_011'
'066_012','067_009'
'066_013','067_013'
'066_014','067_014'
'066_015','067_012'
'066_016','067_016'
'066_017','067_020'
'066_018','067_019'
'066_109','067_017'
'066_109','067_018'
'067_002','068_003'
'067_003','068_009'
'067_004','068_016'
'067_005','068_007'
'067_006','068_004'
'067_007','068_002'
'067_008','068_010'
'067_009','068_006'
'067_010','068_011'
'067_011','068_012'
'067_012','068_008'
'067_013','068_005'
'067_014','068_018'
'067_015','068_014'
'067_016','068_013'
'067_017','068_015'
'067_018','068_019'
'067_019','068_017'
'067_019','068_021'
'067_020','068_020'
'068_002','069_004'
'068_003','069_021'
'068_004','069_019'
'068_005','069_009'
'068_006','069_006'
'068_007','069_018'
'068_008','069_005'
'068_009','069_008'
'068_010','069_015'
'068_011','069_003'
'068_012','069_014'
'068_013','069_012'
'068_014','069_007'
'068_015','069_016'
'068_016','069_002'
'068_017','069_011'
'068_018','069_020'
'068_019','069_013'
'068_020','069_017'
'068_021','069_010'
'069_002','070_018'
'069_002','070_021'
'069_003','070_003'
'069_004','070_020'
'069_005','070_012'
'069_006','070_015'
'069_007','070_004'
'069_008','070_005'
'069_009','070_007'
'069_010','070_011'
'069_011','070_017'
'069_012','070_010'
'069_013','070_014'
'069_014','070_008'
'069_015','070_022'
'069_016','070_006'
'069_017','070_009'
'069_018','070_002'
'069_019','070_016'
'069_020','070_013'
'069_021','070_019'
'070_002','071_020'
'070_003','071_005'
'070_004','071_004'
'070_005','071_017'
'070_006','071_012'
'070_007','071_003'
'070_008','071_011'
'070_009','071_007'
'070_010','071_021'
'070_011','071_016'
'070_012','071_006'
'070_013','071_009'
'070_014','071_013'
'070_015','071_008'
'070_016','071_019'
'070_017','071_010'
'070_018','071_015'
'070_019','071_002'
'070_019','071_022'
'070_020','071_023'
'070_021','071_018'
'070_022','071_014'
'070_022','071_024'
'071_002','072_016'
'071_003','072_005'
'071_004','072_003'
'071_005','072_004'
'071_006','072_006'
'071_007','072_019'
'071_008','072_012'
'071_009','072_002'
'071_010','072_014'
'071_011','072_007'
'071_012','072_008'
'071_013','072_013'
'071_014','072_015'
'071_015','072_022'
'071_016','072_011'
'071_017','072_009'
'071_018','072_018'
'071_019','072_025'
'071_020','072_027'
'071_021','072_010'
'071_022','072_020'
'071_023','072_017'
'071_023','072_024'
'071_024','072_021'
'072_002','073_010'
'072_003','073_026'
'072_004','073_004'
'072_005','073_005'
'072_006','073_008'
'072_007','073_013'
'072_008','073_022'
'072_009','073_002'
'072_010','073_015'
'072_011','073_014'
'072_012','073_006'
'072_013','073_007'
'072_014','073_009'
'072_015','073_011'
'072_016','073_016'
'072_017','073_024'
'072_018','073_018'
'072_019','073_021'
'072_020','073_012'
'072_021','073_017'
'072_022','073_019'
'072_024','073_023'
'072_025','073_003'
'072_025','073_020'
'072_027','073_025'
'073_002','074_002'
'073_003','074_017'
'073_004','074_008'
'073_005','074_003'
'073_006','074_015'
'073_006','074_016'
'073_007','074_006'
'073_008','074_025'
'073_009','074_005'
'073_010','074_004'
'073_011','074_011'
'073_012','074_014'
'073_013','074_019'
'073_014','074_013'
'073_015','074_009'
'073_016','074_010'
'073_017','074_022'
'073_018','074_012'
'073_019','074_024'
'073_020','074_026'
'073_021','074_018'
'073_022','074_027'
'073_023','074_028'
'073_024','074_020'
'073_025','074_021'
'073_025','074_023'
'073_026','074_007'
'074_002','075_002'
'074_003','075_006'
'074_004','075_004'
'074_005','075_016'
'074_006','075_005'
'074_007','075_027'
'074_008','075_003'
'074_009','075_008'
'074_010','075_012'
'074_011','075_009'
'074_012','075_017'
'074_013','075_021'
'074_014','075_011'
'074_015','075_023'
'074_016','075_026'
'074_017','075_007'
'074_018','075_020'
'074_019','075_018'
'074_020','075_022'
'074_021','075_010'
'074_022','075_015'
'074_023','075_028'
'074_024','075_013'
'074_025','075_014'
'074_026','075_024'
'074_027','075_019'
'074_028','075_025'
'075_002','076_004'
'075_003','076_002'
'075_004','076_003'
'075_005','076_016'
'075_006','076_008'
'075_007','076_022'
'075_008','076_012'
'075_009','076_005'
'075_010','076_017'
'075_011','076_021'
'075_012','076_007'
'075_013','076_011'
'075_014','076_006'
'075_015','076_026'
'075_016','076_019'
'075_017','076_010'
'075_018','076_020'
'075_019','076_014'
'075_020','076_024'
'075_021','076_013'
'075_022','076_009'
'075_023','076_018'
'075_024','076_023'
'075_025','076_015'
'075_026','076_027'
'075_027','076_025'
'075_027','076_028'
'075_028','076_029'
'076_002','077_004'
'076_003','077_002'
'076_004','077_012'
'076_005','077_006'
'076_006','077_007'
'076_007','077_019'
'076_008','077_011'
'076_009','077_014'
'076_010','077_020'
'076_011','077_023'
'076_012','077_027'
'076_013','077_016'
'076_014','077_030'
'076_015','077_010'
'076_016','077_013'
'076_017','077_022'
'076_018','077_005'
'076_019','077_017'
'076_020','077_026'
'076_021','077_015'
'076_022','077_009'
'076_023','077_008'
'076_024','077_024'
'076_025','077_025'
'076_026','077_018'
'076_027','077_029'
'076_028','077_003'
'076_029','077_021'
'077_002','078_002'
'077_003','078_012'
'077_004','078_003'
'077_005','078_029'
'077_006','078_016'
'077_007','078_015'
'077_007','078_020'
'077_008','078_004'
'077_009','078_005'
'077_010','078_006'
'077_011','078_011'
'077_012','078_010'
'077_013','078_007'
'077_014','078_019'
'077_015','078_021'
'077_016','078_018'
'077_017','078_009'
'077_018','078_014'
'077_019','078_017'
'077_020','078_022'
'077_021','078_008'
'077_022','078_023'
'077_023','078_025'
'077_024','078_028'
'077_025','078_026'
'077_026','078_013'
'077_027','078_024'
'077_029','078_030'
'077_030','078_027'
'078_002','079_010'
'078_002','079_028'
'078_003','079_003'
'078_004','079_005'
'078_005','079_014'
'078_006','079_007'
'078_007','079_011'
'078_008','079_017'
'078_009','079_008'
'078_010','079_002'
'078_011','079_006'
'078_012','079_027'
'078_013','079_013'
'078_014','079_016'
'078_015','079_030'
'078_016','079_004'
'078_017','079_015'
'078_018','079_020'
'078_019','079_022'
'078_020','079_024'
'078_021','079_026'
'078_022','079_009'
'078_023','079_018'
'078_024','079_021'
'078_025','079_029'
'078_026','079_025'
'078_027','079_031'
'078_028','079_019'
'078_029','079_012'
'078_030','079_023'
'079_002','080_002'
'079_003','080_004'
'079_004','080_008'
'079_005','080_021'
'079_006','080_009'
'079_007','080_010'
'079_008','080_012'
'079_009','080_007'
'079_010','080_029'
'079_011','080_006'
'079_012','080_017'
'079_013','080_011'
'079_014','080_026'
'079_015','080_003'
'079_016','080_019'
'079_017','080_015'
'079_018','080_023'
'079_019','080_022'
'079_020','080_024'
'079_021','080_013'
'079_022','080_018'
'079_023','080_014'
'079_024','080_030'
'079_025','080_016'
'079_026','080_020'
'079_027','080_025'
'079_028','080_027'
'079_029','080_031'
'079_030','080_005'
'079_031','080_028'
'080_002','081_008'
'080_003','081_004'
'080_004','081_026'
'080_005','081_028'
'080_006','081_020'
'080_007','081_019'
'080_008','081_006'
'080_009','081_005'
'080_010','081_024'
'080_011','081_009'
'080_012','081_002'
'080_013','081_023'
'080_014','081_031'
'080_015','081_017'
'080_016','081_025'
'080_017','081_007'
'080_018','081_027'
'080_019','081_010'
'080_020','081_015'
'080_021','081_016'
'080_022','081_014'
'080_023','081_011'
'080_024','081_013'
'080_025','081_003'
'080_026','081_022'
'080_027','081_021'
'080_028','081_029'
'080_029','081_018'
'080_030','081_030'
'080_031','081_012'
'081_002','082_013'
'081_003','082_014'
'081_004','082_016'
'081_005','082_005'
'081_006','082_009'
'081_007','082_002'
'081_008','082_017'
'081_009','082_021'
'081_010','082_006'
'081_011','082_004'
'081_012','082_008'
'081_013','082_025'
'081_014','082_027'
'081_015','082_026'
'081_016','082_018'
'081_017','082_007'
'081_018','082_011'
'081_019','082_010'
'081_020','082_020'
'081_021','082_024'
'081_022','082_003'
'081_023','082_028'
'081_024','082_023'
'081_025','082_031'
'081_026','082_029'
'081_027','082_022'
'081_028','082_015'
'081_029','082_030'
'081_030','082_012'
'081_031','082_019'
'082_002','083_005'
'082_003','083_015'
'082_004','083_010'
'082_005','083_003'
'082_006','083_024'
'082_007','083_019'
'082_008','083_008'
'082_009','083_006'
'082_010','083_014'
'082_011','083_013'
'082_012','083_012'
'082_013','083_002'
'082_014','083_009'
'082_015','083_029'
'082_016','083_026'
'082_017','083_030'
'082_018','083_004'
'082_019','083_023'
'082_020','083_031'
'082_021','083_020'
'082_022','083_016'
'082_023','083_021'
'082_024','083_007'
'082_025','083_025'
'082_026','083_018'
'082_027','083_022'
'082_028','083_028'
'082_029','083_011'
'082_030','083_017'
'082_031','083_027'
'083_002','084_026'
'083_003','084_014'
'083_004','084_012'
'083_005','084_011'
'083_006','084_007'
'083_007','084_028'
'083_008','084_020'
'083_009','084_018'
'083_010','084_021'
'083_011','084_024'
'083_011','084_029'
'083_012','084_005'
'083_013','084_004'
'083_014','084_006'
'083_015','084_019'
'083_016','084_027'
'083_017','084_031'
'083_018','084_022'
'083_019','084_015'
'083_020','084_003'
'083_021','084_002'
'083_022','084_023'
'083_023','084_030'
'083_024','084_009'
'083_025','084_013'
'083_026','084_017'
'083_027','084_025'
'083_028','084_010'
'083_029','084_016'
'083_030','084_032'
'083_030','084_033'
'083_031','084_008'
'084_002','085_002'
'084_003','085_010'
'084_004','085_007'
'084_005','085_003'
'084_006','085_008'
'084_007','085_019'
'084_008','085_012'
'084_009','085_006'
'084_010','085_005'
'084_011','085_015'
'084_012','085_022'
'084_013','085_025'
'084_014','085_004'
'084_015','085_026'
'084_016','085_029'
'084_017','085_018'
'084_018','085_011'
'084_019','085_017'
'084_020','085_028'
'084_021','085_013'
'084_022','085_014'
'084_023','085_030'
'084_024','085_033'
'084_025','085_016'
'084_026','085_020'
'084_027','085_024'
'084_028','085_031'
'084_029','085_027'
'084_030','085_023'
'084_031','085_009'
'084_032','085_021'
'084_033','085_032'
'085_002','086_002'
'085_003','086_007'
'085_004','086_004'
'085_005','086_019'
'085_006','086_023'
'085_007','086_014'
'085_008','086_030'
'085_009','086_022'
'085_010','086_026'
'085_011','086_006'
'085_012','086_028'
'085_013','086_031'
'085_014','086_027'
'085_015','086_024'
'085_016','086_032'
'085_017','086_016'
'085_018','086_005'
'085_019','086_008'
'085_020','086_029'
'085_021','086_012'
'085_022','086_017'
'085_023','086_015'
'085_024','086_013'
'085_025','086_010'
'085_026','086_009'
'085_027','086_020'
'085_028','086_003'
'085_029','086_025'
'085_030','086_021'
'085_031','086_018'
'085_032','086_011'
'085_033','086_033'
'086_002','087_004'
'086_003','087_011'
'086_004','087_003'
'086_005','087_002'
'086_006','087_005'
'086_007','087_020'
'086_008','087_015'
'086_009','087_016'
'086_010','087_009'
'086_011','087_006'
'086_012','087_025'
'086_013','087_022'
'086_014','087_023'
'086_015','087_031'
'086_016','087_007'
'086_017','087_012'
'086_018','087_019'
'086_019','087_032'
'086_020','087_024'
'086_021','087_010'
'086_022','087_029'
'086_023','087_021'
'086_024','087_008'
'086_025','087_033'
'086_026','087_017'
'086_027','087_026'
'086_028','087_030'
'086_029','087_013'
'086_030','087_018'
'086_031','087_027'
'086_032','087_028'
'086_033','087_014'
'087_002','088_004'
'087_003','088_010'
'087_004','088_002'
'087_005','088_007'
'087_006','088_017'
'087_007','088_014'
'087_008','088_008'
'087_009','088_015'
'087_010','088_011'
'087_011','088_003'
'087_012','088_024'
'087_013','088_013'
'087_014','088_016'
'087_015','088_005'
'087_016','088_018'
'087_017','088_021'
'087_018','088_022'
'087_019','088_026'
'087_020','088_025'
'087_021','088_020'
'087_022','088_012'
'087_023','088_006'
'087_024','088_009'
'087_025','088_019'
'087_026','088_030'
'087_027','088_027'
'087_028','088_023'
'087_029','088_028'
'087_030','088_031'
'087_031','088_032'
'087_032','088_029'
'087_033','088_033'
'088_002','089_003'
'088_003','089_004'
'088_004','089_026'
'088_005','089_008'
'088_006','089_022'
'088_007','089_027'
'088_008','089_002'
'088_009','089_006'
'088_010','089_009'
'088_011','089_021'
'088_012','089_016'
'088_013','089_025'
'088_014','089_005'
'088_015','089_019'
'088_016','089_013'
'088_017','089_017'
'088_018','089_014'
'088_019','089_015'
'088_020','089_018'
'088_021','089_007'
'088_022','089_011'
'088_023','089_023'
'088_024','089_012'
'088_025','089_020'
'088_026','089_024'
'088_027','089_032'
'088_028','089_031'
'088_029','089_010'
'088_030','089_028'
'088_031','089_030'
'088_032','089_029'
'088_033','089_033'
'089_002','090_003'
'089_003','090_002'
'089_004','090_023'
'089_005','090_018'
'089_006','090_017'
'089_007','090_009'
'089_008','090_004'
'089_009','090_008'
'089_010','090_016'
'089_011','090_022'
'089_012','090_015'
'089_013','090_005'
'089_014','090_006'
'089_015','090_030'
'089_016','090_024'
'089_017','090_028'
'089_018','090_012'
'089_019','090_021'
'089_020','090_011'
'089_021','090_029'
'089_022','090_019'
'089_023','090_026'
'089_024','090_014'
'089_025','090_025'
'089_026','090_020'
'089_027','090_007'
'089_028','090_032'
'089_029','090_033'
'089_030','090_013'
'089_031','090_010'
'089_032','090_031'
'089_033','090_027'
'090_002','091_004'
'090_003','091_007'
'090_004','091_003'
'090_005','091_010'
'090_006','091_027'
'090_007','091_026'
'090_008','091_002'
'090_009','091_014'
'090_010','091_030'
'090_011','091_024'
'090_012','091_018'
'090_013','091_033'
'090_014','091_017'
'090_015','091_006'
'090_016','091_005'
'090_017','091_015'
'090_018','091_028'
'090_019','091_025'
'090_020','091_031'
'090_021','091_009'
'090_022','091_012'
'090_023','091_016'
'090_024','091_021'
'090_025','091_008'
'090_026','091_029'
'090_027','091_013'
'090_028','091_032'
'090_029','091_011'
'090_030','091_022'
'090_031','091_020'
'090_032','091_019'
'090_033','091_023'
'091_002','092_003'
'091_003','092_011'
'091_004','092_005'
'091_005','092_027'
'091_006','092_008'
'091_007','092_002'
'091_008','092_017'
'091_009','092_030'
'091_010','092_012'
'091_011','092_028'
'091_012','092_006'
'091_013','092_029'
'091_014','092_015'
'091_015','092_009'
'091_016','092_004'
'091_017','092_010'
'091_018','092_019'
'091_019','092_013'
'091_020','092_034'
'091_021','092_025'
'091_022','092_031'
'091_023','092_032'
'091_024','092_007'
'091_025','092_018'
'091_026','092_014'
'091_027','092_022'
'091_028','092_020'
'091_029','092_023'
'091_030','092_016'
'091_031','092_026'
'091_032','092_021'
'091_033','092_024'
'092_002','093_005'
'092_003','093_002'
'092_004','093_004'
'092_005','093_006'
'092_006','093_003'
'092_007','093_012'
'092_008','093_019'
'092_009','093_016'
'092_010','093_022'
'092_011','093_008'
'092_012','093_011'
'092_013','093_026'
'092_014','093_015'
'092_015','093_007'
'092_016','093_021'
'092_017','093_014'
'092_018','093_018'
'092_019','093_024'
'092_020','093_020'
'092_021','093_025'
'092_022','093_013'
'092_023','093_017'
'092_024','093_031'
'092_025','093_027'
'092_026','093_029'
'092_027','093_009'
'092_028','093_033'
'092_029','093_028'
'092_030','093_010'
'092_031','093_023'
'092_032','093_030'
'092_034','093_032'
'093_002','094_002'
'093_003','094_012'
'093_004','094_016'
'093_005','094_011'
'093_006','094_013'
'093_007','094_020'
'093_008','094_004'
'093_009','094_009'
'093_010','094_008'
'093_011','094_005'
'093_012','094_006'
'093_013','094_023'
'093_014','094_018'
'093_015','094_003'
'093_016','094_017'
'093_017','094_026'
'093_018','094_021'
'093_019','094_007'
'093_020','094_014'
'093_021','094_010'
'093_022','094_027'
'093_023','094_024'
'093_024','094_031'
'093_025','094_019'
'093_026','094_028'
'093_027','094_030'
'093_028','094_029'
'093_029','094_022'
'093_030','094_033'
'093_031','094_025'
'093_032','094_032'
'093_033','094_015'
'094_002','095_010'
'094_003','095_016'
'094_004','095_002'
'094_005','095_009'
'094_006','095_014'
'094_007','095_004'
'094_008','095_031'
'094_009','095_008'
'094_010','095_018'
'094_011','095_006'
'094_012','095_022'
'094_013','095_007'
'094_014','095_012'
'094_015','095_029'
'094_016','095_011'
'094_017','095_028'
'094_018','095_013'
'094_019','095_026'
'094_020','095_005'
'094_021','095_015'
'094_022','095_023'
'094_023','095_027'
'094_024','095_019'
'094_025','095_020'
'094_026','095_021'
'094_027','095_003'
'094_028','095_025'
'094_029','095_017'
'094_030','095_030'
'094_031','095_032'
'094_032','095_033'
'094_033','095_024'
'095_002','096_011'
'095_003','096_009'
'095_004','096_008'
'095_005','096_005'
'095_006','096_023'
'095_007','096_020'
'095_008','096_007'
'095_009','096_003'
'095_010','096_016'
'095_011','096_014'
'095_012','096_018'
'095_013','096_019'
'095_014','096_010'
'095_015','096_026'
'095_016','096_002'
'095_017','096_015'
'095_018','096_027'
'095_019','096_006'
'095_020','096_025'
'095_021','096_029'
'095_022','096_024'
'095_023','096_022'
'095_024','096_013'
'095_025','096_021'
'095_026','096_012'
'095_027','096_030'
'095_028','096_033'
'095_029','096_031'
'095_030','096_004'
'095_031','096_028'
'095_032','096_017'
'095_033','096_032'
'096_002','097_012'
'096_003','097_018'
'096_004','097_028'
'096_005','097_007'
'096_006','097_013'
'096_007','097_020'
'096_008','097_010'
'096_009','097_008'
'096_010','097_026'
'096_011','097_014'
'096_012','097_023'
'096_013','097_016'
'096_014','097_011'
'096_015','097_030'
'096_016','097_003'
'096_017','097_017'
'096_018','097_009'
'096_019','097_015'
'096_020','097_005'
'096_021','097_019'
'096_022','097_021'
'096_023','097_031'
'096_024','097_002'
'096_025','097_006'
'096_026','097_004'
'096_027','097_024'
'096_028','097_025'
'096_029','097_022'
'096_030','097_029'
'096_031','097_027'
'096_032','097_032'
'096_033','097_033'
'097_002','098_010'
'097_003','098_011'
'097_004','098_013'
'097_005','098_019'
'097_006','098_006'
'097_007','098_014'
'097_008','098_015'
'097_009','098_002'
'097_010','098_008'
'097_011','098_012'
'097_012','098_017'
'097_013','098_007'
'097_014','098_022'
'097_015','098_005'
'097_016','098_003'
'097_017','098_018'
'097_018','098_020'
'097_019','098_016'
'097_020','098_009'
'097_021','098_004'
'097_022','098_026'
'097_023','098_029'
'097_024','098_024'
'097_025','098_031'
'097_026','098_021'
'097_027','098_025'
'097_028','098_023'
'097_029','098_030'
'097_030','098_028'
'097_031','098_027'
'097_032','098_033'
'097_033','098_032'
'098_002','099_022'
'098_003','099_032'
'098_004','099_002'
'098_005','099_013'
'098_006','099_004'
'098_007','099_023'
'098_008','099_025'
'098_009','099_021'
'098_010','099_019'
'098_011','099_008'
'098_012','099_005'
'098_013','099_016'
'098_014','099_009'
'098_015','099_027'
'098_016','099_026'
'098_017','099_007'
'098_018','099_017'
'098_019','099_031'
'098_020','099_018'
'098_021','099_003'
'098_022','099_011'
'098_023','099_028'
'098_024','099_033'
'098_025','099_024'
'098_026','099_012'
'098_027','099_030'
'098_028','099_029'
'098_029','099_020'
'098_030','099_006'
'098_031','099_014'
'098_032','099_015'
'098_033','099_010'
'099_002','100_004'
'099_003','100_019'
'099_004','100_010'
'099_005','100_005'
'099_006','100_002'
'099_007','100_016'
'099_008','100_008'
'099_009','100_028'
'099_010','100_023'
'099_011','100_024'
'099_012','100_012'
'099_013','100_003'
'099_014','100_025'
'099_015','100_021'
'099_016','100_030'
'099_017','100_020'
'099_018','100_014'
'099_019','100_013'
'099_020','100_017'
'099_021','100_032'
'099_022','100_009'
'099_023','100_007'
'099_024','100_015'
'099_025','100_018'
'099_026','100_011'
'099_027','100_033'
'099_028','100_031'
'099_029','100_026'
'099_030','100_022'
'099_031','100_029'
'099_032','100_006'
'099_033','100_027'
'100_002','101_007'
'100_003','101_018'
'100_004','101_004'
'100_005','101_014'
'100_006','101_029'
'100_007','101_021'
'100_008','101_003'
'100_009','101_009'
'100_010','101_002'
'100_011','101_026'
'100_012','101_032'
'100_013','101_012'
'100_014','101_031'
'100_015','101_025'
'100_016','101_016'
'100_017','101_005'
'100_018','101_013'
'100_019','101_008'
'100_020','101_019'
'100_021','101_010'
'100_022','101_015'
'100_023','101_011'
'100_024','101_006'
'100_025','101_017'
'100_026','101_027'
'100_027','101_023'
'100_028','101_020'
'100_029','101_030'
'100_030','101_022'
'100_031','101_028'
'100_032','101_024'
'100_033','101_034'
'101_002','102_014'
'101_003','102_002'
'101_004','102_026'
'101_005','102_013'
'101_006','102_010'
'101_007','102_019'
'101_008','102_017'
'101_009','102_015'
'101_010','102_032'
'101_011','102_022'
'101_012','102_018'
'101_013','102_008'
'101_014','102_011'
'101_015','102_009'
'101_016','102_003'
'101_017','102_007'
'101_018','102_012'
'101_019','102_016'
'101_020','102_006'
'101_021','102_005'
'101_022','102_024'
'101_023','102_031'
'101_024','102_020'
'101_025','102_025'
'101_026','102_021'
'101_027','102_028'
'101_028','102_023'
'101_029','102_030'
'101_030','102_004'
'101_031','102_033'
'101_032','102_034'
'101_034','102_027'
'102_002','103_007'
'102_003','103_005'
'102_004','103_013'
'102_005','103_028'
'102_006','103_026'
'102_007','103_011'
'102_008','103_023'
'102_009','103_018'
'102_010','103_008'
'102_011','103_015'
'102_012','103_003'
'102_013','103_004'
'102_014','103_024'
'102_015','103_016'
'102_016','103_025'
'102_017','103_002'
'102_018','103_032'
'102_019','103_006'
'102_020','103_017'
'102_021','103_030'
'102_022','103_020'
'102_023','103_021'
'102_024','103_010'
'102_025','103_029'
'102_026','103_012'
'102_027','103_019'
'102_028','103_009'
'102_030','103_027'
'102_031','103_022'
'102_032','103_014'
'102_033','103_033'
'102_034','103_031'
'103_002','104_027'
'103_003','104_014'
'103_004','104_004'
'103_005','104_017'
'103_006','104_024'
'103_007','104_006'
'103_008','104_019'
'103_009','104_022'
'103_010','104_007'
'103_011','104_011'
'103_012','104_010'
'103_013','104_023'
'103_014','104_005'
'103_015','104_009'
'103_016','104_013'
'103_017','104_002'
'103_018','104_015'
'103_019','104_008'
'103_020','104_020'
'103_021','104_012'
'103_022','104_026'
'103_023','104_021'
'103_024','104_033'
'103_025','104_031'
'103_026','104_028'
'103_027','104_003'
'103_028','104_032'
'103_029','104_030'
'103_030','104_029'
'103_031','104_025'
'103_032','104_018'
'103_033','104_016'
'104_002','105_027'
'104_003','105_024'
'104_004','105_003'
'104_005','105_025'
'104_006','105_002'
'104_007','105_023'
'104_008','105_010'
'104_009','105_006'
'104_010','105_013'
'104_011','105_014'
'104_012','105_007'
'104_013','105_019'
'104_014','105_009'
'104_015','105_032'
'104_016','105_015'
'104_017','105_021'
'104_018','105_031'
'104_019','105_017'
'104_020','105_012'
'104_021','105_011'
'104_022','105_016'
'104_023','105_004'
'104_024','105_029'
'104_025','105_033'
'104_026','105_020'
'104_027','105_008'
'104_028','105_018'
'104_029','105_022'
'104_030','105_005'
'104_031','105_028'
'104_032','105_030'
'104_033','105_110'
'105_002','106_001'
'105_003','106_010'
'105_004','106_026'
'105_005','106_021'
'105_006','106_002'
'105_007','106_007'
'105_008','106_004'
'105_009','106_005'
'105_010','106_024'
'105_011','106_012'
'105_012','106_017'
'105_013','106_014'
'105_014','106_018'
'105_015','106_023'
'105_016','106_020'
'105_017','106_016'
'105_018','106_030'
'105_019','106_006'
'105_020','106_008'
'105_021','106_027'
'105_022','106_015'
'105_023','106_011'
'105_024','106_025'
'105_025','106_013'
'105_027','106_019'
'105_028','106_034'
'105_029','106_009'
'105_030','106_028'
'105_031','106_029'
'105_032','106_022'
'105_033','106_033'
'105_110','106_031'
'106_001','107_002'
'106_002','107_004'
'106_004','107_008'
'106_005','107_005'
'106_006','107_010'
'106_007','107_021'
'106_008','107_019'
'106_009','107_027'
'106_010','107_012'
'106_011','107_025'
'106_012','107_007'
'106_013','107_030'
'106_014','107_013'
'106_015','107_023'
'106_016','107_006'
'106_017','107_026'
'106_018','107_020'
'106_019','107_003'
'106_020','107_016'
'106_021','107_017'
'106_022','107_014'
'106_023','107_015'
'106_024','107_028'
'106_025','107_031'
'106_026','107_018'
'106_027','107_009'
'106_028','107_033'
'106_029','107_024'
'106_030','107_022'
'106_031','107_011'
'106_033','107_032'
'106_034','107_029'
'107_002','108_002'
'107_003','108_017'
'107_004','108_005'
'107_005','108_012'
'107_006','108_004'
'107_007','108_016'
'107_008','108_003'
'107_009','108_015'
'107_010','108_026'
'107_011','108_013'
'107_012','108_006'
'107_013','108_022'
'107_014','108_014'
'107_015','108_028'
'107_016','108_027'
'107_017','108_018'
'107_018','108_010'
'107_019','108_024'
'107_020','108_011'
'107_021','108_025'
'107_022','108_007'
'107_023','108_020'
'107_024','108_031'
'107_025','108_021'
'107_026','108_008'
'107_027','108_023'
'107_028','108_019'
'107_029','108_009'
'107_030','108_033'
'107_031','108_029'
'107_032','108_030'
'107_033','108_032'
'108_002','109_003'
'108_003','109_001'
'108_004','109_007'
'108_005','109_030'
'108_006','109_025'
'108_007','109_020'
'108_008','109_019'
'108_009','109_018'
'108_010','109_008'
'108_011','109_010'
'108_012','109_022'
'108_013','109_012'
'108_014','109_024'
'108_015','109_006'
'108_016','109_023'
'108_017','109_011'
'108_018','109_014'
'108_019','109_017'
'108_020','109_013'
'108_021','109_004'
'108_022','109_009'
'108_023','109_028'
'108_024','109_005'
'108_025','109_016'
'108_026','109_015'
'108_027','109_027'
'108_028','109_029'
'108_029','109_021'
'108_030','109_033'
'108_031','109_031'
'108_032','109_026'
'108_033','109_032'
'109_001','110_003'
'109_003','110_002'
'109_004','110_016'
'109_005','110_012'
'109_006','110_008'
'109_007','110_017'
'109_008','110_019'
'109_009','110_010'
'109_010','110_006'
'109_011','110_014'
'109_012','110_018'
'109_013','110_009'
'109_014','110_015'
'109_015','110_020'
'109_016','110_023'
'109_017','110_013'
'109_018','110_027'
'109_019','110_005'
'109_020','110_033'
'109_021','110_021'
'109_022','110_011'
'109_023','110_032'
'109_024','110_024'
'109_025','110_007'
'109_026','110_026'
'109_027','110_030'
'109_028','110_031'
'109_029','110_022'
'109_030','110_004'
'109_031','110_025'
'109_032','110_028'
'109_033','110_029'
'110_002','111_022'
'110_003','111_030'
'110_004','111_004'
'110_005','111_016'
'110_006','111_023'
'110_007','111_011'
'110_008','111_012'
'110_009','111_017'
'110_010','111_003'
'110_011','111_024'
'110_012','111_015'
'110_013','111_027'
'110_014','111_018'
'110_015','111_019'
'110_016','111_010'
'110_017','111_009'
'110_018','111_005'
'110_019','111_031'
'110_020','111_013'
'110_021','111_014'
'110_022','111_008'
'110_023','111_033'
'110_024','111_028'
'110_025','111_021'
'110_026','111_025'
'110_027','111_007'
'110_028','111_026'
'110_029','111_032'
'110_030','111_020'
'110_031','111_006'
'110_032','111_029'
'110_033','111_002'
'111_002','112_031'
'111_003','112_012'
'111_004','112_008'
'111_005','112_028'
'111_006','112_032'
'111_007','112_024'
'111_008','112_009'
'111_009','112_017'
'111_010','112_005'
'111_011','112_027'
'111_012','112_007'
'111_013','112_020'
'111_014','112_025'
'111_015','112_011'
'111_016','112_021'
'111_017','112_016'
'111_018','112_026'
'111_019','112_015'
'111_020','112_019'
'111_021','112_010'
'111_022','112_033'
'111_023','112_014'
'111_024','112_002'
'111_025','112_022'
'111_026','112_029'
'111_027','112_018'
'111_028','112_030'
'111_029','112_004'
'111_030','112_003'
'111_031','112_006'
'111_032','112_013'
'111_033','112_023'
'112_002','113_011'
'112_003','113_003'
'112_004','113_008'
'112_005','113_006'
'112_006','113_016'
'112_007','113_010'
'112_008','113_004'
'112_009','113_017'
'112_010','113_005'
'112_011','113_012'
'112_012','113_009'
'112_013','113_028'
'112_014','113_018'
'112_015','113_015'
'112_016','113_025'
'112_017','113_033'
'112_018','113_023'
'112_019','113_022'
'112_020','113_007'
'112_021','113_002'
'112_022','113_032'
'112_023','113_019'
'112_024','113_030'
'112_025','113_026'
'112_026','113_029'
'112_027','113_020'
'112_028','113_024'
'112_029','113_027'
'112_030','113_014'
'112_031','113_021'
'112_032','113_031'
'112_033','113_013'
'113_002','114_024'
'113_003','114_026'
'113_004','114_008'
'113_005','114_020'
'113_006','114_021'
'113_007','114_012'
'113_008','114_022'
'113_009','114_004'
'113_010','114_003'
'113_011','114_011'
'113_012','114_005'
'113_013','114_033'
'113_013','114_035'
'113_014','114_018'
'113_015','114_013'
'113_016','114_010'
'113_017','114_007'
'113_018','114_023'
'113_019','114_032'
'113_020','114_027'
'113_021','114_009'
'113_022','114_029'
'113_023','114_014'
'113_024','114_002'
'113_025','114_016'
'113_026','114_017'
'113_027','114_025'
'113_028','114_028'
'113_029','114_031'
'113_030','114_015'
'113_031','114_030'
'113_032','114_006'
'113_033','114_019'
'114_002','115_003'
'114_003','115_002'
'114_004','115_031'
'114_005','115_005'
'114_006','115_021'
'114_007','115_016'
'114_008','115_006'
'114_009','115_004'
'114_010','115_025'
'114_011','115_019'
'114_012','115_007'
'114_013','115_023'
'114_014','115_014'
'114_015','115_012'
'114_016','115_026'
'114_017','115_028'
'114_018','115_009'
'114_019','115_010'
'114_020','115_024'
'114_021','115_017'
'114_022','115_022'
'114_023','115_011'
'114_024','115_030'
'114_025','115_013'
'114_026','115_033'
'114_027','115_015'
'114_028','115_018'
'114_029','115_020'
'114_030','115_032'
'114_031','115_008'
'114_032','115_029'
'114_033','115_034'
'114_035','115_027'
'115_002','116_002'
'115_003','116_003'
'115_004','116_024'
'115_005','116_004'
'115_006','116_005'
'115_007','116_006'
'115_008','116_027'
'115_009','116_018'
'115_010','116_008'
'115_011','116_013'
'115_012','116_010'
'115_013','116_012'
'115_014','116_009'
'115_015','116_007'
'115_016','116_022'
'115_017','116_028'
'115_018','116_032'
'115_019','116_011'
'115_020','116_035'
'115_021','116_015'
'115_022','116_025'
'115_023','116_021'
'115_024','116_020'
'115_025','116_016'
'115_026','116_033'
'115_027','116_030'
'115_028','116_017'
'115_029','116_019'
'115_030','116_029'
'115_031','116_014'
'115_032','116_026'
'115_033','116_031'
'115_034','116_023'
'116_002','117_008'
'116_003','117_004'
'116_004','117_007'
'116_005','117_005'
'116_006','117_023'
'116_007','117_013'
'116_008','117_020'
'116_009','117_012'
'116_010','117_009'
'116_011','117_028'
'116_011','117_034'
'116_012','117_006'
'116_013','117_011'
'116_014','117_003'
'116_015','117_017'
'116_016','117_022'
'116_017','117_014'
'116_018','117_112'
'116_019','117_027'
'116_020','117_024'
'116_021','117_032'
'116_022','117_015'
'116_023','117_010'
'116_024','117_030'
'116_025','117_019'
'116_026','117_026'
'116_027','117_025'
'116_028','117_021'
'116_029','117_002'
'116_030','117_016'
'116_031','117_029'
'116_032','117_031'
'116_033','117_033'
'116_035','117_018'
'117_002','118_025'
'117_003','118_003'
'117_004','118_031'
'117_005','118_005'
'117_006','118_016'
'117_007','118_013'
'117_008','118_010'
'117_009','118_029'
'117_010','118_033'
'117_011','118_019'
'117_012','118_032'
'117_013','118_017'
'117_014','118_011'
'117_015','118_015'
'117_016','118_022'
'117_017','118_018'
'117_018','118_021'
'117_019','118_028'
'117_020','118_026'
'117_021','118_034'
'117_022','118_023'
'117_023','118_012'
'117_024','118_009'
'117_025','118_008'
'117_026','118_002'
'117_027','118_024'
'117_028','118_020'
'117_029','118_035'
'117_030','118_006'
'117_031','118_030'
'117_032','118_004'
'117_033','118_007'
'117_034','118_027'
'117_112','118_014'
'118_002','119_002'
'118_003','119_007'
'118_004','119_012'
'118_005','119_013'
'118_006','119_008'
'118_007','119_006'
'118_008','119_018'
'118_009','119_004'
'118_010','119_021'
'118_011','119_017'
'118_012','119_026'
'118_013','119_022'
'118_014','119_011'
'118_015','119_016'
'118_016','119_010'
'118_017','119_005'
'118_018','119_009'
'118_019','119_014'
'118_020','119_019'
'118_021','119_003'
'118_022','119_015'
'118_023','119_032'
'118_024','119_030'
'118_025','119_020'
'118_026','119_035'
'118_027','119_027'
'118_028','119_023'
'118_029','119_025'
'118_030','119_028'
'118_031','119_033'
'118_032','119_024'
'118_033','119_031'
'118_034','119_034'
'118_035','119_029'
'119_002','120_012'
'119_003','120_005'
'119_004','120_028'
'119_005','120_010'
'119_006','120_029'
'119_007','120_023'
'119_008','120_033'
'119_008','120_039'
'119_009','120_015'
'119_010','120_025'
'119_011','120_006'
'119_012','120_014'
'119_013','120_003'
'119_014','120_009'
'119_015','120_022'
'119_016','120_019'
'119_017','120_027'
'119_018','120_020'
'119_019','120_017'
'119_020','120_002'
'119_021','120_026'
'119_022','120_021'
'119_023','120_032'
'119_024','120_016'
'119_025','120_030'
'119_026','120_011'
'119_027','120_035'
'119_028','120_024'
'119_029','120_004'
'119_030','120_007'
'119_031','120_018'
'119_032','120_008'
'119_033','120_036'
'119_033','120_111'
'119_034','120_013'
'119_035','120_038'
'120_002','121_009'
'120_003','121_004'
'120_004','121_002'
'120_005','121_007'
'120_006','121_027'
'120_007','121_016'
'120_008','121_006'
'120_009','121_015'
'120_010','121_010'
'120_011','121_005'
'120_012','121_003'
'120_013','121_019'
'120_014','121_008'
'120_015','121_012'
'120_016','121_013'
'120_017','121_022'
'120_018','121_030'
'120_019','121_014'
'120_020','121_020'
'120_021','121_021'
'120_022','121_018'
'120_023','121_025'
'120_024','121_011'
'120_025','121_032'
'120_026','121_024'
'120_027','121_017'
'120_028','121_036'
'120_029','121_029'
'120_030','121_033'
'120_032','121_023'
'120_033','121_031'
'120_035','121_028'
'120_036','121_039'
'120_038','121_034'
'120_039','121_035'
'120_111','121_026'
'121_002','122_002'
'121_003','122_038'
'121_004','122_028'
'121_005','122_020'
'121_006','122_014'
'121_007','122_036'
'121_008','122_009'
'121_009','122_011'
'121_010','122_004'
'121_011','122_012'
'121_012','122_023'
'121_013','122_005'
'121_014','122_013'
'121_015','122_016'
'121_016','122_003'
'121_017','122_015'
'121_018','122_007'
'121_019','122_025'
'121_020','122_019'
'121_021','122_006'
'121_022','122_027'
'121_023','122_033'
'121_024','122_024'
'121_025','122_037'
'121_025','122_039'
'121_026','122_029'
'121_027','122_021'
'121_028','122_030'
'121_029','122_018'
'121_030','122_022'
'121_031','122_032'
'121_032','122_008'
'121_033','122_026'
'121_034','122_010'
'121_035','122_031'
'121_036','122_017'
'121_039','122_034'
'122_002','123_002'
'122_003','123_008'
'122_004','123_005'
'122_005','123_015'
'122_006','123_014'
'122_007','123_013'
'122_008','123_024'
'122_009','123_012'
'122_010','123_029'
'122_011','123_026'
'122_012','123_017'
'122_013','123_004'
'122_014','123_037'
'122_015','123_009'
'122_016','123_016'
'122_017','123_010'
'122_018','123_020'
'122_019','123_006'
'122_020','123_003'
'122_021','123_007'
'122_022','123_028'
'122_023','123_018'
'122_024','123_021'
'122_025','123_025'
'122_026','123_022'
'122_027','123_011'
'122_028','123_030'
'122_029','123_032'
'122_030','123_034'
'122_031','123_041'
'122_032','123_036'
'122_033','123_027'
'122_034','123_038'
'122_036','123_019'
'122_037','123_033'
'122_038','123_031'
'122_039','123_023'
'123_002','124_006'
'123_003','124_002'
'123_004','124_007'
'123_005','124_008'
'123_006','124_005'
'123_007','124_003'
'123_008','124_026'
'123_009','124_024'
'123_010','124_013'
'123_011','124_018'
'123_012','124_039'
'123_013','124_021'
'123_014','124_004'
'123_015','124_009'
'123_016','124_023'
'123_017','124_022'
'123_018','124_011'
'123_019','124_028'
'123_020','124_015'
'123_021','124_019'
'123_022','124_016'
'123_023','124_014'
'123_024','124_027'
'123_025','124_031'
'123_026','124_017'
'123_027','124_010'
'123_028','124_012'
'123_029','124_038'
'123_030','124_032'
'123_030','124_033'
'123_031','124_030'
'123_032','124_020'
'123_033','124_025'
'123_034','124_035'
'123_036','124_036'
'123_037','124_034'
'123_038','124_029'
'123_041','124_037'
'124_002','125_004'
'124_003','125_113'
'124_004','125_008'
'124_005','125_003'
'124_006','125_005'
'124_007','125_016'
'124_008','125_009'
'124_009','125_022'
'124_010','125_021'
'124_011','125_014'
'124_012','125_026'
'124_013','125_027'
'124_014','125_018'
'124_015','125_015'
'124_016','125_036'
'124_017','125_012'
'124_018','125_025'
'124_019','125_010'
'124_020','125_024'
'124_021','125_037'
'124_022','125_031'
'124_023','125_013'
'124_024','125_023'
'124_025','125_017'
'124_026','125_006'
'124_027','125_114'
'124_028','125_019'
'124_029','125_020'
'124_030','125_007'
'124_031','125_011'
'124_032','125_028'
'124_033','125_029'
'124_034','125_040'
'124_035','125_030'
'124_036','125_032'
'124_037','125_041'
'124_038','125_034'
'124_039','125_039'
'125_003','126_033'
'125_004','126_005'
'125_005','126_013'
'125_006','126_034'
'125_007','126_003'
'125_008','126_009'
'125_009','126_004'
'125_010','126_002'
'125_011','126_008'
'125_012','126_024'
'125_013','126_011'
'125_014','126_010'
'125_015','126_017'
'125_016','126_014'
'125_017','126_023'
'125_018','126_016'
'125_019','126_007'
'125_020','126_006'
'125_021','126_022'
'125_022','126_037'
'125_023','126_021'
'125_024','126_027'
'125_025','126_035'
'125_026','126_019'
'125_027','126_012'
'125_028','126_025'
'125_029','126_028'
'125_030','126_020'
'125_031','126_026'
'125_032','126_018'
'125_034','126_036'
'125_034','126_039'
'125_036','126_015'
'125_037','126_030'
'125_039','126_032'
'125_039','126_040'
'125_040','126_041'
'125_040','126_044'
'125_041','126_115'
'125_113','126_031'
'125_114','126_029'
'126_002','127_002'
'126_003','127_003'
'126_004','127_008'
'126_005','127_004'
'126_006','127_006'
'126_007','127_012'
'126_008','127_011'
'126_009','127_040'
'126_010','127_019'
'126_011','127_025'
'126_012','127_018'
'126_013','127_039'
'126_014','127_013'
'126_015','127_014'
'126_016','127_022'
'126_017','127_005'
'126_018','127_031'
'126_019','127_024'
'126_020','127_028'
'126_021','127_034'
'126_022','127_017'
'126_023','127_009'
'126_024','127_007'
'126_025','127_027'
'126_026','127_023'
'126_027','127_015'
'126_028','127_021'
'126_029','127_020'
'126_030','127_030'
'126_031','127_010'
'126_032','127_033'
'126_033','127_026'
'126_034','127_016'
'126_035','127_029'
'126_036','127_035'
'126_037','127_032'
'126_039','127_041'
'126_040','127_036'
'126_041','127_042'
'126_044','127_044'
'126_115','127_043'
'127_002','128_005'
'127_003','128_006'
'127_004','128_016'
'127_005','128_009'
'127_006','128_002'
'127_007','128_007'
'127_008','128_010'
'127_009','128_019'
'127_010','128_004'
'127_011','128_008'
'127_012','128_030'
'127_013','128_013'
'127_014','128_017'
'127_015','128_021'
'127_016','128_011'
'127_017','128_018'
'127_018','128_036'
'127_019','128_012'
'127_020','128_014'
'127_021','128_015'
'127_022','128_023'
'127_023','128_029'
'127_024','128_027'
'127_025','128_022'
'127_026','128_003'
'127_027','128_026'
'127_028','128_028'
'127_029','128_031'
'127_030','128_033'
'127_031','128_037'
'127_032','128_025'
'127_033','128_035'
'127_034','128_020'
'127_035','128_041'
'127_036','128_024'
'127_039','128_039'
'127_040','128_034'
'127_041','128_040'
'127_042','128_032'
'127_043','128_044'
'127_044','128_038'
'128_002','129_013'
'128_003','129_016'
'128_004','129_009'
'128_005','129_032'
'128_006','129_007'
'128_007','129_001'
'128_008','129_017'
'128_009','129_018'
'128_010','129_004'
'128_011','129_020'
'128_012','129_012'
'128_013','129_006'
'128_014','129_002'
'128_015','129_021'
'128_016','129_028'
'128_017','129_015'
'128_018','129_040'
'128_019','129_022'
'128_020','129_014'
'128_021','129_116'
'128_022','129_034'
'128_023','129_026'
'128_024','129_027'
'128_025','129_005'
'128_026','129_037'
'128_027','129_019'
'128_028','129_030'
'128_029','129_010'
'128_030','129_024'
'128_031','129_029'
'128_032','129_039'
'128_033','129_036'
'128_034','129_011'
'128_035','129_033'
'128_036','129_035'
'128_037','129_031'
'128_038','129_023'
'128_039','129_008'
'128_040','129_038'
'128_041','129_042'
'128_044','129_041'
'129_001','130_007'
'129_002','130_003'
'129_004','130_004'
'129_005','130_002'
'129_006','130_015'
'129_007','130_008'
'129_008','130_010'
'129_009','130_020'
'129_010','130_013'
'129_011','130_037'
'129_012','130_005'
'129_013','130_036'
'129_014','130_009'
'129_015','130_012'
'129_016','130_014'
'129_017','130_016'
'129_018','130_124'
'129_019','130_026'
'129_020','130_019'
'129_021','130_027'
'129_022','130_025'
'129_023','130_033'
'129_024','130_006'
'129_026','130_028'
'129_027','130_024'
'129_028','130_032'
'129_029','130_023'
'129_030','130_035'
'129_031','130_038'
'129_032','130_043'
'129_033','130_017'
'129_034','130_040'
'129_035','130_021'
'129_036','130_011'
'129_037','130_022'
'129_038','130_034'
'129_039','130_041'
'129_040','130_031'
'129_041','130_042'
'129_042','130_039'
'129_116','130_161'
'130_002','131_017'
'130_003','131_015'
'130_004','131_004'
'130_005','131_006'
'130_006','131_013'
'130_007','131_045'
'130_008','131_014'
'130_009','131_123'
'130_010','131_003'
'130_011','131_002'
'130_012','131_008'
'130_013','131_022'
'130_014','131_007'
'130_015','131_005'
'130_016','131_012'
'130_017','131_019'
'130_019','131_039'
'130_020','131_016'
'130_021','131_032'
'130_021','131_125'
'130_022','131_023'
'130_023','131_011'
'130_024','131_021'
'130_025','131_010'
'130_026','131_018'
'130_027','131_035'
'130_028','131_026'
'130_031','131_027'
'130_032','131_033'
'130_032','131_044'
'130_033','131_030'
'130_034','131_024'
'130_035','131_025'
'130_036','131_041'
'130_037','131_042'
'130_037','131_160'
'130_038','131_034'
'130_039','131_037'
'130_040','131_036'
'130_040','131_038'
'130_041','131_029'
'130_042','131_020'
'130_043','131_040'
'130_124','131_009'
'130_161','131_031'
'131_002','132_025'
'131_003','132_006'
'131_004','132_005'
'131_005','132_003'
'131_006','132_007'
'131_007','132_022'
'131_008','132_002'
'131_009','132_041'
'131_010','132_014'
'131_011','132_012'
'131_012','132_015'
'131_013','132_042'
'131_014','132_020'
'131_015','132_021'
'131_016','132_026'
'131_017','132_024'
'131_018','132_017'
'131_019','132_008'
'131_020','132_047'
'131_021','132_029'
'131_022','132_037'
'131_023','132_011'
'131_024','132_036'
'131_025','132_013'
'131_026','132_010'
'131_027','132_038'
'131_027','132_045'
'131_029','132_004'
'131_030','132_031'
'131_031','132_040'
'131_032','132_046'
'131_033','132_033'
'131_034','132_019'
'131_035','132_009'
'131_036','132_028'
'131_037','132_032'
'131_038','132_023'
'131_039','132_016'
'131_040','132_027'
'131_040','132_039'
'131_041','132_044'
'131_042','132_030'
'131_044','132_034'
'131_045','132_035'
'131_123','132_119'
'131_125','132_120'
'131_160','132_162'
'132_002','133_026'
'132_003','133_014'
'132_004','133_008'
'132_005','133_004'
'132_006','133_003'
'132_007','133_006'
'132_008','133_019'
'132_009','133_009'
'132_010','133_031'
'132_011','133_011'
'132_012','133_010'
'132_013','133_012'
'132_014','133_025'
'132_015','133_015'
'132_016','133_163'
'132_017','133_007'
'132_019','133_029'
'132_020','133_034'
'132_020','133_037'
'132_021','133_002'
'132_022','133_039'
'132_023','133_036'
'132_024','133_018'
'132_025','133_021'
'132_026','133_035'
'132_027','133_033'
'132_028','133_017'
'132_029','133_023'
'132_030','133_022'
'132_031','133_030'
'132_032','133_042'
'132_033','133_024'
'132_034','133_041'
'132_035','133_038'
'132_035','133_047'
'132_036','133_044'
'132_037','133_032'
'132_038','133_045'
'132_039','133_040'
'132_040','133_028'
'132_041','133_027'
'132_042','133_020'
'132_044','133_046'
'132_045','133_043'
'132_046','133_016'
'132_047','133_048'
'132_119','133_122'
'132_120','133_121'
'132_162','133_005'
'133_002','134_020'
'133_003','134_003'
'133_004','134_004'
'133_005','134_047'
'133_006','134_012'
'133_007','134_014'
'133_008','134_005'
'133_009','134_026'
'133_010','134_029'
'133_011','134_015'
'133_012','134_008'
'133_014','134_011'
'133_015','134_043'
'133_015','134_044'
'133_016','134_039'
'133_017','134_010'
'133_018','134_006'
'133_019','134_018'
'133_020','134_048'
'133_021','134_042'
'133_022','134_021'
'133_023','134_030'
'133_024','134_037'
'133_025','134_019'
'133_026','134_034'
'133_027','134_024'
'133_028','134_007'
'133_029','134_035'
'133_030','134_028'
'133_031','134_017'
'133_032','134_038'
'133_033','134_036'
'133_034','134_046'
'133_035','134_045'
'133_035','134_051'
'133_036','134_032'
'133_037','134_033'
'133_038','134_023'
'133_039','134_009'
'133_040','134_016'
'133_041','134_027'
'133_042','134_049'
'133_043','134_025'
'133_044','134_022'
'133_045','134_013'
'133_046','134_050'
'133_047','134_040'
'133_048','134_052'
'133_121','134_041'
'133_122','134_031'
'133_163','134_002'
'134_002','135_011'
'134_003','135_009'
'134_004','135_005'
'134_005','135_033'
'134_006','135_022'
'134_007','135_004'
'134_008','135_026'
'134_009','135_024'
'134_010','135_050'
'134_011','135_034'
'134_012','135_016'
'134_013','135_023'
'134_014','135_006'
'134_015','135_019'
'134_016','135_007'
'134_017','135_018'
'134_018','135_030'
'134_019','135_010'
'134_020','135_020'
'134_021','135_035'
'134_022','135_003'
'134_023','135_032'
'134_024','135_002'
'134_025','135_042'
'134_026','135_014'
'134_027','135_037'
'134_028','135_036'
'134_029','135_038'
'134_030','135_008'
'134_031','135_012'
'134_032','135_013'
'134_033','135_027'
'134_034','135_039'
'134_035','135_043'
'134_036','135_017'
'134_037','135_021'
'134_038','135_048'
'134_039','135_028'
'134_040','135_041'
'134_041','135_029'
'134_042','135_052'
'134_043','135_040'
'134_044','135_015'
'134_045','135_044'
'134_046','135_025'
'134_047','135_126'
'134_048','135_047'
'134_049','135_049'
'134_050','135_045'
'134_051','135_031'
'134_052','135_051'
'135_002','136_050'
'135_003','136_013'
'135_004','136_006'
'135_005','136_002'
'135_006','136_010'
'135_007','136_024'
'135_008','136_128'
'135_009','136_040'
'135_010','136_023'
'135_011','136_037'
'135_012','136_028'
'135_013','136_034'
'135_014','136_020'
'135_015','136_029'
'135_016','136_003'
'135_017','136_021'
'135_018','136_033'
'135_019','136_011'
'135_020','136_015'
'135_021','136_017'
'135_022','136_008'
'135_023','136_005'
'135_024','136_047'
'135_025','136_007'
'135_026','136_027'
'135_027','136_046'
'135_028','136_030'
'135_029','136_022'
'135_030','136_053'
'135_031','136_036'
'135_032','136_018'
'135_033','136_045'
'135_034','136_031'
'135_035','136_014'
'135_036','136_035'
'135_037','136_004'
'135_038','136_042'
'135_039','136_044'
'135_039','136_048'
'135_040','136_009'
'135_041','136_038'
'135_042','136_026'
'135_043','136_019'
'135_044','136_041'
'135_045','136_016'
'135_047','136_025'
'135_048','136_039'
'135_049','136_032'
'135_050','136_012'
'135_051','136_049'
'135_052','136_052'
'135_126','136_043'
'136_002','137_002'
'136_003','137_018'
'136_004','137_040'
'136_005','137_009'
'136_006','137_019'
'136_007','137_012'
'136_008','137_008'
'136_009','137_129'
'136_010','137_017'
'136_011','137_016'
'136_012','137_029'
'136_013','137_047'
'136_014','137_014'
'136_015','137_022'
'136_016','137_051'
'136_017','137_028'
'136_018','137_025'
'136_019','137_005'
'136_020','137_034'
'136_021','137_015'
'136_022','137_039'
'136_023','137_013'
'136_024','137_007'
'136_025','137_020'
'136_026','137_003'
'136_027','137_004'
'136_028','137_010'
'136_029','137_038'
'136_030','137_026'
'136_031','137_027'
'136_032','137_044'
'136_033','137_042'
'136_034','137_030'
'136_035','137_024'
'136_036','137_006'
'136_037','137_032'
'136_038','137_033'
'136_039','137_036'
'136_040','137_050'
'136_041','137_037'
'136_042','137_035'
'136_043','137_041'
'136_044','137_045'
'136_045','137_031'
'136_046','137_046'
'136_047','137_011'
'136_048','137_043'
'136_049','137_049'
'136_050','137_021'
'136_052','137_053'
'136_053','137_048'
'136_128','137_023'
'137_002','138_003'
'137_003','138_029'
'137_004','138_005'
'137_005','138_002'
'137_006','138_008'
'137_007','138_014'
'137_008','138_020'
'137_009','138_015'
'137_010','138_026'
'137_011','138_041'
'137_012','138_023'
'137_013','138_024'
'137_014','138_027'
'137_015','138_004'
'137_016','138_016'
'137_017','138_012'
'137_018','138_009'
'137_019','138_044'
'137_020','138_130'
'137_021','138_010'
'137_022','138_007'
'137_023','138_013'
'137_024','138_040'
'137_025','138_042'
'137_026','138_035'
'137_027','138_033'
'137_028','138_011'
'137_029','138_034'
'137_030','138_032'
'137_031','138_052'
'137_032','138_037'
'137_033','138_031'
'137_034','138_036'
'137_035','138_019'
'137_036','138_022'
'137_037','138_018'
'137_038','138_028'
'137_039','138_030'
'137_040','138_006'
'137_041','138_054'
'137_042','138_017'
'137_043','138_046'
'137_044','138_051'
'137_045','138_025'
'137_046','138_045'
'137_047','138_055'
'137_048','138_021'
'137_049','138_043'
'137_050','138_049'
'137_050','138_050'
'137_051','138_039'
'137_053','138_047'
'137_129','138_038'
'138_002','139_008'
'138_003','139_003'
'138_004','139_009'
'138_005','139_132'
'138_006','139_006'
'138_007','139_034'
'138_008','139_022'
'138_009','139_005'
'138_010','139_039'
'138_010','139_133'
'138_011','139_024'
'138_012','139_032'
'138_013','139_007'
'138_014','139_036'
'138_015','139_049'
'138_016','139_020'
'138_017','139_046'
'138_018','139_023'
'138_019','139_015'
'138_020','139_016'
'138_021','139_010'
'138_022','139_026'
'138_023','139_037'
'138_024','139_042'
'138_025','139_028'
'138_026','139_029'
'138_027','139_031'
'138_028','139_041'
'138_029','139_012'
'138_030','139_040'
'138_031','139_019'
'138_032','139_025'
'138_033','139_048'
'138_034','139_011'
'138_035','139_050'
'138_036','139_027'
'138_037','139_030'
'138_038','139_131'
'138_039','139_004'
'138_040','139_017'
'138_041','139_021'
'138_042','139_043'
'138_043','139_052'
'138_044','139_035'
'138_045','139_045'
'138_046','139_013'
'138_047','139_014'
'138_049','139_033'
'138_050','139_044'
'138_051','139_053'
'138_052','139_051'
'138_054','139_054'
'138_055','139_055'
'138_130','139_018'
'139_003','140_030'
'139_004','140_021'
'139_005','140_022'
'139_006','140_004'
'139_007','140_006'
'139_008','140_003'
'139_009','140_017'
'139_010','140_011'
'139_011','140_023'
'139_012','140_009'
'139_013','140_019'
'139_014','140_051'
'139_015','140_020'
'139_016','140_024'
'139_017','140_016'
'139_018','140_027'
'139_019','140_038'
'139_020','140_008'
'139_021','140_029'
'139_022','140_013'
'139_023','140_014'
'139_024','140_015'
'139_025','140_025'
'139_026','140_050'
'139_027','140_028'
'139_028','140_036'
'139_029','140_010'
'139_030','140_018'
'139_031','140_012'
'139_032','140_039'
'139_033','140_005'
'139_034','140_026'
'139_035','140_047'
'139_036','140_007'
'139_037','140_031'
'139_039','140_043'
'139_040','140_054'
'139_041','140_048'
'139_042','140_035'
'139_043','140_037'
'139_044','140_045'
'139_045','140_041'
'139_046','140_033'
'139_048','140_042'
'139_049','140_040'
'139_050','140_046'
'139_051','140_032'
'139_052','140_034'
'139_053','140_049'
'139_054','140_135'
'139_055','140_053'
'139_131','140_134'
'139_132','140_002'
'139_133','140_044'
'140_002','141_003'
'140_003','141_017'
'140_004','141_019'
'140_005','141_007'
'140_006','141_012'
'140_007','141_034'
'140_008','141_005'
'140_009','141_008'
'140_010','141_006'
'140_011','141_004'
'140_012','141_042'
'140_013','141_021'
'140_014','141_029'
'140_015','141_013'
'140_016','141_041'
'140_017','141_028'
'140_018','141_137'
'140_019','141_015'
'140_020','141_002'
'140_021','141_024'
'140_022','141_010'
'140_023','141_023'
'140_024','141_027'
'140_025','141_035'
'140_026','141_011'
'140_027','141_140'
'140_028','141_043'
'140_029','141_050'
'140_029','141_051'
'140_030','141_052'
'140_031','141_032'
'140_032','141_031'
'140_033','141_040'
'140_034','141_047'
'140_035','141_030'
'140_036','141_022'
'140_037','141_014'
'140_038','141_036'
'140_039','141_038'
'140_040','141_026'
'140_041','141_009'
'140_042','141_033'
'140_043','141_025'
'140_044','141_018'
'140_045','141_049'
'140_046','141_141'
'140_047','141_016'
'140_048','141_138'
'140_049','141_044'
'140_050','141_048'
'140_051','141_037'
'140_053','141_055'
'140_054','141_045'
'140_134','141_139'
'140_135','141_054'
'141_002','142_006'
'141_003','142_008'
'141_004','142_003'
'141_005','142_014'
'141_006','142_015'
'141_007','142_013'
'141_008','142_030'
'141_009','142_009'
'141_010','142_022'
'141_011','142_031'
'141_012','142_144'
'141_013','142_024'
'141_014','142_026'
'141_015','142_028'
'141_016','142_035'
'141_017','142_020'
'141_018','142_025'
'141_019','142_005'
'141_021','142_007'
'141_022','142_027'
'141_023','142_012'
'141_024','142_004'
'141_025','142_016'
'141_026','142_017'
'141_027','142_011'
'141_028','142_039'
'141_029','142_002'
'141_030','142_029'
'141_031','142_036'
'141_032','142_018'
'141_033','142_021'
'141_034','142_034'
'141_035','142_019'
'141_036','142_037'
'141_037','142_052'
'141_038','142_045'
'141_040','142_040'
'141_041','142_043'
'141_042','142_033'
'141_043','142_032'
'141_044','142_046'
'141_045','142_041'
'141_047','142_047'
'141_048','142_044'
'141_049','142_049'
'141_050','142_055'
'141_051','142_023'
'141_052','142_050'
'141_054','142_056'
'141_055','142_054'
'141_137','142_042'
'141_138','142_053'
'141_139','142_038'
'141_140','142_010'
'141_141','142_142'
'142_002','143_007'
'142_003','143_004'
'142_004','143_041'
'142_005','143_033'
'142_006','143_012'
'142_007','143_009'
'142_008','143_008'
'142_009','143_010'
'142_010','143_019'
'142_011','143_046'
'142_012','143_015'
'142_013','143_002'
'142_014','143_025'
'142_015','143_037'
'142_016','143_035'
'142_017','143_028'
'142_018','143_024'
'142_019','143_026'
'142_020','143_047'
'142_021','143_013'
'142_022','143_014'
'142_023','143_056'
'142_024','143_034'
'142_025','143_023'
'142_026','143_017'
'142_027','143_005'
'142_028','143_052'
'142_029','143_146'
'142_030','143_022'
'142_031','143_031'
'142_032','143_011'
'142_033','143_032'
'142_034','143_021'
'142_035','143_051'
'142_036','143_003'
'142_037','143_018'
'142_038','143_036'
'142_039','143_040'
'142_040','143_039'
'142_041','143_020'
'142_042','143_030'
'142_043','143_044'
'142_044','143_027'
'142_045','143_006'
'142_046','143_049'
'142_047','143_054'
'142_049','143_057'
'142_050','143_042'
'142_050','143_053'
'142_052','143_048'
'142_053','143_016'
'142_054','143_043'
'142_055','143_055'
'142_056','143_058'
'142_142','143_038'
'142_144','143_145'
'143_002','144_011'
'143_003','144_005'
'143_004','144_022'
'143_005','144_020'
'143_006','144_004'
'143_007','144_013'
'143_008','144_027'
'143_009','144_019'
'143_010','144_046'
'143_011','144_026'
'143_012','144_003'
'143_013','144_023'
'143_014','144_009'
'143_015','144_008'
'143_016','144_049'
'143_017','144_037'
'143_018','144_015'
'143_019','144_038'
'143_020','144_021'
'143_021','144_017'
'143_022','144_014'
'143_023','144_028'
'143_024','144_043'
'143_025','144_030'
'143_026','144_041'
'143_027','144_034'
'143_028','144_024'
'143_030','144_039'
'143_031','144_045'
'143_032','144_018'
'143_033','144_012'
'143_034','144_053'
'143_035','144_036'
'143_036','144_050'
'143_037','144_032'
'143_038','144_016'
'143_039','144_040'
'143_040','144_035'
'143_041','144_057'
'143_042','144_010'
'143_043','144_051'
'143_044','144_007'
'143_046','144_047'
'143_047','144_025'
'143_048','144_052'
'143_049','144_056'
'143_051','144_029'
'143_052','144_033'
'143_053','144_031'
'143_054','144_054'
'143_055','144_002'
'143_056','144_006'
'143_057','144_058'
'143_058','144_044'
'143_145','144_147'
'143_146','144_042'
'144_002','145_025'
'144_003','145_022'
'144_004','145_003'
'144_005','145_029'
'144_006','145_005'
'144_007','145_018'
'144_008','145_006'
'144_009','145_012'
'144_010','145_016'
'144_011','145_007'
'144_012','145_028'
'144_013','145_026'
'144_014','145_039'
'144_015','145_047'
'144_016','145_040'
'144_017','145_011'
'144_018','145_010'
'144_019','145_004'
'144_020','145_043'
'144_021','145_019'
'144_022','145_035'
'144_023','145_027'
'144_024','145_024'
'144_025','145_017'
'144_026','145_023'
'144_027','145_008'
'144_028','145_037'
'144_029','145_020'
'144_030','145_036'
'144_031','145_021'
'144_032','145_002'
'144_033','145_044'
'144_034','145_013'
'144_035','145_014'
'144_036','145_033'
'144_037','145_038'
'144_038','145_031'
'144_039','145_034'
'144_040','145_009'
'144_041','145_048'
'144_042','145_032'
'144_043','145_045'
'144_044','145_057'
'144_045','145_051'
'144_046','145_049'
'144_047','145_015'
'144_049','145_046'
'144_050','145_050'
'144_051','145_052'
'144_052','145_030'
'144_053','145_042'
'144_054','145_059'
'144_056','145_055'
'144_057','145_056'
'144_058','145_053'
'144_147','145_148'
'145_002','146_020'
'145_003','146_009'
'145_004','146_014'
'145_005','146_004'
'145_006','146_008'
'145_007','146_006'
'145_008','146_037'
'145_009','146_003'
'145_010','146_007'
'145_011','146_005'
'145_012','146_002'
'145_013','146_051'
'145_014','146_016'
'145_015','146_036'
'145_016','146_043'
'145_017','146_039'
'145_018','146_031'
'145_019','146_045'
'145_020','146_017'
'145_021','146_034'
'145_022','146_019'
'145_023','146_012'
'145_024','146_048'
'145_025','146_053'
'145_026','146_038'
'145_027','146_021'
'145_028','146_028'
'145_029','146_059'
'145_030','146_042'
'145_031','146_010'
'145_032','146_029'
'145_033','146_026'
'145_034','146_027'
'145_035','146_040'
'145_036','146_030'
'145_037','146_046'
'145_038','146_015'
'145_039','146_025'
'145_040','146_044'
'145_042','146_033'
'145_043','146_032'
'145_044','146_055'
'145_045','146_041'
'145_046','146_035'
'145_047','146_024'
'145_048','146_049'
'145_049','146_023'
'145_050','146_050'
'145_051','146_013'
'145_052','146_054'
'145_053','146_011'
'145_055','146_056'
'145_056','146_058'
'145_057','146_018'
'145_059','146_057'
'145_148','146_022'
'146_002','147_003'
'146_003','147_034'
'146_004','147_056'
'146_005','147_004'
'146_006','147_039'
'146_007','147_006'
'146_008','147_019'
'146_009','147_016'
'146_010','147_025'
'146_011','147_051'
'146_012','147_015'
'146_013','147_045'
'146_013','147_046'
'146_014','147_011'
'146_015','147_018'
'146_016','147_007'
'146_017','147_010'
'146_018','147_026'
'146_019','147_049'
'146_020','147_028'
'146_021','147_013'
'146_022','147_017'
'146_023','147_008'
'146_024','147_043'
'146_025','147_009'
'146_026','147_024'
'146_027','147_020'
'146_028','147_014'
'146_029','147_030'
'146_030','147_050'
'146_031','147_023'
'146_032','147_048'
'146_033','147_005'
'146_034','147_044'
'146_035','147_029'
'146_036','147_027'
'146_037','147_047'
'146_038','147_042'
'146_039','147_012'
'146_040','147_031'
'146_041','147_036'
'146_042','147_021'
'146_043','147_035'
'146_044','147_158'
'146_045','147_032'
'146_046','147_054'
'146_048','147_022'
'146_049','147_037'
'146_050','147_040'
'146_051','147_038'
'146_053','147_041'
'146_054','147_033'
'146_055','147_052'
'146_056','147_057'
'146_057','147_053'
'146_058','147_002'
'146_059','147_060'
'147_002','148_050'
'147_003','148_022'
'147_004','148_004'
'147_005','148_006'
'147_006','148_151'
'147_007','148_027'
'147_008','148_018'
'147_009','148_015'
'147_010','148_025'
'147_011','148_021'
'147_012','148_047'
'147_013','148_002'
'147_014','148_012'
'147_015','148_032'
'147_016','148_024'
'147_017','148_031'
'147_018','148_008'
'147_019','148_039'
'147_020','148_034'
'147_021','148_007'
'147_022','148_033'
'147_023','148_016'
'147_024','148_014'
'147_025','148_019'
'147_026','148_052'
'147_027','148_055'
'147_028','148_028'
'147_029','148_017'
'147_030','148_046'
'147_031','148_036'
'147_032','148_049'
'147_033','148_009'
'147_034','148_054'
'147_035','148_005'
'147_036','148_013'
'147_037','148_040'
'147_038','148_045'
'147_039','148_041'
'147_040','148_044'
'147_041','148_037'
'147_042','148_026'
'147_043','148_011'
'147_044','148_010'
'147_045','148_029'
'147_046','148_023'
'147_047','148_048'
'147_048','148_149'
'147_049','148_056'
'147_050','148_043'
'147_051','148_035'
'147_052','148_038'
'147_053','148_042'
'147_054','148_030'
'147_056','148_003'
'147_057','148_053'
'147_060','148_058'
'147_158','148_020'
'148_002','149_003'
'148_003','149_049'
'148_004','149_028'
'148_005','149_034'
'148_006','149_055'
'148_007','149_051'
'148_008','149_036'
'148_009','149_026'
'148_010','149_013'
'148_011','149_012'
'148_012','149_039'
'148_013','149_007'
'148_014','149_046'
'148_015','149_025'
'148_016','149_024'
'148_017','149_027'
'148_018','149_004'
'148_019','149_038'
'148_020','149_154'
'148_021','149_009'
'148_022','149_035'
'148_023','149_017'
'148_024','149_033'
'148_025','149_044'
'148_026','149_006'
'148_027','149_152'
'148_028','149_048'
'148_029','149_037'
'148_030','149_015'
'148_031','149_002'
'148_032','149_045'
'148_033','149_054'
'148_034','149_032'
'148_035','149_042'
'148_036','149_005'
'148_037','149_011'
'148_038','149_043'
'148_039','149_018'
'148_040','149_041'
'148_041','149_016'
'148_042','149_040'
'148_043','149_030'
'148_044','149_022'
'148_045','149_047'
'148_046','149_029'
'148_047','149_050'
'148_048','149_023'
'148_049','149_014'
'148_050','149_053'
'148_052','149_019'
'148_053','149_059'
'148_054','149_057'
'148_055','149_159'
'148_056','149_021'
'148_058','149_020'
'148_149','149_008'
'148_151','149_031'
'149_002','150_041'
'149_003','150_001'
'149_004','150_003'
'149_005','150_007'
'149_006','150_008'
'149_007','150_012'
'149_008','150_032'
'149_009','150_006'
'149_011','150_028'
'149_012','150_040'
'149_013','150_015'
'149_014','150_018'
'149_015','150_022'
'149_016','150_026'
'149_017','150_036'
'149_018','150_011'
'149_019','150_035'
'149_020','150_005'
'149_021','150_034'
'149_022','150_045'
'149_023','150_029'
'149_024','150_033'
'149_025','150_030'
'149_026','150_021'
'149_027','150_020'
'149_028','150_010'
'149_029','150_013'
'149_030','150_031'
'149_031','150_024'
'149_032','150_009'
'149_033','150_027'
'149_034','150_004'
'149_035','150_023'
'149_036','150_037'
'149_037','150_039'
'149_038','150_049'
'149_039','150_016'
'149_040','150_042'
'149_041','150_043'
'149_042','150_048'
'149_043','150_025'
'149_044','150_046'
'149_045','150_044'
'149_046','150_047'
'149_047','150_019'
'149_048','150_050'
'149_048','150_054'
'149_049','150_051'
'149_050','150_052'
'149_051','150_056'
'149_053','150_059'
'149_054','150_017'
'149_055','150_055'
'149_057','150_058'
'149_059','150_057'
'149_152','150_155'
'149_154','150_157'
'149_159','150_038'
'150_001','151_015'
'150_003','151_050'
'150_004','151_043'
'150_005','151_005'
'150_006','151_030'
'150_007','151_022'
'150_008','151_035'
'150_009','151_164'
'150_010','151_055'
'150_011','151_011'
'150_012','151_049'
'150_013','151_007'
'150_015','151_039'
'150_016','151_014'
'150_017','151_008'
'150_018','151_017'
'150_019','151_027'
'150_020','151_040'
'150_021','151_052'
'150_022','151_018'
'150_023','151_010'
'150_024','151_037'
'150_025','151_024'
'150_026','151_041'
'150_027','151_002'
'150_028','151_004'
'150_029','151_051'
'150_030','151_054'
'150_031','151_031'
'150_032','151_036'
'150_033','151_026'
'150_034','151_019'
'150_035','151_042'
'150_036','151_003'
'150_037','151_033'
'150_038','151_038'
'150_039','151_034'
'150_040','151_006'
'150_041','151_045'
'150_042','151_053'
'150_043','151_020'
'150_044','151_032'
'150_045','151_025'
'150_046','151_012'
'150_047','151_029'
'150_048','151_013'
'150_049','151_021'
'150_050','151_047'
'150_051','151_028'
'150_052','151_057'
'150_054','151_169'
'150_055','151_046'
'150_056','151_056'
'150_057','151_023'
'150_058','151_009'
'150_059','151_048'
'150_155','151_044'
'150_157','151_016'
'151_002','152_006'
'151_003','152_007'
'151_004','152_034'
'151_005','152_056'
'151_006','152_048'
'151_007','152_015'
'151_008','152_041'
'151_009','152_003'
'151_010','152_011'
'151_011','152_021'
'151_012','152_005'
'151_013','152_042'
'151_014','152_013'
'151_015','152_027'
'151_016','152_030'
'151_017','152_168'
'151_018','152_023'
'151_019','152_054'
'151_020','152_010'
'151_021','152_040'
'151_021','152_167'
'151_022','152_031'
'151_023','152_052'
'151_024','152_019'
'151_025','152_022'
'151_026','152_035'
'151_027','152_020'
'151_028','152_037'
'151_029','152_017'
'151_030','152_036'
'151_031','152_050'
'151_032','152_009'
'151_033','152_016'
'151_034','152_170'
'151_035','152_053'
'151_036','152_008'
'151_037','152_026'
'151_038','152_043'
'151_039','152_038'
'151_040','152_039'
'151_041','152_033'
'151_042','152_024'
'151_043','152_046'
'151_044','152_044'
'151_045','152_012'
'151_046','152_055'
'151_047','152_002'
'151_048','152_025'
'151_049','152_049'
'151_050','152_029'
'151_051','152_004'
'151_052','152_018'
'151_053','152_165'
'151_054','152_051'
'151_055','152_028'
'151_056','152_014'
'151_057','152_045'
'151_164','152_166'
'151_169','152_032'
'152_002','153_177'
'152_003','153_004'
'152_004','153_010'
'152_005','153_007'
'152_006','153_042'
'152_007','153_011'
'152_008','153_054'
'152_009','153_024'
'152_010','153_050'
'152_011','153_052'
'152_012','153_014'
'152_013','153_013'
'152_014','153_005'
'152_015','153_018'
'152_016','153_023'
'152_017','153_006'
'152_018','153_012'
'152_019','153_017'
'152_020','153_016'
'152_021','153_033'
'152_022','153_008'
'152_023','153_009'
'152_024','153_174'
'152_025','153_047'
'152_026','153_003'
'152_027','153_043'
'152_028','153_039'
'152_029','153_046'
'152_030','153_019'
'152_031','153_015'
'152_032','153_041'
'152_033','153_026'
'152_034','153_020'
'152_035','153_032'
'152_036','153_040'
'152_037','153_022'
'152_038','153_029'
'152_039','153_045'
'152_040','153_048'
'152_041','153_034'
'152_042','153_028'
'152_043','153_021'
'152_043','153_060'
'152_044','153_055'
'152_045','153_031'
'152_046','153_035'
'152_048','153_030'
'152_049','153_025'
'152_050','153_051'
'152_051','153_037'
'152_052','153_058'
'152_053','153_049'
'152_054','153_038'
'152_055','153_056'
'152_056','153_059'
'152_165','153_057'
'152_166','153_173'
'152_167','153_171'
'152_168','153_172'
'152_170','153_044'
'153_003','154_004'
'153_004','154_032'
'153_005','154_038'
'153_006','154_018'
'153_007','154_009'
'153_008','154_015'
'153_009','154_181'
'153_010','154_023'
'153_011','154_007'
'153_012','154_026'
'153_013','154_021'
'153_014','154_005'
'153_015','154_017'
'153_016','154_003'
'153_017','154_052'
'153_018','154_034'
'153_019','154_014'
'153_020','154_037'
'153_021','154_030'
'153_022','154_041'
'153_023','154_028'
'153_024','154_046'
'153_025','154_053'
'153_026','154_057'
'153_028','154_027'
'153_029','154_022'
'153_030','154_042'
'153_031','154_010'
'153_032','154_019'
'153_033','154_050'
'153_034','154_012'
'153_035','154_039'
'153_037','154_040'
'153_038','154_024'
'153_039','154_011'
'153_040','154_049'
'153_041','154_013'
'153_042','154_055'
'153_043','154_043'
'153_043','154_048'
'153_044','154_044'
'153_045','154_002'
'153_046','154_031'
'153_047','154_058'
'153_048','154_029'
'153_049','154_051'
'153_050','154_182'
'153_051','154_056'
'153_052','154_036'
'153_052','154_045'
'153_054','154_033'
'153_055','154_016'
'153_056','154_008'
'153_057','154_061'
'153_058','154_054'
'153_059','154_059'
'153_060','154_180'
'153_171','154_178'
'153_172','154_179'
'153_173','154_184'
'153_174','154_020'
'153_177','154_183'
'154_002','155_002'
'154_003','155_030'
'154_004','155_004'
'154_005','155_007'
'154_007','155_014'
'154_008','155_016'
'154_009','155_056'
'154_010','155_006'
'154_011','155_015'
'154_012','155_003'
'154_013','155_021'
'154_014','155_011'
'154_015','155_037'
'154_016','155_010'
'154_017','155_043'
'154_018','155_032'
'154_019','155_022'
'154_020','155_017'
'154_021','155_026'
'154_022','155_009'
'154_023','155_020'
'154_024','155_058'
'154_026','155_044'
'154_027','155_033'
'154_028','155_040'
'154_029','155_041'
'154_030','155_035'
'154_031','155_008'
'154_032','155_038'
'154_033','155_031'
'154_034','155_036'
'154_036','155_055'
'154_037','155_025'
'154_038','155_005'
'154_039','155_019'
'154_040','155_045'
'154_041','155_185'
'154_042','155_047'
'154_043','155_049'
'154_044','155_023'
'154_045','155_048'
'154_046','155_039'
'154_048','155_052'
'154_049','155_024'
'154_050','155_054'
'154_051','155_029'
'154_052','155_053'
'154_053','155_027'
'154_054','155_057'
'154_055','155_060'
'154_056','155_186'
'154_057','155_050'
'154_058','155_046'
'154_059','155_061'
'154_061','155_034'
'154_178','155_042'
'154_179','155_018'
'154_180','155_028'
'154_181','155_059'
'154_182','155_012'
'154_183','155_188'
'154_184','155_187'
'155_002','156_002'
'155_003','156_011'
'155_004','156_012'
'155_005','156_013'
'155_006','156_010'
'155_007','156_041'
'155_008','156_037'
'155_009','156_021'
'155_010','156_033'
'155_011','156_016'
'155_012','156_190'
'155_014','156_026'
'155_015','156_007'
'155_016','156_042'
'155_017','156_004'
'155_018','156_206'
'155_019','156_017'
'155_020','156_009'
'155_021','156_192'
'155_022','156_022'
'155_023','156_006'
'155_024','156_052'
'155_025','156_014'
'155_026','156_020'
'155_027','156_003'
'155_028','156_025'
'155_029','156_005'
'155_030','156_038'
'155_031','156_023'
'155_032','156_040'
'155_033','156_039'
'155_034','156_058'
'155_035','156_018'
'155_036','156_046'
'155_037','156_191'
'155_038','156_029'
'155_039','156_051'
'155_040','156_030'
'155_041','156_048'
'155_042','156_056'
'155_043','156_028'
'155_044','156_062'
'155_045','156_047'
'155_046','156_036'
'155_047','156_054'
'155_048','156_027'
'155_049','156_043'
'155_050','156_044'
'155_052','156_031'
'155_053','156_019'
'155_054','156_057'
'155_055','156_053'
'155_056','156_055'
'155_057','156_034'
'155_058','156_045'
'155_059','156_189'
'155_060','156_060'
'155_061','156_059'
'155_185','156_024'
'155_186','156_207'
'155_187','156_049'
'155_188','156_035'
'156_002','157_203'
'156_003','157_037'
'156_004','157_036'
'156_005','157_005'
'156_006','157_009'
'156_007','157_006'
'156_009','157_004'
'156_010','157_008'
'156_011','157_007'
'156_012','157_019'
'156_013','157_015'
'156_014','157_205'
'156_016','157_030'
'156_017','157_013'
'156_018','157_014'
'156_019','157_018'
'156_020','157_023'
'156_021','157_032'
'156_022','157_027'
'156_023','157_044'
'156_024','157_202'
'156_025','157_022'
'156_026','157_040'
'156_027','157_204'
'156_028','157_012'
'156_029','157_054'
'156_030','157_196'
'156_031','157_025'
'156_033','157_043'
'156_034','157_029'
'156_035','157_056'
'156_036','157_016'
'156_037','157_026'
'156_038','157_041'
'156_038','157_060'
'156_039','157_047'
'156_040','157_020'
'156_041','157_033'
'156_042','157_038'
'156_043','157_046'
'156_044','157_024'
'156_045','157_058'
'156_046','157_031'
'156_047','157_050'
'156_048','157_011'
'156_049','157_017'
'156_051','157_034'
'156_052','157_028'
'156_053','157_055'
'156_054','157_042'
'156_055','157_049'
'156_056','157_048'
'156_057','157_045'
'156_058','157_053'
'156_059','157_057'
'156_060','157_059'
'156_062','157_039'
'156_189','157_193'
'156_190','157_194'
'156_191','157_199'
'156_192','157_200'
'156_206','157_198'
'156_207','157_021'
'157_004','158_006'
'157_005','158_002'
'157_006','158_029'
'157_007','158_017'
'157_008','158_010'
'157_009','158_028'
'157_011','158_004'
'157_012','158_008'
'157_013','158_012'
'157_014','158_215'
'157_015','158_053'
'157_016','158_019'
'157_017','158_005'
'157_018','158_026'
'157_019','158_011'
'157_020','158_024'
'157_021','158_218'
'157_022','158_022'
'157_023','158_034'
'157_024','158_049'
'157_025','158_020'
'157_026','158_014'
'157_027','158_023'
'157_028','158_038'
'157_029','158_048'
'157_030','158_030'
'157_031','158_208'
'157_032','158_037'
'157_033','158_035'
'157_034','158_013'
'157_036','158_039'
'157_037','158_009'
'157_038','158_025'
'157_039','158_032'
'157_040','158_016'
'157_041','158_021'
'157_042','158_042'
'157_043','158_057'
'157_044','158_040'
'157_045','158_058'
'157_046','158_045'
'157_047','158_047'
'157_048','158_044'
'157_049','158_055'
'157_050','158_031'
'157_053','158_046'
'157_054','158_056'
'157_055','158_060'
'157_056','158_059'
'157_057','158_043'
'157_058','158_036'
'157_059','158_051'
'157_060','158_052'
'157_193','158_210'
'157_194','158_211'
'157_196','158_018'
'157_198','158_219'
'157_199','158_041'
'157_200','158_217'
'157_202','158_212'
'157_203','158_213'
'157_204','158_214'
'157_205','158_033'
'158_002','159_002'
'158_004','159_019'
'158_005','159_045'
'158_006','159_007'
'158_008','159_020'
'158_009','159_043'
'158_010','159_014'
'158_011','159_048'
'158_012','159_013'
'158_013','159_006'
'158_014','159_017'
'158_016','159_026'
'158_017','159_011'
'158_018','159_226'
'158_019','159_025'
'158_020','159_035'
'158_021','159_027'
'158_022','159_012'
'158_023','159_022'
'158_024','159_024'
'158_025','159_032'
'158_026','159_223'
'158_028','159_015'
'158_029','159_030'
'158_030','159_018'
'158_031','159_016'
'158_032','159_010'
'158_033','159_230'
'158_034','159_023'
'158_035','159_034'
'158_036','159_038'
'158_037','159_033'
'158_038','159_031'
'158_039','159_029'
'158_040','159_028'
'158_041','159_049'
'158_042','159_037'
'158_043','159_039'
'158_044','159_224'
'158_045','159_046'
'158_046','159_047'
'158_047','159_050'
'158_048','159_036'
'158_049','159_052'
'158_051','159_040'
'158_052','159_053'
'158_053','159_054'
'158_055','159_056'
'158_056','159_058'
'158_057','159_057'
'158_058','159_055'
'158_059','159_042'
'158_060','159_221'
'158_208','159_229'
'158_210','159_227'
'158_211','159_228'
'158_212','159_220'
'158_213','159_239'
'158_214','159_222'
'158_215','159_021'
'158_217','159_231'
'158_218','159_238'
'158_219','159_225'
'159_002','160_042'
'159_006','160_029'
'159_007','160_038'
'159_010','160_024'
'159_011','160_235'
'159_012','160_022'
'159_013','160_045'
'159_014','160_053'
'159_015','160_232'
'159_016','160_028'
'159_017','160_005'
'159_018','160_034'
'159_019','160_057'
'159_020','160_013'
'159_021','160_047'
'159_022','160_012'
'159_023','160_243'
'159_024','160_014'
'159_025','160_002'
'159_026','160_023'
'159_027','160_043'
'159_028','160_017'
'159_029','160_056'
'159_030','160_041'
'159_031','160_040'
'159_032','160_049'
'159_033','160_050'
'159_034','160_007'
'159_035','160_032'
'159_036','160_010'
'159_037','160_236'
'159_038','160_016'
'159_039','160_036'
'159_040','160_058'
'159_042','160_026'
'159_043','160_244'
'159_045','160_035'
'159_045','160_048'
'159_046','160_237'
'159_047','160_027'
'159_048','160_039'
'159_049','160_011'
'159_050','160_052'
'159_052','160_055'
'159_053','160_021'
'159_054','160_060'
'159_055','160_051'
'159_056','160_008'
'159_057','160_037'
'159_058','160_009'
'159_220','160_025'
'159_221','160_233'
'159_222','160_033'
'159_223','160_020'
'159_224','160_061'
'159_225','160_018'
'159_226','160_031'
'159_227','160_240'
'159_228','160_241'
'159_229','160_046'
'159_230','160_234'
'159_231','160_030'
'159_238','160_054'
'159_239','160_006'
'160_002','161_010'
'160_005','161_038'
'160_006','161_019'
'160_007','161_004'
'160_008','161_002'
'160_009','161_013'
'160_010','161_032'
'160_011','161_016'
'160_012','161_009'
'160_013','161_041'
'160_014','161_027'
'160_016','161_036'
'160_017','161_053'
'160_018','161_074'
'160_020','161_076'
'160_021','161_255'
'160_022','161_014'
'160_023','161_005'
'160_024','161_043'
'160_025','161_008'
'160_026','161_011'
'160_027','161_060'
'160_028','161_017'
'160_029','161_033'
'160_030','161_058'
'160_031','161_030'
'160_032','161_045'
'160_033','161_029'
'160_034','161_039'
'160_035','161_034'
'160_036','161_051'
'160_037','161_001'
'160_038','161_042'
'160_039','161_022'
'160_040','161_006'
'160_041','161_052'
'160_042','161_035'
'160_043','161_040'
'160_045','161_256'
'160_046','161_048'
'160_047','161_037'
'160_048','161_050'
'160_049','161_031'
'160_050','161_026'
'160_051','161_047'
'160_052','161_254'
'160_053','161_049'
'160_054','161_021'
'160_055','161_046'
'160_057','161_007'
'160_058','161_056'
'160_060','161_059'
'160_061','161_075'
'160_232','161_055'
'160_233','161_078'
'160_234','161_077'
'160_235','161_044'
'160_236','161_028'
'160_237','161_024'
'160_240','161_020'
'160_241','161_257'
'160_243','161_025'
'160_244','161_054'
'161_001','162_002'
'161_002','162_003'
'161_004','162_017'
'161_005','162_011'
'161_006','162_046'
'161_007','162_026'
'161_008','162_039'
'161_009','162_028'
'161_010','162_049'
'161_011','162_027'
'161_013','162_004'
'161_014','162_080'
'161_016','162_007'
'161_017','162_040'
'161_019','162_014'
'161_020','162_031'
'161_021','162_021'
'161_022','162_005'
'161_024','162_022'
'161_025','162_047'
'161_026','162_053'
'161_027','162_006'
'161_028','162_015'
'161_029','162_054'
'161_030','162_016'
'161_031','162_036'
'161_032','162_063'
'161_033','162_029'
'161_034','162_041'
'161_035','162_025'
'161_036','162_030'
'161_037','162_013'
'161_038','162_052'
'161_039','162_024'
'161_040','162_023'
'161_041','162_057'
'161_042','162_018'
'161_043','162_010'
'161_044','162_038'
'161_045','162_033'
'161_046','162_012'
'161_047','162_037'
'161_048','162_042'
'161_049','162_058'
'161_050','162_043'
'161_051','162_051'
'161_052','162_059'
'161_053','162_045'
'161_054','162_020'
'161_055','162_055'
'161_056','162_056'
'161_058','162_064'
'161_059','162_065'
'161_060','162_060'
'161_074','162_082'
'161_075','162_081'
'161_076','162_032'
'161_077','162_044'
'161_078','162_019'
'161_254','162_066'
'161_255','162_034'
'161_256','162_050'
'161_257','162_079'
'162_002','163_033'
'162_003','163_002'
'162_004','163_006'
'162_005','163_028'
'162_006','163_034'
'162_007','163_086'
'162_010','163_039'
'162_011','163_015'
'162_012','163_009'
'162_013','163_083'
'162_014','163_260'
'162_015','163_010'
'162_016','163_013'
'162_017','163_084'
'162_018','163_051'
'162_018','163_053'
'162_019','163_059'
'162_020','163_018'
'162_021','163_089'
'162_022','163_007'
'162_023','163_054'
'162_024','163_011'
'162_025','163_030'
'162_026','163_041'
'162_027','163_023'
'162_028','163_042'
'162_029','163_032'
'162_030','163_037'
'162_030','163_046'
'162_031','163_035'
'162_032','163_056'
'162_033','163_021'
'162_034','163_048'
'162_036','163_052'
'162_037','163_024'
'162_038','163_014'
'162_039','163_259'
'162_040','163_017'
'162_041','163_031'
'162_042','163_040'
'162_043','163_027'
'162_044','163_045'
'162_045','163_022'
'162_046','163_043'
'162_047','163_019'
'162_049','163_008'
'162_050','163_026'
'162_051','163_060'
'162_052','163_012'
'162_053','163_261'
'162_054','163_036'
'162_055','163_091'
'162_056','163_016'
'162_057','163_044'
'162_058','163_055'
'162_059','163_029'
'162_060','163_058'
'162_063','163_057'
'162_064','163_085'
'162_065','163_049'
'162_066','163_050'
'162_079','163_087'
'162_080','163_088'
'162_081','163_047'
'162_082','163_258'
'163_002','164_004'
'163_006','164_003'
'163_007','164_099'
'163_008','164_007'
'163_009','164_025'
'163_010','164_100'
'163_011','164_011'
'163_012','164_008'
'163_013','164_013'
'163_014','164_018'
'163_015','164_012'
'163_016','164_021'
'163_017','164_029'
'163_018','164_028'
'163_019','164_048'
'163_021','164_017'
'163_022','164_019'
'163_023','164_037'
'163_024','164_043'
'163_026','164_022'
'163_027','164_023'
'163_028','164_035'
'163_029','164_050'
'163_030','164_051'
'163_031','164_014'
'163_032','164_020'
'163_033','164_033'
'163_034','164_031'
'163_035','164_053'
'163_036','164_032'
'163_037','164_038'
'163_039','164_057'
'163_040','164_039'
'163_041','164_041'
'163_042','164_045'
'163_043','164_046'
'163_044','164_044'
'163_045','164_059'
'163_046','164_034'
'163_047','164_062'
'163_048','164_040'
'163_049','164_047'
'163_050','164_027'
'163_051','164_049'
'163_052','164_056'
'163_053','164_026'
'163_054','164_054'
'163_055','164_036'
'163_055','164_055'
'163_056','164_042'
'163_057','164_058'
'163_058','164_061'
'163_059','164_060'
'163_060','164_092'
'163_083','164_094'
'163_084','164_093'
'163_085','164_097'
'163_086','164_098'
'163_087','164_006'
'163_088','164_052'
'163_089','164_009'
'163_091','164_064'
'163_258','164_010'
'163_259','164_095'
'163_260','164_096'
'163_261','164_024'
'164_003','165_004'
'164_004','165_003'
'164_006','165_034'
'164_007','165_012'
'164_008','165_013'
'164_009','165_005'
'164_010','165_108'
'164_011','165_015'
'164_012','165_009'
'164_013','165_023'
'164_014','165_006'
'164_017','165_035'
'164_018','165_018'
'164_019','165_050'
'164_020','165_021'
'164_021','165_030'
'164_022','165_032'
'164_023','165_025'
'164_024','165_031'
'164_025','165_020'
'164_026','165_039'
'164_027','165_019'
'164_028','165_033'
'164_029','165_263'
'164_031','165_017'
'164_032','165_026'
'164_033','165_022'
'164_034','165_048'
'164_035','165_010'
'164_036','165_053'
'164_037','165_052'
'164_038','165_060'
'164_039','165_043'
'164_040','165_107'
'164_041','165_028'
'164_042','165_055'
'164_043','165_037'
'164_044','165_101'
'164_045','165_044'
'164_046','165_045'
'164_047','165_041'
'164_048','165_262'
'164_049','165_040'
'164_050','165_051'
'164_051','165_029'
'164_052','165_057'
'164_053','165_054'
'164_054','165_036'
'164_055','165_056'
'164_056','165_047'
'164_057','165_042'
'164_058','165_061'
'164_059','165_038'
'164_060','165_062'
'164_061','165_059'
'164_062','165_109'
'164_064','165_049'
'164_092','165_058'
'164_093','165_024'
'164_094','165_102'
'164_095','165_103'
'164_096','165_104'
'164_097','165_106'
'164_098','165_105'
'164_099','165_027'
'164_100','165_007'
'165_003','166_002'
'165_004','166_003'
'165_005','166_024'
'165_006','166_267'
'165_007','166_004'
'165_009','166_005'
'165_010','166_014'
'165_012','166_007'
'165_013','166_012'
'165_015','166_011'
'165_017','166_112'
'165_018','166_042'
'165_019','166_036'
'165_020','166_017'
'165_021','166_039'
'165_022','166_025'
'165_023','166_027'
'165_024','166_018'
'165_025','166_028'
'165_026','166_053'
'165_027','166_019'
'165_028','166_264'
'165_029','166_023'
'165_030','166_021'
'165_031','166_047'
'165_032','166_026'
'165_033','166_035'
'165_034','166_046'
'165_035','166_013'
'165_036','166_265'
'165_037','166_033'
'165_038','166_050'
'165_039','166_029'
'165_040','166_044'
'165_041','166_049'
'165_041','166_052'
'165_042','166_061'
'165_043','166_045'
'165_044','166_059'
'165_045','166_048'
'165_047','166_030'
'165_048','166_043'
'165_049','166_055'
'165_050','166_040'
'165_051','166_051'
'165_052','166_037'
'165_053','166_041'
'165_054','166_113'
'165_055','166_032'
'165_056','166_054'
'165_057','166_038'
'165_058','166_063'
'165_059','166_060'
'165_060','166_058'
'165_061','166_062'
'165_062','166_034'
'165_101','166_020'
'165_102','166_056'
'165_103','166_110'
'165_104','166_111'
'165_105','166_116'
'165_106','166_269'
'165_107','166_266'
'165_108','166_114'
'165_109','166_268'
'165_262','166_010'
'166_002','167_005'
'166_003','167_003'
'166_004','167_121'
'166_005','167_007'
'166_007','167_028'
'166_010','167_015'
'166_011','167_017'
'166_012','167_036'
'166_013','167_021'
'166_014','167_026'
'166_017','167_008'
'166_018','167_060'
'166_019','167_120'
'166_020','167_009'
'166_021','167_031'
'166_023','167_018'
'166_024','167_006'
'166_025','167_011'
'166_026','167_044'
'166_027','167_013'
'166_028','167_022'
'166_029','167_051'
'166_030','167_027'
'166_032','167_126'
'166_033','167_043'
'166_034','167_055'
'166_035','167_035'
'166_036','167_014'
'166_037','167_040'
'166_038','167_047'
'166_039','167_030'
'166_040','167_033'
'166_041','167_046'
'166_042','167_029'
'166_043','167_052'
'166_044','167_038'
'166_045','167_042'
'166_046','167_034'
'166_047','167_053'
'166_048','167_050'
'166_049','167_037'
'166_050','167_045'
'166_051','167_056'
'166_052','167_048'
'166_053','167_032'
'166_054','167_049'
'166_055','167_122'
'166_056','167_024'
'166_058','167_059'
'166_059','167_023'
'166_060','167_057'
'166_061','167_041'
'166_062','167_061'
'166_063','167_058'
'166_110','167_127'
'166_111','167_125'
'166_112','167_019'
'166_113','167_039'
'166_114','167_119'
'166_116','167_118'
'166_264','167_270'
'166_265','167_271'
'166_266','167_063'
'166_267','167_010'
'166_268','167_004'
'166_269','167_117'
'167_003','168_008'
'167_004','168_006'
'167_005','168_005'
'167_006','168_039'
'167_007','168_025'
'167_008','168_023'
'167_009','168_034'
'167_010','168_018'
'167_011','168_019'
'167_013','168_013'
'167_014','168_009'
'167_015','168_026'
'167_017','168_027'
'167_018','168_041'
'167_019','168_135'
'167_021','168_033'
'167_022','168_140'
'167_023','168_055'
'167_024','168_061'
'167_026','168_017'
'167_027','168_043'
'167_028','168_003'
'167_029','168_014'
'167_030','168_028'
'167_031','168_020'
'167_032','168_134'
'167_033','168_047'
'167_034','168_045'
'167_035','168_024'
'167_036','168_021'
'167_037','168_029'
'167_038','168_052'
'167_039','168_136'
'167_040','168_010'
'167_041','168_059'
'167_042','168_044'
'167_043','168_035'
'167_044','168_032'
'167_045','168_046'
'167_046','168_048'
'167_047','168_037'
'167_048','168_049'
'167_049','168_054'
'167_050','168_040'
'167_051','168_038'
'167_052','168_051'
'167_053','168_057'
'167_055','168_056'
'167_056','168_050'
'167_057','168_060'
'167_058','168_128'
'167_059','168_058'
'167_060','168_012'
'167_061','168_053'
'167_063','168_138'
'167_117','168_132'
'167_118','168_133'
'167_119','168_036'
'167_120','168_030'
'167_121','168_016'
'167_122','168_139'
'167_125','168_273'
'167_126','168_031'
'167_127','168_272'
'167_270','168_130'
'167_271','168_131'
'168_003','169_024'
'168_005','169_003'
'168_006','169_144'
'168_008','169_004'
'168_009','169_023'
'168_010','169_041'
'168_012','169_010'
'168_013','169_019'
'168_014','169_016'
'168_016','169_028'
'168_017','169_022'
'168_018','169_005'
'168_019','169_014'
'168_020','169_042'
'168_020','169_050'
'168_021','169_143'
'168_023','169_013'
'168_024','169_020'
'168_025','169_012'
'168_026','169_018'
'168_027','169_015'
'168_028','169_025'
'168_029','169_033'
'168_030','169_048'
'168_031','169_040'
'168_032','169_274'
'168_033','169_017'
'168_034','169_030'
'168_035','169_032'
'168_036','169_145'
'168_037','169_031'
'168_038','169_054'
'168_039','169_142'
'168_040','169_045'
'168_041','169_055'
'168_043','169_026'
'168_044','169_053'
'168_045','169_046'
'168_046','169_038'
'168_047','169_039'
'168_048','169_029'
'168_049','169_035'
'168_050','169_056'
'168_051','169_047'
'168_052','169_057'
'168_053','169_036'
'168_054','169_052'
'168_055','169_034'
'168_056','169_051'
'168_057','169_275'
'168_058','169_060'
'168_059','169_059'
'168_060','169_049'
'168_061','169_044'
'168_128','169_141'
'168_130','169_148'
'168_131','169_149'
'168_132','169_146'
'168_133','169_147'
'168_134','169_058'
'168_135','169_027'
'168_136','169_037'
'168_138','169_150'
'168_139','169_043'
'168_140','169_151'
'168_272','169_279'
'168_273','169_280'
'169_003','170_006'
'169_004','170_004'
'169_005','170_013'
'169_010','170_016'
'169_012','170_003'
'169_013','170_038'
'169_014','170_008'
'169_015','170_022'
'169_016','170_029'
'169_017','170_014'
'169_018','170_007'
'169_019','170_042'
'169_020','170_019'
'169_022','170_023'
'169_023','170_055'
'169_024','170_037'
'169_025','170_021'
'169_026','170_015'
'169_027','170_030'
'169_028','170_041'
'169_029','170_048'
'169_030','170_018'
'169_031','170_039'
'169_032','170_051'
'169_033','170_059'
'169_034','170_043'
'169_035','170_024'
'169_036','170_034'
'169_037','170_032'
'169_038','170_031'
'169_039','170_035'
'169_040','170_027'
'169_041','170_033'
'169_042','170_026'
'169_043','170_012'
'169_044','170_045'
'169_045','170_044'
'169_046','170_060'
'169_047','170_040'
'169_048','170_017'
'169_049','170_028'
'169_050','170_046'
'169_051','170_064'
'169_052','170_058'
'169_053','170_036'
'169_054','170_053'
'169_055','170_057'
'169_056','170_054'
'169_057','170_050'
'169_058','170_049'
'169_059','170_063'
'169_060','170_052'
'169_141','170_061'
'169_142','170_156'
'169_143','170_062'
'169_144','170_020'
'169_145','170_065'
'169_146','170_155'
'169_147','170_157'
'169_148','170_158'
'169_149','170_047'
'169_150','170_152'
'169_151','170_153'
'169_274','170_011'
'169_275','170_159'
'169_279','170_277'
'169_280','170_278'
'170_003','171_014'
'170_004','171_005'
'170_006','171_009'
'170_007','171_006'
'170_008','171_002'
'170_011','171_043'
'170_012','171_013'
'170_013','171_011'
'170_014','171_016'
'170_015','171_020'
'170_016','171_021'
'170_017','171_036'
'170_018','171_008'
'170_019','171_035'
'170_020','171_022'
'170_021','171_023'
'170_022','171_018'
'170_023','171_015'
'170_024','171_061'
'170_026','171_048'
'170_027','171_168'
'170_028','171_059'
'170_028','171_063'
'170_029','171_010'
'170_030','171_162'
'170_031','171_045'
'170_032','171_161'
'170_033','171_025'
'170_034','171_044'
'170_035','171_032'
'170_036','171_055'
'170_037','171_024'
'170_038','171_042'
'170_039','171_033'
'170_040','171_060'
'170_041','171_007'
'170_042','171_031'
'170_043','171_027'
'170_044','171_057'
'170_045','171_040'
'170_046','171_041'
'170_047','171_049'
'170_048','171_053'
'170_049','171_169'
'170_050','171_052'
'170_051','171_167'
'170_052','171_062'
'170_053','171_051'
'170_054','171_054'
'170_055','171_017'
'170_057','171_026'
'170_058','171_050'
'170_059','171_028'
'170_060','171_037'
'170_061','171_058'
'170_062','171_164'
'170_063','171_039'
'170_064','171_065'
'170_065','171_029'
'170_152','171_170'
'170_153','171_056'
'170_155','171_165'
'170_156','171_163'
'170_157','171_166'
'170_158','171_030'
'170_159','171_066'
'170_277','171_172'
'170_278','171_173'
'171_002','172_009'
'171_005','172_003'
'171_006','172_016'
'171_007','172_032'
'171_008','172_011'
'171_009','172_035'
'171_010','172_006'
'171_011','172_004'
'171_013','172_010'
'171_014','172_022'
'171_015','172_057'
'171_016','172_014'
'171_017','172_058'
'171_018','172_023'
'171_020','172_044'
'171_021','172_019'
'171_022','172_013'
'171_023','172_027'
'171_024','172_049'
'171_024','172_053'
'171_025','172_040'
'171_026','172_047'
'171_027','172_052'
'171_028','172_054'
'171_029','172_041'
'171_030','172_025'
'171_031','172_043'
'171_032','172_038'
'171_033','172_039'
'171_035','172_020'
'171_036','172_029'
'171_037','172_037'
'171_039','172_021'
'171_040','172_008'
'171_041','172_030'
'171_042','172_024'
'171_043','172_015'
'171_044','172_033'
'171_045','172_012'
'171_048','172_036'
'171_049','172_050'
'171_050','172_056'
'171_051','172_046'
'171_052','172_062'
'171_053','172_051'
'171_054','172_066'
'171_055','172_059'
'171_056','172_018'
'171_057','172_064'
'171_058','172_017'
'171_059','172_060'
'171_060','172_045'
'171_061','172_031'
'171_062','172_068'
'171_063','172_048'
'171_065','172_063'
'171_066','172_178'
'171_161','172_034'
'171_162','172_067'
'171_163','172_177'
'171_164','172_055'
'171_165','172_175'
'171_166','172_174'
'171_167','172_028'
'171_168','172_065'
'171_169','172_061'
'171_170','172_176'
'171_172','172_281'
'171_173','172_282'
'172_003','173_003'
'172_004','173_007'
'172_006','173_006'
'172_008','173_005'
'172_009','173_008'
'172_010','173_009'
'172_011','173_024'
'172_012','173_040'
'172_013','173_033'
'172_014','173_025'
'172_015','173_013'
'172_016','173_016'
'172_017','173_017'
'172_018','173_041'
'172_019','173_027'
'172_020','173_018'
'172_021','173_042'
'172_022','173_014'
'172_023','173_020'
'172_024','173_034'
'172_025','173_180'
'172_027','173_046'
'172_028','173_038'
'172_029','173_021'
'172_030','173_028'
'172_031','173_037'
'172_032','173_023'
'172_033','173_022'
'172_034','173_019'
'172_035','173_049'
'172_035','173_052'
'172_036','173_029'
'172_037','173_069'
'172_038','173_030'
'172_039','173_036'
'172_040','173_032'
'172_041','173_031'
'172_043','173_039'
'172_044','173_047'
'172_045','173_048'
'172_046','173_056'
'172_047','173_061'
'172_048','173_057'
'172_049','173_058'
'172_050','173_045'
'172_051','173_043'
'172_052','173_026'
'172_053','173_050'
'172_054','173_055'
'172_055','173_051'
'172_056','173_066'
'172_057','173_053'
'172_058','173_065'
'172_059','173_059'
'172_060','173_035'
'172_061','173_062'
'172_062','173_060'
'172_063','173_181'
'172_064','173_064'
'172_065','173_010'
'172_066','173_070'
'172_067','173_015'
'172_068','173_063'
'172_174','173_182'
'172_175','173_183'
'172_176','173_179'
'172_177','173_073'
'172_178','173_067'
'172_281','173_283'
'172_282','173_284'
'173_003','174_046'
'173_005','174_021'
'173_006','174_006'
'173_007','174_003'
'173_008','174_005'
'173_009','174_023'
'173_010','174_063'
'173_013','174_016'
'173_014','174_010'
'173_015','174_045'
'173_016','174_013'
'173_017','174_022'
'173_018','174_024'
'173_019','174_027'
'173_020','174_033'
'173_021','174_028'
'173_022','174_034'
'173_023','174_032'
'173_024','174_025'
'173_025','174_031'
'173_026','174_053'
'173_027','174_020'
'173_028','174_008'
'173_029','174_026'
'173_030','174_039'
'173_031','174_286'
'173_032','174_047'
'173_033','174_015'
'173_034','174_030'
'173_035','174_049'
'173_036','174_036'
'173_037','174_037'
'173_038','174_035'
'173_039','174_019'
'173_040','174_004'
'173_041','174_068'
'173_042','174_042'
'173_042','174_055'
'173_043','174_041'
'173_045','174_038'
'173_046','174_017'
'173_047','174_061'
'173_048','174_040'
'173_049','174_011'
'173_050','174_044'
'173_051','174_050'
'173_052','174_014'
'173_053','174_043'
'173_055','174_062'
'173_056','174_057'
'173_057','174_064'
'173_058','174_060'
'173_059','174_285'
'173_060','174_056'
'173_061','174_052'
'173_062','174_048'
'173_063','174_069'
'173_064','174_067'
'173_065','174_066'
'173_066','174_070'
'173_067','174_188'
'173_069','174_058'
'173_070','174_065'
'173_073','174_059'
'173_179','174_185'
'173_180','174_007'
'173_181','174_184'
'173_182','174_187'
'173_183','174_186'
'173_283','174_287'
'173_284','174_288'
'174_003','175_004'
'174_004','175_290'
'174_005','175_003'
'174_006','175_008'
'174_007','175_191'
'174_008','175_023'
'174_010','175_016'
'174_011','175_010'
'174_013','175_011'
'174_014','175_015'
'174_015','175_018'
'174_016','175_049'
'174_017','175_041'
'174_019','175_027'
'174_020','175_031'
'174_021','175_289'
'174_022','175_059'
'174_023','175_013'
'174_024','175_021'
'174_025','175_024'
'174_026','175_040'
'174_027','175_034'
'174_028','175_028'
'174_030','175_026'
'174_031','175_037'
'174_032','175_017'
'174_033','175_020'
'174_034','175_043'
'174_035','175_051'
'174_036','175_035'
'174_037','175_036'
'174_038','175_044'
'174_039','175_066'
'174_040','175_048'
'174_041','175_052'
'174_042','175_038'
'174_043','175_046'
'174_044','175_007'
'174_045','175_032'
'174_046','175_009'
'174_047','175_022'
'174_048','175_053'
'174_049','175_056'
'174_050','175_050'
'174_052','175_054'
'174_053','175_045'
'174_055','175_039'
'174_056','175_065'
'174_057','175_058'
'174_058','175_064'
'174_059','175_060'
'174_060','175_067'
'174_061','175_033'
'174_062','175_042'
'174_063','175_025'
'174_064','175_070'
'174_065','175_069'
'174_066','175_047'
'174_067','175_063'
'174_068','175_057'
'174_069','175_061'
'174_070','175_029'
'174_184','175_189'
'174_185','175_192'
'174_186','175_190'
'174_187','175_030'
'174_188','175_005'
'174_285','175_055'
'174_286','175_012'
'174_287','175_296'
'174_288','175_297'
'175_003','176_003'
'175_004','176_018'
'175_005','176_293'
'175_007','176_028'
'175_008','176_193'
'175_009','176_020'
'175_010','176_019'
'175_011','176_009'
'175_012','176_012'
'175_013','176_008'
'175_015','176_016'
'175_016','176_006'
'175_017','176_022'
'175_018','176_007'
'175_020','176_042'
'175_021','176_023'
'175_022','176_034'
'175_023','176_030'
'175_024','176_027'
'175_025','176_047'
'175_026','176_014'
'175_027','176_025'
'175_028','176_041'
'175_029','176_035'
'175_030','176_010'
'175_031','176_046'
'175_032','176_040'
'175_033','176_005'
'175_034','176_039'
'175_035','176_032'
'175_036','176_060'
'175_037','176_037'
'175_038','176_053'
'175_039','176_050'
'175_040','176_052'
'175_041','176_031'
'175_042','176_017'
'175_043','176_055'
'175_044','176_038'
'175_045','176_033'
'175_046','176_021'
'175_047','176_048'
'175_048','176_068'
'175_049','176_292'
'175_050','176_044'
'175_051','176_029'
'175_052','176_036'
'175_053','176_051'
'175_054','176_026'
'175_055','176_049'
'175_056','176_058'
'175_057','176_056'
'175_058','176_062'
'175_059','176_065'
'175_060','176_194'
'175_061','176_057'
'175_063','176_059'
'175_064','176_054'
'175_065','176_043'
'175_066','176_045'
'175_067','176_061'
'175_069','176_064'
'175_070','176_291'
'175_189','176_195'
'175_190','176_202'
'175_191','176_196'
'175_192','176_197'
'175_289','176_200'
'175_290','176_201'
'175_296','176_198'
'175_297','176_199'
'176_003','177_003'
'176_005','177_009'
'176_006','177_042'
'176_007','177_006'
'176_008','177_019'
'176_009','177_018'
'176_010','177_208'
'176_012','177_211'
'176_014','177_017'
'176_016','177_011'
'176_017','177_020'
'176_018','177_005'
'176_019','177_016'
'176_020','177_032'
'176_021','177_014'
'176_022','177_013'
'176_023','177_024'
'176_025','177_015'
'176_026','177_026'
'176_027','177_008'
'176_028','177_023'
'176_029','177_041'
'176_030','177_031'
'176_031','177_038'
'176_032','177_036'
'176_033','177_022'
'176_034','177_049'
'176_035','177_025'
'176_036','177_055'
'176_037','177_021'
'176_038','177_045'
'176_039','177_034'
'176_040','177_033'
'176_041','177_037'
'176_042','177_027'
'176_043','177_063'
'176_044','177_040'
'176_045','177_046'
'176_046','177_035'
'176_047','177_051'
'176_048','177_048'
'176_049','177_210'
'176_050','177_043'
'176_051','177_070'
'176_052','177_058'
'176_054','177_047'
'176_055','177_065'
'176_056','177_056'
'176_057','177_068'
'176_058','177_060'
'176_059','177_062'
'176_060','177_054'
'176_061','177_050'
'176_062','177_061'
'176_064','177_057'
'176_065','177_053'
'176_068','177_044'
'176_193','177_030'
'176_194','177_039'
'176_195','177_205'
'176_196','177_206'
'176_197','177_207'
'176_198','177_294'
'176_199','177_295'
'176_200','177_203'
'176_201','177_204'
'176_202','177_209'
'176_291','177_059'
'176_292','177_299'
'176_293','177_298'
'177_003','178_005'
'177_005','178_013'
'177_006','178_010'
'177_008','178_012'
'177_009','178_007'
'177_011','178_011'
'177_013','178_026'
'177_014','178_052'
'177_015','178_014'
'177_016','178_018'
'177_017','178_024'
'177_018','178_027'
'177_019','178_020'
'177_020','178_021'
'177_021','178_220'
'177_022','178_049'
'177_023','178_019'
'177_024','178_017'
'177_025','178_037'
'177_026','178_036'
'177_027','178_016'
'177_030','178_219'
'177_031','178_025'
'177_032','178_022'
'177_033','178_216'
'177_034','178_215'
'177_035','178_044'
'177_036','178_033'
'177_037','178_038'
'177_038','178_035'
'177_039','178_221'
'177_040','178_030'
'177_041','178_034'
'177_042','178_048'
'177_043','178_043'
'177_044','178_015'
'177_045','178_039'
'177_046','178_023'
'177_047','178_053'
'177_048','178_042'
'177_049','178_029'
'177_050','178_050'
'177_051','178_061'
'177_053','178_056'
'177_054','178_040'
'177_055','178_054'
'177_056','178_041'
'177_057','178_058'
'177_058','178_046'
'177_059','178_059'
'177_060','178_064'
'177_061','178_045'
'177_062','178_063'
'177_063','178_055'
'177_065','178_057'
'177_065','178_060'
'177_068','178_062'
'177_070','178_214'
'177_203','178_224'
'177_204','178_213'
'177_205','178_065'
'177_206','178_223'
'177_207','178_222'
'177_208','178_212'
'177_209','178_225'
'177_210','178_218'
'177_211','178_217'
'177_294','178_300'
'177_295','178_301'
'177_298','178_051'
'177_299','178_032'
'178_005','179_003'
'178_007','179_009'
'178_010','179_014'
'178_011','179_015'
'178_012','179_028'
'178_013','179_018'
'178_014','179_013'
'178_015','179_012'
'178_016','179_024'
'178_017','179_027'
'178_018','179_010'
'178_019','179_032'
'178_020','179_007'
'178_021','179_020'
'178_022','179_016'
'178_023','179_026'
'178_024','179_023'
'178_025','179_025'
'178_026','179_240'
'178_027','179_021'
'178_029','179_022'
'178_030','179_042'
'178_032','179_040'
'178_033','179_041'
'178_034','179_033'
'178_035','179_017'
'178_036','179_038'
'178_037','179_046'
'178_038','179_062'
'178_039','179_036'
'178_040','179_039'
'178_041','179_233'
'178_042','179_045'
'178_043','179_031'
'178_044','179_048'
'178_045','179_063'
'178_046','179_034'
'178_048','179_037'
'178_049','179_052'
'178_049','179_058'
'178_050','179_057'
'178_051','179_019'
'178_052','179_056'
'178_053','179_049'
'178_054','179_029'
'178_055','179_064'
'178_056','179_044'
'178_057','179_035'
'178_058','179_054'
'178_059','179_053'
'178_060','179_050'
'178_061','179_060'
'178_062','179_061'
'178_063','179_047'
'178_064','179_051'
'178_065','179_230'
'178_212','179_005'
'178_213','179_227'
'178_214','179_229'
'178_215','179_228'
'178_216','179_238'
'178_217','179_237'
'178_218','179_236'
'178_219','179_234'
'178_220','179_239'
'178_221','179_235'
'178_222','179_232'
'178_223','179_231'
'178_224','179_226'
'178_225','179_059'
'178_300','179_302'
'178_301','179_303'
'179_003','180_003'
'179_005','180_248'
'179_009','180_005'
'179_010','180_027'
'179_012','180_044'
'179_013','180_008'
'179_014','180_011'
'179_015','180_029'
'179_016','180_012'
'179_017','180_038'
'179_018','180_244'
'179_019','180_305'
'179_020','180_016'
'179_021','180_021'
'179_022','180_030'
'179_023','180_037'
'179_024','180_014'
'179_025','180_034'
'179_026','180_018'
'179_027','180_015'
'179_028','180_019'
'179_029','180_040'
'179_032','180_053'
'179_033','180_031'
'179_034','180_049'
'179_035','180_028'
'179_036','180_033'
'179_037','180_251'
'179_038','180_039'
'179_040','180_304'
'179_041','180_022'
'179_042','180_052'
'179_044','180_054'
'179_046','180_023'
'179_047','180_061'
'179_048','180_035'
'179_049','180_048'
'179_050','180_041'
'179_051','180_032'
'179_052','180_025'
'179_053','180_060'
'179_054','180_057'
'179_056','180_026'
'179_058','180_058'
'179_059','180_249'
'179_060','180_067'
'179_061','180_064'
'179_062','180_050'
'179_063','180_059'
'179_064','180_056'
'179_226','180_252'
'179_227','180_247'
'179_228','180_241'
'179_229','180_246'
'179_230','180_051'
'179_231','180_043'
'179_232','180_243'
'179_233','180_042'
'179_234','180_024'
'179_235','180_045'
'179_236','180_250'
'179_237','180_006'
'179_238','180_253'
'179_239','180_010'
'179_240','180_009'
'179_302','180_306'
'179_303','180_307'
