Frame,ID,Volume_nowarp,MeanIntensity_nowarp,Volume_warp,MeanIntensity_warp
1,1,23243,128.8734673,23243,136.6059459
1,2,26952,134.712526,26952,145.4287251
1,3,24212,127.8971584,24212,132.5056584
1,4,27451,133.8644494,27451,140.7640523
1,5,22716,122.7341962,22716,122.0569643
1,6,8056,129.6672046,8056,140.1392751
1,7,11890,131.1995795,11890,142.7792262
1,8,11730,128.7583973,11730,139.2878943
1,9,9278,127.9874973,9278,152.6558526
1,10,12695,134.3085467,12695,149.1042143
1,11,14654,135.3511669,14654,153.4219326
2,1,24886,135.9461946,24886,153.2002732
2,2,23532,122.4022608,23532,121.835968
2,3,30642,132.3461915,30642,135.3829058
2,4,14762,125.2379081,14762,123.4244682
2,5,12668,124.9568203,12668,122.1135144
2,6,10923,132.1439165,10923,156.1388813
2,7,13073,121.4239272,13073,119.8717968
2,8,9834,130.6942241,9834,148.0544031
2,9,12454,128.3044002,12454,126.1785772
2,10,17172,121.0062893,17172,120.7727696
2,11,11073,123.882507,11073,122.1342906
3,1,22804,139.4946939,22804,160.6695755
3,2,23554,122.4282924,23554,122.3309417
3,3,14438,124.7039064,14438,123.0660756
3,4,12458,124.6450474,12458,121.6301172
3,5,11175,124.6477852,11175,123.125906
3,6,14831,128.7641427,14831,126.1857596
3,7,11652,121.4422417,11652,119.7973738
3,8,17010,120.923398,17010,120.6265138
3,9,11057,126.7449579,11057,123.9800127
3,10,11571,124.6372829,11571,122.6748768
3,11,10213,122.2924704,10213,121.4029178
4,1,12155,123.5328671,12155,122.9129576
4,2,24206,147.4041147,24206,180.0952656
4,3,11298,121.688706,11298,120.4727385
4,4,13446,124.4719619,13446,121.6796073
4,5,22193,123.9053305,22193,124.8898301
4,6,18254,120.6862605,18254,120.6696067
4,7,15932,127.1480668,15932,124.2953804
4,8,15038,124.8605533,15038,122.6824711
4,9,12786,122.4714532,12786,119.6178633
4,10,5304,128.1591252,5304,129.3161765
4,11,5800,126.3024138,5800,125.4815517
4,12,3870,123.8640827,3870,123.9105943
4,14,3976,125.9132294,3976,124.5714286
5,1,12115,124.1739992,12115,122.925877
5,2,24314,124.3889117,24314,125.9492473
5,3,13357,123.5281875,13357,121.2282698
5,4,24306,148.2264461,24306,178.9358183
5,5,18253,120.2932669,18253,120.5427053
5,6,15079,122.1776643,15079,119.67279
5,7,15268,124.1313204,15268,122.3138591
5,8,6150,128.7341463,6150,127.682439
5,9,5492,121.5568099,5492,128.9406409
5,10,10053,121.9884612,10053,121.3379091
5,11,4954,125.2771498,4954,125.2266855
5,12,5580,125.5741935,5580,125.8869176
5,14,5981,126.4848688,5981,125.5203143
5,15,5076,124.7691095,5076,124.5041371
6,1,15240,123.6316929,15240,120.6429134
6,2,24187,125.3414644,24187,128.5870509
6,3,12552,132.7891969,12552,133.4795252
6,4,17438,123.5569446,17438,122.2461865
6,5,18817,119.7141415,18817,120.1465696
6,6,9370,130.6059765,9370,172.5694771
6,7,9995,127.9364682,9995,137.4344172
6,8,9323,127.538346,9323,132.7708892
6,9,10536,120.2312073,10536,119.2442103
6,10,11844,131.9867443,11844,150.575819
6,11,11272,125.308286,11272,121.9025905
6,12,13017,121.9787201,13017,119.7160636
6,13,10846,126.4515029,10846,134.0407524
6,14,10496,129.173971,10496,142.2329459
7,1,25139,125.4037551,25139,128.9299495
7,2,10636,132.4377586,10636,179.0683528
7,3,13371,121.9167602,13371,120.0531748
7,4,15887,120.2003525,15887,119.2002895
7,5,11162,131.8148181,11162,154.5007167
7,6,17176,123.5586865,17176,121.7635072
7,7,11621,125.8762585,11621,122.1335513
7,8,18205,119.5547926,18205,119.8271903
7,9,11575,130.9617279,11575,150.3370194
7,10,9785,128.3273378,9785,137.3019928
7,11,11858,128.2285377,11858,140.7485242
7,12,11188,122.8762066,11188,120.4537004
7,13,11371,127.0241843,11371,134.9919972
7,14,10185,132.486107,10185,134.3423662
8,1,24159,126.923424,24159,132.4855747
8,2,16960,122.9360849,16960,121.3877948
8,3,16177,120.1521914,16177,119.0118687
8,4,13278,125.0406688,13278,121.4954812
8,5,9828,123.2827635,9828,121.7663818
8,6,13835,123.4612938,13835,120.4003614
8,7,12089,122.4255935,12089,121.7582927
8,8,12517,119.7864504,12517,120.7410721
8,9,12183,122.3524583,12183,120.9220225
8,10,18054,119.4794505,18054,119.7442672
8,11,13598,121.3717458,13598,121.3369613
8,12,10816,122.2182877,10816,120.0417899
8,13,12016,123.3903961,12016,120.4065413
8,15,3897,118.643572,3897,146.3915833
8,16,4058,132.355101,4058,136.1175456
9,1,25641,127.3639094,25641,133.2083772
9,2,10057,123.4072785,10057,121.542806
9,3,16399,122.589975,16399,121.3107507
9,4,13932,124.9507608,13932,121.4244186
9,5,12259,122.0930745,12259,119.9912717
9,6,13704,123.1201109,13704,120.387697
9,7,14909,120.2259038,14909,118.9845731
9,8,12394,122.5300145,12394,120.354365
9,9,12900,119.9157364,12900,120.6999225
9,10,11749,122.5055749,11749,121.5719636
9,11,17842,119.4942832,17842,119.7062549
9,12,12588,122.1331427,12588,120.8154592
9,13,11595,121.2702889,11595,121.066063
9,14,6495,133.4917629,6495,148.569515
9,15,6044,126.6217737,6044,167.326274
10,1,26015,127.7300019,26015,133.8765328
10,2,18170,123.1336269,18170,121.4810677
10,3,14354,123.490386,14354,120.3876271
10,4,13865,122.1790119,13865,120.8901551
10,5,12406,123.8732871,12406,120.9414799
10,6,12377,122.639331,12377,119.8573968
10,7,12991,119.6315141,12991,120.2673389
10,8,14557,120.5271004,14557,118.9914131
10,9,11796,146.0690912,11796,240.5478976
10,10,12414,122.5827292,12414,121.372241
10,11,17250,119.4891594,17250,119.5856232
10,12,11066,123.4291524,11066,121.8861377
10,13,13176,121.9907407,13176,120.6952034
10,14,13503,122.6000148,13503,120.3275568
10,15,9981,140.9665364,9981,200.750526
11,1,26659,124.4252973,26659,123.975693
11,2,14954,121.9926441,14954,120.8294771
11,3,18461,122.3928823,18461,121.2320026
11,4,12855,122.2729677,12855,119.7997666
11,5,13830,122.9237166,13830,120.3805495
11,6,13346,122.1965383,13346,120.1031021
11,7,13785,121.6250997,13785,120.7059122
11,8,12973,119.5762738,12973,120.0853311
11,9,12251,122.7365929,12251,121.116317
11,10,18919,119.5567419,18919,119.7194355
11,11,12744,123.1339454,12744,120.6465003
11,12,10871,123.0401987,10871,121.7554963
11,13,14887,120.1556391,14887,118.9765567
11,14,12249,127.0155115,12249,152.8955833
11,15,10203,128.3424483,10203,149.0118593
12,1,17908,121.5833706,17908,121.0164731
12,2,15344,119.9460375,15344,118.5913712
12,3,15108,121.275417,15108,120.4034948
12,4,14631,121.0610348,14631,119.7622856
12,5,13263,119.5203951,13263,120.0606198
12,6,13817,121.3513064,13817,119.8925961
12,7,12589,119.9077766,12589,120.9967432
12,8,12480,122.2596955,12480,120.3065705
12,9,20949,119.4434579,20949,119.6900568
12,10,13006,123.138167,13006,121.3424573
12,11,10901,121.9197321,10901,120.419778
12,12,14068,122.7891669,14068,119.7475121
12,13,12109,122.5434801,12109,121.959782
12,14,12220,121.2047463,12220,120.347545
12,15,11337,123.9930317,11337,123.5336509
13,1,11538,121.9847461,11538,120.425377
13,2,12499,121.9061525,12499,120.9198336
13,3,16302,122.4337505,16302,120.0198135
13,4,13654,119.5106928,13654,119.7235242
13,5,12319,122.1798036,12319,121.9738615
13,6,20039,122.2268077,20039,121.4986277
13,7,14186,122.0141689,14186,120.2780206
13,8,14572,121.1487099,14572,120.2928905
13,9,14119,121.3243856,14119,119.7887244
13,10,13307,119.6168934,13307,121.0486962
13,11,14523,122.3666598,14523,119.6278317
13,12,21410,119.9932742,21410,119.0491826
13,13,12637,121.909947,12637,120.8987893
13,14,19903,119.4127518,19903,119.6434206
13,15,4466,124.5022391,4466,123.5980743
13,16,4642,118.9207238,4642,123.3119345
14,1,16259,121.5976997,16259,120.5186666
14,2,11992,121.8578219,11992,120.7688459
14,3,13151,120.7620713,13151,119.9068512
14,4,16129,121.481183,16129,120.3677847
14,5,13727,119.2691775,13727,119.6421651
14,6,14673,122.4451714,14673,120.2269475
14,7,12706,121.8797419,12706,120.3263025
14,8,14715,122.7980972,14715,119.5632348
14,9,14682,121.9555238,14682,121.2161831
14,10,16223,119.9257844,16223,119.88843
14,11,14287,120.0429061,14287,119.1052705
14,12,13186,119.3970878,13186,120.3846504
14,13,11073,121.9459948,11073,121.5706674
14,14,8253,121.3814371,8253,132.1821156
14,15,10111,122.411532,10111,132.8578776
14,16,13257,122.0111639,13257,120.8841367
15,1,12555,122.0518519,12555,120.9305456
15,2,12482,122.317337,12482,120.4107515
15,3,15144,122.7455758,15144,119.5651083
15,4,16452,121.1810114,16452,120.2176635
15,5,14538,122.5679598,14538,120.3173064
15,6,13455,119.4019324,13455,120.524712
15,7,13959,120.7624472,13959,119.7202522
15,8,15489,120.2004003,15489,119.1358383
15,9,13604,119.5073508,13604,119.6292267
15,10,16349,122.1094257,16349,121.3206924
15,11,14809,122.3734891,14809,120.9852792
15,12,17894,120.2105734,17894,120.0622555
15,13,9563,122.181533,9563,137.0210185
15,14,13595,121.7856565,13595,120.7461567
15,15,11150,122.3727354,11150,121.8307623
15,16,11453,124.5470182,11453,137.4228586
16,1,24257,119.697778,24257,119.3278641
16,2,14018,122.7548152,14018,119.6376088
16,3,14035,122.1983612,14035,120.9013181
16,4,13423,122.404306,13423,120.4662147
16,5,14568,121.212246,14568,119.5659665
16,6,13422,119.4941886,13422,119.9716138
16,7,12598,122.1639149,12598,120.858549
16,8,16025,121.7015913,16025,120.9717317
16,9,13761,121.6221932,13761,120.6887581
16,10,14053,119.3568633,14053,119.6676866
16,11,14091,120.4262295,14091,119.4874033
16,12,12027,119.6965162,12027,119.9033009
16,13,13657,122.5955188,13657,120.4559567
16,14,10892,120.2132758,10892,120.5060595
16,15,13040,120.4215491,13040,118.6904908
16,16,11011,122.3429298,11011,121.7082917
17,1,23842,119.8744233,23842,119.5724771
17,2,14128,122.4413222,14128,119.6648499
17,3,14565,122.2863028,14565,120.9796087
17,4,16305,121.6350199,16305,121.0174793
17,5,14138,122.8639129,14138,120.5881313
17,6,13449,122.0396312,13449,120.883114
17,7,13346,119.6440132,13346,119.871572
17,8,14289,121.3613269,14289,120.5114424
17,9,14490,119.4308489,14490,119.8772947
17,10,14741,121.3845736,14741,119.5905977
17,11,11493,122.458801,11493,121.4378317
17,12,11643,120.2963154,11643,120.5673795
17,13,14755,120.3063368,14755,119.5499153
17,14,14381,122.6459217,14381,120.4439191
17,15,12944,119.4202719,12944,119.5590235
17,16,13771,120.372522,13771,118.7958028
18,1,14267,121.7351931,14267,120.7586038
18,2,14057,122.0029878,14057,120.0115245
18,3,14822,120.593712,14822,119.3323438
18,4,24348,119.5857155,24348,119.3191227
18,5,15036,119.1922719,15036,119.5504123
18,6,14197,122.0552934,14197,119.4827076
18,7,13583,119.2877126,13583,119.5491423
18,8,13839,121.8839512,13839,120.6165908
18,9,14418,120.2326259,14418,119.3164794
18,10,15696,121.6075433,15696,120.5614806
18,11,13537,122.1217404,13537,120.2264165
18,12,11617,122.2090901,11617,121.3164328
18,13,14580,121.326749,14580,120.4349108
18,14,13941,120.0193673,13941,118.7029625
18,15,11714,120.0604405,11714,120.3812532
18,16,13057,119.1284369,13057,119.199663
19,1,25863,119.6744771,25863,119.3871941
19,2,14545,121.8514954,14545,120.7927123
19,3,13656,121.8878149,13656,120.1247071
19,4,15198,120.709896,15198,119.3922227
19,5,14048,119.4211276,14048,119.6136105
19,6,14781,122.3601245,14781,119.4961775
19,7,15541,121.6436523,15541,120.7980181
19,8,14662,119.3465421,14662,119.6377711
19,9,14446,122.0709539,14446,120.2863769
19,10,11865,122.1120944,11865,121.2798989
19,11,14157,121.8717949,14157,120.4808222
19,12,12939,119.1167014,12939,119.168792
19,13,14417,120.3206631,14417,119.4594576
19,14,14099,121.3143485,14099,120.4032201
19,15,13612,120.0534822,13612,118.7227446
19,16,12017,119.9751186,12017,120.300491
20,1,14137,120.3909599,14137,119.6835962
20,2,15907,120.3644936,15907,119.5092726
20,3,15855,123.183286,15855,120.6912015
20,4,14861,120.970796,14861,120.3467465
20,5,17095,122.6408307,17095,120.8468558
20,6,21139,120.3310469,21139,119.61791
20,7,13019,122.731239,13019,121.6608034
20,8,15015,119.1325341,15015,119.7932734
20,9,15443,120.4594962,15443,119.0381403
20,10,13883,121.7136066,13883,120.7293813
20,11,14949,120.0105024,14949,119.2666399
20,12,13881,121.355594,13881,120.6414523
20,13,17203,120.5592048,17203,119.3193048
20,14,11539,118.5988387,11539,118.6138314
20,15,12874,121.6073481,12874,120.2252602
20,16,11354,120.0205214,11354,120.1029593
21,1,16072,121.2450846,16072,119.4888626
21,2,14583,121.4576562,14583,119.1934444
21,3,20701,120.0593691,20701,118.9540602
21,4,13646,122.2209439,13646,120.3590063
21,5,13987,120.6721241,13987,119.4579967
21,6,15074,122.3712352,15074,120.3716333
21,7,15246,119.4811754,15246,119.7598714
21,8,12384,121.8418928,12384,120.754522
21,9,14995,121.4088696,14995,119.9575192
21,10,13852,122.0062807,13852,120.3395178
21,11,15935,122.3452777,15935,120.3506119
21,12,17303,119.5382304,17303,119.6932324
21,13,12811,122.1910858,12811,121.7217235
21,14,13097,121.2857143,13097,120.5358479
21,15,12263,120.1639077,12263,119.3343391
21,16,13074,119.6140431,13074,119.2851461
22,1,14550,120.4127835,14550,119.3486598
22,2,16282,121.0533104,16282,119.5999263
22,3,13760,122.4196221,13760,120.4260174
22,4,14519,121.5021696,14519,119.9948344
22,5,15844,119.5863418,15844,119.7913406
22,6,15756,121.936786,15756,120.3877888
22,7,14299,121.3507238,14299,119.3801664
22,8,16276,119.6653969,16276,119.6948267
22,9,15207,123.3913987,15207,120.5464589
22,10,12544,122.4794324,12544,121.2794165
22,11,17029,120.0874391,17029,118.8910095
22,12,13926,120.9158409,13926,120.4369525
22,13,14808,120.1939492,14808,119.7144787
22,14,14650,122.6359727,14650,120.5667577
22,15,12872,122.6577067,12872,121.4067744
22,16,12963,120.700918,12963,119.1565996
23,1,14554,120.5749622,14554,119.2086712
23,2,16288,121.1544695,16288,119.5647102
23,3,13689,122.6630872,13689,121.4911973
23,4,15558,121.9883661,15558,120.5901144
23,5,15024,121.3150958,15024,119.4492146
23,6,15603,122.9769916,15603,120.5488688
23,7,17211,120.0956946,17211,118.8803672
23,8,12767,122.3597556,12767,121.0923475
23,9,16392,121.9582113,16392,120.499695
23,10,14012,120.7961747,14012,119.0327576
23,11,14816,119.6276323,14816,119.6910772
23,12,13499,121.2306097,13499,119.81006
23,13,16820,119.3347206,16820,119.608264
23,14,13067,120.8710492,13067,120.2228515
23,15,14197,122.6037191,14197,120.3688807
23,16,13961,120.5389299,13961,119.5415801
24,1,16172,120.8621073,16172,119.6775909
24,2,15025,121.1771048,15025,119.351015
24,3,16649,120.332993,16649,118.9763349
24,4,16789,123.209125,16789,120.8612187
24,5,16715,121.0171104,16715,119.5979659
24,6,14960,122.1417781,14960,120.3830882
24,7,14341,122.8349487,14341,121.5856635
24,8,16230,119.4662354,16230,119.5987677
24,9,13751,122.723511,13751,121.3390299
24,10,14400,121.7043056,14400,120.2641667
24,11,14496,122.2342715,14496,120.374931
24,12,15069,120.3152167,15069,119.4259075
24,13,13457,121.5412053,13457,119.7480865
24,14,16313,119.4492736,16313,119.6367314
24,15,14594,121.0550226,14594,118.9208579
24,16,12920,120.9094427,12920,120.2810372
25,1,19462,120.4816566,19462,119.0116124
25,2,14568,122.3031988,14568,121.3644975
25,3,17542,120.9070802,17542,119.933873
25,4,15735,122.2008262,15735,120.3239911
25,5,16258,119.2954238,16258,119.2002706
25,6,17391,123.1857283,17391,121.1229947
25,7,14515,121.6728901,14515,120.2363073
25,8,14334,121.9040742,14334,119.8444258
25,9,13486,122.7832567,13486,121.244105
25,10,15610,119.7809097,15610,119.4446509
25,11,14871,120.9657723,14871,119.5436756
25,12,15040,120.7295878,15040,119.1192154
25,13,15054,120.1394314,15054,119.1657367
25,14,15252,122.0451088,15252,120.5152767
25,15,11737,121.1998807,11737,120.3864701
25,16,12550,120.5171315,12550,118.761992
26,1,18757,120.5895399,18757,118.9057952
26,2,14499,121.6444582,14499,120.3134009
26,3,14514,122.2770429,14514,121.2602315
26,4,15947,119.9629397,15947,119.5131373
26,5,17865,119.1387629,17865,119.2904562
26,6,15769,119.7715137,15769,119.1102162
26,7,16278,121.8273744,16278,120.5121022
26,8,12365,121.640275,12365,120.5476749
26,9,13555,120.7904094,13555,118.7343416
26,10,14599,122.0150695,14599,120.047743
26,11,14869,122.1860246,14869,119.6103975
26,12,17323,123.5979911,17323,120.8690181
26,13,14866,123.0574465,14866,121.7284407
26,14,15308,120.0935459,15308,119.0345571
26,15,15601,120.6459842,15601,119.3562592
26,16,18220,120.3611965,18220,119.9512075
27,1,16895,121.683575,16895,120.3493341
27,2,15394,122.332857,15394,120.2138496
27,3,17488,121.0021157,17488,118.704769
27,4,15562,119.6785118,15562,119.1650173
27,5,13686,122.6591407,13686,121.3813386
27,6,14903,121.5941757,14903,120.4019325
27,7,19850,120.6346599,19850,119.3686146
27,8,16880,123.5966825,16880,120.9963863
27,9,15355,120.1609248,15355,119.7706936
27,10,14449,120.3753201,14449,119.099038
27,11,15506,120.3864311,15506,119.2510641
27,12,16273,119.2426105,16273,119.2699564
27,13,14675,122.4153322,14675,119.4949915
27,14,17377,120.6302008,17377,120.0726823
27,15,12840,121.1252336,12840,120.3872274
27,16,14493,123.0438833,14493,121.6069137
28,1,15009,122.0227863,15009,120.2020121
28,2,16064,120.5712151,16064,119.232881
28,3,20253,120.3537747,20253,119.489014
28,4,15738,119.4358241,15738,119.2450121
28,5,13065,121.2496747,13065,120.8636816
28,6,17783,119.7843446,17783,119.4643199
28,7,15569,121.5764018,15569,120.3368232
28,8,14170,122.3973888,14170,121.3642202
28,9,15531,120.0492563,15531,119.601056
28,10,15721,121.4741429,15721,120.1470008
28,11,17798,120.3931902,17798,119.9603888
28,12,14917,121.7528323,14917,119.4293759
28,13,15693,122.8522908,15693,120.9062002
28,14,16736,120.8922084,16736,119.4429971
28,15,12608,121.0632931,12608,119.1269829
28,16,14783,122.6131367,14783,121.19908
29,1,16774,120.4972577,16774,119.2835937
29,2,15721,119.372877,15721,119.1749253
29,3,13962,122.5552213,13962,121.2601347
29,4,16030,121.6801622,16030,120.3739863
29,5,17075,119.7409078,17075,119.6515959
29,6,15582,119.9646387,15582,119.6275189
29,7,13497,120.9994814,13497,120.8232941
29,8,15704,121.5544447,15704,120.3110036
29,9,15086,122.0722524,15086,120.4516108
29,10,20143,120.0398153,20143,119.5054858
29,11,12036,120.7251579,12036,119.0373048
29,12,14462,121.7852994,14462,119.4303692
29,13,16398,122.7522869,16398,120.7322844
29,14,16607,120.6599025,16607,119.3635816
29,15,17941,120.5330807,17941,120.2275235
29,16,15312,122.91314,15312,121.4043887
30,1,17543,120.8277376,17543,119.36687
30,2,15689,121.9297597,15689,120.2643253
30,3,15952,119.0551028,15952,119.27332
30,4,17989,121.5748513,17989,120.0745456
30,5,15878,121.3302053,15878,120.375929
30,6,18096,120.9636384,18096,119.5602343
30,7,13334,121.3566822,13334,119.520249
30,8,19067,120.4381392,19067,120.2616563
30,9,15509,121.3316784,15509,119.3470243
30,10,16771,119.9506291,16771,119.7036551
30,11,15501,122.3821689,15501,121.1163796
30,12,19162,120.7488258,19162,119.9424903
30,13,13375,120.6106168,13375,120.5976075
30,14,17688,120.6629919,17688,119.5551787
30,15,16451,122.4462951,16451,120.7222661
30,16,14752,122.3704582,14752,121.2156996
31,1,18031,120.9957296,18031,119.510066
31,2,17633,121.5119946,17633,119.959054
31,3,18853,120.6525752,18853,120.242773
31,4,15990,119.0778612,15990,119.2617261
31,5,15345,121.7130661,15345,120.288172
31,6,15667,121.0589775,15667,120.3123763
31,7,15542,119.8721529,15542,119.6582808
31,8,13160,121.1045593,13160,119.3153495
31,9,19496,120.7295856,19496,120.1344378
31,10,14752,121.9046231,14752,121.0919197
31,11,16908,120.4401467,16908,119.3996333
31,12,15215,121.2538942,15215,119.3231679
31,13,16129,122.5793912,16129,121.2982206
31,14,13669,120.902919,13669,120.6489136
31,15,16536,120.9527697,16536,119.400641
31,16,17428,122.5127955,17428,120.9238008
32,1,18313,120.522252,18313,120.4425818
32,2,18466,120.7721759,18466,119.37588
32,3,17300,119.1757225,17300,119.4113873
32,4,18401,120.3479702,18401,119.6557796
32,5,14798,121.7075956,14798,120.089404
32,6,16341,121.1760602,16341,120.2657732
32,7,15890,119.8014475,15890,119.7105727
32,8,18217,121.5166054,18217,120.2545974
32,9,15583,122.3836232,15583,121.7455561
32,10,13157,121.1305009,13157,120.1115756
32,11,13247,121.1236506,13247,119.4932438
32,12,15722,121.5402621,15722,119.4632998
32,13,17616,120.9128633,17616,119.3776113
32,14,16154,122.6244274,16154,120.5325616
32,15,15469,122.6109639,15469,121.3694486
32,16,17041,120.4984449,17041,119.9823954
33,1,18758,120.5815119,18758,120.6872801
33,2,17925,120.8817294,17925,119.6002232
33,3,18451,120.2722346,18451,119.7035391
33,4,14358,122.2767795,14358,121.6696615
33,5,16400,120.175061,16400,119.965122
33,6,17913,121.6280913,17913,120.1933791
33,7,16152,119.2955052,16152,119.3027489
33,8,15242,121.5682325,15242,120.2460963
33,9,17656,120.807261,17656,119.3797576
33,10,17466,122.5436849,17466,120.7408107
33,11,14795,121.5635688,14795,119.3683001
33,12,16386,121.3388869,16386,120.3751373
33,13,15737,122.728792,15737,121.4845905
33,14,12662,121.110646,12662,119.3009793
33,15,13309,121.3212863,13309,120.3218123
33,16,17800,120.5833146,17800,120.2169663
34,1,16765,119.1954667,16765,119.5931405
34,2,18462,120.5888853,18462,121.0395948
34,3,15699,119.967896,15699,119.9869418
34,4,18213,121.0270137,18213,119.4615385
34,5,17202,120.0776654,17202,119.9366934
34,6,16876,121.1685233,16876,120.3726594
34,7,16061,121.7389328,16061,119.2504825
34,8,17446,120.5021208,17446,119.2309985
34,9,14521,122.4172578,14521,121.6489223
34,10,16197,121.6520961,16197,120.3034513
34,11,20042,121.7317633,20042,120.3051093
34,12,18682,122.6611712,18682,120.885933
34,13,14130,121.4205237,14130,120.4715499
34,14,15880,122.9277078,15880,121.3854534
34,15,17094,120.7909793,17094,120.9766
34,16,13022,121.2060359,13022,119.2934265
35,1,16233,121.6486786,16233,119.2565145
35,2,16179,119.2794981,16179,119.6810681
35,3,15388,120.2650767,15388,120.0808422
35,4,19353,120.3562238,19353,120.8246267
35,5,16922,120.7555254,16922,119.2639759
35,6,16956,122.6010852,16956,121.4226822
35,7,17026,121.1899448,17026,120.3146952
35,8,19672,121.6406059,19672,120.155551
35,9,18169,123.0722659,18169,120.924817
35,10,14615,122.5911735,14615,121.6121793
35,11,15837,121.8401844,15837,120.307192
35,12,17446,120.8165195,17446,121.592686
35,13,17925,120.1021478,17925,120.2235983
35,14,16187,121.0981652,16187,119.3934639
35,15,13489,121.439914,13489,120.1399659
35,16,12242,121.3434896,12242,119.4157
36,1,19592,120.8359535,19592,121.7742956
36,2,16777,119.070394,16777,119.4142576
36,3,18812,121.1932277,18812,119.4178184
36,4,16169,120.7608386,16169,121.7660956
36,5,20187,120.1965621,20187,121.2332689
36,6,16860,120.7708185,16860,119.4489917
36,7,16657,121.2767005,16657,119.2432611
36,8,16550,121.8823565,16550,120.9650755
36,9,19024,121.1028701,19024,120.3319491
36,10,14973,122.0237761,14973,120.1823282
36,11,15321,122.170485,15321,121.1517525
36,12,18735,122.8060849,18735,121.1346677
36,13,20877,122.1107439,20877,124.449442
36,14,20332,121.5995967,20332,119.9762443
36,15,12972,121.2617946,12972,119.2410577
36,16,13038,121.1789385,13038,119.9363399
37,1,16470,121.1299332,16470,123.2220401
37,2,17639,121.2300584,17639,119.4356823
37,3,20537,120.3445002,20537,121.4220675
37,4,13966,121.1094086,13966,120.1132751
37,5,18028,121.4785889,18028,122.8665409
37,6,15771,122.1462811,15771,121.4599582
37,7,16676,119.0699208,16676,119.5718997
37,8,16850,121.164095,16850,119.214362
37,9,19170,123.1200313,19170,121.3020344
37,10,17467,121.1332799,17467,119.6485945
37,11,16024,122.341363,16024,120.1552047
37,12,17419,121.2807853,17419,120.471267
37,13,19430,123.0307771,19430,126.243335
37,14,17188,122.1367233,17188,121.0321154
37,15,20207,121.8082843,20207,120.0230613
37,16,12668,121.3005999,12668,119.4933691
38,1,20141,123.7810436,20141,122.9114741
38,2,17320,121.8944573,17320,120.4681871
38,3,18916,121.5367414,18916,120.9494608
38,4,17607,122.5811325,17607,127.2174135
38,5,19371,121.0474937,19371,119.4137112
38,6,19392,121.0116543,19392,122.5330033
38,7,18500,122.0472432,18500,125.3402162
38,8,15892,121.4249308,15892,121.2727788
38,9,14615,120.6087581,14615,120.114403
38,10,18003,119.0694329,18003,119.7134922
38,11,17738,121.8765926,17738,120.9572105
38,12,21906,121.3358897,21906,120.4083813
38,13,20209,124.3070414,20209,129.7459548
38,14,13579,120.8849694,13579,119.0213565
38,15,17363,121.165294,17363,120.3760871
38,16,17227,121.3949614,17227,119.3058571
39,1,18160,121.0498348,18160,119.5160793
39,2,19997,121.1054658,19997,123.2403361
39,3,16580,122.0006031,16580,120.3867913
39,4,17086,123.7059581,17086,129.2176636
39,5,16122,121.5449076,16122,120.9292271
39,6,20410,125.3165115,20410,132.3086232
39,7,17898,121.9285954,17898,121.5373226
39,8,21975,121.4182935,21975,120.352901
39,9,17452,122.9240775,17452,127.0365001
39,10,13898,120.5879983,13898,119.893294
39,11,16967,120.9341663,16967,120.5227795
39,12,18080,121.9172013,18080,121.0209624
39,13,17419,119.2233768,17419,119.8935071
39,14,18794,124.4393423,18794,124.0546451
39,15,12575,120.9221471,12575,118.982505
39,16,16545,121.6679964,16545,119.2986401
40,1,18311,124.0264322,18311,129.4524057
40,2,21446,122.2538469,21446,127.0227548
40,3,18127,122.3354113,18127,123.0936724
40,4,22088,126.5364451,22088,135.5000905
40,5,17434,122.0534014,17434,120.7198004
40,6,16230,121.2664202,16230,120.5666667
40,7,17389,125.2053597,17389,132.2433722
40,8,18987,121.5533786,18987,121.2810344
40,9,21841,125.5876105,21841,127.0673504
40,10,14456,120.9479109,14456,119.8826785
40,11,18364,119.138423,18364,119.9203333
40,12,19746,121.3630102,19746,120.5989568
40,13,22305,121.8352836,22305,120.708451
40,14,18058,121.3953372,18058,119.2598848
40,15,18531,122.0239059,18531,120.9329772
40,16,13379,120.1828238,13379,118.7930339
41,1,18059,122.4682984,18059,123.6320394
41,2,19783,123.0957388,19783,129.1203559
41,3,18895,123.9092352,18895,130.066896
41,4,18434,119.5203428,18434,120.2671694
41,5,14305,120.9215659,14305,119.9716183
41,6,17943,122.2532464,17943,121.2879117
41,7,20714,126.7778314,20714,128.7914937
41,8,22213,121.8210958,22213,120.9580876
41,9,17757,124.8046967,17757,132.0489948
41,10,21863,128.1368065,21863,138.0260714
41,11,18452,121.9083568,18452,121.493876
41,12,18604,122.0514406,18604,121.1706622
41,13,17648,121.656675,17648,121.5350748
41,14,16276,121.2539322,16276,120.6430941
41,15,18142,121.6485503,18142,119.5313086
41,16,13591,120.3502318,13591,118.8340078
42,1,19488,119.76914,19488,121.805624
42,2,19719,122.8309752,19719,125.3474314
42,3,18551,122.4359334,18551,123.2424128
42,4,19675,126.0809149,19675,132.3259466
42,5,23100,121.8016017,23100,121.4125108
42,6,20966,124.1417056,20966,133.6422303
42,7,15887,120.9172279,15887,120.7785611
42,8,16773,122.8495201,16773,123.22101
42,9,22372,128.9963794,22372,133.1490256
42,10,17210,121.6717606,17210,122.118129
42,11,18988,121.7114493,18988,120.4978934
42,12,17926,122.4118041,17926,122.2181747
42,13,15326,120.8204359,15326,120.0272087
42,14,13710,120.2477753,13710,118.9236324
42,15,16198,124.3996172,16198,123.8599827
42,16,14038,123.0329107,14038,122.842214
43,1,19115,123.7042637,19115,126.8554538
43,2,21861,124.6977723,21861,135.7585655
43,3,19964,123.0501403,19964,123.9367862
43,4,16815,120.8292596,16815,120.335058
43,5,22976,129.7464746,22976,135.1567288
43,6,18796,120.394552,18796,122.939402
43,7,20433,123.7021485,20433,124.180786
43,8,22259,121.6145829,22259,121.5785076
43,9,12792,125.1196842,12792,124.2414009
43,10,19839,121.6989264,19839,120.8046272
43,11,16417,121.2364622,16417,120.8220138
43,12,18154,122.9185304,18154,122.9511402
43,13,19277,121.1607097,19277,122.0696166
43,14,14546,120.1069022,14546,118.7308538
43,15,17657,122.3930453,17657,123.2721867
43,16,10927,122.8811202,10927,123.3435527
44,1,22661,125.0484974,22661,141.2511804
44,2,19395,124.9021397,19395,127.4003094
44,3,16908,122.4922522,16908,124.5044949
44,4,23383,131.4966001,23383,139.6327674
44,5,20384,124.110675,20384,128.9674254
44,6,18066,124.3515997,18066,125.3972656
44,7,22137,121.2125401,22137,121.7743145
44,8,16832,122.1320105,16832,127.1031369
44,9,13710,121.0442743,13710,121.012108
44,10,17889,124.1654089,17889,125.3123148
44,11,16784,120.9283246,16784,121.0626787
44,12,15721,119.9517842,15721,118.4558234
44,13,13988,122.9478839,13988,121.96833
44,14,4485,122.6697882,4485,127.2617614
44,15,14844,121.3387227,14844,119.8963217
44,16,6106,119.4773993,6106,126.1645922
44,17,6292,123.7817864,6292,124.3919263
44,19,4577,123.9504042,4577,124.1854927
45,1,14521,120.8672956,14521,120.83121
45,2,23994,124.7421022,23994,141.5539301
45,3,18788,119.9439004,18788,118.491963
45,4,19113,125.0733009,19113,128.1020771
45,5,18034,125.4161584,18034,127.2630587
45,6,23311,121.5466947,23311,122.2898632
45,7,16113,120.9830572,16113,121.288773
45,8,24619,130.5119217,24619,137.9244892
45,9,16914,123.0329313,16914,128.6719286
45,10,18695,124.2780423,18695,129.2968173
45,11,6046,122.8436983,6046,132.7697651
45,12,17466,122.6963243,17466,124.5345815
45,13,17475,124.3333333,17475,125.780887
45,14,18156,121.3769553,18156,119.6969046
45,15,5664,122.3633475,5664,121.7533545
45,16,7357,120.9140954,7357,131.9676499
45,17,8088,124.2124135,8088,127.0595945
45,18,6463,125.0843262,6463,125.3119294
45,19,5467,119.7415401,5467,121.0089629
46,1,24555,128.077418,24555,145.5631032
46,2,5976,118.1748661,5976,120.314759
46,3,20887,126.0165175,20887,132.2524058
46,4,16555,120.4594382,16555,120.0247055
46,5,11132,125.5006288,11132,159.9379267
46,6,17850,122.8145658,17850,122.7808403
46,7,18319,123.276871,18319,132.5436978
46,8,18444,123.3744307,18444,126.4394383
46,9,16715,120.6675441,16715,122.1200718
46,10,5657,124.6436274,5657,121.315008
46,11,14822,121.0964107,14822,119.9125624
46,12,18237,125.6285025,18237,127.5941767
46,13,20373,123.7335689,20373,129.3250871
46,14,11280,126.5843085,11280,125.249734
46,15,7742,123.0158874,7742,125.4879876
46,16,7940,119.7798489,7940,125.3285894
46,17,9268,120.7941303,9268,127.8605956
46,18,8198,125.3982679,8198,132.9557209
46,19,17452,121.7228971,17452,120.513179
46,20,8224,124.9319066,8224,144.1680447
47,1,24443,127.668535,24443,146.7603404
47,2,16529,120.6483151,16529,120.1387864
47,3,8196,118.5163494,8196,121.8511469
47,4,19464,126.9561241,19464,128.4313091
47,5,17099,120.9098193,17099,122.4661676
47,6,17674,124.7081589,17674,128.7523481
47,7,22023,126.8456614,22023,133.6085456
47,8,21421,124.3833621,21421,131.0046683
47,9,11207,123.4366914,11207,137.7603284
47,10,15145,120.7629581,15145,120.081413
47,11,11683,123.2674827,11683,121.2588376
47,12,17949,123.3506602,17949,134.2703772
47,13,7483,125.7080048,7483,122.6155285
47,14,8667,120.9735779,8667,129.3739472
47,15,9213,119.011614,9213,119.4174536
47,16,8305,122.6793498,8305,128.1290789
47,17,9037,124.0829921,9037,136.3200177
47,18,11241,122.1701806,11241,120.438751
47,19,8214,122.981008,8214,122.7874361
47,20,12446,126.5009642,12446,126.4646473
48,1,19273,126.3317595,19273,132.2574067
48,2,26148,130.4570904,26148,151.2565015
48,3,18075,128.6652282,18075,131.162047
48,4,13209,119.680218,13209,120.9558634
48,5,16665,121.4243024,16665,120.4934293
48,6,17475,120.747525,17475,120.4710157
48,7,17481,120.7216406,17481,124.1880899
48,8,19595,125.2821638,19595,134.7226844
48,9,10525,118.9135392,10525,123.800095
48,10,11087,124.5536214,11087,124.1358348
48,11,14925,122.9780235,14925,121.8048241
48,12,20481,129.8345784,20481,139.067526
48,13,9896,118.7113985,9896,119.0921584
48,14,6052,127.0095836,6052,133.4857898
48,15,14884,121.8578339,14884,122.620129
48,16,10940,121.8705667,10940,121.864808
48,17,9710,118.6763131,9710,119.7898043
48,18,10096,121.31042,10096,121.0616086
48,19,8572,122.3474102,8572,120.504433
48,20,9335,124.9029459,9335,123.6061061
48,21,8600,120.0533721,8600,121.3633721
48,22,6316,125.5520899,6316,135.4221026
49,1,26437,130.1281915,26437,151.8636381
49,2,20313,127.5104613,20313,132.6485994
49,3,17372,120.6214023,17372,120.2493092
49,4,19302,127.6375505,19302,131.4159154
49,5,18071,131.4517736,18071,143.1805102
49,6,16540,120.2620919,16540,124.471584
49,7,13460,119.7064636,13460,121.0316493
49,8,16302,121.5074837,16302,120.390995
49,9,18849,121.7648151,18849,123.4652767
49,10,9921,120.738736,9921,119.6208044
49,11,10436,122.9650249,10436,122.0545228
49,12,9596,118.7776157,9596,119.0192789
49,13,10677,118.2997097,10677,120.2063314
49,14,6927,128.8007796,6927,142.0411434
49,15,8882,122.5735195,8882,120.6262103
49,16,9241,123.8764203,9241,124.4844714
49,17,11089,120.9325458,11089,120.6013166
49,18,8055,126.7857232,8055,145.5527002
49,19,9730,120.5718397,9730,122.7012333
49,20,9824,118.639658,9824,119.0948697
49,21,4285,122.3376896,4285,122.747958
49,22,13374,121.7368028,13374,122.2358307
49,275,2125,121.3402353,2125,120.9661176
50,1,19056,132.3048908,19056,142.1086272
50,2,20185,133.7588308,20185,148.6368591
50,3,13014,119.7295989,13014,120.2219917
50,4,18205,120.6043944,18205,120.8936007
50,5,19663,129.4336571,19663,134.8317144
50,6,16233,121.4814883,16233,121.6256391
50,7,11659,123.4182177,11659,121.1469251
50,8,11588,118.6588712,11588,119.6769934
50,9,16519,120.6925964,16519,126.7128155
50,10,9285,126.7305331,9285,153.9339795
50,11,10327,119.3514089,10327,119.2446015
50,12,8960,120.8248884,8960,119.2780134
50,13,10808,120.2185418,10808,121.9410622
50,14,10100,123.6213861,10100,120.9090099
50,15,11059,118.7371372,11059,119.0338186
50,16,11509,121.7637501,11509,120.9451733
50,17,11434,128.6118594,11434,151.7337765
50,18,8000,124.692375,8000,133.872625
50,19,7490,122.411482,7490,125.7835781
50,20,15609,127.2630534,15609,129.9255558
50,21,9656,123.3217688,9656,124.5925849
50,22,11237,123.0514372,11237,124.4214648
50,23,5605,122.0690455,5605,127.9923283
50,24,7055,120.6316088,7055,123.8167257
51,1,21255,129.5968478,21255,135.2072924
51,2,19142,133.9736182,19142,144.6907324
51,3,17846,120.7621876,17846,121.3181665
51,4,20304,134.1494287,20304,149.7332053
51,5,14104,119.570831,14104,119.7266024
51,6,10149,119.4321608,10149,119.5230072
51,7,12110,118.6466557,12110,119.8175062
51,8,16258,121.5535736,16258,122.0877107
51,9,10368,125.8722029,10368,134.2452739
51,10,10078,121.9281603,10078,128.6684858
51,11,16536,121.1219763,16536,128.1762216
51,12,11339,123.2981744,11339,120.7561513
51,13,8433,122.1621013,8433,125.2982331
51,14,8614,124.98456,8614,134.1042489
51,15,10530,121.6368471,10530,119.311301
51,16,11735,119.5700043,11735,119.4862378
51,17,10572,118.9124101,10572,119.2807416
51,18,10151,123.3657768,10151,120.727613
51,19,11272,121.7312811,11272,120.9323101
51,20,7157,123.4693307,7157,134.4770155
51,21,7761,121.6159,7761,128.7215565
51,22,9929,123.5668245,9929,121.6501158
51,23,12190,127.8885152,12190,130.880968
51,24,4117,127.9329609,4117,127.651931
51,25,4244,122.8739397,4244,126.4262488
52,1,17968,122.1012355,17968,130.0808103
52,2,20826,126.9660521,20826,125.1415538
52,3,20997,133.7721579,20997,147.5777492
52,4,11438,118.8158769,11438,119.3111558
52,5,16434,137.2572107,16434,154.3711817
52,6,12777,120.5304845,12777,119.4504187
52,7,11883,120.2065135,11883,120.0569721
52,8,12883,121.0509974,12883,120.132345
52,9,12993,119.2237359,12993,119.5633803
52,10,10889,122.4253834,10889,119.3869961
52,11,8776,124.9972653,8776,138.6847083
52,12,10298,118.7904447,10298,119.2726743
52,13,12001,122.7533539,12001,122.1053246
52,14,15315,121.4496898,15315,123.398237
52,15,15352,122.1355524,15352,123.2461569
52,16,10620,122.3076271,10620,120.8088512
52,17,10769,122.8767759,10769,121.2339122
52,18,11511,123.647207,11511,120.8029711
52,19,9998,120.7355471,9998,123.3002601
52,20,10331,120.7464911,10331,118.616978
52,21,9754,120.8555464,9754,122.8404757
52,22,7072,124.2235577,7072,120.8513857
52,23,7270,130.1264099,7270,145.0174691
52,24,7498,128.2568685,7498,153.7116564
52,25,11127,119.8355352,11127,119.6029478
52,26,8037,123.9651611,8037,148.9576957
53,1,13013,118.9797126,13013,119.4874356
53,2,18374,120.8864156,18374,123.511919
53,3,21651,131.7346081,21651,145.0567179
53,4,12823,120.2581299,12823,119.5110349
53,5,14546,126.5075622,14546,124.6421697
53,6,10056,118.7647176,10056,119.2876889
53,7,12741,123.3615101,12741,120.7384821
53,8,15561,121.6610758,15561,123.1476126
53,9,11295,118.8391324,11295,119.2269146
53,10,8950,126.6835754,8950,153.7762011
53,11,16856,137.7947318,16856,155.3227931
53,12,11223,122.5102023,11223,119.3989129
53,13,10399,126.6666987,10399,145.2675257
53,14,16274,121.9717955,16274,123.2170333
53,15,10228,122.0616934,10228,120.917677
53,16,12859,120.2547632,12859,119.8436115
53,17,11937,120.7127419,11937,120.302421
53,18,12083,122.1282794,12083,122.0024828
53,19,10556,120.3542061,10556,120.5388405
53,20,10490,120.9489037,10490,120.1545281
53,21,10480,122.1187023,10480,121.1700382
53,22,10611,120.7938931,10611,118.4751673
53,23,8970,125.8881828,8970,120.9438127
53,24,8077,129.8282778,8077,148.3524824
53,25,9447,125.6747115,9447,166.4726368
53,26,9950,120.0240201,9950,119.6188945
54,1,12992,119.2792488,12992,119.2185961
54,2,12184,118.99565,12184,119.2472915
54,3,11323,118.6932792,11323,119.3159057
54,4,21972,139.4514382,21972,159.6175587
54,5,11118,121.9690592,11118,120.4382083
54,6,15455,121.703397,15455,124.3105791
54,7,11745,118.6987654,11745,118.9690932
54,8,10992,121.0342067,10992,122.1049854
54,9,13019,120.6129503,13019,119.6499731
54,10,11122,120.5170833,11122,121.3894983
54,11,9558,119.13371,9558,120.1268048
54,12,10882,121.7243154,10882,121.1058629
54,13,10830,120.1336103,10830,124.3648199
54,14,9726,122.2889163,9726,119.4836521
54,15,10364,120.4552296,10364,120.524122
54,16,8953,121.2286384,8953,122.1437507
54,17,12075,120.3472464,12075,119.9728364
54,18,11526,120.0067673,11526,119.4814333
54,19,12872,127.2143412,12872,126.7009012
54,20,15547,122.809288,15547,124.9168328
54,21,11296,120.9971671,11296,118.684136
54,22,9738,131.8776956,9738,121.5120148
54,23,11286,122.0638845,11286,121.0584795
54,24,10085,122.4619732,10085,124.1002479
54,25,10657,122.1852304,10657,120.4451534
54,26,4584,127.0434119,4584,127.5667539
54,28,4666,121.4862838,4666,124.7368195
55,1,12867,128.1173545,12867,126.1889329
55,2,12078,122.1515152,12078,120.3343269
55,3,12829,119.3962117,12829,119.4844493
55,4,16608,121.7000843,16608,125.1786488
55,5,11776,118.623981,11776,118.8778023
55,6,10384,118.8419684,10384,119.2711864
55,7,11263,121.0021309,11263,121.1623013
55,8,22568,131.9277295,22568,132.498139
55,9,12383,118.6852944,12383,119.2925785
55,10,12598,123.6611367,12598,119.6461343
55,11,12587,120.6889648,12587,120.2195916
55,12,10902,121.7773803,10902,121.1201614
55,13,10360,119.2153475,10360,119.0259653
55,14,12009,119.3446582,12009,120.588059
55,15,8599,120.3467845,8599,120.7850913
55,16,12013,126.2765338,12013,120.5321735
55,17,11081,120.7430737,11081,120.4241494
55,18,10533,120.9894617,10533,120.083452
55,19,16980,122.9748528,16980,125.3310954
55,20,10210,120.389716,10210,120.0644466
55,21,10256,121.2191888,10256,120.2978744
55,22,14092,120.1975589,14092,119.2230343
55,23,8418,121.2401996,8418,118.7163222
55,24,7500,123.0917333,7500,127.886
55,25,9025,121.6100831,9025,120.881108
55,26,4647,118.7682376,4647,123.0540133
55,27,7147,125.9254233,7147,130.5623338
55,28,4248,122.6513653,4248,128.9112524
56,1,18489,123.0471091,18489,127.3113743
56,2,11795,121.4311997,11795,121.0206867
56,3,12195,118.7387454,12195,118.9576876
56,4,12051,122.0768401,12051,119.4564766
56,5,11912,119.4249496,11912,119.0387005
56,6,11098,118.9773833,11098,119.247432
56,7,11409,122.2623368,11409,120.5967219
56,8,18370,123.8099619,18370,127.5719107
56,9,11455,120.9086862,11455,120.178612
56,10,13904,121.2611479,13904,120.5370397
56,11,11720,118.7476962,11720,119.7654437
56,12,11117,121.1430242,11117,120.0934605
56,13,10137,123.260728,10137,120.724376
56,14,11521,120.2682059,11521,120.5483899
56,15,10906,120.303686,10906,119.9723088
56,16,10374,119.525641,10374,120.5537883
56,17,12441,121.0607668,12441,120.4080862
56,18,17539,121.0874052,17539,119.9339757
56,19,10454,126.2425866,10454,139.7920413
56,20,13165,119.3046715,13165,119.2473984
56,21,8529,121.2641576,8529,137.0263806
56,22,7410,122.7767881,7410,136.5333333
56,23,12013,121.3449596,12013,122.0844086
56,24,9153,120.9332459,9153,118.4806075
56,25,9924,127.027106,9924,143.5835349
56,26,10385,121.9859413,10385,120.3148772
56,27,4209,126.8474697,4209,127.479924
56,28,13236,129.5077818,13236,131.2903445
56,30,4272,125.5299625,4272,130.3176498
57,1,16780,123.8445173,16780,127.0417163
57,2,12046,118.4925286,12046,119.1852897
57,3,12076,121.576267,12076,121.2793972
57,4,11321,123.0897447,11321,119.7201661
57,5,11825,118.7154334,11825,119.8145455
57,6,10847,119.5171937,10847,119.0767032
57,7,11739,122.1615129,11739,121.5672545
57,8,11868,119.9105999,11868,119.1973374
57,9,13293,121.425788,13293,120.1406003
57,10,11377,121.253406,11377,120.4752571
57,11,7904,124.7068573,7904,142.5560476
57,12,12261,119.9895604,12261,120.5532175
57,13,13335,119.1353581,13335,119.0804649
57,14,10280,119.861965,10280,120.7480545
57,15,10633,121.4865983,10633,120.1056146
57,16,10535,123.344281,10535,120.3227337
57,17,16675,120.7936432,16675,119.761979
57,18,11672,120.5024846,11672,120.3567512
57,19,14421,123.7114625,14421,127.0449345
57,20,7110,127.9268636,7110,132.0672293
57,21,12096,120.9830522,12096,120.7489253
57,22,9051,121.5377306,9051,141.2264943
57,23,10602,126.2555178,10602,141.0024524
57,24,11930,120.8409053,11930,119.8814753
57,25,10390,122.5438884,10390,121.0454283
57,26,9481,128.0064339,9481,146.3225398
57,27,4195,130.7501788,4195,132.3144219
57,28,9723,120.6506222,9723,118.4361822
57,29,3234,124.2022263,3234,133.7266543
57,30,6174,126.2827988,6174,137.1929057
58,1,14671,121.8636085,14671,120.2150501
58,2,12648,122.0739247,12648,121.6529096
58,3,11611,119.7630695,11611,119.1014555
58,4,11839,122.7601149,11839,119.6383985
58,5,12869,118.6881654,12869,120.1500505
58,6,10878,119.5353006,10878,120.4350984
58,7,12797,118.5369227,12797,119.1538642
58,8,12245,120.1766435,12245,120.5916701
58,9,11422,121.1840308,11422,120.1670461
58,10,14699,121.3302946,14699,119.8919654
58,11,11255,120.3875611,11255,120.0021324
58,12,10288,121.7083009,10288,120.1389969
58,13,10547,125.37404,10547,137.0712051
58,14,10838,118.7835394,10838,120.343329
58,15,13372,121.6590637,13372,121.169309
58,16,14706,122.8088535,14706,126.1121311
58,17,12507,119.5151515,12507,119.1523147
58,18,12020,120.1388519,12020,120.0809484
58,19,14105,119.9590216,14105,119.3843318
58,20,11249,122.0117344,11249,121.5453818
58,21,12355,121.4759207,12355,121.3316066
58,22,8775,126.5617094,8775,150.1392593
58,23,11257,122.2631252,11257,122.4092565
58,24,16100,120.2868944,16100,119.9610559
58,25,10605,120.7148515,10605,118.5402169
58,26,8933,132.9360797,8933,159.9060786
58,27,9196,129.1358199,9196,148.349826
58,28,10369,122.489729,10369,120.9603626
58,29,9643,125.1658198,9643,128.5304366
58,30,8615,130.693906,8615,170.6915844
59,1,15671,121.3834471,15671,120.1573607
59,2,13044,122.7720025,13044,119.7911684
59,3,12209,118.4758785,12209,119.088787
59,4,11969,119.4997076,11969,119.2384493
59,5,13299,121.9229265,13299,121.420182
59,6,12605,118.8086474,12605,120.285839
59,7,12144,120.1979578,12144,120.1257411
59,8,11704,119.7130895,11704,119.2913534
59,9,12322,120.3782665,12322,120.4412433
59,10,16225,120.1998151,16225,120.014792
59,11,9740,130.2922998,9740,151.0329569
59,12,11390,123.53705,11390,128.4015803
59,13,13022,120.8327446,13022,119.6353863
59,14,10343,119.5499372,10343,120.5140675
59,15,12066,120.0048898,12066,119.8786673
59,16,13562,120.6334611,13562,121.2271051
59,17,9295,121.9643895,9295,119.8235611
59,18,8745,126.4935392,8745,145.0993711
59,19,10661,121.002814,10661,120.0832005
59,20,13907,119.7701158,13907,119.3741281
59,21,10225,122.7647922,10225,121.6906601
59,22,11107,118.937787,11107,120.0158459
59,23,11541,122.3517893,11541,121.5202322
59,24,9622,129.8791312,9622,169.0147578
59,25,13225,123.5004915,13225,127.3889603
59,26,11409,120.3530546,11409,118.5304584
59,27,8889,129.9844752,8889,155.2078974
59,28,10867,122.6350419,10867,121.3022913
59,29,9899,122.2029498,9899,121.3193252
59,30,9895,121.4483072,9895,121.1654371
60,1,13856,121.2575779,13856,119.6002454
60,2,13269,121.49431,13269,120.9379004
60,3,16719,123.9194928,16719,125.3724505
60,4,13482,122.2407655,13482,119.8308856
60,5,13185,120.4301858,13185,120.162154
60,6,12001,118.4947088,12001,119.0562453
60,7,14338,120.2466174,14338,120.9616404
60,8,13464,120.237448,13464,120.4163696
60,9,12823,120.0088123,12823,119.7619122
60,10,10891,120.3039207,10891,118.8978973
60,11,11716,120.1258962,11716,120.2085183
60,12,11951,121.207012,11951,120.9731403
60,13,14430,122.0856549,14430,119.9970201
60,14,12285,122.8678877,12285,121.2222222
60,15,10529,120.1752303,10529,119.1209991
60,16,10247,120.8843564,10247,119.9735532
60,17,16579,119.7857531,16579,119.8852766
60,18,12473,119.2162271,12473,120.5782089
60,19,10022,120.4026142,10022,118.4788465
60,20,12259,121.6965495,12259,121.1385105
60,21,11306,118.9303025,11306,119.9633823
60,22,10625,120.7464471,10625,119.4171294
60,23,10330,118.7340755,10330,120.7684414
60,24,14399,120.0109035,14399,119.2854365
60,25,11469,122.9545732,11469,121.9591943
60,26,10205,120.955414,10205,120.6697697
60,27,9941,122.055427,9941,120.8158133
60,28,10641,121.6131003,10641,120.4260878
60,29,8914,121.4965223,8914,120.6599731
60,30,4255,142.7381904,4255,123.0620447
60,32,3595,122.5663421,3595,122.9260083
61,1,13402,122.0896881,13402,121.1581853
61,2,13515,121.9715871,13515,119.6249353
61,3,14187,121.2646084,14187,119.6620145
61,4,14299,122.289251,14299,119.8771243
61,5,11696,120.7305062,11696,120.061474
61,6,14761,119.904207,14761,121.2142131
61,7,13028,119.1020111,13028,120.4830365
61,8,11909,119.9487782,11909,118.9308086
61,9,12716,118.5298836,12716,119.1893677
61,10,12760,120.6055643,12760,119.8991379
61,11,13804,120.150681,13804,120.4259635
61,12,11757,121.3735647,11757,120.9143489
61,13,9710,121.0090628,9710,119.2570546
61,14,13107,119.9183642,13107,120.0444038
61,15,11140,121.1822262,11140,120.1111311
61,16,10874,118.8291337,10874,120.894611
61,17,17115,119.7009056,17115,119.7985393
61,18,10983,122.8159883,10983,120.7154694
61,19,10307,122.0236732,10307,120.8757155
61,20,11134,118.9286869,11134,119.9332675
61,21,11076,122.8373962,11076,121.6241423
61,22,12457,120.116561,12457,118.6150759
61,23,10612,122.2712966,10612,120.6823407
61,24,19309,122.876586,19309,124.2621575
61,25,14459,120.121931,14459,119.401895
61,26,12647,121.7083893,12647,121.2148336
61,27,10292,121.3532841,10292,120.7639914
61,28,10745,121.9450907,10745,121.0244765
61,29,9574,119.9773344,9574,119.0609985
61,30,6161,144.3380945,6161,124.608992
61,31,6801,122.5385973,6801,123.5972651
62,1,14285,121.8879944,14285,121.0362618
62,2,14226,122.1024181,14226,119.873682
62,3,11168,121.2972779,11168,122.2525072
62,4,12087,119.9796476,12087,120.0081906
62,5,15060,121.3740372,15060,119.8510624
62,6,11516,122.299149,11516,120.1587357
62,7,17235,120.7823615,17235,120.0171744
62,8,12099,119.382015,12099,118.9014795
62,9,12197,119.9695007,12197,119.9458063
62,10,13465,120.3084293,13465,119.8925362
62,11,11332,121.1994352,11332,120.3989587
62,12,12473,119.0736791,12473,120.4948288
62,13,14029,119.9167439,14029,120.3104284
62,14,13479,122.8377476,13479,119.7406336
62,15,11329,122.3265072,11329,121.4097449
62,16,13229,118.6973316,13229,119.2988132
62,17,11843,121.8845732,11843,120.8871907
62,18,8823,124.733084,8823,130.6926216
62,19,10403,120.807171,10403,119.3459579
62,20,11570,122.7928263,11570,120.8839239
62,21,11991,120.392878,11991,118.513385
62,22,11013,120.4548261,11013,119.0445837
62,23,13662,119.6135998,13662,120.1842336
62,24,10908,118.6377888,10908,120.8323249
62,25,10141,121.5644414,10141,120.4761858
62,26,8953,127.1302357,8953,126.9026025
62,27,10919,121.6161736,10919,120.0489056
62,28,11459,118.6551182,11459,119.9015621
62,29,13729,119.7227038,13729,119.3027897
62,30,11285,122.6615862,11285,121.6233939
62,31,9006,123.392183,9006,121.0676216
63,1,14067,121.876093,14067,119.6390133
63,2,11277,121.2439479,11277,120.3000798
63,3,14559,121.4011951,14559,119.7556151
63,4,15237,122.061495,15237,121.2541839
63,5,12093,119.6602167,12093,119.9010171
63,6,16311,120.4337564,16311,120.0202931
63,7,10583,121.0751205,10583,119.411509
63,8,13232,118.8830109,13232,119.5144347
63,9,13049,122.1675224,13049,119.6463331
63,10,14350,119.9126829,14350,120.5165157
63,11,12554,120.0186395,12554,120.002788
63,12,9520,123.6792017,9520,127.2618697
63,13,11492,118.3970588,11492,120.4633658
63,14,13570,119.09521,13570,120.5010317
63,15,11801,121.7838319,11801,120.0457588
63,16,12012,119.0716783,12012,118.6293706
63,17,14910,119.8518444,14910,120.365996
63,18,10949,120.7947758,10949,122.2914421
63,19,10861,121.2678391,10861,120.0522972
63,20,11762,121.5170889,11762,120.6548206
63,21,11750,122.5444255,11750,120.6894468
63,22,12978,120.1149638,12978,118.5380644
63,23,13163,120.038669,13163,119.724303
63,24,11456,118.6368715,11456,119.8447102
63,25,11463,121.9735671,11463,121.238681
63,26,10913,122.8939797,10913,121.2493357
63,27,9500,125.4690526,9500,123.1264211
63,28,11100,120.388018,11100,119.1465766
63,29,15051,119.8148296,15051,119.6772307
63,30,10617,121.3801451,10617,120.4052934
63,31,10189,122.7385416,10189,120.8901757
64,1,13576,121.2878609,13576,120.8347083
64,2,13985,118.9704684,13985,119.4705041
64,3,10183,125.5171364,10183,119.9979377
64,4,14285,122.1325166,14285,121.3247462
64,5,11525,121.0017354,11525,119.6081562
64,6,14517,119.893022,14517,120.261831
64,7,14546,120.1746185,14546,119.0103809
64,8,12093,119.567353,12093,119.8255189
64,9,13922,122.5512139,13922,119.6874731
64,10,13348,121.8039407,13348,119.5346868
64,11,12908,119.8314998,12908,120.1891075
64,12,11387,119.773338,11387,118.8042505
64,13,13486,119.3100252,13486,120.6180483
64,14,14222,119.5519617,14222,120.9230769
64,15,16513,120.5727003,16513,120.357597
64,16,11260,120.4639432,11260,119.0114565
64,17,14579,121.7957336,14579,119.5530558
64,18,13337,120.4848917,13337,120.1804754
64,19,10788,120.2418428,10788,121.471079
64,20,12024,123.0969727,12024,121.3467232
64,21,11901,121.7082598,11901,119.8753886
64,22,10418,121.0911883,10418,120.2586869
64,23,11960,122.7522575,11960,121.5137124
64,24,11213,118.8173549,11213,120.5784357
64,25,11466,118.7517879,11466,119.8914181
64,26,11001,123.111808,11001,120.7343878
64,27,13934,119.8284771,13934,119.5406918
64,28,9864,121.1936334,9864,120.3215734
64,29,11051,121.4481042,11051,120.2083069
64,30,10855,122.0947029,10855,120.2778443
64,31,4464,121.9003136,4464,125.9325717
64,32,5322,120.5685832,5322,122.0099587
65,1,14297,122.8116388,14297,121.4410716
65,2,13987,120.0903696,13987,118.7747909
65,3,15189,120.2694713,15189,120.8293502
65,4,13080,120.7734709,13080,120.2844801
65,5,13237,121.6955504,13237,119.5711264
65,6,14630,120.0042379,14630,120.6023923
65,7,13990,119.2464618,13990,119.5054325
65,8,13275,121.2981544,13275,120.6593597
65,9,11800,119.624661,11800,119.0233898
65,10,12747,119.5238095,12747,119.9769357
65,11,14588,122.028448,14588,119.5740335
65,12,16718,120.6476851,16718,120.1382941
65,13,11715,118.9760137,11715,120.7338455
65,14,11398,120.81681,11398,119.5166696
65,15,12138,122.7718735,12138,121.3404185
65,16,13428,122.0816205,13428,119.6778374
65,17,12993,119.7943508,12993,120.1074425
65,18,11105,118.5954975,11105,119.7049077
65,19,11053,124.2888808,11053,120.1085678
65,20,10069,120.9810309,10069,120.0840203
65,21,11646,120.5108192,11646,119.0506612
65,22,14320,119.7309358,14320,119.684148
65,23,13437,119.2307063,13437,120.6488055
65,24,11912,121.5030222,11912,119.847045
65,25,10770,120.3859796,10770,120.8354689
65,26,10812,122.7955975,10812,120.6236589
65,27,11852,121.2392845,11852,120.3823827
65,28,9573,120.7676799,9573,120.1525123
65,29,11501,122.2693679,11501,121.6093383
65,30,6202,120.7994195,6202,124.5565946
65,31,6246,122.0712456,6246,129.0688441
65,32,11077,122.2540399,11077,120.4441636
66,1,14488,121.4185533,14488,119.6508145
66,2,10735,121.4666046,10735,120.3002329
66,3,14019,121.9772452,14019,120.9944361
66,4,13460,121.6552749,13460,119.808321
66,5,15431,119.7966431,15431,120.6087745
66,6,13102,121.1335674,13102,119.5901389
66,7,12162,119.8185331,12162,124.7451899
66,8,14066,122.6125409,14066,120.7091568
66,9,14015,118.8782019,14015,119.4359615
66,10,13097,120.6447278,13097,120.2880812
66,11,10224,121.0376565,10224,125.3051643
66,12,12006,120.4488589,12006,118.7933533
66,13,11082,121.933225,11082,120.5445768
66,14,12856,118.7011512,12856,119.5690728
66,15,14609,122.0866589,14609,120.0939832
66,16,13525,119.4774861,13525,120.5320518
66,17,12470,122.0747394,12470,120.7461909
66,18,15283,119.6097625,15283,119.7814565
66,19,14365,121.5253046,14365,119.8513749
66,20,11644,118.4856578,11644,120.6937479
66,21,12499,122.7089367,12499,121.2585807
66,22,13927,121.3290012,13927,119.8953831
66,23,12895,119.8424195,12895,119.8708802
66,24,12780,120.7113459,12780,119.5571205
66,25,12374,118.9347018,12374,118.9804429
66,26,14852,120.0994479,14852,119.8123485
66,27,13352,119.2989065,13352,120.179973
66,28,9030,120.1616833,9030,118.6816168
66,29,14471,120.7893718,14471,120.0988874
66,30,12037,122.4320013,12037,121.0475201
66,31,10849,121.8813716,10849,120.1772514
66,32,8670,123.2470588,8670,132.9637832
67,1,14203,121.7675139,14203,119.9000915
67,2,11421,121.5912792,11421,120.5939935
67,3,15641,120.2052298,15641,121.1292117
67,4,14477,122.4118947,14477,121.2089521
67,5,13029,120.5730294,13029,118.9943204
67,6,14131,118.9622815,14131,119.5651405
67,7,14384,119.6797136,14384,119.8513626
67,8,12691,121.5126468,12691,119.7699945
67,9,14289,121.5748478,14289,120.1341591
67,10,12568,120.7319383,12568,120.4536123
67,11,13799,122.5256178,13799,120.3284296
67,12,11800,119.9932203,11800,124.5691525
67,13,15654,121.9261531,15654,120.0688003
67,14,12585,118.8232022,12585,118.8887565
67,15,13263,120.0058056,13263,119.7056473
67,16,14685,122.4484168,14685,120.8488934
67,17,12631,118.661547,12631,119.6434962
67,18,13269,120.7017861,13269,119.3354435
67,19,13551,119.4127371,13551,120.0396281
67,20,13281,122.6728409,13281,120.8579173
67,21,12590,121.7861795,12590,121.1119142
67,22,12013,122.3004245,12013,121.3245651
67,23,13551,119.3150321,13551,120.5125083
67,24,10117,120.4220619,10117,120.57863
67,25,11924,118.6756122,11924,120.7972157
67,26,13863,121.0141384,13863,120.2943807
67,27,9732,121.0595972,9732,123.7158857
67,28,11189,122.7234784,11189,120.8268835
67,29,13591,121.3159444,13591,119.8120815
67,30,9795,120.0113323,9795,118.7137315
67,31,15270,120.1774722,15270,119.8967911
67,32,11461,122.4562429,11461,120.3329552
68,1,14053,121.3708105,14053,120.1021846
68,2,15552,122.1556713,15552,120.586034
68,3,13595,119.0766458,13595,118.9297536
68,4,11843,121.0846069,11843,120.5703791
68,5,15670,120.6256541,15670,121.1291002
68,6,13632,119.7371626,13632,120.253081
68,7,15531,119.737042,15531,120.3263795
68,8,14506,119.1461464,14506,119.7670619
68,9,14880,122.172043,14880,119.8077285
68,10,10446,120.3076776,10446,120.0488225
68,11,12212,120.1478054,12212,118.8702915
68,12,14514,122.3781866,14514,121.1373846
68,13,13807,120.0122402,13807,119.9038893
68,14,13069,118.8787206,13069,119.9331242
68,15,13958,119.7609973,13958,120.8430291
68,16,13495,120.2932197,13495,120.4631345
68,17,13106,122.9150771,13106,120.407447
68,18,12080,120.1679636,12080,118.6278146
68,19,15913,121.9394206,15913,121.4615095
68,20,12902,119.5613858,12902,125.9722524
68,21,13506,121.298608,13506,119.5122168
68,22,14295,120.9704792,14295,120.8093739
68,23,16342,120.2595766,16342,120.4641415
68,24,13535,124.0602881,13535,120.8878463
68,25,12301,118.7350622,12301,120.9908138
68,26,10641,120.4169721,10641,118.7237102
68,27,12362,122.450817,12362,121.4929623
68,28,11859,122.7169239,11859,120.8159204
68,29,11762,121.0122428,11762,119.4177011
68,30,14372,121.1033955,14372,119.7156276
68,31,12288,123.023763,12288,121.7813314
68,32,11492,121.6620258,11492,120.2933345
69,1,14061,121.6254178,14061,120.0603087
69,2,15507,122.3736377,15507,120.3363642
69,3,16085,120.8504818,16085,121.1395089
69,4,14391,118.9585852,14391,119.8414982
69,5,11464,120.7622994,11464,120.2685799
69,6,13024,119.6002764,13024,119.1112561
69,7,14168,119.7456239,14168,120.4541925
69,8,16237,120.0547515,16237,120.5598941
69,9,15723,121.7258157,15723,121.5013038
69,10,12289,122.5949223,12289,121.6184393
69,11,12869,119.1277489,12869,120.1774031
69,12,12671,118.7809171,12671,121.2366033
69,13,13238,122.7470162,13238,121.7758725
69,14,13755,120.146783,13755,120.1569611
69,15,12898,121.4993797,12898,119.3610637
69,16,12623,120.0570387,12623,128.6205339
69,17,10089,120.6409951,10089,120.289325
69,18,13411,120.2204161,13411,118.769443
69,19,10086,120.314297,10086,118.5474916
69,20,12810,124.0640125,12810,121.0327088
69,21,14216,121.1662915,14216,119.7343134
69,22,13969,122.5582361,13969,121.3419715
69,23,13835,120.2991688,13835,120.8489339
69,24,12001,121.4717107,12001,119.5372886
69,25,15590,120.2191148,15590,120.3876844
69,26,12377,123.5575665,12377,121.5194312
69,27,13801,122.6082168,13801,120.469024
69,28,13188,120.538444,13188,120.5190325
69,29,14344,122.4119492,14344,119.8808561
69,30,10143,120.1990535,10143,118.9544513
69,31,13326,120.332658,13326,119.9324629
69,32,10798,122.1659567,10798,120.2572699
70,1,16586,120.7672133,16586,121.1597733
70,2,15720,120.4121501,15720,120.7204835
70,3,13537,119.9560464,13537,119.3245919
70,4,15745,121.3339473,15745,121.4255954
70,5,14053,122.6229986,14053,121.1196186
70,6,12369,121.037594,12369,119.8458242
70,7,13091,120.1701933,13091,129.1281797
70,8,16309,121.9731437,16309,120.3910724
70,9,14275,121.3509632,14275,119.9154466
70,10,14284,120.0275833,14284,121.041375
70,11,13531,118.8507132,13531,121.4147513
70,12,13850,122.1244043,13850,120.4021661
70,13,15727,120.4942456,15727,118.8211992
70,14,11636,120.6650052,11636,119.9898591
70,15,13764,120.4358471,13764,120.1950741
70,16,13929,120.4136693,13929,118.8678297
70,17,15671,121.3288239,15671,120.972816
70,18,14761,118.9676851,14761,119.8146467
70,19,13535,119.2054673,13535,120.4568895
70,20,14670,123.4751875,14670,121.4109066
70,21,13375,123.2516636,13375,121.0727477
70,22,13563,120.3495539,13563,121.2309224
70,23,12539,120.64742,12539,120.6864184
70,24,15514,120.3326028,15514,120.488462
70,25,13835,122.1693531,13835,119.7969642
70,26,11870,120.5756529,11870,119.1210615
70,27,11402,119.547974,11402,118.2859148
70,28,14020,120.3567047,14020,120.1517118
70,29,10574,120.7906185,10574,119.9317193
70,30,15350,121.2352443,15350,120.1992834
70,31,13566,122.8059856,13566,122.0155536
70,32,11848,121.6818028,11848,120.2950709
71,1,15006,121.999067,15006,119.9304945
71,2,17496,120.8914037,17496,121.433642
71,3,16533,121.9248775,16533,121.8209641
71,4,16814,120.8739146,16814,121.3667182
71,5,15934,122.2562445,15934,120.7414334
71,6,13297,125.2029029,13297,121.441453
71,7,13450,120.1051301,13450,119.272342
71,8,13413,120.3401924,13413,130.6170879
71,9,11866,121.0821675,11866,120.3695432
71,10,12724,121.5343445,12724,119.6170229
71,11,13771,119.2309927,13771,120.4722242
71,12,15058,123.3604728,15058,122.0529951
71,13,12544,121.1155931,12544,119.3058036
71,14,14220,120.1414205,14220,121.6463432
71,15,12611,120.5821109,12611,119.0583617
71,16,16403,119.4228495,16403,120.3124428
71,17,13342,120.2701994,13342,121.0773497
71,18,11440,121.0497378,11440,120.305507
71,19,15614,121.3827334,15614,121.2876265
71,20,14870,122.2200403,14870,119.9710827
71,21,12770,120.0079875,12770,118.5707126
71,22,14226,120.5436525,14226,120.7579081
71,23,15198,120.9336097,15198,120.5246743
71,24,13514,118.8672488,13514,121.9371023
71,25,14634,121.1432964,14634,120.1476015
71,26,13958,123.3396618,13958,121.0149735
71,27,14798,123.4577646,14798,121.153264
71,28,13412,120.5606174,13412,120.4728601
71,29,16366,120.2421484,16366,120.6781743
71,30,11569,121.4557006,11569,120.2836027
71,31,13162,122.8522261,13162,121.9920225
71,32,12756,120.273048,12756,118.8429759
72,1,13641,119.6117587,13641,119.5520123
72,2,15642,120.3325022,15642,120.1168009
72,3,17516,121.2956154,17516,121.9035168
72,4,17840,122.1740471,17840,121.8754484
72,5,14348,124.1868553,14348,121.5205604
72,6,14138,122.0509266,14138,119.9398783
72,7,14659,121.2677536,14659,120.4514633
72,8,17099,123.8257208,17099,121.1883736
72,9,13582,119.0946105,13582,121.9960241
72,10,13881,120.2600677,13881,131.0064837
72,11,15246,122.3395645,15246,120.6782763
72,12,12397,122.3232234,12397,121.6268452
72,13,13875,119.4335135,13875,120.4838919
72,14,17127,120.8510539,17127,120.9584282
72,15,11189,122.0395031,11189,120.4463312
72,16,13159,121.0105631,13159,120.452846
72,17,15097,119.0244419,15097,120.0575611
72,18,16754,122.0903068,16754,121.3722693
72,19,14109,133.5924587,14109,121.9710823
72,20,13686,120.8752009,13686,121.2312582
72,21,13501,122.60477,13501,119.6604696
72,22,14487,120.4728377,14487,121.9612756
72,23,15820,120.4276865,15820,119.1063843
72,24,13148,120.2817919,13148,119.1045786
72,25,15314,121.505877,15314,120.2096774
72,26,10220,122.8651663,10220,120.6176125
72,27,17209,119.9010983,17209,120.0534023
72,28,15551,122.9219343,15551,121.8982059
72,29,10508,121.7378188,10508,120.0296917
72,30,8443,121.5737297,8443,120.5323937
72,31,8488,119.9985862,8488,118.5993167
72,32,14021,120.378789,14021,121.1039156
73,1,13262,124.9894435,13262,121.3580154
73,2,17527,121.8307183,17527,122.030182
73,3,13750,119.6566545,13750,119.8648727
73,4,14941,122.2423533,14941,120.0891507
73,5,15316,119.1395926,15316,120.2513058
73,6,14442,121.1924249,14442,119.4567927
73,7,13924,118.8692904,13924,121.5397156
73,8,16406,123.2005364,16406,122.1126417
73,9,13851,120.7401632,13851,121.3522489
73,10,15445,122.7259307,15445,120.8831984
73,11,15782,121.5437207,15782,120.9655304
73,12,13491,135.3923356,13491,122.3105774
73,13,13726,121.1702608,13726,120.9410608
73,14,15904,120.1008551,15904,120.149585
73,15,13717,119.6847707,13717,120.6319166
73,16,15365,124.5023104,15365,121.6279206
73,17,14714,122.0360201,14714,120.8585701
73,18,13511,120.3323218,13511,121.9093331
73,19,13552,122.8178129,13552,120.1156287
73,20,12269,120.810987,12269,119.5441356
73,21,12731,122.4155212,12731,120.7416542
73,22,10656,123.107545,10656,121.0619369
73,23,12766,122.609118,12766,122.289049
73,24,10671,121.7553182,10671,120.6949677
73,25,18001,122.1912116,18001,120.7896228
73,26,16287,120.8331184,16287,120.7341438
73,27,13503,120.9325335,13503,120.628527
73,28,13573,120.6872467,13573,132.1236278
73,29,17029,121.8534265,17029,121.764813
73,30,10765,122.3522527,10765,120.3071993
73,31,11427,121.3680756,11427,119.8801085
73,32,10090,121.5001982,10090,119.0210109
74,1,16674,123.8512055,16674,121.8420295
74,2,15393,123.2886377,15393,121.2481648
74,3,15586,122.9366098,15586,120.8591043
74,4,11179,122.0052778,11179,120.8863047
74,5,12611,119.7541829,12611,120.5147887
74,6,12700,129.3508661,12700,121.9774803
74,7,15413,121.3962888,15413,119.733861
74,8,17139,122.1848416,17139,123.6640411
74,9,12918,123.0088249,12918,120.0875523
74,10,13855,121.0752075,13855,121.4406351
74,11,18516,119.0982394,18516,119.2167315
74,12,14577,123.6667353,14577,121.0262057
74,13,15530,120.5242756,15530,122.956085
74,14,13736,122.4240681,13736,122.4218113
74,15,16886,122.4316001,16886,121.1370366
74,16,14361,118.9932456,14361,120.1678852
74,17,13236,119.0559837,13236,121.2365518
74,18,14358,124.8127176,14358,121.7865998
74,19,13239,121.0479643,13239,122.2216179
74,20,12873,123.8162821,12873,120.4061213
74,21,11646,123.3123819,11646,121.0472265
74,22,14688,123.1572032,14688,121.0688317
74,23,13922,122.4898003,13922,120.6369774
74,24,13162,121.0208175,13162,129.6876614
74,25,13616,121.4646739,13616,120.7367803
74,26,15548,122.5209673,15548,120.5076537
74,27,11159,122.566359,11159,119.2876602
74,28,12105,123.1996696,12105,120.8503098
74,29,17231,120.4166908,17231,120.2313273
74,30,14000,123.8687143,14000,122.0778571
74,31,14190,120.7630021,14190,121.2744186
74,32,13437,124.2929969,13437,121.6803602
75,1,17413,122.5961064,17413,120.6094297
75,2,18729,122.6488334,18729,124.3820813
75,3,16243,122.2663301,16243,120.2897864
75,4,14410,124.395975,14410,121.0890354
75,5,12395,124.2985881,12395,122.5886244
75,6,13604,122.4782417,13604,120.5154366
75,7,14092,121.3144337,14092,122.0351973
75,8,16398,123.9273082,16398,122.0481766
75,9,13174,120.414225,13174,120.8752847
75,10,13096,125.6380574,13096,121.5819334
75,11,11328,123.1311794,11328,120.8483404
75,12,15599,119.8258863,15599,122.1739214
75,13,14294,118.8614803,14294,119.9097523
75,14,15891,122.1047134,15891,121.4242653
75,15,15519,121.6936658,15519,119.7050712
75,16,13356,120.4399521,13356,120.6665918
75,17,15495,122.6056793,15495,121.3947725
75,18,14792,122.9458491,14792,122.2073418
75,19,12783,130.8918877,12783,121.6166784
75,20,14814,124.04543,14814,121.2017686
75,21,16187,123.1469698,16187,120.5986903
75,22,13085,120.8330913,13085,123.9172335
75,23,11420,121.4021016,11420,121.3097198
75,24,13434,119.215498,13434,121.3331845
75,25,15192,122.4122565,15192,121.2473012
75,26,13027,124.7091426,13027,120.6048975
75,27,12539,119.4019459,12539,119.8266209
75,28,12780,124.622457,12780,121.9805164
75,29,13502,121.2204859,13502,121.5477707
75,30,12143,122.0501524,12143,119.9972824
75,31,11994,122.2534601,11994,119.1649158
75,32,17025,120.6146256,17025,120.1798532
76,1,16777,122.1195685,16777,120.1328605
76,2,18859,124.3924386,18859,131.4111035
76,3,14067,122.3472667,14067,120.3968863
76,4,13695,121.5965681,13695,123.1034684
76,5,15875,121.4908346,15875,122.1255433
76,6,16417,121.1298045,16417,120.530243
76,7,16163,123.3100291,16163,120.3230217
76,8,14251,124.941548,14251,122.4207424
76,9,15058,124.7351574,15058,120.9065613
76,10,13361,120.2302223,13361,120.724796
76,11,14779,123.6603965,14779,122.378916
76,12,13543,124.0390608,13543,121.361146
76,13,16997,121.2604577,16997,119.2979938
76,14,12935,123.2581368,12935,121.6002319
76,15,13618,119.7238214,13618,121.5862094
76,16,15653,122.3877851,15653,121.0254903
76,17,15827,125.2149491,15827,121.8249194
76,18,11449,120.2967071,11449,121.4471133
76,19,16269,123.1233635,16269,121.5450243
76,20,13294,124.4887167,13294,121.9326012
76,21,13798,122.6132773,13798,120.8055515
76,22,13592,122.6691436,13592,121.9065627
76,23,10827,123.3223423,10827,120.7870139
76,24,15082,119.0469434,15082,120.4680414
76,25,13544,124.0910366,13544,120.4622711
76,26,14391,121.825099,14391,121.5761935
76,27,13543,120.1463487,13543,121.0141771
76,28,13460,125.4817236,13460,121.3060178
76,29,16485,120.970458,16485,123.3009402
76,30,12116,120.2200396,12116,119.6276824
76,31,16547,119.5170121,16547,119.9316492
76,32,14947,120.2864789,14947,119.6396601
77,1,16928,122.4701678,16928,122.8966801
77,2,13456,119.2480678,13456,119.3207491
77,3,14375,123.1134609,14375,120.7909565
77,4,14129,124.6243188,14129,121.7891571
77,5,14726,121.8305039,14726,120.142537
77,6,13403,122.5383123,13403,123.5864359
77,7,15498,119.4605756,15498,121.4869015
77,8,14127,125.6622779,14127,122.6716925
77,9,14505,124.7216822,14505,121.575112
77,10,15676,124.6711534,15676,121.4497321
77,11,14451,122.8876202,14451,121.4885475
77,12,16251,125.2018337,16251,121.6107932
77,13,14264,123.448051,14264,122.344714
77,14,17341,123.3210887,17341,121.9765873
77,15,12203,119.9558305,12203,121.5085635
77,16,12740,119.4587912,12740,118.2180534
77,17,14383,121.9915178,14383,122.6493777
77,18,13593,120.4862061,13593,121.1803134
77,19,13532,122.2374372,13532,122.0726426
77,20,15065,123.3745105,15065,120.9156986
77,21,11916,124.7331319,11916,121.2571333
77,22,14118,119.2347358,14118,120.6907494
77,23,14922,120.8657016,14922,120.9717196
77,24,19487,123.1668292,19487,133.3885154
77,25,14097,122.5498333,14097,121.5908349
77,26,16736,123.4211879,16736,120.749283
77,27,14893,125.4461156,14893,120.4023367
77,28,15563,122.6644606,15563,123.7235751
77,29,13026,121.651236,13026,120.8929065
77,30,12203,119.3363107,12203,119.8896993
77,31,16359,119.8538419,16359,119.5897671
77,32,15174,126.2636088,15174,120.7661131
78,1,18716,122.6124172,18716,123.9451272
78,2,14503,124.4431497,14503,122.8761636
78,3,13355,118.4979408,13355,118.0650693
78,4,12827,118.9789507,12827,118.9933734
78,5,17606,121.0408951,17606,121.2348063
78,6,19006,126.293118,19006,141.4120278
78,7,13176,125.6929265,13176,121.4135549
78,8,13513,120.9681788,13513,120.0170206
78,9,14820,122.8620783,14820,120.9182861
78,10,13591,124.3429475,13591,121.4505187
78,11,15100,119.3641722,15100,121.4766225
78,12,12836,121.3744936,12836,122.3812714
78,13,18843,123.9150348,18843,122.0550337
78,14,14172,123.8178803,14172,125.9724809
78,15,14187,123.5155424,14187,122.7630225
78,16,15244,122.3377722,15244,121.5640908
78,17,14555,118.8338028,14555,120.7389213
78,18,17199,124.5430548,17199,122.3542648
78,19,12127,119.6578709,12127,121.3366043
78,20,13869,119.7534069,13869,121.2097484
78,21,11506,123.7850687,11506,121.1335825
78,22,14511,125.0134381,14511,120.3247881
78,23,16062,123.1915702,16062,120.675881
78,24,15087,122.4719295,15087,123.0032478
78,25,13829,125.0867742,13829,121.4985899
78,26,14199,122.3379815,14199,121.5967322
78,27,15668,120.7425326,15668,123.4599821
78,28,12911,119.1070405,12911,119.8423825
78,29,13757,121.6932471,13757,120.3038453
78,30,16005,124.879975,16005,121.5995002
78,31,15700,120.0768153,15700,119.5138854
78,32,15750,125.0149841,15750,121.0451429
79,1,15885,122.0389676,15885,125.1057602
79,2,13767,117.8428125,13767,118.323382
79,3,15510,124.6266925,15510,123.2889749
79,4,15522,122.4975519,15522,121.1987502
79,5,14376,125.9266138,14376,121.9663328
79,6,15366,121.4722765,15366,121.5366393
79,7,12742,119.1389892,12742,119.9321143
79,8,13432,124.5125074,13432,120.9985855
79,9,14637,119.2428776,14637,121.3416001
79,10,13940,120.6370875,13940,120.2862267
79,11,16760,123.3627088,16760,120.4582339
79,12,20044,126.734085,20044,144.8856017
79,13,15426,118.0742902,15426,119.1159082
79,14,14380,122.5063978,14380,123.1426287
79,15,13666,122.4950973,13666,122.5725889
79,16,17198,124.5100012,17198,121.7570066
79,17,14370,123.5125957,14370,122.9798191
79,18,15122,126.3180796,15122,121.6208835
79,19,14774,125.8183972,14774,122.4474753
79,20,17101,121.1954272,17101,121.0340331
79,21,17092,126.2443833,17092,122.9028785
79,22,14135,123.5234524,14135,121.3922179
79,23,13709,119.1752863,13709,120.3682982
79,24,16819,125.2079196,16819,120.5335632
79,25,12836,124.6637582,12836,121.5358367
79,26,13113,121.2833829,13113,120.8358881
79,27,16731,121.7755663,16731,122.8040763
79,28,14685,124.2067416,14685,128.1932584
79,29,14238,120.6986936,14238,121.6316196
79,30,13560,119.8241888,13560,122.0940265
79,31,13408,119.8118288,13408,119.785352
79,32,16435,124.9624582,16435,121.8273197
80,1,17357,123.7724261,17357,127.7544507
80,2,15457,118.3539497,15457,118.6499321
80,3,15716,122.6123696,15716,121.6014889
80,4,17053,118.8380344,17053,119.7079693
80,5,14268,123.6190777,14268,122.2488085
80,6,18564,121.1273432,18564,121.6052575
80,7,19431,131.8738099,19431,156.8824559
80,8,12910,119.3083656,12910,119.8125484
80,9,15024,126.7398163,15024,122.0439963
80,10,15483,119.2038365,15483,121.8210941
80,11,16266,125.409566,16266,120.5349809
80,12,15127,122.529649,15127,121.4427844
80,13,17238,127.3445875,17238,125.7833855
80,14,12816,121.8282615,12816,122.5617197
80,15,12398,125.4476528,12398,121.4925794
80,16,14754,119.2346482,14754,121.1544666
80,17,16751,123.8609635,16751,120.9065727
80,18,14219,126.1084464,14219,122.8447148
80,19,16534,121.400508,16534,123.271985
80,20,12963,120.535447,12963,120.1786623
80,21,14861,122.0606958,14861,123.3427091
80,22,13718,124.9908879,13718,121.6920834
80,23,15980,122.1020025,15980,121.6070088
80,24,13421,128.2564638,13421,136.6844497
80,25,17467,124.3123032,17467,121.9813935
80,26,15181,120.3963507,15181,121.572953
80,27,13773,125.8470195,13773,121.9373412
80,28,13487,120.2873137,13487,122.5129384
80,29,13394,120.9905928,13394,119.9829775
80,30,12999,120.575275,12999,120.2634818
80,31,17912,123.842117,17912,121.0220523
80,32,15037,125.4606637,15037,121.7065239
81,1,18287,123.6745229,18287,128.6893968
81,2,14910,118.0511737,14910,118.7348759
81,3,16994,124.5572555,16994,119.9409203
81,4,22095,130.6895678,22095,161.8687033
81,5,15365,119.5148064,15365,121.9256102
81,6,17171,124.78883,17171,121.2450644
81,7,13428,119.3078642,13428,120.0802055
81,8,15378,122.4603329,15378,121.3685785
81,9,13872,123.8119233,13872,122.4384371
81,10,14322,119.1367826,14322,120.9949728
81,11,16376,120.7042623,16376,121.6675623
81,12,15647,120.6836454,15647,122.666901
81,13,16092,126.651566,16092,122.1359682
81,14,14479,122.4006492,14479,123.748118
81,15,14912,122.263345,14912,121.4847774
81,16,20271,126.4952888,20271,125.7020867
81,17,14844,125.0353005,14844,121.695702
81,18,13048,122.9783875,13048,122.4015941
81,19,13726,120.6230511,13726,120.9983972
81,20,17961,122.7148266,17961,123.4974667
81,21,13317,126.7537734,13317,121.850642
81,22,14790,126.581474,14790,123.3689655
81,23,15190,123.9917051,15190,120.7915734
81,24,14682,119.8645961,14682,119.8840076
81,25,11352,125.6166314,11352,121.6118746
81,26,15193,123.4105838,15193,121.9929573
81,27,15022,129.1893223,15022,136.3592731
81,28,16906,124.1949604,16906,122.3097125
81,29,15399,118.9845445,15399,120.3235924
81,30,12964,120.6242672,12964,122.44693
81,31,12743,119.6724476,12743,119.8517618
81,32,18175,125.0971114,18175,120.9181293
82,1,15806,117.7387068,15806,119.2682526
82,2,17613,126.4992903,17613,134.582581
82,3,15422,122.7949682,15422,121.1717028
82,4,13330,119.2424606,13330,120.431883
82,5,16420,124.8524361,16420,120.8402558
82,6,16284,119.8568534,16284,122.3569148
82,7,13288,123.8987809,13288,120.8201385
82,8,18434,124.4417923,18434,120.0149723
82,9,16018,126.0343988,16018,121.5461356
82,10,15332,122.6777328,15332,123.8072658
82,11,14147,120.5384887,14147,121.6514455
82,12,15565,122.3376807,15565,121.3732734
82,13,16222,120.6826532,16222,121.8323881
82,14,16612,120.6721647,16612,122.5694077
82,15,14069,125.2768498,14069,122.2340607
82,16,13745,126.5618043,13745,122.5101491
82,17,14193,120.3892764,14193,122.9883041
82,18,16120,131.7344913,16120,142.8101737
82,19,14253,124.0405529,14253,122.247176
82,20,14348,119.0768748,14348,121.2918177
82,21,16699,129.4269717,16699,134.0354512
82,22,18365,122.1987476,18365,123.1804519
82,23,14349,122.9769322,14349,122.0091296
82,24,13460,122.5283804,13460,122.8904903
82,25,19663,128.7788232,19663,129.7831969
82,26,14177,125.9108415,14177,121.6790576
82,27,17330,125.866532,17330,122.0021927
82,28,13562,119.688394,13562,122.180873
82,29,12402,125.2305273,12402,121.6646509
82,30,21589,124.0707305,21589,121.025198
82,31,14157,119.592781,14157,119.778908
82,32,14001,119.1018499,14001,119.7800871
83,1,14697,117.8981425,14697,120.1427502
83,2,18429,120.316295,18429,122.3977427
83,3,15487,127.209918,15487,138.3089042
83,4,13482,118.9936953,13482,120.5564456
83,5,20143,123.0620067,20143,119.4837909
83,6,13229,120.4078918,13229,122.4691209
83,7,15858,119.8884475,15858,122.2941733
83,8,15697,126.4021151,15697,122.3995668
83,9,15852,122.9664396,15852,121.05135
83,10,16203,124.9661791,16203,121.4860828
83,11,17010,127.4534979,17010,122.2236332
83,12,17203,123.9199558,17203,120.7355694
83,13,14790,121.9869506,14790,125.2542934
83,14,14645,124.8477296,14645,121.3561625
83,15,16357,125.1241059,16357,122.700862
83,16,15241,119.5667607,15241,121.9656847
83,17,16790,129.8430613,16790,132.094997
83,18,14073,123.3817949,14073,123.440631
83,19,13534,124.5161076,13534,121.4581055
83,20,16409,119.6308124,16409,121.3238467
83,21,14171,124.6075083,14171,121.9084045
83,22,14896,131.6395677,14896,144.6766246
83,23,16072,122.0981832,16072,121.518106
83,24,14819,121.2627033,14819,121.9827249
83,25,14120,122.8988669,14120,123.7915722
83,26,14386,123.7132629,14386,122.5674267
83,27,11005,125.776647,11005,121.6328033
83,28,14900,118.4236242,14900,120.4393289
83,29,16416,124.995675,16416,121.6307261
83,30,11786,133.8891906,11786,140.0147633
83,31,16912,124.565693,16912,122.0640374
83,33,15332,118.8083746,15332,119.6205974
84,1,13830,117.6680405,13830,122.3484454
84,2,17918,131.3353053,17918,148.4098672
84,3,15944,120.6078776,15944,121.255582
84,4,16153,130.3194453,16153,123.0937906
84,5,16668,121.0758339,16668,125.37533
84,6,17290,131.762753,17290,140.1578369
84,7,16860,127.4991696,16860,144.6946619
84,8,14928,124.2636656,14928,120.0855439
84,9,14648,126.0030721,14648,121.8864691
84,10,16645,124.1063382,16645,121.3953139
84,11,14696,120.4808111,14696,121.0649156
84,12,16135,119.2425163,16135,121.8823055
84,13,15690,119.936775,15690,123.0100701
84,14,13817,125.9371065,13817,121.8302092
84,15,15053,125.8011028,15053,121.9550256
84,16,12788,119.5770253,12788,121.7080075
84,17,15380,121.6905722,15380,121.2440832
84,18,14773,119.0281595,14773,121.1984025
84,19,16485,123.6212921,16485,123.7415833
84,20,15733,125.7864362,15733,121.4537596
84,21,16785,124.9075365,16785,121.1777182
84,22,14052,118.7285796,14052,121.4116852
84,23,17737,119.8823364,17737,120.7067712
84,24,15489,123.4864097,15489,124.2835561
84,25,12700,126.3599213,12700,121.8440945
84,26,16247,121.1282083,16247,122.6303933
84,27,13512,127.2755329,13512,121.2155121
84,28,5584,141.3008596,5584,147.7625358
84,29,14479,124.166448,14479,124.2793701
84,30,15401,123.3638075,15401,122.598143
84,31,4602,127.625163,4602,149.087136
84,32,18306,123.1897192,18306,122.9219382
84,33,15489,119.4089354,15489,120.8140616
85,1,17011,120.7241197,17011,126.1938158
85,2,19516,121.5274646,19516,120.4122771
85,3,15922,128.8078759,15922,123.0687728
85,4,17288,125.9548242,17288,122.5982184
85,5,15460,124.0509056,15460,123.8833765
85,6,18531,132.6267336,18531,141.4767687
85,7,15455,119.9348431,15455,121.3107085
85,8,15415,126.2177749,15415,124.2192669
85,9,17347,120.4610595,17347,121.1989969
85,10,15101,118.0882723,15101,124.984703
85,11,17684,122.1861004,17684,123.1343587
85,12,14437,124.8508,14437,121.2657062
85,13,15656,124.1936638,15656,120.0852708
85,14,16000,119.4923125,16000,121.67175
85,15,17351,128.7337906,17351,146.7714829
85,16,14431,119.5260204,14431,122.5762594
85,17,18554,127.4461572,18554,132.2737415
85,18,15734,119.505593,15734,122.2752002
85,19,16048,125.1602069,16048,121.9092099
85,20,13688,119.0913209,13688,120.9547779
85,21,15453,126.2572316,15453,122.5060506
85,22,15753,121.8200978,15753,121.3369517
85,23,13229,118.4904377,13229,121.4191549
85,24,6260,132.6158147,6260,168.8268371
85,25,14479,122.7253954,14479,123.7358243
85,26,16819,120.2007848,16819,121.6908853
85,27,16571,127.1744614,16571,121.9152737
85,28,12258,125.1887747,12258,121.6173927
85,29,6700,135.9452239,6700,175.9479104
85,30,15639,126.5734382,15639,121.8960931
85,31,14737,123.8219448,14737,122.7247744
85,32,14364,127.2616959,14364,121.6664578
85,33,17607,122.8958937,17607,123.8706764
86,1,18154,135.5347031,18154,151.3821747
86,2,18404,123.2238644,18404,130.8260704
86,3,18663,119.7356802,18663,121.4589294
86,4,14902,124.1497114,14902,120.1508522
86,5,15797,126.9221371,15797,122.9611319
86,6,19996,126.2705541,19996,122.9841968
86,7,14539,119.3146709,14539,121.1990508
86,8,14271,124.0554271,14271,123.6005886
86,9,13923,125.5466494,13923,122.0342599
86,10,15282,124.917092,15282,124.6294333
86,11,14549,119.7300158,14549,122.6064334
86,12,15877,127.219311,15877,123.3974302
86,13,15923,119.155938,15923,121.5779062
86,14,11528,140.9754511,11528,210.7612769
86,15,18422,132.335197,18422,152.8297688
86,16,15815,126.9052166,15815,123.0538097
86,17,17097,120.0426975,17097,123.0811253
86,18,14941,122.1129108,14941,121.0665283
86,19,16172,121.5048232,16172,119.9306827
86,20,15631,121.1935257,15631,121.4983686
86,21,13859,117.8830363,13859,130.171008
86,22,15930,125.7902699,15930,122.0631513
86,23,13440,119.0797619,13440,121.8564732
86,24,17320,122.0285219,17320,122.5271363
86,25,16388,123.3120576,16388,124.3209055
86,26,16751,123.0807713,16751,125.554355
86,27,12497,125.6181484,12497,122.2423782
86,28,12058,121.0590479,12058,122.9575386
86,29,8228,138.9613515,8228,218.6009966
86,30,16204,126.4395828,16204,122.2126018
86,31,15395,128.0733355,15395,124.5025008
86,32,13874,124.8694681,13874,129.3911633
86,33,10715,130.6098927,10715,131.6373308
87,2,20522,134.1352207,20522,142.5841536
87,3,19944,124.6318191,19944,132.2389691
87,4,16092,129.1372732,16092,124.6369625
87,5,16669,127.1271822,16669,123.6518687
87,6,15656,118.1529126,15656,131.486906
87,7,14703,119.5965449,14703,121.3353057
87,8,16043,124.1300256,16043,122.780839
87,9,16622,126.7598965,16622,122.020515
87,10,15029,120.8932065,15029,121.7790938
87,11,17219,119.3970033,17219,120.6596202
87,12,15201,124.3198474,15201,124.2761003
87,13,14354,124.0448655,14354,120.0385955
87,14,10788,135.1353356,10788,182.4251947
87,15,14875,119.4922353,14875,122.8415462
87,16,14404,125.2252846,14404,122.1475285
87,17,16243,119.1660408,16243,121.8380225
87,18,15154,124.7664643,15154,125.4196912
87,19,9401,130.8292735,9401,167.1457292
87,20,17489,133.4486248,17489,158.6215907
87,21,15934,127.5254173,15934,123.402912
87,22,13146,119.0030428,13146,122.0273087
87,23,18008,122.6941915,18008,123.7296757
87,24,17218,121.2065281,17218,119.8608433
87,25,16295,124.0092053,16295,126.750046
87,26,15330,119.3891063,15330,122.4001305
87,27,15935,122.6279887,15935,121.7607154
87,28,17582,122.8636674,17582,124.7458765
87,29,5193,123.861737,5193,129.2842288
87,30,14817,127.250523,14817,122.0868597
87,31,15002,129.5224637,15002,126.0555926
87,32,13078,125.899373,13078,131.6169904
87,33,4966,131.7358035,4966,133.1411599
87,64,12070,121.6211268,12070,121.6857498
87,65,14238,126.0932715,14238,122.2449782
88,1,15640,125.4705243,15640,122.5553069
88,2,14587,127.0371564,14587,120.7581408
88,3,16490,118.9208611,16490,122.5294724
88,4,15591,126.79873,15591,122.1244949
88,5,15136,129.9669001,15136,127.4162262
88,6,14348,118.833705,14348,130.3581684
88,7,16672,128.2729127,16672,124.7957654
88,8,13921,125.8584153,13921,125.4765462
88,9,17871,123.1729618,17871,123.7880365
88,10,20176,125.3761895,20176,128.7924266
88,11,13991,120.2485169,13991,121.287399
88,12,15084,119.5071599,15084,122.6695837
88,13,10037,133.3038757,10037,130.8594201
88,14,19291,138.3933959,19291,164.7822819
88,15,15849,127.4508171,15849,124.2105496
88,16,17182,121.8196368,17182,120.7127808
88,17,14422,119.522743,14422,122.594023
88,18,10398,122.1909983,10398,124.1804193
88,19,17074,121.8878412,17074,121.8459061
88,20,13175,124.7064137,13175,121.9341935
88,21,11591,122.1684928,11591,123.0738504
88,22,16530,130.5661827,16530,130.0647308
88,23,17091,119.1885788,17091,121.4130244
88,24,14518,120.8104422,14518,122.4076319
88,25,18729,119.5016285,18729,120.2038016
88,26,15639,121.0445041,15639,121.5392289
88,27,16955,124.0818638,16955,128.9231495
88,28,14222,125.2353396,14222,123.4276473
88,29,15003,126.6156769,15003,129.6213424
88,30,11599,137.0963014,11599,137.9435296
88,31,15090,128.1210073,15090,122.3611663
88,32,5609,127.4594402,5609,144.2818684
88,33,8600,127.3595349,8600,155.9030233
88,66,15245,126.3214169,15245,139.4739915
89,1,16610,119.3501505,16610,121.2964479
89,2,15416,124.963739,15416,126.2234043
89,3,20595,126.4473416,20595,127.7975722
89,4,16895,127.3013909,16895,125.1665582
89,5,14972,130.3683543,14972,128.3432407
89,6,16132,121.663154,16132,120.0499628
89,7,14901,124.7946447,14901,120.589692
89,8,16753,126.842476,16753,122.9157166
89,9,14235,119.4705304,14235,121.25353
89,10,21823,138.0935252,21823,162.5355817
89,11,14709,119.5443606,14709,122.6402203
89,12,16700,118.7386228,16700,124.0616766
89,13,15815,126.7239962,15815,122.2865002
89,14,16267,122.5315055,16267,122.1457552
89,15,18982,124.1778,18982,129.7327468
89,16,16508,127.5964381,16508,122.2142598
89,17,14827,126.1575504,14827,123.0642072
89,18,10210,121.9036239,10210,124.4175318
89,19,17463,126.4880605,17463,124.0976923
89,20,14322,127.008658,14322,131.4047619
89,21,15210,120.9610125,15210,121.5663379
89,22,14190,119.3844961,14190,123.2019027
89,23,16190,118.9971587,16190,122.4628166
89,24,11495,122.2798608,11495,123.538756
89,25,18220,119.1483535,18220,120.1401207
89,26,13416,125.7005814,13416,121.8381038
89,27,12905,120.8277412,12905,122.210926
89,28,9590,123.0973931,9590,123.0322211
89,29,15891,133.2534139,15891,130.7156881
89,30,9088,128.3883143,9088,164.5056118
89,31,5724,126.7653739,5724,151.2749825
89,32,9265,142.0036697,9265,139.4237453
89,33,10837,131.4468026,10837,128.1992249
89,67,20421,129.211449,20421,139.0689486
90,1,15984,121.8683058,15984,125.3422798
90,2,18934,127.1443435,18934,123.7017006
90,3,15106,119.0644115,15106,121.5365418
90,4,14566,127.617534,14566,134.3541123
90,5,16028,121.3655478,16028,118.6901672
90,6,14893,124.8401934,14893,121.6866984
90,7,15757,128.2976455,15757,122.6863616
90,8,18574,134.140519,18574,144.0202972
90,9,15437,127.4653754,15437,128.7813047
90,10,23296,131.7299536,23296,139.9848043
90,11,18810,125.4458799,18810,121.4192451
90,12,14008,119.6533409,14008,122.7860508
90,13,10640,121.5792293,10640,123.8368421
90,14,16327,119.0082685,16327,121.9284621
90,15,15965,124.2640777,15965,123.7052302
90,16,14736,119.6097313,14736,123.4476113
90,17,14352,124.5845178,14352,121.8663601
90,18,14530,127.1006882,14530,123.1417756
90,19,13242,122.3541006,13242,123.7875699
90,20,10645,129.4148426,10645,166.5131987
90,21,20879,129.3739164,20879,128.9527276
90,22,13798,128.086027,13798,126.6891578
90,23,8080,124.669802,8080,124.4136139
90,24,16404,119.5615094,16404,122.917764
90,25,13203,119.8838143,13203,121.9167613
90,26,7890,128.6736375,7890,155.0585551
90,27,16317,127.1551143,16317,123.0664951
90,28,21943,126.9509183,21943,124.5191177
90,29,12238,136.4828403,12238,126.9084001
90,30,18864,119.1938613,18864,120.5213104
90,31,6666,139.5327033,6666,159.4954995
90,32,5311,134.4102805,5311,147.0564865
90,33,12702,122.4805542,12702,128.3879704
90,34,5006,127.228326,5006,139.1488214
90,35,5951,127.8538061,5951,133.6827424
90,37,9371,127.3878988,9371,128.1769288
91,1,14363,120.6744413,14363,126.6477059
91,2,18483,126.2004545,18483,123.5206947
91,3,14263,120.1966627,14263,123.8152563
91,4,15100,129.6909934,15100,123.0778808
91,5,15032,127.0144359,15032,134.7461416
91,6,13425,124.076797,13425,121.5904655
91,7,13832,119.0469925,13832,121.1675824
91,8,11470,121.9395815,11470,123.3761116
91,9,13500,120.3079259,13500,122.2542222
91,10,10746,129.2977852,10746,165.4430486
91,11,15782,119.4314409,15782,121.9881511
91,12,24094,133.954802,24094,142.2857558
91,13,13661,124.5531074,13661,122.2063539
91,14,15152,126.8905095,15152,122.0601241
91,15,14471,128.4799945,14471,131.3621035
91,16,14749,129.0815649,14749,127.7370669
91,17,20608,129.0266887,20608,127.7469429
91,18,15909,120.0915205,15909,122.4144824
91,19,15584,121.4568789,15584,119.0177105
91,20,14871,127.0525183,14871,120.5900074
91,21,10789,121.454259,10789,123.0507925
91,22,13196,119.9068657,13196,122.4834041
91,23,16725,128.5495964,16725,124.9431988
91,24,8379,128.5874209,8379,154.9742213
91,25,8992,142.4016904,8992,143.4247109
91,26,8195,134.4584503,8195,183.4993289
91,27,12443,127.035522,12443,122.842321
91,28,15231,124.550325,15231,124.0727464
91,29,17740,119.3368095,17740,121.0135851
91,30,10650,128.928169,10650,129.5569014
91,31,7534,134.0694186,7534,161.9296522
91,32,7142,134.3931672,7142,153.9435732
91,33,3902,121.6776012,3902,124.0645823
91,35,7611,128.5568256,7611,152.0800158
91,36,12072,125.0578197,12072,128.7028661
91,37,10985,140.969959,10985,127.8595357
91,38,3959,122.8388482,3959,123.4693104
92,1,21193,124.0444015,21193,124.0643609
92,2,15174,118.776262,15174,129.0049427
92,3,16953,127.5636171,16953,124.1907627
92,4,15499,125.6299116,15499,119.8672172
92,5,15234,120.0506761,15234,122.5982014
92,6,16046,120.3577216,16046,122.2199302
92,7,13482,121.1182317,13482,123.0786975
92,8,16772,124.2536966,16772,127.0299308
92,9,15842,130.5751168,15842,138.3664941
92,10,19392,127.7826423,19392,127.5247009
92,11,18049,132.2917613,18049,128.1387334
92,12,12326,141.5228785,12326,142.8263833
92,13,12319,146.347999,12319,188.9321373
92,14,13951,121.4282847,13951,124.0288151
92,15,15155,126.9148796,15155,123.521874
92,16,8232,129.4113217,8232,149.9526239
92,17,22184,136.9625856,22184,149.1810765
92,18,13965,122.9805227,13965,122.4713928
92,19,7753,138.7091448,7753,194.6051851
92,20,12434,123.4462763,12434,123.1706611
92,21,17100,130.1015789,17100,139.7985965
92,22,11851,127.1546705,11851,151.2494304
92,23,15517,127.5005478,15517,123.0129535
92,24,14101,119.6813701,14101,122.6795263
92,25,15635,120.401599,15635,122.0725935
92,26,12640,123.3411392,12640,123.9921677
92,27,15539,129.8521784,15539,130.6070532
92,28,13889,122.5749874,13889,121.9346245
92,29,10532,134.8829282,10532,172.6254273
92,30,16741,119.2901858,16741,121.1749597
92,31,8013,123.3444403,8013,135.7824785
92,32,7942,147.3009318,7942,178.0822211
92,33,12823,120.8432504,12823,121.2650706
92,34,8512,122.8648966,8512,131.4237547
92,35,7082,130.659277,7082,148.0955945
92,36,5464,129.1872255,5464,134.3856149
92,37,6048,123.6582341,6048,141.9604828
92,38,8644,132.8463674,8644,133.1529385
92,40,4668,128.2435733,4668,128.0651243
93,1,16251,118.7187865,16251,128.9454187
93,2,19936,125.4873094,19936,123.8303571
93,3,15550,127.597299,15550,123.8001929
93,4,24115,137.1791416,24115,149.7444744
93,5,15587,119.883621,15587,122.3756335
93,6,15288,120.3494898,15288,122.1910649
93,7,15787,126.8580478,15787,119.8940901
93,8,13548,122.4762327,13548,121.6493947
93,9,13700,122.2759124,13700,123.0315328
93,10,17439,128.6061127,17439,125.0060783
93,11,19159,132.6919985,19159,140.8570385
93,12,14309,121.0400447,14309,123.7688168
93,13,12145,123.6290655,12145,123.2774804
93,14,13326,123.7485367,13326,123.8478913
93,15,15602,131.0546084,15602,141.7159979
93,16,19670,127.4399593,19670,127.9341637
93,17,11239,123.3182667,11239,139.3708515
93,18,8593,132.109275,8593,160.0762248
93,19,13663,122.1777794,13663,122.0127351
93,20,13259,119.597481,13259,123.0740629
93,21,10191,123.2198018,10191,135.6900206
93,22,15338,123.3570218,15338,128.0146043
93,23,12532,152.9502873,12532,188.2654804
93,24,8257,133.8667797,8257,182.6485406
93,25,5312,141.2893449,5312,141.018637
93,26,3982,135.9166248,3982,147.3460573
93,27,7825,127.5502875,7825,139.1453035
93,28,15665,131.1882541,15665,131.6935206
93,29,15766,126.3541165,15766,123.1200685
93,30,18145,132.7196473,18145,128.7565169
93,31,14387,119.4998957,14387,122.140196
93,32,9465,123.8325409,9465,136.3435816
93,33,16125,119.7565271,16125,121.5213023
93,34,7724,124.6883739,7724,133.195624
93,35,13886,121.3282443,13886,121.9645686
93,36,10700,131.4426168,10700,163.9128972
93,37,8231,146.0711943,8231,180.0363261
93,38,6919,127.6711953,6919,139.875271
93,39,7278,125.4034075,7278,156.2135202
93,41,5132,128.9091972,5132,131.4105612
93,42,3983,132.9467738,3983,132.2691439
94,1,13270,121.1221552,13270,119.2198945
94,2,19681,119.9380621,19681,123.5656725
94,3,16464,119.446793,16464,123.0038265
94,4,17828,128.3800202,17828,123.4574265
94,5,13737,127.2367329,13737,126.1129795
94,6,6929,138.7881368,6929,184.544523
94,7,15912,127.795186,15912,124.3624937
94,8,9372,134.9712975,9372,174.5827998
94,9,13252,123.3895261,13252,122.2312858
94,10,15249,120.9053708,15249,122.3293331
94,11,11624,127.4619752,11624,123.113214
94,12,14063,121.1468392,14063,123.8367347
94,13,16099,136.4802162,16099,132.5766197
94,14,13959,123.6790601,13959,121.782291
94,15,16395,131.28405,16395,135.1296127
94,16,7144,119.8474244,7144,123.7870941
94,17,8632,125.426089,8632,124.4338508
94,18,14453,126.2889366,14453,123.6030582
94,19,16624,124.4030318,16624,123.3274783
94,20,21146,129.3299442,21146,130.8774236
94,21,11662,124.7497856,11662,124.558652
94,22,15869,120.1241414,15869,122.5977062
94,23,10782,120.0622334,10782,122.5383046
94,24,14913,134.7490109,14913,150.8092939
94,25,8890,127.7327334,8890,122.4933633
94,26,9075,129.7596694,9075,152.1288154
94,27,14302,121.9242064,14302,122.2867431
94,28,16816,126.942971,16816,131.4378568
94,29,18114,120.345589,18114,121.2218174
94,30,10331,126.2670603,10331,138.5791308
94,31,8459,121.9399456,8459,134.4799622
94,32,6860,131.2046647,6860,148.2897959
94,33,8201,120.2953298,8201,120.687721
94,34,13998,131.1010144,13998,132.0642235
94,35,14162,121.6916396,14162,122.3910465
94,36,11448,130.3312369,11448,148.0685709
94,37,11073,125.7293416,11073,160.9270297
94,38,10266,124.5990649,10266,122.9196376
94,39,10766,133.1326398,10766,131.4540219
94,40,10265,141.5353142,10265,171.359961
94,68,5582,129.1619491,5582,147.6171623
95,1,13926,120.4743645,13926,119.3003016
95,2,17255,119.4252101,17255,123.7068676
95,3,14738,127.0548243,14738,126.1555164
95,4,17321,128.4129092,17321,123.4921771
95,5,16107,119.5624263,16107,122.9713168
95,6,9976,136.1375301,9976,180.8524459
95,7,17920,136.5292411,17920,133.188058
95,8,18236,120.4227352,18236,123.0570301
95,9,15586,123.9804953,15586,122.6163865
95,10,12976,126.5014642,12976,123.9996147
95,11,14964,121.352379,14964,124.5905507
95,12,15294,128.9930038,15294,123.7417288
95,13,15995,120.6762113,15995,122.9153485
95,14,10487,124.9586154,10487,124.07228
95,15,13430,126.1359643,13430,123.3976917
95,16,12732,123.0618128,12732,122.4377945
95,17,8985,121.7892042,8985,135.1710629
95,18,13902,127.1057402,13902,125.9712991
95,19,20313,129.7690641,20313,132.6873431
95,20,17791,124.3121803,17791,123.3996403
95,21,9841,125.2857433,9841,124.0906412
95,22,13687,121.3963615,13687,121.6844451
95,23,10689,126.5638507,10689,139.1508092
95,24,15531,137.753332,15531,153.7928659
95,25,11679,133.6230842,11679,132.6975768
95,26,7466,150.4120011,7466,194.538307
95,27,8452,120.682442,8452,123.6383105
95,28,8471,127.0518239,8471,123.0318735
95,29,14006,121.9513066,14006,123.6091675
95,30,16295,130.0846886,16295,136.1619515
95,31,11451,120.0189503,11451,122.4222339
95,32,10180,130.9438114,10180,153.6727898
95,33,11283,131.3087831,11283,149.3449437
95,34,17955,120.2483988,17955,121.2047341
95,35,8515,120.0769231,8515,120.7724016
95,36,8099,132.61131,8099,149.3360909
95,37,7119,133.5892682,7119,151.2094395
95,38,13196,130.7431798,13196,132.2925129
95,39,10795,142.0712367,10795,169.183233
95,40,9751,123.6740847,9751,122.9938468
95,41,11305,122.8043344,11305,156.6996019
96,1,15601,119.4358695,15601,122.8985321
96,2,15813,119.5160311,15813,124.959527
96,3,14089,121.8193626,14089,119.5698772
96,4,17127,127.6798038,17127,125.1134466
96,5,15206,126.2257004,15206,122.1635539
96,6,9617,122.089217,9617,124.8220859
96,7,16485,137.9205338,16485,164.7201699
96,8,18572,127.9074952,18572,123.6332113
96,9,13510,121.9173945,13510,122.2931902
96,10,11676,121.1724906,11676,124.0320315
96,11,13334,144.2971351,13334,177.5776961
96,12,19683,131.527003,19683,135.6216024
96,13,13058,126.8222546,13058,128.3991423
96,14,11775,120.5631423,11775,122.5728238
96,15,10936,134.0897037,10936,127.2985552
96,16,10666,131.7308269,10666,131.1071629
96,17,14181,127.6704041,14181,124.6534095
96,18,15778,121.2305108,15778,123.100393
96,19,15993,126.7098731,15993,123.8180454
96,20,14236,120.8694858,14236,123.8501686
96,21,16480,119.4057646,16480,122.8896845
96,22,9231,137.6194345,9231,155.06489
96,23,11764,124.0437776,11764,122.0753145
96,24,13927,122.3818482,13927,122.0776908
96,25,15415,125.906325,15415,125.0559196
96,26,9135,121.3877395,9135,134.8215654
96,27,9162,134.5571928,9162,155.5885178
96,28,8702,151.6149161,8702,201.7235118
96,29,6543,162.6231087,6543,141.6336543
96,30,11030,126.0368994,11030,141.0029918
96,31,9529,121.1519572,9529,120.6688005
96,32,8465,126.6452451,8465,122.4014176
96,33,6787,128.787093,6787,148.4904965
96,34,8546,126.271004,8546,123.6997426
96,35,15275,123.1791162,15275,125.108347
96,36,11395,125.5252304,11395,125.1794647
96,37,10799,128.1781646,10799,138.4849523
96,38,11528,120.8276371,11528,139.9973109
96,39,17186,119.2637612,17186,120.5640056
96,40,5079,123.0945068,5079,133.7440441
96,41,7248,134.8876932,7248,139.2530353
96,42,9972,130.7629362,9972,156.6309667
96,44,11334,125.0756132,11334,126.6066702
97,1,13851,121.4416288,13851,119.3030106
97,2,15562,119.3881892,15562,122.7170672
97,3,16625,119.9965113,16625,124.8281504
97,4,19072,127.8626258,19072,124.2431313
97,5,17225,128.4706531,17225,125.5469376
97,6,20591,133.6592686,20591,137.662911
97,7,16086,122.0144225,16086,123.8322143
97,8,14128,127.6837486,14128,130.9166903
97,9,16747,119.4654565,16747,122.808921
97,10,14142,126.0281431,14142,122.1010465
97,11,13617,143.7837262,13617,180.9548359
97,12,12116,120.3069495,12116,121.6200066
97,13,11554,120.0759044,11554,122.8172062
97,14,17013,137.1870334,17013,167.3158173
97,15,13880,121.0272334,13880,123.5288184
97,16,17672,127.1453146,17672,125.3768108
97,17,15217,127.0702504,15217,123.5969639
97,18,9500,134.3313684,9500,157.3181053
97,19,13208,122.1235615,13208,123.0665506
97,20,10953,126.7700173,10953,142.3801698
97,21,9399,122.4211086,9399,136.2719438
97,22,6679,158.6026351,6679,145.3066327
97,23,13839,137.0077318,13839,128.7497652
97,24,9415,122.9424323,9415,124.8627722
97,25,11476,124.5427849,11476,126.2730045
97,26,11122,124.8267398,11122,125.1827909
97,27,13169,126.4189384,13169,123.0495102
97,28,8780,125.6477221,8780,123.7187927
97,29,10512,131.2561834,10512,130.4452055
97,30,8022,126.4276988,8022,122.6283969
97,31,8649,155.3727599,8649,197.6737195
97,32,14240,122.5150281,14240,121.806882
97,33,6456,122.5350062,6456,148.611834
97,34,9493,138.4758243,9493,155.6368903
97,35,11307,124.6640134,11307,122.4452109
97,36,7252,137.2331771,7252,145.8578323
97,37,17217,119.5709473,17217,120.5385375
97,38,9181,121.242784,9181,120.5997168
97,39,7162,129.7814856,7162,161.169785
97,40,14337,124.2048546,14337,126.0076027
97,41,5712,123.5796569,5712,126.7993697
97,42,10180,130.1981336,10180,153.775835
97,43,9529,117.6607199,9529,123.8210725
97,69,4048,127.3241107,4048,127.2485178
98,1,14960,125.5239973,14960,121.298262
98,2,16761,119.374023,16761,123.2343536
98,3,18161,126.5794835,18161,124.1427234
98,4,12918,124.1671311,12918,122.6996439
98,5,17753,141.8394074,17753,175.0769447
98,6,10993,132.2202311,10993,128.6043846
98,7,13309,121.7441581,13309,121.0326846
98,8,13502,124.6904162,13502,128.1367945
98,9,15906,119.824343,15906,126.4166981
98,10,11495,121.4875163,11495,123.0335798
98,11,13257,122.3122124,13257,122.7403636
98,12,14617,127.860026,14617,124.3462407
98,13,10635,137.2997649,10635,165.958063
98,14,11672,123.4527073,11672,123.709904
98,15,11465,125.5526385,11465,143.0704754
98,16,10461,137.8653092,10461,129.4185068
98,17,8795,121.1096077,8795,135.4994883
98,18,7937,154.6711604,7937,147.7034144
98,19,12995,142.0888034,12995,176.9086572
98,20,10325,132.837385,10325,137.6470702
98,21,15712,119.5307408,15712,123.404277
98,22,17360,128.762212,17360,125.659735
98,23,16372,131.6097606,16372,127.451808
98,24,12240,128.0931373,12240,126.0666667
98,25,9458,134.5305561,9458,131.6981391
98,26,8762,125.9621091,8762,123.23853
98,27,10170,146.7876106,10170,187.7163225
98,28,14048,121.252705,14048,123.8526481
98,29,10392,122.8277521,10392,159.4082948
98,31,15814,121.5257999,15814,123.8175667
98,32,8625,126.9516522,8625,122.3616232
98,33,14013,127.7074859,14013,121.7929779
98,34,10711,119.6648305,10711,121.3789562
98,35,9804,121.7985516,9804,120.5373317
98,36,7580,127.846438,7580,137.7040897
98,37,9612,117.4134415,9612,119.1308781
98,38,8936,136.6143688,8936,151.427932
98,39,17292,119.62873,17292,120.5415799
98,40,14175,126.6654674,14175,129.4224339
98,41,9997,127.4635391,9997,123.0687206
98,42,5030,123.4431412,5030,127.8455268
98,43,5460,127.5009158,5460,129.4322344
98,44,10467,127.7071749,10467,143.2644502
98,70,6881,130.7051301,6881,168.8574335
98,71,5409,122.8062488,5409,138.9286375
99,1,20667,138.5506847,20667,169.3271883
99,2,16194,127.1451155,16194,124.0463752
99,3,16748,127.0617984,16748,121.4905063
99,4,8252,119.3250121,8252,142.258604
99,5,17011,119.0131092,17011,123.1564282
99,6,15142,131.3898428,15142,127.5619469
99,7,13317,142.8077645,13317,179.3735075
99,8,20471,128.2805921,20471,127.5896634
99,9,16514,119.5046022,16514,123.2011021
99,10,14224,133.3790073,14224,131.4095191
99,11,15340,120.6831812,15340,124.141721
99,12,10812,126.4083426,10812,125.2598039
99,13,16765,119.9586042,16765,126.9179242
99,14,14355,127.1459422,14355,124.4737025
99,15,15525,123.3265056,15525,124.6153945
99,16,20600,122.1700485,20600,121.7209223
99,17,14586,126.040107,14586,130.5871384
99,18,11735,126.2826587,11735,141.963187
99,19,9996,127.0269108,9996,122.9429772
99,20,11775,121.6625902,11775,122.0369427
99,21,8073,157.1687105,8073,148.8603989
99,22,9431,121.6567702,9431,134.2609479
99,23,13940,122.8468436,13940,122.9411047
99,24,11692,124.0358365,11692,126.0575607
99,25,9900,135.4565657,9900,144.8066667
99,26,9558,125.6611216,9558,123.2729651
99,27,12598,122.6239879,12598,123.3113986
99,28,10396,117.4193921,10396,118.6534244
99,29,12587,141.5168031,12587,184.2513705
99,30,15538,126.202407,15538,122.4181362
99,31,7586,124.4106248,7586,129.5292644
99,32,10508,125.3330796,10508,137.1420822
99,33,11300,129.5434513,11300,125.3107965
99,34,10524,128.9507792,10524,125.2094261
99,35,8033,128.230549,8033,141.2203411
99,36,9308,120.6027073,9308,121.4372583
99,37,11865,122.0703751,11865,121.763759
99,38,8715,131.0216867,8715,159.5851979
99,39,12012,119.7461705,12012,121.3050283
99,40,6285,128.1136038,6285,132.2295943
99,41,9496,121.1293176,9496,123.2751685
99,42,3297,135.1935093,3297,132.9347892
99,43,8796,129.8317417,8796,144.3053661
99,44,3706,133.1233135,3706,129.7719914
99,45,4102,133.828864,4102,129.9444174
99,46,10990,124.889081,10990,136.3097361
99,47,4446,141.4340981,4446,132.6626181
100,1,11385,136.629249,11385,146.6001757
100,2,16666,131.8940958,16666,130.5088804
100,3,14474,124.1204919,14474,122.4869421
100,4,11860,120.3961214,11860,122.0809444
100,5,16115,118.9898852,16115,123.6391561
100,6,16428,123.3650475,16428,125.3761261
100,7,17885,120.4883981,17885,129.1783618
100,8,15748,119.7199644,15748,122.2121539
100,9,9021,125.4718989,9021,122.4114843
100,10,12493,127.5515088,12493,128.273273
100,11,20862,129.3951203,20862,127.3271978
100,12,11333,124.0235595,11333,142.8341128
100,13,13876,125.382531,13876,133.5089363
100,14,7997,118.2179567,7997,131.7576591
100,15,9388,140.8728164,9388,128.0191734
100,16,11729,135.7625544,11729,135.2548384
100,17,7909,128.6181565,7909,136.9715514
100,18,19639,123.2667651,19639,122.517949
100,19,10820,126.3487061,10820,123.4449168
100,20,10650,120.3168075,10650,122.6995305
100,21,7695,134.2019493,7695,157.4833008
100,22,15330,120.70985,15330,124.675212
100,23,12315,139.9015022,12315,179.5909054
100,24,14548,129.5997388,14548,123.6505362
100,25,10528,126.4568769,10528,125.1979483
100,26,10208,117.3701019,10208,118.6440047
100,27,7009,131.980739,7009,127.682979
100,28,11466,127.0724751,11466,138.8206872
100,29,15675,126.193748,15675,121.1068581
100,30,12755,123.6199922,12755,124.9181497
100,31,12472,123.7699647,12472,123.2406992
100,32,11050,128.938733,11050,124.2670588
100,33,13943,128.3081116,13943,124.1448756
100,34,8277,127.4510088,8277,133.7606621
100,35,12029,121.1829745,12029,121.3927176
100,36,9353,121.0793328,9353,132.9063402
100,37,10388,122.2120716,10388,123.6350597
100,38,11452,124.9689137,11452,134.0521306
100,39,9188,123.2665433,9188,124.9326295
100,40,8325,137.6251051,8325,144.8603003
100,41,11309,119.2329118,11309,120.2996728
100,42,15995,123.6599562,15995,122.3301657
100,43,12441,124.1687163,12441,127.0182461
100,44,7425,130.0257239,7425,145.2281481
100,45,9243,120.7118901,9243,119.4996213
100,47,8041,130.1600547,8041,144.5643577
100,48,11169,120.5684484,11169,119.4497269
101,1,17516,118.8404316,17516,123.8441996
101,2,17161,123.7184896,17161,128.0767438
101,3,18665,132.5211894,18665,131.1675328
101,4,22033,128.6806154,22033,128.7563655
101,5,17908,120.211023,17908,129.175899
101,6,18235,123.547354,18235,125.3674253
101,7,11561,120.5879249,11561,122.2222991
101,8,10939,126.7545479,10939,123.6326904
101,9,8790,143.0555176,8790,124.9782708
101,10,14534,123.6100179,14534,123.0108023
101,11,11059,126.8365132,11059,127.4129668
101,12,11946,138.1511803,11946,178.5369998
101,13,12522,127.6951765,12522,142.6626737
101,14,8384,133.5017891,8384,158.4660067
101,15,8882,124.8169331,8882,122.2412745
101,16,15217,120.5073273,15217,124.4663206
101,17,16072,119.6434793,16072,122.1931931
101,18,9486,121.2584862,9486,132.3893106
101,19,9168,117.5498473,9168,121.7361475
101,20,12179,123.437967,12179,123.8198538
101,21,10555,120.1681667,10555,122.7108479
101,22,18583,122.9753,18583,122.0562342
101,23,10373,121.4948424,10373,123.53244
101,24,13113,122.9132159,13113,127.8198734
101,25,9987,142.4520877,9987,149.1563032
101,26,11820,122.7964467,11820,128.343401
101,27,9134,130.8031531,9134,137.7786293
101,28,12551,124.3136005,12551,123.6800255
101,29,13534,121.7523275,13534,121.9544111
101,30,9829,117.3793875,9829,118.5276223
101,31,13741,127.4986537,13741,123.7508915
101,32,13713,129.814118,13713,123.6354554
101,33,7596,125.4740653,7596,124.4940758
101,34,11272,127.0448013,11272,122.2098119
101,35,11823,119.0393301,11823,121.0073585
101,36,16243,125.0197008,16243,120.9979068
101,37,10398,126.4780727,10398,124.9397961
101,38,9463,123.8504703,9463,124.869069
101,39,11427,124.203728,11427,142.8815962
101,40,15555,123.447316,15555,122.664288
101,41,3751,127.6456945,3751,127.4708078
101,42,10606,121.0716576,10606,119.2782387
101,43,3905,126.1167734,3905,128.6112676
101,44,7439,135.8735045,7439,146.669176
101,45,4518,135.1206286,4518,137.4200974
101,46,7242,131.8837338,7242,148.0098039
101,47,11137,119.9797073,11137,119.5076771
101,48,3928,134.1642057,3928,134.4330448
101,72,6122,132.2936949,6122,151.3103561
102,1,9771,137.4599325,9771,165.874322
102,2,14746,123.8799674,14746,122.3162892
102,3,16750,119.1006567,16750,122.2623881
102,4,19420,130.0295057,19420,130.8558187
102,5,17478,122.8912347,17478,123.2288019
102,6,16716,118.6050491,16716,123.3100622
102,7,9253,137.4143521,9253,123.5592781
102,8,11775,122.1573673,11775,135.1689172
102,9,13104,137.1897131,13104,165.5191545
102,10,12279,117.1876374,12279,118.4774819
102,11,14993,124.0760355,14993,123.2598546
102,12,9906,123.2507571,9906,122.786493
102,13,12165,120.5591451,12165,122.0554871
102,14,9760,137.6814549,9760,156.9827869
102,15,12006,123.4231218,12006,123.1855739
102,16,13286,121.2702092,13286,125.6093632
102,17,14818,129.6382778,14818,126.1704683
102,18,15016,119.9917421,15016,123.7595232
102,19,15552,121.2687757,15552,122.4034851
102,20,12221,125.80959,12221,124.9088454
102,21,8213,125.8120054,8213,123.445635
102,22,13453,124.2394262,13453,124.2864789
102,23,12009,120.6471813,12009,127.4549088
102,24,12104,130.7614838,12104,126.4618308
102,25,8887,126.9422752,8887,127.1673231
102,26,9170,121.2725191,9170,133.240458
102,27,11142,130.1028541,11142,125.6971818
102,28,8369,133.9902019,8369,140.9741905
102,29,12756,128.3892286,12756,123.985497
102,30,10504,119.8176885,10504,120.9681074
102,31,9735,122.2555727,9735,123.5038521
102,32,8006,132.5383462,8006,149.2619286
102,33,12007,126.9698509,12007,122.2303656
102,34,9781,146.815663,9781,143.9558327
102,35,9589,126.0141829,9589,126.3831474
102,36,4522,148.8920831,4522,156.7098629
102,37,10279,121.3655998,10279,121.2367935
102,38,6294,130.7036861,6294,146.0061964
102,39,15097,125.9852289,15097,122.1377757
102,40,12497,119.1322717,12497,120.908298
102,41,10952,121.0108656,10952,119.4197407
102,42,9879,123.3618787,9879,139.8054459
102,43,9521,129.7859469,9521,144.1916815
102,44,12682,121.178363,12682,121.6204069
102,45,4931,134.2762117,4931,162.0438045
102,46,7129,130.1183897,7129,150.4314771
102,47,10631,120.088985,10631,119.1735491
102,48,8130,124.1781058,8130,123.9341943
102,49,6999,124.3527647,6999,152.3991999
102,50,7457,117.3426311,7457,118.4405257
103,1,14756,124.0279886,14756,122.5141637
103,2,16155,119.0502012,16155,122.290684
103,4,20237,130.6341355,20237,132.142956
103,5,9625,135.1574026,9625,167.6227532
103,6,12839,121.9201651,12839,124.7525508
103,7,9055,132.4085036,9055,123.7866372
103,8,18120,123.3179912,18120,123.8768764
103,9,16535,118.5865135,16535,123.6336256
103,10,14197,135.5720223,14197,160.4354441
103,11,12126,120.6034966,12126,127.1792017
103,12,10121,123.620492,10121,122.2271515
103,13,11771,125.8642426,11771,126.3734602
103,14,14864,119.6784177,14864,123.6309203
103,15,11630,124.1772141,11630,124.6658641
103,16,9818,122.3811367,9818,132.7921165
103,17,12552,120.3505417,12552,121.9374602
103,18,13851,128.1732727,13851,124.2561548
103,19,10638,147.894247,10638,144.4661591
103,20,11359,121.8496347,11359,121.6320979
103,21,12361,117.311059,12361,118.5174339
103,22,11993,129.9895773,11993,125.9187026
103,23,10765,133.2392011,10765,148.4317696
103,24,15725,121.9914785,15725,122.9316375
103,25,11049,123.2683501,11049,122.8613449
103,26,7720,125.9212435,7720,123.4305699
103,27,8301,124.2099747,8301,124.1016745
103,28,6603,137.4385885,6603,179.2376193
103,29,9577,133.6684766,9577,150.3406077
103,30,8162,127.4729233,8162,127.9656947
103,31,10816,120.1211169,10816,120.7140348
103,32,13502,129.7218931,13502,126.5440675
103,33,8104,117.3548865,8104,118.3198421
103,34,11842,130.7434555,11842,127.5722851
103,35,8986,130.1784999,8986,140.3651235
103,36,6993,130.5737166,6993,149.9417989
103,37,8630,130.5294322,8630,151.0234067
103,38,6310,149.4852615,6310,167.6223455
103,39,11531,122.848929,11531,124.3876507
103,40,11347,126.8671896,11347,122.3490791
103,42,12638,119.1881627,12638,121.2407026
103,43,9545,121.9288633,9545,123.6817182
103,44,11643,120.9362707,11643,119.334364
103,45,11019,121.5245485,11019,119.8282058
103,46,7981,126.3928079,7981,153.8815938
103,47,15869,126.8564497,15869,122.7252505
103,48,11418,122.8258889,11418,136.0752321
103,49,8269,121.8413351,8269,127.7217318
103,50,8918,129.6296255,8918,144.9470733
103,73,10864,125.0322165,10864,123.5815538
103,74,12658,121.9351398,12658,122.0781324
104,2,11790,129.599067,11790,129.2326548
104,3,15423,118.5026908,15423,123.3179018
104,4,23101,124.2887321,23101,126.672525
104,5,13688,123.6540035,13688,122.7438632
104,6,12055,126.1372874,12055,126.4245541
104,7,11092,122.6490263,11092,122.1070141
104,8,12331,120.4889303,12331,121.1592734
104,9,16938,121.8535837,16938,122.9410792
104,10,18011,130.1829993,18011,130.6159014
104,11,7407,129.981639,7407,152.9967598
104,12,9280,124.4108836,9280,124.0518319
104,13,12771,122.3115653,12771,124.6088795
104,14,11921,126.84607,11921,124.5007969
104,15,15938,118.6812022,15938,122.3477224
104,16,11125,136.5601798,11125,166.512809
104,17,11622,125.7509035,11622,123.3238685
104,18,15837,120.4347414,15837,124.9069268
104,19,12612,120.7566603,12612,121.9418807
104,20,12444,120.517197,12444,123.3972999
104,21,9149,117.5758006,9149,118.5560171
104,22,9554,124.1595143,9554,124.4941386
104,23,8878,121.0013517,8878,132.8087407
104,24,9909,135.8780906,9909,123.0585326
104,25,10919,133.6020698,10919,152.1302317
104,26,12046,124.8981405,12046,121.4677071
104,27,14604,128.1255136,14604,123.8817447
104,28,11262,123.6787427,11262,124.5799148
104,29,7992,128.9532032,7992,136.2991742
104,30,17044,125.3975593,17044,124.2370336
104,31,9692,128.639187,9692,139.6698308
104,32,10013,117.1972436,10013,118.2218116
104,33,12128,122.7766326,12128,124.4667711
104,34,10354,121.80452,10354,120.9133668
104,35,9638,122.1873833,9638,118.8378294
104,36,9117,120.3603159,9117,132.4588132
104,37,10030,121.395015,10030,122.564008
104,38,11392,118.9389923,11392,121.0631145
104,39,6074,149.2591373,6074,208.6303918
104,40,6958,142.2242024,6958,139.2828399
104,41,9577,127.4305106,9577,158.3616999
104,43,4493,127.7375918,4493,123.6269753
104,44,4582,135.3216936,4582,128.9220864
104,45,3799,132.1747828,3799,128.8454857
104,46,8838,120.141661,8838,119.5839556
104,47,3746,121.5790176,3746,131.36252
104,48,9483,129.4050406,9483,128.2997996
104,49,7936,127.2796119,7936,135.8264869
104,50,4279,123.1839215,4279,122.2019163
104,51,8064,135.4776786,8064,209.0958581
104,52,3714,147.9033387,3714,133.4442649
104,75,2792,129.5841691,2792,127.1192693
104,77,3193,121.3811463,3193,126.26057
104,79,10775,123.3742923,10775,122.4045476
104,80,12944,120.5538473,12944,121.0336063
105,2,14564,124.3561522,14564,123.1734414
105,3,16817,118.4646489,16817,123.4380686
105,4,16867,118.7179107,16867,122.3837078
105,5,21859,124.4804428,21859,127.4011162
105,6,16615,131.3755642,16615,132.2280469
105,7,13398,126.2716077,13398,126.9036423
105,8,9710,121.0411946,9710,132.6062822
105,9,17221,122.778352,17221,122.9436734
105,10,12363,120.569522,12363,123.0952843
105,11,11877,134.4262861,11877,152.7112065
105,12,13159,120.7531727,13159,121.8286344
105,13,11341,123.2377215,11341,124.0226611
105,14,8287,136.9734524,8287,131.5297454
105,15,9481,123.5702985,9481,124.1999789
105,16,16651,120.1973455,16651,124.6528136
105,17,10437,123.1489892,10437,122.0764588
105,18,13166,122.4070333,13166,124.0785356
105,19,8930,129.5239642,8930,151.5574468
105,20,14732,127.4342248,14732,124.6219115
105,21,11495,125.6852545,11495,123.3317964
105,22,10570,122.7999054,10570,121.7205298
105,23,11315,120.4614229,11315,121.0456916
105,24,11113,136.4161792,11113,166.7010708
105,25,10647,117.6232742,10647,118.4129802
105,26,9739,121.6605401,9739,123.0440497
105,27,11871,125.6597591,11871,121.4566591
105,28,10442,156.2586669,10442,124.2293622
105,29,9777,124.3869285,9777,124.0176946
105,30,10050,128.0112438,10050,159.5646766
105,31,7307,150.0613111,7307,207.6768852
105,32,17728,125.2335289,17728,125.173116
105,33,5380,132.5356877,5380,133.1936803
105,34,10120,128.7019763,10120,138.009585
105,35,9858,126.4919862,9858,127.214648
105,36,9458,122.469761,9458,118.8707972
105,37,6251,121.881299,6251,129.0243161
105,38,11376,119.3572433,11376,120.5537975
105,39,10685,117.20365,10685,118.1226018
105,40,9938,123.6529483,9938,121.3000604
105,41,8414,126.4084859,8414,125.625624
105,42,6048,127.984623,6048,130.5011574
105,43,10141,137.032344,10141,128.6973671
105,44,7398,131.9817518,7398,136.7004596
105,45,8627,119.7148487,8627,131.5390054
105,46,6253,121.1599232,6253,133.7423637
105,47,11746,128.7147965,11746,129.7817129
105,48,6696,134.71819,6696,132.6191756
105,49,3842,126.8263925,3842,123.9380531
105,50,8858,138.8763829,8858,203.2857304
105,52,9036,120.853807,9036,119.6610226
105,53,12487,122.9360135,12487,124.7482181
105,54,4044,122.1889219,4044,122.2616222
105,81,11600,123.5900862,11600,122.2456897
105,82,11723,121.222554,11723,121.4198584
106,1,12881,119.8178713,12881,123.175064
106,2,12314,122.3606464,12314,122.4748254
106,4,10522,117.6399924,10522,118.4833682
106,5,9550,120.8033508,9550,132.3805236
106,6,13998,128.229247,13998,125.9516359
106,7,17601,124.5266746,17601,123.7563775
106,8,13927,119.9872909,13927,121.7059668
106,9,9891,158.9089071,9891,124.8389445
106,10,16081,118.7275667,16081,121.7686089
106,11,16231,118.6835069,16231,124.4406999
106,12,18559,124.4172639,18559,129.8068323
106,13,16273,120.1533215,16273,124.9556935
106,14,15523,121.3429749,15523,121.7240224
106,15,13507,122.9394388,13507,125.1904938
106,16,11909,122.8981443,11909,121.9869846
106,17,12468,127.7427815,12468,123.4522778
106,18,12577,120.1654608,12577,121.1855768
106,19,15152,132.9519535,15152,134.6706045
106,20,10376,122.9281997,10376,125.0533924
106,22,13940,121.5288379,13940,122.845122
106,23,9858,139.3869953,9858,125.2976263
106,24,9872,124.8101702,9872,125.2065438
106,25,8378,125.241227,8378,126.7166388
106,26,8277,122.6563972,8277,133.589948
106,27,11046,130.1339852,11046,147.1294586
106,28,7029,128.7227202,7029,140.8026746
106,29,9482,143.8087956,9482,204.4477958
106,30,9969,125.1426422,9969,124.1610994
106,31,10324,127.4857613,10324,143.4678419
106,32,18215,125.3217678,18215,126.410431
106,33,11650,123.0897854,11650,124.323691
106,34,12969,125.7240342,12969,121.9319146
106,35,9113,137.5690771,9113,140.1973006
106,36,10188,120.9706517,10188,119.2763055
106,37,12849,123.8666044,12849,123.1586894
106,38,13715,123.2959533,13715,125.6154575
106,39,10281,127.9953312,10281,136.6690011
106,40,8518,124.7669641,8518,130.1365344
106,41,9910,125.1823411,9910,152.7963673
106,42,10118,126.3551097,10118,125.2553864
106,43,10824,136.472561,10824,167.4374538
106,44,11578,119.9142339,11578,121.137243
106,45,7417,123.521235,7417,143.7151139
106,46,11140,135.835009,11140,126.0189408
106,47,11828,117.2440818,11828,118.2160129
106,48,9605,141.8015617,9605,199.5783446
106,49,9494,126.3187276,9494,120.8550664
106,50,7890,131.2020279,7890,137.11673
106,52,8174,118.6813066,8174,127.1028872
106,53,8818,122.6253119,8818,119.8880699
106,83,10207,122.8751837,10207,122.4464583
106,84,7235,132.5079475,7235,160.0416033
106,85,3531,128.4185783,3531,131.7657887
106,276,9625,125.9948052,9625,124.9471169
106,277,2726,132.4108584,2726,137.6368305
107,1,15328,118.8616258,15328,121.7829462
107,2,16926,118.9781401,16926,124.66838
107,3,18794,124.9645632,18794,130.5633713
107,4,14034,128.8066125,14034,126.5888556
107,5,10178,160.4073492,10178,124.9668894
107,6,10022,121.2734983,10022,131.7865695
107,7,17997,124.0712897,17997,124.1823082
107,8,12260,127.782708,12260,122.8535889
107,9,15655,120.1280102,15655,124.6169914
107,10,14226,127.3597638,14226,126.2371714
107,11,16712,133.3759574,16712,136.4839636
107,12,13189,120.6797331,13189,122.3508227
107,13,11636,122.2661568,11636,122.3940358
107,15,16063,121.0249019,16063,121.7529727
107,16,9389,117.6419214,9389,118.4913196
107,17,12253,119.7080715,12253,123.4238146
107,18,9760,123.3910861,9760,124.6971311
107,19,13355,120.5484088,13355,121.4574317
107,20,11555,123.5050627,11555,124.8086543
107,21,13178,124.1239187,13178,122.5661709
107,22,8318,126.1864631,8318,130.065761
107,23,11123,135.7354131,11123,168.358896
107,24,8781,144.7359071,8781,125.3471131
107,25,10100,125.3929703,10100,123.9934653
107,26,9336,124.8562554,9336,125.0178877
107,27,9949,126.9652226,9949,151.4657755
107,28,12815,122.7570035,12815,124.3669918
107,29,9538,143.169113,9538,205.2302369
107,30,9070,124.9714443,9070,126.4949283
107,31,14192,120.2876268,14192,121.5256483
107,32,9559,144.1119364,9559,139.7007009
107,33,9986,126.7393351,9986,152.4619467
107,34,17854,125.7139016,17854,127.2314327
107,35,8794,122.0036388,8794,133.4251763
107,36,12673,125.8210368,12673,122.0406376
107,37,11177,122.4479735,11177,119.5076496
107,38,10788,128.3988691,10788,135.743604
107,39,10113,122.5958667,10113,121.61327
107,40,11483,123.0227293,11483,125.8933206
107,41,7069,128.170604,7069,141.6510115
107,42,9893,130.3101183,9893,140.9877691
107,43,11150,134.3674439,11150,125.9580269
107,44,10060,126.8738569,10060,124.8449304
107,45,11421,117.2261623,11421,118.1867612
107,46,10312,141.9555857,10312,198.5204616
107,47,6934,124.8828959,6934,136.4788001
107,48,9798,127.0810369,9798,121.1662584
107,49,11772,119.9188753,11772,120.6864594
107,50,8498,123.5348317,8498,143.3992704
107,51,7980,132.489599,7980,137.1506266
107,53,11027,121.975424,11027,120.0981228
107,86,9216,122.639974,9216,122.3810764
107,87,6846,131.7407245,6846,160.5718668
107,88,5588,118.3845741,5588,129.4110594
107,89,3964,130.306004,3964,143.2608476
108,1,10986,125.1876024,10986,123.8853996
108,3,11954,139.9475489,11954,127.176008
108,4,14647,119.0572814,14647,125.601147
108,5,17086,131.732354,17086,130.1724804
108,6,10771,117.6086714,10771,118.2933804
108,7,10680,125.0870787,10680,124.811985
108,8,15558,118.2189227,15558,121.4956935
108,9,11657,119.4961826,11657,120.817363
108,10,9721,147.3836025,9721,125.8609197
108,11,9638,120.4674206,9638,131.9432455
108,12,9950,124.6704523,9950,144.2375879
108,13,14737,123.4319061,14737,122.6795141
108,14,9729,120.5254394,9729,131.4466029
108,15,14598,119.6107001,14598,121.0796684
108,16,10756,121.4540721,10756,122.0406285
108,17,8832,125.7178442,8832,130.3954937
108,18,11626,123.4189747,11626,125.0231378
108,19,14026,126.0981035,14026,125.096535
108,20,10133,122.6142307,10133,153.2092174
108,21,10805,128.5752892,10805,124.9254975
108,22,9461,131.2659338,9461,138.9150196
108,23,11912,118.6072028,11912,123.1275185
108,24,15628,120.1309829,15628,120.6907474
108,25,15745,126.2859956,15745,123.6517625
108,26,10372,121.8505592,10372,121.7203047
108,27,16406,119.6378764,16406,125.6999269
108,29,13015,129.69466,13015,129.4066846
108,30,13230,127.1489796,13230,133.2823129
108,31,11977,126.1597228,11977,122.0408283
108,32,14393,121.4907247,14393,122.9814493
108,33,7494,126.8035762,7494,143.5862023
108,34,9528,139.4287364,9528,140.4259026
108,35,10525,127.3713064,10525,144.1534442
108,36,9039,131.7947782,9039,151.3272486
108,37,12304,130.3485858,12304,147.8565507
108,38,11111,128.0623706,11111,124.6471065
108,39,12151,124.8670891,12151,121.7615011
108,40,9795,143.214293,9795,201.7504849
108,41,13680,122.3583333,13680,123.5030702
108,42,9617,139.5777269,9617,199.988042
108,43,10800,121.0151852,10800,119.2839815
108,44,8569,123.8662621,8569,123.8816665
108,45,5289,122.0453772,5289,124.1678956
108,46,8605,122.0900639,8605,127.882975
108,47,9355,127.9375735,9355,124.2851951
108,48,11392,117.2310393,11392,118.1344803
108,49,9972,123.7618331,9972,146.5476334
108,51,9363,120.9720175,9363,119.2131795
108,52,12544,120.4473055,12544,120.4212372
108,53,9500,127.0531579,9500,120.2131579
108,54,8348,118.7938428,8348,128.0913991
108,90,11513,124.5276644,11513,122.6547381
108,91,9371,127.6418739,9371,125.3127735
108,92,4298,124.1742671,4298,124.7847836
108,93,8118,123.9423503,8118,121.8870411
108,94,7589,132.4515746,7589,159.84438
109,2,16743,119.6411635,16743,126.2456549
109,3,9801,151.3577186,9801,125.2036527
109,4,11809,138.7988822,11809,129.9517317
109,5,11527,126.0474538,11527,123.1824412
109,6,9689,124.0484054,9689,145.4483435
109,7,9005,122.2313159,9005,147.5174903
109,8,10482,126.9101317,10482,124.161992
109,9,9775,120.198977,9775,131.9404604
109,10,15810,118.3482606,15810,121.7338393
109,11,12970,130.2553585,12970,130.3566692
109,12,9842,117.7158098,9842,118.2527941
109,13,11121,125.6609118,11121,123.1515152
109,14,14690,119.9980259,14690,121.2535739
109,15,15041,124.1063759,15041,123.278173
109,16,11268,119.5132233,11268,120.4006035
109,17,10977,121.4909356,10977,122.1891227
109,18,11791,122.4951234,11791,123.9640404
109,19,9736,120.2512325,9736,131.6087716
109,20,12084,118.8027971,12084,123.1913274
109,21,7882,125.7533621,7882,143.6121543
109,22,14401,120.2655371,14401,120.7761267
109,23,10326,124.9534186,10326,125.0700174
109,24,9851,139.6258248,9851,141.0342097
109,25,11629,127.2699286,11629,133.478201
109,26,9053,132.6341544,9053,153.698553
109,27,11981,127.120858,11981,135.7949253
109,28,14405,121.4994099,14405,122.758209
109,29,9615,121.6308892,9615,121.3329173
109,30,15483,120.2308984,15483,124.7849254
109,31,9062,126.1013021,9062,130.3629442
109,32,9414,140.8636074,9414,208.0152964
109,33,11862,125.86638,11862,122.1357275
109,34,13060,124.8952527,13060,121.8892037
109,35,12030,126.6963425,12030,125.273483
109,36,9332,131.9378483,9332,140.8295114
109,37,9981,127.6500351,9981,145.2469692
109,38,10126,128.5050365,10126,124.291428
109,40,11551,119.934378,11551,118.9194875
109,41,7843,132.2524544,7843,129.5589698
109,42,10601,140.2069616,10601,196.7722856
109,43,10639,124.4920575,10639,124.6162233
109,44,9920,128.2995968,9920,123.5697581
109,45,7886,121.7404261,7886,128.4595486
109,46,12721,121.6950711,12721,122.9860074
109,47,8672,124.242274,8672,123.9872002
109,49,9885,117.1538695,9885,117.9256449
109,50,10431,123.3360176,10431,145.1079475
109,51,11994,120.7953977,11994,120.0208438
109,52,9706,120.0877808,9706,119.0067999
109,95,8247,124.2098945,8247,121.9434946
109,96,6423,132.2455239,6423,166.740931
109,97,10896,126.7554148,10896,121.148862
109,98,11075,124.8573363,11075,123.1195485
109,99,9513,126.8579838,9513,124.7518133
109,100,6604,118.1480921,6604,128.3625076
110,1,16774,127.3678908,16774,125.0397639
110,2,14470,125.8338632,14470,124.8568763
110,3,14091,119.4666809,14091,121.0848769
110,4,10236,126.5015631,10236,124.2450176
110,5,14145,122.6535878,14145,122.1551785
110,6,11171,120.2209292,11171,120.6848984
110,7,9830,117.885351,9830,118.5072228
110,8,11087,126.021196,11087,123.6430053
110,9,11456,138.584148,11456,141.8317912
110,10,10490,119.692469,10490,124.9527169
110,11,16163,118.3664542,16163,122.082163
110,12,12544,120.1624681,12544,141.9331154
110,13,10602,144.4019053,10602,205.617525
110,14,9992,120.5758607,9992,121.1106886
110,15,13193,123.4005154,13193,121.5313424
110,16,9122,125.7433677,9122,129.8390704
110,17,9976,169.9757418,9976,126.5173416
110,18,10419,125.4502351,10419,123.8343411
110,19,10081,126.7604404,10081,123.9279833
110,20,8158,125.9253494,8158,144.7762932
110,21,11113,129.3459012,11113,145.6837038
110,22,12982,128.4387614,12982,131.9161146
110,23,10310,122.7512124,10310,121.9940834
110,24,10978,141.0005465,10978,196.8485152
110,25,8318,122.4273864,8318,146.4588843
110,26,12288,124.6889648,12288,130.6288249
110,27,13179,127.2878822,13179,122.2362091
110,28,14189,119.9154979,14189,120.3142575
110,29,9845,130.9117318,9845,132.438192
110,30,13948,124.0780757,13948,122.5741325
110,31,9921,131.9528273,9921,152.162282
110,32,10801,127.9311175,10801,122.5682807
110,33,8680,123.9597926,8680,124.1067972
110,34,10120,119.9532609,10120,131.1969368
110,35,11112,125.5739741,11112,124.8032757
110,36,9849,118.5220835,9849,123.2569804
110,37,10957,134.881902,10957,134.2905905
110,39,13239,128.5926429,13239,125.2692802
110,40,10997,132.9974539,10997,140.6513595
110,41,10421,120.1628443,10421,118.6379426
110,42,12196,118.5035257,12196,122.708921
110,43,11945,124.4965257,11945,122.3134366
110,44,12424,121.4466355,12424,122.7710077
110,45,9981,121.4331229,9981,123.4034666
110,46,9497,121.9782036,9497,127.9197641
110,47,8615,121.9478816,8615,122.7858387
110,48,15691,119.8873239,15691,124.4843541
110,50,9894,117.1491813,9894,118.0332525
110,51,12732,120.9455702,12732,119.5472824
110,52,9332,120.6698457,9332,147.4648521
110,53,10152,120.4724192,10152,119.3927305
110,101,10600,121.280566,10600,119.4534906
110,102,6011,118.011479,6011,126.9742139
110,103,8099,122.9565378,8099,121.529695
110,104,6148,136.6001952,6148,167.1395576
111,1,12500,119.94768,12500,136.45864
111,2,14625,126.1388034,14625,124.8254359
111,3,12026,141.3426742,12026,193.1422751
111,4,14429,128.5574191,14429,126.3995426
111,5,15527,118.4653829,15527,121.7818639
111,6,14709,123.4348358,14709,122.3469305
111,7,10651,142.1759459,10651,205.2368792
111,8,12803,128.168398,12803,132.7823948
111,9,12673,125.0279334,12673,131.3643178
111,10,10988,119.9209137,10988,120.7672006
111,11,10346,125.4554417,10346,124.8440943
111,12,13540,119.4786558,13540,121.0689069
111,13,10767,131.8511192,10767,133.4677255
111,14,10378,125.5872037,10378,124.4551937
111,15,10180,122.3940079,10180,122.0575639
111,16,12823,126.7357093,12823,121.7612883
111,18,9081,126.1998679,9081,129.8419778
111,19,14930,119.6326859,14930,120.4263228
111,20,14760,123.9689702,14760,122.7003388
111,21,11700,131.2270085,11700,141.9320513
111,22,10215,131.3463534,10215,152.6201664
111,23,10272,119.9804322,10272,130.7461059
111,24,14886,123.1570603,14886,121.6855435
111,25,9834,117.9428513,9834,118.3568233
111,26,10032,121.1335726,10032,123.1823166
111,27,10996,124.2906511,10996,123.0553838
111,28,12470,118.6302326,12470,122.4748998
111,29,10777,128.820451,10777,146.6287464
111,30,10185,136.6232695,10185,142.6198331
111,31,8332,126.1758281,8332,144.7101536
111,32,10356,121.0739668,10356,121.1258208
111,33,10118,159.3234829,10118,126.1549713
111,34,8168,121.8229677,8168,146.2453477
111,35,9531,118.5041444,9531,122.6708635
111,36,8943,122.1710835,8943,129.4343062
111,37,10676,129.4049269,10676,122.6853691
111,38,12891,121.7190288,12891,123.1648437
111,39,8786,121.5445026,8786,123.4148646
111,40,14420,119.6037448,14420,123.1527739
111,41,12108,128.4457384,12108,125.1866535
111,42,10894,119.6408115,10894,118.6536626
111,43,13049,125.6376734,13049,123.2230056
111,44,10860,127.2793738,10860,128.2864641
111,45,4594,128.9873748,4594,122.3818024
111,46,9250,117.1368649,9250,118.0273514
111,47,8865,121.1750705,8865,149.1721376
111,48,9274,125.0931637,9274,123.8265042
111,50,10763,120.2140667,10763,124.1622224
111,51,12631,121.2578577,12631,119.6622595
111,52,4296,124.7423184,4296,124.8726723
111,53,9176,118.2161072,9176,125.7683086
111,105,8346,123.0765636,8346,121.744069
111,106,7511,136.456131,7511,164.423379
111,107,9924,120.6553809,9924,118.929867
111,108,2379,126.679277,2379,124.5384615
111,109,12402,120.4523464,12402,120.5251572
111,110,2622,124.7105263,2622,122.3157895
112,2,15272,121.976362,15272,121.9832373
112,3,12881,130.8765624,12881,140.6404782
112,4,14324,128.027227,14324,126.0420972
112,5,11380,127.1962214,11380,134.9893673
112,6,11617,121.7831626,11617,121.9484376
112,7,14875,123.0506218,14875,121.653916
112,9,11335,119.8261138,11335,120.9625937
112,10,10018,119.336694,10018,128.7370733
112,11,16118,125.6164537,16118,124.590706
112,12,16420,118.8150426,16420,121.7030451
112,13,10706,127.4399402,10706,138.7259481
112,14,10044,133.2642374,10044,154.766826
112,15,9165,125.791162,9165,129.7127114
112,16,11829,126.6579593,11829,124.5489898
112,17,9899,131.0256592,9899,156.0524295
112,18,11695,117.916118,11695,118.2442069
112,19,15185,124.0530128,15185,123.2964109
112,20,9426,119.4902398,9426,123.1332485
112,21,10355,126.2234669,10355,124.8830517
112,22,14349,120.2499826,14349,120.7417939
112,23,10987,127,10987,124.7345954
112,24,11214,131.9006599,11214,122.788657
112,25,9953,138.2481664,9953,140.8543153
112,26,12284,122.9178606,12284,123.2052263
112,27,14156,125.0608929,14156,121.068169
112,28,11379,120.7767818,11379,121.1792776
112,29,8951,120.9698358,8951,123.7545526
112,30,13611,120.6773933,13611,123.0291676
112,31,13127,125.090272,13127,122.0212539
112,32,15161,119.3772838,15161,121.2952971
112,33,8490,124.9820966,8490,133.3053004
112,34,9653,131.9487206,9653,123.5282296
112,35,8364,136.7439024,8364,136.3559302
112,36,10499,122.9296123,10499,122.5031908
112,37,16056,120.6008346,16056,124.1606253
112,38,13976,124.0113051,13976,129.6096165
112,39,7944,126.4414653,7944,136.6169436
112,40,10319,131.8081209,10319,140.241787
112,41,8928,122.515233,8928,123.187164
112,42,12986,118.6805791,12986,122.397505
112,44,11020,128.8302178,11020,141.3271325
112,45,11113,119.9809232,11113,118.7156483
112,46,10637,120.5013632,10637,119.2525148
112,47,9735,122.5391885,9735,123.8245506
112,48,5865,122.9295823,5865,125.3942029
112,49,11642,121.3014087,11642,119.1027315
112,50,9334,140.5184273,9334,124.8508678
112,51,7132,120.0593102,7132,125.1866237
112,52,8461,120.6208486,8461,128.8972935
112,53,6903,120.5464291,6903,139.1316819
112,54,8805,118.229983,8805,128.1915957
112,55,7286,123.996157,7286,128.8742794
112,111,8661,121.9009352,8661,118.8936612
112,112,7103,119.6219907,7103,153.2365198
112,113,8225,119.0031611,8225,144.851307
112,114,7001,118.8340237,7001,125.4283674
112,115,4286,124.7494167,4286,130.5100327
112,116,6462,124.8387496,6462,148.2121634
112,117,8158,117.0849473,8158,118.0903408
113,1,14121,127.5923801,14121,126.2487784
113,3,11612,125.2553393,11612,127.4326559
113,5,15748,126.2401575,15748,124.5885192
113,6,16071,118.7010765,16071,121.3096883
113,7,11895,133.0257251,11895,139.8627995
113,8,10201,127.6517008,10201,123.6162141
113,9,12564,126.0577841,12564,124.9150748
113,10,10965,121.3726402,10965,121.8546284
113,11,10254,125.7024576,10254,128.755315
113,12,8761,126.2987102,8761,129.9148499
113,13,14399,123.6978262,14399,123.1911244
113,14,13835,124.2358511,13835,129.2233466
113,15,10968,127.4059993,10968,124.2671408
113,16,15196,121.2890892,15196,121.7449329
113,17,10550,129.3529858,10550,136.1209479
113,18,14702,123.1539927,14702,121.2681268
113,19,10307,119.2197536,10307,128.1950131
113,20,9690,119.3868937,9690,123.09742
113,21,9433,126.35291,9433,124.6955369
113,22,11857,126.8860589,11857,134.5735009
113,23,13860,121.0906205,13860,123.391342
113,24,13454,124.9174223,13454,121.3861305
113,25,11347,119.8133427,11347,120.9793778
113,26,11199,130.8459684,11199,122.8290919
113,27,14898,119.8217882,14898,120.5276547
113,28,10921,123.1714129,10921,122.9209779
113,29,8304,132.8939066,8304,161.931238
113,30,15137,120.6822356,15137,123.9295105
113,31,10418,143.8574582,10418,125.8275101
113,32,12419,123.5960222,12419,122.1727192
113,33,13700,123.9744526,13700,123.6934307
113,34,13300,119.4747368,13300,120.9676692
113,35,8380,124.2095465,8380,139.2491647
113,36,9112,117.3610623,9112,118.0043898
113,37,7442,136.1795216,7442,142.2790916
113,38,10279,139.0294776,10279,140.4873042
113,39,6520,121.5,6520,126.0929448
113,40,8909,126.6930071,8909,136.7107419
113,41,9720,122.0639918,9720,123.4339506
113,42,11049,120.5122636,11049,121.0991945
113,43,8576,120.8592584,8576,128.803055
113,44,12201,118.8637817,12201,122.1870338
113,45,11798,119.9950839,11798,119.1104424
113,46,11726,126.8057309,11726,134.5943203
113,47,7618,121.9071935,7618,141.6885009
113,48,8647,121.3308662,8647,123.6610385
113,49,7281,120.1383052,7281,126.4198599
113,50,8972,121.8282434,8972,122.7089835
113,51,9477,119.9768914,9477,118.8035243
113,52,8028,123.7220977,8028,129.7316891
113,53,10499,117.2123059,10499,118.2538337
113,54,12974,121.399183,12974,119.4598428
113,55,9132,118.2901883,9132,128.4469996
113,118,6465,125.691106,6465,148.946017
113,119,10921,122.2261698,10921,119.5953667
113,120,7606,120.9007363,7606,154.5836182
113,121,6784,127.364829,6784,130.9301297
113,122,7003,118.7405398,7003,147.7639583
113,123,5110,118.8387476,5110,132.030137
114,1,12017,119.6549056,12017,121.0880419
114,2,14831,127.8603601,14831,124.6655654
114,3,14123,126.4198117,14123,124.0945267
114,4,12330,118.8858881,12330,131.1701541
114,5,9692,126.3558605,9692,143.5509699
114,6,10777,121.6782036,10777,121.6621509
114,7,14497,126.6735187,14497,125.3700766
114,8,8743,123.618552,8743,131.0799497
114,9,13307,125.4894416,13307,126.303299
114,10,10427,155.314472,10427,125.2401458
114,11,9908,126.7864352,9908,123.939241
114,12,10576,125.9659607,10576,128.3038011
114,13,14442,123.6073259,14442,121.5666113
114,14,14079,121.1882236,14079,120.9954542
114,15,15250,122.9622951,15250,122.9450492
114,16,13702,124.6904102,13702,120.942928
114,17,12695,124.3426546,12695,121.8702639
114,18,15087,118.5246238,15087,121.7550209
114,19,15308,119.8090541,15308,120.3882937
114,20,5557,122.1635775,5557,126.7619219
114,21,9797,124.9161988,9797,141.5976319
114,22,11554,125.4697075,11554,124.4251342
114,23,11293,126.5259896,11293,124.1063491
114,24,8940,125.1994407,8940,129.5333333
114,25,11147,133.186687,11147,123.0554409
114,26,9534,117.3077407,9534,117.967275
114,27,13735,123.9426283,13735,122.7281398
114,28,8630,121.6237543,8630,129.9303592
114,29,12440,134.9357717,12440,140.7209807
114,30,11444,121.5360888,11444,123.6520447
114,31,13317,120.0889089,13317,118.6544267
114,32,15107,119.3953796,15107,121.1810419
114,33,8387,120.4403243,8387,126.6536306
114,34,14572,121.4120231,14572,124.4316497
114,36,10355,137.9957508,10355,141.4058909
114,37,11414,120.6501665,11414,121.0124409
114,38,8457,132.4209531,8457,158.5358874
114,39,10209,119.1481046,10209,126.5772358
114,40,9504,120.7763047,9504,128.1860269
114,41,12344,118.3690862,12344,122.5028354
114,42,9821,121.9002138,9821,122.5526932
114,43,12900,124.7878295,12900,128.7454264
114,44,11513,120.0070355,11513,118.6078346
114,45,11693,126.8245959,11693,125.0742324
114,46,7980,120.7497494,7980,143.9927318
114,47,12167,121.2707323,12167,123.3205392
114,48,10879,135.8528357,10879,142.3874437
114,49,12055,121.4527582,12055,119.2579842
114,50,9594,126.3663748,9594,138.4044194
114,51,11589,124.5742514,11589,124.4963327
114,52,9829,122.7127887,9829,122.2614712
114,54,9536,119.458578,9536,122.7542995
114,55,5044,121.6528549,5044,126.2991673
114,56,11422,117.2151112,11422,118.2050429
114,57,7655,122.3638145,7655,139.1924233
114,58,9484,118.2108815,9484,131.0591523
114,59,9374,122.446661,9374,153.4915724
114,124,11242,122.6006938,11242,119.2245152
114,125,5263,119.9224777,5263,126.9619989
114,126,13820,130.6482634,13820,135.484081
115,1,14780,125.2987145,14780,124.5313938
115,3,9161,119.6121602,9161,128.2234472
115,4,14064,127.2903868,14064,123.7665671
115,5,14297,121.9008883,14297,123.0971532
115,7,10275,120.976545,10275,144.0125547
115,8,9135,122.5766831,9135,131.2756431
115,9,10340,117.2377176,10340,118.1772727
115,10,12497,126.0258462,12497,127.0256862
115,11,8893,126.6140785,8893,147.0763522
115,12,13770,126.5338417,13770,124.1442992
115,13,12402,120.8097081,12402,122.384696
115,14,5926,124.1312859,5926,131.7440094
115,15,11318,128.8721506,11318,126.5873829
115,16,10954,128.5220011,10954,124.0795143
115,17,11712,138.0380806,11712,142.0406421
115,18,10079,123.479115,10079,122.692529
115,19,13034,127.6718582,13034,124.1634955
115,20,16476,118.8621631,16476,122.9949624
115,21,11092,128.3937072,11092,125.1196358
115,22,14624,125.2994393,14624,121.9697073
115,23,12191,135.7812321,12191,142.0195226
115,24,9283,132.3629215,9283,156.9348271
115,25,14373,123.6598483,14373,120.115216
115,26,9389,118.5984663,9389,135.3017361
115,27,10009,130.4296133,10009,123.1267859
115,28,12634,121.711097,12634,124.3425677
115,29,11340,120.9563492,11340,120.8256614
115,30,13677,118.4603349,13677,122.4885574
115,31,10758,118.6333891,10758,126.3471835
115,32,10843,144.422669,10843,126.1960712
115,33,12343,126.39172,12343,120.8305922
115,34,9663,124.4169513,9663,131.7739832
115,35,11237,127.5862775,11237,124.9883421
115,36,9264,117.9636226,9264,134.7068221
115,37,10977,125.7454678,10977,141.4828277
115,38,11353,135.1027922,11353,142.4135471
115,39,14133,120.8718602,14133,121.5586217
115,40,14241,123.8507127,14241,119.994874
115,41,9223,124.258159,9223,172.1290253
115,42,11226,128.4102975,11226,124.8097274
115,43,11609,118.1957964,11609,118.6523387
115,44,12481,122.0878936,12481,122.4893839
115,45,6103,121.8327052,6103,129.7971489
115,46,9222,129.0053134,9222,130.08599
115,47,13101,118.6971987,13101,121.7568888
115,48,9010,121.0469478,9010,129.6287458
115,49,8852,125.4378671,8852,136.3223
115,50,10990,120.6520473,10990,119.8628753
115,51,15203,118.7933303,15203,119.9748076
115,52,12284,132.5753012,12284,135.3205796
115,53,9419,118.4631065,9419,123.2316594
115,55,10792,122.5509637,10792,126.7892884
115,56,10526,123.798879,10526,121.6968459
115,127,8477,123.7346939,8477,123.1375487
115,128,7905,125.3666034,7905,123.8072106
115,129,6925,119.118556,6925,122.1887365
115,130,7589,124.0350507,7589,143.8885229
115,131,10446,121.2025656,10446,119.7244878
115,132,8579,117.4703345,8579,118.6575358
115,133,11606,119.8305187,11606,119.1243322
116,1,11271,126.9246739,11271,124.1730104
116,3,11117,118.1966358,11117,119.1513898
116,4,9206,125.060504,9206,125.1078644
116,5,11770,125.6704333,11770,140.6162277
116,6,10330,122.3773475,10330,140.9102614
116,7,9275,130.4862534,9275,155.3181671
116,8,14977,124.3946051,14977,124.0347199
116,9,13433,125.8062979,13433,122.7830715
116,10,9538,127.8148459,9538,132.348291
116,11,10861,125.7857472,10861,123.404843
116,12,10827,121.1919276,10827,130.6814445
116,13,9307,131.879553,9307,123.4873751
116,15,11049,141.8886777,11049,127.4539777
116,16,12448,123.3269602,12448,123.4349293
116,17,13512,121.6743635,13512,118.8775163
116,18,9273,120.653618,9273,129.4623099
116,19,8022,117.7945649,8022,127.3982797
116,20,9077,125.7699681,9077,122.9758731
116,21,16742,126.5285509,16742,123.4812448
116,22,13110,119.6093822,13110,121.3891686
116,23,16338,120.4891052,16338,123.5472518
116,24,12437,119.0506553,12437,122.2582616
116,25,13702,128.6314407,13702,140.9246095
116,26,8993,126.9963305,8993,148.3981986
116,27,11510,131.2349262,11510,126.485404
116,28,9831,121.8157868,9831,121.2448378
116,29,12130,127.6106348,12130,125.3978566
116,30,9225,119.9231436,9225,124.5933875
116,31,10595,125.1648891,10595,120.8627655
116,32,10541,135.1974196,10541,143.4189356
116,33,11330,121.9448367,11330,118.9209179
116,34,8075,125.9721362,8075,125.7034056
116,35,8483,118.5697277,8483,123.7321702
116,37,9265,124.9598489,9265,135.5669725
116,38,10202,135.524407,10202,144.6930014
116,39,8598,125.0371017,8598,129.4967434
116,40,12584,122.207883,12584,143.1694215
116,41,7781,130.0331577,7781,125.8267575
116,42,8833,127.0994,8833,123.5092268
116,43,13963,124.1345699,13963,120.4867149
116,44,9291,125.6810892,9291,139.4504359
116,45,11144,121.3191852,11144,122.3867552
116,46,9304,118.1679923,9304,125.1620808
116,47,8228,126.9175984,8228,129.4952601
116,48,10675,127.922623,10675,123.9672131
116,49,11606,130.9726004,11606,157.4631225
116,50,13683,118.734415,13683,119.2425638
116,51,9166,117.115863,9166,118.4108662
116,52,12629,120.1603452,12629,118.6039275
116,53,8895,117.6910624,8895,128.0856661
116,54,7492,120.6141217,7492,134.0664709
116,55,11658,122.5630468,11658,122.922714
116,56,12748,118.3580954,12748,120.490979
116,134,14516,132.9433728,14516,136.9247727
116,135,9801,130.9918376,9801,123.187838
116,136,6594,125.6164695,6594,122.8451623
116,137,9363,119.3584321,9363,122.1769732
116,138,7247,122.4830965,7247,121.7252656
116,139,7566,119.2022205,7566,118.4065556
116,140,9591,118.2198937,9591,118.970806
117,2,13350,132.3880899,13350,124.3367041
117,3,13254,135.3060208,13254,140.6287159
117,4,10684,120.9330775,10684,137.5273306
117,5,11710,120.5891546,11710,129.7525192
117,6,12272,131.1631356,12272,133.5520698
117,7,12831,127.112462,12831,126.2709064
117,8,11560,123.4066609,11560,136.925173
117,9,10783,120.8851897,10783,125.0216081
117,10,10152,128.2042947,10152,158.714933
117,11,14593,126.2863017,14593,123.1486329
117,12,10323,121.9298653,10323,124.7337983
117,13,12996,118.0663281,12996,119.5411665
117,14,12345,121.4517618,12345,123.1720535
117,15,12278,118.7213716,12278,124.8224467
117,16,11064,131.4246204,11064,123.6438901
117,17,12865,118.8939759,12865,128.6923436
117,18,12114,125.0723956,12114,122.6080568
117,19,11081,120.4202689,11081,122.7820594
117,20,11681,118.5593699,11681,121.4866878
117,21,7676,131.0573215,7676,152.8195675
117,22,10077,125.9832291,10077,125.6382852
117,23,18504,122.4020752,18504,123.1682879
117,24,11713,130.6633655,11713,139.6652437
117,25,12550,124.3464542,12550,124.0533865
117,26,13508,124.2755404,13508,123.9666864
117,27,11486,142.0950723,11486,125.6687271
117,28,9995,121.2604302,9995,127.6911456
117,29,9630,119.9978193,9630,128.5423676
117,30,10254,124.334016,10254,121.9755217
117,31,7960,117.5440955,7960,129.2530151
117,32,10121,124.7385634,10121,129.9761881
117,33,11501,124.1576385,11501,121.8282758
117,34,10952,123.0622717,10952,120.678141
117,36,10890,134.5209366,10890,145.1722681
117,37,14888,125.9573482,14888,124.2326034
117,38,14344,121.2928054,14344,119.2856944
117,39,9917,124.5556116,9917,124.0129071
117,40,12722,121.0388304,12722,122.5364723
117,41,10746,120.1969105,10746,121.282989
117,42,7450,120.922953,7450,133.7793289
117,43,9734,129.5386275,9734,125.8746661
117,44,12019,131.6449788,12019,125.2559281
117,45,7908,118.0577896,7908,118.5063227
117,46,15232,120.6218487,15232,118.7181591
117,47,13332,123.6178368,13332,120.2689769
117,48,10370,129.910704,10370,124.1513983
117,49,12405,125.1326884,12405,122.9078597
117,50,10183,118.1943435,10183,119.5125209
117,52,9960,130.1467871,9960,136.7919679
117,53,13581,121.1619174,13581,118.5469406
117,54,7748,126.2925916,7748,149.5997677
117,55,10965,131.5709074,10965,159.7451892
117,56,12573,118.3065299,12573,119.5717013
117,57,8473,117.7165113,8473,128.4372713
117,141,9356,125.3858487,9356,122.6778538
117,142,10445,120.1303973,10445,122.5397798
117,143,7685,124.7202342,7685,122.833702
117,144,11867,127.9558439,11867,142.0674981
117,145,8562,117.2118664,8562,118.7968932
117,278,9992,126.3688951,9992,123.2215773
118,1,14775,130.7084941,14775,125.0508291
118,2,11535,118.5593411,11535,122.3634157
118,4,10984,128.5496176,10984,154.7057538
118,5,14933,141.0889306,14933,139.054778
118,6,12443,118.58113,12443,123.4772161
118,7,17872,125.5322851,17872,123.6733438
118,8,10873,131.4054079,10873,134.268923
118,10,10946,134.2566234,10946,144.242463
118,11,11146,121.6634667,11146,120.3438005
118,12,12807,133.4551417,12807,140.6611228
118,13,10523,119.783997,10523,130.5773069
118,14,9534,124.3894483,9534,124.5284246
118,16,11297,131.9301584,11297,124.1709303
118,17,9056,117.4924912,9056,128.8301678
118,18,10037,124.007572,10037,122.1242403
118,19,13015,125.6153669,13015,122.7079524
118,20,12834,127.1781206,12834,124.846969
118,21,12050,121.4538589,12050,126.7189212
118,22,11372,122.2403271,11372,120.1895005
118,23,13507,123.9528393,13507,123.6313763
118,24,13264,121.1520657,13264,123.1764174
118,25,11612,121.2227007,11612,121.487599
118,26,10196,119.3519027,10196,129.2030208
118,27,12066,123.4319576,12066,121.7675286
118,28,11867,129.7764389,11867,124.1349962
118,29,12301,120.6105195,12301,123.2940411
118,30,13378,122.9398266,13378,119.9217372
118,31,13044,118.1727231,13044,118.9211898
118,32,14816,121.6339093,14816,119.1530103
118,33,8113,120.227043,8113,133.913842
118,34,16294,119.8852338,16294,118.654474
118,35,10601,118.3044052,10601,121.9823602
118,36,10696,121.8366679,10696,124.5406694
118,37,8590,125.1651921,8590,124.866007
118,38,9998,129.1514303,9998,125.5946189
118,39,11868,128.0321874,11868,124.0007583
118,40,15941,122.2449658,15941,122.986701
118,41,9967,119.4895154,9967,121.016053
118,42,9420,120.6671975,9420,128.0917197
118,43,8416,117.8008555,8416,118.3740494
118,44,8283,117.5600628,8283,127.6982977
118,45,7319,118.7751059,7319,124.1237874
118,46,8331,127.1385188,8331,149.7466091
118,48,10205,124.2020578,10205,123.0090152
118,49,9772,124.6031519,9772,122.7089644
118,50,12054,118.2691223,12054,119.38593
118,51,10531,117.1844079,10531,118.6091539
118,52,9995,132.2358179,9995,136.656028
118,53,11990,120.0005004,11990,122.0527106
118,54,11553,130.9877088,11553,155.1430797
118,146,7130,124.9928471,7130,122.6137447
118,147,9610,125.9630593,9610,123.3437045
118,148,9633,122.0614554,9633,118.8918302
118,149,6775,131.8268635,6775,151.6438376
118,150,8201,124.7891721,8201,122.7104012
118,151,9354,123.8632671,9354,121.8969425
118,152,10018,124.9904172,10018,144.6064085
118,153,8950,118.0054749,8950,118.8989944
118,154,6360,118.1172956,6360,121.4460692
118,155,11581,125.8032122,11581,140.4282014
119,1,10494,128.5964361,10494,156.1432247
119,2,11151,118.598063,11151,122.0859116
119,4,12737,131.0675983,12737,123.6460705
119,5,14179,126.3658932,14179,123.6448974
119,8,10745,119.9823174,10745,131.3599814
119,9,14897,139.7413573,14897,139.6764449
119,10,12373,124.5939546,12373,122.4036208
119,11,11520,130.7710938,11520,134.1149306
119,12,10080,123.5895833,10080,122.5513889
119,13,13760,127.4676599,13760,125.747311
119,14,8521,117.909635,8521,118.5604976
119,15,12734,122.2085755,12734,128.2006439
119,16,12131,118.0847416,12131,119.0329734
119,17,12014,122.3922091,12014,120.3040619
119,18,10496,129.9128239,10496,123.0907012
119,19,9996,123.4272709,9996,124.1121449
119,20,13074,124.2714548,13074,123.8156647
119,21,17362,125.3740928,17362,123.2061974
119,22,12756,121.5261838,12756,123.2373785
119,23,10338,133.9704972,10338,145.5079319
119,24,11093,121.1666817,11093,119.8319661
119,25,8483,117.3951432,8483,129.0163857
119,26,11801,123.2842979,11801,121.1288874
119,27,7903,118.7694546,7903,124.9042136
119,28,10551,124.5796607,10551,123.951379
119,30,11318,121.3124227,11318,121.6739707
119,31,9995,119.0436218,9995,128.6877439
119,32,8579,120.9594358,8579,134.1603917
119,33,12746,130.6513416,12746,124.2050839
119,34,9877,124.6965678,9877,123.1645236
119,35,13087,120.9802094,13087,123.2104378
119,36,11794,131.5671528,11794,140.911226
119,37,11115,118.445794,11115,121.7129105
119,38,10487,128.9140841,10487,125.3519596
119,39,8261,133.2223702,8261,149.8433604
119,40,15846,121.4428878,15846,119.2726871
119,41,12800,122.3296094,12800,119.9032031
119,42,15064,119.4490175,15064,118.4318906
119,43,8573,126.3718652,8573,122.9805202
119,44,11030,123.7847688,11030,122.2957389
119,45,8377,120.9746926,8377,128.7109944
119,46,9780,122.1601227,9780,124.6149284
119,47,12296,118.2499187,12296,118.9786109
119,48,13531,132.7074865,13531,137.8945385
119,50,8558,117.5791073,8558,128.0994391
119,51,12000,130.2706667,12000,153.9035833
119,52,11870,119.8834878,11870,121.905139
119,53,8033,127.9254326,8033,151.1878501
119,54,10003,117.1338598,10003,118.2355293
119,156,17774,121.466074,17774,123.0486666
119,157,7531,130.4809454,7531,123.3551985
119,158,10401,121.6487838,10401,118.7508893
119,159,8207,118.0383819,8207,121.799074
119,160,10267,125.6649459,10267,142.1161001
119,161,7008,118.2771119,7008,124.930508
119,162,9170,119.5059978,9170,120.0954198
119,163,8000,126.155,8000,122.17175
119,164,12086,124.3398147,12086,122.8650505
119,165,12637,126.5323257,12637,140.5631083
119,166,8750,118.1578286,8750,118.7373714
120,3,10608,118.4419306,10608,121.6554487
120,5,9871,127.3949954,9871,156.2809239
120,6,14519,134.6576899,14519,137.5059577
120,7,11464,120.5527739,11464,124.7664864
120,8,9076,120.034156,9076,124.1094094
120,9,10926,119.8847703,10926,131.1903716
120,10,12321,124.5455726,12321,122.3274085
120,11,12988,123.6681552,12988,122.8392362
120,12,12060,126.3121061,12060,122.4990879
120,13,13809,125.7676153,13809,124.4418857
120,14,10959,129.9468017,10959,123.655443
120,15,10737,129.083636,10737,124.6879948
120,17,16670,124.2914217,16670,123.4429514
120,18,9889,123.8661139,9889,123.3764789
120,19,10959,120.7620221,10959,119.6306232
120,20,8540,117.4065574,8540,128.7824356
120,21,10395,129.5904762,10395,134.6618567
120,22,11785,124.4777259,11785,123.1615613
120,23,11562,118.1709047,11562,118.6441792
120,24,11344,120.9197814,11344,121.3762341
120,25,10086,123.0790204,10086,123.2232798
120,26,8496,121.8458098,8496,134.25
120,27,11424,121.5475315,11424,119.8755252
120,28,11301,127.2530749,11301,122.7969206
120,29,11664,126.8497942,11664,122.9997428
120,30,10239,127.9171794,10239,124.8423674
120,31,11717,123.7767347,11717,123.0536827
120,32,10607,118.8841331,10607,128.8653719
120,33,12882,128.5764633,12882,124.2133209
120,34,13713,120.9843944,13713,122.401298
120,35,10133,121.6334748,10133,129.6139347
120,36,14177,121.330747,14177,119.0153065
120,37,11244,122.1096585,11244,123.438545
120,38,12005,121.9335277,12005,119.4199917
120,39,11276,123.7768712,11276,121.6951046
120,40,11570,128.3233362,11570,123.7963699
120,41,13433,119.2674012,13433,118.1545448
120,42,11777,118.5131188,11777,122.4895984
120,43,11966,124.2273107,11966,122.3809126
120,45,16268,131.0149373,16268,136.9055815
120,46,19452,122.4569196,19452,123.5984989
120,47,8135,126.214874,8135,151.1103872
120,48,11565,119.1270212,11565,121.4118461
120,49,12237,120.8434257,12237,122.7537795
120,50,8145,117.874647,8145,118.3690608
120,51,8313,117.4698665,8313,128.3462047
120,52,12411,118.2309242,12411,119.1081299
120,53,13082,120.322122,13082,118.3011772
120,54,12081,129.2272991,12081,151.0989157
120,55,8307,118.26267,8307,118.3274347
120,167,8849,131.7127359,8849,146.3749576
120,168,7636,133.6058146,7636,143.6059455
120,169,10219,126.8884431,10219,123.8182797
120,170,10078,123.7390355,10078,121.8594959
120,171,6472,118.2537083,6472,124.4772868
120,172,10773,119.4605959,10773,120.8483245
120,173,9479,117.1071843,9479,118.5714738
120,174,11146,123.0697111,11146,140.4362103
120,175,8916,118.0882683,8916,121.803275
120,176,11245,127.3307248,11245,140.698088
121,1,12174,120.4254148,12174,120.4501396
121,2,10453,118.364967,10453,121.4635033
121,3,12741,126.5850404,12741,123.5654972
121,5,13201,131.0258314,13201,129.381865
121,6,11564,128.5468696,11564,126.0094258
121,7,12476,124.5801539,12476,121.8983649
121,8,12863,123.8324652,12863,122.2585711
121,10,9611,128.2142337,9611,156.1376548
121,12,10318,123.8899981,10318,122.196162
121,13,9961,117.4491517,9961,128.3510692
121,14,11101,121.5785064,11101,128.9228898
121,15,10956,119.6883899,10956,131.1610989
121,16,12182,126.6567066,12182,124.6577738
121,17,11258,120.4804583,11258,123.8725351
121,18,14076,125.1194942,14076,125.3027849
121,19,11441,120.106634,11441,119.6584215
121,20,14004,128.0469866,14004,124.9208797
121,21,10524,118.9122957,10524,128.2881034
121,22,9789,128.7845541,9789,135.0682399
121,23,14092,121.0558473,14092,122.8376384
121,24,11401,122.1227085,11401,119.8949215
121,25,10705,123.5822513,10705,123.7975712
121,26,9715,130.2226454,9715,122.9654143
121,27,14919,121.653395,14919,119.138146
121,28,11446,125.429495,11446,123.1042286
121,29,11047,122.1021997,11047,123.6015208
121,30,10070,121.8854022,10070,129.0783515
121,31,11160,125.240233,11160,121.5551971
121,32,15876,124.0524061,15876,123.7779038
121,34,9227,121.6852715,9227,133.165601
121,35,14426,118.7930819,14426,122.7299321
121,36,9050,117.9691713,9050,118.5761326
121,37,10769,124.1289813,10769,123.3415359
121,38,11523,118.2010761,11523,118.4793023
121,39,10490,126.6533842,10490,122.9191611
121,41,11201,124.6537809,11201,123.1107044
121,42,13810,118.9839247,13810,118.2443881
121,43,13002,119.3616367,13002,121.7730349
121,44,14312,126.0108999,14312,125.4236305
121,45,13156,127.2700669,13156,123.9331104
121,46,12431,120.4055185,12431,122.2082696
121,47,11945,122.3638342,11945,119.3584763
121,48,11786,132.1312574,11786,137.6653657
121,49,18237,121.9352415,18237,123.1617042
121,50,7910,117.5002528,7910,129.5370417
121,51,12315,129.6191636,12315,150.3451888
121,52,7825,128.4539297,7825,152.4527796
121,53,12348,118.2899255,12348,119.0110139
121,54,8815,118.3391946,8815,118.4516166
121,55,10551,120.664392,10551,118.5998484
121,177,8843,126.3829017,8843,133.1412417
121,178,9560,133.5107741,9560,146.7021967
121,179,10645,125.8961954,10645,124.2417097
121,180,11201,124.7258281,11201,122.2549772
121,181,8754,118.2172721,8754,123.9076993
121,182,10852,119.1483597,10852,120.4795429
121,183,8598,118.0307048,8598,121.7334264
121,184,8912,125.852895,8912,140.4483842
121,185,9568,117.1106814,9568,118.784699
121,186,11413,121.9207045,11413,139.3017611
122,1,11232,118.585114,11232,121.9362536
122,2,10858,128.0978081,10858,124.9263216
122,3,12151,123.586783,12151,124.7993581
122,4,11831,120.8441383,11831,120.3475615
122,5,10248,117.5612802,10248,126.3898322
122,6,12148,125.2265393,12148,123.8826144
122,7,10871,123.4073222,10871,124.5958054
122,9,12906,125.7256315,12906,122.8818379
122,10,12707,123.0795624,12707,122.330133
122,12,10825,118.817552,10825,127.0421247
122,13,11186,123.9249955,11186,122.5978008
122,14,11781,124.1461676,11781,121.851286
122,15,11915,120.1870751,11915,128.9183382
122,16,9756,127.2329848,9756,152.1504715
122,17,14099,133.7446627,14099,133.5185474
122,18,11921,120.1244862,11921,130.0737354
122,19,16088,127.002362,16088,125.7258826
122,20,9317,128.2999893,9317,134.6606204
122,21,11955,119.1940611,11955,119.4790464
122,22,11763,134.4326277,11763,142.4834651
122,23,13065,127.633142,13065,125.1983927
122,24,16169,120.7553961,16169,118.907168
122,25,12110,118.488109,12110,121.9843105
122,26,11111,124.8053281,11111,122.7178472
122,27,15074,124.7883773,15074,123.2786918
122,28,12940,119.261592,12940,121.2293663
122,29,10504,118.1299505,10504,118.5295126
122,30,14383,119.1062365,14383,123.7965654
122,31,10689,125.8188792,10689,122.7671438
122,32,11461,122.063956,11461,119.3931594
122,33,9728,119.0849095,9728,120.6622122
122,34,12021,124.7427835,12021,122.9202229
122,35,13755,124.6097419,13755,125.2231189
122,36,10188,123.3117393,10188,132.3394189
122,37,9687,127.0333437,9687,123.0288015
122,38,13476,124.8421638,13476,125.2295934
122,39,12104,121.8500496,12104,119.3678123
122,40,8645,121.4312319,8645,134.1133603
122,41,11678,123.8533139,11678,121.8861963
122,43,10768,127.5055721,10768,148.4285847
122,44,13991,121.0102923,13991,122.2920449
122,45,20827,121.51971,20827,123.1586882
122,46,11789,123.1340232,11789,124.2610908
122,47,2450,127.6440816,2450,139.5518367
122,48,12733,118.1308411,12733,118.5492814
122,49,13902,118.1766652,13902,119.2202561
122,50,11913,126.7420465,11913,123.4851843
122,51,9167,117.4848915,9167,126.6481946
122,52,10775,126.8387935,10775,123.6225522
122,53,12149,119.8653387,12149,122.5958515
122,54,8684,118.5042607,8684,118.0472133
122,55,11181,132.3100796,11181,138.1653698
122,56,3461,120.6472118,3461,118.903785
122,187,10813,120.019976,10813,123.0089707
122,188,8680,125.8577189,8680,124.56947
122,189,9885,118.0559433,9885,121.8751644
122,190,10227,123.7401975,10227,123.7828298
122,191,10774,117.091331,10774,118.3190087
122,192,13949,118.1952111,13949,118.8346835
122,193,10991,119.4339005,10991,134.3796743
122,208,11532,121.246358,11532,118.3536247
122,209,5840,125.8299658,5840,158.6041096
123,1,11464,127.5792045,11464,126.1591068
123,2,10549,124.3012608,10549,125.1752773
123,3,11332,118.3824568,11332,122.0503
123,4,13108,120.1771437,13108,120.4317211
123,5,12154,123.6597828,12154,124.3365147
123,7,10676,123.4121394,10676,122.6960472
123,8,11665,119.960823,11665,130.1710244
123,9,13757,124.3616341,13757,121.8530203
123,10,12189,120.8174584,12189,124.1498892
123,11,12529,123.2655439,12529,121.9916194
123,12,9283,126.7762577,9283,153.2673705
123,13,11713,127.1773243,11713,122.2490395
123,14,11818,125.69978,11818,124.0383314
123,15,11782,127.6600747,11782,123.5010185
123,16,15658,130.1989398,15658,135.5839826
123,17,10639,117.5062506,10639,126.5133001
123,18,15170,123.9701384,15170,123.3608438
123,19,15338,124.1897249,15338,125.6562785
123,20,13056,118.8546262,13056,119.4897365
123,21,12838,118.7273719,12838,120.3844836
123,22,10742,118.2382238,10742,118.593558
123,23,10335,118.5642961,10335,127.1018868
123,24,11651,119.8354648,11651,119.468286
123,25,9653,128.0591526,9653,134.2626127
123,26,8883,121.6568727,8883,134.2997861
123,27,11295,125.6095618,11295,123.052324
123,28,15261,120.9796213,15261,118.9610117
123,29,10697,128.6426101,10697,124.9109096
123,30,17378,127.7121648,17378,127.6027161
123,32,9636,118.3727688,9636,122.8331258
123,33,11030,135.194107,11030,141.9757026
123,34,10144,123.0694992,10144,131.2211159
123,35,8626,117.412358,8626,127.3135868
123,36,8138,125.9723519,8138,152.3043745
123,37,9392,127.2563884,9392,122.0739991
123,38,11377,124.0200404,11377,122.8379186
123,39,11995,119.1314714,11995,120.9614006
123,40,13820,124.9235166,13820,125.2851664
123,41,12217,118.0518949,12217,118.4091839
123,42,12474,126.8896906,12474,124.0233285
123,43,10876,126.4450166,10876,123.8082935
123,44,11574,124.7451184,11574,121.8547607
123,45,9131,119.0457781,9131,125.1364582
123,46,13494,119.0520972,13494,123.6075293
123,47,11564,129.1458838,11564,147.9987893
123,48,10276,131.3462437,10276,138.5311405
123,49,11415,118.429435,11415,119.0553657
123,50,12642,121.5656542,12642,119.5802879
123,51,19299,121.1560184,19299,122.3752526
123,52,14193,120.7476221,14193,122.6383428
123,53,11497,122.4716883,11497,123.4006263
123,54,12762,119.8681241,12762,122.5593951
123,55,8327,117.1174493,8327,118.3674793
123,56,8327,118.7400024,8327,118.4774829
123,194,11766,120.8297637,11766,118.5294068
123,195,9165,117.9480633,9165,121.2800873
123,196,12107,123.7718675,12107,125.4152143
123,197,10303,120.1990682,10303,136.1088033
123,198,10964,118.5538125,10964,118.4664356
123,279,6392,125.1756884,6392,124.7612641
124,2,2452,117.6166395,2452,123.5636215
124,4,12325,118.7526166,12325,122.3262475
124,5,14329,128.6243283,14329,124.2215786
124,6,11327,118.4318001,11327,121.4152909
124,7,11059,127.9084004,11059,124.2553576
124,8,15308,135.8289783,15308,132.9600862
124,9,13575,126.4358011,13575,124.6746961
124,10,12302,122.7137051,12302,123.764835
124,11,12069,126.0632198,12069,122.9284116
124,12,11391,124.5715038,11391,121.78404
124,14,11785,119.5475605,11785,119.6901146
124,15,12293,123.8361669,12293,121.9370373
124,17,10544,124.4449924,10544,123.4573217
124,18,9831,127.9122165,9831,151.4629234
124,19,10913,123.67919,10913,123.0068725
124,20,10272,126.3274922,10272,122.8735397
124,21,12910,125.9412084,12910,122.632378
124,22,12995,118.9059638,12995,120.4418623
124,23,10501,118.5555661,10501,126.2380726
124,24,9435,132.6467409,9435,130.4160042
124,25,17019,125.2920266,17019,126.1597626
124,26,11446,126.6496593,11446,122.9542198
124,27,9297,118.5335054,9297,122.3522642
124,28,12239,118.2058992,12239,119.3481494
124,29,9608,127.9650291,9608,133.8408618
124,30,14696,123.7059064,14696,125.5444339
124,31,11761,119.5424709,11761,121.2055948
124,32,11277,124.0096657,11277,123.0646449
124,33,8635,121.9555298,8635,134.1290098
124,34,11254,120.8588946,11254,119.2053492
124,35,12534,125.6111377,12534,123.2148556
124,36,11545,122.7210048,11545,123.7483759
124,37,12431,123.5962513,12431,121.7004264
124,38,13549,119.1092332,13549,124.1918961
124,39,12931,121.2001392,12931,119.5444281
124,40,20542,121.379077,20542,122.5005842
124,41,10218,117.959679,10218,118.6022705
124,42,13508,125.0410127,13508,122.1097128
124,43,8600,117.2622093,8600,126.3783721
124,44,14653,121.1958643,14653,118.8646011
124,45,12422,117.9957334,12422,118.4272259
124,46,10479,128.3033686,10479,149.4574864
124,47,7682,123.6421505,7682,151.1159854
124,48,11844,119.8335022,11844,121.8400034
124,49,9633,121.890273,9633,130.175231
124,50,10601,119.1172531,10601,118.2871427
124,52,13872,120.2310409,13872,118.1234862
124,53,10346,118.1161802,10346,119.0845737
124,54,7290,130.1218107,7290,123.9844993
124,199,8329,119.5297155,8329,122.2485292
124,200,7450,125.1954362,7450,123.2786577
124,201,10686,119.8146173,10686,121.989519
124,202,11189,125.6354455,11189,122.3056573
124,203,10574,134.5940042,10574,145.9491205
124,204,11043,118.2063751,11043,122.6619578
124,205,10978,122.8730188,10978,123.661687
124,206,6559,118.0620521,6559,121.2581186
124,207,6851,117.1611444,6851,118.2608378
124,210,10731,117.422421,10731,125.244432
124,211,10994,118.367928,10994,118.8454612
124,212,9063,121.1794108,9063,136.3843098
