Frame,ID,Volume_nowarp,MeanIntensity_nowarp,GMMIntensity_nowarp,Bimodality_nowarp,Volume_rigid,MeanIntensity_rigid,GMMIntensity_rigid,Bimodality_rigid
40,1,177661,119.644029922155,119.644029922155,0.207065164899386,177661,120.402282999645,120.402282999645,0.143661953496417
40,2,155459,121.60477038962,123.404714946251,0.412292673175322,155459,123.485189020899,123.485189020899,0.328178792201469
40,3,162537,122.685400862573,124.859883077769,0.442253098310027,162537,124.995053433987,124.995053433987,0.34957237239333
40,4,122270,120.236942831439,120.236942831439,0.297008414115061,122270,121.614459802077,121.614459802077,0.262912806504657
40,5,140933,118.79722279381,118.79722279381,0.218032118619796,140933,119.341729758112,119.341729758112,0.179440240498325
40,6,167388,121.023508256267,121.023508256267,0.296688806547287,167388,122.656886993094,122.656886993094,0.28408875720776
40,7,152165,121.232366181448,121.232366181448,0.371834282392715,152165,122.851154996221,122.851154996221,0.294773732396505
40,8,150060,121.59550179928,121.59550179928,0.3126842680019,150060,122.610868985739,122.610868985739,0.273893880368826
40,9,143031,120.004775188595,120.004775188595,0.232177168033339,143031,120.594626339745,120.594626339745,0.154742164027495
40,10,160329,120.500433483649,120.500433483649,0.270160081316637,160329,121.562162802737,121.562162802737,0.253503360106786
40,11,159128,120.430691016037,120.430691016037,0.172430588103173,159128,120.472581820924,120.472581820924,0.224928057502129
40,12,128962,121.536545649106,121.536545649106,0.391689955093909,128962,123.39410058777,123.39410058777,0.331835989472405
40,13,122395,120.800678132277,120.800678132277,0.331878875684853,122395,122.430295355202,122.430295355202,0.24235718130949
40,14,136623,118.613688763971,118.613688763971,0.225843635670633,136623,119.421451732139,119.421451732139,0.171106811836648
40,15,153615,122.056127331315,122.056127331315,0.233085381541658,153615,122.987494710803,122.987494710803,0.200664871290411
40,16,126508,121.237289341386,121.237289341386,0.339063911884638,126508,122.70880892908,122.70880892908,0.261106443945723
44,1,165963,121.338985195495,121.338985195495,0.395980780630569,165963,123.091152847321,123.091152847321,0.326034752129876
44,2,190543,119.660827214854,119.660827214854,0.236331893882469,190543,120.727053735902,120.727053735902,0.172008288286589
44,3,146268,122.404668143408,124.20696418736,0.413740745390238,146268,124.755893291766,124.755893291766,0.351106244571333
44,4,179408,122.44069383751,122.44069383751,0.330383857247835,179408,123.837716266833,123.837716266833,0.252119068489663
44,5,154746,120.95764672431,120.95764672431,0.316224617340164,154746,122.390536750546,122.390536750546,0.267166050962546
44,6,159100,120.996203645506,120.996203645506,0.281603650863195,159100,121.802715273413,121.802715273413,0.207392116123644
44,7,184798,121.171143627096,121.171143627096,0.287912933360619,184798,122.699282459767,122.699282459767,0.276700528227825
44,8,143124,122.377295212543,122.377295212543,0.388164083981255,143124,124.412481484587,124.412481484587,0.297017076686653
44,9,171257,125.0467426149,127.63453521482,0.475174391160629,171257,127.786957613411,127.786957613411,0.344547782707001
44,10,126364,120.073668133329,120.073668133329,0.334664234502834,126364,121.648982305087,121.648982305087,0.22181949394628
44,11,153973,121.942308066999,121.942308066999,0.283118770196153,153973,123.11134419671,123.11134419671,0.292977799402392
44,12,110566,120.305473653745,120.305473653745,0.237634530383151,110566,121.382595011125,121.382595011125,0.168289371286252
44,13,142366,119.022210359215,119.022210359215,0.231382804394834,142366,119.721401177247,119.721401177247,0.190627869196658
44,14,123767,123.16207066504,123.16207066504,0.378573912018082,123767,125.248693108825,125.248693108825,0.28271128376812
44,15,143343,118.406214464606,118.406214464606,0.150296850365889,143343,119.130553985894,119.130553985894,0.22328353908486
44,16,196203,120.786287671442,120.786287671442,0.20169362032538,196203,121.151837637549,121.151837637549,0.211818626131358
48,1,205158,123.097437097262,123.097437097262,0.356295147399211,205158,124.610968131879,124.610968131879,0.32719689805093
48,2,178875,120.73464709993,120.73464709993,0.353954744060917,178875,122.588986722572,122.588986722572,0.314798137347541
48,3,214402,120.362310053078,120.362310053078,0.291343784780597,214402,121.482472178431,121.482472178431,0.269664321179596
48,4,163499,120.768726414229,120.768726414229,0.226179247138142,163499,122.098361457868,122.098361457868,0.272314744040171
48,5,194936,121.579333730045,121.579333730045,0.37229844841743,194936,122.982065908811,122.982065908811,0.314972377281401
48,6,185973,121.837024729396,123.799492799452,0.434194964760247,185973,123.984352567308,123.984352567308,0.364141221515935
48,7,205810,120.680389679802,120.680389679802,0.237103361149016,205810,121.385384578009,121.385384578009,0.244392843741971
48,8,139746,119.793933278949,119.793933278949,0.303970185815737,139746,121.544223090464,121.544223090464,0.271411807195963
48,9,144376,118.318266193827,118.318266193827,0.176461661917165,144376,118.974968138749,118.974968138749,0.211182429657713
48,10,160717,119.330021092977,119.330021092977,0.167820790604564,160717,119.771567413528,119.771567413528,0.233412240797187
48,11,162763,121.665120451208,123.610193180658,0.402456474703807,162763,124.017448683054,124.017448683054,0.331193671957858
48,12,115976,120.584474374008,120.584474374008,0.312173505288759,115976,121.531351314065,121.531351314065,0.271289173332796
48,13,142002,121.577914395572,123.302838426163,0.417135591011567,142002,124.400205630907,124.400205630907,0.350736914782761
48,14,170151,122.428507619703,122.428507619703,0.338441432908685,170151,123.646455207433,123.646455207433,0.347502176982124
48,15,132004,122.9726068907,122.9726068907,0.399221269999924,132004,125.662335989818,125.662335989818,0.312961659981992
48,16,162407,124.480558104023,126.9628148299,0.466663710744192,162407,127.562426496395,127.562426496395,0.391973985732405
52,1,233529,120.572442822947,120.572442822947,0.246618327408242,233529,121.814412771005,121.814412771005,0.247114115453863
52,2,206871,121.632408602462,121.632408602462,0.329000608334176,206871,122.94281460427,122.94281460427,0.30627892442512
52,3,190105,120.390005523263,120.390005523263,0.371695096702122,190105,121.983961494963,121.983961494963,0.315310063697246
52,4,178324,120.363164801148,120.363164801148,0.254874345262661,178324,121.616159350396,121.616159350396,0.230170285150445
52,5,189733,119.425519018832,119.425519018832,0.152086742762645,189733,119.77021393221,119.77021393221,0.140678193803311
52,6,198823,123.240465137333,123.240465137333,0.370654470313463,198823,124.917574928454,124.917574928454,0.312909060837066
52,7,177774,121.888015120321,121.888015120321,0.34350217968259,177774,123.737987557236,123.737987557236,0.329421576755156
52,8,196593,122.222113706999,122.222113706999,0.385314005551334,196593,123.796406789662,123.796406789662,0.346296160739119
52,9,148594,120.495403582917,120.495403582917,0.27756677651626,148594,121.915730110233,121.915730110233,0.29471228967689
52,10,154017,122.22575429985,123.932390544908,0.413419517997445,154017,124.741892128791,124.741892128791,0.345801818273385
52,11,116863,121.130588809118,121.130588809118,0.255010701677714,116863,121.768566612187,121.768566612187,0.224337823702878
52,12,184624,125.03828321345,127.681021206956,0.471682772332964,184624,127.944590085796,127.944590085796,0.385511299295853
52,13,218398,120.71447998608,120.71447998608,0.234604598823767,218398,121.447288894587,121.447288894587,0.235571816874662
52,14,137384,118.230012228498,118.230012228498,0.135799428271635,137384,118.775534268911,118.775534268911,0.131964480736884
52,15,141722,122.739475875305,122.739475875305,0.367145605371482,141722,125.173847391372,125.173847391372,0.294932812777202
52,16,162885,122.568646591153,124.169619074352,0.40825641761054,162885,124.143659637167,124.143659637167,0.347264726836804
56,1,207794,119.891974744218,119.891974744218,0.259910876545773,207794,120.759011328527,120.759011328527,0.153143188663534
56,2,196006,122.566778568003,122.566778568003,0.357881239372219,196006,123.773323265614,123.773323265614,0.275906325659772
56,3,168889,120.518381895801,120.518381895801,0.32914323011217,168889,122.152828188929,122.152828188929,0.282571205512637
56,4,198690,119.639664804469,119.639664804469,0.306515847033822,198690,121.086924354522,121.086924354522,0.27342801097448
56,5,188612,118.853816300129,118.853816300129,0.173481058568743,188612,118.893861472229,118.893861472229,0.146861683295046
56,6,195776,121.57079008663,121.57079008663,0.382570533935293,195776,123.564466533181,123.564466533181,0.32960831500416
56,7,202758,124.055618027402,126.232719739337,0.442606333719823,202758,126.690078813166,126.690078813166,0.380035453634655
56,8,112308,119.140550984792,119.140550984792,0.0978281830247362,112308,119.074349111372,119.074349111372,0.100914971473987
56,9,179853,121.069256559524,122.787973320791,0.420435411248734,179853,122.971104179524,122.971104179524,0.334049799047053
56,10,137205,120.817105790605,120.817105790605,0.272423957435426,137205,121.323865748333,121.323865748333,0.233782213126742
56,11,153253,122.28146267936,122.28146267936,0.371639953636376,153253,124.729982447326,124.729982447326,0.278358683295447
56,12,146005,118.045395705627,118.045395705627,0.144518782439358,146005,118.582404712167,118.582404712167,0.124730354932021
56,13,164111,121.252682635533,121.252682635533,0.348211563955056,164111,122.786132556623,122.786132556623,0.298393371981794
56,14,120657,119.30873467764,119.30873467764,0.1261923345341,120657,118.950670081305,118.950670081305,0.151021898189854
56,15,157306,122.085038078649,122.085038078649,0.388113466473252,157306,124.886723964757,124.886723964757,0.303918164870516
56,16,48216,119.131906421105,119.131906421105,0.194650231427184,48216,118.770034843206,118.770034843206,0.236646596400869
56,17,64728,118.840548139909,118.840548139909,0.124786836294727,64728,119.489278210357,119.489278210357,0.174017246170893
60,1,224333,119.779742614774,119.779742614774,0.274933104305279,224333,120.77921661102,120.77921661102,0.179673654137649
60,2,232675,121.571402170409,121.571402170409,0.354973747426874,232675,122.453856237241,122.453856237241,0.255354453961196
60,3,245971,120.873289940684,120.873289940684,0.245619299610171,245971,122.029405905574,122.029405905574,0.201558811012422
60,4,167091,120.542602533949,120.542602533949,0.360216306611536,167091,122.182259966126,122.182259966126,0.257713897002168
60,5,190980,120.805152371976,120.805152371976,0.363266224948965,190980,122.147737983035,122.147737983035,0.223472188479379
60,6,166777,122.933336131481,122.933336131481,0.28006100360215,166777,124.29649172248,124.29649172248,0.274616601274475
60,7,153631,121.201066191068,121.201066191068,0.317467825847726,153631,121.944620551842,121.944620551842,0.224612780927082
60,8,187130,121.681349863731,123.254901111805,0.429977461780932,187130,123.976893068989,123.976893068989,0.202375587508003
60,9,92873,118.340378796852,118.340378796852,0.207860421156537,92873,118.875744295974,118.875744295974,0.134262020511037
60,10,161873,117.85294644567,117.85294644567,0.182442571027517,161873,118.352838336227,118.352838336227,0.149696877576408
60,11,112561,119.770879789625,119.770879789625,0.156248373875003,112561,120.004193281865,120.004193281865,0.106740176032832
60,12,112480,120.140540540541,120.140540540541,0.319395794652149,112480,122.13781116643,122.13781116643,0.268862911115805
60,13,101402,120.782923413739,120.782923413739,0.231202842856293,101402,121.306364765981,121.306364765981,0.188737371817214
60,14,135153,121.362959016818,121.362959016818,0.385882320938571,135153,123.023107145235,123.023107145235,0.264510190302853
60,15,112295,121.589198094305,121.589198094305,0.383385228617755,112295,123.120628701189,123.120628701189,0.315704929205395
60,16,99917,122.648998668895,122.648998668895,0.290948448766977,99917,122.966332055606,122.966332055606,0.29810173629799
60,17,95919,120.327317841095,120.327317841095,0.331476226790287,95919,121.529071403997,121.529071403997,0.221708543410928
60,18,77869,118.718912532587,118.718912532587,0.216154606955772,77869,119.12306566156,119.12306566156,0.155837772661269
60,19,56832,119.794552364865,119.794552364865,0.143669436270757,56832,119.549707911036,119.549707911036,0.0707987463568584
60,20,128765,118.368244476372,118.368244476372,0.142633792014452,128765,118.293325049509,118.293325049509,0.0978622768549854
60,21,40290,119.126259617771,119.126259617771,0.249592038915354,40290,119.825291635642,119.825291635642,0.237329610849955
64,1,164025,118.434817863131,118.434817863131,0.227192816960158,164025,118.82542905045,118.82542905045,0.165963964978755
64,2,184504,120.51197264016,120.51197264016,0.333194953744625,184504,122.007349434159,122.007349434159,0.229009919847049
64,3,156399,120.603079303576,120.603079303576,0.219643788517904,156399,121.140870465924,121.140870465924,0.230891699197619
64,4,199247,120.090826963518,120.090826963518,0.275149700796376,199247,121.443359247567,121.443359247567,0.183228988240989
64,5,133950,120.321933557297,120.321933557297,0.339564768669469,133950,121.91540126913,121.91540126913,0.291781838068772
64,6,184776,122.120069706022,122.120069706022,0.268499212365282,184776,123.368927782829,123.368927782829,0.246477976049185
64,7,122689,120.943165238937,120.943165238937,0.250651545781553,122689,121.05729935039,121.05729935039,0.226884143966183
64,8,110034,118.757947543487,118.757947543487,0.137563038871866,110034,118.822573022884,118.822573022884,0.15804314037558
64,9,125244,120.115949666251,120.115949666251,0.1408496916131,125244,120.648821500431,120.648821500431,0.104725062079801
64,10,137557,120.986725502882,120.986725502882,0.357117909540821,137557,122.255523164943,122.255523164943,0.30068231302579
64,11,109079,122.543477662978,122.543477662978,0.356873060109799,109079,121.410133939622,121.410133939622,0.178343169918254
64,12,120499,122.489033104009,122.489033104009,0.347605658837344,120499,123.831011045735,123.831011045735,0.281521525550988
64,13,110436,120.77040095621,120.77040095621,0.360450296959723,110436,122.419229236843,122.419229236843,0.31939904395405
64,14,101170,122.375407729564,122.375407729564,0.450544195413297,101170,124.183918157557,124.183918157557,0.36452568271839
64,15,133630,121.014136047295,121.014136047295,0.280932969150077,133630,121.750512609444,121.750512609444,0.264109049948806
64,16,105759,119.846632437901,119.846632437901,0.212854480678608,105759,120.222014202101,120.222014202101,0.194425928345859
64,17,102991,118.409521220301,118.409521220301,0.192784310751349,102991,118.718761833558,118.718761833558,0.179162758719535
64,18,105673,119.088679227428,119.088679227428,0.273251447559555,105673,119.853652304751,119.853652304751,0.218137201692971
64,19,113303,121.756926118461,121.756926118461,0.289263875045491,113303,122.803103183499,122.803103183499,0.178172689612839
64,20,102883,122.198215448616,122.198215448616,0.265790170092631,102883,123.65969110543,123.65969110543,0.190281338177746
64,21,104383,121.766839427876,121.766839427876,0.289568248788459,104383,122.956832051196,122.956832051196,0.272513669924155
64,22,194098,117.727668497357,117.727668497357,0.141517589653315,194098,117.796448185968,117.796448185968,0.150781009477051
64,23,44415,118.431183158843,118.431183158843,0.195332400482362,44415,118.50849938084,118.50849938084,0.169279704199849
64,24,50033,119.368177003178,119.368177003178,0.132048889056435,50033,119.250694541603,119.250694541603,0.22291848685775
64,25,43182,118.893080450188,118.893080450188,0.207713541130387,43182,118.851790097726,118.851790097726,0.205461404368156
64,26,51001,118.727672006431,118.727672006431,0.195415032305824,51001,118.881080763122,118.881080763122,0.15670298855659
68,2,216352,119.851085268451,119.851085268451,0.284522512207199,216352,121.192237649756,121.192237649756,0.20084891283955
68,3,180387,119.844506533176,119.844506533176,0.196119427189759,180387,120.410323360331,120.410323360331,0.167369304154748
68,4,161221,119.803052952159,119.803052952159,0.215390071612774,161221,120.704114228295,120.704114228295,0.20064329514752
68,5,135510,121.678687919711,121.678687919711,0.309253333168964,135510,121.223813740683,121.223813740683,0.125213681683584
68,6,121718,119.747251844427,119.747251844427,0.127265524284445,121718,120.933263773641,120.933263773641,0.124968024101245
68,7,141732,120.837023396269,120.837023396269,0.209998457803035,141732,121.347317472413,121.347317472413,0.162276610040077
68,8,126643,120.582195620761,120.582195620761,0.275361213520695,126643,121.819492589405,121.819492589405,0.265193263973779
68,9,130735,119.098106857383,119.098106857383,0.273352043010392,130735,120.114812406777,120.114812406777,0.144141096765043
68,10,83543,119.610009216811,119.610009216811,0.363869883084721,83543,121.140741893396,121.140741893396,0.237252228743698
68,11,139440,121.266817269076,121.266817269076,0.189725441197575,139440,121.887729489386,121.887729489386,0.134841906306613
68,12,118386,120.589284205903,120.589284205903,0.310807939810899,118386,122.141511665231,122.141511665231,0.311161511595087
68,13,127656,118.993913329573,118.993913329573,0.12993797339882,127656,119.085252553738,119.085252553738,0.111941211700733
68,14,119907,119.825181182083,119.825181182083,0.256126311500333,119907,120.275805415864,120.275805415864,0.194203870140335
68,15,126500,121.847003952569,121.847003952569,0.43252196773061,126500,123.37452173913,123.37452173913,0.377297249233375
68,16,125936,119.578873396011,119.578873396011,0.175495920756715,125936,119.861358150172,119.861358150172,0.139627269635082
68,17,95763,117.639223917379,117.639223917379,0.155473752518162,95763,118.224888526884,118.224888526884,0.14021461575788
68,18,122391,119.845609562795,119.845609562795,0.219388651102346,122391,120.451528298649,120.451528298649,0.167116622405828
68,19,132125,118.276298959319,118.276298959319,0.175113912189969,132125,118.516283822138,118.516283822138,0.117668124454722
68,20,157481,119.386008470863,119.386008470863,0.180108562047348,157481,120.074942374001,120.074942374001,0.164429310534629
68,21,124945,119.708551762776,119.708551762776,0.164430715232861,124945,120.244467565729,120.244467565729,0.0991886774955624
68,22,108283,121.159036967945,121.159036967945,0.300506685773512,108283,122.93433872353,122.93433872353,0.215132278808157
68,23,127043,121.201664003526,121.201664003526,0.301940497619818,127043,122.422896184756,122.422896184756,0.246447890496152
68,24,129031,119.361417023816,119.361417023816,0.224492380402645,129031,119.950267765111,119.950267765111,0.181999376532303
68,25,95853,121.154684777733,121.154684777733,0.331962846587261,95853,122.49051151242,122.49051151242,0.248994889057661
68,26,127406,119.964012683861,119.964012683861,0.248013358174698,127406,121.054188970692,121.054188970692,0.19805369505452
68,27,106084,117.940877040836,117.940877040836,0.0884296839487461,106084,118.215301082161,118.215301082161,0.0903885342484301
68,28,125794,120.835604241856,120.835604241856,0.272379165800823,125794,122.172249868833,122.172249868833,0.269230426928795
68,149,61217,119.472760834409,119.472760834409,0.176100044950343,61217,120.965483444141,120.965483444141,0.27855087718901
68,150,75968,121.155960404381,121.155960404381,0.366091320652187,75968,123.805576032013,123.805576032013,0.259079904158512
72,1,174122,119.538231814475,119.538231814475,0.161872878507727,174122,120.384402889928,120.384402889928,0.192699082958842
72,2,152807,120.202569254026,120.202569254026,0.215664841510408,152807,121.267068917,121.267068917,0.302823698173737
72,3,136370,120.366840214123,120.366840214123,0.175683823883938,136370,121.422314292,121.422314292,0.220251269868431
72,4,247254,120.157595023741,120.157595023741,0.260415152521684,247254,121.318114165999,121.318114165999,0.257041289650619
72,5,150449,121.41059096438,121.41059096438,0.235690620103633,150449,122.121343445287,122.121343445287,0.28920466613881
72,6,151545,120.579781583028,120.579781583028,0.180838991362553,151545,121.474703883335,121.474703883335,0.280821463926832
72,7,130973,120.055591610485,120.055591610485,0.266796818373767,130973,121.066960365877,121.066960365877,0.308890106695089
72,8,78177,119.942272023741,119.942272023741,0.101087387038893,78177,120.89624825716,120.89624825716,0.250781599716854
72,9,169224,120.260920436817,120.260920436817,0.10735172372131,169224,120.710377960573,120.710377960573,0.148040950874879
72,10,143022,118.326551159961,118.326551159961,0.161919887953556,143022,118.671672889486,118.671672889486,0.209603855274356
72,11,120276,119.827837640094,119.827837640094,0.315334609918197,120276,121.346453157737,121.346453157737,0.272076752528906
72,12,141056,121.003105149728,121.003105149728,0.295826577915396,141056,122.092700771325,122.092700771325,0.325441192666915
72,13,169085,119.367123044623,119.367123044623,0.247633780567089,169085,120.070006209894,120.070006209894,0.261161849459565
72,14,129947,120.682062687096,120.682062687096,0.215768566148609,129947,123.167021939714,123.167021939714,0.230626115230294
72,15,146333,119.544873678528,119.544873678528,0.163016715034086,146333,119.834193244176,119.834193244176,0.1676419517488
72,16,95791,120.388094914971,120.388094914971,0.253107167290787,95791,121.173669760207,121.173669760207,0.257651438218728
72,17,152269,119.272222185737,119.272222185737,0.155246475132038,152269,119.965449303535,119.965449303535,0.209845256139107
72,18,131415,121.465882890081,121.465882890081,0.328045678191291,131415,123.015530951566,123.015530951566,0.335786035303354
72,19,146102,119.969090087747,119.969090087747,0.247690709058374,146102,120.710688423156,120.710688423156,0.293121646274942
72,20,120839,120.053335429787,120.053335429787,0.38009049518393,120839,121.868676503447,121.868676503447,0.293034281156341
72,21,139773,122.221974201026,122.221974201026,0.30484331682263,139773,123.84368225623,123.84368225623,0.354921558750028
72,22,127903,120.013103680133,120.013103680133,0.161368412553817,127903,121.03285302143,121.03285302143,0.287365132975527
72,23,106728,120.621411438423,120.621411438423,0.214224185850465,106728,121.512630237613,121.512630237613,0.21879141435833
72,24,147575,119.919173301711,119.919173301711,0.247937656924568,147575,120.317472471625,120.317472471625,0.281426923371067
72,25,140016,119.267526568392,119.267526568392,0.227483029518881,140016,120.343682150611,120.343682150611,0.212089851775202
72,26,97472,117.844796454366,117.844796454366,0.176867049159422,97472,118.429682370322,118.429682370322,0.184131989359902
72,27,149093,120.924134600551,120.924134600551,0.335565589424182,149093,122.085289047776,122.085289047776,0.302452742883731
72,28,110086,120.192131606199,120.192131606199,0.250166029551374,110086,120.735606707483,120.735606707483,0.278650250601144
72,29,138543,119.858650382914,119.858650382914,0.249879875162795,138543,120.228528326945,120.228528326945,0.238537795500219
72,30,115932,118.11594727944,118.11594727944,0.15153473780816,115932,118.341967705206,118.341967705206,0.185463989582176
72,31,105327,122.480532057307,122.480532057307,0.38869242378125,105327,124.569607033334,124.569607033334,0.342966986738409
76,1,180031,121.015758397165,121.015758397165,0.124963036368574,180031,121.523498730774,121.523498730774,0.129957784118091
76,2,204491,120.497523118377,120.497523118377,0.312972183919839,204491,121.606872674103,121.606872674103,0.211815195384898
76,3,172805,121.220086224357,121.220086224357,0.263543216878964,172805,122.006741703076,122.006741703076,0.248913384970631
76,4,185608,119.457593422697,119.457593422697,0.126867485147915,185608,120.1164281712,120.1164281712,0.128950101562402
76,5,140764,119.304651757552,119.304651757552,0.210929624251918,140764,119.9529496178,119.9529496178,0.117122436053641
76,6,168305,119.042809185705,119.042809185705,0.290913640904104,168305,119.929710941446,119.929710941446,0.230644688813428
76,7,157398,119.703706527402,119.703706527402,0.241230760551845,157398,120.854203992427,120.854203992427,0.207621491930008
76,8,149232,121.084586415782,121.084586415782,0.365851055020577,149232,122.332904470891,122.332904470891,0.339423766141493
76,9,151790,120.459944660386,120.459944660386,0.272504513447528,151790,121.146814678174,121.146814678174,0.154651776522244
76,10,154956,120.588166963525,120.588166963525,0.379279402713652,154956,122.326712098918,122.326712098918,0.202794795077397
76,11,159799,121.419545804417,121.419545804417,0.279300458291368,159799,122.838947678021,122.838947678021,0.25744135704031
76,12,137945,119.691174018631,119.691174018631,0.33480633114163,137945,120.968965892203,120.968965892203,0.252109459941407
76,13,162294,119.773922634232,119.773922634232,0.219577731354058,162294,120.402651977276,120.402651977276,0.181499465030724
76,14,147616,119.647653370908,119.647653370908,0.0898974730865313,147616,120.199131530457,120.199131530457,0.109640792768892
76,15,130325,119.038987147516,119.038987147516,0.2810721678826,130325,119.852921542298,119.852921542298,0.229433807633544
76,16,149933,120.678529743285,120.678529743285,0.302067931975618,149933,121.286361241354,121.286361241354,0.168134715368464
76,17,127593,119.813884774243,119.813884774243,0.0819820778514722,127593,119.930497754579,119.930497754579,0.081297982583189
76,18,173165,121.407668986227,121.407668986227,0.28466099108658,173165,122.694817081974,122.694817081974,0.261885432237296
76,19,85312,119.699092741935,119.699092741935,0.268607890132199,85312,120.602752250563,120.602752250563,0.207902753896007
76,20,138330,119.834902045832,119.834902045832,0.193054681249768,138330,120.602233788766,120.602233788766,0.237448106081796
76,21,109476,120.155833241989,120.155833241989,0.281078720668347,109476,120.666748876466,120.666748876466,0.246578522850735
76,22,153470,119.261464781391,119.261464781391,0.213351602846139,153470,119.952036228579,119.952036228579,0.202079024363607
76,23,155977,121.519006007296,121.519006007296,0.340231316432989,155977,122.818986132571,122.818986132571,0.311474398972678
76,24,114969,118.210239281893,118.210239281893,0.126925614411276,114969,118.676791135002,118.676791135002,0.170752487506603
76,25,159278,121.022137394995,121.022137394995,0.29213946724244,159278,122.502228807494,122.502228807494,0.297336782052627
76,26,148766,120.113050024871,120.113050024871,0.203253922445121,148766,120.900158638399,120.900158638399,0.200898251118544
76,27,121394,122.178171903059,122.178171903059,0.318748422579565,121394,123.560546649752,123.560546649752,0.305009351800048
76,28,106925,120.728678980594,120.728678980594,0.242617553434199,106925,121.905934065934,121.905934065934,0.247524064568755
76,29,168411,123.14252631954,123.14252631954,0.352763670417777,168411,124.956618035639,124.956618035639,0.254893227934643
76,30,135774,118.268527111229,118.268527111229,0.160469076104405,135774,118.618270066434,118.618270066434,0.144652742203379
76,31,115419,120.256872785243,120.256872785243,0.264322679469106,115419,121.272771380795,121.272771380795,0.236164009318257
76,32,127330,120.431673604021,120.431673604021,0.264757786918118,127330,121.480208905992,121.480208905992,0.2148426780986
80,1,172867,121.854454580689,121.854454580689,0.325612125972189,172867,123.004523708979,123.004523708979,0.282552964907313
80,2,187485,120.994580899805,120.994580899805,0.302158679538243,187485,121.675248686562,121.675248686562,0.215925097608767
80,3,217027,120.934556529833,120.934556529833,0.283670831537045,217027,122.194634768946,122.194634768946,0.245164514099797
80,4,139885,119.9260821389,119.9260821389,0.265846068939918,139885,120.605976337706,120.605976337706,0.219369576829427
80,5,181283,120.871295157296,120.871295157296,0.310068879994751,181283,121.87940402575,121.87940402575,0.287207178479011
80,6,166765,123.877870056667,126.052516377012,0.429307515949448,166765,125.970821215483,125.970821215483,0.315976936374117
80,7,153361,119.660904662854,119.660904662854,0.0986817720959997,153361,120.227482867222,120.227482867222,0.123272636950437
80,8,149505,119.95033610916,119.95033610916,0.198300457095017,149505,120.550316042942,120.550316042942,0.205897352184335
80,9,180689,119.935070756936,119.935070756936,0.300746673871315,180689,120.8913602931,120.8913602931,0.265258769765749
80,10,194792,119.61511766397,119.61511766397,0.15857309971337,194792,120.253932399688,120.253932399688,0.206889844096606
80,11,162603,119.307755699464,119.307755699464,0.252819013621021,162603,120.618137426739,120.618137426739,0.238320275033932
80,12,176816,120.303394489187,120.303394489187,0.223205050783398,176816,121.665969143064,121.665969143064,0.189941270421875
80,13,159348,121.072984913523,121.072984913523,0.298777853093026,159348,122.422666114416,122.422666114416,0.289993063472756
80,14,162037,119.765695489302,119.765695489302,0.209302950984721,162037,120.512808802928,120.512808802928,0.218293234550046
80,15,131402,119.981354926105,119.981354926105,0.244958961438742,131402,120.154883487314,120.154883487314,0.139723642036758
80,16,178818,121.391878893624,121.391878893624,0.300660374481902,178818,122.838584482546,122.838584482546,0.293967984733003
80,17,181878,120.588388920045,120.588388920045,0.288494542515978,181878,121.734640803176,121.734640803176,0.243978728869952
80,18,105252,119.454680196101,119.454680196101,0.247968768310782,105252,120.253923915935,120.253923915935,0.16046068761461
80,19,153215,119.775446268316,119.775446268316,0.22897792399013,153215,120.823261430017,120.823261430017,0.206227857500116
80,20,145926,120.603703246851,120.603703246851,0.286691163119977,145926,121.160026314707,121.160026314707,0.218785886166869
80,21,155768,121.276732063068,121.276732063068,0.341181361396016,155768,122.117829079143,122.117829079143,0.330101306574576
80,22,142352,119.240509441385,119.240509441385,0.220430549013518,142352,120.004292177138,120.004292177138,0.233776693776828
80,23,159170,121.312904441792,121.312904441792,0.331665603548937,159170,122.076245523654,122.076245523654,0.302624860661872
80,24,118075,120.548837603218,120.548837603218,0.3484829154054,118075,121.931907685793,121.931907685793,0.313550517420819
80,25,205978,120.791720475002,120.791720475002,0.282326681423897,205978,121.660167590714,121.660167590714,0.213696428303816
80,26,164946,119.236186388273,119.236186388273,0.238680391723175,164946,120.367083772871,120.367083772871,0.217683739753016
80,27,153978,121.773064983309,121.773064983309,0.360382986796453,153978,123.669478756706,123.669478756706,0.290747190809563
80,28,129506,118.395618735811,118.395618735811,0.14556544925922,129506,119.050298827854,119.050298827854,0.192987476913851
80,29,184456,122.8070379928,124.895753341895,0.426756866269636,184456,124.748731404779,124.748731404779,0.334901104570634
80,30,119898,120.810722447414,120.810722447414,0.33598380601885,119898,122.244065789254,122.244065789254,0.21996576786544
80,31,130783,121.613351888242,121.613351888242,0.311023458902456,130783,123.007072784689,123.007072784689,0.303536886113469
80,32,146708,118.732114131472,118.732114131472,0.142514697720888,146708,119.100894293426,119.100894293426,0.14452922303531
84,1,188756,120.532878425057,120.532878425057,0.283812038754887,188756,121.669986649431,121.669986649431,0.297531554769531
84,2,186935,123.986021879263,125.96629152554,0.42559412379627,186935,125.577885361222,125.577885361222,0.356787942845785
84,3,199500,120.659137844612,120.659137844612,0.214152332192078,199500,121.450230576441,121.450230576441,0.164845592376165
84,4,189538,120.507792632612,120.507792632612,0.291703140013036,189538,121.651795418333,121.651795418333,0.304694107323223
84,5,166212,119.257147498376,119.257147498376,0.250672211786423,166212,120.53062354102,120.53062354102,0.253180985949016
84,6,261306,120.103839942443,120.103839942443,0.249833092691541,261306,121.005131914307,121.005131914307,0.204708443490699
84,7,187417,119.292134651606,119.292134651606,0.14821976264295,187417,119.717176136636,119.717176136636,0.18505567114421
84,8,152230,121.539900151087,121.539900151087,0.258507269152899,152230,122.318813637259,122.318813637259,0.235858241458325
84,9,117594,121.19140432335,121.19140432335,0.318551028422645,117594,122.590412776162,122.590412776162,0.235384609999563
84,10,173663,119.693135555645,119.693135555645,0.200429183886005,173663,120.552794780696,120.552794780696,0.206181343595262
84,11,193415,120.585202802265,120.585202802265,0.17262662785704,193415,121.682666804539,121.682666804539,0.191253974983762
84,12,200165,122.21320910249,122.21320910249,0.330523989264769,200165,123.32838907901,123.32838907901,0.21882376744733
84,13,187121,120.592873060747,120.592873060747,0.265092324069974,187121,121.253670085132,121.253670085132,0.295667053190802
84,14,174353,119.285432427317,119.285432427317,0.146870553641492,174353,119.59377240426,119.59377240426,0.208594549128689
84,15,160510,119.822067160925,119.822067160925,0.255736009718226,160510,120.514098810043,120.514098810043,0.259717741381
84,16,177186,120.927223369792,120.927223369792,0.284855445996389,177186,121.46617114219,121.46617114219,0.207830671641334
84,17,167991,121.699757725116,121.699757725116,0.386595399128375,167991,123.82022251192,123.82022251192,0.310522519738153
84,18,171975,120.741299607501,120.741299607501,0.294916322367664,171975,121.52712894316,121.52712894316,0.27468874096883
84,19,162054,119.51605637627,119.51605637627,0.143746575112044,162054,119.755309958409,119.755309958409,0.19658840052445
84,20,118020,119.411608202,119.411608202,0.239751542566574,118020,119.961294695814,119.961294695814,0.25384458282827
84,21,165930,118.853974567589,118.853974567589,0.221456698183037,165930,119.454727897306,119.454727897306,0.178572461114726
84,22,205135,119.409744802203,119.409744802203,0.182202286338892,205135,119.907509688742,119.907509688742,0.175741989769662
84,23,152519,119.679541565313,119.679541565313,0.230211169154294,152519,120.334220654476,120.334220654476,0.218301610691737
84,24,141672,119.777860127619,119.777860127619,0.340197292709858,141672,121.111348749224,121.111348749224,0.292410374482575
84,25,137110,118.871745313981,118.871745313981,0.193863927435873,137110,119.733272554883,119.733272554883,0.179748539964346
84,26,128980,120.111544425492,120.111544425492,0.206532164653536,128980,120.241370755156,120.241370755156,0.189032639565353
84,27,182529,119.29817727594,119.29817727594,0.260474829155068,182529,120.228161004553,120.228161004553,0.207293892926296
84,28,167031,120.657069645754,120.657069645754,0.270963798382488,167031,121.719555052655,121.719555052655,0.276790609479437
84,29,199146,120.984247737841,120.984247737841,0.392609871803335,199146,122.450388157432,122.450388157432,0.297686509624884
84,30,163391,120.792926170964,120.792926170964,0.260289699184699,163391,121.867722212362,121.867722212362,0.318576211748353
84,31,147902,120.259584048897,120.259584048897,0.289195465128401,147902,120.771429730497,120.771429730497,0.210789491647771
84,32,185907,122.850091712523,122.850091712523,0.382826616176674,185907,124.268510599386,124.268510599386,0.342125514352265
88,1,190215,120.699203532844,120.699203532844,0.347252966393653,190215,121.578261441001,121.578261441001,0.311849452286151
88,2,134161,121.176444719404,121.176444719404,0.341960960664327,134161,122.608984727305,122.608984727305,0.310987384997733
88,3,159853,119.516055375877,119.516055375877,0.279181430746765,159853,120.173459365792,120.173459365792,0.271696928965772
88,4,205765,120.185118946371,120.185118946371,0.219266687395686,205765,121.132777683279,121.132777683279,0.188265650879026
88,5,202201,122.121339657074,122.121339657074,0.359588957839998,202201,123.536955801406,123.536955801406,0.320778088582618
88,6,208101,123.779852091052,123.779852091052,0.396809362395279,208101,125.115804345006,125.115804345006,0.350502658949503
88,7,171639,120.085936180006,120.085936180006,0.280979167244041,171639,120.974090970001,120.974090970001,0.266010880822768
88,8,191247,122.415881033428,122.415881033428,0.286470558955292,191247,123.106741543658,123.106741543658,0.242830850044044
88,9,180580,120.617133680363,120.617133680363,0.267246949754362,180580,121.041067670838,121.041067670838,0.254243584482052
88,10,195960,118.848974280465,118.848974280465,0.176230792864564,195960,119.314431516636,119.314431516636,0.193835172601095
88,11,175308,120.89710110206,120.89710110206,0.268226998098712,175308,121.317960389714,121.317960389714,0.218364596453379
88,12,200190,120.283415755033,120.283415755033,0.252169154973055,200190,121.28832109496,121.28832109496,0.237006215667149
88,13,245008,120.669378142755,120.669378142755,0.211709590910965,245008,121.098168223078,121.098168223078,0.19389556557759
88,14,185741,118.817062468706,118.817062468706,0.165216993541854,185741,119.317791979154,119.317791979154,0.149497956213261
88,15,161823,121.201986120638,121.201986120638,0.277095005960988,161823,122.480747483361,122.480747483361,0.36005686687184
88,16,175500,118.930074074074,118.930074074074,0.117019059377838,175500,119.161401709402,119.161401709402,0.106473436246646
88,17,176888,122.504573515445,122.504573515445,0.39121787664424,176888,124.386244403238,124.386244403238,0.348004660988806
88,18,192446,119.412952204774,119.412952204774,0.266728580241477,192446,120.601701256456,120.601701256456,0.23256650503548
88,19,180677,119.319614560791,119.319614560791,0.259588523232957,180677,120.206146880898,120.206146880898,0.226859982987615
88,20,197723,121.158241580393,121.158241580393,0.335131139327313,197723,122.545460062815,122.545460062815,0.269057170709108
88,21,179782,120.687944288082,120.687944288082,0.280215140734028,179782,121.633177959974,121.633177959974,0.276157663392219
88,22,207515,120.288706840469,120.288706840469,0.22689846965586,207515,120.929108739127,120.929108739127,0.242393688931257
88,23,104761,119.019892899075,119.019892899075,0.299603432512577,104761,120.356258531324,120.356258531324,0.266240196486869
88,24,174928,119.566987560596,119.566987560596,0.177189402681026,174928,120.196126406293,120.196126406293,0.15794742215954
88,25,150208,118.791588996591,118.791588996591,0.227309450886766,150208,119.748355613549,119.748355613549,0.230049836173267
88,26,183018,120.841327082582,120.841327082582,0.304388839755604,183018,121.630418865904,121.630418865904,0.212532898861805
88,27,171806,119.666536675087,119.666536675087,0.210296194584738,171806,119.89970082535,119.89970082535,0.204356862763895
88,28,188830,119.62733675793,119.62733675793,0.246582967767307,188830,120.428999629296,120.428999629296,0.23098454190246
88,29,110528,119.817041835553,119.817041835553,0.200708920207766,110528,120.046241676317,120.046241676317,0.165212610603908
88,30,144875,119.756700603969,119.756700603969,0.139180682103242,144875,119.995727351165,119.995727351165,0.13505109210264
88,31,209821,119.345856706431,119.345856706431,0.153328947419149,209821,119.604987108059,119.604987108059,0.169098572026066
88,32,98537,119.843936795315,119.843936795315,0.198153367192845,98537,120.73224271086,120.73224271086,0.207729514128874
88,33,169128,120.472872617189,120.472872617189,0.250147081978401,169128,121.140946502058,121.140946502058,0.245546186148626
92,1,217589,118.461838603974,118.461838603974,0.226457294707298,217589,118.769032441897,118.769032441897,0.201197296704333
92,2,214028,119.651106397294,119.651106397294,0.27851790549356,214028,120.641953389276,120.641953389276,0.292265667003789
92,3,179883,120.996475486844,120.996475486844,0.33195564706479,179883,123.05166135766,123.05166135766,0.305280985173057
92,4,217833,119.860062524962,119.860062524962,0.260884801290966,217833,120.646779872655,120.646779872655,0.260311884568444
92,5,246161,120.10991586807,120.10991586807,0.156530995782242,246161,120.527471857849,120.527471857849,0.182265558424461
92,6,150031,119.51633329112,119.51633329112,0.202618606456041,150031,120.401676986756,120.401676986756,0.229468593527269
92,7,200742,121.996154267667,121.996154267667,0.283812443517025,200742,122.88854848512,122.88854848512,0.257325667192116
92,8,147315,119.343495231307,119.343495231307,0.283527662670571,147315,120.113681566711,120.113681566711,0.301472868536981
92,9,150061,119.963148319683,119.963148319683,0.195801171396649,150061,120.219630683522,120.219630683522,0.220023163406178
92,10,248282,121.358958764631,121.358958764631,0.149359564075875,248282,121.638858233783,121.638858233783,0.192889533454731
92,11,231236,121.610393710322,121.610393710322,0.321522239563107,231236,122.756136587729,122.756136587729,0.331206300554942
92,12,202802,121.277975562371,121.277975562371,0.32278242577225,202802,122.432628869538,122.432628869538,0.314550950952817
92,13,200169,121.561010945751,121.561010945751,0.290912368063185,200169,121.478215907558,121.478215907558,0.26558810481086
92,14,187923,118.537443527402,118.537443527402,0.209017483766692,187923,119.13374094709,119.13374094709,0.242807499331715
92,15,205230,120.738542123471,120.738542123471,0.288626379708338,205230,121.168182039663,121.168182039663,0.306155524374701
92,16,209254,119.465300543837,119.465300543837,0.203138827657129,209254,119.975039903658,119.975039903658,0.228615792666367
92,17,187628,122.204207261176,122.204207261176,0.349687060157774,187628,123.867205321167,123.867205321167,0.345441857471758
92,18,209090,120.068272035965,120.068272035965,0.312465770087759,209090,121.019345736286,121.019345736286,0.295090827731922
92,19,163248,118.689705233755,118.689705233755,0.26452340290752,163248,119.510242085661,119.510242085661,0.221961745653544
92,20,187126,120.167689150626,120.167689150626,0.197225288852801,187126,121.04104186484,121.04104186484,0.228057052706264
92,21,137010,121.503372016641,121.503372016641,0.37481868572886,137010,123.313247208233,123.313247208233,0.337863467078901
92,22,200661,119.539207917832,119.539207917832,0.23552346673047,200661,120.44516373386,120.44516373386,0.246192062759776
92,23,210775,119.897663385126,119.897663385126,0.186968999668984,210775,120.84834064761,120.84834064761,0.17457683306996
92,24,194481,119.69848982677,119.69848982677,0.209510369110072,194481,120.341519222958,120.341519222958,0.2562955695774
92,25,188107,119.600216897829,119.600216897829,0.25362716263665,188107,120.415040375956,120.415040375956,0.275117332778438
92,26,226695,118.558909548071,118.558909548071,0.209561675092103,226695,118.88537462229,118.88537462229,0.214899983145349
92,27,118660,119.682361368616,119.682361368616,0.250251568902185,118660,120.165557053767,120.165557053767,0.251910039572937
92,28,162520,119.853741078021,119.853741078021,0.206614100188836,162520,120.280211666256,120.280211666256,0.21328991561185
92,29,217639,119.391391248811,119.391391248811,0.224683358246993,217639,120.279802792698,120.279802792698,0.27363788406467
92,30,216416,119.388959226675,119.388959226675,0.169255960350013,216416,119.700840048795,119.700840048795,0.189719109638904
92,31,180653,119.62140124991,119.62140124991,0.262548858401604,180653,120.595190780114,120.595190780114,0.248999791026118
92,32,142670,119.73645475573,119.73645475573,0.307218361674712,142670,120.163538235088,120.163538235088,0.290688832495977
92,33,165488,120.950540220439,120.950540220439,0.284291704677391,165488,121.50755341777,121.50755341777,0.305423046457119
96,1,202731,122.359150795882,122.359150795882,0.385298641110611,202731,124.127637115192,124.127637115192,0.355879828222174
96,2,212095,121.529569296777,121.529569296777,0.352037512531949,212095,123.336646314152,123.336646314152,0.344074347602932
96,3,206305,118.401517171179,118.401517171179,0.138213052347046,206305,119.055592448074,119.055592448074,0.215632991194058
96,4,206177,122.227954621515,122.227954621515,0.265304574451012,206177,122.889071040902,122.889071040902,0.253604896772465
96,5,228122,119.675261482891,119.675261482891,0.244613081768942,228122,120.450890313078,120.450890313078,0.245725297494901
96,6,207423,120.438181879541,120.438181879541,0.311895481440066,207423,121.323112673137,121.323112673137,0.299077992455764
96,7,210494,118.560671563085,118.560671563085,0.179561441669766,210494,119.465466949177,119.465466949177,0.219999574438329
96,9,226582,119.612559691414,119.612559691414,0.27576198546102,226582,120.675552338668,120.675552338668,0.286815455372526
96,10,152848,120.140590652151,120.140590652151,0.245376821661112,152848,120.617692086256,120.617692086256,0.238311271125578
96,11,127518,120.543664423846,120.543664423846,0.273457830844452,127518,121.122178829655,121.122178829655,0.306710368521108
96,12,222890,119.825577639194,119.825577639194,0.171668118194295,222890,120.229943021221,120.229943021221,0.227444106371172
96,13,154036,119.177224804591,119.177224804591,0.262823790097414,154036,120.220305642837,120.220305642837,0.271952766119714
96,14,211263,118.323128044191,118.323128044191,0.138243361519702,211263,118.650823854627,118.650823854627,0.235945368112683
96,16,220553,120.686918790495,120.686918790495,0.260411525635686,220553,120.839503430015,120.839503430015,0.31155164914409
96,17,213697,119.682728349018,119.682728349018,0.285644571768579,213697,120.770221388227,120.770221388227,0.287039961509585
96,18,162130,119.965478319867,119.965478319867,0.227318400717652,162130,120.202072411028,120.202072411028,0.256055187908514
96,19,207054,119.911824934558,119.911824934558,0.184177456636372,207054,120.364045128324,120.364045128324,0.201913370791254
96,20,106180,119.853456394801,119.853456394801,0.176303337513092,106180,119.596440007534,119.596440007534,0.227274154513978
96,21,218784,119.209261189118,119.209261189118,0.222507107589234,218784,119.712771500658,119.712771500658,0.235222180739
96,22,160093,119.376824720631,119.376824720631,0.237262056412203,160093,119.997045467322,119.997045467322,0.259491133460277
96,23,212400,120.044006591337,120.044006591337,0.248754392907496,212400,121.085889830508,121.085889830508,0.271632848282877
96,24,116845,122.531421969276,122.531421969276,0.397339309779211,116845,124.832864050665,124.832864050665,0.356669786396263
96,25,167769,120.611376356776,120.611376356776,0.225704705582626,167769,120.270806883274,120.270806883274,0.244238436540515
96,26,168636,119.862787305202,119.862787305202,0.161128963754681,168636,120.908916245642,120.908916245642,0.189887251310908
96,27,135155,118.825696422626,118.825696422626,0.182905164980645,135155,118.668743294736,118.668743294736,0.192878298335706
96,28,99550,120.85876443998,120.85876443998,0.36150319299467,99550,122.633932697137,122.633932697137,0.325811839465205
96,29,215988,118.147350778747,118.147350778747,0.167319787111957,215988,118.445672907754,118.445672907754,0.210439882169172
96,30,91137,122.43875703611,122.43875703611,0.427072294765342,91137,125.208718742114,125.208718742114,0.361193645937281
96,31,88216,124.141493606602,124.141493606602,0.5095284611205,88216,126.68639475832,128.246587852064,0.416105863902168
96,32,77669,118.713000038625,118.713000038625,0.0895863696990187,77669,118.727651958954,118.727651958954,0.193615314870765
96,33,172191,120.031041111324,120.031041111324,0.197002349708994,172191,120.108414493208,120.108414493208,0.232301379386121
96,34,70516,118.340405014465,118.340405014465,0.166000816798545,70516,118.890195133019,118.890195133019,0.194841172480587
96,168,76114,123.198005623144,125.336678850764,0.42849772164465,76114,126.812307854008,126.812307854008,0.372732233001182
96,169,139672,120.950376596598,120.950376596598,0.245428073404306,139672,121.88767254711,121.88767254711,0.226337042987054
96,170,86813,120.279865918699,120.279865918699,0.229497662133896,86813,121.454874269983,121.454874269983,0.279160675448337
96,171,133553,119.956039924225,119.956039924225,0.274396784996981,133553,121.535135863665,121.535135863665,0.285260156960321
100,1,220362,118.437843185304,118.437843185304,0.196402606505647,220362,119.374107150961,119.374107150961,0.20793693375046
100,2,224126,121.502574444732,121.502574444732,0.290192216865495,224126,123.039790118059,123.039790118059,0.332109442073755
100,3,178486,119.164141725401,119.164141725401,0.238307419942389,178486,119.737637685869,119.737637685869,0.271835435421651
100,4,186367,120.013736337442,120.013736337442,0.21907879788139,186367,120.172519813057,120.172519813057,0.249648750627922
100,5,92313,120.653710744965,120.653710744965,0.169765945531657,92313,120.929110742799,120.929110742799,0.200611132922883
100,6,217844,118.368148767008,118.368148767008,0.156677368763205,217844,118.949647454141,118.949647454141,0.244992892500253
100,7,224502,119.880615762889,119.880615762889,0.262425986870161,224502,120.622070182003,120.622070182003,0.292881743841443
100,8,149460,119.082302957313,119.082302957313,0.258342848006624,149460,119.984162986752,119.984162986752,0.261209515864024
100,9,157269,119.08655869879,119.08655869879,0.13246642682774,157269,119.073173988516,119.073173988516,0.217432798197006
100,10,235092,119.606766712606,119.606766712606,0.284787138497451,235092,120.486345771017,120.486345771017,0.284412897058544
100,11,140610,123.389581110874,125.27726393657,0.421265246215639,140610,125.200554725837,125.200554725837,0.355590974770395
100,12,199338,120.591206894822,120.591206894822,0.245027499657681,199338,120.802922674051,120.802922674051,0.312417436614271
100,13,138141,121.329192636509,121.329192636509,0.310933241413756,138141,122.684069175697,122.684069175697,0.317842358437366
100,14,164319,119.933002269975,119.933002269975,0.250541794550964,164319,120.465180532988,120.465180532988,0.26728986965025
100,15,123703,124.582200916712,122.327017664469,0.433798237410683,123703,124.06684558984,124.06684558984,0.359496353383316
100,16,208391,120.212801896435,120.212801896435,0.234576261146417,208391,121.062675451435,121.062675451435,0.272591364820853
100,17,158172,119.446988088916,119.446988088916,0.181079929872064,158172,119.656626963053,119.656626963053,0.15566193619453
100,18,107973,122.396589888213,124.760975570057,0.464020192067174,107973,124.937030553935,124.937030553935,0.37916870693826
100,19,188268,121.636688125438,121.636688125438,0.270311388446351,188268,121.466547687339,121.466547687339,0.3070267713654
100,20,321203,118.15827373966,118.15827373966,0.171544950876645,321203,118.453370609864,118.453370609864,0.24579473579972
100,21,207362,120.281309979649,120.281309979649,0.210792314087788,207362,120.858816948139,120.858816948139,0.272429235210542
100,22,220164,121.346046583456,121.346046583456,0.338808759657604,220164,123.56070474737,123.56070474737,0.316534087761122
100,23,109672,122.23769056824,122.23769056824,0.388527356174067,109672,124.389169523671,124.389169523671,0.373599598311781
100,24,104634,121.406043924537,121.406043924537,0.352861830964451,104634,123.071869564386,123.071869564386,0.360418242215999
100,25,113204,119.969506377867,119.969506377867,0.196066019265113,113204,119.880984770856,119.880984770856,0.223403214510684
100,26,204163,119.409300411926,119.409300411926,0.215006791673056,204163,119.548341276333,119.548341276333,0.315669468006166
100,27,158589,119.617640567757,119.617640567757,0.122124257780253,158589,120.105669371772,120.105669371772,0.221920557943654
100,28,135921,118.844461120798,118.844461120798,0.19802708095278,135921,118.721161557081,118.721161557081,0.247571732518147
100,29,93579,119.71849453403,119.71849453403,0.19650783883598,93579,120.20157300249,120.20157300249,0.228537806444402
100,30,184249,119.675536909291,119.675536909291,0.258952867101625,184249,120.735493815435,120.735493815435,0.256305422826432
100,31,62786,121.028286560698,121.028286560698,0.353968916489309,62786,122.968432453095,122.968432453095,0.343928966570253
100,32,109782,119.008781038786,119.008781038786,0.123273468496931,109782,119.051574939425,119.051574939425,0.191685710469239
100,33,121302,119.875814083857,119.875814083857,0.224599208593103,121302,120.042431287201,120.042431287201,0.251205016765661
100,34,142484,118.855990848095,118.855990848095,0.151688870800515,142484,118.751649307992,118.751649307992,0.0822824981652418
100,35,215259,119.527406519588,119.527406519588,0.301860960511919,215259,120.584649190045,120.584649190045,0.27586791843847
100,36,95963,125.188958244323,125.188958244323,0.470935013183547,95963,126.94364494649,129.200252505234,0.421374490086821
100,37,89337,125.379697101985,128.056201787094,0.442301288574701,89337,127.855177585995,127.855177585995,0.387577950276336
100,38,96539,120.027791876858,120.027791876858,0.28314725957612,96539,121.257585017454,121.257585017454,0.213165230408574
100,39,86501,118.405313233373,118.405313233373,0.181230234532513,86501,118.657171593392,118.657171593392,0.147998174142093
104,1,223823,118.813584841594,118.813584841594,0.138751198583189,223823,120.099324019426,120.099324019426,0.108532539785001
104,2,111240,120.480753326142,120.480753326142,0.186261078070508,111240,120.717277957569,120.717277957569,0.166356217185463
104,3,327392,118.440172637083,118.440172637083,0.144490557122059,327392,118.875668922881,118.875668922881,0.139311998967876
104,4,160872,124.489606643791,124.489606643791,0.332431298504985,160872,125.517616490129,125.517616490129,0.292812668896463
104,5,129456,122.078829872698,122.078829872698,0.442692095229526,129456,124.602026943517,124.602026943517,0.371244337014852
104,6,176040,120.082219950011,120.082219950011,0.191962638905753,176040,120.255941831402,120.255941831402,0.199359523293851
104,7,143199,119.319660053492,119.319660053492,0.125480174618811,143199,120.166174344793,120.166174344793,0.176620809181739
104,8,197008,124.582950946154,124.582950946154,0.370050591410208,197008,122.280201819215,122.280201819215,0.358456796968022
104,9,205327,119.79229229473,119.79229229473,0.236603742887753,205327,120.653265279286,120.653265279286,0.211712448750571
104,10,118499,122.757609768859,122.757609768859,0.406085593189933,118499,123.655794563667,123.655794563667,0.275551644117634
104,11,274080,118.41387915937,118.41387915937,0.151547170467677,274080,119.247971395213,119.247971395213,0.135042555364262
104,12,176304,119.259943052909,119.259943052909,0.29854214959951,176304,119.925083945912,119.925083945912,0.236743285301263
104,13,170250,120.168757709251,120.168757709251,0.275032788945902,170250,121.061427312775,121.061427312775,0.239985518265709
104,14,216907,120.35860991116,120.35860991116,0.247355366120131,216907,120.824657572139,120.824657572139,0.192959840602894
104,15,221535,120.623598979845,120.623598979845,0.238057079794477,221535,121.08164849798,121.08164849798,0.256236077312487
104,16,117351,120.372523455275,120.372523455275,0.343319122060305,117351,122.011708464351,122.011708464351,0.348594663764842
104,17,215301,119.264011778858,119.264011778858,0.201739557166447,215301,119.902490002369,119.902490002369,0.189371391071344
104,18,137048,120.635135135135,120.635135135135,0.217734722917167,137048,120.654121183819,120.654121183819,0.208207964011929
104,19,214879,118.285374559636,118.285374559636,0.181262112960219,214879,119.062877247195,119.062877247195,0.136089320815934
104,20,161838,119.063742755101,119.063742755101,0.168028307399679,161838,119.250071058713,119.250071058713,0.20152312308905
104,21,118863,120.035974188772,120.035974188772,0.256312951121341,118863,121.024944684216,121.024944684216,0.239002983324504
104,22,160873,119.368961851896,119.368961851896,0.24462457184664,160873,120.12037445687,120.12037445687,0.238146843566789
104,23,125745,123.274738558193,123.274738558193,0.336856562722453,125745,124.143600143147,124.143600143147,0.349746989932832
104,24,116700,125.343144815767,125.343144815767,0.327136217602078,116700,125.156932305056,126.666931584086,0.408141016154314
104,25,110913,120.32213536736,120.32213536736,0.245538203124153,110913,120.865489167185,120.865489167185,0.303176664524853
104,26,109753,120.322351097464,120.322351097464,0.40253137391545,109753,121.621650433246,121.621650433246,0.328775155722427
104,27,238575,118.716416221314,118.716416221314,0.254024930584616,238575,118.920704181075,118.920704181075,0.226652886116152
104,28,129354,119.409875226124,119.409875226124,0.240165825948062,129354,120.153539898264,120.153539898264,0.237333465160065
104,29,91861,121.509846398363,121.509846398363,0.441439051050851,91861,123.434624051556,124.904163341617,0.405891452234396
104,30,119477,119.213639445249,119.213639445249,0.326242653025805,119477,120.874829465085,120.874829465085,0.218883856734989
104,31,209537,120.212511394169,120.212511394169,0.285041869467451,209537,120.850513274505,120.850513274505,0.234645064589605
104,32,92541,119.357981867497,119.357981867497,0.194019011377608,92541,119.799288963811,119.799288963811,0.171614114717498
104,33,127276,119.985181809611,119.985181809611,0.239725559300304,127276,121.036778339986,121.036778339986,0.215941043585007
104,34,119809,120.463262359255,120.463262359255,0.190230204412499,119809,121.875827358546,121.875827358546,0.302054243023339
104,35,104805,120.147368923238,120.147368923238,0.284244397719498,104805,120.8493774152,120.8493774152,0.248972223529447
104,36,108376,122.534970842253,122.534970842253,0.434213803667263,108376,124.742359932088,124.742359932088,0.374570310182077
104,37,111638,120.135724394919,120.135724394919,0.223493842651629,111638,120.324629606406,120.324629606406,0.155995583172011
104,38,191258,119.764679124533,119.764679124533,0.195465141554597,191258,121.060750399983,121.060750399983,0.229076023112761
104,39,91842,120.847684066114,120.847684066114,0.483948536140873,91842,123.782626684959,123.782626684959,0.277700945235174
104,40,101503,120.761957774647,120.761957774647,0.266434134748512,101503,121.87131414835,121.87131414835,0.266182287729491
104,41,109556,121.742387454818,121.742387454818,0.325913123172623,109556,122.58058892256,122.58058892256,0.293812225511923
104,42,90873,121.563423679201,121.563423679201,0.305604798181082,90873,124.016473539995,124.016473539995,0.330085072442512
104,43,100496,123.912722894444,126.938266898818,0.491233965456942,100496,126.977193122114,126.977193122114,0.37367776654421
104,44,83926,120.323106069633,120.323106069633,0.310354043733967,83926,121.278137883373,121.278137883373,0.270430443334515
104,45,103488,119.571380256648,119.571380256648,0.303918424343582,103488,120.738935915275,120.738935915275,0.311023261934622
104,46,91787,126.377112227222,129.478253810808,0.466521922810666,91787,129.469314826718,129.469314826718,0.369004365905205
104,47,64521,120.262503680972,120.262503680972,0.247405632930399,64521,120.344569984966,120.344569984966,0.213507115327963
108,1,139977,121.025511334005,121.025511334005,0.31510997251631,139977,122.110489580431,122.110489580431,0.299250098708661
108,2,244242,119.131324669795,119.131324669795,0.247487303438386,244242,119.958762211249,119.958762211249,0.261986409865723
108,3,133153,119.235405886461,119.235405886461,0.180346834833242,133153,119.194783444609,119.194783444609,0.174703575297003
108,4,205109,118.860337674115,118.860337674115,0.196792045889299,205109,119.61924635194,119.61924635194,0.162576228183418
108,5,231324,119.904791547786,119.904791547786,0.264443804693288,231324,120.435350417596,120.435350417596,0.26422843740155
108,6,226493,120.450530479971,120.450530479971,0.189350781492106,226493,119.696074492368,119.696074492368,0.217496419054681
108,7,138577,123.822885471615,123.822885471615,0.374852071742414,138577,124.718171125078,124.718171125078,0.361711536151297
108,8,151620,119.306127160005,119.306127160005,0.140199407259957,151620,119.656305236776,119.656305236776,0.198875618109643
108,9,116618,120.192380250047,120.192380250047,0.213138486042199,116618,119.699986279991,119.699986279991,0.173213598050201
108,10,146778,124.518156671981,127.185125447738,0.45061608340691,146778,127.086218643121,127.086218643121,0.379422554959954
108,11,125524,124.590930818011,127.648751313054,0.49586365149158,125524,128.047249928301,128.047249928301,0.380274808255578
108,12,142513,119.365580683867,119.365580683867,0.330656093747215,142513,121.089065558931,121.089065558931,0.243740643641388
108,13,113258,119.17780642427,119.17780642427,0.220662923325202,113258,119.871903088524,119.871903088524,0.211711395734157
108,14,119607,120.808054712517,120.808054712517,0.328371962021512,119607,121.771284289381,121.771284289381,0.294720472846586
108,15,108873,119.518392989998,119.518392989998,0.295047392387826,108873,120.629687801383,120.629687801383,0.196302405231607
108,16,153193,121.54472462841,121.54472462841,0.25512760936585,153193,122.346967550737,122.346967550737,0.280574358689923
108,17,125949,120.262987399662,120.262987399662,0.191773510773295,125949,121.060206909146,121.060206909146,0.188372426713777
108,18,104616,121.679886441844,120.726033818032,0.436293050248895,104616,120.865785348321,120.865785348321,0.236057263606374
108,19,63890,122.193222726561,122.193222726561,0.244157603880023,63890,123.08495852246,123.08495852246,0.352275189402261
108,20,123149,121.642360067885,121.642360067885,0.398529715923212,123149,122.056955395497,122.056955395497,0.301333456106621
108,21,108536,118.753519569544,118.753519569544,0.117842569748883,108536,119.351560772463,119.351560772463,0.155629139205483
108,22,138717,119.5124389945,119.5124389945,0.235480175928606,138717,120.307157738417,120.307157738417,0.234555698407269
108,23,56191,119.438557776156,119.438557776156,0.212578914695567,56191,120.297004858429,120.297004858429,0.255252329649443
108,24,154277,119.346441789768,119.346441789768,0.171030148888527,154277,118.995404370062,118.995404370062,0.186130474083094
108,25,112979,119.542932757415,119.542932757415,0.290799510261363,112979,120.474893564291,120.474893564291,0.259504677176756
108,26,112955,121.480040724182,121.480040724182,0.463742695680576,112955,124.446514098535,124.446514098535,0.353353835580715
108,27,111111,123.959310959311,123.959310959311,0.486791243908673,111111,126.657936657937,126.657936657937,0.378474820429125
108,28,107144,118.923234152169,118.923234152169,0.217266829523632,107144,119.662351601583,119.662351601583,0.15777765137469
108,29,108767,118.683212739158,118.683212739158,0.313287322777265,108767,119.527080824147,119.527080824147,0.252643727948525
108,30,127649,122.426317479965,122.426317479965,0.322512362568117,127649,124.074031132245,124.074031132245,0.375728380776789
108,31,185513,119.553578455418,119.553578455418,0.285760742880915,185513,120.579323281926,120.579323281926,0.20902252817597
108,32,111746,118.921858500528,118.921858500528,0.205487513522464,111746,119.809424945859,119.809424945859,0.199082836892718
108,33,137766,123.701428509211,123.701428509211,0.471391402418862,137766,125.826212563332,125.826212563332,0.386038910199839
108,34,144015,118.564545359858,118.564545359858,0.193092602825361,144015,119.565080026386,119.565080026386,0.162999859433375
108,35,129450,122.751409810738,122.751409810738,0.397556546288479,129450,124.561220548474,124.561220548474,0.33072673770193
108,36,131333,119.993581201983,119.993581201983,0.32543870013058,131333,121.284429655913,121.284429655913,0.287968511929598
108,37,104709,122.252203726518,124.241991551183,0.408359798826171,104709,124.932689644634,124.932689644634,0.371399927473542
108,38,178953,118.934954988181,118.934954988181,0.09860408652671,178953,119.437165065688,119.437165065688,0.108768373330184
108,39,102682,119.468816345611,119.468816345611,0.394300392731581,102682,121.225950020451,121.225950020451,0.3473547065469
108,40,141155,119.123707980589,119.123707980589,0.233242950201667,141155,120.669554744784,120.669554744784,0.249282707628897
108,41,102295,120.698020431106,120.698020431106,0.34291000247077,102295,121.714072046532,121.714072046532,0.327123541938144
108,42,86174,118.144974122125,118.144974122125,0.192394611499084,86174,118.367268549679,118.367268549679,0.165098782965207
108,43,133602,120.305743925989,120.305743925989,0.347028304539177,133602,121.570665109804,121.570665109804,0.323698780750794
108,44,135752,119.741138252107,119.741138252107,0.209542140415411,135752,120.311133537627,120.311133537627,0.219688475576912
108,45,124069,120.970435805882,120.970435805882,0.250025646532341,124069,122.017989989441,122.017989989441,0.256615003997433
108,46,57949,121.545859290065,121.545859290065,0.334022812982783,57949,121.871041778115,121.871041778115,0.318121050467554
108,47,105258,120.042106063197,120.042106063197,0.169259615389526,105258,121.018915426856,121.018915426856,0.221939973785465
108,48,138030,117.864044048395,117.864044048395,0.199371624807473,138030,117.966760849091,117.966760849091,0.1544393181022
108,49,48291,120.131225280073,120.131225280073,0.236892318487373,48291,120.681141413514,120.681141413514,0.247262870007471
108,50,101562,119.432691360942,119.432691360942,0.13287026252022,101562,119.27203087769,119.27203087769,0.154838277564486
108,51,113284,120.381748525829,120.381748525829,0.337239886126475,113284,121.216959146923,121.216959146923,0.309561829881483
108,52,67020,120.312384362877,120.312384362877,0.224757645492281,67020,120.688839152492,120.688839152492,0.234684565523456
108,53,86427,118.023545882652,118.023545882652,0.141535152578358,86427,117.969118446782,117.969118446782,0.148088924687488
108,54,83429,119.253413081782,119.253413081782,0.354114742430847,83429,122.278332474319,122.278332474319,0.274367439188373
108,55,58176,118.338301017602,118.338301017602,0.181828652325468,58176,118.645678630363,118.645678630363,0.208081397714484
112,1,211001,119.189515689499,119.189515689499,0.243178105135444,211001,120.214671968379,120.214671968379,0.254902168275138
112,2,163570,121.375282753561,121.375282753561,0.222292851367525,163570,122.160640704286,122.160640704286,0.33163336375129
112,3,144980,118.255131742309,118.255131742309,0.135986693579016,144980,119.064636501586,119.064636501586,0.164452386102886
112,4,224510,118.783065342301,118.783065342301,0.195846656986205,224510,119.357231303728,119.357231303728,0.204498229506131
112,5,242031,119.297937041123,119.297937041123,0.212125774837778,242031,120.00720982023,120.00720982023,0.198726294546108
112,6,92397,121.970875677782,121.970875677782,0.240715156623942,92397,122.613753693302,122.613753693302,0.268465285037059
112,7,123159,122.004076031796,122.004076031796,0.269198267184078,123159,122.482717462792,122.482717462792,0.313709297665544
112,8,118490,119.96965988691,119.96965988691,0.227652734525789,118490,121.158705375981,121.158705375981,0.267221378704276
112,9,134036,119.975417052135,119.975417052135,0.192172137033869,134036,121.35405413471,121.35405413471,0.323814657538983
112,10,123672,120.333802315803,120.333802315803,0.27120532304731,123672,121.538602108804,121.538602108804,0.315622860218623
112,11,150245,119.95001497554,119.95001497554,0.320922082409632,150245,119.249851908549,119.249851908549,0.254179659430618
112,12,135161,124.103831726608,126.438538135646,0.428754717289478,135161,125.906866625728,125.906866625728,0.395278653872603
112,13,133658,118.755061425429,118.755061425429,0.298074020554671,133658,120.128589384848,120.128589384848,0.247110432480803
112,14,116173,119.604908197258,119.604908197258,0.138047724987877,116173,120.344219396934,120.344219396934,0.252067688642784
112,15,193647,119.244553233461,119.244553233461,0.299089926084115,193647,120.733633880205,120.733633880205,0.368344920759179
112,16,142439,123.538012763358,123.538012763358,0.458990698069147,142439,126.148224854148,126.148224854148,0.377344339358501
112,17,142365,118.803118744073,118.803118744073,0.191275236781613,142365,119.615734204334,119.615734204334,0.186536574023948
112,18,138997,118.382432714375,118.382432714375,0.14986262307895,138997,118.853831377656,118.853831377656,0.135245940816616
112,19,137318,118.098792583638,118.098792583638,0.176535010780174,137318,118.533841157022,118.533841157022,0.204908881112856
112,20,131424,120.500273922571,120.500273922571,0.337587296886878,131424,122.417594959825,122.417594959825,0.322923905418616
112,21,137316,118.457077106819,118.457077106819,0.215904243867467,137316,119.133422179498,119.133422179498,0.251170738573521
112,22,125317,126.934063215685,129.911697111102,0.411553235871456,125317,130.096986043394,130.096986043394,0.345304537595308
112,23,125879,121.379300757076,121.379300757076,0.309530271857641,125879,120.785365311132,120.785365311132,0.271676457360705
112,24,122870,118.86552453813,118.86552453813,0.222170211621835,122870,119.495434198747,119.495434198747,0.268405742672716
112,25,94785,120.689782138524,120.689782138524,0.288539925644603,94785,121.979142269346,121.979142269346,0.250656002218818
112,26,106817,121.343259967983,121.343259967983,0.26414374844426,106817,122.197075371898,122.197075371898,0.290962831899644
112,27,250171,119.872962893381,119.872962893381,0.269755043939636,250171,120.552334203405,120.552334203405,0.260237616333915
112,28,113621,120.503507274183,120.503507274183,0.30446709915491,113621,121.012145642091,121.012145642091,0.311650948337194
112,29,138565,124.724851152889,124.724851152889,0.450037673717505,138565,125.942214845019,125.942214845019,0.439315911838158
112,30,135125,120.854031452359,120.854031452359,0.214938390141522,135125,121.58313413506,121.58313413506,0.234448670575563
112,31,150019,119.352608669569,119.352608669569,0.111671610698681,150019,119.963617941727,119.963617941727,0.145323284663087
112,32,99388,119.409606793577,119.409606793577,0.174496578459849,99388,121.54874833984,121.54874833984,0.232284913000964
112,33,94779,121.981388282214,121.981388282214,0.392664943518029,94779,124.645659903565,124.645659903565,0.283228809668144
112,34,101163,128.113638385576,125.135702833153,0.555800198314152,101163,126.130324328065,126.130324328065,0.363092863443308
112,35,141860,119.275666149725,119.275666149725,0.244874830447973,141860,120.15151557874,120.15151557874,0.225102333354034
112,36,128315,122.42545298679,122.42545298679,0.340288502927982,128315,122.33321903129,122.33321903129,0.290015576909299
112,37,129968,122.246599162871,122.246599162871,0.370625890810188,129968,123.556898621199,123.556898621199,0.36729062485017
112,38,118619,119.244109291092,119.244109291092,0.297756156839822,118619,120.274711471181,120.274711471181,0.333574157878333
112,39,202696,119.148957058847,119.148957058847,0.163476133452895,202696,119.747015234637,119.747015234637,0.205118453539747
112,41,144557,118.648325573995,118.648325573995,0.18958964983166,144557,119.362763477383,119.362763477383,0.183313360089029
112,42,85336,122.039092528358,122.039092528358,0.37439327357398,85336,119.884140339364,119.884140339364,0.174967565051362
112,43,145216,120.149198435434,120.149198435434,0.316725727082069,145216,121.400692761128,121.400692761128,0.307560453287962
112,44,103705,120.929444096235,122.600372689339,0.401531953436565,103705,122.416730148016,122.416730148016,0.364360912976406
112,45,109322,120.566116609649,120.566116609649,0.296767986522397,109322,121.623643914308,121.623643914308,0.322655386692428
112,46,139221,120.515281458975,120.515281458975,0.334455256587349,139221,121.478965098656,121.478965098656,0.291509971019167
112,47,120469,118.974416654907,118.974416654907,0.197476426916518,120469,119.789655430028,119.789655430028,0.245949907638878
112,48,94610,122.308043547194,122.308043547194,0.486788977809654,94610,124.770817038368,126.853639224033,0.406276466407279
112,49,142380,119.996895631409,119.996895631409,0.140829598510739,142380,120.433712600084,120.433712600084,0.237701327104984
112,50,134876,118.6862080726,118.6862080726,0.219224380288895,134876,119.678756784009,119.678756784009,0.194328853777623
112,51,97650,119.943717357911,119.943717357911,0.240887761796734,97650,120.933906810036,120.933906810036,0.218631351330861
112,52,72055,119.867615016307,119.867615016307,0.237144059990317,72055,120.360169315107,120.360169315107,0.284989236179979
112,53,135774,118.27328501775,118.27328501775,0.114731894921054,135774,118.360024747006,118.360024747006,0.191633859905775
112,54,120940,119.546626426327,119.546626426327,0.309387720709063,120940,120.581569373243,120.581569373243,0.285905087383275
112,55,106353,119.906274388123,119.906274388123,0.118714156528284,106353,120.148477240886,120.148477240886,0.201164366285908
112,56,116269,120.886908806303,122.540439677025,0.400185294411154,116269,123.147175945437,123.147175945437,0.315423236154179
112,57,122990,118.343019757704,118.343019757704,0.201288735423998,122990,119.192877469713,119.192877469713,0.230376399729156
112,58,90122,123.837808748141,123.837808748141,0.351253874235982,90122,124.738010696611,124.738010696611,0.348101402149714
112,190,82336,121.517720073844,121.517720073844,0.260583468722652,82336,122.326199961135,122.326199961135,0.246111327598258
112,191,72009,120.003457901096,120.003457901096,0.158977169996266,72009,120.869308003166,120.869308003166,0.23047196594377
116,1,277161,119.093660363471,119.093660363471,0.176326005381869,277161,119.759147210466,119.759147210466,0.229185950455008
116,2,138405,120.137675662006,120.137675662006,0.26366038899942,138405,120.774162783136,120.774162783136,0.295586078294542
116,3,151179,126.053115842809,128.754469855251,0.429777267121708,151179,128.84079799443,128.84079799443,0.355206662960239
116,4,169776,119.757032796155,119.757032796155,0.169874087378549,169776,120.49756149279,120.49756149279,0.251138635592947
116,5,145210,123.307575235865,123.307575235865,0.39597819061498,145210,125.33360650093,125.33360650093,0.359544454055377
116,6,120164,121.005700542592,121.005700542592,0.390089237328178,120164,122.621109483706,122.621109483706,0.324805657815323
116,7,135755,119.506898456779,119.506898456779,0.200673217595409,135755,119.814025266104,119.814025266104,0.179401906679399
116,8,159110,118.383715668406,118.383715668406,0.193924383841542,159110,119.10070391553,119.10070391553,0.167272902666256
116,9,139484,118.288893349775,118.288893349775,0.241912225939032,139484,119.531881792894,119.531881792894,0.234908181806814
116,10,192130,118.746994222662,118.746994222662,0.178935297538064,192130,119.832040805704,119.832040805704,0.181257587658476
116,11,114616,120.499110071892,120.499110071892,0.312485415922598,114616,121.241179241991,121.241179241991,0.270948645203987
116,12,136127,121.493105702763,121.493105702763,0.260230827515996,136127,122.451938263533,122.451938263533,0.267576162301894
116,14,150721,118.016892138454,118.016892138454,0.150107606178282,150721,118.445916627411,118.445916627411,0.175811728688536
116,15,130468,119.870343685808,119.870343685808,0.308116394453675,130468,121.927783057915,121.927783057915,0.267009150993782
116,16,217055,118.876201884315,118.876201884315,0.208877740828935,217055,119.461551219737,119.461551219737,0.22267893183211
116,17,153794,119.547882232077,119.547882232077,0.222414937637074,153794,120.090374136832,120.090374136832,0.219240245943794
116,18,120534,120.298762174988,120.298762174988,0.247701013914189,120534,121.162327641993,121.162327641993,0.268706912447175
116,19,109711,121.092862156028,121.092862156028,0.286315907061267,109711,121.039430868372,121.039430868372,0.252055194079962
116,20,130557,119.054719394594,119.054719394594,0.251344103554161,130557,119.606876689875,119.606876689875,0.238304484556094
116,21,272735,119.869936018479,119.869936018479,0.283145837584952,272735,120.482255669423,120.482255669423,0.265677709396952
116,22,175893,121.11002711876,121.11002711876,0.216220798976177,175893,121.597533727891,121.597533727891,0.283101243470241
116,23,168935,119.219427590493,119.219427590493,0.165907109230749,168935,119.058572823867,119.058572823867,0.248010774698081
116,24,161281,120.033872557834,120.033872557834,0.37851816192751,161281,121.592921670873,121.592921670873,0.165131081773135
116,25,141071,119.707856327665,119.707856327665,0.186754863025337,141071,120.42882661922,120.42882661922,0.20639968842442
116,26,138709,120.472824402166,120.472824402166,0.197346705799634,138709,121.155851458809,121.155851458809,0.19306666270243
116,27,153856,118.429362520799,118.429362520799,0.192649862051161,153856,119.0292156302,119.0292156302,0.205510449371628
116,28,155017,123.956114490669,123.956114490669,0.437233922699175,155017,124.122838140333,126.432079613158,0.447713182712387
116,29,139366,121.80104903635,121.80104903635,0.36254510558138,139366,121.727006586972,121.727006586972,0.252227805904122
116,30,100710,119.876268493695,119.876268493695,0.461815866533165,100710,122.223115877271,122.223115877271,0.37729862890653
116,31,168072,119.409425722309,119.409425722309,0.0738164013758937,168072,119.905433385692,119.905433385692,0.136263239757262
116,32,154161,119.06446507223,119.06446507223,0.190061851154528,154161,119.830015373538,119.830015373538,0.217291593462672
116,33,100852,127.227650418435,125.190711690118,0.441696330889992,100852,124.864018561853,124.864018561853,0.338013743828312
116,34,104729,120.275367854176,120.275367854176,0.166587192575732,104729,119.272360091283,119.272360091283,0.139932257849608
116,35,129769,118.809407485609,118.809407485609,0.195037903686713,129769,119.33244457459,119.33244457459,0.246799079422605
116,36,150574,118.422788794878,118.422788794878,0.169283245920475,150574,118.804640907461,118.804640907461,0.241203302282398
116,37,115446,120.452401988809,120.452401988809,0.382371342860339,115446,122.629818270014,122.629818270014,0.277034714780312
116,38,137276,123.18672601183,123.18672601183,0.405997818655439,137276,122.50593694455,122.50593694455,0.332198319269345
116,39,106999,122.710642155534,122.710642155534,0.323496242150141,106999,123.177777362405,123.177777362405,0.336988533173886
116,40,104425,119.379018434283,119.379018434283,0.199244046998081,104425,119.604117787886,119.604117787886,0.225772670090886
116,41,100538,121.280888818158,121.280888818158,0.308975717319208,100538,122.548031590046,122.548031590046,0.237226077850649
116,42,124997,119.970647295535,119.970647295535,0.211408807334735,124997,120.617598822372,120.617598822372,0.235927906437454
116,43,133970,118.932589385683,118.932589385683,0.265979874746059,133970,119.669194595805,119.669194595805,0.224278767857953
116,44,147743,117.957656200294,117.957656200294,0.110914756414862,147743,118.130449496761,118.130449496761,0.172697363384463
116,45,111889,119.597279446594,119.597279446594,0.206370915060218,111889,120.702821546354,120.702821546354,0.210028447382318
116,46,120058,121.613436838861,121.613436838861,0.353904804273078,120058,123.554265438371,123.554265438371,0.338228184229777
116,47,108558,120.390611470366,120.390611470366,0.301582311633671,108558,121.458381694578,121.458381694578,0.325996419027991
116,48,133416,120.434685494993,120.434685494993,0.263791966425585,133416,121.369086166577,121.369086166577,0.250478506771002
116,49,148923,120.141267634952,120.141267634952,0.294531581162342,148923,121.12756256589,121.12756256589,0.283430786312721
116,50,72561,124.148550874437,124.148550874437,0.418747945166936,72561,128.177547167211,128.177547167211,0.34548801022231
116,51,77443,125.056596464496,125.056596464496,0.378740052669543,77443,126.867928670119,126.867928670119,0.351506546129023
116,52,114671,121.038484010779,121.038484010779,0.210816827710529,114671,121.557377192141,121.557377192141,0.26287462840745
116,53,144820,118.46637204806,118.46637204806,0.153710874829196,144820,119.01972793813,119.01972793813,0.169827967124504
116,54,154106,118.626789352783,118.626789352783,0.178003429496612,154106,119.663861238368,119.663861238368,0.188080686057112
116,55,78826,120.808502270824,120.808502270824,0.298893785029381,78826,122.84515261462,122.84515261462,0.254624065330394
116,56,209668,119.105099490623,119.105099490623,0.306163747504017,209668,120.646684281817,120.646684281817,0.340660383187462
116,57,83396,120.526667945705,120.526667945705,0.258963287400268,83396,121.25021583769,121.25021583769,0.219233447739462
116,58,111779,117.903577595076,117.903577595076,0.26297011518337,111779,118.968214065254,118.968214065254,0.229742287489979
116,59,67285,124.66866314929,124.66866314929,0.300003393027096,67285,124.722627628743,124.722627628743,0.293614210268181
116,202,126697,123.184321649289,123.184321649289,0.480911656741791,126697,126.37634671697,126.37634671697,0.391350111444696
116,203,201007,119.493201729293,119.493201729293,0.162490229301899,201007,120.10658832777,120.10658832777,0.158905560418492
120,1,301436,118.807620854841,118.807620854841,0.209324536410797,301436,119.314551015804,119.314551015804,0.150560703834955
120,2,150806,120.529295916608,120.529295916608,0.29963196399554,150806,121.597522644988,121.597522644988,0.274435606880481
120,3,164757,118.179239728813,118.179239728813,0.194063881241313,164757,118.723404771876,118.723404771876,0.185828838237609
120,4,225139,118.777959393974,118.777959393974,0.224975059708693,225139,119.288008741267,119.288008741267,0.255447847860497
120,5,127288,120.493377223305,120.493377223305,0.251880877338766,127288,121.311286217083,121.311286217083,0.257519652445639
120,6,144545,123.315659483206,125.257134563686,0.41719807625295,144545,125.344252654883,125.344252654883,0.357388232254802
120,7,146439,120.366965084438,120.366965084438,0.260426869069526,146439,121.165249694412,121.165249694412,0.292017333087067
120,8,162249,119.609544588873,119.609544588873,0.146596021377551,162249,120.340858803444,120.340858803444,0.17396869433656
120,9,144673,119.945691317661,119.945691317661,0.191715768125066,144673,120.880827797861,120.880827797861,0.255062843354379
120,10,83427,119.568173373129,119.568173373129,0.311574763875309,83427,121.091804811392,121.091804811392,0.242125882411166
120,11,155428,117.764405383843,117.764405383843,0.112167425900792,155428,118.174775458733,118.174775458733,0.179872650841068
120,12,144411,118.946153686354,118.946153686354,0.178966704469271,144411,119.65579491867,119.65579491867,0.202686154345731
120,13,178162,118.459435794389,118.459435794389,0.146540914219221,178162,119.204600307585,119.204600307585,0.195010006038729
120,14,169825,119.215044899161,119.215044899161,0.15039305818682,169825,119.678887089651,119.678887089651,0.218692091651568
120,15,141433,124.531000544427,124.531000544427,0.380308477976136,141433,123.17932872809,123.17932872809,0.317225811129101
120,16,138031,120.331541465323,120.331541465323,0.339279029374159,138031,121.408031529149,121.408031529149,0.320996045112606
120,17,193491,118.665064524965,118.665064524965,0.221456803840989,193491,119.82432774651,119.82432774651,0.214471487620465
120,18,300269,119.43900968798,119.43900968798,0.257875848036925,300269,120.128111793092,120.128111793092,0.282245863794587
120,19,156745,118.764981339118,118.764981339118,0.280798154740035,156745,119.213671887461,119.213671887461,0.271770442535308
120,20,168619,118.259614871396,118.259614871396,0.150731337594335,168619,118.88784182091,118.88784182091,0.196059498265829
120,21,129117,121.214394696283,121.214394696283,0.255947705252232,129117,121.730229171991,121.730229171991,0.240701147184292
120,22,142831,118.773970636627,118.773970636627,0.194470431750784,142831,119.226246403092,119.226246403092,0.238957079118903
120,23,86407,120.258312405245,120.258312405245,0.256945247268561,86407,121.352957515016,121.352957515016,0.225139485970991
120,24,131494,124.564550473786,127.188228085654,0.430674533888502,131494,127.649215933807,127.649215933807,0.335592278972012
120,25,124408,121.046886052344,121.046886052344,0.288519757888514,124408,123.679216770626,123.679216770626,0.266886472895975
120,26,163048,119.365076541877,119.365076541877,0.212688121679488,163048,119.34886045827,119.34886045827,0.267693966278045
120,27,126630,121.021519387191,121.021519387191,0.198101324457259,126630,121.375148069178,121.375148069178,0.260859181499256
120,28,121133,119.985429238936,119.985429238936,0.268130491501162,121133,120.894240215301,120.894240215301,0.276660768204087
120,29,144422,117.832594757031,117.832594757031,0.126196502490332,144422,118.772984725319,118.772984725319,0.227784695839899
120,31,122470,121.743790315996,121.743790315996,0.306751844951007,122470,124.683138727852,124.683138727852,0.284528157054701
120,32,212863,119.871720308367,119.871720308367,0.257374394571654,212863,121.580880660331,121.580880660331,0.163031781750245
120,33,183698,119.371441169746,119.371441169746,0.214038180435784,183698,120.290825158684,120.290825158684,0.178310202942334
120,34,138368,121.126149109621,121.126149109621,0.364935408807964,138368,121.741696056892,121.741696056892,0.248762635335083
120,35,153074,123.351450932229,123.351450932229,0.339832163791605,153074,124.032389563218,124.032389563218,0.385133728853551
120,36,113574,117.78836705584,117.78836705584,0.222665593174081,113574,118.51671157131,118.51671157131,0.216258825361511
120,37,131607,119.17354699978,119.17354699978,0.287819331612584,131607,119.965222214624,119.965222214624,0.266842879029306
120,38,111048,121.482458036165,121.482458036165,0.30232334993845,111048,119.668512715222,119.668512715222,0.195806195532938
120,39,108091,120.535789288655,120.535789288655,0.296732584211487,108091,121.995855344108,121.995855344108,0.258687494745433
120,40,114925,124.739708505547,122.190132968085,0.510541020939764,114925,124.319530128345,124.319530128345,0.339116404197755
120,41,102663,118.954404215735,118.954404215735,0.131013591960251,102663,119.339109513651,119.339109513651,0.156959262974997
120,42,155207,117.766602021816,117.766602021816,0.168642493060669,155207,117.974002461229,117.974002461229,0.137607982951036
120,43,147000,119.268884353741,119.268884353741,0.156852649157604,147000,119.917578231293,119.917578231293,0.23011252549615
120,44,70217,125.302832647365,128.040915486793,0.438549640450571,70217,127.223037156244,127.223037156244,0.39144043829358
120,45,51510,120.292525723161,120.292525723161,0.0993809436226617,51510,120.368219763153,120.368219763153,0.25996032403339
120,46,112875,121.065585825028,121.065585825028,0.293899415980792,112875,122.146728682171,122.146728682171,0.293303567072438
120,47,123793,119.876955886036,119.876955886036,0.303625092164061,123793,121.784462772532,121.784462772532,0.270066835554232
120,48,167984,119.433547242595,119.433547242595,0.27559086529108,167984,120.271228212211,120.271228212211,0.152626420832225
120,49,122559,122.124544097129,122.124544097129,0.348835899436531,122559,124.063708091613,124.063708091613,0.276391098067718
120,50,164462,118.208382483492,118.208382483492,0.168778095061725,164462,118.434215806691,118.434215806691,0.139979534661054
120,51,155491,119.47890874713,119.47890874713,0.188911252661188,155491,120.1334225132,120.1334225132,0.26915218621495
120,52,103128,119.130352571562,119.130352571562,0.341507942122172,103128,120.732507175549,120.732507175549,0.285726645314027
120,53,117945,119.501547331383,119.501547331383,0.246750168964662,117945,120.246174064182,120.246174064182,0.270926851461635
120,54,148979,119.794554937273,119.794554937273,0.208948202407544,148979,121.04639580075,121.04639580075,0.227170965858245
120,55,160817,118.117618162259,118.117618162259,0.167393330527701,160817,118.561967951149,118.561967951149,0.121753864070487
120,56,130903,120.659450127193,120.659450127193,0.248368354702663,130903,121.048318220362,121.048318220362,0.282528798946911
120,57,57336,124.002249895354,124.002249895354,0.399403100712923,57336,127.218937491279,129.242127155693,0.43440905884223
120,58,101306,122.489911752512,122.489911752512,0.298170606384756,101306,122.664985292085,122.664985292085,0.304240221915374
120,59,41951,121.028056542156,121.028056542156,0.120594546127661,41951,120.512359657696,120.512359657696,0.24342093640983
120,60,102361,120.087464952472,120.087464952472,0.205753234802987,102361,120.17487128887,120.17487128887,0.192287099569454
120,61,27505,118.66446100709,118.66446100709,0.242404123762465,27505,119.40254499182,119.40254499182,0.23491817113882
120,214,104720,119.381025592055,119.381025592055,0.209898273626094,104720,120.129287624141,120.129287624141,0.217954535409422
120,215,101212,120.588398608861,120.588398608861,0.265604594237056,101212,122.942763703909,122.942763703909,0.320395786150694
124,1,338017,118.375487031717,118.375487031717,0.169357084964019,338017,118.756192735868,118.756192735868,0.157607872212348
124,2,158745,120.62030930108,120.62030930108,0.187394537400627,158745,122.396106963999,122.396106963999,0.278670638559107
124,4,229039,118.750937613245,118.750937613245,0.237222538822046,229039,119.483267041858,119.483267041858,0.229241078949299
124,5,167092,117.717305436526,117.717305436526,0.16295274579296,167092,118.01627247265,118.01627247265,0.155156604417919
124,6,296542,118.820291897944,118.820291897944,0.113777873783233,296542,119.180503942106,119.180503942106,0.155977359121908
124,7,149325,118.854210614432,118.854210614432,0.157608724963649,149325,119.340947597522,119.340947597522,0.209703552684954
124,8,187731,121.708955899665,121.708955899665,0.243306725502174,187731,121.390127363089,121.390127363089,0.312682327799185
124,9,126394,120.482878934127,120.482878934127,0.227798354065585,126394,120.754996281469,120.754996281469,0.249003640064453
124,11,137741,120.947524702158,120.947524702158,0.272058904741958,137741,121.444464611118,121.444464611118,0.302828961852228
124,12,181348,118.098898250877,118.098898250877,0.133509282418577,181348,118.445761739859,118.445761739859,0.13695798882397
124,15,136132,119.525658919284,119.525658919284,0.260136952887319,136132,120.11560103429,120.11560103429,0.311481868582635
124,16,164366,118.597672267987,118.597672267987,0.18942058697638,164366,118.78095834905,118.78095834905,0.208271308288018
124,17,101687,124.502778132898,122.757790808315,0.486859731592149,101687,123.925123172087,123.925123172087,0.300072634765381
124,18,159103,119.682645833202,119.682645833202,0.20681809625421,159103,120.375882290089,120.375882290089,0.153285090219275
124,19,161596,118.051560682195,118.051560682195,0.17622601898247,161596,118.530898042031,118.530898042031,0.164305346710659
124,20,103076,119.508401567775,119.508401567775,0.263262506462461,103076,120.65612751756,120.65612751756,0.266705183437842
124,21,141867,120.773936151466,120.773936151466,0.326767540546016,141867,121.628927093686,121.628927093686,0.27726260077214
124,22,170626,118.373700373917,118.373700373917,0.176792820468267,170626,119.160444480911,119.160444480911,0.201556960811638
124,23,88718,120.723359408463,120.723359408463,0.258367817807998,88718,121.876045447373,121.876045447373,0.281235284759021
124,24,164950,123.138181267051,123.138181267051,0.398282953832111,164950,122.317059715065,123.707782325667,0.412507548721552
124,25,117860,121.86981164093,121.86981164093,0.274083480207823,117860,122.639207534363,122.639207534363,0.300031481245656
124,26,121121,120.438677025454,120.438677025454,0.33433768554645,121121,121.384318161178,121.384318161178,0.344664230051731
124,27,177424,120.959582694562,120.959582694562,0.306228412596569,177424,121.899517539904,121.899517539904,0.352319075603024
124,28,142984,118.316042354389,118.316042354389,0.258726853261861,142984,118.718730767079,118.718730767079,0.327127889976015
124,29,187127,118.907854024272,118.907854024272,0.177682425116602,187127,119.274962993048,119.274962993048,0.0738554816020657
124,30,170180,118.636449641556,118.636449641556,0.216299719170437,170180,118.803884122694,118.803884122694,0.250615650056279
124,31,106276,125.482329030073,125.482329030073,0.342203449273863,106276,125.536471075313,125.536471075313,0.380391264874934
124,32,150393,119.878365349451,119.878365349451,0.287302604326332,150393,120.388675004821,120.388675004821,0.313946429905564
124,33,98486,121.573005300246,121.573005300246,0.43376659762456,98486,123.735972625551,123.735972625551,0.286706244266278
124,34,130199,119.64081905391,119.64081905391,0.252311593006143,130199,121.041521056229,121.041521056229,0.268837806297379
124,35,88054,118.191882254071,118.191882254071,0.189329576942213,88054,118.528823222114,118.528823222114,0.16359056028082
124,36,126042,121.080846067184,121.080846067184,0.375918091125181,126042,123.860125989749,123.860125989749,0.321445945544167
124,37,154317,118.89065365449,118.89065365449,0.295363286111025,154317,120.074813533182,120.074813533182,0.286266084608227
124,38,120069,121.779501786473,121.779501786473,0.29215812626874,120069,122.454338755216,122.454338755216,0.299209935827861
124,39,103853,120.390234273444,120.390234273444,0.213134519760497,103853,120.508333895025,120.508333895025,0.268824512243326
124,40,99883,117.838511057938,117.838511057938,0.241038711262878,99883,118.455893395272,118.455893395272,0.25732515007613
124,41,77592,118.921525414991,118.921525414991,0.222683416873753,77592,118.588127642025,118.588127642025,0.219695550330387
124,42,134934,118.941697422444,118.941697422444,0.142822677342568,134934,119.723672313872,119.723672313872,0.164075487430194
124,43,66932,121.044463037112,119.469414023527,0.420965627241413,66932,123.061405605689,123.061405605689,0.351017472957994
124,44,145703,117.806942890675,117.806942890675,0.18718882417829,145703,118.757705743876,118.757705743876,0.204182742971386
124,45,105138,120.620727044456,120.620727044456,0.254235486507944,105138,121.593001578877,121.593001578877,0.153656293531403
124,46,123588,122.488688222157,124.280367676922,0.421192021275039,123588,125.020981001392,125.020981001392,0.35325958806403
124,47,135099,119.721448715387,119.721448715387,0.179022010090895,135099,120.857104789821,120.857104789821,0.231591532947336
124,48,196320,118.140464547677,118.140464547677,0.179674485007028,196320,118.335121230644,118.335121230644,0.20766384709162
124,49,136412,119.999362226197,119.999362226197,0.264262213693311,136412,120.855393953611,120.855393953611,0.262888834261351
124,50,179007,119.443412827431,119.443412827431,0.207069440573365,179007,120.018692006458,120.018692006458,0.2280262140481
124,51,121353,119.6228276186,119.6228276186,0.277381535152809,121353,120.115728494557,120.115728494557,0.279061983702499
124,52,112884,119.038473122852,119.038473122852,0.327652318940052,112884,120.290360015591,120.290360015591,0.28461528443274
124,53,170876,117.6270863082,117.6270863082,0.123404844058224,170876,117.783111730144,117.783111730144,0.163223774407197
124,54,119769,119.706935851514,119.706935851514,0.209303678954422,119769,120.238258647897,120.238258647897,0.217250502637912
124,55,96844,118.845462806162,118.845462806162,0.209214206365078,96844,119.114018421379,119.114018421379,0.227511399896482
124,57,147066,117.951253178845,117.951253178845,0.100450714712608,147066,118.242693756545,118.242693756545,0.157030027647408
124,58,38168,122.029134353385,120.433364557886,0.432494350522318,38168,124.194613288619,122.227770327225,0.440652297102356
124,96,99943,122.100627357594,122.100627357594,0.359122283996508,99943,124.554856268073,124.554856268073,0.310166990503753
124,97,81992,119.433774026734,119.433774026734,0.322593364918619,81992,121.477814908772,121.477814908772,0.277221679036309
124,98,78110,123.774023812572,123.774023812572,0.343855357191645,78110,126.542516963257,126.542516963257,0.34993982881187
124,99,95769,124.142123234032,124.142123234032,0.338941066824941,95769,123.612411114244,123.612411114244,0.318840705316855
124,101,95737,123.987768574323,123.987768574323,0.41326985744829,95737,126.530891922663,128.85783238027,0.418677476095647
124,102,53172,121.793613179869,121.793613179869,0.292248602283433,53172,123.500601820507,123.500601820507,0.249121917966877
124,103,123386,119.738114534874,119.738114534874,0.230556955857087,123386,121.401504222521,121.401504222521,0.152042491240976
124,104,101677,120.766269657838,120.766269657838,0.232846548378663,101677,122.32064281991,122.32064281991,0.225984963859608
124,105,54448,118.87196958566,118.87196958566,0.151759831252952,54448,120.102317807817,120.102317807817,0.25589421199213
128,1,92155,119.035961152406,119.035961152406,0.240683198877337,92155,118.455276436439,118.455276436439,0.219938399873635
128,2,168390,117.788241582042,117.788241582042,0.189322729790105,168390,118.347122750757,118.347122750757,0.185767820045816
128,5,173397,122.442475936723,122.442475936723,0.308567647639091,173397,122.312243003051,122.312243003051,0.30760364692863
128,6,204011,118.113915426129,118.113915426129,0.127975603528877,204011,118.581453941209,118.581453941209,0.122532083656196
128,7,233665,119.150069544005,119.150069544005,0.180978840420506,233665,119.527836860463,119.527836860463,0.177415067869364
128,8,183623,117.888592387664,117.888592387664,0.175950648629002,183623,118.134313239627,118.134313239627,0.176670171612795
128,9,137264,117.878110793799,117.878110793799,0.232536384153786,137264,118.418653106423,118.418653106423,0.239190434340441
128,10,191814,119.913629870604,119.913629870604,0.178759983984528,191814,119.24501861178,119.24501861178,0.215843111098998
128,11,189815,118.192192397861,118.192192397861,0.188618128726553,189815,118.222543002397,118.222543002397,0.168506470244366
128,12,253803,119.574197310512,119.574197310512,0.226068529461957,253803,120.033376280028,120.033376280028,0.232587208787408
128,13,142142,118.815740597431,118.815740597431,0.152416187617953,142142,119.718985240112,119.718985240112,0.155316417536657
128,14,127099,122.660414322693,122.660414322693,0.411855136268436,127099,124.51925664246,124.51925664246,0.347334624565635
128,15,235046,118.136454140892,118.136454140892,0.152236920159772,235046,118.391165984531,118.391165984531,0.167985792461332
128,16,159533,117.702155666853,117.702155666853,0.20620882004448,159533,118.099853948713,118.099853948713,0.208450217598057
128,17,175790,119.623465498606,119.623465498606,0.229026180656906,175790,120.162853404631,120.162853404631,0.226833452808165
128,18,138921,120.767169830335,120.767169830335,0.312741845979363,138921,122.398751808582,122.398751808582,0.300375183272357
128,21,179603,118.074770465972,118.074770465972,0.143347567627468,179603,118.455476801612,118.455476801612,0.152915244575832
128,23,154091,120.992329208065,120.992329208065,0.278738412511075,154091,121.813863236659,121.813863236659,0.229871863104531
128,24,116240,123.013343083276,123.013343083276,0.327110842165629,116240,121.698675154852,121.698675154852,0.315730419070252
128,25,124259,120.359547396969,120.359547396969,0.202569004513628,124259,121.426158266202,121.426158266202,0.180649355985277
128,26,153187,118.38671036054,118.38671036054,0.143719100334661,153187,118.174590533139,118.174590533139,0.188018730409732
128,28,168857,119.692224781916,119.692224781916,0.323051296982154,168857,120.659167224338,120.659167224338,0.335677804960114
128,29,110181,122.208012270718,122.208012270718,0.313985275629939,110181,122.84747824035,122.84747824035,0.324404518095154
128,30,101807,119.979863860049,119.979863860049,0.252560869096589,101807,120.472423310774,120.472423310774,0.289432972955551
128,31,145471,119.605440259571,119.605440259571,0.249422148161681,145471,119.707309360629,119.707309360629,0.265416382806748
128,32,111581,118.661555282709,118.661555282709,0.219942798023356,111581,119.297416226777,119.297416226777,0.24254946208543
128,33,107080,119.326765035487,119.326765035487,0.288005813174683,107080,120.386075831154,120.386075831154,0.316166535841177
128,34,146105,117.571917456624,117.571917456624,0.223354229130826,146105,118.251955785223,118.251955785223,0.211651083975407
128,35,161549,118.506973116516,118.506973116516,0.189965797560609,161549,118.433985973296,118.433985973296,0.174017677998582
128,36,187321,118.577692837429,118.577692837429,0.140423652208015,187321,119.073574238873,119.073574238873,0.125312675045974
128,37,171425,119.649158524136,119.649158524136,0.233272873393895,171425,120.631850663555,120.631850663555,0.248884223401174
128,38,141132,118.875896324009,118.875896324009,0.262845104576358,141132,120.165341665958,120.165341665958,0.234043393926704
128,39,164138,117.759233084356,117.759233084356,0.205597463938573,164138,118.768408290585,118.768408290585,0.178955069972676
128,40,136558,119.759538071735,119.759538071735,0.18495288110121,136558,120.339577322456,120.339577322456,0.182223236741368
128,41,202226,118.359132851364,118.359132851364,0.229836484555593,202226,119.968421469049,119.968421469049,0.337983195811219
128,42,110426,123.317244127289,123.317244127289,0.276925012347193,110426,123.686957781682,123.686957781682,0.261713619364075
128,43,208012,120.849244274369,120.849244274369,0.292040406058292,208012,120.668475857162,120.668475857162,0.338190397127847
128,44,129164,123.970386485398,123.970386485398,0.387229417999651,129164,125.255024619863,125.255024619863,0.340264102847444
128,45,130499,120.172323159564,120.172323159564,0.291069334727794,130499,122.325703645239,122.325703645239,0.208279716344662
128,46,147836,118.723944100219,118.723944100219,0.173260210923193,147836,119.456634378636,119.456634378636,0.201865536838706
128,47,161855,120.18218776065,120.18218776065,0.326269637009533,161855,120.992184362547,120.992184362547,0.350454422215898
128,48,124899,118.85185629989,118.85185629989,0.244687693981569,124899,119.903802272236,119.903802272236,0.215749841340639
128,49,138354,118.891387310811,118.891387310811,0.210284396232297,138354,119.690641398153,119.690641398153,0.15968354199753
128,50,176983,117.93289185967,117.93289185967,0.175410748432437,176983,118.186113920546,118.186113920546,0.112613389224375
128,51,150436,119.538361828286,119.538361828286,0.25003545766056,150436,120.274462229785,120.274462229785,0.25640882713271
128,52,170618,117.898029516229,117.898029516229,0.159870220468925,170618,118.177695202147,118.177695202147,0.182953247995509
128,53,136741,119.190476886961,119.190476886961,0.165236199065357,136741,120.463562501371,120.463562501371,0.232453625122918
128,54,116688,122.908825243384,122.908825243384,0.289783322968683,116688,122.957759152612,122.957759152612,0.341322504960425
128,55,157620,118.105906610836,118.105906610836,0.180170854585137,157620,118.290591295521,118.290591295521,0.184226302915372
128,56,57044,125.015987658649,120.87118385589,0.603586765435804,57044,127.58919430615,124.602256736237,0.497070659078049
128,57,41219,120.915645697373,120.915645697373,0.273414944496118,41219,124.968145758024,124.968145758024,0.320019364582238
128,58,75870,121.896573085541,121.896573085541,0.323324150442661,75870,123.693277975484,123.693277975484,0.334904300340381
128,59,87219,119.24607023699,119.24607023699,0.193789924286257,87219,120.283527671723,120.283527671723,0.204110257201168
128,123,83140,120.962484965119,120.962484965119,0.280296644017397,83140,122.309562184268,122.309562184268,0.288977214262263
128,124,96987,118.785930073103,118.785930073103,0.124588910841701,96987,120.602977718663,120.602977718663,0.158280656344346
128,125,96244,120.876917002618,120.876917002618,0.367590433181942,96244,124.068721167034,124.068721167034,0.340247532068977
128,126,77995,118.843848964677,118.843848964677,0.107841249610406,77995,119.845092634143,119.845092634143,0.197162010996762
128,220,90894,120.820120139943,120.820120139943,0.179687852927507,90894,122.10764186855,122.10764186855,0.220522693552677
128,221,86665,118.955368372469,118.955368372469,0.212957908064365,86665,120.606265505106,120.606265505106,0.179776945564918
128,222,96984,122.139363193929,120.363320838172,0.414241564777766,96984,125.413387775303,125.413387775303,0.311492140066672
128,223,106458,120.809474158823,120.809474158823,0.320961073861382,106458,123.171757876346,123.171757876346,0.284649768282325
128,225,108018,125.285072858227,122.689365821169,0.442476169010954,108018,124.874789386954,123.228870079549,0.460147852874355
128,226,91343,119.209616500443,119.209616500443,0.209531878298896,91343,120.784679723679,120.784679723679,0.164801699194477
128,227,107726,124.333354993224,124.333354993224,0.358017894688853,107726,127.168863598388,127.168863598388,0.306323646838658
128,228,134444,122.35962184999,122.35962184999,0.335565997081695,134444,123.396588914344,123.396588914344,0.284150535685347
