'001_001','002_004'
'001_002','002_007'
'001_003','002_011'
'001_004','002_001'
'001_005','002_013'
'001_006','002_005'
'001_007','002_006'
'001_008','002_003'
'001_009','002_002'
'001_010','002_012'
'001_011','002_016'
'001_012','002_008'
'001_013','002_009'
'001_014','002_014'
'001_015','002_010'
'001_016','002_015'
'002_001','003_006'
'002_002','003_013'
'002_003','003_003'
'002_004','003_001'
'002_005','003_009'
'002_006','003_014'
'002_007','003_005'
'002_008','003_007'
'002_009','003_002'
'002_010','003_012'
'002_011','003_004'
'002_012','003_010'
'002_013','003_008'
'002_014','003_015'
'002_015','003_016'
'002_016','003_011'
'003_001','004_010'
'003_002','004_009'
'003_003','004_004'
'003_004','004_005'
'003_005','004_003'
'003_006','004_016'
'003_007','004_001'
'003_008','004_013'
'003_009','004_007'
'003_010','004_011'
'003_011','004_002'
'003_012','004_012'
'003_013','004_008'
'003_014','004_015'
'003_015','004_006'
'003_016','004_014'
'004_001','005_002'
'004_002','005_003'
'004_003','005_014'
'004_004','005_005'
'004_005','005_008'
'004_006','005_009'
'004_007','005_012'
'004_008','005_015'
'004_009','005_001'
'004_010','005_007'
'004_011','005_010'
'004_012','005_016'
'004_013','005_013'
'004_014','005_004'
'004_015','005_011'
'004_016','005_006'
'005_001','006_010'
'005_002','006_007'
'005_003','006_001'
'005_004','006_016'
'005_005','006_004'
'005_006','006_011'
'005_007','006_005'
'005_008','006_009'
'005_009','006_013'
'005_010','006_008'
'005_011','006_006'
'005_012','006_003'
'005_013','006_012'
'005_014','006_015'
'005_015','006_014'
'005_016','006_002'
'006_001','007_001'
'006_002','007_005'
'006_003','007_004'
'006_004','007_009'
'006_005','007_007'
'006_006','007_016'
'006_007','007_006'
'006_008','007_002'
'006_009','007_008'
'006_010','007_003'
'006_011','007_010'
'006_012','007_014'
'006_013','007_011'
'006_014','007_013'
'006_015','007_012'
'006_016','007_015'
'007_001','008_007'
'007_002','008_005'
'007_003','008_011'
'007_004','008_012'
'007_005','008_016'
'007_006','008_002'
'007_007','008_001'
'007_008','008_008'
'007_009','008_004'
'007_010','008_003'
'007_011','008_009'
'007_012','008_006'
'007_013','008_010'
'007_014','008_015'
'007_015','008_013'
'007_016','008_014'
'008_001','009_004'
'008_002','009_005'
'008_003','009_011'
'008_004','009_016'
'008_005','009_007'
'008_006','009_003'
'008_007','009_013'
'008_008','009_009'
'008_009','009_002'
'008_010','009_001'
'008_011','009_008'
'008_012','009_010'
'008_013','009_012'
'008_014','009_015'
'008_015','009_006'
'008_016','009_014'
'009_001','010_009'
'009_002','010_013'
'009_003','010_003'
'009_004','010_002'
'009_005','010_005'
'009_006','010_004'
'009_007','010_015'
'009_008','010_007'
'009_009','010_006'
'009_010','010_011'
'009_011','010_008'
'009_012','010_014'
'009_013','010_001'
'009_014','010_016'
'009_015','010_012'
'009_016','010_010'
'010_001','011_014'
'010_002','011_002'
'010_003','011_015'
'010_004','011_010'
'010_005','011_011'
'010_006','011_001'
'010_007','011_008'
'010_008','011_003'
'010_009','011_004'
'010_010','011_007'
'010_011','011_005'
'010_012','011_013'
'010_013','011_009'
'010_014','011_006'
'010_015','011_012'
'010_016','011_016'
'011_001','012_006'
'011_002','012_012'
'011_003','012_005'
'011_004','012_008'
'011_005','012_002'
'011_006','012_013'
'011_007','012_004'
'011_008','012_016'
'011_009','012_001'
'011_010','012_007'
'011_011','012_003'
'011_012','012_014'
'011_013','012_011'
'011_014','012_010'
'011_015','012_009'
'011_016','012_015'
'012_001','013_002'
'012_002','013_005'
'012_003','013_004'
'012_004','013_001'
'012_005','013_007'
'012_006','013_011'
'012_007','013_006'
'012_008','013_003'
'012_009','013_016'
'012_010','013_009'
'012_011','013_014'
'012_012','013_010'
'012_013','013_015'
'012_014','013_012'
'012_015','013_008'
'012_016','013_013'
'013_001','014_002'
'013_002','014_010'
'013_003','014_003'
'013_004','014_001'
'013_005','014_004'
'013_006','014_015'
'013_007','014_006'
'013_008','014_014'
'013_009','014_008'
'013_010','014_007'
'013_011','014_009'
'013_012','014_011'
'013_013','014_013'
'013_014','014_016'
'013_015','014_012'
'013_016','014_005'
'014_001','015_002'
'014_002','015_015'
'014_003','015_014'
'014_004','015_004'
'014_005','015_012'
'014_006','015_005'
'014_007','015_001'
'014_008','015_003'
'014_009','015_007'
'014_010','015_006'
'014_011','015_011'
'014_012','015_008'
'014_013','015_013'
'014_014','015_009'
'014_015','015_010'
'014_016','015_016'
'015_001','016_010'
'015_002','016_011'
'015_003','016_006'
'015_004','016_002'
'015_005','016_009'
'015_006','016_005'
'015_007','016_008'
'015_008','016_004'
'015_009','016_013'
'015_010','016_014'
'015_011','016_333'
'015_012','016_332'
'015_013','016_001'
'015_014','016_007'
'015_015','016_015'
'015_016','016_012'
'016_001','017_007'
'016_002','017_001'
'016_004','017_013'
'016_005','017_002'
'016_006','017_004'
'016_007','017_010'
'016_008','017_008'
'016_009','017_005'
'016_010','017_006'
'016_011','017_009'
'016_012','017_012'
'016_013','017_011'
'016_014','017_014'
'016_015','017_015'
'016_332','017_151'
'016_333','017_152'
'017_001','018_009'
'017_002','018_008'
'017_004','018_002'
'017_005','018_007'
'017_006','018_003'
'017_007','018_011'
'017_008','018_010'
'017_009','018_004'
'017_010','018_005'
'017_011','018_016'
'017_012','018_001'
'017_013','018_012'
'017_014','018_014'
'017_015','018_013'
'017_151','018_006'
'017_152','018_015'
'018_001','019_012'
'018_002','019_008'
'018_003','019_002'
'018_004','019_006'
'018_005','019_004'
'018_006','019_010'
'018_007','019_005'
'018_008','019_013'
'018_009','019_003'
'018_010','019_011'
'018_011','019_007'
'018_012','019_009'
'018_013','019_001'
'018_014','019_015'
'018_015','019_016'
'018_016','019_014'
'019_001','020_004'
'019_002','020_005'
'019_003','020_003'
'019_004','020_006'
'019_005','020_010'
'019_006','020_011'
'019_007','020_001'
'019_008','020_002'
'019_009','020_016'
'019_010','020_009'
'019_011','020_007'
'019_012','020_015'
'019_013','020_008'
'019_014','020_013'
'019_015','020_014'
'019_016','020_012'
'020_001','021_003'
'020_002','021_005'
'020_003','021_006'
'020_004','021_014'
'020_005','021_012'
'020_006','021_010'
'020_007','021_007'
'020_008','021_011'
'020_009','021_013'
'020_010','021_002'
'020_011','021_001'
'020_012','021_008'
'020_013','021_016'
'020_014','021_004'
'020_015','021_009'
'020_016','021_015'
'021_001','022_010'
'021_002','022_011'
'021_003','022_006'
'021_004','022_007'
'021_005','022_015'
'021_006','022_002'
'021_007','022_001'
'021_008','022_016'
'021_009','022_009'
'021_010','022_004'
'021_011','022_003'
'021_012','022_005'
'021_013','022_008'
'021_014','022_013'
'021_015','022_014'
'021_016','022_012'
'022_001','023_013'
'022_002','023_006'
'022_003','023_004'
'022_004','023_003'
'022_005','023_007'
'022_006','023_016'
'022_007','023_014'
'022_008','023_015'
'022_009','023_008'
'022_010','023_012'
'022_011','023_005'
'022_012','023_010'
'022_013','023_002'
'022_014','023_011'
'022_015','023_009'
'022_016','023_001'
'023_001','024_001'
'023_002','024_010'
'023_003','024_005'
'023_004','024_006'
'023_005','024_009'
'023_006','024_007'
'023_007','024_011'
'023_008','024_014'
'023_009','024_003'
'023_010','024_012'
'023_011','024_004'
'023_012','024_002'
'023_013','024_008'
'023_014','024_015'
'023_015','024_013'
'023_016','024_016'
'024_001','025_010'
'024_002','025_002'
'024_003','025_013'
'024_004','025_007'
'024_005','025_011'
'024_006','025_004'
'024_007','025_005'
'024_008','025_015'
'024_009','025_001'
'024_010','025_012'
'024_011','025_009'
'024_012','025_008'
'024_013','025_014'
'024_014','025_016'
'024_015','025_003'
'024_016','025_006'
'025_001','026_008'
'025_002','026_001'
'025_003','026_002'
'025_004','026_006'
'025_005','026_012'
'025_006','026_003'
'025_007','026_013'
'025_008','026_014'
'025_009','026_009'
'025_010','026_016'
'025_011','026_005'
'025_012','026_015'
'025_013','026_007'
'025_014','026_010'
'025_015','026_004'
'025_016','026_011'
'026_001','027_004'
'026_002','027_011'
'026_003','027_005'
'026_004','027_006'
'026_005','027_012'
'026_006','027_009'
'026_007','027_002'
'026_008','027_010'
'026_009','027_001'
'026_010','027_016'
'026_011','027_013'
'026_012','027_015'
'026_013','027_008'
'026_014','027_007'
'026_015','027_014'
'026_016','027_003'
'027_001','028_006'
'027_002','028_008'
'027_003','028_012'
'027_004','028_003'
'027_005','028_007'
'027_006','028_015'
'027_007','028_009'
'027_008','028_013'
'027_009','028_016'
'027_010','028_002'
'027_011','028_011'
'027_012','028_005'
'027_013','028_014'
'027_014','028_004'
'027_015','028_010'
'027_016','028_001'
'028_001','029_011'
'028_002','029_003'
'028_003','029_001'
'028_004','029_009'
'028_005','029_010'
'028_006','029_002'
'028_007','029_014'
'028_008','029_015'
'028_009','029_005'
'028_010','029_016'
'028_011','029_008'
'028_012','029_007'
'028_013','029_012'
'028_014','029_013'
'028_015','029_004'
'028_016','029_006'
'029_001','030_004'
'029_002','030_002'
'029_003','030_006'
'029_004','030_012'
'029_005','030_005'
'029_006','030_008'
'029_007','030_001'
'029_008','030_003'
'029_009','030_013'
'029_010','030_009'
'029_011','030_015'
'029_012','030_011'
'029_013','030_007'
'029_014','030_010'
'029_015','030_014'
'029_016','030_016'
'030_001','031_014'
'030_002','031_002'
'030_003','031_005'
'030_004','031_001'
'030_005','031_004'
'030_006','031_007'
'030_007','031_011'
'030_008','031_003'
'030_009','031_006'
'030_010','031_013'
'030_011','031_008'
'030_012','031_009'
'030_013','031_010'
'030_014','031_015'
'030_014','031_016'
'030_015','031_012'
'030_016','031_017'
'030_016','031_018'
'031_001','032_001'
'031_002','032_017'
'031_003','032_004'
'031_004','032_012'
'031_005','032_008'
'031_006','032_007'
'031_007','032_006'
'031_008','032_005'
'031_009','032_003'
'031_010','032_010'
'031_011','032_009'
'031_012','032_013'
'031_013','032_011'
'031_014','032_002'
'031_015','032_014'
'031_016','032_015'
'031_017','032_016'
'031_018','032_018'
'032_001','033_008'
'032_002','033_011'
'032_003','033_002'
'032_004','033_012'
'032_005','033_018'
'032_006','033_013'
'032_007','033_006'
'032_008','033_004'
'032_009','033_009'
'032_010','033_003'
'032_011','033_001'
'032_012','033_010'
'032_013','033_005'
'032_014','033_014'
'032_015','033_016'
'032_016','033_015'
'032_017','033_007'
'032_018','033_017'
'033_001','034_005'
'033_002','034_001'
'033_003','034_008'
'033_004','034_007'
'033_005','034_004'
'033_006','034_011'
'033_007','034_016'
'033_007','034_019'
'033_008','034_006'
'033_009','034_014'
'033_010','034_002'
'033_011','034_003'
'033_012','034_009'
'033_013','034_015'
'033_014','034_012'
'033_015','034_017'
'033_016','034_010'
'033_017','034_018'
'033_018','034_013'
'034_001','035_015'
'034_002','035_007'
'034_003','035_006'
'034_004','035_010'
'034_005','035_002'
'034_006','035_003'
'034_007','035_009'
'034_008','035_001'
'034_009','035_005'
'034_010','035_012'
'034_011','035_019'
'034_012','035_014'
'034_013','035_018'
'034_013','035_020'
'034_014','035_004'
'034_015','035_008'
'034_016','035_011'
'034_017','035_016'
'034_018','035_013'
'034_019','035_017'
'035_001','036_002'
'035_002','036_011'
'035_003','036_006'
'035_004','036_003'
'035_005','036_005'
'035_006','036_009'
'035_007','036_001'
'035_008','036_018'
'035_009','036_004'
'035_010','036_007'
'035_011','036_010'
'035_012','036_013'
'035_013','036_014'
'035_014','036_012'
'035_015','036_021'
'035_015','036_022'
'035_016','036_016'
'035_017','036_008'
'035_018','036_015'
'035_019','036_019'
'035_019','036_020'
'035_020','036_017'
'036_001','037_008'
'036_002','037_014'
'036_003','037_005'
'036_004','037_004'
'036_005','037_003'
'036_006','037_006'
'036_007','037_001'
'036_008','037_011'
'036_009','037_023'
'036_010','037_010'
'036_011','037_002'
'036_012','037_015'
'036_013','037_009'
'036_014','037_007'
'036_015','037_017'
'036_016','037_018'
'036_017','037_020'
'036_018','037_019'
'036_018','037_022'
'036_019','037_021'
'036_020','037_013'
'036_021','037_016'
'036_022','037_012'
'037_001','038_016'
'037_002','038_153'
'037_003','038_004'
'037_004','038_005'
'037_005','038_002'
'037_006','038_003'
'037_007','038_008'
'037_008','038_015'
'037_009','038_006'
'037_010','038_012'
'037_011','038_010'
'037_012','038_013'
'037_013','038_009'
'037_014','038_023'
'037_014','038_024'
'037_015','038_007'
'037_016','038_022'
'037_017','038_014'
'037_018','038_017'
'037_019','038_011'
'037_020','038_018'
'037_021','038_020'
'037_022','038_021'
'037_023','038_001'
'038_001','039_015'
'038_002','039_005'
'038_003','039_001'
'038_004','039_003'
'038_005','039_002'
'038_006','039_013'
'038_007','039_006'
'038_008','039_011'
'038_009','039_017'
'038_010','039_016'
'038_011','039_023'
'038_012','039_008'
'038_013','039_007'
'038_014','039_018'
'038_015','039_004'
'038_016','039_012'
'038_017','039_019'
'038_018','039_021'
'038_020','039_009'
'038_021','039_022'
'038_022','039_014'
'038_023','039_020'
'038_024','039_010'
'038_153','039_024'
'039_001','040_004'
'039_002','040_002'
'039_003','040_003'
'039_004','040_005'
'039_005','040_001'
'039_006','040_012'
'039_007','040_007'
'039_008','040_010'
'039_009','040_018'
'039_010','040_015'
'039_011','040_006'
'039_012','040_023'
'039_013','040_008'
'039_014','040_022'
'039_015','040_020'
'039_016','040_013'
'039_017','040_009'
'039_018','040_019'
'039_019','040_011'
'039_020','040_017'
'039_021','040_016'
'039_022','040_021'
'039_023','040_014'
'039_024','040_024'
'040_001','041_017'
'040_002','041_001'
'040_003','041_015'
'040_004','041_023'
'040_004','041_025'
'040_005','041_003'
'040_006','041_004'
'040_007','041_002'
'040_008','041_013'
'040_009','041_019'
'040_010','041_005'
'040_011','041_010'
'040_012','041_007'
'040_013','041_006'
'040_014','041_009'
'040_015','041_024'
'040_016','041_018'
'040_017','041_012'
'040_018','041_011'
'040_019','041_014'
'040_020','041_020'
'040_020','041_026'
'040_021','041_008'
'040_022','041_021'
'040_023','041_016'
'040_024','041_022'
'041_001','042_001'
'041_002','042_014'
'041_003','042_002'
'041_004','042_013'
'041_005','042_007'
'041_006','042_003'
'041_007','042_006'
'041_008','042_020'
'041_009','042_012'
'041_010','042_010'
'041_011','042_009'
'041_012','042_015'
'041_013','042_005'
'041_014','042_008'
'041_015','042_022'
'041_016','042_018'
'041_017','042_024'
'041_018','042_019'
'041_019','042_011'
'041_020','042_026'
'041_021','042_017'
'041_022','042_023'
'041_023','042_025'
'041_024','042_004'
'041_025','042_016'
'041_026','042_021'
'042_001','043_001'
'042_002','043_020'
'042_003','043_012'
'042_004','043_004'
'042_005','043_015'
'042_006','043_018'
'042_007','043_005'
'042_008','043_009'
'042_009','043_016'
'042_010','043_006'
'042_011','043_017'
'042_012','043_019'
'042_013','043_010'
'042_014','043_011'
'042_015','043_021'
'042_016','043_008'
'042_017','043_007'
'042_018','043_026'
'042_019','043_013'
'042_020','043_014'
'042_021','043_022'
'042_022','043_027'
'042_022','043_028'
'042_023','043_002'
'042_024','043_024'
'042_024','043_025'
'042_025','043_023'
'042_026','043_003'
'043_001','044_001'
'043_002','044_013'
'043_003','044_002'
'043_004','044_022'
'043_005','044_006'
'043_006','044_003'
'043_007','044_017'
'043_008','044_012'
'043_009','044_011'
'043_010','044_018'
'043_011','044_010'
'043_012','044_005'
'043_013','044_016'
'043_014','044_019'
'043_015','044_007'
'043_016','044_020'
'043_017','044_004'
'043_018','044_008'
'043_019','044_009'
'043_020','044_023'
'043_021','044_025'
'043_022','044_014'
'043_023','044_021'
'043_024','044_024'
'043_025','044_027'
'043_026','044_015'
'043_027','044_026'
'043_028','044_028'
'044_001','045_004'
'044_002','045_001'
'044_003','045_009'
'044_004','045_002'
'044_005','045_007'
'044_006','045_003'
'044_007','045_005'
'044_008','045_013'
'044_009','045_021'
'044_010','045_012'
'044_011','045_026'
'044_012','045_006'
'044_013','045_025'
'044_014','045_011'
'044_015','045_016'
'044_016','045_020'
'044_017','045_019'
'044_018','045_008'
'044_019','045_014'
'044_020','045_018'
'044_021','045_010'
'044_022','045_015'
'044_023','045_028'
'044_023','045_029'
'044_024','045_017'
'044_025','045_022'
'044_026','045_024'
'044_027','045_027'
'044_028','045_023'
'045_001','046_014'
'045_002','046_010'
'045_003','046_002'
'045_004','046_001'
'045_005','046_004'
'045_006','046_019'
'045_007','046_003'
'045_008','046_015'
'045_009','046_023'
'045_010','046_012'
'045_011','046_006'
'045_012','046_005'
'045_013','046_008'
'045_014','046_007'
'045_015','046_024'
'045_016','046_016'
'045_017','046_020'
'045_018','046_018'
'045_019','046_017'
'045_020','046_009'
'045_021','046_021'
'045_022','046_011'
'045_023','046_026'
'045_024','046_025'
'045_025','046_013'
'045_026','046_022'
'045_027','046_028'
'045_028','046_029'
'045_029','046_027'
'046_001','047_001'
'046_002','047_014'
'046_003','047_008'
'046_004','047_011'
'046_005','047_023'
'046_006','047_002'
'046_007','047_004'
'046_008','047_018'
'046_009','047_012'
'046_010','047_005'
'046_011','047_007'
'046_012','047_026'
'046_013','047_028'
'046_014','047_025'
'046_015','047_006'
'046_016','047_020'
'046_017','047_013'
'046_018','047_015'
'046_019','047_010'
'046_020','047_021'
'046_021','047_019'
'046_022','047_003'
'046_023','047_022'
'046_024','047_016'
'046_025','047_009'
'046_026','047_017'
'046_027','047_029'
'046_028','047_027'
'046_029','047_024'
'047_001','048_002'
'047_002','048_008'
'047_003','048_015'
'047_004','048_006'
'047_005','048_009'
'047_006','048_023'
'047_007','048_027'
'047_008','048_022'
'047_009','048_011'
'047_010','048_019'
'047_011','048_013'
'047_012','048_014'
'047_013','048_016'
'047_014','048_017'
'047_015','048_018'
'047_016','048_005'
'047_017','048_010'
'047_018','048_003'
'047_019','048_004'
'047_020','048_020'
'047_021','048_024'
'047_022','048_012'
'047_023','048_001'
'047_024','048_028'
'047_025','048_007'
'047_026','048_021'
'047_027','048_025'
'047_028','048_026'
'047_029','048_029'
'048_001','049_012'
'048_002','049_001'
'048_003','049_004'
'048_004','049_024'
'048_005','049_021'
'048_006','049_022'
'048_007','049_002'
'048_008','049_003'
'048_009','049_010'
'048_010','049_014'
'048_011','049_026'
'048_012','049_008'
'048_013','049_005'
'048_014','049_016'
'048_015','049_019'
'048_016','049_023'
'048_017','049_006'
'048_018','049_018'
'048_019','049_011'
'048_020','049_015'
'048_021','049_009'
'048_022','049_007'
'048_023','049_013'
'048_024','049_017'
'048_025','049_028'
'048_026','049_020'
'048_027','049_025'
'048_028','049_027'
'048_029','049_029'
'049_001','050_002'
'049_002','050_026'
'049_003','050_023'
'049_004','050_006'
'049_005','050_008'
'049_006','050_007'
'049_007','050_020'
'049_008','050_003'
'049_009','050_017'
'049_010','050_005'
'049_011','050_004'
'049_012','050_001'
'049_013','050_028'
'049_014','050_018'
'049_015','050_029'
'049_016','050_013'
'049_017','050_015'
'049_018','050_021'
'049_019','050_012'
'049_020','050_009'
'049_021','050_010'
'049_022','050_022'
'049_023','050_024'
'049_024','050_025'
'049_025','050_011'
'049_026','050_016'
'049_027','050_027'
'049_028','050_014'
'049_029','050_019'
'050_001','051_004'
'050_002','051_154'
'050_003','051_024'
'050_004','051_003'
'050_005','051_006'
'050_006','051_002'
'050_007','051_023'
'050_008','051_005'
'050_009','051_008'
'050_010','051_029'
'050_011','051_022'
'050_012','051_007'
'050_013','051_014'
'050_014','051_020'
'050_015','051_025'
'050_016','051_017'
'050_017','051_019'
'050_018','051_018'
'050_019','051_028'
'050_020','051_012'
'050_021','051_013'
'050_022','051_016'
'050_023','051_001'
'050_024','051_009'
'050_025','051_011'
'050_026','051_027'
'050_027','051_021'
'050_028','051_010'
'050_029','051_015'
'051_001','052_013'
'051_002','052_018'
'051_003','052_019'
'051_004','052_020'
'051_005','052_010'
'051_006','052_012'
'051_007','052_007'
'051_008','052_027'
'051_009','052_008'
'051_010','052_002'
'051_011','052_003'
'051_012','052_016'
'051_013','052_011'
'051_014','052_014'
'051_015','052_015'
'051_016','052_006'
'051_017','052_021'
'051_018','052_009'
'051_019','052_017'
'051_020','052_028'
'051_021','052_026'
'051_022','052_005'
'051_023','052_023'
'051_024','052_004'
'051_025','052_022'
'051_027','052_001'
'051_028','052_024'
'051_029','052_025'
'051_154','052_029'
'051_154','052_030'
'052_001','053_002'
'052_002','053_001'
'052_003','053_010'
'052_004','053_008'
'052_005','053_025'
'052_006','053_017'
'052_007','053_014'
'052_008','053_009'
'052_009','053_020'
'052_010','053_004'
'052_011','053_021'
'052_012','053_012'
'052_013','053_013'
'052_014','053_005'
'052_015','053_016'
'052_016','053_006'
'052_017','053_028'
'052_018','053_003'
'052_019','053_022'
'052_020','053_011'
'052_021','053_026'
'052_022','053_007'
'052_023','053_015'
'052_024','053_027'
'052_025','053_029'
'052_026','053_018'
'052_027','053_019'
'052_028','053_023'
'052_029','053_024'
'052_030','053_030'
'053_001','054_018'
'053_002','054_001'
'053_003','054_019'
'053_004','054_010'
'053_005','054_024'
'053_006','054_013'
'053_007','054_023'
'053_008','054_022'
'053_009','054_008'
'053_010','054_015'
'053_011','054_002'
'053_012','054_003'
'053_013','054_007'
'053_014','054_026'
'053_015','054_014'
'053_016','054_027'
'053_017','054_006'
'053_018','054_021'
'053_019','054_005'
'053_020','054_016'
'053_021','054_009'
'053_022','054_011'
'053_023','054_004'
'053_024','054_025'
'053_025','054_030'
'053_026','054_017'
'053_027','054_029'
'053_028','054_012'
'053_029','054_020'
'053_030','054_028'
'054_001','055_003'
'054_002','055_001'
'054_003','055_005'
'054_004','055_019'
'054_005','055_017'
'054_006','055_009'
'054_007','055_002'
'054_008','055_011'
'054_009','055_008'
'054_010','055_007'
'054_011','055_020'
'054_012','055_013'
'054_013','055_010'
'054_014','055_004'
'054_015','055_006'
'054_016','055_012'
'054_017','055_016'
'054_018','055_024'
'054_019','055_015'
'054_020','055_025'
'054_021','055_022'
'054_022','055_018'
'054_023','055_014'
'054_024','055_026'
'054_025','055_030'
'054_026','055_029'
'054_027','055_023'
'054_028','055_028'
'054_029','055_027'
'054_030','055_021'
'055_001','056_016'
'055_002','056_027'
'055_003','056_012'
'055_004','056_017'
'055_005','056_022'
'055_006','056_002'
'055_007','056_015'
'055_008','056_005'
'055_009','056_006'
'055_010','056_003'
'055_011','056_028'
'055_012','056_020'
'055_013','056_010'
'055_014','056_013'
'055_015','056_004'
'055_016','056_001'
'055_017','056_029'
'055_018','056_018'
'055_019','056_025'
'055_020','056_011'
'055_021','056_014'
'055_022','056_023'
'055_023','056_019'
'055_024','056_009'
'055_025','056_007'
'055_026','056_021'
'055_027','056_026'
'055_028','056_024'
'055_029','056_008'
'055_030','056_030'
'056_001','057_006'
'056_002','057_018'
'056_003','057_009'
'056_004','057_019'
'056_005','057_011'
'056_006','057_012'
'056_007','057_025'
'056_008','057_021'
'056_009','057_004'
'056_010','057_027'
'056_011','057_002'
'056_012','057_005'
'056_013','057_013'
'056_014','057_024'
'056_015','057_008'
'056_016','057_001'
'056_017','057_007'
'056_018','057_017'
'056_019','057_030'
'056_020','057_022'
'056_021','057_026'
'056_022','057_003'
'056_023','057_028'
'056_024','057_016'
'056_025','057_020'
'056_026','057_023'
'056_027','057_015'
'056_028','057_029'
'056_029','057_010'
'056_030','057_014'
'057_001','058_001'
'057_002','058_006'
'057_003','058_003'
'057_004','058_015'
'057_005','058_012'
'057_006','058_014'
'057_007','058_005'
'057_008','058_002'
'057_009','058_019'
'057_010','058_007'
'057_011','058_004'
'057_012','058_021'
'057_013','058_029'
'057_014','058_011'
'057_015','058_013'
'057_016','058_030'
'057_017','058_023'
'057_018','058_022'
'057_019','058_024'
'057_020','058_010'
'057_021','058_008'
'057_022','058_017'
'057_023','058_025'
'057_024','058_009'
'057_025','058_020'
'057_026','058_027'
'057_027','058_018'
'057_028','058_016'
'057_029','058_026'
'057_030','058_028'
'058_001','059_028'
'058_002','059_008'
'058_003','059_007'
'058_004','059_015'
'058_005','059_001'
'058_006','059_002'
'058_007','059_026'
'058_008','059_014'
'058_009','059_024'
'058_010','059_029'
'058_011','059_021'
'058_012','059_003'
'058_013','059_011'
'058_014','059_023'
'058_015','059_005'
'058_016','059_016'
'058_017','059_017'
'058_018','059_012'
'058_019','059_009'
'058_020','059_010'
'058_021','059_030'
'058_022','059_006'
'058_023','059_013'
'058_024','059_019'
'058_025','059_022'
'058_026','059_018'
'058_027','059_025'
'058_028','059_020'
'058_029','059_004'
'058_030','059_027'
'059_001','060_003'
'059_002','060_013'
'059_003','060_001'
'059_004','060_020'
'059_005','060_009'
'059_006','060_026'
'059_007','060_002'
'059_008','060_007'
'059_009','060_016'
'059_010','060_027'
'059_011','060_018'
'059_012','060_025'
'059_013','060_005'
'059_014','060_006'
'059_015','060_023'
'059_016','060_022'
'059_017','060_008'
'059_018','060_011'
'059_019','060_024'
'059_020','060_029'
'059_021','060_021'
'059_022','060_017'
'059_023','060_019'
'059_024','060_030'
'059_025','060_014'
'059_026','060_015'
'059_027','060_028'
'059_028','060_004'
'059_029','060_012'
'059_030','060_010'
'060_001','061_001'
'060_002','061_004'
'060_003','061_012'
'060_004','061_002'
'060_005','061_019'
'060_006','061_026'
'060_007','061_008'
'060_008','061_006'
'060_009','061_017'
'060_010','061_022'
'060_011','061_014'
'060_012','061_016'
'060_013','061_013'
'060_014','061_021'
'060_015','061_005'
'060_016','061_011'
'060_017','061_025'
'060_018','061_009'
'060_019','061_003'
'060_020','061_028'
'060_021','061_020'
'060_022','061_027'
'060_023','061_018'
'060_024','061_007'
'060_025','061_015'
'060_026','061_023'
'060_027','061_029'
'060_028','061_024'
'060_029','061_030'
'060_030','061_010'
'061_001','062_001'
'061_002','062_014'
'061_003','062_019'
'061_004','062_003'
'061_005','062_005'
'061_006','062_010'
'061_007','062_007'
'061_008','062_008'
'061_009','062_012'
'061_010','062_028'
'061_011','062_011'
'061_012','062_025'
'061_013','062_026'
'061_014','062_006'
'061_015','062_021'
'061_016','062_024'
'061_017','062_027'
'061_018','062_017'
'061_019','062_023'
'061_020','062_022'
'061_021','062_009'
'061_022','062_004'
'061_023','062_013'
'061_024','062_002'
'061_025','062_020'
'061_026','062_029'
'061_027','062_018'
'061_028','062_015'
'061_029','062_016'
'061_030','062_030'
'062_001','063_006'
'062_002','063_009'
'062_003','063_002'
'062_004','063_013'
'062_005','063_026'
'062_006','063_010'
'062_007','063_008'
'062_008','063_015'
'062_009','063_019'
'062_010','063_005'
'062_011','063_007'
'062_012','063_001'
'062_013','063_004'
'062_014','063_016'
'062_015','063_011'
'062_016','063_029'
'062_017','063_014'
'062_018','063_017'
'062_019','063_003'
'062_020','063_028'
'062_021','063_025'
'062_022','063_018'
'062_023','063_012'
'062_024','063_027'
'062_025','063_024'
'062_026','063_022'
'062_027','063_023'
'062_028','063_020'
'062_029','063_021'
'062_030','063_030'
'063_001','064_008'
'063_002','064_015'
'063_003','064_022'
'063_004','064_005'
'063_005','064_001'
'063_006','064_002'
'063_007','064_011'
'063_008','064_007'
'063_009','064_013'
'063_010','064_014'
'063_011','064_026'
'063_012','064_010'
'063_013','064_003'
'063_014','064_004'
'063_015','064_009'
'063_016','064_020'
'063_017','064_021'
'063_018','064_012'
'063_019','064_019'
'063_020','064_027'
'063_021','064_016'
'063_022','064_006'
'063_023','064_028'
'063_024','064_017'
'063_025','064_023'
'063_026','064_025'
'063_027','064_024'
'063_028','064_018'
'063_029','064_030'
'063_030','064_029'
'064_001','065_013'
'064_002','065_030'
'064_003','065_022'
'064_004','065_023'
'064_005','065_027'
'064_006','065_002'
'064_007','065_006'
'064_008','065_016'
'064_009','065_020'
'064_010','065_026'
'064_011','065_004'
'064_012','065_007'
'064_013','065_010'
'064_014','065_012'
'064_015','065_025'
'064_016','065_017'
'064_017','065_001'
'064_018','065_021'
'064_019','065_015'
'064_020','065_019'
'064_021','065_018'
'064_022','065_014'
'064_023','065_003'
'064_024','065_011'
'064_025','065_029'
'064_026','065_009'
'064_027','065_024'
'064_028','065_005'
'064_029','065_028'
'064_030','065_008'
'065_001','066_002'
'065_002','066_016'
'065_003','066_005'
'065_004','066_015'
'065_005','066_018'
'065_006','066_006'
'065_007','066_013'
'065_008','066_014'
'065_009','066_009'
'065_010','066_019'
'065_011','066_008'
'065_012','066_003'
'065_013','066_001'
'065_014','066_011'
'065_015','066_025'
'065_016','066_030'
'065_017','066_020'
'065_018','066_027'
'065_019','066_012'
'065_020','066_007'
'065_021','066_004'
'065_022','066_023'
'065_023','066_017'
'065_024','066_026'
'065_025','066_010'
'065_026','066_021'
'065_027','066_028'
'065_028','066_022'
'065_029','066_024'
'065_030','066_029'
'066_001','067_012'
'066_002','067_016'
'066_003','067_011'
'066_004','067_009'
'066_005','067_024'
'066_006','067_014'
'066_007','067_008'
'066_008','067_020'
'066_009','067_022'
'066_010','067_002'
'066_011','067_007'
'066_012','067_017'
'066_013','067_023'
'066_014','067_003'
'066_015','067_026'
'066_016','067_021'
'066_017','067_004'
'066_018','067_005'
'066_019','067_013'
'066_020','067_019'
'066_021','067_015'
'066_022','067_028'
'066_023','067_001'
'066_024','067_018'
'066_025','067_027'
'066_026','067_006'
'066_027','067_025'
'066_028','067_010'
'066_029','067_030'
'066_030','067_029'
'067_001','068_003'
'067_002','068_007'
'067_003','068_016'
'067_004','068_019'
'067_005','068_002'
'067_006','068_018'
'067_007','068_012'
'067_008','068_030'
'067_009','068_015'
'067_010','068_026'
'067_011','068_017'
'067_012','068_008'
'067_013','068_011'
'067_014','068_009'
'067_015','068_004'
'067_016','068_021'
'067_017','068_023'
'067_018','068_014'
'067_019','068_006'
'067_020','068_028'
'067_021','068_024'
'067_022','068_022'
'067_023','068_010'
'067_024','068_025'
'067_025','068_013'
'067_026','068_005'
'067_027','068_020'
'067_028','068_027'
'067_029','068_029'
'067_030','068_001'
'068_001','069_030'
'068_002','069_020'
'068_003','069_010'
'068_004','069_028'
'068_005','069_008'
'068_006','069_026'
'068_007','069_002'
'068_008','069_024'
'068_009','069_001'
'068_010','069_004'
'068_011','069_012'
'068_012','069_013'
'068_013','069_022'
'068_014','069_011'
'068_015','069_021'
'068_016','069_029'
'068_017','069_016'
'068_018','069_014'
'068_019','069_009'
'068_020','069_015'
'068_021','069_006'
'068_022','069_025'
'068_023','069_005'
'068_024','069_003'
'068_025','069_007'
'068_026','069_018'
'068_027','069_019'
'068_028','069_023'
'068_029','069_017'
'068_030','069_027'
'069_001','070_013'
'069_002','070_012'
'069_003','070_010'
'069_004','070_019'
'069_005','070_020'
'069_006','070_017'
'069_007','070_011'
'069_008','070_015'
'069_009','070_016'
'069_010','070_007'
'069_011','070_003'
'069_012','070_004'
'069_013','070_005'
'069_014','070_001'
'069_015','070_014'
'069_016','070_008'
'069_017','070_027'
'069_018','070_022'
'069_019','070_028'
'069_020','070_002'
'069_021','070_025'
'069_022','070_021'
'069_023','070_018'
'069_024','070_009'
'069_025','070_024'
'069_026','070_006'
'069_027','070_023'
'069_027','070_029'
'069_028','070_030'
'069_029','070_026'
'069_030','070_031'
'070_001','071_025'
'070_002','071_027'
'070_003','071_007'
'070_004','071_021'
'070_005','071_020'
'070_006','071_010'
'070_007','071_012'
'070_008','071_019'
'070_009','071_001'
'070_010','071_018'
'070_011','071_006'
'070_012','071_009'
'070_013','071_017'
'070_014','071_011'
'070_015','071_014'
'070_016','071_013'
'070_017','071_028'
'070_018','071_005'
'070_019','071_015'
'070_020','071_002'
'070_021','071_023'
'070_022','071_016'
'070_023','071_030'
'070_024','071_004'
'070_025','071_026'
'070_026','071_032'
'070_027','071_003'
'070_028','071_022'
'070_029','071_024'
'070_030','071_029'
'070_030','071_031'
'070_031','071_008'
'071_001','072_003'
'071_002','072_004'
'071_003','072_009'
'071_004','072_024'
'071_005','072_015'
'071_006','072_014'
'071_007','072_018'
'071_008','072_031'
'071_009','072_030'
'071_010','072_013'
'071_011','072_008'
'071_012','072_023'
'071_013','072_007'
'071_014','072_002'
'071_015','072_022'
'071_016','072_001'
'071_017','072_021'
'071_018','072_010'
'071_019','072_011'
'071_020','072_005'
'071_021','072_012'
'071_022','072_017'
'071_023','072_020'
'071_024','072_032'
'071_025','072_016'
'071_026','072_026'
'071_027','072_025'
'071_027','072_029'
'071_028','072_006'
'071_029','072_027'
'071_030','072_033'
'071_031','072_019'
'071_032','072_028'
'072_001','073_155'
'072_002','073_020'
'072_003','073_007'
'072_004','073_027'
'072_005','073_011'
'072_006','073_010'
'072_007','073_018'
'072_008','073_016'
'072_009','073_009'
'072_010','073_006'
'072_011','073_001'
'072_012','073_012'
'072_013','073_015'
'072_014','073_014'
'072_015','073_003'
'072_016','073_022'
'072_017','073_021'
'072_018','073_025'
'072_019','073_019'
'072_020','073_002'
'072_021','073_017'
'072_022','073_008'
'072_023','073_005'
'072_024','073_023'
'072_025','073_024'
'072_026','073_013'
'072_027','073_156'
'072_028','073_030'
'072_029','073_032'
'072_030','073_031'
'072_030','073_033'
'072_031','073_028'
'072_032','073_029'
'072_033','073_026'
'073_001','074_007'
'073_002','074_017'
'073_003','074_019'
'073_005','074_022'
'073_006','074_003'
'073_007','074_023'
'073_008','074_006'
'073_009','074_021'
'073_010','074_002'
'073_011','074_004'
'073_012','074_005'
'073_013','074_012'
'073_014','074_013'
'073_015','074_010'
'073_016','074_018'
'073_017','074_030'
'073_018','074_015'
'073_019','074_025'
'073_020','074_009'
'073_021','074_024'
'073_022','074_014'
'073_023','074_033'
'073_024','074_029'
'073_025','074_016'
'073_026','074_020'
'073_027','074_011'
'073_028','074_001'
'073_029','074_032'
'073_030','074_031'
'073_031','074_026'
'073_032','074_027'
'073_033','074_028'
'073_155','074_008'
'073_156','074_034'
'074_001','075_020'
'074_002','075_005'
'074_003','075_011'
'074_004','075_007'
'074_005','075_009'
'074_006','075_013'
'074_007','075_008'
'074_008','075_023'
'074_009','075_002'
'074_010','075_010'
'074_011','075_001'
'074_012','075_027'
'074_013','075_024'
'074_014','075_019'
'074_015','075_014'
'074_016','075_018'
'074_017','075_021'
'074_018','075_012'
'074_019','075_003'
'074_020','075_015'
'074_021','075_004'
'074_022','075_025'
'074_023','075_006'
'074_024','075_032'
'074_025','075_026'
'074_026','075_031'
'074_027','075_033'
'074_028','075_022'
'074_029','075_030'
'074_030','075_029'
'074_031','075_034'
'074_032','075_017'
'074_033','075_016'
'074_034','075_028'
'075_001','076_034'
'075_002','076_001'
'075_003','076_019'
'075_004','076_020'
'075_005','076_005'
'075_006','076_028'
'075_007','076_007'
'075_008','076_002'
'075_009','076_017'
'075_010','076_011'
'075_011','076_003'
'075_012','076_006'
'075_013','076_018'
'075_014','076_009'
'075_015','076_016'
'075_016','076_026'
'075_017','076_025'
'075_018','076_033'
'075_019','076_004'
'075_020','076_157'
'075_021','076_012'
'075_022','076_014'
'075_023','076_015'
'075_024','076_013'
'075_025','076_008'
'075_026','076_022'
'075_027','076_010'
'075_028','076_030'
'075_029','076_029'
'075_029','076_032'
'075_030','076_027'
'075_031','076_021'
'075_032','076_023'
'075_033','076_031'
'075_034','076_024'
'076_001','077_009'
'076_002','077_003'
'076_003','077_007'
'076_004','077_006'
'076_005','077_031'
'076_006','077_004'
'076_007','077_002'
'076_008','077_008'
'076_009','077_013'
'076_010','077_017'
'076_011','077_005'
'076_012','077_014'
'076_013','077_011'
'076_014','077_020'
'076_015','077_012'
'076_016','077_018'
'076_017','077_022'
'076_018','077_010'
'076_019','077_023'
'076_020','077_021'
'076_021','077_025'
'076_022','077_015'
'076_023','077_034'
'076_024','077_001'
'076_025','077_036'
'076_026','077_026'
'076_027','077_024'
'076_028','077_027'
'076_029','077_032'
'076_030','077_016'
'076_031','077_019'
'076_032','077_033'
'076_033','077_035'
'076_034','077_028'
'076_034','077_029'
'076_157','077_158'
'077_001','078_007'
'077_002','078_001'
'077_003','078_004'
'077_004','078_031'
'077_005','078_003'
'077_006','078_014'
'077_007','078_020'
'077_008','078_008'
'077_009','078_005'
'077_010','078_017'
'077_011','078_018'
'077_012','078_006'
'077_013','078_023'
'077_014','078_012'
'077_015','078_015'
'077_016','078_024'
'077_017','078_033'
'077_018','078_022'
'077_019','078_002'
'077_020','078_028'
'077_021','078_034'
'077_022','078_032'
'077_023','078_010'
'077_024','078_025'
'077_025','078_029'
'077_026','078_016'
'077_027','078_009'
'077_028','078_013'
'077_029','078_030'
'077_031','078_019'
'077_032','078_026'
'077_033','078_027'
'077_034','078_036'
'077_035','078_021'
'077_036','078_011'
'077_158','078_159'
'078_001','079_017'
'078_002','079_037'
'078_003','079_012'
'078_004','079_006'
'078_005','079_016'
'078_006','079_004'
'078_007','079_036'
'078_008','079_005'
'078_009','079_002'
'078_010','079_003'
'078_011','079_033'
'078_012','079_011'
'078_013','079_027'
'078_014','079_009'
'078_015','079_022'
'078_016','079_008'
'078_017','079_021'
'078_018','079_015'
'078_019','079_019'
'078_019','079_028'
'078_020','079_010'
'078_021','079_031'
'078_022','079_029'
'078_023','079_032'
'078_024','079_034'
'078_025','079_014'
'078_026','079_023'
'078_027','079_026'
'078_028','079_020'
'078_029','079_030'
'078_030','079_024'
'078_031','079_018'
'078_032','079_035'
'078_033','079_025'
'078_034','079_001'
'078_036','079_013'
'078_159','079_007'
'079_001','080_035'
'079_002','080_019'
'079_003','080_018'
'079_004','080_005'
'079_005','080_006'
'079_006','080_003'
'079_007','080_015'
'079_008','080_036'
'079_009','080_001'
'079_010','080_007'
'079_011','080_009'
'079_012','080_002'
'079_013','080_026'
'079_014','080_011'
'079_015','080_016'
'079_016','080_004'
'079_017','080_012'
'079_018','080_024'
'079_019','080_014'
'079_020','080_023'
'079_021','080_008'
'079_022','080_028'
'079_023','080_033'
'079_024','080_034'
'079_025','080_010'
'079_026','080_032'
'079_027','080_031'
'079_028','080_030'
'079_029','080_029'
'079_030','080_013'
'079_031','080_017'
'079_032','080_021'
'079_033','080_037'
'079_034','080_022'
'079_035','080_027'
'079_036','080_038'
'079_037','080_020'
'080_001','081_160'
'080_002','081_037'
'080_003','081_022'
'080_004','081_002'
'080_005','081_008'
'080_006','081_026'
'080_007','081_009'
'080_008','081_005'
'080_009','081_161'
'080_010','081_010'
'080_011','081_019'
'080_012','081_013'
'080_013','081_031'
'080_014','081_029'
'080_015','081_001'
'080_016','081_006'
'080_017','081_007'
'080_018','081_018'
'080_019','081_032'
'080_020','081_014'
'080_021','081_035'
'080_021','081_036'
'080_022','081_021'
'080_023','081_017'
'080_024','081_015'
'080_026','081_004'
'080_027','081_003'
'080_028','081_012'
'080_029','081_020'
'080_030','081_027'
'080_031','081_028'
'080_032','081_024'
'080_033','081_025'
'080_034','081_016'
'080_035','081_030'
'080_036','081_033'
'080_037','081_023'
'080_038','081_034'
'081_001','082_165'
'081_002','082_006'
'081_003','082_012'
'081_004','082_007'
'081_005','082_163'
'081_006','082_004'
'081_007','082_035'
'081_007','082_041'
'081_008','082_022'
'081_009','082_025'
'081_010','082_015'
'081_012','082_014'
'081_013','082_011'
'081_014','082_026'
'081_015','082_029'
'081_016','082_001'
'081_017','082_002'
'081_018','082_021'
'081_019','082_027'
'081_020','082_016'
'081_021','082_023'
'081_022','082_005'
'081_023','082_020'
'081_024','082_019'
'081_025','082_013'
'081_026','082_008'
'081_027','082_162'
'081_028','082_009'
'081_029','082_031'
'081_030','082_164'
'081_031','082_017'
'081_032','082_024'
'081_033','082_030'
'081_034','082_028'
'081_035','082_018'
'081_036','082_038'
'081_037','082_033'
'081_037','082_036'
'081_160','082_003'
'081_161','082_034'
'082_001','083_017'
'082_002','083_014'
'082_003','083_003'
'082_004','083_010'
'082_005','083_001'
'082_006','083_016'
'082_007','083_012'
'082_008','083_005'
'082_009','083_004'
'082_011','083_021'
'082_012','083_008'
'082_013','083_018'
'082_014','083_006'
'082_015','083_020'
'082_016','083_007'
'082_017','083_024'
'082_018','083_015'
'082_019','083_030'
'082_020','083_035'
'082_021','083_019'
'082_022','083_009'
'082_023','083_029'
'082_024','083_028'
'082_025','083_039'
'082_026','083_026'
'082_027','083_022'
'082_028','083_040'
'082_029','083_032'
'082_029','083_038'
'082_030','083_037'
'082_031','083_027'
'082_033','083_025'
'082_034','083_036'
'082_035','083_033'
'082_036','083_013'
'082_038','083_031'
'082_041','083_034'
'082_162','083_167'
'082_163','083_166'
'082_164','083_002'
'082_165','083_023'
'083_001','084_003'
'083_002','084_001'
'083_003','084_022'
'083_004','084_027'
'083_005','084_015'
'083_006','084_013'
'083_007','084_014'
'083_008','084_002'
'083_009','084_005'
'083_010','084_008'
'083_012','084_033'
'083_013','084_031'
'083_014','084_035'
'083_015','084_039'
'083_016','084_029'
'083_017','084_017'
'083_018','084_036'
'083_019','084_004'
'083_020','084_020'
'083_021','084_009'
'083_022','084_012'
'083_023','084_007'
'083_024','084_011'
'083_025','084_019'
'083_026','084_016'
'083_027','084_034'
'083_028','084_006'
'083_029','084_028'
'083_030','084_025'
'083_031','084_038'
'083_032','084_030'
'083_033','084_041'
'083_034','084_042'
'083_035','084_018'
'083_036','084_032'
'083_037','084_044'
'083_038','084_024'
'083_039','084_023'
'083_039','084_037'
'083_040','084_040'
'083_040','084_043'
'083_166','084_010'
'083_167','084_026'
'084_001','085_044'
'084_002','085_006'
'084_003','085_018'
'084_004','085_020'
'084_005','085_008'
'084_006','085_017'
'084_007','085_034'
'084_008','085_003'
'084_009','085_012'
'084_010','085_002'
'084_011','085_010'
'084_012','085_024'
'084_013','085_025'
'084_014','085_021'
'084_015','085_005'
'084_016','085_028'
'084_017','085_032'
'084_018','085_037'
'084_019','085_013'
'084_020','085_011'
'084_022','085_007'
'084_023','085_014'
'084_024','085_016'
'084_025','085_022'
'084_026','085_043'
'084_027','085_033'
'084_028','085_030'
'084_029','085_026'
'084_029','085_169'
'084_030','085_036'
'084_031','085_031'
'084_032','085_027'
'084_033','085_038'
'084_034','085_040'
'084_035','085_029'
'084_036','085_041'
'084_037','085_035'
'084_038','085_168'
'084_039','085_023'
'084_040','085_042'
'084_041','085_019'
'084_042','085_039'
'084_043','085_009'
'084_044','085_015'
'085_002','086_170'
'085_003','086_002'
'085_005','086_015'
'085_006','086_012'
'085_007','086_001'
'085_008','086_006'
'085_009','086_016'
'085_010','086_032'
'085_011','086_007'
'085_012','086_005'
'085_013','086_036'
'085_014','086_019'
'085_015','086_009'
'085_016','086_028'
'085_017','086_029'
'085_018','086_033'
'085_019','086_037'
'085_020','086_030'
'085_021','086_010'
'085_022','086_025'
'085_023','086_011'
'085_024','086_023'
'085_025','086_013'
'085_026','086_038'
'085_027','086_031'
'085_028','086_040'
'085_029','086_027'
'085_030','086_021'
'085_031','086_034'
'085_032','086_003'
'085_033','086_022'
'085_034','086_026'
'085_035','086_039'
'085_036','086_024'
'085_037','086_035'
'085_038','086_041'
'085_039','086_043'
'085_040','086_042'
'085_041','086_020'
'085_042','086_017'
'085_043','086_018'
'085_044','086_004'
'085_168','086_044'
'085_169','086_014'
'086_001','087_046'
'086_002','087_006'
'086_003','087_020'
'086_004','087_001'
'086_005','087_002'
'086_006','087_013'
'086_007','087_009'
'086_009','087_021'
'086_010','087_018'
'086_011','087_036'
'086_012','087_045'
'086_013','087_004'
'086_014','087_014'
'086_015','087_017'
'086_016','087_038'
'086_017','087_028'
'086_018','087_011'
'086_019','087_027'
'086_020','087_025'
'086_021','087_012'
'086_022','087_034'
'086_023','087_007'
'086_024','087_030'
'086_025','087_024'
'086_026','087_171'
'086_027','087_032'
'086_028','087_016'
'086_029','087_005'
'086_030','087_003'
'086_031','087_008'
'086_032','087_010'
'086_033','087_031'
'086_033','087_035'
'086_034','087_043'
'086_035','087_022'
'086_036','087_023'
'086_037','087_048'
'086_038','087_029'
'086_039','087_015'
'086_040','087_026'
'086_041','087_039'
'086_041','087_044'
'086_042','087_041'
'086_043','087_040'
'086_044','087_037'
'086_170','087_033'
'087_001','088_001'
'087_002','088_008'
'087_003','088_002'
'087_004','088_003'
'087_005','088_010'
'087_006','088_016'
'087_007','088_009'
'087_008','088_007'
'087_009','088_033'
'087_010','088_004'
'087_011','088_025'
'087_012','088_006'
'087_013','088_038'
'087_014','088_012'
'087_015','088_030'
'087_016','088_011'
'087_017','088_014'
'087_018','088_024'
'087_020','088_043'
'087_021','088_036'
'087_022','088_013'
'087_023','088_023'
'087_024','088_017'
'087_025','088_027'
'087_026','088_042'
'087_027','088_039'
'087_028','088_046'
'087_029','088_022'
'087_030','088_032'
'087_031','088_015'
'087_032','088_029'
'087_033','088_018'
'087_034','088_020'
'087_035','088_037'
'087_036','088_034'
'087_037','088_019'
'087_038','088_031'
'087_039','088_026'
'087_040','088_040'
'087_041','088_045'
'087_043','088_028'
'087_044','088_035'
'087_045','088_044'
'087_046','088_005'
'087_048','088_041'
'087_171','088_021'
'088_001','089_001'
'088_002','089_172'
'088_003','089_018'
'088_004','089_015'
'088_005','089_030'
'088_005','089_037'
'088_006','089_028'
'088_007','089_021'
'088_008','089_040'
'088_008','089_335'
'088_009','089_022'
'088_010','089_039'
'088_010','089_334'
'088_011','089_029'
'088_012','089_006'
'088_013','089_049'
'088_014','089_003'
'088_015','089_013'
'088_016','089_004'
'088_017','089_024'
'088_018','089_016'
'088_019','089_025'
'088_020','089_041'
'088_021','089_034'
'088_022','089_032'
'088_023','089_036'
'088_024','089_007'
'088_025','089_010'
'088_026','089_031'
'088_027','089_014'
'088_028','089_011'
'088_029','089_043'
'088_030','089_020'
'088_031','089_033'
'088_032','089_027'
'088_033','089_009'
'088_034','089_005'
'088_035','089_038'
'088_036','089_017'
'088_036','089_019'
'088_037','089_023'
'088_038','089_044'
'088_038','089_046'
'088_039','089_026'
'088_040','089_048'
'088_041','089_045'
'088_042','089_012'
'088_043','089_035'
'088_044','089_002'
'088_045','089_050'
'088_046','089_047'
'089_001','090_044'
'089_002','090_040'
'089_003','090_045'
'089_003','090_050'
'089_004','090_037'
'089_005','090_026'
'089_006','090_032'
'089_007','090_016'
'089_009','090_002'
'089_010','090_033'
'089_011','090_013'
'089_012','090_052'
'089_013','090_015'
'089_014','090_020'
'089_015','090_039'
'089_016','090_003'
'089_017','090_031'
'089_018','090_017'
'089_019','090_022'
'089_020','090_024'
'089_021','090_006'
'089_022','090_023'
'089_023','090_008'
'089_024','090_021'
'089_025','090_018'
'089_026','090_030'
'089_027','090_048'
'089_028','090_035'
'089_029','090_005'
'089_030','090_051'
'089_031','090_038'
'089_032','090_028'
'089_033','090_042'
'089_034','090_001'
'089_034','090_014'
'089_035','090_009'
'089_036','090_025'
'089_037','090_049'
'089_038','090_019'
'089_039','090_027'
'089_040','090_046'
'089_041','090_004'
'089_043','090_011'
'089_044','090_043'
'089_045','090_053'
'089_046','090_047'
'089_047','090_036'
'089_048','090_010'
'089_049','090_041'
'089_050','090_029'
'089_172','090_012'
'089_334','090_007'
'089_335','090_034'
'090_001','091_037'
'090_002','091_033'
'090_003','091_050'
'090_004','091_001'
'090_005','091_013'
'090_006','091_007'
'090_007','091_047'
'090_008','091_006'
'090_009','091_004'
'090_010','091_029'
'090_011','091_010'
'090_012','091_032'
'090_013','091_011'
'090_014','091_017'
'090_015','091_015'
'090_016','091_014'
'090_017','091_018'
'090_018','091_016'
'090_019','091_025'
'090_020','091_027'
'090_021','091_038'
'090_022','091_045'
'090_023','091_035'
'090_024','091_022'
'090_025','091_024'
'090_026','091_020'
'090_027','091_023'
'090_028','091_008'
'090_029','091_036'
'090_030','091_031'
'090_031','091_051'
'090_032','091_009'
'090_033','091_012'
'090_034','091_028'
'090_035','091_002'
'090_036','091_041'
'090_037','091_049'
'090_037','091_053'
'090_038','091_054'
'090_039','091_039'
'090_040','091_003'
'090_041','091_042'
'090_042','091_046'
'090_043','091_052'
'090_044','091_043'
'090_045','091_040'
'090_046','091_026'
'090_047','091_021'
'090_048','091_030'
'090_049','091_019'
'090_050','091_034'
'090_051','091_005'
'090_052','091_044'
'090_053','091_048'
'091_001','092_039'
'091_002','092_021'
'091_003','092_052'
'091_004','092_037'
'091_005','092_177'
'091_006','092_027'
'091_007','092_030'
'091_008','092_007'
'091_009','092_017'
'091_010','092_043'
'091_011','092_018'
'091_012','092_022'
'091_013','092_020'
'091_014','092_175'
'091_015','092_005'
'091_016','092_014'
'091_017','092_051'
'091_018','092_004'
'091_019','092_048'
'091_020','092_013'
'091_021','092_047'
'091_022','092_042'
'091_023','092_016'
'091_024','092_173'
'091_025','092_049'
'091_026','092_035'
'091_027','092_174'
'091_028','092_011'
'091_029','092_050'
'091_030','092_025'
'091_031','092_033'
'091_032','092_028'
'091_033','092_176'
'091_034','092_023'
'091_035','092_008'
'091_036','092_002'
'091_037','092_044'
'091_038','092_029'
'091_039','092_041'
'091_040','092_034'
'091_041','092_024'
'091_042','092_040'
'091_043','092_015'
'091_044','092_010'
'091_045','092_026'
'091_046','092_019'
'091_047','092_006'
'091_048','092_012'
'091_049','092_038'
'091_050','092_046'
'091_051','092_045'
'091_052','092_032'
'091_053','092_036'
'091_054','092_031'
'092_002','093_033'
'092_004','093_021'
'092_005','093_007'
'092_006','093_002'
'092_007','093_019'
'092_008','093_017'
'092_010','093_053'
'092_011','093_008'
'092_012','093_054'
'092_013','093_037'
'092_014','093_040'
'092_015','093_032'
'092_016','093_004'
'092_017','093_025'
'092_018','093_043'
'092_019','093_045'
'092_020','093_005'
'092_021','093_027'
'092_022','093_006'
'092_023','093_035'
'092_024','093_047'
'092_025','093_012'
'092_026','093_044'
'092_027','093_034'
'092_028','093_001'
'092_029','093_029'
'092_030','093_038'
'092_031','093_049'
'092_032','093_028'
'092_033','093_041'
'092_034','093_031'
'092_035','093_048'
'092_036','093_009'
'092_037','093_042'
'092_038','093_050'
'092_039','093_039'
'092_040','093_011'
'092_041','093_003'
'092_042','093_020'
'092_043','093_052'
'092_044','093_014'
'092_045','093_024'
'092_046','093_013'
'092_047','093_023'
'092_048','093_016'
'092_049','093_036'
'092_050','093_051'
'092_051','093_030'
'092_052','093_046'
'092_173','093_026'
'092_174','093_022'
'092_175','093_010'
'092_176','093_018'
'092_177','093_015'
'093_001','094_003'
'093_002','094_014'
'093_003','094_009'
'093_004','094_002'
'093_005','094_021'
'093_006','094_010'
'093_007','094_012'
'093_008','094_018'
'093_009','094_008'
'093_010','094_025'
'093_011','094_024'
'093_012','094_005'
'093_013','094_022'
'093_014','094_046'
'093_015','094_017'
'093_016','094_027'
'093_017','094_040'
'093_018','094_033'
'093_019','094_019'
'093_020','094_035'
'093_021','094_179'
'093_022','094_048'
'093_023','094_007'
'093_024','094_034'
'093_025','094_015'
'093_026','094_037'
'093_027','094_016'
'093_028','094_011'
'093_029','094_038'
'093_030','094_036'
'093_031','094_020'
'093_032','094_006'
'093_033','094_047'
'093_034','094_023'
'093_035','094_031'
'093_036','094_043'
'093_037','094_028'
'093_038','094_045'
'093_039','094_178'
'093_040','094_032'
'093_041','094_029'
'093_042','094_039'
'093_043','094_013'
'093_044','094_042'
'093_045','094_041'
'093_046','094_001'
'093_047','094_049'
'093_048','094_044'
'093_049','094_051'
'093_050','094_053'
'093_051','094_052'
'093_052','094_026'
'093_053','094_054'
'093_054','094_050'
'094_001','095_001'
'094_002','095_010'
'094_003','095_054'
'094_005','095_029'
'094_006','095_003'
'094_006','095_038'
'094_007','095_024'
'094_008','095_025'
'094_009','095_027'
'094_010','095_022'
'094_011','095_021'
'094_012','095_019'
'094_013','095_041'
'094_014','095_048'
'094_015','095_180'
'094_016','095_037'
'094_017','095_031'
'094_018','095_030'
'094_019','095_043'
'094_020','095_032'
'094_021','095_035'
'094_022','095_015'
'094_023','095_007'
'094_024','095_052'
'094_025','095_006'
'094_026','095_047'
'094_027','095_034'
'094_028','095_011'
'094_029','095_008'
'094_031','095_018'
'094_032','095_012'
'094_033','095_004'
'094_034','095_050'
'094_035','095_033'
'094_036','095_002'
'094_037','095_039'
'094_038','095_017'
'094_039','095_005'
'094_040','095_053'
'094_041','095_036'
'094_042','095_040'
'094_043','095_042'
'094_044','095_028'
'094_045','095_023'
'094_046','095_009'
'094_047','095_051'
'094_048','095_026'
'094_049','095_046'
'094_050','095_045'
'094_051','095_020'
'094_052','095_044'
'094_053','095_181'
'094_054','095_014'
'094_178','095_049'
'094_179','095_016'
'095_001','096_023'
'095_002','096_055'
'095_003','096_048'
'095_004','096_020'
'095_005','096_006'
'095_006','096_034'
'095_007','096_009'
'095_008','096_038'
'095_009','096_033'
'095_010','096_041'
'095_011','096_024'
'095_012','096_015'
'095_014','096_045'
'095_015','096_007'
'095_016','096_004'
'095_017','096_018'
'095_018','096_049'
'095_019','096_046'
'095_020','096_008'
'095_021','096_029'
'095_022','096_014'
'095_023','096_054'
'095_023','096_056'
'095_024','096_010'
'095_025','096_032'
'095_026','096_003'
'095_027','096_044'
'095_028','096_005'
'095_029','096_040'
'095_030','096_013'
'095_031','096_025'
'095_032','096_031'
'095_033','096_050'
'095_034','096_028'
'095_035','096_002'
'095_036','096_052'
'095_037','096_037'
'095_038','096_053'
'095_039','096_016'
'095_040','096_001'
'095_041','096_027'
'095_042','096_043'
'095_043','096_035'
'095_044','096_011'
'095_045','096_051'
'095_046','096_047'
'095_047','096_012'
'095_048','096_021'
'095_049','096_030'
'095_050','096_042'
'095_051','096_017'
'095_052','096_036'
'095_053','096_039'
'095_054','096_019'
'095_180','096_022'
'095_181','096_026'
'096_001','097_043'
'096_002','097_004'
'096_003','097_183'
'096_004','097_013'
'096_005','097_010'
'096_006','097_008'
'096_007','097_036'
'096_008','097_050'
'096_009','097_005'
'096_010','097_017'
'096_011','097_006'
'096_012','097_002'
'096_013','097_032'
'096_014','097_018'
'096_015','097_021'
'096_016','097_016'
'096_017','097_046'
'096_018','097_034'
'096_019','097_031'
'096_020','097_042'
'096_021','097_040'
'096_022','097_039'
'096_023','097_038'
'096_024','097_019'
'096_025','097_011'
'096_026','097_025'
'096_027','097_007'
'096_028','097_009'
'096_029','097_022'
'096_030','097_001'
'096_031','097_033'
'096_032','097_035'
'096_033','097_048'
'096_034','097_182'
'096_035','097_028'
'096_036','097_030'
'096_037','097_023'
'096_038','097_044'
'096_039','097_014'
'096_040','097_020'
'096_041','097_015'
'096_042','097_053'
'096_043','097_027'
'096_044','097_029'
'096_045','097_047'
'096_046','097_024'
'096_047','097_049'
'096_048','097_045'
'096_049','097_012'
'096_050','097_026'
'096_051','097_041'
'096_052','097_054'
'096_053','097_052'
'096_054','097_051'
'096_055','097_037'
'096_056','097_055'
'097_001','098_001'
'097_002','098_032'
'097_004','098_004'
'097_005','098_015'
'097_006','098_044'
'097_007','098_002'
'097_008','098_036'
'097_009','098_021'
'097_010','098_026'
'097_011','098_028'
'097_012','098_030'
'097_013','098_012'
'097_014','098_034'
'097_015','098_040'
'097_016','098_013'
'097_017','098_016'
'097_018','098_025'
'097_019','098_023'
'097_020','098_029'
'097_021','098_033'
'097_022','098_018'
'097_023','098_010'
'097_024','098_005'
'097_025','098_337'
'097_026','098_020'
'097_027','098_009'
'097_028','098_035'
'097_029','098_038'
'097_030','098_022'
'097_031','098_042'
'097_032','098_039'
'097_033','098_024'
'097_034','098_043'
'097_035','098_014'
'097_036','098_017'
'097_037','098_027'
'097_038','098_051'
'097_039','098_003'
'097_040','098_031'
'097_041','098_011'
'097_042','098_048'
'097_043','098_053'
'097_044','098_037'
'097_045','098_007'
'097_046','098_047'
'097_047','098_045'
'097_048','098_041'
'097_049','098_050'
'097_050','098_054'
'097_051','098_046'
'097_052','098_052'
'097_053','098_049'
'097_054','098_008'
'097_055','098_336'
'097_182','098_184'
'097_183','098_185'
'098_001','099_043'
'098_002','099_042'
'098_003','099_047'
'098_004','099_025'
'098_005','099_006'
'098_007','099_002'
'098_008','099_048'
'098_009','099_046'
'098_010','099_186'
'098_011','099_050'
'098_012','099_004'
'098_013','099_008'
'098_014','099_028'
'098_015','099_044'
'098_016','099_041'
'098_017','099_032'
'098_018','099_020'
'098_020','099_026'
'098_021','099_024'
'098_022','099_005'
'098_023','099_034'
'098_024','099_017'
'098_025','099_007'
'098_026','099_013'
'098_027','099_056'
'098_028','099_023'
'098_029','099_027'
'098_030','099_015'
'098_031','099_009'
'098_032','099_053'
'098_033','099_022'
'098_034','099_012'
'098_035','099_039'
'098_036','099_030'
'098_037','099_021'
'098_038','099_033'
'098_039','099_018'
'098_040','099_019'
'098_041','099_011'
'098_042','099_031'
'098_042','099_038'
'098_043','099_191'
'098_044','099_054'
'098_045','099_010'
'098_046','099_190'
'098_047','099_051'
'098_048','099_037'
'098_048','099_187'
'098_049','099_029'
'098_050','099_049'
'098_051','099_016'
'098_051','099_045'
'098_052','099_036'
'098_053','099_035'
'098_054','099_052'
'098_184','099_188'
'098_185','099_189'
'098_336','099_055'
'098_337','099_040'
'099_002','100_001'
'099_004','100_006'
'099_005','100_012'
'099_006','100_010'
'099_007','100_013'
'099_008','100_046'
'099_009','100_004'
'099_010','100_053'
'099_011','100_035'
'099_012','100_023'
'099_013','100_024'
'099_015','100_029'
'099_016','100_020'
'099_017','100_019'
'099_018','100_005'
'099_019','100_011'
'099_020','100_015'
'099_021','100_033'
'099_022','100_031'
'099_023','100_021'
'099_024','100_193'
'099_025','100_007'
'099_026','100_008'
'099_027','100_009'
'099_028','100_038'
'099_029','100_036'
'099_030','100_037'
'099_031','100_016'
'099_032','100_044'
'099_033','100_002'
'099_034','100_014'
'099_035','100_030'
'099_036','100_003'
'099_037','100_040'
'099_038','100_048'
'099_039','100_192'
'099_040','100_041'
'099_041','100_028'
'099_042','100_034'
'099_043','100_027'
'099_044','100_042'
'099_045','100_017'
'099_046','100_047'
'099_047','100_025'
'099_048','100_026'
'099_049','100_050'
'099_050','100_056'
'099_051','100_039'
'099_052','100_057'
'099_053','100_052'
'099_054','100_054'
'099_055','100_051'
'099_056','100_055'
'099_186','100_022'
'099_187','100_043'
'099_188','100_032'
'099_189','100_049'
'099_190','100_058'
'099_191','100_018'
'100_001','101_044'
'100_002','101_010'
'100_003','101_002'
'100_004','101_031'
'100_005','101_019'
'100_006','101_005'
'100_007','101_026'
'100_008','101_018'
'100_009','101_020'
'100_010','101_039'
'100_011','101_004'
'100_012','101_053'
'100_013','101_011'
'100_014','101_014'
'100_015','101_009'
'100_016','101_041'
'100_017','101_008'
'100_018','101_043'
'100_019','101_023'
'100_020','101_012'
'100_021','101_024'
'100_022','101_028'
'100_023','101_057'
'100_024','101_033'
'100_025','101_022'
'100_026','101_034'
'100_027','101_054'
'100_028','101_015'
'100_029','101_017'
'100_030','101_032'
'100_031','101_035'
'100_032','101_194'
'100_033','101_040'
'100_034','101_027'
'100_035','101_001'
'100_036','101_007'
'100_037','101_047'
'100_038','101_196'
'100_039','101_016'
'100_040','101_195'
'100_041','101_006'
'100_042','101_045'
'100_043','101_046'
'100_044','101_051'
'100_046','101_037'
'100_047','101_055'
'100_048','101_021'
'100_049','101_052'
'100_050','101_050'
'100_051','101_038'
'100_052','101_013'
'100_053','101_036'
'100_054','101_056'
'100_055','101_030'
'100_056','101_049'
'100_057','101_042'
'100_058','101_058'
'100_192','101_029'
'100_193','101_048'
'101_001','102_057'
'101_002','102_009'
'101_004','102_019'
'101_005','102_008'
'101_006','102_053'
'101_007','102_055'
'101_008','102_035'
'101_009','102_020'
'101_010','102_052'
'101_011','102_021'
'101_012','102_039'
'101_013','102_056'
'101_014','102_038'
'101_015','102_034'
'101_016','102_042'
'101_017','102_051'
'101_018','102_044'
'101_019','102_016'
'101_020','102_043'
'101_021','102_036'
'101_022','102_031'
'101_023','102_023'
'101_024','102_015'
'101_026','102_004'
'101_027','102_002'
'101_028','102_033'
'101_029','102_010'
'101_030','102_046'
'101_031','102_041'
'101_032','102_037'
'101_033','102_024'
'101_034','102_047'
'101_035','102_011'
'101_036','102_018'
'101_037','102_025'
'101_038','102_054'
'101_039','102_027'
'101_040','102_059'
'101_041','102_045'
'101_042','102_040'
'101_043','102_022'
'101_044','102_060'
'101_045','102_003'
'101_046','102_006'
'101_047','102_014'
'101_048','102_012'
'101_049','102_048'
'101_050','102_050'
'101_051','102_028'
'101_051','102_030'
'101_052','102_017'
'101_053','102_058'
'101_054','102_001'
'101_055','102_026'
'101_056','102_007'
'101_057','102_032'
'101_058','102_049'
'101_194','102_005'
'101_195','102_029'
'101_196','102_013'
'102_001','103_001'
'102_002','103_002'
'102_003','103_006'
'102_004','103_031'
'102_005','103_010'
'102_006','103_037'
'102_007','103_059'
'102_008','103_007'
'102_009','103_016'
'102_010','103_039'
'102_011','103_035'
'102_012','103_021'
'102_013','103_020'
'102_014','103_055'
'102_015','103_028'
'102_016','103_044'
'102_017','103_004'
'102_018','103_017'
'102_019','103_051'
'102_020','103_026'
'102_021','103_025'
'102_022','103_027'
'102_023','103_036'
'102_024','103_019'
'102_025','103_009'
'102_026','103_029'
'102_027','103_008'
'102_028','103_012'
'102_029','103_024'
'102_030','103_030'
'102_031','103_032'
'102_032','103_050'
'102_033','103_013'
'102_034','103_022'
'102_035','103_053'
'102_036','103_046'
'102_037','103_058'
'102_038','103_015'
'102_039','103_034'
'102_040','103_049'
'102_041','103_018'
'102_042','103_040'
'102_043','103_045'
'102_044','103_041'
'102_045','103_057'
'102_046','103_043'
'102_047','103_005'
'102_048','103_011'
'102_049','103_048'
'102_050','103_052'
'102_051','103_003'
'102_052','103_023'
'102_053','103_197'
'102_054','103_198'
'102_055','103_056'
'102_056','103_042'
'102_057','103_054'
'102_058','103_047'
'102_059','103_038'
'102_060','103_014'
'103_001','104_035'
'103_002','104_043'
'103_003','104_020'
'103_004','104_054'
'103_005','104_045'
'103_006','104_021'
'103_007','104_002'
'103_008','104_200'
'103_009','104_048'
'103_010','104_024'
'103_011','104_050'
'103_012','104_040'
'103_013','104_201'
'103_014','104_014'
'103_015','104_036'
'103_016','104_003'
'103_017','104_059'
'103_018','104_019'
'103_019','104_034'
'103_020','104_199'
'103_021','104_027'
'103_022','104_008'
'103_023','104_005'
'103_024','104_046'
'103_025','104_011'
'103_026','104_037'
'103_027','104_029'
'103_028','104_023'
'103_029','104_031'
'103_030','104_038'
'103_031','104_022'
'103_032','104_018'
'103_034','104_051'
'103_035','104_039'
'103_036','104_033'
'103_037','104_202'
'103_038','104_026'
'103_039','104_030'
'103_040','104_041'
'103_041','104_010'
'103_042','104_047'
'103_043','104_053'
'103_044','104_016'
'103_045','104_004'
'103_046','104_015'
'103_047','104_006'
'103_048','104_052'
'103_049','104_058'
'103_050','104_032'
'103_051','104_013'
'103_052','104_057'
'103_053','104_001'
'103_054','104_056'
'103_055','104_055'
'103_056','104_028'
'103_057','104_017'
'103_058','104_044'
'103_059','104_049'
'103_197','104_012'
'103_198','104_042'
'104_001','105_206'
'104_002','105_005'
'104_003','105_001'
'104_004','105_039'
'104_005','105_024'
'104_006','105_049'
'104_008','105_036'
'104_010','105_007'
'104_011','105_011'
'104_012','105_022'
'104_013','105_006'
'104_014','105_052'
'104_015','105_019'
'104_016','105_018'
'104_017','105_043'
'104_018','105_026'
'104_019','105_041'
'104_020','105_339'
'104_021','105_016'
'104_022','105_048'
'104_023','105_017'
'104_024','105_012'
'104_026','105_045'
'104_027','105_204'
'104_028','105_057'
'104_029','105_034'
'104_030','105_207'
'104_031','105_054'
'104_032','105_051'
'104_033','105_021'
'104_034','105_038'
'104_035','105_030'
'104_036','105_020'
'104_037','105_338'
'104_038','105_037'
'104_039','105_013'
'104_040','105_008'
'104_041','105_044'
'104_042','105_205'
'104_043','105_047'
'104_044','105_023'
'104_045','105_042'
'104_046','105_033'
'104_047','105_056'
'104_048','105_031'
'104_049','105_055'
'104_050','105_040'
'104_051','105_010'
'104_052','105_203'
'104_053','105_009'
'104_054','105_029'
'104_055','105_046'
'104_056','105_015'
'104_057','105_050'
'104_058','105_028'
'104_059','105_053'
'104_199','105_032'
'104_200','105_027'
'104_201','105_025'
'104_202','105_035'
'105_001','106_049'
'105_005','106_006'
'105_006','106_053'
'105_007','106_055'
'105_008','106_046'
'105_009','106_050'
'105_010','106_035'
'105_011','106_026'
'105_012','106_005'
'105_013','106_012'
'105_015','106_002'
'105_016','106_011'
'105_017','106_028'
'105_018','106_020'
'105_019','106_023'
'105_020','106_025'
'105_021','106_019'
'105_022','106_208'
'105_023','106_022'
'105_024','106_057'
'105_025','106_021'
'105_026','106_010'
'105_027','106_024'
'105_028','106_001'
'105_029','106_004'
'105_030','106_044'
'105_031','106_029'
'105_032','106_017'
'105_033','106_027'
'105_034','106_014'
'105_035','106_037'
'105_036','106_008'
'105_037','106_007'
'105_038','106_018'
'105_039','106_051'
'105_040','106_058'
'105_041','106_052'
'105_042','106_056'
'105_043','106_045'
'105_044','106_032'
'105_045','106_034'
'105_046','106_013'
'105_047','106_016'
'105_048','106_009'
'105_049','106_040'
'105_050','106_041'
'105_051','106_054'
'105_052','106_033'
'105_053','106_059'
'105_054','106_039'
'105_055','106_015'
'105_056','106_031'
'105_057','106_047'
'105_203','106_036'
'105_204','106_030'
'105_205','106_043'
'105_206','106_048'
'105_207','106_209'
'105_338','106_038'
'105_339','106_042'
'106_001','107_052'
'106_002','107_045'
'106_004','107_049'
'106_005','107_004'
'106_006','107_010'
'106_007','107_042'
'106_008','107_030'
'106_009','107_006'
'106_010','107_011'
'106_011','107_005'
'106_012','107_027'
'106_013','107_013'
'106_014','107_021'
'106_015','107_012'
'106_016','107_002'
'106_017','107_025'
'106_018','107_033'
'106_019','107_023'
'106_020','107_029'
'106_021','107_003'
'106_022','107_024'
'106_023','107_051'
'106_024','107_037'
'106_025','107_018'
'106_026','107_026'
'106_027','107_031'
'106_028','107_016'
'106_029','107_015'
'106_030','107_007'
'106_031','107_009'
'106_032','107_054'
'106_033','107_048'
'106_034','107_060'
'106_035','107_035'
'106_036','107_041'
'106_037','107_040'
'106_038','107_047'
'106_039','107_046'
'106_040','107_039'
'106_041','107_053'
'106_042','107_014'
'106_043','107_036'
'106_044','107_001'
'106_045','107_022'
'106_046','107_034'
'106_047','107_055'
'106_048','107_050'
'106_049','107_057'
'106_050','107_017'
'106_051','107_044'
'106_052','107_058'
'106_053','107_038'
'106_054','107_008'
'106_055','107_028'
'106_056','107_019'
'106_057','107_059'
'106_058','107_032'
'106_059','107_056'
'106_208','107_043'
'106_209','107_020'
'107_001','108_045'
'107_002','108_047'
'107_003','108_035'
'107_004','108_034'
'107_005','108_042'
'107_006','108_053'
'107_007','108_032'
'107_008','108_002'
'107_009','108_056'
'107_010','108_013'
'107_011','108_014'
'107_012','108_058'
'107_013','108_059'
'107_014','108_020'
'107_015','108_008'
'107_016','108_030'
'107_017','108_060'
'107_018','108_019'
'107_019','108_043'
'107_020','108_012'
'107_021','108_017'
'107_022','108_036'
'107_023','108_018'
'107_024','108_057'
'107_025','108_210'
'107_026','108_023'
'107_027','108_015'
'107_028','108_028'
'107_029','108_009'
'107_030','108_041'
'107_031','108_037'
'107_032','108_025'
'107_033','108_024'
'107_034','108_051'
'107_035','108_048'
'107_036','108_046'
'107_037','108_211'
'107_038','108_022'
'107_039','108_052'
'107_040','108_039'
'107_041','108_026'
'107_042','108_021'
'107_043','108_010'
'107_044','108_031'
'107_045','108_033'
'107_046','108_054'
'107_047','108_027'
'107_048','108_004'
'107_049','108_044'
'107_050','108_055'
'107_051','108_040'
'107_052','108_049'
'107_053','108_050'
'107_054','108_007'
'107_055','108_029'
'107_056','108_001'
'107_057','108_005'
'107_058','108_006'
'107_059','108_016'
'107_060','108_038'
'108_001','109_053'
'108_002','109_019'
'108_004','109_003'
'108_005','109_007'
'108_006','109_002'
'108_007','109_028'
'108_008','109_047'
'108_009','109_004'
'108_010','109_213'
'108_012','109_037'
'108_013','109_011'
'108_014','109_024'
'108_015','109_018'
'108_016','109_016'
'108_017','109_036'
'108_018','109_029'
'108_019','109_015'
'108_020','109_025'
'108_021','109_030'
'108_022','109_008'
'108_023','109_010'
'108_024','109_044'
'108_025','109_050'
'108_026','109_216'
'108_027','109_041'
'108_028','109_020'
'108_029','109_027'
'108_030','109_006'
'108_031','109_021'
'108_032','109_035'
'108_033','109_056'
'108_034','109_013'
'108_035','109_009'
'108_036','109_042'
'108_037','109_026'
'108_038','109_040'
'108_039','109_012'
'108_040','109_017'
'108_041','109_034'
'108_042','109_031'
'108_043','109_046'
'108_044','109_045'
'108_045','109_039'
'108_046','109_212'
'108_047','109_049'
'108_048','109_057'
'108_049','109_059'
'108_050','109_055'
'108_051','109_032'
'108_052','109_005'
'108_053','109_022'
'108_054','109_033'
'108_055','109_014'
'108_056','109_051'
'108_057','109_052'
'108_058','109_048'
'108_059','109_054'
'108_060','109_023'
'108_210','109_214'
'108_211','109_215'
'109_002','110_034'
'109_003','110_046'
'109_004','110_022'
'109_005','110_056'
'109_006','110_017'
'109_007','110_002'
'109_008','110_006'
'109_009','110_036'
'109_010','110_014'
'109_011','110_220'
'109_012','110_018'
'109_013','110_013'
'109_014','110_003'
'109_015','110_019'
'109_016','110_027'
'109_017','110_024'
'109_018','110_025'
'109_019','110_057'
'109_020','110_010'
'109_021','110_026'
'109_022','110_048'
'109_023','110_009'
'109_024','110_008'
'109_025','110_032'
'109_026','110_043'
'109_027','110_051'
'109_028','110_058'
'109_029','110_016'
'109_030','110_031'
'109_031','110_038'
'109_032','110_005'
'109_033','110_047'
'109_034','110_028'
'109_035','110_218'
'109_036','110_023'
'109_037','110_012'
'109_039','110_219'
'109_040','110_050'
'109_041','110_015'
'109_042','110_044'
'109_044','110_035'
'109_045','110_007'
'109_046','110_033'
'109_047','110_040'
'109_048','110_055'
'109_049','110_042'
'109_050','110_041'
'109_051','110_053'
'109_052','110_029'
'109_053','110_045'
'109_054','110_037'
'109_055','110_052'
'109_056','110_001'
'109_057','110_020'
'109_059','110_030'
'109_212','110_054'
'109_213','110_039'
'109_214','110_222'
'109_215','110_221'
'109_216','110_217'
'110_001','111_058'
'110_002','111_052'
'110_003','111_048'
'110_005','111_046'
'110_006','111_050'
'110_007','111_015'
'110_008','111_014'
'110_009','111_049'
'110_010','111_035'
'110_012','111_031'
'110_013','111_223'
'110_014','111_008'
'110_015','111_020'
'110_016','111_018'
'110_017','111_016'
'110_018','111_017'
'110_019','111_013'
'110_020','111_032'
'110_022','111_027'
'110_023','111_224'
'110_024','111_036'
'110_025','111_030'
'110_026','111_038'
'110_027','111_045'
'110_028','111_034'
'110_029','111_042'
'110_030','111_044'
'110_031','111_039'
'110_032','111_043'
'110_033','111_053'
'110_034','111_056'
'110_035','111_028'
'110_036','111_021'
'110_037','111_009'
'110_038','111_005'
'110_039','111_022'
'110_040','111_023'
'110_041','111_051'
'110_042','111_004'
'110_043','111_011'
'110_044','111_054'
'110_045','111_012'
'110_046','111_060'
'110_047','111_041'
'110_048','111_003'
'110_050','111_037'
'110_051','111_040'
'110_052','111_057'
'110_053','111_025'
'110_054','111_029'
'110_055','111_002'
'110_056','111_059'
'110_057','111_019'
'110_058','111_026'
'110_217','111_055'
'110_218','111_010'
'110_219','111_001'
'110_220','111_007'
'110_221','111_047'
'110_222','111_033'
'111_001','112_041'
'111_002','112_059'
'111_003','112_051'
'111_004','112_048'
'111_005','112_042'
'111_007','112_021'
'111_008','112_022'
'111_009','112_054'
'111_010','112_015'
'111_011','112_036'
'111_012','112_001'
'111_013','112_018'
'111_014','112_039'
'111_015','112_026'
'111_016','112_030'
'111_017','112_040'
'111_018','112_025'
'111_019','112_011'
'111_020','112_228'
'111_021','112_227'
'111_022','112_007'
'111_023','112_004'
'111_025','112_032'
'111_026','112_008'
'111_027','112_012'
'111_028','112_226'
'111_029','112_047'
'111_030','112_013'
'111_031','112_028'
'111_032','112_034'
'111_033','112_016'
'111_034','112_038'
'111_035','112_037'
'111_036','112_049'
'111_037','112_056'
'111_038','112_033'
'111_039','112_020'
'111_040','112_053'
'111_041','112_046'
'111_042','112_057'
'111_043','112_009'
'111_044','112_045'
'111_045','112_031'
'111_046','112_044'
'111_047','112_006'
'111_048','112_050'
'111_049','112_061'
'111_050','112_019'
'111_051','112_017'
'111_052','112_005'
'111_053','112_024'
'111_054','112_035'
'111_055','112_225'
'111_056','112_014'
'111_057','112_058'
'111_058','112_027'
'111_059','112_055'
'111_060','112_002'
'111_223','112_010'
'111_224','112_052'
'112_001','113_041'
'112_002','113_006'
'112_004','113_044'
'112_005','113_009'
'112_006','113_002'
'112_007','113_229'
'112_008','113_031'
'112_009','113_049'
'112_010','113_007'
'112_011','113_014'
'112_012','113_004'
'112_013','113_025'
'112_014','113_011'
'112_015','113_233'
'112_016','113_019'
'112_017','113_056'
'112_018','113_037'
'112_019','113_021'
'112_020','113_042'
'112_021','113_008'
'112_022','113_015'
'112_024','113_052'
'112_025','113_022'
'112_026','113_035'
'112_027','113_050'
'112_028','113_051'
'112_030','113_013'
'112_031','113_005'
'112_032','113_053'
'112_033','113_027'
'112_034','113_059'
'112_035','113_020'
'112_036','113_012'
'112_037','113_026'
'112_038','113_034'
'112_039','113_010'
'112_040','113_017'
'112_041','113_036'
'112_042','113_046'
'112_044','113_024'
'112_045','113_060'
'112_046','113_043'
'112_047','113_230'
'112_048','113_047'
'112_049','113_003'
'112_050','113_231'
'112_051','113_016'
'112_052','113_028'
'112_053','113_045'
'112_054','113_055'
'112_055','113_001'
'112_056','113_033'
'112_057','113_054'
'112_058','113_058'
'112_059','113_040'
'112_061','113_032'
'112_225','113_232'
'112_226','113_039'
'112_227','113_023'
'112_228','113_038'
'113_001','114_037'
'113_002','114_235'
'113_003','114_019'
'113_004','114_014'
'113_005','114_034'
'113_006','114_054'
'113_007','114_021'
'113_008','114_236'
'113_009','114_002'
'113_010','114_016'
'113_011','114_020'
'113_012','114_038'
'113_013','114_022'
'113_014','114_052'
'113_015','114_010'
'113_016','114_051'
'113_017','114_024'
'113_019','114_234'
'113_020','114_032'
'113_021','114_003'
'113_022','114_025'
'113_023','114_018'
'113_024','114_009'
'113_025','114_030'
'113_026','114_005'
'113_027','114_033'
'113_028','114_017'
'113_031','114_044'
'113_032','114_006'
'113_033','114_056'
'113_034','114_048'
'113_035','114_027'
'113_036','114_237'
'113_037','114_015'
'113_038','114_011'
'113_039','114_031'
'113_040','114_058'
'113_041','114_050'
'113_042','114_023'
'113_043','114_045'
'113_044','114_043'
'113_045','114_040'
'113_046','114_029'
'113_047','114_042'
'113_049','114_013'
'113_050','114_004'
'113_051','114_028'
'113_052','114_039'
'113_053','114_053'
'113_054','114_035'
'113_055','114_055'
'113_056','114_036'
'113_058','114_049'
'113_059','114_012'
'113_060','114_041'
'113_229','114_026'
'113_230','114_047'
'113_231','114_001'
'113_232','114_238'
'113_233','114_046'
'114_001','115_240'
'114_002','115_013'
'114_003','115_049'
'114_004','115_054'
'114_005','115_051'
'114_006','115_059'
'114_009','115_050'
'114_010','115_003'
'114_011','115_021'
'114_012','115_038'
'114_013','115_037'
'114_014','115_025'
'114_015','115_011'
'114_016','115_012'
'114_017','115_243'
'114_018','115_245'
'114_019','115_028'
'114_020','115_031'
'114_021','115_242'
'114_022','115_033'
'114_023','115_024'
'114_024','115_244'
'114_025','115_023'
'114_026','115_239'
'114_027','115_009'
'114_028','115_010'
'114_029','115_002'
'114_030','115_006'
'114_031','115_018'
'114_032','115_055'
'114_033','115_047'
'114_034','115_043'
'114_035','115_057'
'114_036','115_045'
'114_037','115_056'
'114_038','115_041'
'114_039','115_046'
'114_040','115_036'
'114_041','115_020'
'114_042','115_008'
'114_043','115_035'
'114_044','115_044'
'114_045','115_026'
'114_046','115_029'
'114_047','115_241'
'114_048','115_034'
'114_049','115_039'
'114_050','115_027'
'114_051','115_017'
'114_052','115_042'
'114_053','115_058'
'114_054','115_053'
'114_055','115_007'
'114_056','115_016'
'114_058','115_001'
'114_234','115_019'
'114_235','115_040'
'114_236','115_022'
'114_237','115_004'
'114_238','115_032'
'115_001','116_052'
'115_002','116_255'
'115_003','116_020'
'115_004','116_254'
'115_006','116_249'
'115_007','116_057'
'115_008','116_050'
'115_009','116_016'
'115_010','116_031'
'115_011','116_250'
'115_012','116_040'
'115_013','116_011'
'115_016','116_038'
'115_017','116_049'
'115_018','116_035'
'115_019','116_006'
'115_020','116_042'
'115_021','116_252'
'115_022','116_253'
'115_023','116_018'
'115_024','116_053'
'115_025','116_004'
'115_026','116_025'
'115_027','116_001'
'115_028','116_030'
'115_029','116_014'
'115_031','116_033'
'115_032','116_248'
'115_033','116_034'
'115_034','116_039'
'115_035','116_002'
'115_036','116_027'
'115_037','116_007'
'115_038','116_046'
'115_039','116_055'
'115_040','116_017'
'115_041','116_015'
'115_042','116_037'
'115_043','116_026'
'115_044','116_009'
'115_045','116_013'
'115_046','116_043'
'115_047','116_028'
'115_049','116_032'
'115_050','116_045'
'115_051','116_029'
'115_053','116_008'
'115_054','116_010'
'115_055','116_019'
'115_056','116_048'
'115_057','116_054'
'115_058','116_041'
'115_059','116_058'
'115_239','116_023'
'115_240','116_047'
'115_241','116_036'
'115_242','116_247'
'115_243','116_246'
'115_244','116_022'
'115_245','116_251'
'116_001','117_051'
'116_002','117_046'
'116_004','117_014'
'116_006','117_262'
'116_007','117_042'
'116_008','117_020'
'116_009','117_028'
'116_010','117_053'
'116_011','117_004'
'116_013','117_047'
'116_014','117_024'
'116_015','117_025'
'116_016','117_038'
'116_017','117_261'
'116_018','117_018'
'116_019','117_017'
'116_020','117_019'
'116_022','117_015'
'116_023','117_031'
'116_025','117_041'
'116_026','117_001'
'116_027','117_032'
'116_028','117_013'
'116_029','117_021'
'116_030','117_007'
'116_031','117_030'
'116_032','117_008'
'116_033','117_003'
'116_034','117_009'
'116_035','117_029'
'116_036','117_266'
'116_037','117_043'
'116_037','117_057'
'116_038','117_036'
'116_039','117_033'
'116_040','117_022'
'116_041','117_052'
'116_042','117_058'
'116_043','117_050'
'116_045','117_027'
'116_046','117_056'
'116_047','117_265'
'116_048','117_005'
'116_049','117_037'
'116_050','117_035'
'116_052','117_049'
'116_053','117_034'
'116_054','117_045'
'116_055','117_054'
'116_057','117_055'
'116_058','117_044'
'116_246','117_048'
'116_247','117_023'
'116_248','117_260'
'116_249','117_263'
'116_250','117_264'
'116_251','117_258'
'116_252','117_267'
'116_253','117_257'
'116_254','117_256'
'116_255','117_259'
'117_001','118_017'
'117_003','118_024'
'117_004','118_001'
'117_005','118_032'
'117_007','118_020'
'117_008','118_002'
'117_009','118_012'
'117_013','118_026'
'117_014','118_019'
'117_015','118_014'
'117_017','118_036'
'117_018','118_021'
'117_019','118_016'
'117_020','118_049'
'117_021','118_006'
'117_022','118_005'
'117_023','118_004'
'117_024','118_273'
'117_025','118_023'
'117_027','118_013'
'117_028','118_043'
'117_029','118_011'
'117_030','118_029'
'117_031','118_030'
'117_032','118_046'
'117_033','118_033'
'117_034','118_035'
'117_035','118_037'
'117_036','118_057'
'117_037','118_052'
'117_038','118_041'
'117_041','118_042'
'117_042','118_025'
'117_043','118_039'
'117_044','118_022'
'117_045','118_053'
'117_046','118_048'
'117_047','118_050'
'117_048','118_028'
'117_049','118_058'
'117_050','118_044'
'117_051','118_040'
'117_052','118_047'
'117_053','118_010'
'117_054','118_051'
'117_055','118_060'
'117_056','118_054'
'117_057','118_027'
'117_058','118_045'
'117_256','118_341'
'117_257','118_340'
'117_258','118_276'
'117_259','118_275'
'117_260','118_274'
'117_261','118_279'
'117_262','118_278'
'117_263','118_271'
'117_264','118_272'
'117_265','118_270'
'117_266','118_269'
'117_267','118_277'
'118_001','119_040'
'118_002','119_053'
'118_004','119_006'
'118_005','119_015'
'118_006','119_017'
'118_010','119_012'
'118_011','119_281'
'118_012','119_016'
'118_013','119_009'
'118_014','119_045'
'118_016','119_031'
'118_017','119_029'
'118_019','119_033'
'118_020','119_054'
'118_021','119_013'
'118_022','119_001'
'118_023','119_032'
'118_024','119_043'
'118_025','119_050'
'118_026','119_049'
'118_027','119_039'
'118_028','119_028'
'118_029','119_007'
'118_030','119_280'
'118_032','119_030'
'118_033','119_025'
'118_035','119_003'
'118_036','119_046'
'118_037','119_037'
'118_039','119_036'
'118_040','119_059'
'118_040','119_060'
'118_041','119_005'
'118_042','119_056'
'118_043','119_022'
'118_044','119_055'
'118_045','119_008'
'118_046','119_038'
'118_047','119_044'
'118_048','119_051'
'118_049','119_014'
'118_050','119_058'
'118_051','119_048'
'118_052','119_021'
'118_053','119_052'
'118_054','119_010'
'118_057','119_027'
'118_058','119_047'
'118_060','119_057'
'118_269','119_287'
'118_270','119_286'
'118_271','119_035'
'118_272','119_283'
'118_273','119_034'
'118_274','119_282'
'118_275','119_020'
'118_276','119_285'
'118_277','119_284'
'118_278','119_011'
'118_279','119_041'
'118_340','119_289'
'118_341','119_288'
'119_001','120_011'
'119_003','120_029'
'119_005','120_035'
'119_006','120_342'
'119_007','120_015'
'119_008','120_055'
'119_009','120_033'
'119_010','120_014'
'119_011','120_023'
'119_012','120_020'
'119_013','120_017'
'119_014','120_041'
'119_015','120_009'
'119_016','120_293'
'119_017','120_048'
'119_020','120_294'
'119_021','120_003'
'119_022','120_044'
'119_025','120_031'
'119_027','120_061'
'119_028','120_343'
'119_029','120_028'
'119_030','120_047'
'119_031','120_007'
'119_032','120_018'
'119_033','120_040'
'119_034','120_025'
'119_035','120_024'
'119_036','120_039'
'119_037','120_002'
'119_038','120_051'
'119_039','120_045'
'119_040','120_059'
'119_041','120_053'
'119_043','120_056'
'119_044','120_052'
'119_045','120_021'
'119_046','120_016'
'119_047','120_004'
'119_048','120_042'
'119_049','120_046'
'119_050','120_022'
'119_051','120_032'
'119_052','120_026'
'119_053','120_050'
'119_054','120_054'
'119_055','120_034'
'119_056','120_010'
'119_057','120_006'
'119_058','120_037'
'119_059','120_049'
'119_060','120_043'
'119_280','120_030'
'119_281','120_012'
'119_282','120_292'
'119_283','120_038'
'119_284','120_296'
'119_285','120_295'
'119_286','120_290'
'119_287','120_291'
'119_288','120_001'
'119_289','120_036'
'120_001','121_048'
'120_002','121_056'
'120_003','121_046'
'120_004','121_047'
'120_006','121_006'
'120_007','121_012'
'120_009','121_344'
'120_010','121_053'
'120_011','121_058'
'120_012','121_036'
'120_014','121_050'
'120_015','121_029'
'120_016','121_028'
'120_017','121_011'
'120_018','121_021'
'120_020','121_030'
'120_021','121_009'
'120_022','121_015'
'120_023','121_349'
'120_024','121_345'
'120_025','121_027'
'120_026','121_037'
'120_028','121_023'
'120_029','121_061'
'120_030','121_017'
'120_031','121_035'
'120_032','121_019'
'120_033','121_039'
'120_034','121_045'
'120_035','121_022'
'120_036','121_018'
'120_037','121_049'
'120_038','121_007'
'120_039','121_042'
'120_040','121_004'
'120_041','121_001'
'120_042','121_040'
'120_043','121_043'
'120_044','121_062'
'120_045','121_044'
'120_046','121_059'
'120_047','121_054'
'120_047','121_057'
'120_048','121_008'
'120_049','121_041'
'120_050','121_024'
'120_051','121_060'
'120_052','121_033'
'120_052','121_055'
'120_053','121_348'
'120_054','121_025'
'120_055','121_020'
'120_056','121_005'
'120_059','121_013'
'120_061','121_052'
'120_290','121_346'
'120_291','121_347'
'120_292','121_034'
'120_293','121_010'
'120_294','121_350'
'120_295','121_353'
'120_296','121_352'
'120_342','121_351'
'120_343','121_051'
'121_001','122_044'
'121_004','122_037'
'121_005','122_026'
'121_006','122_023'
'121_006','122_048'
'121_007','122_327'
'121_008','122_005'
'121_009','122_031'
'121_010','122_013'
'121_011','122_021'
'121_012','122_009'
'121_013','122_004'
'121_015','122_041'
'121_017','122_323'
'121_018','122_024'
'121_018','122_061'
'121_019','122_051'
'121_020','122_060'
'121_021','122_025'
'121_022','122_035'
'121_023','122_045'
'121_023','122_053'
'121_024','122_001'
'121_025','122_017'
'121_027','122_022'
'121_028','122_029'
'121_029','122_008'
'121_030','122_002'
'121_033','122_036'
'121_034','122_325'
'121_035','122_043'
'121_036','122_324'
'121_037','122_056'
'121_039','122_007'
'121_040','122_049'
'121_041','122_057'
'121_042','122_052'
'121_043','122_059'
'121_044','122_058'
'121_045','122_039'
'121_046','122_064'
'121_047','122_066'
'121_048','122_040'
'121_049','122_042'
'121_050','122_063'
'121_051','122_326'
'121_052','122_062'
'121_053','122_047'
'121_054','122_065'
'121_055','122_034'
'121_056','122_050'
'121_057','122_046'
'121_058','122_016'
'121_059','122_020'
'121_060','122_033'
'121_061','122_030'
'121_062','122_054'
'121_344','122_011'
'121_345','122_019'
'121_346','122_322'
'121_347','122_321'
'121_348','122_329'
'121_349','122_328'
'121_350','122_028'
'121_351','122_006'
'121_352','122_331'
'121_353','122_330'
'122_001','123_031'
'122_002','123_060'
'122_004','123_041'
'122_005','123_055'
'122_006','123_308'
'122_007','123_059'
'122_008','123_012'
'122_009','123_008'
'122_011','123_317'
'122_013','123_312'
'122_016','123_050'
'122_017','123_034'
'122_019','123_316'
'122_020','123_046'
'122_021','123_009'
'122_022','123_017'
'122_023','123_038'
'122_024','123_022'
'122_025','123_043'
'122_026','123_037'
'122_028','123_007'
'122_029','123_057'
'122_030','123_032'
'122_031','123_313'
'122_033','123_044'
'122_034','123_045'
'122_035','123_010'
'122_036','123_051'
'122_037','123_039'
'122_039','123_053'
'122_040','123_026'
'122_041','123_058'
'122_042','123_020'
'122_043','123_049'
'122_044','123_062'
'122_045','123_033'
'122_046','123_048'
'122_047','123_025'
'122_048','123_024'
'122_049','123_042'
'122_050','123_040'
'122_051','123_006'
'122_052','123_054'
'122_053','123_027'
'122_054','123_029'
'122_056','123_036'
'122_057','123_028'
'122_058','123_047'
'122_059','123_018'
'122_060','123_013'
'122_061','123_056'
'122_062','123_030'
'122_063','123_310'
'122_064','123_001'
'122_065','123_035'
'122_066','123_002'
'122_321','123_319'
'122_322','123_318'
'122_323','123_320'
'122_324','123_016'
'122_325','123_311'
'122_326','123_309'
'122_327','123_023'
'122_328','123_021'
'122_329','123_061'
'122_330','123_314'
'122_331','123_315'
'123_001','124_059'
'123_002','124_065'
'123_006','124_008'
'123_007','124_037'
'123_008','124_016'
'123_009','124_013'
'123_010','124_023'
'123_012','124_027'
'123_013','124_038'
'123_016','124_031'
'123_017','124_035'
'123_018','124_033'
'123_020','124_021'
'123_021','124_306'
'123_022','124_036'
'123_023','124_007'
'123_024','124_044'
'123_025','124_048'
'123_026','124_028'
'123_026','124_052'
'123_027','124_050'
'123_028','124_026'
'123_029','124_002'
'123_030','124_053'
'123_031','124_010'
'123_032','124_063'
'123_033','124_057'
'123_034','124_043'
'123_035','124_041'
'123_036','124_055'
'123_037','124_006'
'123_038','124_011'
'123_039','124_003'
'123_040','124_045'
'123_041','124_024'
'123_042','124_061'
'123_043','124_025'
'123_044','124_058'
'123_045','124_056'
'123_046','124_051'
'123_047','124_032'
'123_048','124_047'
'123_049','124_009'
'123_050','124_307'
'123_051','124_062'
'123_053','124_018'
'123_054','124_030'
'123_055','124_042'
'123_056','124_046'
'123_057','124_022'
'123_058','124_004'
'123_059','124_305'
'123_060','124_019'
'123_061','124_304'
'123_062','124_001'
'123_308','124_017'
'123_309','124_029'
'123_310','124_064'
'123_311','124_054'
'123_312','124_034'
'123_313','124_014'
'123_314','124_300'
'123_315','124_354'
'123_316','124_039'
'123_317','124_040'
'123_318','124_299'
'123_319','124_298'
'123_320','124_297'
'124_001','125_060'
'124_002','125_021'
'124_003','125_033'
'124_004','125_032'
'124_006','125_005'
'124_007','125_015'
'124_008','125_052'
'124_009','125_043'
'124_010','125_001'
'124_011','125_039'
'124_013','125_024'
'124_014','125_023'
'124_016','125_018'
'124_017','125_006'
'124_018','125_042'
'124_019','125_019'
'124_021','125_063'
'124_022','125_017'
'124_023','125_041'
'124_024','125_002'
'124_025','125_010'
'124_026','125_049'
'124_027','125_013'
'124_028','125_061'
'124_029','125_054'
'124_030','125_044'
'124_031','125_022'
'124_032','125_036'
'124_033','125_059'
'124_034','125_011'
'124_035','125_027'
'124_036','125_050'
'124_037','125_046'
'124_038','125_065'
'124_039','125_357'
'124_040','125_358'
'124_041','125_053'
'124_042','125_009'
'124_043','125_007'
'124_044','125_038'
'124_045','125_004'
'124_046','125_034'
'124_047','125_051'
'124_048','125_026'
'124_050','125_035'
'124_051','125_012'
'124_052','125_037'
'124_053','125_045'
'124_054','125_056'
'124_055','125_055'
'124_056','125_014'
'124_057','125_025'
'124_058','125_040'
'124_059','125_058'
'124_061','125_062'
'124_062','125_057'
'124_063','125_029'
'124_064','125_047'
'124_065','125_048'
'124_297','125_359'
'124_298','125_361'
'124_299','125_360'
'124_300','125_356'
'124_304','125_028'
'124_305','125_020'
'124_306','125_008'
'124_307','125_031'
'124_354','125_355'
'125_001','126_017'
'125_002','126_042'
'125_004','126_049'
'125_005','126_063'
'125_006','126_008'
'125_007','126_027'
'125_008','126_035'
'125_009','126_009'
'125_010','126_055'
'125_011','126_020'
'125_012','126_028'
'125_013','126_023'
'125_014','126_060'
'125_015','126_005'
'125_017','126_058'
'125_018','126_024'
'125_019','126_056'
'125_020','126_004'
'125_021','126_065'
'125_022','126_022'
'125_023','126_039'
'125_024','126_014'
'125_025','126_025'
'125_026','126_053'
'125_027','126_012'
'125_028','126_051'
'125_029','126_010'
'125_031','126_001'
'125_032','126_018'
'125_033','126_038'
'125_034','126_034'
'125_035','126_041'
'125_036','126_059'
'125_037','126_021'
'125_038','126_026'
'125_039','126_019'
'125_040','126_007'
'125_041','126_006'
'125_042','126_030'
'125_043','126_029'
'125_044','126_032'
'125_045','126_015'
'125_046','126_011'
'125_047','126_003'
'125_048','126_069'
'125_049','126_052'
'125_050','126_050'
'125_051','126_064'
'125_052','126_037'
'125_053','126_044'
'125_055','126_043'
'125_056','126_057'
'125_057','126_061'
'125_058','126_062'
'125_059','126_066'
'125_060','126_033'
'125_061','126_031'
'125_062','126_048'
'125_062','126_067'
'125_063','126_054'
'125_065','126_046'
'125_355','126_013'
'125_356','126_045'
'125_357','126_036'
'125_358','126_016'
'125_359','126_362'
'125_360','126_363'
'125_361','126_364'
'126_001','127_044'
'126_003','127_032'
'126_004','127_047'
'126_005','127_369'
'126_006','127_016'
'126_007','127_027'
'126_008','127_009'
'126_009','127_061'
'126_010','127_039'
'126_011','127_395'
'126_012','127_033'
'126_014','127_029'
'126_015','127_019'
'126_016','127_005'
'126_017','127_055'
'126_018','127_050'
'126_019','127_008'
'126_020','127_025'
'126_021','127_006'
'126_022','127_368'
'126_023','127_007'
'126_024','127_011'
'126_025','127_028'
'126_026','127_030'
'126_027','127_046'
'126_028','127_017'
'126_029','127_022'
'126_030','127_064'
'126_031','127_010'
'126_032','127_057'
'126_033','127_066'
'126_034','127_018'
'126_035','127_037'
'126_036','127_045'
'126_037','127_035'
'126_038','127_026'
'126_039','127_371'
'126_041','127_052'
'126_042','127_031'
'126_043','127_021'
'126_044','127_040'
'126_045','127_370'
'126_046','127_013'
'126_048','127_060'
'126_049','127_041'
'126_049','127_042'
'126_050','127_043'
'126_051','127_048'
'126_052','127_036'
'126_053','127_054'
'126_054','127_020'
'126_055','127_015'
'126_056','127_065'
'126_057','127_023'
'126_058','127_058'
'126_059','127_053'
'126_060','127_056'
'126_061','127_062'
'126_062','127_002'
'126_063','127_034'
'126_064','127_051'
'126_065','127_024'
'126_066','127_049'
'126_067','127_038'
'126_069','127_004'
'126_362','127_365'
'126_363','127_366'
'126_364','127_367'
'127_002','128_017'
'127_004','128_040'
'127_005','128_374'
'127_006','128_036'
'127_007','128_007'
'127_008','128_047'
'127_009','128_044'
'127_010','128_032'
'127_011','128_009'
'127_013','128_061'
'127_015','128_018'
'127_016','128_025'
'127_017','128_030'
'127_018','128_380'
'127_019','128_043'
'127_020','128_063'
'127_021','128_065'
'127_022','128_014'
'127_023','128_039'
'127_024','128_023'
'127_025','128_041'
'127_026','128_004'
'127_027','128_034'
'127_028','128_048'
'127_029','128_049'
'127_030','128_053'
'127_031','128_021'
'127_032','128_029'
'127_033','128_042'
'127_034','128_011'
'127_035','128_059'
'127_036','128_027'
'127_037','128_003'
'127_038','128_037'
'127_039','128_026'
'127_040','128_060'
'127_041','128_058'
'127_042','128_020'
'127_043','128_379'
'127_044','128_012'
'127_045','128_375'
'127_046','128_028'
'127_047','128_033'
'127_048','128_002'
'127_049','128_054'
'127_050','128_038'
'127_051','128_052'
'127_052','128_051'
'127_053','128_050'
'127_054','128_024'
'127_055','128_031'
'127_056','128_064'
'127_057','128_022'
'127_058','128_062'
'127_060','128_045'
'127_061','128_008'
'127_062','128_066'
'127_064','128_005'
'127_065','128_070'
'127_066','128_006'
'127_365','128_377'
'127_366','128_376'
'127_367','128_055'
'127_368','128_035'
'127_369','128_378'
'127_370','128_372'
'127_371','128_373'
'127_395','128_015'
'128_002','129_017'
'128_003','129_039'
'128_004','129_016'
'128_005','129_045'
'128_006','129_048'
'128_007','129_020'
'128_008','129_009'
'128_009','129_013'
'128_011','129_022'
'128_012','129_021'
'128_014','129_040'
'128_015','129_061'
'128_017','129_011'
'128_018','129_014'
'128_020','129_034'
'128_021','129_001'
'128_022','129_060'
'128_023','129_027'
'128_024','129_051'
'128_025','129_026'
'128_026','129_035'
'128_027','129_058'
'128_028','129_012'
'128_029','129_064'
'128_030','129_019'
'128_031','129_004'
'128_032','129_049'
'128_033','129_008'
'128_034','129_031'
'128_035','129_043'
'128_036','129_025'
'128_037','129_032'
'128_038','129_041'
'128_039','129_047'
'128_040','129_068'
'128_041','129_007'
'128_042','129_033'
'128_043','129_070'
'128_044','129_005'
'128_045','129_057'
'128_047','129_065'
'128_048','129_023'
'128_049','129_015'
'128_050','129_050'
'128_051','129_046'
'128_052','129_066'
'128_053','129_044'
'128_054','129_062'
'128_055','129_381'
'128_058','129_029'
'128_059','129_003'
'128_060','129_056'
'128_061','129_036'
'128_062','129_042'
'128_063','129_063'
'128_064','129_030'
'128_065','129_053'
'128_066','129_052'
'128_070','129_002'
'128_372','129_010'
'128_373','129_067'
'128_374','129_024'
'128_375','129_069'
'128_376','129_382'
'128_377','129_383'
'128_378','129_018'
'128_379','129_028'
'128_380','129_038'
'129_001','130_061'
'129_002','130_016'
'129_003','130_025'
'129_004','130_029'
'129_005','130_053'
'129_007','130_067'
'129_008','130_037'
'129_009','130_035'
'129_010','130_021'
'129_011','130_050'
'129_012','130_069'
'129_013','130_009'
'129_014','130_038'
'129_015','130_042'
'129_016','130_012'
'129_017','130_002'
'129_018','130_001'
'129_019','130_070'
'129_020','130_007'
'129_021','130_049'
'129_022','130_024'
'129_023','130_066'
'129_024','130_008'
'129_025','130_010'
'129_026','130_040'
'129_027','130_063'
'129_028','130_014'
'129_029','130_022'
'129_030','130_056'
'129_031','130_062'
'129_032','130_046'
'129_033','130_005'
'129_034','130_036'
'129_035','130_045'
'129_036','130_019'
'129_038','130_041'
'129_039','130_030'
'129_040','130_013'
'129_041','130_017'
'129_042','130_043'
'129_043','130_055'
'129_044','130_039'
'129_045','130_065'
'129_046','130_071'
'129_047','130_004'
'129_048','130_020'
'129_049','130_027'
'129_050','130_028'
'129_051','130_003'
'129_052','130_052'
'129_053','130_054'
'129_056','130_026'
'129_057','130_051'
'129_058','130_034'
'129_060','130_011'
'129_061','130_006'
'129_062','130_047'
'129_063','130_044'
'129_064','130_015'
'129_065','130_018'
'129_066','130_059'
'129_067','130_023'
'129_068','130_048'
'129_069','130_064'
'129_070','130_068'
'129_381','130_032'
'129_382','130_385'
'129_383','130_384'
'130_001','131_033'
'130_002','131_002'
'130_003','131_045'
'130_004','131_016'
'130_005','131_019'
'130_006','131_011'
'130_007','131_018'
'130_008','131_020'
'130_009','131_029'
'130_010','131_039'
'130_011','131_043'
'130_012','131_006'
'130_013','131_024'
'130_013','131_035'
'130_014','131_021'
'130_015','131_046'
'130_016','131_070'
'130_017','131_047'
'130_018','131_040'
'130_019','131_037'
'130_020','131_005'
'130_021','131_010'
'130_022','131_057'
'130_023','131_014'
'130_024','131_023'
'130_025','131_034'
'130_026','131_058'
'130_027','131_026'
'130_028','131_052'
'130_029','131_008'
'130_030','131_041'
'130_032','131_072'
'130_034','131_038'
'130_035','131_004'
'130_036','131_049'
'130_037','131_030'
'130_038','131_007'
'130_039','131_031'
'130_040','131_013'
'130_041','131_012'
'130_042','131_009'
'130_043','131_036'
'130_044','131_022'
'130_045','131_054'
'130_046','131_044'
'130_047','131_032'
'130_048','131_066'
'130_049','131_059'
'130_050','131_051'
'130_050','131_056'
'130_051','131_055'
'130_052','131_071'
'130_053','131_042'
'130_054','131_065'
'130_055','131_015'
'130_056','131_069'
'130_059','131_060'
'130_061','131_050'
'130_062','131_068'
'130_063','131_064'
'130_064','131_061'
'130_065','131_063'
'130_066','131_053'
'130_067','131_017'
'130_068','131_048'
'130_069','131_001'
'130_070','131_025'
'130_071','131_027'
'130_384','131_396'
'130_385','131_028'
'131_001','132_064'
'131_002','132_387'
'131_004','132_006'
'131_005','132_022'
'131_006','132_018'
'131_007','132_020'
'131_008','132_044'
'131_009','132_025'
'131_010','132_386'
'131_011','132_061'
'131_012','132_063'
'131_013','132_012'
'131_014','132_010'
'131_015','132_026'
'131_016','132_392'
'131_017','132_024'
'131_018','132_035'
'131_019','132_015'
'131_020','132_389'
'131_021','132_072'
'131_022','132_048'
'131_022','132_060'
'131_023','132_021'
'131_024','132_038'
'131_025','132_059'
'131_026','132_034'
'131_027','132_056'
'131_028','132_394'
'131_029','132_017'
'131_030','132_004'
'131_031','132_049'
'131_032','132_068'
'131_033','132_388'
'131_034','132_057'
'131_035','132_047'
'131_036','132_070'
'131_037','132_062'
'131_038','132_031'
'131_039','132_051'
'131_040','132_030'
'131_041','132_008'
'131_042','132_046'
'131_043','132_028'
'131_044','132_037'
'131_045','132_066'
'131_046','132_003'
'131_047','132_029'
'131_048','132_011'
'131_049','132_052'
'131_050','132_071'
'131_051','132_045'
'131_052','132_050'
'131_053','132_023'
'131_054','132_007'
'131_055','132_058'
'131_056','132_042'
'131_057','132_032'
'131_058','132_043'
'131_059','132_001'
'131_060','132_039'
'131_061','132_390'
'131_063','132_041'
'131_063','132_067'
'131_064','132_036'
'131_065','132_033'
'131_066','132_065'
'131_066','132_069'
'131_068','132_013'
'131_069','132_040'
'131_070','132_009'
'131_071','132_054'
'131_072','132_055'
'131_396','132_393'
'132_001','133_055'
'132_003','133_005'
'132_004','133_042'
'132_006','133_016'
'132_007','133_031'
'132_008','133_008'
'132_009','133_060'
'132_010','133_007'
'132_011','133_067'
'132_012','133_034'
'132_012','133_046'
'132_013','133_062'
'132_015','133_026'
'132_017','133_397'
'132_018','133_015'
'132_020','133_063'
'132_021','133_028'
'132_022','133_056'
'132_023','133_037'
'132_024','133_025'
'132_025','133_010'
'132_026','133_043'
'132_028','133_057'
'132_029','133_023'
'132_030','133_013'
'132_031','133_021'
'132_032','133_051'
'132_033','133_030'
'132_034','133_022'
'132_035','133_398'
'132_036','133_011'
'132_037','133_070'
'132_038','133_029'
'132_039','133_072'
'132_040','133_068'
'132_041','133_045'
'132_042','133_040'
'132_043','133_039'
'132_044','133_019'
'132_044','133_033'
'132_045','133_035'
'132_046','133_069'
'132_046','133_071'
'132_047','133_049'
'132_048','133_058'
'132_049','133_038'
'132_050','133_059'
'132_051','133_020'
'132_052','133_024'
'132_054','133_073'
'132_055','133_018'
'132_056','133_050'
'132_057','133_047'
'132_058','133_032'
'132_059','133_066'
'132_060','133_053'
'132_061','133_001'
'132_062','133_004'
'132_063','133_052'
'132_064','133_041'
'132_065','133_054'
'132_066','133_006'
'132_067','133_074'
'132_068','133_048'
'132_069','133_065'
'132_070','133_076'
'132_071','133_075'
'132_072','133_044'
'132_386','133_017'
'132_387','133_079'
'132_388','133_012'
'132_389','133_014'
'132_390','133_064'
'132_392','133_036'
'132_393','133_002'
'132_394','133_009'
'133_001','134_047'
'133_002','134_016'
'133_004','134_015'
'133_005','134_009'
'133_006','134_038'
'133_007','134_031'
'133_008','134_039'
'133_009','134_021'
'133_010','134_036'
'133_011','134_001'
'133_012','134_400'
'133_013','134_032'
'133_014','134_002'
'133_015','134_018'
'133_016','134_022'
'133_017','134_023'
'133_018','134_074'
'133_019','134_054'
'133_020','134_040'
'133_021','134_073'
'133_022','134_010'
'133_023','134_037'
'133_024','134_062'
'133_025','134_030'
'133_026','134_401'
'133_028','134_060'
'133_029','134_045'
'133_030','134_034'
'133_031','134_024'
'133_032','134_066'
'133_033','134_064'
'133_034','134_044'
'133_035','134_025'
'133_036','134_402'
'133_037','134_048'
'133_038','134_004'
'133_039','134_008'
'133_040','134_013'
'133_041','134_019'
'133_042','134_057'
'133_043','134_399'
'133_044','134_403'
'133_045','134_041'
'133_046','134_026'
'133_047','134_056'
'133_048','134_072'
'133_049','134_014'
'133_050','134_071'
'133_051','134_029'
'133_052','134_042'
'133_053','134_043'
'133_054','134_067'
'133_055','134_020'
'133_056','134_052'
'133_057','134_055'
'133_058','134_053'
'133_059','134_046'
'133_060','134_075'
'133_062','134_033'
'133_063','134_404'
'133_064','134_061'
'133_065','134_065'
'133_066','134_012'
'133_067','134_027'
'133_068','134_070'
'133_069','134_049'
'133_070','134_063'
'133_071','134_035'
'133_072','134_017'
'133_073','134_068'
'133_074','134_051'
'133_075','134_028'
'133_076','134_006'
'133_079','134_058'
'133_397','134_011'
'133_398','134_005'
'134_001','135_070'
'134_002','135_409'
'134_004','135_046'
'134_005','135_018'
'134_006','135_028'
'134_008','135_044'
'134_009','135_043'
'134_010','135_024'
'134_011','135_021'
'134_012','135_057'
'134_013','135_027'
'134_014','135_053'
'134_015','135_006'
'134_016','135_047'
'134_017','135_030'
'134_018','135_050'
'134_019','135_076'
'134_020','135_069'
'134_021','135_042'
'134_022','135_025'
'134_023','135_010'
'134_024','135_013'
'134_025','135_011'
'134_026','135_037'
'134_027','135_031'
'134_027','135_064'
'134_028','135_061'
'134_029','135_023'
'134_030','135_039'
'134_031','135_003'
'134_032','135_017'
'134_033','135_075'
'134_034','135_007'
'134_035','135_407'
'134_036','135_049'
'134_037','135_029'
'134_038','135_002'
'134_040','135_026'
'134_041','135_051'
'134_042','135_080'
'134_043','135_077'
'134_044','135_016'
'134_045','135_032'
'134_046','135_073'
'134_047','135_001'
'134_048','135_065'
'134_049','135_072'
'134_051','135_052'
'134_052','135_008'
'134_053','135_068'
'134_054','135_041'
'134_055','135_005'
'134_056','135_060'
'134_057','135_004'
'134_058','135_036'
'134_060','135_045'
'134_060','135_067'
'134_061','135_410'
'134_062','135_033'
'134_063','135_058'
'134_064','135_056'
'134_065','135_062'
'134_066','135_015'
'134_067','135_048'
'134_068','135_066'
'134_070','135_059'
'134_071','135_055'
'134_072','135_071'
'134_073','135_040'
'134_074','135_034'
'134_075','135_022'
'134_399','135_035'
'134_400','135_012'
'134_401','135_408'
'134_402','135_014'
'134_403','135_054'
'134_404','135_405'
'135_001','136_027'
'135_002','136_058'
'135_003','136_009'
'135_004','136_042'
'135_005','136_016'
'135_006','136_040'
'135_007','136_056'
'135_008','136_001'
'135_010','136_013'
'135_011','136_041'
'135_012','136_011'
'135_013','136_051'
'135_014','136_030'
'135_015','136_052'
'135_016','136_055'
'135_017','136_023'
'135_018','136_018'
'135_021','136_008'
'135_022','136_020'
'135_023','136_029'
'135_024','136_036'
'135_025','136_054'
'135_026','136_022'
'135_027','136_038'
'135_028','136_005'
'135_029','136_002'
'135_030','136_010'
'135_031','136_063'
'135_032','136_074'
'135_033','136_073'
'135_034','136_015'
'135_035','136_004'
'135_036','136_017'
'135_037','136_031'
'135_039','136_049'
'135_040','136_025'
'135_041','136_037'
'135_042','136_078'
'135_043','136_050'
'135_044','136_033'
'135_045','136_046'
'135_046','136_064'
'135_047','136_012'
'135_048','136_057'
'135_049','136_007'
'135_050','136_028'
'135_051','136_065'
'135_052','136_060'
'135_053','136_044'
'135_054','136_412'
'135_055','136_061'
'135_056','136_053'
'135_057','136_068'
'135_058','136_066'
'135_059','136_024'
'135_060','136_026'
'135_061','136_048'
'135_062','136_070'
'135_064','136_075'
'135_065','136_062'
'135_066','136_076'
'135_067','136_059'
'135_068','136_072'
'135_069','136_079'
'135_070','136_071'
'135_071','136_043'
'135_072','136_045'
'135_073','136_047'
'135_075','136_069'
'135_076','136_019'
'135_077','136_067'
'135_080','136_021'
'135_405','136_411'
'135_407','136_032'
'135_408','136_035'
'135_409','136_006'
'135_410','136_014'
'136_001','137_040'
'136_002','137_077'
'136_004','137_012'
'136_005','137_034'
'136_006','137_005'
'136_007','137_017'
'136_008','137_050'
'136_009','137_013'
'136_010','137_067'
'136_011','137_010'
'136_012','137_417'
'136_013','137_078'
'136_013','137_467'
'136_014','137_420'
'136_015','137_419'
'136_016','137_066'
'136_017','137_415'
'136_018','137_038'
'136_019','137_021'
'136_020','137_001'
'136_021','137_006'
'136_022','137_014'
'136_023','137_055'
'136_024','137_015'
'136_025','137_074'
'136_026','137_032'
'136_027','137_058'
'136_028','137_079'
'136_028','137_468'
'136_029','137_009'
'136_030','137_003'
'136_031','137_054'
'136_032','137_076'
'136_033','137_061'
'136_035','137_063'
'136_036','137_043'
'136_037','137_029'
'136_038','137_065'
'136_040','137_064'
'136_041','137_018'
'136_042','137_004'
'136_043','137_080'
'136_044','137_057'
'136_045','137_041'
'136_046','137_011'
'136_047','137_025'
'136_048','137_069'
'136_049','137_048'
'136_050','137_072'
'136_051','137_033'
'136_052','137_071'
'136_053','137_007'
'136_054','137_022'
'136_054','137_039'
'136_055','137_047'
'136_056','137_051'
'136_057','137_068'
'136_058','137_045'
'136_059','137_037'
'136_060','137_052'
'136_061','137_036'
'136_062','137_031'
'136_063','137_042'
'136_064','137_056'
'136_065','137_046'
'136_066','137_044'
'136_067','137_073'
'136_068','137_019'
'136_069','137_075'
'136_070','137_035'
'136_071','137_059'
'136_072','137_049'
'136_073','137_023'
'136_074','137_027'
'136_075','137_070'
'136_076','137_060'
'136_078','137_418'
'136_079','137_030'
'136_411','137_413'
'136_412','137_414'
'137_001','138_043'
'137_003','138_015'
'137_004','138_024'
'137_005','138_087'
'137_006','138_040'
'137_007','138_065'
'137_009','138_030'
'137_010','138_008'
'137_011','138_034'
'137_012','138_006'
'137_013','138_048'
'137_014','138_052'
'137_015','138_066'
'137_017','138_007'
'137_018','138_018'
'137_019','138_073'
'137_021','138_019'
'137_022','138_053'
'137_023','138_044'
'137_025','138_054'
'137_027','138_023'
'137_029','138_021'
'137_030','138_037'
'137_031','138_060'
'137_032','138_032'
'137_033','138_011'
'137_034','138_058'
'137_035','138_077'
'137_036','138_071'
'137_037','138_003'
'137_038','138_014'
'137_039','138_045'
'137_040','138_078'
'137_041','138_042'
'137_042','138_026'
'137_043','138_046'
'137_044','138_063'
'137_045','138_059'
'137_046','138_067'
'137_047','138_029'
'137_048','138_002'
'137_049','138_016'
'137_050','138_027'
'137_051','138_020'
'137_052','138_069'
'137_054','138_039'
'137_055','138_004'
'137_056','138_028'
'137_057','138_083'
'137_058','138_035'
'137_058','138_470'
'137_059','138_025'
'137_059','138_047'
'137_060','138_061'
'137_061','138_041'
'137_063','138_081'
'137_064','138_079'
'137_065','138_036'
'137_066','138_072'
'137_067','138_076'
'137_068','138_051'
'137_069','138_033'
'137_070','138_017'
'137_071','138_070'
'137_072','138_001'
'137_073','138_050'
'137_074','138_064'
'137_075','138_082'
'137_075','138_086'
'137_076','138_031'
'137_077','138_074'
'137_078','138_080'
'137_079','138_055'
'137_080','138_057'
'137_413','138_421'
'137_414','138_422'
'137_415','138_425'
'137_417','138_038'
'137_418','138_009'
'137_419','138_005'
'137_420','138_062'
'137_467','138_473'
'137_468','138_474'
'138_001','139_430'
'138_002','139_022'
'138_003','139_038'
'138_004','139_037'
'138_005','139_007'
'138_006','139_006'
'138_007','139_042'
'138_008','139_028'
'138_009','139_081'
'138_011','139_011'
'138_014','139_002'
'138_015','139_429'
'138_016','139_026'
'138_017','139_064'
'138_018','139_004'
'138_019','139_008'
'138_020','139_067'
'138_021','139_031'
'138_023','139_021'
'138_024','139_054'
'138_025','139_063'
'138_026','139_051'
'138_027','139_039'
'138_027','139_056'
'138_028','139_062'
'138_029','139_074'
'138_030','139_005'
'138_031','139_428'
'138_032','139_012'
'138_033','139_044'
'138_034','139_043'
'138_035','139_035'
'138_036','139_034'
'138_037','139_027'
'138_038','139_023'
'138_039','139_057'
'138_040','139_052'
'138_041','139_065'
'138_042','139_431'
'138_043','139_053'
'138_044','139_050'
'138_045','139_041'
'138_046','139_032'
'138_047','139_068'
'138_048','139_040'
'138_050','139_078'
'138_051','139_073'
'138_052','139_016'
'138_053','139_070'
'138_054','139_076'
'138_055','139_055'
'138_057','139_061'
'138_058','139_075'
'138_059','139_082'
'138_059','139_085'
'138_060','139_069'
'138_061','139_079'
'138_062','139_071'
'138_063','139_036'
'138_064','139_049'
'138_065','139_086'
'138_066','139_083'
'138_067','139_013'
'138_069','139_048'
'138_070','139_047'
'138_071','139_060'
'138_072','139_017'
'138_073','139_018'
'138_074','139_020'
'138_076','139_014'
'138_077','139_077'
'138_078','139_015'
'138_079','139_072'
'138_079','139_080'
'138_080','139_046'
'138_081','139_033'
'138_082','139_058'
'138_083','139_024'
'138_086','139_029'
'138_087','139_427'
'138_421','139_025'
'138_422','139_019'
'138_425','139_030'
'138_470','139_009'
'138_473','139_471'
'138_474','139_472'
'139_002','140_021'
'139_004','140_040'
'139_005','140_011'
'139_006','140_023'
'139_007','140_480'
'139_008','140_015'
'139_009','140_434'
'139_011','140_032'
'139_012','140_046'
'139_013','140_020'
'139_014','140_077'
'139_016','140_478'
'139_017','140_016'
'139_018','140_013'
'139_019','140_087'
'139_020','140_025'
'139_021','140_010'
'139_022','140_029'
'139_023','140_073'
'139_023','140_081'
'139_024','140_064'
'139_025','140_003'
'139_026','140_051'
'139_027','140_005'
'139_028','140_041'
'139_029','140_043'
'139_030','140_432'
'139_031','140_048'
'139_032','140_062'
'139_033','140_039'
'139_034','140_014'
'139_035','140_019'
'139_036','140_045'
'139_037','140_026'
'139_038','140_018'
'139_039','140_028'
'139_040','140_054'
'139_041','140_070'
'139_042','140_017'
'139_043','140_008'
'139_044','140_001'
'139_046','140_072'
'139_047','140_071'
'139_048','140_056'
'139_049','140_060'
'139_050','140_037'
'139_051','140_049'
'139_052','140_479'
'139_053','140_009'
'139_054','140_047'
'139_056','140_065'
'139_057','140_044'
'139_058','140_030'
'139_060','140_035'
'139_061','140_078'
'139_062','140_052'
'139_063','140_053'
'139_064','140_066'
'139_065','140_061'
'139_067','140_031'
'139_067','140_036'
'139_068','140_076'
'139_069','140_057'
'139_070','140_024'
'139_071','140_476'
'139_072','140_042'
'139_073','140_079'
'139_074','140_038'
'139_075','140_059'
'139_076','140_033'
'139_077','140_068'
'139_078','140_075'
'139_079','140_055'
'139_080','140_082'
'139_081','140_004'
'139_082','140_063'
'139_083','140_034'
'139_085','140_074'
'139_086','140_012'
'139_427','140_067'
'139_428','140_086'
'139_429','140_027'
'139_430','140_006'
'139_431','140_058'
'139_471','140_477'
'139_472','140_050'
