Frame,ID,Volume_nowarp,MeanIntensity_nowarp,Volume_warp,MeanIntensity_warp
1,1,25224,143.88177925785,25224,165.317277196321
1,2,21660,134.803370267775,21660,132.395152354571
1,3,15165,128.524299373558,15165,124.038641608968
1,4,13698,121.945758504891,13698,120.118411446927
1,5,14811,120.644520964148,14811,128.106069812977
1,6,13773,121.344006389312,13773,120.006389312423
1,8,12749,122.933641854263,12749,121.84665463958
1,9,13271,122.358601461834,13271,121.892698364856
1,10,5164,130.042602633617,5164,137.572811773819
1,11,13592,124.916642142437,13592,123.550765155974
1,12,11039,129.010055258629,11039,141.072742096204
1,13,8207,131.042280979652,8207,138.864384062386
1,15,6582,134.702522029778,6582,156.359617137648
1,16,5669,121.105133180455,5669,136.644558123126
2,1,16608,123.440751445087,16608,121.918171965318
2,2,26057,146.97516982001,26057,176.950608281844
2,3,14400,126.742152777778,14400,123.926736111111
2,4,13976,119.800300515169,13976,122.046365197481
2,5,13019,119.955065673247,13019,122.03034027191
2,6,13168,141.639049210207,13168,186.994684082625
2,7,11243,124.027039046518,11243,121.897892021702
2,8,10266,135.876972530684,10266,175.149425287356
2,9,13058,122.287256854036,13058,120.385587379384
2,10,10133,133.910687851574,10133,188.1106286391
2,11,10283,124.271029855101,10283,122.528833997861
2,12,11401,163.039294798702,11401,249.349530742917
2,13,13321,122.73530515727,13321,120.470835522859
2,14,10952,131.723794740687,10952,133.355734112491
3,1,12434,126.292423998713,12434,121.829499758726
3,2,13684,141.160917860275,13684,190.450087693657
3,3,15343,119.502965521736,15343,122.020139477286
3,4,11722,121.802593414093,11722,119.699880566456
3,5,13973,137.795033278466,13973,161.077792886281
3,6,13634,124.690406337098,13634,122.938902743142
3,7,5004,125.405275779376,5004,134.612110311751
3,8,13774,123.83991578336,13774,120.788441992159
3,9,13119,122.041466575196,13119,121.78230048022
3,10,9981,136.031660154293,9981,179.8396954213
3,11,7867,130.507563238846,7867,131.790390237702
3,12,14010,126.13982869379,14010,122.506780870807
3,13,12467,139.199005374188,12467,169.702975856261
3,14,14790,122.846855983773,14790,119.865990534145
3,59,33347,133.539328875161,33347,133.719524994752
4,1,9429,126.973486053664,9429,164.280199384876
4,2,14747,122.409913880789,14747,121.709635858141
4,3,14476,122.168347609837,14476,121.396518375242
4,4,14856,121.563274098008,14856,119.532512116317
4,5,15901,123.836928495063,15901,124.153826803346
4,6,13176,124.901108075288,13176,121.092516697025
4,7,15254,127.86357676675,15254,123.332896289498
4,8,15898,119.038935715184,15898,121.29632658196
4,9,8737,131.041661897677,8737,154.416733432528
4,10,15025,123.747420965058,15025,120.879201331115
4,11,12720,122.257468553459,12720,121.243946540881
4,12,13684,124.335428237358,13684,122.88592516808
4,13,11916,121.070661295737,11916,121.163141993958
4,14,13089,122.465658186263,13089,119.805943922378
4,60,22267,132.822248169938,22267,133.788790586967
5,1,10460,129.48154875717,10460,189.128202676864
5,2,13507,122.382468349745,13507,121.108758421559
5,3,14931,123.762842408412,14931,123.729221083651
5,4,10320,136.883333333333,10320,176.859205426357
5,5,15066,119.257068896854,15066,121.618213195274
5,6,12251,121.418169945311,12251,121.402987511224
5,7,15260,122.30124508519,15260,121.597771952818
5,8,13424,122.667386769964,13424,119.840360548272
5,9,11611,125.527000258376,11611,122.228834725691
5,10,12067,124.455042678379,12067,121.278776829369
5,11,12844,121.801775147929,12844,119.515960759888
5,12,13920,122.674137931034,13920,121.56400862069
5,13,14774,123.047718965751,14774,120.450385812915
5,15,14292,124.050237895326,14292,122.925762664428
5,62,11362,131.433022355219,11362,131.992694948073
5,63,10517,133.965009032994,10517,132.898259960065
6,1,16015,124.104339681549,16015,122.151732750546
6,2,9372,133.188753734528,9372,162.79844216816
6,3,13399,122.767818493917,13399,120.756996790805
6,4,15514,122.299987108418,15514,119.922005930128
6,5,12894,123.843493097565,12894,121.716922599659
6,6,14553,123.089603518175,14553,120.065622208479
6,7,14241,122.294572010393,14241,121.058563303139
6,8,12413,123.742205752034,12413,124.90743575284
6,9,14677,126.2088301424,14677,123.269469237583
6,10,13381,123.087213212764,13381,120.934907704955
6,11,13873,120.158941829453,13873,120.93923448425
6,12,13358,120.442955532265,13358,123.456580326396
6,13,7206,135.591729114627,7206,161.33569247849
6,14,13023,121.124011364509,13023,119.150733317976
6,15,12733,123.260268593419,12733,121.071939055996
6,16,11720,121.44837883959,11720,121.209300341297
7,1,14842,121.630440641423,14842,120.110092979383
7,2,12605,120.280047600159,12605,121.008171360571
7,3,13922,121.346358281856,13922,121.26217497486
7,4,16057,121.767391168961,16057,125.471134084823
7,5,14844,121.585960657505,14844,119.600714093236
7,6,13884,120.53399596658,13884,120.478032267358
7,7,14573,122.602209565635,14573,120.327043162012
7,8,9680,138.132231404959,9680,181.084814049587
7,9,13696,120.898364485981,13696,118.816077686916
7,10,15627,122.221539642926,15627,119.993344851859
7,11,13674,122.724367412608,13674,120.136609624104
7,12,11024,121.861121190131,11024,120.61982946299
7,13,11171,142.730820875481,11171,180.856951033927
7,14,13720,124.342201166181,13720,121.853790087464
7,15,12590,122.963780778396,12590,121.159968228753
7,16,13806,123.389178617992,13806,121.088150079676
8,1,14915,123.276097888032,14915,120.915454240697
8,2,13869,121.987454034177,13869,121.205350061288
8,3,12372,122.005981247979,12372,120.883042353702
8,4,12268,123.890446690577,12268,120.644685360287
8,5,13850,121.888880866426,13850,120.691696750903
8,6,11454,133.284442116291,11454,163.75240090798
8,7,13171,122.880646875712,13171,120.150482119809
8,8,13611,120.893688928073,13611,119.767761369481
8,9,11899,121.837549373897,11899,119.073367509875
8,10,13798,123.188215683432,13798,121.900855196405
8,11,12538,124.756819269421,12538,123.09172116765
8,12,13009,133.463140902452,13009,164.349450380506
8,13,14170,123.911220889203,14170,121.714537755822
8,14,13948,122.405864640092,13948,121.343203326642
8,15,11403,123.342804525125,11403,122.956502674735
8,16,6454,119.556089246979,6454,125.320886272079
9,1,15344,122.868091762252,15344,120.167427007299
9,2,13979,123.775234279991,13979,121.166320909936
9,3,15429,124.37753580919,15429,122.49264372286
9,4,14562,119.167971432496,14562,120.067985166873
9,5,11251,122.488756554973,11251,122.659141409652
9,6,16428,121.855247139031,16428,120.256574141709
9,7,14851,124.345902632819,14851,122.319709110498
9,8,10842,121.085500830105,10842,123.159103486442
9,9,13031,121.155859105211,13031,120.915048729952
9,10,14722,123.686659421274,14722,121.992460263551
9,11,12296,123.237394274561,12296,121.57514638907
9,12,16078,121.559211344695,16078,121.1329767384
9,13,12390,124.418563357546,12390,120.422437449556
9,14,13046,121.157289590679,13046,119.662195308907
9,15,11486,122.308810726101,11486,122.00687793836
9,16,9068,125.866012351125,9068,126.019850022056
10,1,14410,121.07279666898,14410,120.101734906315
10,2,14522,122.145159068999,14522,119.654042142956
10,3,12314,123.385090141303,12314,121.211222998213
10,4,13990,123.818370264475,13990,122.242244460329
10,5,13293,120.579553148274,13293,120.690212894004
10,6,15536,122.304582904222,15536,121.434925334706
10,7,15034,119.454237062658,15034,120.143408274578
10,8,11584,123.767437845304,11584,123.230921961326
10,9,15027,124.038863379251,15027,121.932787648899
10,10,12849,122.396684566892,12849,121.464705424547
10,11,13014,122.989857076994,13014,121.617027816198
10,12,13973,125.107493022257,13973,120.625849853288
10,13,16688,120.825623202301,16688,120.587068552253
10,14,15652,121.15314336826,15652,119.84321492461
10,15,12825,124.145808966862,12825,121.961637426901
10,100,10403,130.394501586081,10403,129.475920407575
11,1,16576,122.58638996139,16576,121.036619208494
11,2,16520,121.056719128329,16520,119.676089588378
11,3,15026,121.382337282044,15026,120.158059363769
11,4,14533,119.388288722218,14533,119.977843528521
11,5,13209,125.214399273223,13209,120.750851692028
11,6,11806,124.373538878536,11806,123.098509232594
11,7,13447,122.60816539005,13447,121.713988250167
11,8,13234,120.48405621883,13234,120.470530451866
11,9,14538,121.747351767781,14538,119.481840693355
11,10,15049,122.957405807695,15049,121.323144394976
11,11,14442,123.524373355491,14442,122.05643262706
11,12,16587,120.77723518418,16587,120.572436245252
11,13,12454,123.176248594829,12454,120.887586317649
11,14,13945,123.597346719254,13945,121.802724991036
11,15,12559,122.411418106537,12559,121.314754359424
11,17,7505,132.256229180546,7505,130.53017988008
12,1,16853,119.252655313594,16853,120.693645048359
12,2,15189,123.798275067483,15189,123.207979458819
12,3,13527,120.911510312708,13527,120.451245656834
12,4,16365,122.10406355026,16365,119.779835013749
12,5,12066,124.607326371623,12066,122.586855627383
12,6,13111,119.872015864541,13111,120.353214857753
12,7,15206,121.729711955807,15206,120.342364855978
12,8,14270,123.958163980378,14270,122.515907498248
12,9,15846,121.886911523413,15846,119.564874416256
12,10,13185,122.642169131589,13185,120.236784224498
12,11,12477,123.137613208303,12477,120.426384547568
12,12,12110,124.30470685384,12110,121.523947151115
12,13,14002,120.726824739323,14002,119.996071989716
12,14,13113,120.487683977732,13113,120.309768931595
12,15,6310,128.954199683043,6310,131.000316957211
12,16,13809,123.117604460859,13809,120.228981099283
13,1,13443,122.079446552109,13443,122.101316670386
13,2,16041,121.985287700268,16041,120.859609750016
13,3,12548,121.854956965253,12548,121.054988842843
13,4,13993,120.974773100836,13993,120.080397341528
13,5,14623,121.930452027628,14623,120.201873760514
13,6,16442,123.114280501156,16442,120.536917649921
13,7,14912,124.785743025751,14912,122.169930257511
13,8,15234,122.397728764605,15234,120.156360771957
13,9,14287,123.595296423322,14287,121.295863372296
13,10,14613,121.013549579142,14613,119.152056388148
13,11,14982,120.75624082232,14982,119.069082899479
13,12,16218,119.436736958935,16218,119.680848440005
13,13,15008,123.523320895522,15008,122.286247334755
13,14,12594,119.959186914404,12594,119.579005875814
13,15,14024,121.036009697661,14024,120.618368511124
13,16,6732,120.120320855615,6732,131.584967320261
14,1,16008,122.003123438281,16008,120.451461769115
14,2,14082,120.625621360602,14082,119.317426501917
14,3,14377,121.426931905126,14377,119.975168672185
14,4,15060,121.231739707835,15060,118.992895086321
14,5,14129,123.836223370373,14129,121.455870903815
14,6,15330,124.32257012394,15330,122.118917155903
14,7,15494,123.982832064025,15494,120.832644894798
14,8,13956,122.151476067641,13956,121.235597592433
14,9,12124,121.065572418344,12124,120.409188386671
14,10,13724,121.56412124745,13724,119.417735354124
14,11,14476,121.949571704891,14476,119.964354794142
14,12,15236,123.905683906537,15236,122.808611184038
14,13,14200,119.950492957746,14200,120.082535211268
14,14,16565,119.495683670389,16565,119.498219136734
14,15,12588,119.698363520813,12588,119.299173816333
14,16,5905,119.671464860288,5905,133.14750211685
15,1,15572,121.313768302081,15572,119.330978679681
15,2,15067,119.282272516095,15067,120.144421583593
15,3,12549,122.984221850347,12549,121.484739819906
15,4,16280,123.898955773956,16280,120.848894348894
15,5,15365,121.38939147413,15365,120.334005857468
15,6,15523,124.818527346518,15523,123.157508213618
15,7,12796,122.185604876524,12796,119.930994060644
15,8,16432,119.719510710808,16432,119.474805258033
15,9,14806,120.726597325409,14806,119.345738214237
15,10,12820,122.102730109204,12820,121.224414976599
15,11,13275,121.911337099812,13275,119.001355932203
15,12,12670,121.272138910813,12670,119.592107340174
15,13,15396,123.369771369187,15396,121.582424006235
15,14,15153,122.840691612222,15153,121.504718537583
15,15,15255,120.735234349394,15255,120.579416584726
15,16,5269,119.477889542608,5269,133.483013854621
16,1,14848,120.178205818966,14848,120.261853448276
16,2,12434,122.648544313978,12434,120.234035708541
16,3,14361,120.120256249565,14361,118.412297193789
16,4,14665,123.814728946471,14665,122.413978861234
16,5,15785,122.985492556224,15785,121.176750079189
16,6,16072,120.296105027377,16072,120.424402687904
16,7,14051,121.118995089317,14051,119.98135364031
16,8,15044,120.982783834087,15044,119.215833554906
16,9,16742,119.686417393382,16742,120.765022100108
16,10,14183,121.476556440809,14183,119.495734329831
16,11,15144,122.809957739039,15144,120.328050713154
16,12,13743,120.557738485047,13743,118.657643891436
16,13,15451,120.070675037214,15451,119.709662804996
16,14,14156,122.348756710935,14156,121.549166431195
16,15,13195,122.15452823039,13195,120.414020462296
16,16,5298,122.83597583994,5298,136.391279728199
17,1,15991,123.707835657557,15991,122.443186792571
17,2,13658,121.604700541807,13658,119.977668765559
17,3,15297,120.870170621691,15297,120.169314244623
17,4,16261,120.320214008979,16261,120.426788020417
17,5,16203,119.892612479171,16203,120.728877368389
17,6,13712,122.024722870478,13712,120.479725787631
17,7,15792,120.711816109422,15792,120.051481762918
17,8,14544,121.458058305831,14544,119.328520352035
17,9,13501,122.620398489001,13501,121.880823642693
17,10,15604,120.691233017175,15604,118.644257882594
17,11,15108,121.361795075457,15108,119.500728091078
17,12,16152,121.575532441803,16152,120.540056958891
17,13,14716,120.083786354988,14716,119.755504213101
17,14,14450,123.300069204152,14450,121.377785467128
17,15,12138,120.349975284231,12138,118.527599275004
17,66,8546,128.774865434121,8546,139.2576644044
18,1,17882,119.340957387317,17882,121.121966223018
18,2,14707,123.439450601754,14707,121.958591147073
18,3,17239,121.506409884564,17239,119.263820407216
18,4,15953,120.763806180656,15953,119.506487807936
18,5,13143,121.110857490679,13143,119.554515711786
18,6,13788,120.90317667537,13788,119.17333913548
18,7,16544,123.376208897485,16544,121.711315280464
18,8,15661,119.978353872677,15661,119.327884553988
18,9,13924,123.01278368285,13924,121.056880206837
18,10,16464,119.664905247813,16464,119.281280369291
18,11,15131,120.155376379618,15131,119.536778798493
18,12,14589,122.655425320447,14589,121.502913153746
18,13,13796,118.833357494926,13796,119.96745433459
18,14,14740,119.804681139756,14740,119.805495251018
18,15,16890,122.201243339254,16890,119.810716400237
18,16,5421,141.068806493267,5421,143.804279653201
19,1,18275,119.6107250342,18275,121.440164158687
19,2,18114,120.688473004306,18114,119.660925251187
19,3,15252,119.851101494886,15252,119.01507998951
19,4,13339,121.276032686108,13339,118.698103306095
19,5,13667,123.115460598522,13667,121.666203263335
19,6,16658,123.333833593469,16658,121.87603553848
19,7,17351,121.336407123509,17351,118.948072157224
19,8,14598,122.957733936156,14598,121.12645567886
19,9,13935,119.257194115536,13935,120.159311087191
19,10,13403,120.579124076699,13403,119.037901962247
19,11,15051,123.456049431931,15051,121.730184040928
19,12,16062,122.974536172332,16062,119.994708006475
19,13,15158,120.222456788495,15158,119.256036416414
19,14,13720,120.230393586006,13720,119.716909620991
19,15,15515,119.851176281018,15515,119.900418949404
19,16,6490,142.878274268105,6490,143.736209553159
20,1,18934,119.604045632196,18934,121.495616351537
20,2,15461,123.29111959123,15461,121.566522217192
20,3,15158,120.561683599419,15158,119.157210713814
20,4,14880,122.52936827957,14880,120.249327956989
20,5,15068,120.439474382798,15068,119.907353331564
20,6,14566,119.878484141151,14566,119.49629273651
20,7,14767,119.944673935126,14767,120.558068666622
20,8,14492,120.62213635109,14492,118.799682583494
20,9,14242,122.359500070215,14242,121.557646397978
20,10,15996,122.504938734684,15996,121.498187046762
20,11,16394,120.724472367939,16394,118.871172380139
20,12,15138,121.717399920729,15138,120.289338089576
20,13,14020,120.444935805991,14020,119.252639087019
20,14,13802,120.712940153601,13802,118.627590204318
20,15,15388,120.054652976345,15388,120.070054587991
20,16,5609,141.986985202353,5609,139.291139240506
21,1,19244,119.625233839119,19244,121.835741010185
21,2,15420,122.876588845655,15420,120.402723735409
21,3,17573,121.171228589313,17573,118.969327946281
21,4,15864,120.615229450328,15864,119.286182551689
21,5,17132,123.147676862013,17132,121.747256595844
21,6,15624,120.587237583205,15624,120.000256016385
21,7,16592,122.574855351977,16592,121.471974445516
21,8,14969,120.110294608858,14969,119.766383859977
21,9,14522,122.66519763118,14522,121.563421016389
21,10,14367,120.222871859122,14367,119.231920373077
21,11,14784,120.418425324675,14784,118.910714285714
21,12,6083,143.472628637186,6083,141.412296564195
21,13,13970,120.218969219757,13970,120.405082319256
21,14,13663,121.152309156115,13663,118.749396179463
21,15,15680,121.863839285714,15680,120.444642857143
21,16,16122,120.140677335318,16122,120.388723483439
22,1,15753,122.903446962483,15753,120.847457627119
22,2,18839,119.672063272998,18839,122.432825521524
22,3,14472,120.263197899392,14472,119.096738529574
22,4,15277,119.813510505989,15277,118.980100805132
22,5,16020,119.728901373283,16020,120.053308364544
22,6,15819,120.295404260699,15819,119.742588027056
22,7,14281,120.122610461452,14281,119.527063931097
22,8,13989,119.858603188219,13989,119.119379512474
22,9,16809,121.824498780415,16809,119.124516627997
22,10,13329,120.817915822642,13329,118.617450671468
22,11,16684,122.589367058259,16684,121.257612083433
22,12,14630,119.965208475735,14630,120.392686261107
22,13,17052,122.788822425522,17052,121.310286183439
22,14,15721,122.438267285796,15721,121.450989122829
22,15,14664,121.465561920349,14664,120.168917075832
22,16,4658,145.784456848433,4658,142.347144697295
23,1,19605,119.730221882173,19605,122.732058148432
23,2,17416,122.482028020211,17416,121.285484611851
23,3,14604,120.359079704191,14604,119.025677896467
23,4,15798,122.129889859476,15798,120.587606026079
23,5,15807,119.989308534194,15807,119.583349149111
23,6,17256,121.711694483078,17256,119.048273064441
23,7,14128,119.722041336353,14128,119.022366930917
23,8,16207,120.434256802616,16207,119.727401739989
23,9,15444,119.895558145558,15444,120.088448588449
23,10,15531,121.335715665443,15531,120.133474985513
23,11,15350,122.497459283388,15350,121.284625407166
23,12,17073,122.856498564986,17073,121.292274351315
23,13,14272,120.884248878924,14272,118.829736547085
23,14,15258,120.212937475423,15258,119.059313147201
23,15,14878,119.917663664471,14878,120.158287404221
23,16,6383,150.815760614131,6383,146.335735547548
24,1,18907,119.869148992437,18907,123.473316760988
24,2,15869,120.988594114311,15869,119.860293654295
24,3,15136,120.072938689218,15136,119.163583509514
24,4,14523,120.203883495146,14523,120.215451353026
24,5,16330,121.872443355787,16330,119.181935088794
24,6,15915,120.688092994031,15915,119.900345585925
24,7,16621,120.409361650924,16621,120.211599783407
24,8,15006,119.618619218979,15006,119.058643209383
24,9,17332,123.111700900069,17332,121.241633971844
24,10,16102,120.098931809713,16102,119.682896534592
24,11,16439,120.330798710384,16439,119.267838676319
24,12,16658,122.588005762997,16658,120.438047784848
24,13,15052,121.223757640181,15052,119.876494817964
24,14,14568,122.226317957166,14568,121.078185063152
24,15,14369,120.719535110307,14369,118.725241840072
24,16,5194,152.425490951097,5194,148.866961879091
25,1,20006,120.088973308008,20006,123.92377286814
25,2,16450,122.502370820669,16450,121.108085106383
25,3,17688,120.263172772501,17688,119.431422433288
25,4,15599,120.015065068274,15599,119.533816270274
25,5,15690,122.446908859146,15690,120.268833652008
25,6,14962,120.175377623312,14962,119.214744018179
25,7,16164,120.560504825538,16164,120.02276664192
25,8,14301,119.797216977834,14301,119.006293266205
25,9,16719,121.456008134458,16719,119.12375142054
25,10,16036,121.421426789723,16036,120.068283861312
25,11,14852,119.959534069486,14852,120.039927282521
25,12,17633,122.896444167187,17633,121.291045199342
25,13,16549,120.409752855157,16549,120.214031059279
25,14,15369,122.379725421303,15369,121.142559698094
25,15,5651,152.277649973456,5651,146.215006193594
25,16,13612,120.920290919777,13612,118.688510138113
26,1,17876,123.086037144775,17876,121.972197359588
26,2,17237,120.806926959448,17237,120.119568370366
26,3,15261,119.810431819671,15261,119.500950134329
26,4,19158,120.168284789644,19158,124.550005219752
26,5,17617,122.391553612987,17617,120.353919509565
26,6,17921,121.828134590704,17921,119.370180235478
26,7,16896,123.242838541667,16896,121.404237689394
26,8,16591,121.85757338316,16591,120.245132903381
26,9,14620,120.256429548564,14620,119.084678522572
26,10,16111,121.391347526535,16111,120.479610204208
26,11,15611,120.317980910896,15611,119.582730126193
26,12,14457,121.023448848309,14457,118.787922805561
26,13,15119,122.521396917786,15119,121.190158079238
26,14,15414,120.643051771117,15414,120.462890878422
26,15,16836,120.418092183416,16836,120.277916369684
26,16,4951,154.498687133912,4951,150.229650575641
27,1,20498,120.262415845448,20498,124.480827397795
27,2,17333,122.850920210004,17333,121.977730340968
27,3,17923,121.811806059253,17923,119.330134464096
27,4,18203,120.819260561446,18203,120.026149535791
27,5,16775,121.6339195231,16775,120.143010432191
27,6,18550,123.245660377358,18550,121.631105121294
27,7,16893,121.329485585746,16893,120.543597939975
27,8,16716,122.38394352716,16716,120.358698253171
27,9,15614,120.646535160753,15614,119.826309722044
27,10,15645,122.311025886865,15645,121.075806967082
27,11,14974,120.727460932283,14974,120.390610391345
27,12,14313,119.96807098442,14313,119.080206805002
27,13,16040,120.591957605985,16040,120.233478802993
27,14,15383,119.906845218748,15383,119.440811285185
27,15,14964,121.238572574178,14964,118.930633520449
27,16,5207,154.463414634146,5207,149.132129825235
28,1,17675,122.148628005658,17675,120.561923620934
28,2,20454,120.441527329618,20454,124.937224992666
28,3,15436,121.084672194869,15436,120.111103912931
28,4,17577,123.982021960517,17577,124.393753200205
28,5,15265,119.840157222404,15265,119.496036685228
28,6,17387,121.255305688158,17387,120.548225685857
28,7,15403,120.113614230994,15403,119.35025644355
28,8,18269,123.476216541683,18269,121.883518528655
28,9,17856,122.336245519713,17856,119.519937275986
28,10,15798,122.178503608052,15798,121.135776680592
28,11,16719,121.440456965129,16719,121.099348047132
28,12,16591,121.769754686276,16591,120.194442770177
28,13,17747,120.294979433144,17747,120.586127232772
28,14,16159,121.056872331209,16159,118.970295191534
28,15,15471,120.912287505656,15471,120.492792967488
28,16,5588,154.199534717251,5588,148.24892627058
29,1,21625,120.300809248555,21625,125.001294797688
29,2,17431,121.939762492112,17431,120.097297917503
29,3,18492,122.388816785637,18492,120.176454683106
29,4,20824,121.900547445255,20824,119.516135228582
29,5,17165,124.474628604719,17165,126.48680454413
29,6,18909,121.370722936168,18909,120.820138558358
29,7,19460,123.397738951696,19460,121.562641315519
29,8,16897,121.179499319406,16897,120.797597206605
29,9,16587,121.427684331103,16587,121.15433773437
29,10,15735,119.813854464569,15735,119.231394979345
29,11,17726,122.445052465305,17726,121.319643461582
29,12,17089,120.634092106033,17089,120.487565100357
29,13,15287,119.866487865507,15287,119.517367698044
29,14,15513,120.936375942758,15513,120.377167536905
29,15,13955,120.923038337513,13955,119.122823360803
29,16,5954,154.453644608666,5954,150.251931474639
30,1,18720,121.980021367521,18720,120.539262820513
30,2,17080,123.407318501171,17080,122.6518735363
30,3,19904,121.808229501608,19904,129.187198553055
30,4,18004,121.422350588758,18004,122.583481448567
30,5,18368,121.91300087108,18368,121.545241724739
30,6,17061,122.185686653772,17061,123.508117929781
30,7,18043,123.251898243086,18043,121.73734966469
30,8,16764,129.258768790265,16764,139.559174421379
30,9,15958,122.271963905251,15958,120.478192755984
30,10,16554,119.826748822037,16554,119.802041802585
30,11,16731,120.0732771502,16731,120.070946147869
30,12,15739,121.967151661478,15739,121.108202554165
30,13,14619,120.221766194678,14619,119.97154388125
30,14,15918,120.158185701721,15918,120.440507601457
30,15,13846,121.435504838943,13846,119.229813664596
30,16,4913,152.877467942194,4913,153.51577447588
31,1,18216,122.003458498024,18216,120.20092226614
31,2,20999,122.318586599362,20999,131.425401209581
31,3,18822,123.646424396982,18822,124.059292317501
31,4,18330,121.863720676487,18330,122.004528096017
31,5,17514,131.470937535686,17514,145.325225533859
31,6,19345,123.613233393642,19345,122.089222021194
31,7,16901,121.734808591208,16901,122.916336311461
31,8,17223,122.313243918017,17223,125.205364919004
31,9,17127,122.189700472937,17127,121.396975535704
31,10,16190,122.172019765287,16190,119.500555898703
31,11,16811,121.847480816132,16811,120.196835405389
31,12,16665,119.57197719772,16665,119.648064806481
31,13,15606,120.035755478662,15606,120.285274894271
31,14,15946,120.225009406748,15946,120.317446381538
31,15,16018,120.494006742415,16018,120.114995629916
31,16,4975,156.320201005025,4975,152.810251256281
32,1,21376,125.569236526946,21376,140.713978293413
32,2,17592,121.06195998181,17592,119.795702592087
32,3,18742,122.948511364849,18742,125.964411482232
32,4,18034,125.248142397693,18034,133.577242985472
32,5,20471,125.819696155537,20471,130.996922475697
32,6,20293,124.015473315922,20293,124.379736855073
32,7,14527,122.199077579679,14527,123.598678323122
32,8,15987,122.257459185588,15987,120.393882529555
32,9,16139,122.612553441973,16139,122.627548175228
32,10,15028,119.682060154378,15028,119.329717859995
32,11,17652,119.829764332654,17652,120.423238159982
32,12,16640,136.896274038462,16640,164.715745192308
32,13,14765,123.221740602777,14765,119.689874703691
32,14,16138,120.34118230264,16138,120.917771718924
32,15,16137,120.662576687117,16137,121.509016545826
32,16,4190,155.980668257757,4190,147.704534606205
33,1,21798,127.107532801174,21798,144.893063583815
33,2,17264,121.339434661724,17264,120.235692771084
33,3,17636,123.501814470401,17636,127.972215921978
33,4,17684,142.577301515494,17684,172.344152906582
33,5,17845,128.124964976184,17845,139.248080694873
33,6,16494,120.344428276949,16494,121.065842124409
33,7,19637,125.545398991699,19637,127.969598207465
33,8,22303,127.13845670986,22303,133.44532125723
33,9,14933,122.628875644546,14933,124.498761133061
33,10,16752,122.396430276982,16752,120.466929321872
33,11,16812,123.252141327623,16812,119.744587199619
33,12,15323,119.767082164067,15323,119.52926972525
33,13,15838,123.686829145094,15838,124.82245232984
33,14,15620,120.350768245839,15620,120.871510883483
33,15,16831,120.670310736142,16831,121.625155962213
33,16,4727,155.759889993653,4727,149.873915802835
34,1,19511,121.697093947004,19511,120.790784685562
34,2,20195,130.918296608071,20195,156.200247586036
34,3,17961,131.475585991871,17961,151.76744056567
34,4,20104,129.862266215678,20104,141.701900119379
34,5,16524,122.255144032922,16524,120.984325829097
34,6,18369,125.837824595786,18369,134.37552398062
34,7,17739,120.460172501268,17739,122.279328034275
34,8,17688,150.63709859792,17688,194.745929443691
34,9,15645,123.15723873442,15645,126.822690955577
34,10,19763,129.678186510145,19763,139.435713201437
34,11,15879,127.867497953272,15879,138.352226210719
34,12,16335,119.720293847567,16335,119.771411080502
34,13,16334,121.142953348843,16334,123.083629239623
34,14,16069,123.737009148049,16069,119.903229821395
34,15,17179,121.031724780255,17179,122.465510215961
34,16,3956,158.930738119312,3956,148.612487360971
35,1,19396,121.626263147041,19396,121.49102907816
35,2,21872,131.228237015362,21872,159.162673738113
35,3,23276,131.45811135934,23276,143.160465715759
35,4,18105,126.758795912731,18105,137.363987848661
35,5,18202,134.577518953961,18202,157.44791781123
35,6,17603,122.389706300062,17603,121.349769925581
35,7,19844,131.376133843983,19844,144.006651884701
35,8,17951,120.776112751379,17951,123.086680407777
35,9,18546,152.425428663863,18546,199.024641432115
35,10,16324,119.731377113453,16324,119.560830678755
35,11,17257,121.119487744104,17257,123.38401807962
35,12,17139,130.643853200303,17139,146.464262792462
35,13,5047,154.056469189618,5047,147.725183277194
35,14,15456,123.784808488613,15456,127.869565217391
35,15,16018,123.995567486578,16018,120.098763890623
35,16,17217,121.536620781785,17217,123.603124818493
36,1,21994,136.561153041739,21994,170.94302991725
36,2,21727,131.479541584204,21727,133.328163115018
36,3,18763,128.47460427437,18763,144.675158556734
36,4,20321,121.879385856995,20321,123.046454406771
36,5,16182,123.06822395254,16182,122.814917809912
36,6,19156,125.383065358112,19156,131.673366047191
36,7,18488,121.091951536132,18488,125.206620510601
36,8,17281,140.332966842197,17281,170.462473236503
36,9,17459,161.085056417893,17459,234.225499742253
36,10,19506,135.01091971701,19506,157.449143853173
36,11,17316,140.657715407715,17316,175.435666435666
36,12,17004,119.426664314279,17004,119.382557045401
36,13,16615,122.240746313572,16615,126.96105928378
36,14,16325,121.753384379786,16325,124.897886676876
36,15,5449,158.739768764911,5449,153.837217838135
36,16,13697,124.524713440899,13697,120.34941958093
37,1,18895,142.455781952898,18895,176.057634294787
37,2,20144,126.122915011914,20144,134.091987688642
37,3,18591,129.855844225701,18591,147.581786886128
37,4,19707,138.038209773177,19707,165.751255898919
37,5,22195,136.12701058797,22195,170.197116467673
37,6,18275,164.832886456908,18275,235.458166894665
37,7,16320,123.277267156863,16320,123.08112745098
37,8,17757,122.205271160669,17757,123.480599200315
37,9,18633,121.397359523426,18633,125.805613696131
37,10,17445,143.593522499283,17445,177.429005445686
37,11,18571,125.195573744009,18571,120.846050293468
37,12,18029,123.080980642299,18029,128.734483332409
37,13,16279,121.771361877265,16279,125.262608268321
37,14,15693,119.507105078698,15693,119.557955776461
37,16,5286,156.504351116156,5286,150.708096859629
37,100,28008,130.522315052842,28008,128.298736075407
38,1,20287,130.115739143294,20287,143.914625129393
38,2,21874,128.303968181403,21874,139.250114290939
38,3,18267,171.029068812613,18267,253.544150654185
38,4,18267,154.677286910823,18267,199.866316308097
38,5,20591,121.432907580982,20591,127.304793356321
38,6,20420,122.377766895201,20420,125.309108716944
38,7,16548,123.597051003142,16548,124.610949963742
38,8,17661,119.322065568201,17661,119.263631730933
38,9,16845,123.544018996735,16845,132.750133570793
38,10,20871,140.449523261942,20871,167.894015619759
38,11,19239,133.556473829201,19239,139.188679245283
38,12,18391,122.725137295416,18391,126.641890054918
38,14,4957,160.946136776276,4957,152.495662699213
38,15,12601,126.89104039362,12601,122.251091183239
38,16,6773,131.456370884394,6773,130.777941827846
38,101,21852,128.920693758008,21852,135.416987003478
38,102,9437,129.493271166684,9437,133.675426512663
39,1,19065,122.22627852085,19065,128.880618935222
39,2,21188,142.808806871814,21188,173.268359448745
39,3,13054,126.5529339666,13054,127.506894438486
39,4,19596,122.713768115942,19596,125.582976117575
39,5,15917,123.979078972168,15917,125.070113714896
39,6,17766,122.95896656535,17766,127.807610041653
39,7,17436,155.598302362927,17436,207.699931176875
39,8,17930,131.732515337423,17930,147.207250418293
39,9,18432,119.308702256944,18432,119.386067708333
39,10,18022,131.443457995783,18022,137.238375319054
39,11,13256,132.737628243814,13256,136.538624019312
39,12,15394,129.431531765623,15394,122.84584903209
39,13,16933,124.7267465895,16933,135.056221579165
39,14,10679,153.748571963667,10679,159.743328026969
39,15,5229,127.636641805317,5229,142.985656913368
39,16,5774,161.830100450294,5774,156.699688257707
39,17,4905,130.808562691131,4905,134.344546381244
40,1,22738,134.031621074853,22738,154.403685460463
40,2,21294,122.650558842867,21294,124.789048558279
40,3,21531,145.651572151781,21531,178.59045097766
40,4,18267,119.32714731483,18267,119.656155909564
40,5,20896,122.343510719755,20896,128.836571592649
40,6,16426,126.051016680872,16426,138.921465968586
40,7,19595,123.613830058688,19595,126.862107680531
40,8,19539,156.328317723527,19539,201.956087824351
40,9,9586,125.691424994784,9586,157.120801168371
40,10,8393,132.888359347075,8393,162.635529608007
40,11,17518,124.325493777829,17518,125.13443315447
40,12,9950,142.306934673367,9950,199.609246231156
40,13,8758,134.386732130623,8758,166.565996802923
40,14,5754,160.01511991658,5754,159.314216197428
40,15,4304,136.687267657993,4304,180.61779739777
40,16,3621,122.37033968517,3621,127.554266777133
40,17,3997,127.682511883913,3997,125.54440830623
40,18,12259,137.976670201485,12259,125.873235989885
40,19,4368,157.495421245421,4368,158.129578754579
40,20,3903,140.852933640789,3903,140.2508326928
40,21,4868,118.718364831553,4868,140.403451109285
41,1,22509,146.796659114132,22509,185.476831489626
41,2,20184,123.174643281807,20184,129.798553309552
41,3,16373,119.62499236548,16373,119.712148048617
41,4,24772,122.883255288229,24772,125.500040368158
41,5,12725,135.585933202358,12725,169.029076620825
41,6,18342,124.769490786174,18342,127.035764911133
41,7,16735,127.400298775022,16735,141.250552733791
41,8,9814,142.862339514979,9814,205.641430609334
41,9,10227,133.171506795737,10227,181.964310159382
41,10,13798,144.24177417017,13798,149.483910711697
41,11,16367,135.061037453412,16367,157.583185678499
41,12,10348,128.783822960959,10348,175.989563200618
41,13,5061,142.20450503853,5061,197.689587038135
41,14,5483,122.894218493525,5483,153.485135874521
41,15,4189,120.677011219862,4189,131.15278109334
41,16,15336,123.560837245696,15336,122.69300991132
41,17,10971,138.775681341719,10971,127.197156138912
41,18,4159,127.883625871604,4159,127.603750901659
41,19,5268,150.244115413819,5268,163.577258921792
41,20,5564,137.179187634795,5564,142.021028037383
41,21,5076,162.249014972419,5076,161.466312056738
42,1,21823,122.584841680795,21823,125.994684507171
42,2,18503,137.498675890396,18503,166.046911311679
42,3,13848,128.363951473137,13848,120.872833622184
42,4,14825,159.823204047218,14825,129.214165261383
42,5,12349,121.466677463762,12349,129.404648149648
42,6,17835,125.113596860107,17835,128.617381553126
42,7,18196,127.89475708947,18196,141.954000879314
42,8,21425,124.152858809802,21425,131.195659276546
42,9,10769,121.694864889962,10769,122.326399851425
42,10,14275,119.37415061296,14275,119.75299474606
42,11,8979,155.589820692727,8979,272.050785165386
42,12,9467,134.730326396958,9467,203.447449033485
42,13,8285,168.229088714544,8285,346.967773083887
42,14,8441,130.10851794811,8441,143.638549934842
42,15,12534,120.795356629966,12534,123.505185894367
42,16,18649,137.704220065419,18649,140.84004504263
42,17,9549,125.954969106713,9549,146.475651900723
42,18,7335,139.896114519427,7335,204.904567143831
42,19,5230,160.632504780115,5230,160.764627151052
42,20,4216,137.004506641366,4216,157.741935483871
42,21,5207,121.444209717688,5207,121.542922988285
42,22,4045,144.070704573548,4045,159.682323856613
42,23,5623,129.802952160768,5623,123.914102792104
43,1,23879,122.985929059006,23879,125.664391306169
43,2,13056,120.171645220588,13056,124.469209558824
43,3,16135,119.560954446855,16135,119.929779981407
43,4,19058,125.581645503201,19058,129.005666911533
43,5,12962,142.810754513192,12962,145.72434809443
43,6,9949,131.652628404865,9949,144.115187456026
43,7,17508,127.353609778387,17508,144.577050491204
43,8,18017,143.538713437309,18017,181.506077593384
43,9,10363,121.9942101708,10363,122.118016018527
43,10,9282,133.461538461538,9282,206.007433742728
43,11,8780,160.343621867882,8780,371.01867881549
43,12,9785,126.536024527338,9785,148.475523760858
43,13,12040,119.593189368771,12040,120.982392026578
43,14,11184,121.134298998569,11184,122.634298998569
43,15,8647,149.89672718862,8647,279.472880767896
43,16,14481,147.760720944686,14481,130.514052896899
43,17,8566,135.768503385477,8566,205.101797805277
43,18,11164,129.075689716947,11164,120.422518810462
43,19,5358,138.259611795446,5358,166.258491974617
43,20,4790,165.048643006263,4790,165.438413361169
43,21,4624,142.565095155709,4624,172.38624567474
43,22,4496,120.534475088968,4496,121.294261565836
43,23,5366,191.146291464778,5366,125.419493104734
44,1,25208,123.313114884164,25208,125.499642970486
44,2,18728,127.822031183255,18728,146.565089705254
44,3,14251,123.546277454214,14251,119.931162725423
44,4,15923,124.803680211016,15923,126.632606920806
44,5,18696,138.664687633718,18696,192.583172871202
44,6,10320,126.20523255814,10320,132.197286821705
44,7,12833,120.871736928232,12833,122.761396399906
44,8,13111,122.731523148501,13111,123.704446647853
44,9,10914,119.375022906359,10914,122.785138354407
44,10,12391,119.864982648697,12391,121.320797352917
44,11,9188,141.291140618198,9188,181.454179364388
44,12,9430,125.498621420997,9430,144.510392364793
44,13,8812,145.858147980027,8812,246.288016341353
44,14,9158,120.901834461673,9158,120.746014413627
44,15,13169,119.290682663832,13169,120.143215126433
44,16,8752,169.390310786106,8752,284.767938756856
44,17,7773,120.410266306445,7773,129.240319053133
44,18,9117,120.767028627838,9117,119.947022046726
44,19,7100,138.883521126761,7100,168.11985915493
44,20,6624,154.444746376812,6624,167.370471014493
44,21,9217,130.947379841597,9217,136.828469133124
44,22,4487,121.81100958324,4487,124.601069757076
44,23,14608,125.475082146769,14608,123.717209748083
44,24,4437,121.906693711968,4437,123.441739914357
44,25,5068,121.882004735596,5068,120.573007103394
44,26,4953,123.03937007874,4953,120.821320411872
45,1,19152,127.22436299081,19152,146.494987468672
45,2,14634,123.457496241629,14634,120.10168101681
45,3,17442,124.457459006995,17442,126.563352826511
45,4,12805,128.126747364311,12805,129.173760249902
45,5,9764,122.468148299877,9764,124.221015977059
45,6,16851,140.050026704647,16851,197.030621328111
45,7,9861,152.384038130007,9861,257.250684514755
45,8,10198,121.996077662287,10198,120.740145126495
45,9,11779,119.476101536633,11779,121.010527209441
45,10,9260,123.933369330454,9260,122.560691144708
45,11,8599,121.098499825561,8599,131.199325502965
45,12,13078,119.316715094051,13078,120.237498088393
45,13,14280,121.951330532213,14280,121.59768907563
45,14,10366,119.830214161682,10366,123.040710013506
45,15,8217,144.945600584155,8217,201.122429110381
45,16,12790,121.186551993745,12790,122.699609069586
45,17,8100,122.302345679012,8100,120.57987654321
45,18,8066,148.934044135879,8066,225.790354574758
45,19,13995,126.500321543408,13995,124.076956055734
45,20,9149,167.919116843371,9149,294.676467373483
45,21,8707,120.708510393936,8707,119.820144711152
45,22,10351,125.209061926384,10351,137.142981354458
45,23,5251,122.400495143782,5251,127.265473243192
45,24,5391,156.650528658876,5391,165.571693563346
45,25,6833,122.994146055905,6833,122.817942338651
45,26,5516,123.722806381436,5516,127.118926758521
46,1,19773,125.240934607799,19773,127.49107368634
46,2,21053,149.217783688785,21053,201.507956110768
46,3,11494,123.88420045241,11494,120.389246563424
46,4,10969,124.581821496946,10969,129.559029993618
46,5,10469,122.050243576273,10469,121.9958926354
46,6,12259,120.273594909862,12259,120.807651521331
46,7,11845,122.027691008864,11845,123.443984803715
46,8,11449,120.444143593327,11449,119.392698052232
46,9,9229,120.269585003792,9229,121.681330588363
46,10,9592,129.552856547123,9592,145.009591326105
46,11,13286,119.294972151137,13286,119.731220833961
46,12,9816,125.120415647922,9816,140.013651181744
46,13,11429,123.422346662,11429,120.6179893254
46,14,13182,122.251934456076,13182,119.579123046579
46,15,11580,118.581001727116,11580,119.867443868739
46,16,12735,122.155555555556,12735,122.49988221437
46,17,10184,122.321975648075,10184,123.157501963865
46,18,9357,118.18392647216,9357,119.03847386983
46,19,10950,123.838904109589,10950,121.938538812785
46,20,9254,119.684784957856,9254,119.779554787119
46,21,4421,122.459172133002,4421,121.481791449898
46,22,8248,122.681013579049,8248,144.023642095053
46,23,5168,156.313854489164,5168,161.802051083591
46,24,17895,125.967924001118,17895,126.591897177983
46,25,6042,124.785004965243,6042,127.054286660046
46,26,5614,123.866405415034,5614,126.863021018881
46,27,3823,121.592728223908,3823,121.043421396809
46,28,9199,121.218610718556,9199,119.974018915099
47,1,12001,120.949170902425,12001,120.357636863595
47,2,20530,126.456989771067,20530,129.0362883585
47,3,13483,122.511681376548,13483,119.709263517021
47,4,19855,154.714832535885,19855,214.324200453286
47,5,11461,122.722624552831,11461,121.310793124509
47,6,10409,121.690364107983,10409,120.335671053896
47,7,12403,120.400306377489,12403,120.669192937193
47,8,12958,122.856845192159,12958,122.317487266553
47,9,17442,127.2652792111,17442,127.646657493407
47,10,7985,119.978209142142,7985,121.088916718848
47,11,10971,122.136997538966,10971,122.690821256039
47,12,11411,118.530628341074,11411,119.937341162037
47,13,11885,123.226335717291,11885,122.667227597812
47,14,13542,119.258455176488,13542,120.183133953626
47,15,8965,118.998103736754,8965,119.282208588957
47,16,9383,122.380688479164,9383,122.330491314079
47,17,8318,126.724452993508,8318,135.21591728781
47,18,9667,118.146270818248,9667,119
47,19,10436,123.661077041012,10436,122.477194327328
47,20,5717,155.539093930383,5717,162.480496764037
47,21,10883,123.551869888817,10883,121.525957916016
47,22,11276,120.768091521816,11276,119.48492373182
47,23,10113,124.238603777316,10113,133.970829625235
47,24,7306,122.228579249932,7306,123.387352860662
47,25,8707,122.067646721029,8707,138.646491328816
47,26,8333,125.630265210608,8333,132.057842313693
47,27,9473,121.244906576586,9473,120.200358914811
47,28,5339,122.89717175501,5339,123.237497658738
48,1,23509,126.779956612361,23509,128.819643540772
48,2,13600,126.217058823529,13600,120.066176470588
48,3,11940,121.499162479062,11940,120.825711892797
48,4,10616,120.398643556895,10616,119.371608892238
48,5,12451,119.852943538672,12451,120.260862581319
48,6,12134,118.699357178177,12134,119.725894181638
48,7,23223,135.344701373638,23223,148.332902725746
48,8,10532,121.4417014812,10532,119.880269654387
48,9,13052,121.540530186945,13052,121.820257431811
48,10,11147,126.277294339284,11147,138.161029873509
48,11,11941,123.229629009296,11941,121.590821539235
48,12,10568,121.806112793338,10568,120.898845571537
48,13,8755,121.146773272416,8755,121.017018846374
48,14,12231,121.250429237184,12231,121.225410841305
48,15,5758,161.976728030566,5758,161.253733935394
48,16,10791,121.771754239644,10791,119.806042072097
48,17,11680,120.830993150685,11680,119.818407534247
48,18,13929,118.943212003733,13929,120.218321487544
48,19,10974,123.502642609805,10974,121.898851831602
48,20,8942,117.940617311563,8942,118.398792216506
48,21,8182,125.402468834026,8182,134.293815692985
48,22,10495,119.710338256313,10495,119.87594092425
48,23,8852,117.881269769544,8852,118.685155896972
48,24,9607,121.046424482148,9607,126.320391381284
48,25,7096,123.549464487035,7096,130.021420518602
48,26,10041,120.610795737476,10041,119.920924210736
48,27,9194,119.546878398956,9194,119.777137263433
48,28,4350,123.023908045977,4350,130.214712643678
48,29,4499,122.314069793287,4499,127.488997555012
49,1,20481,126.507201796787,20481,130.22718617255
49,2,12584,121.813175460903,12584,120.666242848061
49,3,9834,124.524506813097,9834,127.420581655481
49,4,11142,121.140998025489,11142,120.330102315563
49,5,15610,137.775784753363,15610,147.375656630365
49,6,14475,126.731260794473,14475,120.552331606218
49,7,12580,120.283545310016,12580,119.518839427663
49,8,13000,121.981461538462,13000,122.029692307692
49,9,12340,121.212722852512,12340,120.326012965964
49,10,12108,119.647836141394,12108,120.156673273869
49,11,11614,118.587566729809,11614,119.590235922163
49,12,10248,121.064402810304,10248,121.182181889149
49,13,10896,121.915840675477,10896,120.906479441997
49,14,14398,118.839769412418,14398,120.173635227115
49,15,9693,117.917053543794,9693,118.504694109151
49,16,12204,122.94682071452,12204,121.903883972468
49,17,8295,127.284026522001,8295,141.503074141049
49,18,12374,121.503070955229,12374,121.572975593987
49,19,10389,120.467802483396,10389,119.963037828472
49,20,10497,117.861484233591,10497,118.658378584357
49,21,10155,121.141999015263,10155,125.692565238799
49,22,11710,123.636635354398,11710,121.963108454313
49,23,9987,119.885551216582,9987,119.76759787724
49,24,8380,121.175059665871,8380,119.499403341289
49,25,9251,119.911469030375,9251,119.742298129932
49,26,5297,163.037379648858,5297,158.152916745328
49,27,9317,122.560051518729,9317,128.286465600515
49,28,8168,126.519343780607,8168,127.432908912831
49,29,7306,124.241308513551,7306,136.327949630441
50,1,21531,126.778969857415,21531,129.748316381032
50,2,12232,122.39323086985,12232,121.55436559843
50,3,12976,120.926248458693,12976,120.154824290999
50,4,11326,121.608511389723,11326,120.265318735652
50,5,13895,118.71399784095,13895,119.461676862181
50,6,11573,120.340188369481,11573,121.299317376653
50,7,11346,120.339502908514,11346,119.588313061872
50,8,12009,119.371721209093,12009,119.843700557915
50,9,9856,120.526278409091,9856,119.043222402597
50,10,10844,121.047215049797,10844,120.344245665806
50,11,10834,119.591563596086,10834,119.754938157652
50,12,15756,130.764470677837,15756,121.657717694846
50,13,10687,119.465331711425,10687,119.269205576869
50,14,11401,123.564424173318,11401,121.634944303131
50,15,11820,118.678172588832,11820,119.443231810491
50,16,12442,121.004179392381,12442,121.295852756792
50,17,12103,130.498306205073,12103,120.627199867801
50,18,13247,120.050426511663,13247,120.88525703933
50,19,10703,121.265346164627,10703,119.64888349061
50,20,12398,120.581626068721,12398,120.258912727859
50,21,10112,131.171578322785,10112,157.086827531646
50,22,10401,119.378232862225,10401,119.194500528795
50,23,9382,118.019292261778,9382,118.476870603283
50,24,9270,126.269471413161,9270,150.976591154261
50,25,9981,117.900310590121,9981,118.54513575794
50,26,8907,126.947120242506,8907,121.541259683395
50,27,10328,119.341692486445,10328,119.536309062742
50,28,4032,139.896081349206,4032,164.43501984127
50,29,4612,165.681266261925,4612,157.495663486557
50,30,4708,135.666100254885,4708,143.620433305013
51,1,11742,123.749446431613,11742,122.256089252257
51,2,11862,120.189259821278,11862,121.0354071826
51,3,12454,121.262807130239,12454,120.176007708367
51,4,12276,125.052134245683,12276,120.18238840013
51,5,11265,120.484953395473,11265,119.895162006214
51,6,14947,118.771793670971,14947,119.607948083227
51,7,11654,120.668096790801,11654,119.620988501802
51,8,11129,121.7428340372,11129,120.431125887321
51,9,12033,118.659021025513,12033,119.74794315632
51,10,11235,119.230084557187,11235,119.680195816644
51,11,23731,128.084572921495,23731,130.536007753571
51,12,11047,121.256721281796,11047,119.900425454875
51,13,12798,119.454524144398,12798,119.815518049695
51,14,12515,121.170115860967,12515,120.818298042349
51,15,10816,119.908561390533,10816,119.394045857988
51,16,12525,119.907385229541,12525,120.664271457086
51,17,10781,117.952045264818,10781,118.694091457193
51,18,15100,139.97059602649,15100,122.210463576159
51,19,10493,123.211950824359,10493,133.853807300105
51,20,9125,125.267506849315,9125,121.905753424658
51,21,10220,124.587084148728,10220,138.520058708415
51,22,11191,121.117237065499,11191,119.894826199625
51,23,9568,118.041701505017,9568,118.491952341137
51,24,12992,122.634313423645,12992,121.362376847291
51,25,6753,137.510291722198,6753,168.575596031393
51,26,11196,120.173454805288,11196,119.389156841729
51,27,9140,119.107549234136,9140,119.359737417943
51,28,6643,143.698178533795,6643,197.821466205028
51,29,10711,119.303519746055,10711,119.410886005042
51,30,5426,163.967379284924,5426,164.118687799484
52,1,14437,144.863198725497,14437,121.129666828288
52,2,13046,120.610072052736,13046,120.954928713782
52,3,11938,120.051934997487,11938,120.725330876194
52,4,12703,121.095016925136,12703,120.150594347792
52,5,12648,122.161448450348,12648,120.536606578115
52,6,11754,120.947081844478,11754,119.85145482389
52,7,12706,120.953093026916,12706,119.22949787502
52,8,12858,119.012832477835,12858,119.742417172189
52,9,14345,126.126803764378,14345,123.170651795051
52,10,10455,119.879674796748,10455,119.320803443329
52,11,12647,120.430853166759,12647,119.639677393848
52,12,13120,121.325838414634,13120,119.866387195122
52,13,10023,123.11084505637,10023,121.687019854335
52,14,12373,124.066677442819,12373,123.283439747838
52,15,12338,118.434592316421,12338,119.702707083806
52,16,14800,118.887094594595,14800,119.710472972973
52,17,11847,120.330885456234,11847,119.786697054107
52,18,10596,121.156002265006,10596,121.667327293318
52,19,11135,118.145846430175,11135,118.809699146834
52,20,10921,120.774471202271,10921,120.310136434392
52,21,10529,119.060689524171,10529,119.485611169152
52,22,10183,119.147795345183,10183,119.106550132574
52,23,11437,119.261432193757,11437,120.222261082452
52,24,8749,141.759515373186,8749,219.819293633558
52,25,9423,150.462485408044,9423,245.556616788708
52,26,10619,118.587720124305,10619,119.304736792542
52,27,11920,122.906459731544,11920,121.051174496644
52,28,11258,121.308935867827,11258,119.349973352283
52,29,9693,117.983802744248,9693,118.404106055917
52,30,5159,167.932351230859,5159,165.133940686179
53,1,12440,119.984807073955,12440,120.436655948553
53,2,12154,120.685864735889,12154,119.756705611321
53,3,12717,119.183140677833,12717,119.514665408508
53,4,12874,120.929237222309,12874,119.980425664129
53,5,14237,130.226592681042,14237,119.802697197443
53,6,13141,120.277376150978,13141,120.903888592953
53,7,12110,120.174731626755,12110,119.386952931462
53,8,12002,118.365189135144,12002,119.467672054658
53,9,13195,122.013944676014,13195,120.509965896173
53,10,10922,118.196667277055,10922,118.689800402857
53,11,11446,122.311724619955,11446,121.781320985497
53,12,11201,121.195607535042,11201,120.398268011785
53,13,14828,118.361613164284,14828,119.521715673051
53,14,10818,119.900905897578,10818,119.535958587539
53,15,14144,120.990101809955,14144,119.997384049774
53,16,12487,119.973972931849,12487,119.451829903099
53,17,10457,120.898058716649,10457,119.332600172133
53,18,13795,123.215150416818,13795,121.949619427329
53,19,11072,118.445899566474,11072,119.261018786127
53,20,9614,131.671936758893,9614,162.987934262534
53,21,9494,134.977564777754,9494,177.295028439014
53,22,11175,118.913825503356,11175,119.397762863535
53,23,12051,119.021823915028,12051,119.175753049539
53,24,11205,122.381793842035,11205,120.505220883534
53,25,16417,125.688249984772,16417,123.472132545532
53,26,11329,119.176096742872,11329,120.061346985612
53,27,11597,120.900577735621,11597,121.060705354833
53,28,9479,117.864964658719,9479,118.200337588353
53,29,10793,121.017326044659,10793,119.136662651719
53,30,4750,165.730315789474,4750,158.425684210526
54,1,10874,121.948960823984,10874,121.41622218135
54,2,12814,119.603012330264,12814,119.826830029655
54,3,12798,122.652601969058,12798,120.982575402407
54,4,12166,118.473039618609,12166,119.828949531481
54,5,12756,121.861476952023,12756,120.341799937284
54,6,10715,120.8275314979,10715,120.749510032664
54,7,12397,120.433169315157,12397,119.942808744051
54,8,12474,120.374058040725,12474,120.164261664262
54,9,14212,118.432099634112,14212,119.615395440473
54,10,14984,121.204084356647,14984,119.011946075814
54,11,12596,120.154175928866,12596,120.4323594792
54,12,11644,120.556595671591,11644,119.767777396084
54,13,11040,120.102355072464,11040,120.120742753623
54,14,10601,121.748797283275,10601,119.981888501085
54,15,12510,119.784412470024,12510,119.353157474021
54,16,12407,120.08430724591,12407,119.382928991698
54,17,13275,121.184030131827,13275,119.946139359699
54,18,11364,118.358940513904,11364,118.986712425202
54,19,9069,120.028338295292,9069,120.559378101224
54,20,10530,118.918423551757,10530,119.469990503324
54,21,11331,120.089665519372,11331,119.374106433678
54,22,11814,121.59988149653,11814,119.481293380735
54,23,10579,121.706872105114,10579,121.205879572738
54,24,10851,118.851442263386,10851,119.573587687771
54,25,9990,118.09019019019,9990,118.583383383383
54,26,9869,117.987942040734,9869,118.28381801601
54,27,10898,118.937052670215,10898,118.889704532942
54,28,11511,121.755625054296,11511,119.682043262966
54,29,4169,164.711681458383,4169,160.996881746222
54,30,6680,120.839221556886,6680,125.904191616766
54,31,7069,122.351676333286,7069,124.988400056585
55,1,13101,118.220975498054,13101,119.445538508511
55,2,13590,119.789919058131,13590,119.968874172185
55,3,10865,121.853382420617,10865,120.502346985734
55,4,12517,121.131900615163,12517,120.193416952944
55,5,12987,121.795795795796,12987,119.903210903211
55,6,14857,120.580938278253,14857,119.955038029212
55,7,14941,121.045846998193,14941,118.878187537648
55,8,13350,119.767790262172,13350,120.44456928839
55,9,11456,120.267021648045,11456,119.394291201117
55,10,13557,121.754444198569,13557,119.819355314598
55,11,12893,122.372527728225,12893,120.659039789033
55,12,11417,121.16913374792,11417,121.154331260401
55,13,13230,120.326228269085,13230,119.342479213908
55,14,14150,118.461130742049,14150,119.664946996466
55,15,11809,120.422897789821,11809,120.272758065882
55,16,8942,117.949116528741,8942,118.394878103333
55,17,10988,121.063341827448,10988,119.825991991263
55,18,11292,118.10095642933,11292,118.622653205809
55,19,9750,119.454153846154,9750,120.450974358974
55,20,11275,119.718137472284,11275,119.148381374723
55,21,10695,119.15100514259,10695,119.426180458158
55,22,11490,118.972410791993,11490,119.086422976501
55,23,13087,120.261175212042,13087,119.409108275388
55,24,11247,118.545745532142,11247,119.140392993687
55,25,10476,121.322355861016,10476,119.477854142803
55,26,8397,121.256639275932,8397,128.513397642015
55,27,10674,121.220816938355,10674,119.250515270751
55,28,7096,122.388246899662,7096,127.043827508455
55,29,11682,119.451806197569,11682,119.097928436911
55,30,8659,121.182238133734,8659,121.252107633676
55,31,4367,165.371193038699,4367,154.795053812686
56,1,15763,121.333121867665,15763,119.112034511197
56,2,14879,120.540627730358,14879,120.085758451509
56,3,13107,119.705958648051,13107,120.567711909667
56,4,11307,120.936234191209,11307,120.518174582117
56,5,13048,119.959227467811,13048,119.590282035561
56,6,11657,120.714077378399,11657,119.938234537188
56,7,11295,119.500486941124,11295,119.066046923417
56,8,12156,121.346906877262,12156,119.707963145772
56,9,11836,120.409851301115,11836,120.264109496452
56,10,14490,118.83906142167,14490,120.133402346446
56,11,12989,121.833859419509,12989,120.305797213026
56,12,10624,122.539909638554,10624,120.132906626506
56,13,10703,120.976081472484,10703,120.169298327572
56,14,11514,121.303196109085,11514,120.274535348272
56,15,11820,120.461421319797,11820,119.761336717428
56,16,13595,120.746450901067,13595,119.725855093784
56,17,12981,122.377397735151,12981,120.011555350127
56,18,13087,120.310689997708,13087,119.633911515244
56,19,12687,118.471742728777,12687,119.548356585481
56,20,11365,119.530312362516,11365,119.372283326001
56,21,9831,117.985555894619,9831,118.347370562506
56,22,11105,118.756956325979,11105,119.320036019811
56,23,11395,118.955770074594,11395,119.035541904344
56,24,9118,123.114169774073,9118,127.896139504277
56,25,10125,121.69837037037,10125,126.927209876543
56,26,10104,119.41270783848,10104,119.956057007126
56,27,9774,117.977593615715,9774,118.37620216902
56,28,8543,119.010651995786,8543,119.568769753014
56,29,6135,167.117685411573,6135,164.237000814996
56,30,11232,119.706997863248,11232,119.137998575499
56,31,8952,120.801050044683,8952,118.968610366399
57,1,12893,119.537268285116,12893,120.356627627395
57,2,15933,120.420322600891,15933,120.121257766899
57,3,13403,119.705439080803,13403,119.386182198015
57,4,9410,121.359723698193,9410,119.327736450584
57,5,17271,120.842857970008,17271,118.939841352556
57,6,14352,118.848871237458,14352,120.215788740245
57,7,14282,120.407575969752,14282,119.786864584792
57,8,12916,118.45439764633,12916,119.78592443481
57,9,11007,118.854819660216,11007,119.295630053602
57,10,13798,120.709378170749,13798,119.607406870561
57,11,12515,119.7220135837,12515,118.933359968038
57,12,12244,120.666040509637,12244,120.232603724273
57,13,11333,120.447189623224,11333,120.037854054531
57,14,13944,121.415232358003,13944,120.318775100402
57,15,11030,121.170262919311,11030,120.426382592928
57,16,11638,120.521309503351,11638,119.79635676233
57,17,12770,121.721926389977,12770,119.837353171496
57,18,10855,119.207554122524,10855,119.343620451405
57,19,10120,119.311462450593,10120,119.795849802372
57,20,12114,119.782483077431,12114,119.232210665346
57,21,10565,122.107146237577,10565,119.923615712257
57,22,10569,118.045794304097,10569,118.512158198505
57,23,10331,117.933017132901,10331,118.354854321944
57,24,12419,120.494001127305,12419,119.538288106933
57,25,9807,120.349852146426,9807,119.360762720506
57,26,11034,118.833333333333,11034,119.008609751677
57,27,8920,120.780717488789,8920,120.57331838565
57,28,10916,121.388145840967,10916,119.266214730671
57,29,11100,119.093153153153,11100,119.302072072072
57,30,10788,120.109473489062,10788,119.074434556915
57,31,5012,165.946129289705,5012,161.177374301676
58,1,14340,120.508577405858,14340,120.311018131102
58,2,14024,119.358385624643,14024,119.715986879635
58,3,13488,119.296337485172,13488,119.222049228944
58,4,11903,120.451902881626,11903,120.211291271108
58,5,13761,120.503887798852,13761,119.952329045854
58,6,16150,121.227182662539,16150,119.11479876161
58,7,12403,120.063533016206,12403,120.339998387487
58,8,14937,118.793934525005,14937,120.28660373569
58,9,12020,120.674792013311,12020,119.917803660566
58,10,13582,120.300176704462,13582,119.672949491975
58,11,12925,118.755589941973,12925,119.814700193424
58,12,11606,118.830691021885,11606,119.420299844908
58,13,10532,121.21344473984,10532,120.8082985188
58,14,12172,120.925977653631,12172,120.1926552744
58,15,10559,123.172175395397,10559,119.955772326925
58,16,11435,119.06235242676,11435,119.87608220376
58,17,14108,121.737383045081,14108,120.568826197902
58,18,10512,120.680745814307,10512,119.892218417047
58,19,12299,120.213106756647,12299,118.736076103748
58,20,14048,120.35798690205,14048,119.621084851936
58,21,12488,121.310217809097,12488,119.501921844971
58,22,11354,118.796723621631,11354,119.033204157125
58,23,11435,120.153738522081,11435,119.706602536073
58,24,10743,119.885413757796,10743,118.720562226566
58,25,11054,117.85100416139,11054,118.219196670888
58,26,10059,118.116313748882,10059,118.590217715479
58,27,11885,120.37004627682,11885,119.285570046277
58,28,10156,119.328968097676,10156,119.617762898779
58,29,11006,119.268944212248,11006,119.504906414683
58,30,5090,163.43300589391,5090,166.448722986248
58,31,10789,120.741588655112,10789,119.273148577255
59,1,16685,119.57908300869,16685,119.193706922385
59,2,12471,121.286023574693,12471,120.33670114666
59,3,13477,118.607182607405,13477,119.642873042962
59,4,13146,119.413661950403,13146,120.417617526244
59,5,16555,120.395650860767,16555,119.985804892782
59,6,11560,119.026297577855,11560,119.058910034602
59,7,13124,120.714873514173,13124,120.146754038403
59,8,14444,120.248615342011,14444,119.434021046801
59,9,16773,120.506409109879,16773,118.707029153997
59,10,10957,121.422378388245,10957,119.74911015789
59,11,11882,119.265611849857,11882,119.349941087359
59,12,12135,121.674165636588,12135,120.23238566131
59,13,13946,120.18084038434,13946,119.946149433529
59,14,12536,121.164167198468,12536,119.273611997447
59,15,13969,119.947383492018,13969,119.087264657456
59,16,12958,120.435946905387,12958,119.691541904615
59,17,15182,118.882294822816,15182,120.003425108681
59,18,11143,119.195907744772,11143,119.703580723324
59,19,10583,121.03779646603,10583,120.443825002362
59,20,10500,120.846761904762,10500,119.224952380952
59,21,8587,117.819145219518,8587,118.271689763596
59,22,8963,118.054892335156,8963,118.39540332478
59,23,14783,121.469661097206,14783,120.67476155043
59,24,10291,120.132834515596,10291,119.111456612574
59,25,12086,120.887886811186,12086,119.829141155055
59,26,11973,119.779837968763,11973,119.864361479997
59,27,11401,120.719235154811,11401,119.949214981142
59,28,11374,119.746439247406,11374,118.985141550906
59,29,11055,119.179918588874,11055,119.085481682497
59,30,4809,168.824703680599,4809,162.248908296943
59,31,8944,120.277169051878,8944,118.729539355993
60,1,13626,119.748128577719,13626,120.482166446499
60,2,14318,121.146808213438,14318,118.912697304093
60,3,14992,120.374199573106,14992,120.008671291355
60,4,14454,119.453576864536,14454,120.067662930677
60,5,14118,119.273197336733,14118,119.064385890353
60,6,14996,118.945385436116,14996,120.209455854895
60,7,14305,121.376511709193,14305,119.584271233834
60,8,12646,120.648030997944,12646,119.39514470979
60,9,12342,118.697698914276,12342,119.535812672176
60,10,13937,120.422544306522,13937,119.999928248547
60,11,12349,120.219046076605,12349,119.566928496235
60,12,11898,120.843503109766,11898,120.719784837788
60,13,11995,119.525052105044,11995,119.334972905377
60,14,12070,120.576636288318,12070,120.176304888152
60,15,11807,121.064537985941,11807,120.184128059626
60,16,11636,121.677380543142,11636,119.735733929185
60,17,13619,120.363903370292,13619,119.394302077979
60,18,12313,118.464955737838,12313,119.405262730447
60,19,11973,119.772822183246,11973,119.43715025474
60,20,11140,119.209515260323,11140,119.420377019749
60,21,11457,119.061534433098,11457,119.10744522999
60,22,11070,120.579945799458,11070,119.548961156278
60,23,11623,117.756259141358,11623,118.313602340188
60,24,11344,119.994446403385,11344,119.238011283498
60,25,10419,119.762645167482,10419,118.700163163451
60,26,14642,121.468788416883,14642,120.532714110094
60,27,10696,120.37191473448,10696,119.423616305161
60,28,11744,120.925749318801,11744,119.436903950954
60,29,10361,118.205868159444,10361,118.631888813821
60,30,7737,119.105208737237,7737,118.757011761665
60,31,5015,166.479162512463,5015,166.686340977069
61,1,15301,120.202209005947,15301,119.994640873146
61,2,15451,119.154682544819,15451,119.276486958773
61,3,14370,120.093249826026,14370,120.67139874739
61,4,17982,121.170670670671,17982,119.014347681014
61,5,12581,118.990223352675,12581,119.3430569907
61,6,14922,119.076464280927,14922,120.162846803378
61,7,12682,120.116543131998,12682,119.449298217947
61,8,11888,118.689266487214,11888,119.251514131898
61,9,11590,120.657981018119,11590,121.142277825712
61,10,15650,120.331565495208,15650,120.222747603834
61,11,14289,119.684932465533,14289,119.94744208832
61,12,13910,120.455715312725,13910,119.445578720345
61,13,11897,120.428679499033,11897,119.450365638396
61,14,11845,119.313887716336,11845,119.435795694386
61,15,13600,121.551838235294,13600,119.945955882353
61,16,12680,118.479258675079,12680,119.552839116719
61,17,11572,120.255876253025,11572,120.126080193571
61,18,12476,121.645639628086,12476,120.758416159025
61,19,12321,120.325622920218,12321,119.66309552796
61,20,11689,119.901873556335,11689,118.826246898794
61,21,4702,164.578051892812,4702,164.503402807316
61,22,11281,122.516088999202,11281,119.710929882103
61,23,11928,119.83023138833,11928,119.40115694165
61,24,10986,117.804023302385,10986,118.204806116876
61,25,8935,119.792837157247,8935,118.42540570789
61,26,11114,118.262911642973,11114,118.560194349469
61,27,11210,120.207047279215,11210,119.191257805531
61,28,11686,119.10944720178,11686,119.087112784529
61,29,11365,120.083413990321,11365,119.445578530576
61,30,12105,120.758859975217,12105,119.637505163156
61,31,15121,121.582699556908,15121,120.376231730706
62,1,17210,120.690877396862,17210,118.882742591517
62,2,13376,121.137485047847,13376,120.272951555024
62,3,13737,118.978816335444,13737,119.237824852588
62,4,13297,121.04301722193,13297,119.432729187035
62,5,14028,120.001996007984,14028,119.974764756202
62,6,15062,120.458438454389,15062,119.560948081264
62,7,14157,120.408066680794,14157,120.141060959243
62,8,12620,118.36204437401,12620,119.477971473851
62,9,12362,118.668662028798,12362,119.287251253842
62,10,14317,120.300901026751,14317,119.102884682545
62,11,12144,118.667490118577,12144,118.474143610013
62,12,14404,120.100249930575,14404,120.493821160789
62,13,14941,121.943243424135,14941,120.203400040158
62,14,16092,119.01976137211,16092,119.314255530698
62,15,13402,119.86330398448,13402,119.427473511416
62,16,14786,118.751183552009,14786,119.960570810226
62,17,16158,120.024507983661,16158,120.045364525313
62,18,11544,118.356981981982,11544,118.731722106722
62,19,11587,120.345214464486,11587,119.976093898334
62,20,9942,121.70006035003,9942,119.257694628847
62,21,13884,120.504393546528,13884,118.778666090464
62,22,13054,121.561283897656,13054,119.705147847403
62,23,11491,121.069967800888,11491,120.742929248977
62,24,12666,120.518553608085,12666,119.577135638718
62,25,10970,117.932999088423,10970,118.298541476755
62,26,10206,119.522241818538,10206,119.219086811679
62,27,12317,118.690427863928,12317,119.250304457254
62,28,11030,119.355666364461,11030,119.05031731641
62,29,16016,121.031968031968,16016,120.320554445554
62,30,10293,119.721169726999,10293,119.205868065676
62,31,4717,161.339198643205,4717,171.785456858173
63,1,19069,121.029367035503,19069,119.201531281137
63,2,16076,120.045098283155,16076,120.909056979348
63,3,14227,119.901947002179,14227,119.818654670697
63,4,18162,120.42732077965,18162,120.167437506883
63,5,13479,118.753765116107,13479,119.738259514801
63,6,11630,122.27592433362,11630,119.745313843508
63,7,16404,121.026822726164,16404,120.464033162643
63,8,13248,121.316198671498,13248,120.441576086957
63,9,13432,120.147930315664,13432,119.947438951757
63,10,13064,119.419779546846,13064,119.212798530312
63,11,13225,118.79561436673,13225,119.277277882798
63,12,16124,121.246837013148,16124,120.472401389233
63,13,11810,121.265622353937,11810,120.838187976291
63,14,15844,119.222860388791,15844,119.427164857359
63,15,12124,118.355493236556,12124,118.927581656219
63,16,13033,118.866876390701,13033,119.243612368603
63,17,14155,121.924549629106,14155,119.887248322148
63,18,14385,120.527841501564,14385,119.380118178658
63,19,15620,118.872215108835,15620,119.791357234315
63,20,11591,120.435769131223,11591,119.96134932275
63,21,14784,120.321631493506,14784,119.831777597403
63,22,13242,121.01986104818,13242,119.761289835372
63,23,10867,119.941658231343,10867,119.542099935585
63,24,13466,120.696123570474,13466,120.070548046933
63,25,12108,119.880987776677,12108,119.258341592336
63,26,13518,119.26438822311,13518,119.340952803669
63,27,12119,117.77514646423,12119,118.441208020464
63,28,11447,118.449025945663,11447,118.419149122041
63,29,11354,118.958516822265,11354,119.472961070988
63,30,4909,161.069260541862,4909,169.658993685068
63,31,8270,119.582103990326,8270,118.609915356711
64,1,11324,120.423613564112,11324,118.922200635818
64,2,14976,120.619925213675,14976,120.454594017094
64,3,13208,121.995457298607,13208,120.71025136281
64,4,14579,120.237739213938,14579,119.996913368544
64,5,13848,119.736712882727,13848,119.70082322357
64,6,13523,118.555424092287,13523,119.763366116986
64,7,14879,121.945964110491,14879,120.619665300087
64,8,14047,120.853634227949,14047,119.900476970172
64,9,16108,120.437422398808,16108,119.752855723864
64,10,14012,119.838210105624,14012,119.002926063374
64,11,12585,119.438696861343,12585,119.223520063568
64,12,12209,122.80948480629,12209,119.984028175936
64,13,13024,119.171222358722,13024,120.205313267813
64,14,13592,119.521998234255,13592,119.285977045321
64,15,13335,121.684439445069,13335,120.937832770904
64,16,11918,117.852827655647,11918,118.292247021312
64,17,14378,119.920851300598,14378,119.984420642648
64,18,14555,118.458330470629,14555,119.940089316386
64,19,14454,120.04400166044,14454,120.211775287118
64,20,12264,119.562785388128,12264,119.247390737117
64,21,16799,122.181498898744,16799,121.012560271445
64,22,17901,120.674934361209,17901,119.156918607899
64,23,11338,120.356500264597,11338,119.556359146234
64,24,13719,118.865879437277,13719,119.07865004738
64,25,11389,118.116779348494,11389,119.306875054878
64,26,11741,120.236180904523,11741,119.539391874627
64,27,12507,118.376828975774,12507,119.182777644519
64,28,13077,117.891947694425,13077,117.834595090617
64,29,13268,118.653678022309,13268,119.370515526078
64,30,12061,119.579885581627,12061,119.348146919824
64,31,4723,162.1410120686,4723,162.387889053568
65,1,17641,122.071707953064,17641,121.045405589252
65,2,15996,120.44392348087,15996,119.41304076019
65,3,15292,120.641054145959,15292,120.85384514779
65,4,11858,122.90107944004,11858,119.910608871648
65,5,13229,118.380754403205,13229,119.675410083907
65,6,13519,118.282491308529,13519,118.610030327687
65,7,15829,120.274685703456,15829,120.173226356687
65,8,14754,120.17527450183,14754,120.169377795852
65,9,12622,119.429725875456,12622,119.081445095864
65,10,12911,122.703508636047,12911,120.758655410115
65,11,15723,122.095083635439,15723,120.504992685874
65,12,12605,119.133518445061,12605,119.971201904006
65,13,15162,118.312623664424,15162,119.685265796069
65,14,17730,120.9850535815,17730,119.024139875917
65,15,15589,120.518250048111,15589,119.887356469305
65,16,13888,120.422595046083,13888,120.091805875576
65,17,13568,120.835495283019,13568,119.795622051887
65,18,12818,120.981120299579,12818,120.411998751755
65,19,12402,119.769392033543,12402,119.61030478955
65,20,13111,121.005262756464,13111,119.286477004042
65,21,12081,117.888171508981,12081,118.371740749938
65,22,12569,119.625905004376,12569,119.300421672369
65,23,13982,121.307252181376,13982,120.572807895866
65,24,11279,120.175547477613,11279,119.372994059757
65,25,13137,120.079470198675,13137,119.945116845551
65,26,10269,119.557308403934,10269,119.749634823254
65,27,11791,118.426766177593,11791,119.014841828513
65,28,13780,118.453193033382,13780,119.48526850508
65,29,12650,119.247747035573,12650,119.191383399209
65,30,4613,167.646000433557,4613,163.01062215478
65,31,7659,117.88562475519,7659,117.702963833399
66,1,17840,119.69865470852,17840,120.000392376682
66,2,13375,120.164859813084,13375,119.707439252336
66,3,17260,120.33707995365,17260,118.755793742758
66,4,12484,119.748237744313,12484,119.127202819609
66,5,14649,120.254624889071,14649,119.541470407536
66,6,17893,120.118034985749,17893,120.137316268932
66,7,15074,120.392861881385,15074,120.954093140507
66,8,13771,122.112410137245,13771,121.068840316607
66,9,15990,118.941088180113,15990,118.861038148843
66,10,14144,118.804086538462,14144,119.838023190045
66,11,15051,120.067437379576,15051,120.281044448874
66,12,17235,118.922309254424,17235,120.895097185959
66,13,13194,119.345081097469,13194,119.368652417766
66,14,16167,121.040576482959,16167,119.925156182347
66,15,15054,120.675102962668,15054,120.435366015677
66,16,12897,123.286733348841,12897,120.535163216252
66,17,14325,121.658848167539,14325,119.830087260035
66,18,13333,119.765769144229,13333,120.267831695792
66,19,12574,119.018768888182,12574,119.554159376491
66,20,12773,118.003288186017,12773,118.424958897675
66,21,13441,121.770552786251,13441,120.378245666245
66,22,13026,120.816751113158,13026,120.054659910947
66,23,13635,122.042537587092,13635,121.429482948295
66,24,12358,121.22382262502,12358,119.145330959702
66,25,17254,122.239480700128,17254,121.346412426104
66,26,11466,118.173382173382,11466,118.976800976801
66,27,13940,120.954304160689,13940,120.06700143472
66,28,11019,121.003993102822,11019,120.040384789908
66,29,10265,117.423477837311,10265,117.530540672187
66,30,4426,161.355625847266,4426,165.01671938545
66,31,13011,118.031742371839,13011,119.281454154177
67,1,17365,118.959804203858,17365,120.986236682983
67,2,15296,119.558904288703,15296,119.939003661088
67,3,16225,120.298613251156,16225,120.460215716487
67,4,15226,119.855247602785,15226,120.608958360699
67,5,14330,119.994975575715,14330,119.393719469644
67,6,12977,124.151267627341,12977,120.67141866379
67,7,12753,119.461773700306,12753,118.972320238375
67,8,13876,121.240775439608,13876,119.733208417411
67,9,11920,121.177265100671,11920,120.457382550336
67,10,12748,119.293222466269,12748,120.140963288359
67,11,12989,118.94148895219,12989,120.25336823466
67,12,15012,120.713695710099,15012,120.937849720224
67,13,13747,123.354259111079,13747,121.394267840256
67,14,12224,120.443144633508,12224,119.686436518325
67,15,14012,123.050171281758,14012,121.1136882672
67,16,16327,121.293685306547,16327,120.270288479206
67,17,16765,122.180614375186,16765,121.320131225768
67,18,14360,122.908008356546,14360,120.904526462396
67,19,15389,120.660211839626,15389,120.249203976867
67,20,13364,118.496632744687,13364,119.185199042203
67,21,11671,120.755633621798,11671,119.590009425071
67,22,11293,121.013194013991,11293,118.729832639688
67,23,5480,166.635766423358,5480,172.918613138686
67,24,12046,117.887929603188,12046,118.464469533455
67,25,11789,119.063533802697,11789,119.303163966409
67,26,17491,121.224629809616,17491,118.981133154194
67,27,13141,121.129670496918,13141,120.509626360247
67,28,11827,120.167836306756,11827,119.397142132409
67,29,13626,119.190444738001,13626,119.306472919419
67,30,13017,117.960743642928,13017,119.08373665207
67,31,12732,117.851712221175,12732,117.700204209865
68,1,18796,118.865396892956,18796,120.738880612896
68,2,17441,120.438334957858,17441,120.124648816008
68,3,14434,121.284675072745,14434,118.896702230844
68,4,15146,119.321867159646,15146,120.376138914565
68,5,15430,120.935968891769,15430,121.232922877511
68,6,15039,121.659551831904,15039,120.171420972139
68,7,14205,118.033579725449,14205,118.943259415699
68,8,13278,120.584801928001,13278,120.947883717427
68,9,15753,120.12918174316,15753,119.743985272646
68,10,14059,124.183370083221,14059,121.73227114304
68,11,14330,121.61011863224,14330,121.046406140963
68,12,13682,119.098815962579,13682,119.187107148078
68,13,13589,119.148428876297,13589,120.219368606962
68,14,17744,121.466862037872,17744,119.078223624887
68,15,12031,121.318427395894,12031,119.722882553404
68,16,12140,120.77413509061,12140,119.555271828666
68,17,14072,123.233584422968,14072,120.904420125071
68,18,17213,121.362458606867,17213,120.683146459072
68,19,12486,119.511212558065,12486,119.884991190133
68,20,14249,123.818162678083,14249,120.876622920907
68,21,12794,119.036970454901,12794,119.853603251524
68,22,13568,119.183298938679,13568,120.736364976415
68,23,15281,119.355343236699,15281,119.396570905045
68,24,15693,120.659274835914,15693,120.412795513923
68,25,13168,118.144744835966,13168,118.503417375456
68,26,17447,122.195621023672,17447,121.335702413022
68,27,10945,120.175696665144,10945,119.428140703518
68,28,14177,122.338929251605,14177,120.680327290682
68,29,6002,168.263245584805,6002,175.859713428857
68,30,9577,118.521144408479,9577,117.842017333194
68,31,17359,118.167924419609,17359,119.696756725618
69,1,16908,121.289153063639,16908,119.691152117341
69,2,15382,120.340852945001,15382,120.283188141984
69,3,18600,121.301989247312,18600,119.065268817204
69,4,18360,118.848311546841,18360,120.594553376906
69,5,14339,120.463700397517,14339,121.852081735128
69,6,15798,120.498417521205,15798,121.420179769591
69,7,16983,122.210563504681,16983,121.059883412825
69,8,18395,119.547485729818,18395,119.299211742321
69,9,13695,122.824680540343,13695,121.007082876962
69,10,14742,123.896961063628,14742,121.886989553656
69,11,15336,119.178403755869,15336,120.792709963485
69,12,11823,118.127378837858,11823,118.56686120274
69,13,14972,119.436481432006,14972,120.649545818862
69,14,12910,122.743919442293,12910,121.613865220759
69,15,14706,120.421800625595,14706,119.725350197198
69,16,15566,122.305794680714,15566,120.530707953231
69,17,13790,121.105656272661,13790,120.06533720087
69,18,14864,122.935414424112,14864,121.498519913886
69,19,13128,119.155773918342,13128,119.91422912858
69,20,12366,119.256509784894,12366,119.070515930778
69,21,14803,119.231101803688,14803,118.364453151388
69,22,13580,123.319293078056,13580,120.463475699558
69,23,13243,119.544589594503,13243,120.197085252586
69,24,14588,122.845078146422,14588,121.097340279682
69,25,13260,122.017043740573,13260,119.019984917044
69,26,12231,121.943095413294,12231,119.991742294171
69,27,10535,120.92539155197,10535,119.540009492169
69,28,10010,119.070729270729,10010,119.081218781219
69,29,12296,118.334011060507,12296,119.122641509434
69,30,14155,121.133804309431,14155,120.04168138467
69,31,5420,177.394833948339,5420,167.378413284133
70,1,18533,118.995305670965,18533,120.707117034479
70,2,15893,118.943748820235,15893,120.920090605927
70,3,15167,120.0496472605,15167,120.498252785653
70,4,15774,120.921389628503,15774,124.49283631292
70,5,15582,121.078167115903,15582,120.3797972019
70,6,14126,119.713011468215,14126,119.156449100949
70,7,16506,121.28068581122,16506,121.87852901975
70,8,17262,120.864326265786,17262,119.224944965821
70,9,13414,122.860146115998,13414,120.12755330252
70,10,16661,123.020767060801,16661,121.699297761239
70,11,14665,123.025093760655,14665,121.3171496761
70,12,15082,124.072006365204,15082,122.349688370243
70,13,14165,118.833462760325,14165,120.447935051182
70,14,16010,122.217239225484,16010,121.002123672705
70,15,15951,119.565168328005,15951,120.505297473513
70,16,16035,122.659370127845,16035,119.740193327097
70,17,17739,121.979085630532,17739,120.444669936299
70,18,12873,123.512157228307,12873,121.319816670551
70,19,13889,120.646986824105,13889,120.622363021096
70,20,12906,120.066713156671,12906,118.857585619092
70,21,12725,122.227033398821,12725,121.454931237721
70,22,13406,120.953379083992,13406,121.328211248695
70,23,12409,122.621484406479,12409,120.951486824079
70,24,12708,120.971277935159,12708,119.578926660371
70,25,13660,122.034553440703,13660,120.077159590044
70,26,10982,121.709615734839,10982,119.536696412311
70,27,13327,118.264425602161,13327,118.76206197944
70,28,16671,120.636134605003,16671,119.376222182233
70,29,15688,120.281170321265,15688,118.693842427333
70,30,14077,118.25658876181,14077,118.339063720963
70,31,7864,179.592955239064,7864,176.507756866734
71,1,16760,123.320167064439,16760,121.4
71,2,19883,119.059749534778,19883,121.365991047629
71,3,14124,120.027258566978,14124,119.489875389408
71,4,16214,122.823424201308,16214,121.600777106205
71,5,15239,123.961611654308,15239,121.917842378109
71,6,14810,125.721944632005,14810,122.30189061445
71,7,15804,119.128448494052,15804,121.361111111111
71,8,15328,123.024008350731,15328,122.531445720251
71,9,19055,121.918813959591,19055,120.525741275256
71,10,13885,122.748289521066,13885,121.774000720202
71,11,14046,120.046703687883,14046,120.707461198918
71,12,12722,119.408583556045,12722,120.503694387675
71,13,16859,121.516044842517,16859,120.157601281215
71,14,15067,122.008429017057,15067,125.563350368355
71,15,16087,119.84297880276,16087,119.591160564431
71,16,17666,122.358881467225,17666,123.100758519189
71,17,14281,121.105314753869,14281,120.608500805266
71,18,15502,123.182750612824,15502,121.684556831377
71,19,14948,121.691196146642,14948,122.005218089376
71,20,13879,118.408458822682,13879,118.847179191584
71,21,16041,121.425035845646,16041,119.420734368182
71,22,15288,119.653976975406,15288,120.873364730508
71,23,11723,122.019363644118,11723,119.872302311695
71,24,10844,122.196237550719,10844,121.124953891553
71,25,12404,122.176797807159,12404,120.240890035472
71,26,15792,120.65507852077,15792,119.703267477204
71,27,11231,119.923693348767,11231,119.179325082361
71,28,12278,122.686431014823,12278,120.124857468643
71,29,13596,118.005516328332,13596,118.596425419241
71,30,12951,120.355802640723,12951,118.415103080843
71,31,11174,175.105512797566,11174,165.205655987113
72,1,17002,119.870427008587,17002,119.452476179273
72,2,14774,119.565114390145,14774,119.498510897523
72,3,15394,125.520527478238,15394,123.187995322853
72,4,19927,118.967230390927,19927,121.920409494655
72,5,15645,119.015404282518,15645,121.994630872483
72,6,17591,122.535557955773,17591,120.292649650389
72,7,21157,123.076712199272,21157,122.666824218935
72,8,17030,122.84932472108,17030,121.942513211979
72,9,15212,124.100907178543,15212,122.821851170129
72,10,14485,123.311425612703,14485,122.355816361754
72,11,15147,123.702845447943,15147,122.001782531194
72,12,13995,119.361843515541,13995,121.431725616292
72,13,15718,121.546888917165,15718,120.908385290749
72,14,13899,123.141305129865,13899,120.846104036262
72,15,15164,121.983645476128,15164,126.820232128726
72,16,14469,121.130347639782,14469,119.274448821619
72,17,18059,121.364970374882,18059,123.390442438673
72,18,18010,121.91143808995,18010,120.332315380344
72,19,12433,122.746883294458,12433,120.281669749859
72,20,14741,124.272844447459,14741,122.446441896751
72,21,11727,119.877376993263,11727,119.368636479918
72,22,13881,120.21763561703,13881,120.796196239464
72,23,15867,119.420432343858,15867,120.787357408458
72,24,12662,124.232111830674,12662,120.666008529458
72,25,14466,118.560002765104,14466,119.0158993502
72,26,16426,121.08778765372,16426,120.049372945331
72,27,14774,121.093271964262,14774,122.504467307432
72,28,12119,123.46868553511,12119,121.726050004126
72,29,13847,120.223297465155,13847,118.786451939048
72,30,15862,118.463812886143,15862,118.489786912117
72,125,8438,181.421308366912,8438,171.197795686182
73,1,17605,121.962510650383,17605,123.833854018745
73,2,15488,120.886880165289,15488,119.43885588843
73,3,15528,122.243688820196,15528,121.696676970634
73,4,15484,125.254843709636,15484,123.15080082666
73,5,18944,118.829866976351,18944,122.045449746622
73,6,20634,123.389890472036,20634,122.863041581855
73,7,12538,123.485404370713,12538,119.971686074334
73,8,15658,118.88542598033,15658,122.416592157364
73,9,15416,124.665736896731,15416,122.05559159315
73,10,14182,124.499858976167,14182,122.55076857989
73,11,16558,123.237468293272,16558,121.847022587269
73,12,19527,121.433451118963,19527,120.627951042147
73,13,15681,123.078566417958,15681,126.788406351636
73,14,13903,119.713083507157,13903,121.562180824283
73,15,14631,120.109561889139,14631,121.394163078395
73,16,14721,123.218327559269,14721,120.124923578561
73,17,14277,126.506408909435,14277,122.885199971983
73,18,17058,125.013073044906,17058,122.282917106343
73,19,12092,122.495286139596,12092,122.073271584519
73,20,14124,118.276904559615,14124,118.973166241858
73,21,16957,120.660553163885,16957,120.436103084272
73,22,14370,122.845024356298,14370,120.901461377871
73,23,16459,119.296433562185,16459,121.127893553679
73,24,13428,123.454125707477,13428,120.519288054811
73,25,13410,119.424906785981,13410,119.895749440716
73,26,14503,122.154106047025,14503,122.79859339447
73,27,10125,119.310913580247,10125,119.314666666667
73,28,13372,119.909138498355,13372,119.712458869279
73,29,13127,118.215814732993,13127,118.39826312181
73,30,14609,119.599972619618,14609,118.563351358751
73,31,9996,177.912965186074,9996,164.47268907563
74,1,18696,118.626979032948,18696,122.700738125802
74,2,11962,122.59396422003,11962,119.778047149306
74,3,14664,123.55489634479,14664,121.189716312057
74,4,17021,123.689677457259,17021,121.762293637272
74,5,14483,120.066491748947,14483,121.402886142374
74,6,21462,124.167412170348,21462,124.591510576833
74,7,15005,126.428657114295,15005,124.248383872043
74,8,13981,119.683999713897,13981,121.475430941993
74,9,16384,120.223999023438,16384,123.918029785156
74,10,14832,126.465210355987,14832,124.009236785329
74,11,18942,122.059022278534,18942,125.28502798015
74,12,16500,123.560484848485,16500,128.251151515152
74,13,13833,125.462228005494,13833,122.993349237331
74,14,16117,120.829620897189,16117,120.176087361171
74,15,14012,119.238723950899,14012,120.089851555809
74,16,13840,118.370086705202,13840,119.155780346821
74,17,14656,124.592521834061,14656,121.798103165939
74,18,15600,124.809935897436,15600,121.996217948718
74,19,13416,122.421511627907,13416,120.520199761479
74,20,14047,121.450487648608,14047,119.829287392326
74,21,14810,124.21006076975,14810,120.679473328832
74,22,11697,119.286227237753,11697,119.486620500983
74,23,12986,123.7071461574,12986,120.923379023564
74,24,20000,121.79615,20000,121.2089
74,25,13979,121.565634165534,13979,122.671006509765
74,26,17136,119.715219421102,17136,121.836426237162
74,27,17239,118.616683102268,17239,118.730030744243
74,28,13732,119.957253131372,13732,119.783134284882
74,29,10691,123.705359648302,10691,121.627350107567
74,30,11426,119.469893225976,11426,118.432084719062
74,31,7193,184.592242457945,7193,165.263033504796
75,1,19548,118.799979537549,19548,124.000255780643
75,2,19236,122.908037013932,19236,126.043096277812
75,3,15652,122.856695629951,15652,121.648862765142
75,4,16139,119.502385525745,16139,122.363095606915
75,5,13602,120.390383767093,13602,119.363843552419
75,6,14945,120.005821344931,14945,123.386416861827
75,7,15750,126.427238095238,15750,125.419746031746
75,8,15202,124.114853308775,15202,122.081765557164
75,9,14711,119.87118482768,14711,121.743797158589
75,10,14750,126.58413559322,14750,125.299118644068
75,11,12490,118.782946357086,12490,119.219135308247
75,12,15750,126.052507936508,15750,123.116317460317
75,13,14167,124.630338109692,14167,122.515564339663
75,14,16031,124.277961449691,16031,120.537645811241
75,15,14501,123.589614509344,14501,121.417833252879
75,16,18840,122.956050955414,18840,121.478450106157
75,17,12606,121.38648262732,12606,120.276138346819
75,18,17848,123.903798744957,17848,122.436127297176
75,19,15429,118.233132412989,15429,119.277075636788
75,20,13497,118.478921241757,13497,117.790471956731
75,21,14297,122.196824508638,14297,121.395887249073
75,22,16910,123.538379657008,16910,128.473920756949
75,23,12543,124.723112493024,12543,122.887985330463
75,24,13876,119.845056212165,13876,120.536393773422
75,25,15917,121.091474524094,15917,120.902180059056
75,26,12961,121.907723169509,12961,120.248360466013
75,27,20214,126.797615514,20214,127.004303947759
75,28,13262,123.322349570201,13262,121.530085959885
75,29,7771,164.207180543045,7771,152.909921503024
75,30,16899,121.127759038996,16899,122.093910882301
75,31,13762,118.746403139079,13762,118.790364772562
76,1,19775,118.782958280657,19775,124.806068268015
76,2,18700,123.963636363636,18700,122.676096256684
76,3,15703,127.39018022034,15703,125.9202700121
76,4,14459,125.511861124559,14459,122.232934504461
76,5,15211,120.311550851358,15211,121.969627243442
76,6,13683,125.213768910327,13683,122.640648980487
76,7,15957,124.182365106223,15957,122.698502224729
76,8,15354,122.998957926273,15354,121.977921062915
76,9,12867,122.095671096604,12867,120.706380663713
76,10,19380,122.585139318885,19380,121.60386996904
76,11,13778,122.518072289157,13778,121.108143417042
76,12,14413,118.494622909873,14413,119.583778533269
76,13,22854,127.442285814299,22854,128.961363437473
76,14,15556,120.177873489329,15556,123.303612753921
76,15,14470,125.599378023497,14470,122.948928818245
76,16,14526,120.178300977557,14526,122.177819083024
76,17,14891,118.982136861191,14891,120.357061312202
76,18,13660,121.369472913616,13660,120.484480234261
76,19,15524,127.996263849523,15524,128.407755733058
76,20,18993,121.808034539041,18993,127.049386616122
76,21,16234,125.144757915486,16234,130.560983121843
76,22,11500,118.809391304348,11500,119.215565217391
76,23,16396,123.705415955111,16396,120.618382532325
76,24,14803,123.101803688442,14803,122.050462744038
76,25,14703,124.155750527103,14703,122.775419982317
76,26,15914,118.864144778183,15914,118.904423777806
76,27,19056,121.31895465995,19056,123.910684298908
76,28,5076,176.123128447597,5076,160.908589440504
76,29,17622,120.870219044376,17622,120.961241629781
76,30,12793,120.614242163683,12793,120.003673884155
76,31,11934,119.001256913022,11934,118.069549187196
77,1,16958,119.138931477769,16958,122.482486142234
77,2,14856,119.092353257943,14856,120.576467420571
77,3,15761,119.614491466278,15761,124.05875261722
77,4,17588,123.786274732772,17588,120.452922447123
77,5,16214,121.512643394597,16214,121.511101517207
77,6,15875,127.64831496063,15875,126.168566929134
77,7,18539,123.188467554884,18539,121.771454771023
77,8,15436,126.787121015807,15436,122.817958020212
77,9,15591,121.784747610801,15591,122.12462318004
77,10,15922,130.788405979148,15922,133.798015324708
77,11,14133,123.539871223378,14133,122.171513479091
77,12,17469,123.102867937489,17469,123.002518747496
77,13,14313,121.747711870328,14313,123.318381890589
77,14,17515,123.539137881816,17515,122.975164145019
77,15,13612,126.980458419042,13612,122.5976344402
77,16,13943,120.495876066844,13943,120.827727174926
77,17,19739,119.882364861442,19739,128.048077410203
77,18,15628,123.393268492449,15628,129.682876887638
77,19,14956,121.02199786039,14956,122.585450655255
77,20,13911,125.294155704119,13911,123.27661562792
77,21,18710,133.995296632817,18710,139.186638161411
77,22,16745,123.482173783219,16745,120.445625559869
77,23,13188,118.567788898999,13188,118.331740976645
77,24,12638,117.821095109986,12638,119.163949992087
77,25,18269,119.371941540314,18269,118.914390497564
77,26,14685,118.569424582908,14685,119.399319033027
77,27,17332,120.768347565197,17332,120.728479113778
77,28,15212,126.389100709966,15212,122.762950302393
77,29,17515,123.518526976877,17515,128.224664573223
77,30,5029,153.480214754424,5029,137.231258699543
77,31,13115,121.564239420511,13115,119.801524971407
78,1,14867,119.008609672429,14867,120.670141925069
78,2,17241,118.902789861377,17241,122.433153529378
78,3,15878,140.954843179242,15878,156.855082504094
78,4,17987,123.277811752933,17987,120.163896147217
78,5,14680,124.534536784741,14680,122.264441416894
78,6,17278,124.35768028707,17278,121.8757958097
78,7,19025,126.516741130092,19025,123.154270696452
78,8,15788,119.617304281733,15788,125.152647580441
78,9,14556,121.461321791701,14556,121.562242374279
78,10,16407,124.542512342293,16407,120.986834887548
78,11,13905,127.062998921251,13905,122.283135562747
78,12,15498,128.184475416183,15498,127.180216802168
78,13,19737,119.950093732583,19737,126.570603435173
78,14,13689,117.865293301191,13689,119.166557089634
78,15,17693,124.936641609676,17693,124.503645509524
78,16,13889,126.292245662035,13889,123.397652818777
78,17,14552,120.802432655305,14552,121.419323804288
78,18,15357,122.444227388162,15357,122.918082958911
78,19,17528,121.637608397992,17528,122.464742126883
78,20,13992,123.179173813608,13992,122.831332189823
78,21,15902,122.98050559678,15902,122.780404980506
78,22,13917,126.172091686427,13917,121.897535388374
78,23,17798,124.507360377571,17798,129.113776828857
78,24,15346,120.630848429558,15346,122.740974846866
78,25,16693,125.159527945846,16693,133.835619720841
78,26,13884,119.978680495534,13884,119.78939786805
78,27,18078,136.349430246709,18078,141.453479367187
78,28,12307,118.856991955798,12307,118.357357601365
78,29,14464,118.436877765487,14464,119.469441371681
78,30,4949,159.790462719741,4949,142.864214992928
78,31,13120,120.94237804878,13120,119.160594512195
79,1,17182,118.785880572692,17182,122.537888487953
79,2,14329,118.908297857492,14329,120.084304557192
79,3,15041,125.260222059703,15041,122.708264078186
79,4,15981,119.598022651899,15981,126.363556723609
79,5,18877,122.149970864014,18877,122.351221062669
79,6,16044,123.786711543256,16044,121.545063575168
79,7,15359,129.539162705905,15359,128.727000455759
79,8,13547,118.029231564184,13547,119.320439949804
79,9,16830,145.668152109329,16830,170.137551990493
79,10,14965,127.289675910458,14965,122.861476779151
79,11,16960,122.990683962264,16960,123.722464622642
79,12,13023,128.235736773401,13023,123.772172310528
79,13,20421,120.51868174918,20421,127.355565349395
79,14,13904,126.476050057537,13904,122.370181242808
79,15,17939,122.033781147221,17939,123.132616087853
79,16,15232,123.91924894958,15232,120.41537552521
79,17,17936,135.792651650312,17936,142.743198037467
79,18,13116,122.931991460811,13116,122.870234827691
79,19,17301,124.853303277267,17301,125.341367551009
79,20,17223,127.290251408001,17223,137.057132903675
79,21,15664,121.783835546476,15664,123.089440755873
79,22,16212,123.574327658525,16212,120.681532198372
79,23,14432,120.870149667406,14432,121.358439578714
79,24,15101,120.64783789153,15101,123.236805509569
79,25,14651,126.366323117876,14651,121.903487816531
79,26,16936,125.215517241379,16936,129.942135096835
79,27,14812,118.205238995409,14812,119.338846880907
79,28,13961,119.627677100494,13961,119.980517154932
79,29,11820,118.465736040609,11820,118.031979695431
79,30,13560,121.354646017699,13560,119.125884955752
79,31,4201,150.26374672697,4201,140.670792668412
80,1,14958,118.141462762401,14958,119.511365155769
80,2,16039,124.609950745059,16039,121.664567616435
80,3,17930,119.044283324038,17930,123.873786949247
80,4,16353,124.516663609124,16353,122.112884486027
80,5,21854,120.591379152558,21854,127.305390317562
80,6,19146,124.392040112817,19146,123.933406455657
80,7,16456,121.902041808459,16456,122.405444822557
80,8,16196,121.612311681897,16196,123.613917016547
80,9,18271,123.468939850036,18271,123.870888292923
80,10,14767,119.830500440171,14767,120.260851899506
80,11,16175,162.403276661515,16175,209.641545595054
80,12,17458,124.952457326154,17458,120.909783480353
80,13,15049,132.719582696525,15049,135.340089042461
80,14,16609,119.921127099765,16609,129.750436510326
80,15,12904,129.44730316181,12904,123.094699318041
80,16,19729,119.88468751584,19729,120.418216838157
80,17,15736,120.260358413828,15736,122.797597864769
80,18,13677,124.344373766177,13677,122.370549097024
80,19,19334,128.173838833144,19334,126.454380883418
80,20,15036,118.145517424847,15036,119.032056397978
80,21,14324,129.234082658475,14324,122.776808154147
80,22,17188,132.631487084012,17188,151.497556434722
80,23,15409,119.290868972678,15409,121.926406645467
80,24,14538,125.565414775072,14538,122.47943320952
80,25,16970,123.441367118444,16970,121.176664702416
80,26,16602,124.481327550897,16602,126.868810986628
80,27,13008,122.247770602706,13008,128.583333333333
80,28,12889,117.987741484987,12889,118.161145162542
80,29,5226,152.105625717566,5226,140.545732874091
80,30,16786,120.777433575599,16786,118.997259621113
80,31,16519,127.124160058115,16519,123.097160845087
81,1,13254,118.09287762185,13254,119.674437905538
81,2,17730,118.912126339538,17730,123.593513818387
81,3,16624,129.004391241578,16624,121.916746871992
81,4,19667,127.646158539686,19667,123.719377637667
81,5,14732,120.320458865056,14732,120.134944338854
81,6,16040,136.733167082294,16040,140.379052369077
81,7,16792,120.371010004764,16792,131.596414959505
81,8,19534,123.468414047302,19534,124.816371454899
81,9,15441,121.360533644194,15441,123.080435204974
81,10,17247,124.40505595176,17247,122.693801820606
81,11,15708,166.349503437739,15708,224.885918003565
81,12,16419,122.41817406663,16419,124.925330409891
81,13,16964,124.80488092431,16964,120.53961329875
81,14,15197,123.962492597223,15197,122.204579851286
81,15,15398,120.335433173139,15398,123.109040135082
81,16,20194,119.982470040606,20194,127.487322967218
81,17,18218,135.801679657482,18218,160.126029201888
81,18,16034,125.805226393913,16034,128.451914681302
81,19,17098,121.884430927594,17098,120.546964557258
81,20,16377,125.76613543384,16377,123.446235574281
81,21,15221,119.615728270153,15221,121.929768083569
81,22,14682,130.360168914317,14682,123.732052853835
81,23,18590,120.360032275417,18590,121.498332436794
81,24,15157,118.101933100218,15157,118.992478722702
81,25,12400,127.227903225806,12400,121.794435483871
81,26,17689,123.58437447001,17689,129.082876363842
81,27,14887,126.413649492846,14887,126.367837710754
81,28,16402,120.850018290452,16402,119.060297524692
81,29,11257,118.048236652749,11257,117.880696455539
81,31,6759,145.782068353307,6759,142.788134339399
81,32,18679,124.491460998983,18679,124.713207345147
82,1,14336,118.28125,14336,120.651297433036
82,2,17910,119.023673925181,17910,126.308207705193
82,3,15928,125.785534907082,15928,123.439979909593
82,4,20431,121.903577896334,20431,123.293230874651
82,5,22782,120.956588534808,22782,122.572162233342
82,6,16513,126.532671228729,16513,124.040876884879
82,7,16347,143.498011867621,16347,158.880222670826
82,8,18348,129.240080662743,18348,123.386908654894
82,9,15665,123.853239706352,15665,122.392084264283
82,10,13534,120.855918427664,13534,120.616151913699
82,11,18353,123.282297172124,18353,125.663161336021
82,12,17879,124.82252922423,17879,120.45640136473
82,13,17760,122.383558558559,17760,137.142454954955
82,14,16813,147.019984535776,16813,183.190864212217
82,15,17445,168.363829177415,17445,188.831298366294
82,16,22342,119.94660281085,22342,118.723077611673
82,17,16655,122.395977184029,16655,122.699609726809
82,18,15944,119.989902157551,15944,123.439162067235
82,19,16343,123.945725998899,16343,128.899834791654
82,20,16848,127.917853751187,16848,133.138532763533
82,21,13707,135.453345006201,13707,123.896622163858
82,22,16965,124.583141762452,16965,122.841143530799
82,23,15805,118.099082568807,15805,119.265169250237
82,24,15118,119.345945230851,15118,122.62409048816
82,25,14998,128.952393652487,14998,123.742565675423
82,26,5119,126.129712834538,5119,125.650126977925
82,27,4431,124.21372150756,4431,127.148499210111
82,28,5101,153.101940795922,5101,144.87923936483
82,29,4867,122.766591329361,4867,125.77809739059
82,30,5361,126.857489274389,5361,126.076291736616
82,31,11422,117.661793030993,11422,117.7021537384
82,32,9765,123.362211981567,9765,122.381874039939
82,33,12594,121.448864538669,12594,124.823884389392
83,1,13238,118.016014503701,13238,121.079996978396
83,2,18911,118.605414837925,18911,127.642377452276
83,3,16891,130.000888046889,16891,126.051092297673
83,4,15589,121.294438386041,15589,122.99409840272
83,5,17912,120.551362215275,17912,123.463432335864
83,6,14967,148.86122803501,14967,175.31816663326
83,7,14339,119.376455819792,14339,120.809052235163
83,8,17674,126.062351476746,17674,123.759986420731
83,9,16838,123.812982539494,16838,130.671101080888
83,10,16165,122.21410454686,16165,119.302505412929
83,11,17464,127.033554741182,17464,133.444571690334
83,12,17147,124.630722575378,17147,141.376275733364
83,13,10899,174.250206440958,10899,188.248646664832
83,14,16834,125.698526791018,16834,122.435309492693
83,15,17863,123.394894474612,17863,127.799025919498
83,16,14773,120.224531239423,14773,123.087186082718
83,17,11380,122.965114235501,11380,122.107996485062
83,18,17479,149.150580696836,17479,184.442416614223
83,19,15903,127.064201722945,15903,123.821920392379
83,20,14546,142.358586553004,14546,124.061597690087
83,21,16313,120.664378103353,16313,118.847851406853
83,22,16557,121.58271425983,16557,123.943528416984
83,23,15130,128.269134170522,15130,123.964507600793
83,24,6384,125.673402255639,6384,138.41134085213
83,25,6266,132.647622087456,6266,130.010533035429
83,26,12245,117.225969783585,12245,117.974193548387
83,27,9063,121.928721174004,9063,122.535142888668
83,28,6158,121.525495290679,6158,135.931146476129
83,29,4343,126.015196868524,4343,127.643794612019
83,30,14296,118.274482372692,14296,119.451454952434
83,31,16018,124.65145461356,16018,122.564677238107
83,32,17174,122.026202398975,17174,129.335623617096
83,33,4856,146.201812191104,4856,144.202429983526
84,1,17977,118.465261167047,17977,127.535295099294
84,2,15908,119.164445561981,15908,120.387980890118
84,3,20398,133.730316697715,20398,129.485831944308
84,4,15509,120.359339738217,15509,122.326455606422
84,5,15796,122.224044061788,15796,119.538237528488
84,6,18659,123.499330081998,18659,130.960716008361
84,7,15195,128.11201052978,15195,123.700361961171
84,8,17201,126.742166153131,17201,123.495087494913
84,9,8394,124.595544436502,8394,133.644269716464
84,10,16671,124.761561993882,16671,134.034551016736
84,11,16107,150.941950704663,16107,204.362451108214
84,12,14927,120.424532725933,14927,122.429624170965
84,13,16826,125.580886722929,16826,146.565909901343
84,14,13166,157.511696794774,13166,125.916907185174
84,15,17726,125.983865508293,17726,134.231073000113
84,16,15307,166.758476514013,15307,194.63258639838
84,17,12307,118.260664662387,12307,121.985536686439
84,18,14814,131.465505602808,14814,125.213581746996
84,19,15688,124.354283528812,15688,125.373342682305
84,20,8548,122.041530182499,8548,149.432264857277
84,21,7616,131.748818277311,7616,127.689732142857
84,22,14199,120.924431297979,14199,123.021409958448
84,23,19030,154.073830793484,19030,190.519022595901
84,24,9070,127.472987872106,9070,151.588643880926
84,25,11920,118.131795302013,11920,118.619966442953
84,26,7203,121.260863529085,7203,129.715812855755
84,27,8765,127.806845407872,8765,130.839703365659
84,28,16839,124.643209216699,16839,124.304709305778
84,29,12684,122.954351939451,12684,124.715862503942
84,30,13494,118.319697643397,13494,119.44338224396
84,31,3663,151.633633633634,3663,146.940212940213
84,32,6269,119.695326208327,6269,123.293986281704
84,33,5709,119.347171133298,5709,121.218602207042
84,34,14132,120.459949051797,14132,119.372063402208
84,35,20743,122.069806681772,20743,126.23911681049
85,1,17103,123.408641758756,17103,135.687832543998
85,2,14572,134.93762009333,14572,127.809291792479
85,3,16197,118.982898067543,16197,121.108662097919
85,4,25085,142.33159258521,25085,133.065577038071
85,5,17069,147.921553693831,17069,209.14201183432
85,6,8873,124.923701115744,8873,133.49047672715
85,7,16873,120.388016357494,16873,122.097967166479
85,8,18384,132.812119234117,18384,145.919168842472
85,9,17171,124.360899190496,17171,120.984683477957
85,10,11208,118.02408993576,11208,118.937187723055
85,11,15756,124.935643564356,15756,132.754823559279
85,12,13606,161.99977950904,13606,124.901146552991
85,13,15936,127.151920180723,15936,125.113140060241
85,14,13934,120.259652648199,13934,121.886680063155
85,15,15078,119.242737763629,15078,120.238161559889
85,16,7674,128.339197289549,7674,129.269872296065
85,17,14156,122.416925685222,14156,122.89552133371
85,18,15588,125.577687965101,15588,148.547087503208
85,19,16060,124.987671232877,16060,124.008841843088
85,20,15437,128.426378182289,15437,124.143292090432
85,21,9129,122.704239237594,9129,133.792967466316
85,22,8200,128.127682926829,8200,132.117682926829
85,23,7991,126.567888874984,7991,153.090601927168
85,24,6691,119.802122253774,6691,126.159318487521
85,25,15773,123.064857668167,15773,123.167628225449
85,26,7288,121.948408342481,7288,130.739023051592
85,27,11539,118.602998526735,11539,125.778057024006
85,28,15747,118.201498698165,15747,126.555280370864
85,29,13290,120.150639578631,13290,119.177577125658
85,30,17570,126.744792259533,17570,135.879112122937
85,31,9246,126.668072680078,9246,145.500108154878
85,32,8966,178.731318313629,8966,204.522752621013
85,33,3718,190.842657342657,3718,153.695266272189
85,34,9070,123.085777287762,9070,125.63230429989
85,35,16138,119.693518403767,16138,124.632792167555
86,1,18522,125.454432566677,18522,142.352175790951
86,2,14774,146.048125084608,14774,169.412413699743
86,3,15105,135.879642502483,15105,138.762065541212
86,4,17520,127.348116438356,17520,147.317465753425
86,5,15516,152.47028873421,15516,126.244650683166
86,6,14688,121.521446078431,14688,120.596541394336
86,7,25143,152.669331424253,25143,139.831006642008
86,8,14618,118.167122725407,14618,126.340197017376
86,9,15295,123.322654462243,15295,123.553579601177
86,10,13369,121.02804996634,13369,122.207794150647
86,11,15703,123.577150862892,15703,124.13252244794
86,12,16179,120.353359292911,16179,122.385623338896
86,13,13119,130.164036893056,13119,143.050461163198
86,14,17199,121.330077330077,17199,120.684109541252
86,15,16222,128.534767599556,16222,124.143077302429
86,16,16633,129.683400468947,16633,128.023928335237
86,17,4630,202.033909287257,4630,212.969114470842
86,18,16949,126.356127205145,16949,135.104961944658
86,19,15833,118.119055138003,15833,119.654392724057
86,20,6752,120.739188388626,6752,133.176984597156
86,21,10043,126.803644329384,10043,137.278701583192
86,22,7715,119.008554763448,7715,125.753078418665
86,23,5118,194.159241891364,5118,167.029503712388
86,24,8796,126.075488858572,8796,128.945429740791
86,25,8329,121.540641133389,8329,132.613519029896
86,26,10913,124.399890039403,10913,134.104645835242
86,27,7768,117.538619979403,7768,119.215628218332
86,28,8452,129.889020350213,8452,152.860861334595
86,29,13984,123.830735125858,13984,122.590961098398
86,30,9067,124.652365721848,9067,134.848571743686
86,31,11659,121.452869028219,11659,119.100694742259
86,32,15042,128.082901209945,15042,129.666600186145
86,33,5624,119.068812233286,5624,142.493776671408
86,34,9403,130.607359353398,9403,144.14101882378
86,35,4316,147.424235403151,4316,206.417284522706
86,36,13615,121.000367242012,13615,131.623797282409
86,37,17245,119.029689765149,17245,126.586198898231
87,1,11746,150.179124808445,11746,175.146858505023
87,2,16227,123.601405065631,16227,132.515252357182
87,3,14364,137.197368421053,14364,144.506056808688
87,4,14421,118.131821648984,14421,124.564593301435
87,5,22341,155.71679871089,22341,141.365650597556
87,6,15519,121.341323538888,15519,120.722082608415
87,7,18997,130.314312786229,18997,124.622308785598
87,8,16266,123.258268781507,16266,123.861121357433
87,9,17202,145.463143820486,17202,126.711021974189
87,10,16490,127.166767738023,16490,126.627653123105
87,11,14047,121.867017868584,14047,122.679646899694
87,12,20389,127.235715336701,20389,135.806807592329
87,13,14731,120.876722557871,14731,122.159595411038
87,14,7383,195.510903426791,7383,223.587701476365
87,15,6702,155.562966278723,6702,222.407341092211
87,16,13062,126.864186188945,13062,133.909738171796
87,17,16079,120.822003855961,16079,120.730393681199
87,18,7693,121.667489925907,7693,133.510724034837
87,19,9598,128.08408001667,9598,146.731402375495
87,20,9802,126.880942664762,9802,137.708018771679
87,21,10024,121.112430167598,10024,129.722266560255
87,22,15518,118.065730119861,15518,119.61038793659
87,23,13781,132.527102532472,13781,143.801248095204
87,24,9408,123.766369047619,9408,123.378613945578
87,25,9217,119.100792014755,9217,126.787674948465
87,26,13894,124.246581258097,13894,122.585360587304
87,27,9316,121.584907685702,9316,132.685272649206
87,28,17905,127.611170064228,17905,128.097793912315
87,29,9729,126.227155925583,9729,135.854455750848
87,30,7549,120.461915485495,7549,140.452245330507
87,31,5853,119.484196138732,5853,139.844353323082
87,32,14138,128.695784410808,14138,130.308813127741
87,33,6065,192.427864798021,6065,170.189942291838
87,34,14724,121.748302091823,14724,120.083672914969
87,35,13491,130.489140908754,13491,138.292713660959
87,36,15633,118.744962579159,15633,128.093072346958
87,37,20233,117.846389561607,20233,119.269856175555
88,1,16031,121.203667893456,16031,120.801322437777
88,2,15323,118.303856947073,15323,126.205573321151
88,3,15865,118.742830129215,15865,121.771320516861
88,4,18549,140.725645587363,18549,152.478516362068
88,5,10031,127.519290200379,10031,140.737214634633
88,6,15560,139.402313624679,15560,126.490424164524
88,7,13911,121.66774495004,13911,122.96261950974
88,8,8531,176.733208299144,8531,331.901183917477
88,9,15368,122.157404997397,15368,123.389966163457
88,10,20239,125.811749592371,20239,137.72088541924
88,11,11184,124.18025751073,11184,133.864628040057
88,12,8337,209.772460117548,8337,343.093918675783
88,13,16761,132.597935684028,16761,124.717797267466
88,14,9640,124.016493775934,9640,148.297717842324
88,15,21316,162.615030962657,21316,149.674798273597
88,16,10151,119.599546842676,10151,128.019702492365
88,17,6618,193.399516470233,6618,165.81520096706
88,18,14763,122.677030413873,14763,120.098963625279
88,19,14158,121.468992795593,14158,122.902387342845
88,20,9307,123.186956054583,9307,120.500698399054
88,21,8774,118.783109186232,8774,133.465238203784
88,22,10703,122.671213678408,10703,121.357283004765
88,23,12853,121.184314945927,12853,119.141289971213
88,24,15630,123.989315419066,15630,126.560524632118
88,25,8073,118.129939303852,8073,121.07333085594
88,26,16689,129.211636407214,16689,131.221223560429
88,27,9410,123.890010626993,9410,141.799468650372
88,28,14254,125.39273186474,14254,122.183457275151
88,29,4245,123.371967020024,4245,184.938044758539
88,30,15906,118.091663523199,15906,119.122720985792
88,31,7936,119.644405241935,7936,123.012096774194
88,32,3423,135.669880222027,3423,155.844580777096
88,33,4830,160.809730848861,4830,173.99751552795
88,34,4661,133.117571336623,4661,152.514696417078
88,35,7498,118.784475860229,7498,124.266737796746
88,36,3681,123.548763922847,3681,128.323010051616
88,37,8577,124.56791418911,8577,128.907426839221
88,38,3683,130.228074938908,3683,125.910127613359
88,39,13056,123.045419730392,13056,126.822840073529
88,40,17443,118.478472739781,17443,121.91503755088
89,1,16014,118.231110278506,16014,125.075871112776
89,2,16824,143.819721825963,16824,162.035187826914
89,3,15621,119.131041546636,15621,120.895781320018
89,4,14634,118.074074074074,14634,118.979773131065
89,5,23539,147.078635456052,23539,150.999235311611
89,6,8359,198.149659050126,8359,365.289867208996
89,7,17731,130.148891771474,17731,124.949579831933
89,8,17021,121.694201280771,17021,124.047412020445
89,9,8954,159.648425284789,8954,355.298525798526
89,10,16996,120.318016003766,16996,122.458519651683
89,11,15083,120.039382085792,15083,123.510044420871
89,12,13157,122.552633579083,13157,130.668541460819
89,13,15178,127.743049150086,15178,122.169785215443
89,14,9163,121.193386445487,9163,120.456400742115
89,15,5832,140.690329218107,5832,179.028463648834
89,16,7526,125.101381876163,7526,134.230002657454
89,17,11215,119.135889433794,11215,119.257512260366
89,18,13890,150.008135349172,13890,127.623830093593
89,19,7654,133.197413117324,7654,170.342827279854
89,20,13500,122.721185185185,13500,125.779925925926
89,21,6568,118.284561510353,6568,122.697929354446
89,22,10560,126.385511363636,10560,120.734753787879
89,23,7196,126.462201222902,7196,134.412173429683
89,24,10051,127.842503233509,10051,140.445925778529
89,25,17230,122.465235055136,17230,124.545095763204
89,26,6255,162.118944844125,6255,208.053717026379
89,27,16837,128.417651600641,16837,120.870820217378
89,28,10978,121.975040991073,10978,130.301512115139
89,29,8197,117.674393070636,8197,118.732951079663
89,30,5244,143.646262395118,5244,212.056636155606
89,31,6407,127.426564694865,6407,134.403777118776
89,32,9677,123.279942130826,9677,139.670559057559
89,33,6461,119.882525924779,6461,138.749110044885
89,34,8910,118.486868686869,8910,119.399887766554
89,35,8155,124.871122011036,8155,129.399019006744
89,36,8715,118.173608720597,8715,128.405048766495
89,37,11482,120.858735411949,11482,121.889479184811
89,38,6060,119.753795379538,6060,122.916831683168
89,39,3879,167.506573859242,3879,163.580562000516
89,41,18309,127.368561909443,18309,129.427166967065
90,1,16219,118.958875393058,16219,120.748258215673
90,2,10922,131.41091375206,10922,134.882805347006
90,3,14340,118.59170153417,14340,130.25460251046
90,4,16803,136.780336844611,16803,130.061001011724
90,5,14851,121.18557672884,14851,122.069288263417
90,6,16152,145.954432887568,16152,132.149578999505
90,7,10334,130.452196632475,10334,196.891716663441
90,8,10662,224.650628399925,10662,346.356218345526
90,9,8660,161.373556581986,8660,278.826327944573
90,10,12553,151.601927826018,12553,137.343583207201
90,11,15839,126.365427110297,15839,125.176463160553
90,12,24565,128.622226745369,24565,124.600569916548
90,13,10235,185.933463605276,10235,337.123497801661
90,14,15334,134.163753749837,15334,129.60453893309
90,15,13166,135.186692997114,13166,137.480631930731
90,16,8361,173.099390025117,8361,326.585575888052
90,17,10577,127.253758154486,10577,180.924364186442
90,18,14942,122.152456163833,14942,119.832619461919
90,19,17539,129.930041621529,17539,131.383944352586
90,20,9714,129.233889232036,9714,129.529339098209
90,21,8293,124.03279874593,8293,126.119860122995
90,22,12386,118.566445987405,12386,118.401743904408
90,23,19458,125.790677356357,19458,122.111059718368
90,24,6288,133.057410941476,6288,144.539599236641
90,25,10344,119.305491105955,10344,131.230858468677
90,26,7057,123.563837324642,7057,141.639365169335
90,27,7533,120.68578255675,7533,138.78773397053
90,28,10396,126.629953828396,10396,133.973162754906
90,29,9145,121.173865500273,9145,124.865718972116
90,30,7879,120.845665693616,7879,119.927275034903
90,31,7950,119.277735849057,7950,121.003018867925
90,32,4813,204.560980677332,4813,193.618948680657
90,33,14787,118.860012172855,14787,119.371272063299
90,34,12801,118.4447308804,12801,123.238418873526
90,35,8283,125.986719787517,8283,145.361946154775
90,36,8476,130.372463426144,8476,141.195729117508
90,37,10823,123.279959345838,10823,134.932181465398
90,38,10941,127.606160314414,10941,131.195777351248
90,39,9628,120.386996260906,9628,122.386892397175
90,40,9159,119.342941369145,9159,119.422971940168
90,41,13371,120.045845486501,13371,120.37783262284
91,1,18360,153.808769063181,18360,132.867538126362
91,2,16834,126.792978495901,16834,122.984258049186
91,3,11570,128.274416594641,11570,129.874503025065
91,4,9894,131.97432787548,9894,138.77845158682
91,5,13102,124.027782018013,13102,120.057777438559
91,6,16755,128.86917338108,16755,124.545389435989
91,7,15008,124.696961620469,15008,125.624000533049
91,8,10167,175.826399134455,10167,234.494639520016
91,9,9280,153.715625,9280,253.705064655172
91,10,12505,138.101399440224,12505,181.732666933227
91,11,9028,118.834404076207,9028,120.378378378378
91,12,14635,126.28240519303,14635,125.406491288008
91,13,11495,120.001652892562,11495,129.115789473684
91,14,9462,117.556964700909,9462,119.508032128514
91,15,9049,118.97391977014,9049,122.075809481711
91,16,17339,118.823634581002,17339,122.874675586827
91,17,11320,132.932685512367,11320,130.713869257951
91,18,11874,134.642580427825,11874,132.158076469597
91,19,9242,135.710560484744,9242,144.660246699849
91,20,8872,175.420536519387,8872,313.620942290352
91,21,10500,119.565428571429,10500,125.413904761905
91,22,14939,131.724144855747,14939,129.078787067407
91,23,15820,118.935651074589,15820,118.923514538559
91,24,13322,133.117099534604,13322,139.149977480859
91,25,16971,121.92045253668,16971,120.59772553179
91,26,7340,183.321662125341,7340,359.285694822888
91,27,15023,122.406842840977,15023,132.517340078546
91,28,6079,166.693699621648,6079,180.411251850633
91,29,11461,124.558677253294,11461,133.68083064305
91,30,8448,128.834517045455,8448,147.232481060606
91,31,10638,118.200225606317,10638,121.891332957323
91,32,10141,142.600828320678,10141,189.630312592447
91,33,4490,119.614031180401,4490,127.673496659243
91,34,6541,129.18208225042,6541,147.837027977373
91,35,16406,119.035413872973,16406,121.337437522857
91,36,6713,125.408014300611,6713,158.460151943989
91,37,3677,120.285014957846,3677,131.428882240957
91,39,15239,134.040685084323,15239,131.59439595774
91,40,17258,127.577761038359,17258,127.18756518716
91,41,8279,117.649353786689,8279,118.137577002053
91,42,10164,118.61914600551,10164,135.071133412043
91,43,15976,121.185716074111,15976,118.879131196795
92,1,16325,119.556875957121,16325,127.330352220521
92,2,13513,117.262339968919,13513,117.983719381336
92,3,17343,127.557170039786,17343,132.647581156663
92,4,15772,120.854552371291,15772,121.788993152422
92,5,14760,120.559281842818,14760,125.005623306233
92,6,7652,200.760846837428,7652,351.276659696811
92,7,9146,121.11218018806,9146,126.131314235731
92,8,9662,122.563237424964,9662,138.069447319396
92,9,11301,139.211220245996,11301,138.451464472171
92,10,8569,118.036760415451,8569,120.896137238884
92,11,8818,195.743706055795,8818,448.110342481288
92,12,9971,125.597332263564,9971,143.857887874837
92,13,6175,160.135870445344,6175,160.493117408907
92,14,16657,125.417782313742,16657,122.313741970343
92,15,8823,193.119913861498,8823,442.939363028448
92,16,10473,175.193640790604,10473,207.397689296286
92,17,17762,162.015989190406,17762,136.580058551965
92,18,11874,117.266127673909,11874,118.481051035877
92,19,10951,121.420235594923,10951,120.575472559584
92,20,7015,124.706771204562,7015,142.830220955096
92,21,8254,126.259147080204,8254,166.026047976739
92,22,9026,202.067804121427,9026,406.47285619322
92,23,6352,128.018104534005,6352,151.116813602015
92,24,7528,123.679994686504,7528,141.965462274176
92,25,8424,145.627492877493,8424,145.826804368471
92,26,10581,137.732633966544,10581,174.004725451281
92,27,10807,140.425464976404,10807,130.345794392523
92,28,13796,117.976877355755,13796,119.824441867208
92,29,11348,124.371959816708,11348,124.300757842792
92,30,10970,119.03646308113,10970,124.100729261623
92,31,6360,143.038522012579,6360,160.840094339623
92,32,9238,126.383308075341,9238,142.211084650357
92,33,15281,140.818532818533,15281,130.874157450429
92,34,13657,122.080984110712,13657,127.75902467599
92,35,15195,123.744323790721,15195,120.303389272787
92,36,6314,126.950585999366,6314,144.390719037061
92,37,7907,122.897306184394,7907,127.201214114076
92,38,7363,123.154964009235,7363,140.202227352981
92,39,10158,126.816007088009,10158,140.607599921244
92,40,7409,125.860170063436,7409,153.894587663652
92,41,7506,135.11790567546,7506,165.514521715961
92,42,9331,125.583324402529,9331,128.332333083271
92,44,16669,120.156158137861,16669,120.160057591937
92,45,6925,117.85285198556,6925,130.343682310469
92,100,8644,122.794192503471,8644,121.873091161499
93,1,15736,118.649084900864,15736,126.947191154042
93,2,9658,184.612342099814,9658,392.908262580244
93,3,16115,169.423146137139,16115,139.251504809184
93,4,11923,183.892896083201,11923,374.422209175543
93,5,7597,181.237725417928,7597,335.463735685139
93,6,11473,121.807548156541,11473,125.625381330079
93,7,18111,119.723593396279,18111,120.934901441113
93,8,10182,212.49233942251,10182,390.617462188175
93,9,9344,119.390625,9344,119.155928938356
93,10,9235,169.856090958311,9235,206.934380075799
93,11,7417,122.072266414993,7417,148.213563435351
93,12,18944,126.321843327703,18944,132.863756334459
93,13,7245,120.343961352657,7245,138.988267770876
93,14,10465,126.139321548017,10465,125.33569039656
93,15,14977,118.893636909929,14977,119.2481805435
93,16,8815,124.241860465116,8815,149.941463414634
93,17,13273,118.445641527914,13273,120.393354931063
93,18,13575,134.278011049724,13575,135.003683241252
93,19,10470,127.686723973257,10470,145.694842406877
93,20,21230,127.254922279793,21230,122.178709373528
93,21,14892,120.272562449637,14892,128.395984421166
93,22,10604,120.784798189363,10604,120.554884949076
93,23,4220,151.486966824645,4220,147.963033175355
93,24,14522,121.635105357389,14522,125.006404076573
93,25,19709,125.924095590847,19709,122.30245065706
93,26,10806,121.456135480289,10806,124.72755876365
93,27,10463,117.141068527191,10463,118.355442989582
93,28,8795,120.694030699261,8795,139.193291642979
93,29,7968,142.347264056225,7968,151.451054216867
93,30,8210,124.5287454324,8210,124.909013398295
93,31,7594,121.962602054253,7594,138.425467474322
93,32,6141,120.514248493731,6141,136.879824132877
93,33,11046,128.823012855332,11046,129.994477638964
93,34,7067,126.581434837979,7067,149.515919060422
93,35,8686,126.920792079208,8686,150.491020032236
93,36,5143,144.031499125024,5143,143.844254326269
93,37,7687,117.916742552361,7687,119.507610251073
93,38,8456,125.18637653737,8456,141.218424787133
93,39,9269,117.847124824684,9269,125.899881324846
93,40,4152,139.513728323699,4152,143.082369942197
93,41,11787,129.693815220158,11787,123.718333757529
93,42,11490,118.594255874674,11490,118.361705831158
93,43,8063,144.665013022448,8063,202.735830336103
93,44,6596,124.383262583384,6596,152.392813826562
93,45,4537,125.942913819705,4537,147.368084637426
93,46,7129,133.284612147566,7129,137.616215457988
93,100,7765,125.312813908564,7765,170.787250482936
94,1,13387,227.061925748861,13387,334.941361021887
94,2,14584,124.092361492046,14584,120.629662643993
94,3,10758,190.34244283324,10758,374.833333333333
94,4,9236,128.974989172802,9236,167.541576440017
94,5,9229,123.734749160256,9229,139.515115397118
94,6,7846,167.248661738465,7846,332.804104002039
94,8,10964,119.51076249544,10964,124.046242247355
94,9,9103,143.723717455784,9103,164.310337251456
94,10,15763,119.250713696631,15763,130.227748525027
94,11,17020,144.988131609871,17020,143.191950646298
94,12,14868,124.952515469465,14868,129.383104654291
94,13,10113,122.354098684861,10113,127.072085434589
94,14,22380,130.164745308311,22380,139.22091152815
94,15,9820,119.285030549898,9820,138.489714867617
94,16,13425,123.422793296089,13425,120.568938547486
94,17,7005,118.627551748751,7005,130.626266952177
94,18,9653,124.690044545737,9653,148.370247591422
94,19,8706,121.548587181254,8706,152.63266712612
94,20,10491,124.372223810886,10491,164.558288056429
94,21,14998,125.345979463929,14998,131.482130950793
94,22,16361,118.627467758694,16361,119.171444288246
94,23,14780,118.896752368065,14780,120.116238159675
94,24,10225,142.8995599022,10225,162.491246943765
94,25,7516,118.714608834486,7516,137.952634379989
94,26,11011,123.434928707656,11011,124.510217055672
94,27,8461,182.359768348895,8461,181.868218886656
94,28,13192,121.789114614918,13192,121.322619769557
94,29,11219,117.11257687851,11219,119.172386130671
94,30,7232,135.919109513274,7232,160.886615044248
94,31,6819,140.755536002346,6819,193.449626044875
94,32,8367,130.913828134337,8367,168.828851440182
94,33,7327,121.078340384878,7327,142.963559437696
94,34,9400,127.673510638298,9400,129.659361702128
94,35,11202,125.546063202999,11202,120.944117121943
94,36,9529,118.744779095393,9529,121.214398153007
94,37,10480,141.446278625954,10480,133.370801526718
94,38,8336,118.767754318618,8336,118.649712092131
94,39,8430,128.274970344009,8430,127.076868327402
94,40,17697,124.068881731367,17697,124.171724021021
94,41,8419,119.935503028863,8419,123.706615987647
94,42,14317,120.707829852623,14317,122.188447300412
94,43,7295,119.352433173406,7295,143.393694311172
94,44,3327,123.972347460174,3327,131.590622182146
94,45,4945,263.385844287159,4945,185.8
94,46,8869,195.367685195625,8869,440.103957605141
94,47,3935,123.420330368488,3935,128.553494282084
94,48,13630,118.986720469552,13630,119.022743947175
94,49,6964,124.964962665135,6964,134.24540493969
95,1,10766,168.34878320639,10766,373.535853613227
95,2,16104,118.993293591654,16104,129.992610531545
95,3,12935,214.027754155392,12935,341.853962118284
95,4,10974,169.022689994533,10974,303.828868234008
95,5,17893,128.82456826692,17893,133.299893813223
95,6,9375,120.32,9375,124.177813333333
95,7,24926,131.542565995346,24926,139.837438818904
95,8,12103,216.905973725523,12103,381.579773609849
95,9,15488,126.468168904959,15488,132.127453512397
95,10,10819,122.176633699972,10819,130.453738792864
95,11,12279,123.423242935092,12279,120.920433260037
95,12,8704,121.191636029412,8704,140.345243566176
95,13,18480,142.992586580087,18480,144.527922077922
95,14,8738,139.117875944152,8738,160.139848935683
95,15,12209,126.443197641084,12209,123.267917110328
95,16,7588,136.032946758039,7588,192.23102266737
95,17,10505,119.255402189434,10505,138.673298429319
95,18,18094,118.754117386979,18094,119.325632806455
95,19,9982,121.231817271088,9982,156.832197956321
95,20,5224,142.048813169985,5224,132.136676875957
95,21,15210,119.36936226167,15210,120.262064431295
95,22,10590,118.796128423041,10590,120.802549575071
95,23,10280,124.498346303502,10280,148.30107003891
95,24,7345,118.568686181076,7345,140.511640571818
95,25,15960,121.079072681704,15960,123.045927318296
95,26,6462,125.318012999071,6462,131.821262766945
95,27,7663,302.865979381443,7663,190.029492365914
95,28,9363,122.046673074869,9363,154.833707145146
95,29,8683,143.634918806864,8683,170.159507082805
95,30,7952,131.863556338028,7952,130.805583501006
95,31,12219,144.966445699321,12219,163.935919469678
95,32,7385,122.159647935003,7385,133.138117806364
95,33,8786,129.171978147052,8786,166.833598907353
95,34,8516,119.375998121184,8516,124.976867073744
95,35,8856,118.789069557362,8856,118.544150858175
95,36,10234,117.163376978698,10234,119.648622239594
95,37,11699,124.594495256005,11699,121.503718266519
95,38,10410,122.768107588857,10410,123.665225744476
95,39,5388,220.142538975501,5388,182.157757980698
95,40,14047,124.110842172706,14047,120.607603046914
95,41,8754,118.989718985607,8754,121.323851953393
95,42,4474,133.306884219937,4474,132.770675011176
95,43,13344,122.178956834532,13344,120.520758393285
95,44,17125,123.874218978102,17125,125.246423357664
95,46,6952,120.704401611047,6952,142.862773302647
95,47,7795,120.939191789609,7795,144.003720333547
95,48,13094,119.968153352681,13094,119.407514892317
95,49,8252,122.473945710131,8252,129.440014541929
95,100,7934,127.852407360726,7934,153.072346861608
96,1,14500,119.935172413793,14500,120.811034482759
96,2,16692,122.403906062785,16692,128.581775700935
96,3,6200,164.155,6200,148.991129032258
96,4,10611,122.310809537273,10611,128.273489774762
96,5,18242,136.480265321785,18242,136.978565946716
96,6,13262,132.984768511537,13262,126.047353340371
96,7,11583,119.577052577053,11583,122.220668220668
96,8,10348,158.74410514109,10348,390.84219172787
96,9,12661,193.314983018719,12661,295.454308506437
96,10,9687,131.694848766388,9687,171.451326520078
96,11,11073,201.761220987989,11073,365.828050212228
96,12,15094,128.764807208162,15094,138.105406121638
96,13,10777,133.563793263431,10777,131.158392873713
96,14,8594,120.386548754945,8594,143.16604607866
96,15,7108,139.331879572313,7108,135.952870005627
96,16,10418,122.403244384719,10418,169.09243616817
96,17,10201,137.83550632291,10201,158.210077443388
96,18,11475,117.732026143791,11475,119.216557734205
96,19,11877,119.100025258904,11877,120.466531952513
96,20,10542,243.637165623221,10542,393.275279833049
96,21,6050,126.775537190083,6050,155.127933884298
96,22,11905,139.226795464091,11905,133.452918941621
96,23,18661,119.651304860404,18661,120.137666791705
96,24,9283,124.773349132823,9283,154.29914898201
96,25,9318,130.220862846104,9318,161.621056020605
96,26,10915,119.349244159414,10915,127.577095739808
96,27,18729,120.21560147365,18729,130.038282876822
96,28,9282,119.502154708037,9282,125.603318250377
96,29,19008,137.361742424242,19008,129.677609427609
96,30,6633,129.00346751093,6633,151.799487411428
96,31,10022,125.496407902614,10022,127.51596487727
96,32,9980,119.716032064128,9980,123.770440881764
96,33,10411,124.57506483527,10411,122.087887810969
96,34,7913,127.918614937445,7913,165.096423606723
96,35,9529,125.362472452513,9529,147.545387763669
96,36,9785,119.667756770567,9785,121.803883495146
96,37,6230,142.081540930979,6230,154.600481540931
96,38,15608,145.786840082009,15608,152.056573552025
96,39,8621,120.353787263659,8621,121.923906739357
96,40,14683,119.060682421848,14683,118.324661172785
96,41,9285,119.974151857835,9285,119.52084006462
96,42,12253,120.901983187791,12253,120.02350444789
96,43,14381,123.598845699186,14381,121.4826507197
96,44,8031,118.458971485494,8031,146.85481260117
96,45,5977,216.66571858792,5977,203.168981094194
96,46,9354,119.547466324567,9354,141.269831088304
96,47,9963,117.472648800562,9963,118.506172839506
96,48,7607,118.686078611805,7607,139.074010779545
96,100,15345,124.636819811013,15345,141.508048224177
96,101,9240,160.602597402597,9240,180.183116883117
97,1,14747,117.441106665763,14747,119.428222689361
97,2,14353,132.828955619034,14353,122.89897582387
97,3,14923,146.614152650271,14923,157.95731421296
97,4,19775,128.50017699115,19775,132.424525916561
97,5,11095,117.811716989635,11095,121.0377647589
97,6,10395,162.2,10395,255.205772005772
97,7,12256,140.568211488251,12256,159.468260443864
97,8,12556,118.643676330041,12556,123.220452373367
97,9,11538,203.088316866008,11538,317.538221528861
97,10,9742,140.182200780127,9742,156.024327653459
97,11,14734,127.478553006651,14734,142.419845255871
97,12,14913,124.090793267619,14913,127.283041641521
97,13,9704,126.090684253916,9704,127.61861088211
97,14,9697,199.497989068784,9697,349.112302774054
97,15,21055,126.207741629067,21055,131.838233198765
97,16,8380,125.253937947494,8380,166.912171837709
97,17,11307,136.489519766516,11307,138.030865835323
97,18,8795,135.23081296191,8795,162.621034678795
97,19,11282,126.767771671689,11282,148.951249778408
97,20,11800,122.936186440678,11800,127.869915254237
97,21,8749,146.007315121728,8749,146.248256943651
97,22,11535,169.900130039012,11535,275.156306892068
97,23,8774,124.901641212674,8774,124.719854114429
97,24,6593,169.456999848324,6593,181.947065069013
97,25,9773,135.304819400389,9773,170.919983628364
97,26,9121,169.426707597851,9121,125.907575923693
97,27,5907,136.639918740477,5907,137.32571525309
97,28,9764,122.080499795166,9764,119.71968455551
97,29,6068,230.60909690178,6068,143.561964403428
97,30,9113,126.913091188412,9113,139.579831010644
97,31,8164,120.607667809897,8164,160.615997060265
97,32,10799,123.10538012779,10799,122.118899898139
97,33,12461,128.123425086269,12461,126.151031217398
97,34,11858,136.567043346264,11858,135.045032889189
97,35,9512,121.982863751051,9512,156.319596299411
97,36,9620,119.085654885655,9620,121.698856548857
97,37,8014,121.617045170951,8014,177.014849014225
97,38,9819,117.921580609023,9819,118.609532538955
97,39,9273,142.912973147849,9273,186.761457996333
97,40,14857,120.978865181396,14857,123.172443965807
97,41,10779,131.180629000835,10779,126.226737174135
97,42,10394,117.213007504329,10394,118.943525110641
97,43,8501,124.402776143983,8501,160.56816845077
97,44,8715,118.778886976477,8715,119.200458978772
97,45,12947,119.290183053989,12947,121.885147138333
97,46,10727,136.030390603151,10727,159.577887573413
97,47,11950,118.589037656904,11950,122.45179916318
97,48,13548,120.36344847948,13548,119.377103631532
97,101,9484,146.32465204555,9484,160.602910164488
97,102,18298,123.33380697344,18298,127.204831129085
98,1,17942,121.285029539628,17942,135.525693902575
98,2,13933,121.622837866935,13933,123.538649249982
98,3,12301,132.988618811479,12301,157.263230631656
98,4,8134,137.99041062208,8134,145.530120481928
98,5,20148,176.770001985309,20148,155.608497121302
98,6,8835,134.523259762309,8835,151.631352574986
98,7,12385,137.605006055713,12385,127.294792087202
98,8,8795,130.629107447413,8795,155.702330869812
98,9,13599,128.141922200162,13599,148.916390911096
98,10,7619,126.374196088726,7619,143.860480378002
98,11,10366,136.694192552576,10366,173.518618560679
98,12,9828,212.013024013024,9828,423.471916971917
98,13,7854,184.279348102878,7854,342.730201171378
98,14,9433,137.752676773031,9433,163.575956747588
98,15,11106,123.249504772195,11106,126.761210156672
98,16,17451,120.698355395106,17451,123.52157469486
98,17,8024,150.606056829511,8024,180.886340977069
98,18,12446,130.7272215973,12446,121.074722802507
98,19,15406,119.532130338829,15406,122.29923406465
98,20,10310,123.667604267701,10310,129.004752667313
98,21,10429,133.625371560073,10429,124.900949276057
98,22,8155,138.543592887799,8155,155.314898835071
98,23,13748,124.285205120745,13748,132.978396857725
98,24,8814,152.291354663036,8814,163.186521443159
98,25,9752,218.760972108285,9752,432.661710418376
98,26,8811,126.292248325956,8811,155.104074452389
98,27,9944,118.928097345133,9944,125.685036202735
98,28,12876,121.699751475614,12876,120.783628456042
98,29,11936,118.932389410188,11936,120.698810321716
98,30,9377,119.222672496534,9377,119.407912978565
98,31,9284,117.43117190866,9284,120.899827660491
98,32,5347,141.662053487937,5347,159.401720590986
98,33,14038,118.980837726172,14038,131.044593246901
98,34,8709,119.893788035366,8709,120.835687220117
98,35,9860,130.837221095335,9860,152.142697768763
98,36,9520,142.42006302521,9520,161.325525210084
98,37,9752,118.628383921247,9752,118.936320754717
98,38,9560,140.343305439331,9560,166.288389121339
98,39,6986,122.634841110793,6986,140.129687947323
98,40,7724,120.21141895391,7724,138.860435007768
98,41,7836,120.014293006636,7836,119.418198060235
98,42,10871,117.827246803422,10871,119.929629288934
98,43,10741,136.545666139093,10741,153.705148496416
98,44,13229,117.201224582357,13229,118.057071585154
98,45,7915,129.328742893241,7915,148.410233733418
98,46,8061,128.671504776082,8061,186.49361121449
98,47,8811,118.122801044149,8811,118.389853592101
98,51,10466,146.583412956239,10466,223.718134913052
98,52,5606,126.204958972529,5606,148.595076703532
98,53,11448,121.211477987421,11448,120.684136967156
98,100,10727,174.773002703459,10727,125.788291227743
99,1,11156,126.871997131588,11156,169.38033345285
99,2,12434,118.72446517613,12434,121.167846228084
99,3,10099,167.190117833449,10099,301.804535102485
99,4,8045,134.429086389062,8045,144.8328154133
99,5,10792,124.548647146034,10792,160.851742031134
99,6,12394,129.533241891238,12394,126.184444085848
99,7,17468,125.588733684452,17468,134.856938401649
99,8,8128,143.734005905512,8128,179.740403543307
99,9,7975,143.362507836991,7975,148.849028213166
99,10,9543,121.027873834224,9543,121.870166614272
99,11,14298,133.780458805427,14298,151.643376696041
99,12,10488,129.465389016018,10488,138.790141113654
99,13,16431,119.833911508733,16431,128.177834580975
99,14,7732,120.80561303673,7732,151.372736678738
99,15,10427,124.836290399923,10427,127.624436558934
99,16,7446,131.261214074671,7446,155.42573193661
99,17,14419,139.784867189125,14419,127.001456411679
99,18,11651,129.398764054588,11651,126.370268646468
99,19,10942,218.767318588923,10942,381.659660025589
99,20,10404,155.77816224529,10404,178.666858900423
99,21,9749,211.868601907888,9749,426.048415222074
99,22,13304,128.576292844257,13304,127.946331930247
99,23,11281,120.788848506338,11281,126.593741689567
99,24,13704,120.183523058961,13704,120.372956800934
99,25,9794,121.752195221564,9794,154.327343271391
99,26,8912,119.569569120287,8912,143.182226211849
99,27,7956,118.491452991453,7956,124.305681246858
99,28,9050,126.135138121547,9050,144.887955801105
99,29,10988,118.356388787768,10988,127.520931925737
99,30,8235,131.315118397086,8235,162.226593806922
99,31,9380,162.173134328358,9380,199.61407249467
99,32,8720,127.416628440367,8720,149.248967889908
99,33,11863,123.978926072663,11863,121.843378572031
99,34,8609,119.964455802068,8609,141.397142525264
99,35,7350,125.169115646259,7350,153.875238095238
99,36,17514,118.962430055955,17514,123.056697499144
99,37,9807,145.317732232079,9807,165.575303354747
99,38,8037,120.254448177181,8037,143.815353987806
99,39,9150,125.090928961749,9150,141.096721311475
99,40,9644,123.700746578183,9644,120.05837826628
99,41,12241,124.312719549056,12241,122.601829915857
99,42,13336,123.611352729454,13336,120.6324985003
99,43,19421,119.054580093713,19421,118.648112867515
99,44,15173,121.671851314836,15173,119.998154616753
99,45,9345,117.24430176565,9345,118.639058319957
99,46,11789,123.02502332683,11789,122.003138518958
99,47,10290,125.068415937804,10290,143.310009718173
99,48,5843,119.415368817388,5843,151.363683039534
99,49,7316,132.972525970476,7316,132.76585565883
99,50,8746,117.168534187057,8746,118.264806768809
99,51,17212,186.875900534511,17212,168.198872879386
100,1,11925,118.393123689727,11925,120.796645702306
100,2,9216,125.3798828125,9216,155.940538194444
100,3,14886,135.047158403869,14886,136.477025392987
100,4,11004,135.759996364958,11004,148.01272264631
100,5,9395,124.765832889835,9395,131.784140500266
100,6,10817,164.718406212443,10817,175.36451881298
100,7,9767,127.155626087847,9767,164.222074331934
100,8,17906,119.879258349157,17906,127.736289511895
100,9,10028,118.443358595931,10028,123.295672118069
100,10,10002,120.282343531294,10002,121.188162367526
100,11,11694,126.317598768599,11694,134.126304087566
100,12,9210,152.110314875136,9210,150.72671009772
100,13,11391,176.544113774032,11391,283.781143007638
100,14,17253,127.307366834753,17253,139.861763171622
100,15,9617,122.692731621088,9617,155.761464074036
100,16,8255,147.3555420957,8255,180.415990308904
100,17,10621,125.395631296488,10621,127.197721495151
100,18,10901,131.004861939272,10901,125.879644069351
100,19,9049,124.409437506907,9049,125.694551884186
100,20,13389,142.723728433789,13389,126.313167525581
100,21,9069,131.374241923035,9069,157.99239166391
100,22,7315,134.6995215311,7315,141.383458646617
100,23,11063,131.708306969177,11063,125.294585555455
100,24,10401,125.910970099029,10401,157.106816652245
100,25,7529,119.756807012884,7529,146.717758002391
100,26,9007,197.814144554236,9007,425.981569890085
100,27,9374,119.658096863665,9374,143.70098143802
100,28,10662,123.018851997749,10662,119.80622772463
100,29,12942,123.348246020708,12942,122.669371040025
100,30,15065,125.208894789247,15065,121.601460338533
100,31,11710,122.308881298036,11710,122.431169940222
100,32,12510,120.170743405276,12510,120.510471622702
100,33,10915,117.294182317911,10915,118.252771415483
100,34,9942,134.821062160531,9942,131.177429088715
100,35,12454,125.063594026016,12454,124.688292917938
100,36,8054,126.840451949342,8054,149.708219518252
100,37,17436,118.965301674696,17436,118.951135581555
100,38,10222,118.115241635688,10222,130.105654470749
100,39,8889,120.371582855214,8889,138.231522105974
100,40,16906,119.600851768603,16906,127.171950786703
100,41,7650,131.498562091503,7650,166.603267973856
100,42,16182,121.467618341367,16182,120.239648992708
100,43,7958,119.629806484041,7958,126.196029153054
100,44,9492,162.768331226296,9492,216.115571007164
100,45,8856,117.224706413731,8856,118.427619692864
100,46,5920,128.149324324324,5920,144.280743243243
100,47,13411,123.409812840206,13411,132.444187607188
100,48,7267,117.985963946608,7267,129.713636989129
100,49,7840,118.479336734694,7840,123.557397959184
100,50,8512,128.665531015038,8512,130.319196428571
100,52,8754,127.782613662326,8754,148.068540095956
100,53,9709,143.737563085797,9709,143.603975692656
101,1,16888,119.719860255803,16888,126.578694931312
101,2,11400,118.426228070175,11400,120.165877192982
101,3,7564,125.959280803808,7564,158.673585404548
101,4,11474,161.19653128813,11474,225.513683109639
101,5,11662,131.522466129309,11662,125.896758703481
101,6,10801,127.761688732525,10801,134.713452458106
101,7,7769,119.932681168748,7769,147.298236581285
101,8,10910,125.197158570119,10910,127.18670944088
101,9,10147,129.713708485267,10147,162.641470385336
101,10,9774,120.241866175568,9774,120.501227747084
101,11,10416,126.471198156682,10416,158.82363671275
101,12,12166,138.353115239191,12166,148.749876705573
101,13,8379,143.901897601146,8379,175.889127580857
101,14,8510,151.15205640423,8510,152.002115158637
101,15,10171,123.03047881231,10171,154.888211581949
101,16,9659,143.58039134486,9659,194.831038409773
101,17,9797,162.015412881494,9797,175.024905583342
101,18,10697,118.740114050668,10697,126.4499392353
101,19,8886,131.507089804186,8886,148.762885437767
101,20,8836,125.123811679493,8836,124.920778632866
101,21,10289,134.258431334435,10289,127.934493148022
101,22,13116,125.811527904849,13116,130.419182677646
101,23,13960,143.455659025788,13960,126.271489971347
101,24,7230,130.394467496542,7230,156.471369294606
101,25,12232,132.292593198169,12232,124.522318508829
101,26,13151,122.461561858414,13151,123.284312980002
101,27,7834,128.058207812101,7834,155.33443962216
101,28,13776,120.227206736353,13776,120.734683507549
101,29,8591,119.044814340589,8591,144.49598416948
101,30,9766,123.124206430473,9766,119.814867909072
101,31,14900,125.472953020134,14900,122.500939597315
101,32,15997,119.823404388323,15997,129.218603488154
101,33,9014,125.501553139561,9014,148.225427113379
101,34,12407,122.010558555654,12407,120.97985008463
101,35,8110,129.63205918619,8110,133.260912453761
101,36,10003,118.031790462861,10003,126.56732980106
101,37,9265,117.19568267674,9265,118.179060982191
101,38,18739,119.106996104381,18739,119.065905331128
101,39,12112,122.720029722589,12112,122.317453764861
101,40,8115,118.389895255699,8115,124.276032039433
101,41,15105,121.074809665674,15105,120.068785170473
101,42,7545,117.181444665341,7545,120.741153081511
101,43,13780,125.899782293179,13780,127.028084179971
101,45,6691,131.587505604543,6691,166.675384845315
101,46,8591,131.292166220463,8591,137.218018856943
101,47,5235,178.873734479465,5235,181.92817574021
101,48,10553,120.359897659433,10553,126.655832464702
101,49,11355,138.854337296345,11355,144.832408630559
101,50,9796,117.262249897918,9796,118.257656186198
101,52,8664,129.796283471837,8664,151.042820867959
101,53,9099,120.851412243104,9099,136.55874271898
101,54,12214,124.49148518094,12214,131.302030456853
102,1,11557,118.120792593234,11557,119.803841827464
102,2,9706,134.116113744076,9706,126.083659592005
102,3,11348,127.070585125132,11348,134.115350722594
102,4,10795,126.222973598888,10795,130.095044001853
102,5,13487,139.363164528806,13487,148.038778082598
102,6,13075,129.44275334608,13075,123.730248565966
102,7,11372,130.364491734084,11372,133.107368976433
102,8,17424,119.134756657484,17424,126.480544077135
102,9,10987,126.894420678984,10987,154.45899699645
102,10,10152,118.976260835303,10152,120.426418439716
102,11,14664,140.241612111293,14664,125.216312056738
102,12,11187,128.569768481273,11187,134.603289532493
102,13,10013,132.254069709378,10013,154.048836512534
102,14,11026,137.094413205151,11026,128.939869399601
102,15,11318,125.766036402191,11318,126.039759674854
102,16,9431,125.286926094794,9431,123.709044640017
102,17,10609,125.146385144688,10609,156.703365067396
102,18,11037,151.548065597536,11037,167.494880855305
102,19,9848,119.980706742486,9848,122.226645004062
102,20,8706,139.349758787043,8706,173.111532276591
102,21,9412,122.27422439439,9412,154.378878028049
102,22,8975,151.704846796657,8975,151.713537604457
102,23,8539,184.836514814381,8539,188.72373814264
102,24,10567,123.637740134381,10567,119.847544241507
102,25,9518,119.166631645304,9518,143.310674511452
102,26,13312,120.162034254808,13312,120.709585336538
102,27,9439,130.805275982625,9439,157.466998622735
102,28,11863,121.42308016522,11863,120.997724015848
102,29,9461,118.372793573618,9461,126.196702251348
102,30,9824,132.623065960912,9824,135.864311889251
102,31,8989,122.974969407053,8989,151.66503504283
102,32,9536,117.101405201342,9536,118.216862416107
102,33,15892,118.953498615656,15892,118.520261766927
102,34,7498,129.126166977861,7498,169.128300880235
102,35,9809,117.115200326231,9809,117.961463961668
102,36,8473,137.415437271332,8473,137.848695857429
102,37,9984,119.674579326923,9984,125.123798076923
102,38,7920,129.96351010101,7920,164.469191919192
102,39,12002,121.793284452591,12002,122.827778703549
102,40,15376,120.670200312175,15376,133.78121748179
102,41,9072,124.337191358025,9072,142.523699294533
102,42,12989,120.606590191701,12989,118.963892524444
102,43,14217,121.644439755223,14217,120.408102975311
102,44,7418,118.22027500674,7418,123.258290644379
102,45,13140,126.44695585997,13140,123.211111111111
102,46,7983,123.470124013529,7983,143.322560440937
102,47,7001,117.013426653335,7001,119.620768461648
102,48,14995,127.447149049683,14995,131.472490830277
102,49,9118,128.02588286905,9118,132.998354902391
102,50,3871,138.199173340222,3871,145.715319039008
102,51,5262,119.618206005321,5262,149.986126947929
102,52,3219,133.943150046598,3219,152.004659832246
102,53,11550,120.228831168831,11550,133.517835497836
103,1,17699,119.044917791966,17699,127.029210689869
103,2,11041,125.44117380672,11041,127.365818313559
103,3,9695,126.225992779783,9695,131.351315110882
103,4,12431,136.689405518462,12431,143.474700345909
103,5,10591,128.599282409593,10591,126.138419412709
103,6,11107,118.406860538399,11107,119.607364724948
103,7,9600,122.0553125,9600,152.8346875
103,8,11805,130.889792460822,11805,122.969504447268
103,9,11363,125.2424535774,11363,127.10155768723
103,10,10471,129.430808900774,10471,134.670709578837
103,11,11388,145.022040744643,11388,164.09966631542
103,12,9187,125.740285185588,9187,124.301404158049
103,13,15005,137.028190603132,15005,123.995868043985
103,14,11067,124.860486129936,11067,151.529140688533
103,15,9994,123.718931358815,9994,144.891234740845
103,16,10909,129.034833623614,10909,130.961224676872
103,17,7738,119.823468596537,7738,143.836908761954
103,18,11740,121.535434412266,11740,121.292930153322
103,19,8535,144.116461628588,8535,169.079203280609
103,20,18200,121.121868131868,18200,128.585989010989
103,21,8679,130.892153473903,8679,152.493950916004
103,22,6162,134.45423563778,6162,155.262090230445
103,23,10795,124.468642890227,10795,149.814358499305
103,24,8935,147.885618354785,8935,151.906883044208
103,25,8174,119.51027648642,8174,124.910080743822
103,26,9086,129.7307946291,9086,160.070768214836
103,27,9086,119.087057010786,9086,141.877723970944
103,28,10289,132.052677616872,10289,127.501798036738
103,29,9906,125.970623864325,9906,119.746214415506
103,30,8838,121.340574790677,8838,123.838085539715
103,31,18763,118.902574215211,18763,119.018440547887
103,32,9466,119.827910416227,9466,120.297908303402
103,33,8517,118.430198426676,8517,123.460021134202
103,34,9366,117.0978005552,9366,118.186418962204
103,35,10756,117.117515805132,10756,117.964298995909
103,36,10392,117.639049268668,10392,123.026462663587
103,37,6050,137.137355371901,6050,163.523140495868
103,38,8911,122.693075973516,8911,134.731455504433
103,39,8777,133.351486840606,8777,138.510766776803
103,40,11676,120.53708461802,11676,120.889003083248
103,41,12031,119.766686061009,12031,121.81871831103
103,42,9117,126.857518920698,9117,135.310957551826
103,43,4676,168.44247219846,4676,180.743156544055
103,44,13373,122.295969490765,13373,120.264936812981
103,45,8100,117.016419753086,8100,119.968024691358
103,46,13107,120.217517357137,13107,119.262226291295
103,47,8827,119.708961141951,8827,136.671349269287
103,49,14910,129.947484909457,14910,134.896981891348
103,50,14597,126.565116119751,14597,125.204973624717
103,51,8919,127.53840116605,8919,145.558582800762
103,52,2789,132.067049121549,2789,142.161706704912
103,53,10416,130.256432411674,10416,151.709773425499
103,54,3079,123.651510230594,3079,139.765833062683
103,100,7274,136.176381633214,7274,171.51443497388
104,1,9398,118.167482443073,9398,124.36933390083
104,2,17957,120.416272205825,17957,130.180987915576
104,3,11448,123.668064290706,11448,128.182651991614
104,4,10116,123.362989323843,10116,123.93198892843
104,5,12211,118.319466055196,12211,119.439931209565
104,6,9844,123.532202356766,9844,127.144453474197
104,7,10089,123.198830409357,10089,136.305778570721
104,8,10869,147.223847640077,10869,166.522587174533
104,9,11129,126.75208913649,11129,132.055710306407
104,10,17897,127.147007878415,17897,132.277420796782
104,11,10933,128.780938443245,10933,130.018567639257
104,12,8832,138.270606884058,8832,177.782042572464
104,13,9213,117.051991750787,9213,119.257353739281
104,14,13554,130.255422753431,13554,123.58558359156
104,15,9488,120.319772344013,9488,123.615408937605
104,16,8908,122.054669959587,8908,153.354961832061
104,17,14627,130.429889929582,14627,123.537772612292
104,18,8903,141.94237897338,8903,165.053465124115
104,19,10864,120.437960235641,10864,128.260309278351
104,20,9718,127.726589833299,9718,127.237806132949
104,21,7768,136.30561277034,7768,157.559603501545
104,22,9215,125.718936516549,9215,123.548236570808
104,23,8828,117.071930222021,8828,117.935885817852
104,24,12319,122.586330059258,12319,121.242308628947
104,25,8064,118.600074404762,8064,131.81287202381
104,26,6079,128.083730876789,6079,186.796348083566
104,27,10075,130.268188585608,10075,131.433746898263
104,28,8271,135.318462096482,8271,152.529319308427
104,29,8206,118.878869120156,8206,123.584572264197
104,30,7613,120.455667936425,7613,146.487718376461
104,31,12149,120.282163140999,12149,119.764095810355
104,32,8478,119.502830856334,8478,121.599079971691
104,33,9168,130.956369982548,9168,172.962587260035
104,34,9558,127.002824858757,9558,162.471542163633
104,35,9120,119.090899122807,9120,119.337171052632
104,36,20152,118.887504962287,20152,119.408495434696
104,37,10825,117.190023094688,10825,117.882586605081
104,38,9507,118.461449458294,9507,122.251498895551
104,39,9956,121.945058256328,9956,119.090297308156
104,40,9528,122.706024349286,9528,122.30583543241
104,41,8469,121.166253394734,8469,135.006140040146
104,42,9376,121.161156143345,9376,127.279010238908
104,43,8035,135.57548226509,8035,191.17286869944
104,44,13843,121.944592935057,13843,119.895181680272
104,45,16866,130.274279615795,16866,137.159966797107
104,46,11375,120.264791208791,11375,120.892395604396
104,47,9061,119.432733693853,9061,120.716477210021
104,48,7887,127.210980093825,7887,140.151007987828
104,49,8468,119.717052432688,8468,122.043103448276
104,50,3355,126.045007451565,3355,143.440238450075
104,52,6216,127.153796653797,6216,178.940154440154
104,53,3644,122.456915477497,3644,142.533479692645
104,54,12827,120.703048257582,12827,120.354174787557
104,55,7501,151.474736701773,7501,171.610051993068
104,56,17505,127.516195372751,17505,128.634732933448
104,100,4037,127.509536784741,4037,141.508793658657
105,1,19274,120.569886894262,19274,132.390629864066
105,2,8122,128.94028564393,8122,151.130386604285
105,3,11822,118.206479445102,11822,119.808830993064
105,4,10670,122.743580131209,10670,122.225679475164
105,5,9366,123.503416613282,9366,126.599188554346
105,6,10519,147.76214469056,10519,164.527331495389
105,7,11181,122.199892675074,11181,127.926840175297
105,8,10966,129.91583074959,10966,131.860842604414
105,9,11449,120.989169359769,11449,128.359769412176
105,10,8365,135.092289300658,8365,153.775014943216
105,11,8853,139.636168530442,8853,178.811589291766
105,12,13135,129.15569090217,13135,123.219185382566
105,13,9250,132.594918918919,9250,158.154594594595
105,14,9264,123.91731433506,9264,124.472474093264
105,15,9544,127.75115255658,9544,151.570725062867
105,16,11365,127.713418389793,11365,130.114210294765
105,17,11658,124.341568021959,11658,127.907188196946
105,18,13702,130.136622390892,13702,123.80243760035
105,19,10538,126.244733345986,10538,127.847409375593
105,20,8698,142.876638307657,8698,164.967003908945
105,21,5714,153.104830241512,5714,172.916870843542
105,22,9465,120.047120972002,9465,123.689804543053
105,23,9105,121.775398132894,9105,151.390774299835
105,24,9912,123.080306698951,9912,123.056598062954
105,25,7032,127.153014789534,7032,155.019766780432
105,26,8413,135.944015214549,8413,179.693212884821
105,27,9987,129.176128967658,9987,131.751977570842
105,28,9702,116.989383632241,9702,118.019892805607
105,29,8904,116.90004492363,8904,118.825696316262
105,30,7001,127.207541779746,7001,180.733752321097
105,31,7731,117.828612081231,7731,124.327641960936
105,32,9742,127.063026072675,9742,162.746971874358
105,33,8461,118.262262143955,8461,123.770949060395
105,34,12643,122.344380289488,12643,119.456458119117
105,35,6750,120.406666666667,6750,148.516888888889
105,36,10374,120.935029882398,10374,118.833140543667
105,37,5496,127.667212518195,5496,153.213427947598
105,38,9575,118.885326370757,9575,119.782036553525
105,39,6734,131.353281853282,6734,194.938223938224
105,40,9422,119.307471874337,9422,119.509233708342
105,41,13223,120.431293957498,13223,120.504348483703
105,42,17777,118.81431062609,17777,119.059571356247
105,43,11029,117.022758182972,11029,117.967449451446
105,44,9097,119.138507200176,9097,120.02187534352
105,45,13306,124.203141439952,13306,122.220727491357
105,46,10915,119.820338983051,10915,121.144296839212
105,47,9008,120.238787744227,9008,132.063832149201
105,48,8493,144.89720946662,8493,191.868715412693
105,49,8097,119.245029023095,8097,120.862294677041
105,50,11479,130.03005488283,11479,127.146092865232
105,52,9028,117.566016836509,9028,120.471976074435
105,53,11313,123.454609741006,11313,128.770794661009
105,54,15963,128.451168326756,15963,130.870826285786
105,55,9760,118.221618852459,9760,123.719979508197
105,56,6948,121.460852043754,6948,119.949194012666
105,57,10716,126.072228443449,10716,131.43514371034
106,1,19891,122.314866019808,19891,135.180232265849
106,2,10876,145.297903641045,10876,162.960187568959
106,3,11574,128.210903749784,11574,131.721444617246
106,4,10996,120.690251000364,10996,125.573481265915
106,5,11825,123.822241014799,11825,127.833911205074
106,6,15572,130.22662471102,15572,152.124967891087
106,7,11961,121.154752947078,11961,126.533065797174
106,8,10645,133.635039924847,10645,183.38581493659
106,9,9074,121.240577474102,9074,148.599074278157
106,10,11841,122.342116375306,11841,129.070517692762
106,11,10683,128.595525601423,10683,131.484601703641
106,12,8790,137.498521046644,8790,160.031171786121
106,13,10699,124.257313767642,10699,128.983549864473
106,14,9614,131.290513833992,9614,153.80757229041
106,15,14281,130.653105524823,14281,123.824662138506
106,16,9202,121.025320582482,9202,123.24527276679
106,17,9393,125.425849036517,9393,123.403811348877
106,18,9215,135.357026587086,9215,181.628865979381
106,19,9395,124.003406067057,9395,127.31452900479
106,20,11312,118.096799858557,11312,119.572400990099
106,21,11537,130.755915749328,11537,122.817456877871
106,22,11133,128.689841013204,11133,162.351477589149
106,23,9392,124.051852640545,9392,126.802385008518
106,24,7763,120.740564214865,7763,141.666881360299
106,25,9891,129.369426751592,9891,131.303508239814
106,26,13404,121.682035213369,13404,119.316920322292
106,27,6970,132.222238163558,6970,203.691104734577
106,28,8681,136.348807741044,8681,152.777905771225
106,29,7862,130.01971508522,7862,178.339353853981
106,30,10955,117.732177088088,10955,122.668461889548
106,31,9867,117.029289551029,9867,119.385932907672
106,32,8797,139.156871660793,8797,192.646015687166
106,33,9920,126.604939516129,9920,121.676915322581
106,34,9974,119.245037096451,9974,119.91126930018
106,35,8935,119.039731393397,8935,119.735982092893
106,36,7930,117.295460277427,7930,118.537957124842
106,37,10824,120.868717664449,10824,120.039541759054
106,38,9155,117.730638995085,9155,120.955871108684
106,39,7085,118.684262526464,7085,119.916160903317
106,40,20567,119.41328341518,20567,120.616618855448
106,41,11172,118.738453276047,11172,121.333870390261
106,42,9453,124.404421876653,9453,166.652597059135
106,43,5613,127.6306787814,5613,133.221093889186
106,44,9202,117.143773092806,9202,118.243425342317
106,45,11776,122.949303668478,11776,122.325917119565
106,46,8648,118.691026827012,8648,119.195420906568
106,47,12535,129.882967690467,12535,131.057120063821
106,48,8525,128.596246334311,8525,181.233782991202
106,49,8391,118.35633416756,8391,123.012036705995
106,50,10272,117.227122274143,10272,117.891841900312
106,51,8239,121.03507707246,8239,119.074402233281
106,52,16085,129.463288778365,16085,139.463288778365
106,53,11072,121.533688583815,11072,120.18361632948
106,54,5073,152.164005519417,5073,167.264734870885
106,55,5169,126.355968272393,5169,133.327722963823
106,56,11531,119.456248373948,11531,122.601422253057
106,100,7876,127.048501777552,7876,182.829355002539
107,1,18694,122.575157804643,18694,137.077030063122
107,2,11298,119.967250840857,11298,122.101079837139
107,3,13749,124.020219652338,13749,127.11884500691
107,4,8987,126.035606987871,8987,126.405697118059
107,5,10189,145.485032878595,10189,161.541171851997
107,6,9055,120.662948647156,9055,123.671452236334
107,7,8729,137.671783709474,8729,158.844197502578
107,8,14608,131.660391566265,14608,123.552779299014
107,9,11458,124.131960202479,11458,126.816372839937
107,10,11371,126.457127781198,11371,129.600299006244
107,11,12076,121.356160980457,12076,126.431103014243
107,12,9833,123.291060713923,9833,123.13322485508
107,13,9686,134.477286805699,9686,153.591162502581
107,14,9051,129.282178764777,9051,155.045188376975
107,15,12179,131.016585926595,12179,122.303555300107
107,16,10055,117.000099453008,10055,119.485827946295
107,17,12177,129.103802250144,12177,162.187402480085
107,18,12218,122.502209854313,12218,130.68579145523
107,19,11943,137.655865360462,11943,183.397973708448
107,20,12061,131.705745792223,12061,163.04634773236
107,21,10066,127.047983310153,10066,130.742996224916
107,22,11693,129.217052937655,11693,131.558111690755
107,23,10632,123.055492851768,10632,129.57515048909
107,24,9232,121.673093587522,9232,146.483860485269
107,25,8936,135.391562220233,8936,184.302148612355
107,26,7728,131.590967908903,7728,182.167572463768
107,27,13531,121.488507870815,13531,119.570246101545
107,28,6695,121.626885735624,6695,148.365944734877
107,29,6837,117.247038174638,6837,118.55930963873
107,30,9749,117.618524976921,9749,120.171402195097
107,31,9225,117.08379403794,9225,117.87891598916
107,32,8412,139.729553019496,8412,196.030908226343
107,33,6978,132.63241616509,6978,207.542132416165
107,34,11529,120.723306444618,11529,120.067135050742
107,35,8054,118.604296001987,8054,123.785572386392
107,36,11642,117.938670331558,11642,119.573269197732
107,37,8421,118.906543165895,8421,119.070775442347
107,38,11356,122.612891863332,11356,122.310496653751
107,39,10819,117.576855531935,10819,122.531102689713
107,40,9457,118.886750555144,9457,120.309506185894
107,41,21353,120.249473141947,21353,121.784198941601
107,42,7339,118.751328518872,7339,119.730480991961
107,43,9585,123.580281690141,9585,167.487115284298
107,44,9983,125.510567965541,9983,121.791044776119
107,45,8705,127.050086157381,8705,181.381964388283
107,46,16041,129.828564303971,16041,144.031731188829
107,47,10037,117.098435787586,10037,117.855036365448
107,48,11105,119.130751913552,11105,120.173435389464
107,49,9040,131.519579646018,9040,131.468694690265
107,50,4006,132.021218172741,4006,136.523464802796
107,51,4647,160.094039165053,4647,167.620615450828
107,52,8680,118.690668202765,8680,121.340783410138
107,54,9330,121.45219721329,9330,120.120257234727
107,55,4412,124.552130553037,4412,134.717135086129
107,56,9971,121.54889178618,9971,119.981145321432
107,57,11122,119.35659054127,11122,120.466552778277
107,100,7690,126.081014304291,7690,185.866970091027
108,1,20123,123.191720916364,20123,140.145405754609
108,2,7795,171.12533675433,7795,175.165234124439
108,3,13003,117.845266476967,13003,119.392832423287
108,4,10455,120.770253467241,10455,125.997130559541
108,5,11312,125.956329561528,11312,130.334600424328
108,6,12064,125.421419098143,12064,129.039041777188
108,7,11147,129.385843724769,11147,130.488382524446
108,8,11353,133.194309874042,11353,152.697789130626
108,9,9085,122.203522289488,9085,128.714914694551
108,10,10294,126.337478142607,10294,128.076938022149
108,11,11289,122.038355921694,11289,120.34883514926
108,12,8323,133.589571068124,8323,187.420281148624
108,13,11052,118.105048859935,11052,119.680329352153
108,14,10704,132.732903587444,10704,155.618086696562
108,15,9325,142.898445040214,9325,152.761394101877
108,16,8409,141.310976334879,8409,193.536449042692
108,17,11617,139.818025307739,11617,180.405784625979
108,18,10758,127.373489496189,10758,129.720208217141
108,19,12297,130.89290070749,12297,125.106530047979
108,20,9608,121.134367194005,9608,122.414446294754
108,21,7412,118.631948192121,7412,144.828926065839
108,22,11186,122.725996781691,11186,121.747899159664
108,23,8937,118.777218305919,8937,119.406847935549
108,24,10320,120.195930232558,10320,123.950096899225
108,25,15553,120.253713110011,15553,120.041406802546
108,26,10464,120.368501529052,10464,142.63503440367
108,27,11421,125.947552753699,11421,127.165309517555
108,28,11404,127.769028411084,11404,130.096983514556
108,29,9472,120.153505067568,9472,120.499366554054
108,30,10607,128.388045630244,10607,123.296973696615
108,31,9378,131.357005758157,9378,180.921198549797
108,32,9847,130.495277749568,9847,181.019092109272
108,33,11058,130.825103997106,11058,123.767136914451
108,34,12490,118.076060848679,12490,124.288470776621
108,35,10712,122.076269604182,10712,121.806198655713
108,36,8755,117.127127355797,8755,118.222272986865
108,37,11169,139.822007341749,11169,189.112185513475
108,38,8147,143.380630907082,8147,191.150853074751
108,39,8285,149.690766445383,8285,161.07254073627
108,40,8123,143.848947433214,8123,186.882309491567
108,41,7569,126.231470471661,7569,155.753996564936
108,42,8551,118.076248392001,8551,123.02642965735
108,43,10734,124.79951555804,10734,176.139277063536
108,44,8768,117.490989963504,8768,118.386177007299
108,45,10171,116.758135876512,10171,118.070297905811
108,46,8555,121.445821157218,8555,157.760257159556
108,47,7703,117.850837336103,7703,119.141113851746
108,48,3395,122.80765832106,3395,136.2088365243
108,49,8515,137.886553141515,8515,205.403758073987
108,50,3546,130.445008460237,3546,134.154822335025
108,51,15347,131.002476053952,15347,135.080406594123
108,52,8831,118.03238591326,8831,118.471634016533
108,53,12064,120.863395225464,12064,120.813577586207
108,54,9551,125.609988482881,9551,120.430426133389
108,55,18254,122.550345129835,18254,124.794072532048
108,56,8547,117.412074412074,8547,118.552357552358
108,57,11854,118.616163320398,11854,122.287835329846
108,58,10702,120.978415249486,10702,120.781629601944
109,1,11285,129.44368630926,11285,196.684271156402
109,2,13804,128.438930744712,13804,129.553680092727
109,3,11514,118.752562098315,11514,121.507295466389
109,4,11353,123.677882498018,11353,148.866202765789
109,5,21036,126.115135957406,21036,137.917237117323
109,6,13452,124.600728516206,13452,129.196030330062
109,7,14985,123.597864531198,14985,122.014881548215
109,8,15923,128.8714438234,15923,127.928405451234
109,9,11195,118.306029477445,11195,118.946315319339
109,10,13331,130.687270272298,13331,124.582401920336
109,11,12432,122.164575289575,12432,129.22787966538
109,12,12503,119.310405502679,12503,124.786051347677
109,13,12154,119.62152377818,12154,125.36983709067
109,14,11195,120.024921840107,11195,122.325591782046
109,15,11009,131.750931056408,11009,128.803615223908
109,16,8751,126.748828705291,8751,186.461890069706
109,17,11373,118.276268354876,11373,122.824408687242
109,18,11773,123.217106939608,11773,128.229508196721
109,19,10186,118.779599450226,10186,119.847241311604
109,20,11512,122.770152883947,11512,127.477328005559
109,21,12894,118.796494493563,12894,119.117031177292
109,22,12677,122.535300149878,12677,122.038810444111
109,23,15094,118.933881012323,15094,119.74744931761
109,24,13735,125.961339643247,13735,125.627375318529
109,25,9629,136.779624052342,9629,192.858759995846
109,26,11555,129.833145824318,11555,148.228991778451
109,27,11233,122.433544022078,11233,127.015312027063
109,28,11794,118.215618110904,11794,121.276496523656
109,29,5711,177.070040273157,5711,166.646296620557
109,30,9539,120.677219834364,9539,122.077471433064
109,31,13290,138.976448457487,13290,161.964183596689
109,32,5821,130.32846589933,5821,139.574299948462
109,33,9211,133.336336988383,9211,182.722722831397
109,34,10962,143.576993249407,10962,155.635194307608
109,35,19933,130.657101289319,19933,146.376310640646
109,36,11519,121.038371386405,11519,121.001736261828
109,37,10870,138.934866605336,10870,182.057497700092
109,38,9977,135.06414753934,9977,165.030269620126
109,39,8920,141.034865470852,8920,184.934304932735
109,40,9525,126.737007874016,9525,179.643674540682
109,41,9310,116.987969924812,9310,118.020837808808
109,42,5963,125.245178601375,5963,138.965285929901
109,43,8720,126.641399082569,8720,162.495642201835
109,44,10968,131.29121079504,10968,178.510485047411
109,45,9644,120.953546246371,9644,119.276648693488
109,46,8856,135.517050587173,8856,160.002032520325
109,47,9300,118.484731182796,9300,118.374086021505
109,48,6977,132.561129425254,6977,154.193206249104
109,49,8671,122.749509860454,8671,140.84350132626
109,50,8370,117.396535244922,8370,118.145997610514
109,51,16744,119.605709507883,16744,124.522814142379
109,52,6526,128.156757585044,6526,146.739963224027
109,53,9534,120.785609397944,9534,121.498112020138
109,54,9216,124.2958984375,9216,120.319010416667
109,55,11057,117.653070453107,11057,118.818305146061
109,56,8155,117.155364806867,8155,118.652237890864
109,57,9122,120.907805305854,9122,120.312979609735
109,58,6440,117.084627329193,6440,118.750931677019
110,1,19442,126.919144120975,19442,140.492541919556
110,2,12483,123.067131298566,12483,148.976928622927
110,3,12086,125.574383584312,12086,129.078024160185
110,4,12929,119.815453631371,12929,123.949802768969
110,5,8695,126.717768832662,8695,123.498907418056
110,6,13113,118.461984290399,13113,119.053610920461
110,7,14165,125.493752206142,14165,129.666148958701
110,8,6888,131.230981416957,6888,166.187427409988
110,9,13431,125.874395056213,13431,127.609038790857
110,10,13475,120.386345083488,13475,126.466345083488
110,11,10653,118.497700178354,10653,120.512437810945
110,12,12989,122.98460235584,12989,128.307490953884
110,13,10728,133.627609992543,10728,152.945935868755
110,14,14512,130.07125137817,14512,125.249173098126
110,15,12723,123.296549555922,12723,121.640022007388
110,16,8410,127.647086801427,8410,161.285612366231
110,17,9929,119.431564105147,9929,121.089434988418
110,18,10868,120.659366948841,10868,121.634247331616
110,19,13301,127.724907901662,13301,124.094504172619
110,20,13713,125.6831473784,13713,127.680084591264
110,21,10850,117.99935483871,10850,122.546728110599
110,22,10913,141.599376889948,10913,153.907449830477
110,23,10697,120.004019818641,10697,125.918575301486
110,24,13006,120.657542672613,13006,119.880516684607
110,25,9865,126.224227065383,9865,168.307045108971
110,26,9860,130.706490872211,9860,139.598073022312
110,27,13813,118.670744950409,13813,119.33417794831
110,28,12217,123.039453220922,12217,126.983465662601
110,29,8887,117.492179588162,8887,118.521998424665
110,30,10559,122.082867695805,10559,120.153328913723
110,31,8944,129.148703041145,8944,179.53801431127
110,32,10466,118.070896235429,10466,121.557806229696
110,33,12976,119.019959926017,12976,118.402589395808
110,34,11734,143.608743821374,11734,177.150332367479
110,35,8616,127.462743732591,8616,199.755222841226
110,36,9974,116.893723681572,9974,118.090234609986
110,37,11129,138.197681732411,11129,175.462665109174
110,38,7986,118.713122965189,7986,119.385925369396
110,39,11135,134.719083969466,11135,188.15572519084
110,40,9146,140.191012464465,9146,197.47528974415
110,41,9160,140.14923580786,9160,174.279694323144
110,42,19792,122.091905820534,19792,123.707558609539
110,43,10752,128.263206845238,10752,179.311755952381
110,44,9723,122.543762213309,9723,134.310603723131
110,45,10969,131.27513902817,10969,186.407420913483
110,46,9855,140.541552511416,9855,183.0833079655
110,47,7766,118.43960855009,7766,119.095673448365
110,48,8138,117.041779306955,8138,118.980339149668
110,49,8342,126.247542555742,8342,151.152241668665
110,51,18459,136.812178341189,18459,156.169619155967
110,52,7246,117.569831631245,7246,117.839083632349
110,53,9613,123.658275252263,9613,119.807552272964
110,54,11007,121.575542836377,11007,122.905878077587
110,55,10106,120.574905996438,10106,119.68216900851
110,56,6887,117.192681864382,6887,118.260055176419
110,57,6066,167.366798549291,6066,177.919221892516
110,58,12277,122.646982161766,12277,122.117944123157
110,59,8868,125.118967072621,8868,167.104758682905
111,1,15426,128.150719564372,15426,124.008621807338
111,2,18996,125.379711518214,18996,142.735944409349
111,3,9619,123.241813078283,9619,122.898742072981
111,4,12243,120.600343053173,12243,126.000245037981
111,5,9325,118.21726541555,9325,118.747024128686
111,6,10243,128.240945035634,10243,128.913404276091
111,7,9276,121.536330314791,9276,124.685101336783
111,8,12293,127.597250467746,12293,123.242821117709
111,9,11851,121.004050291115,11851,125.920006750485
111,10,8723,134.570445947495,8723,140.086552791471
111,11,8965,134.20981595092,8965,126.254880089236
111,12,13262,125.054441260745,13262,129.287513195596
111,13,10939,132.081817350763,10939,154.251028430387
111,14,12541,129.530101267841,12541,165.856470775855
111,15,10524,140.544944887875,10524,150.774230330673
111,16,13548,121.234868615294,13548,125.594995571302
111,17,9717,127.642482247607,9717,128.417412781723
111,18,8191,131.08643633256,8191,213.780246612135
111,19,10789,127.865603855779,10789,185.337658726481
111,20,8364,135.546867527499,8364,186.484337637494
111,21,12009,124.369139811808,12009,128.310850195687
111,22,13904,119.675057537399,13904,119.758414844649
111,23,11501,125.492565863838,11501,124.762629336579
111,24,9901,118.057367942632,9901,121.917887082113
111,25,10079,120.134537156464,10079,121.14862585574
111,26,15487,118.295538193323,15487,120.490734164138
111,27,8757,119.694644284572,8757,160.263788968825
111,28,8829,122.91176803715,8829,178.662475931589
111,29,9989,122.952848132946,9989,120.871558714586
111,30,8813,117.485192329513,8813,118.084874617043
111,31,7889,133.412980098872,7889,194.526048928888
111,32,9249,117.056546653692,9249,118.590334090172
111,33,11217,117.373896763841,11217,123.435945439957
111,34,9528,117.266687657431,9528,117.987405541562
111,35,10277,125.460640264669,10277,176.592196166196
111,36,11034,138.510512959942,11034,122.298622439732
111,37,8527,118.384308666588,8527,124.308549313944
111,38,9269,120.562196569209,9269,119.319775596073
111,39,10333,122.028355753411,10333,120.128036388271
111,40,12177,121.848566970518,12177,119.417097807342
111,41,9884,121.777013354917,9884,164.405301497369
111,42,4611,147.800043374539,4611,155.882888744307
111,43,9784,117.745911692559,9784,120.305089942764
111,44,10714,119.541347769274,10714,119.999159977599
111,45,7285,125.768840082361,7285,144.925463280714
111,46,10396,121.820219315121,10396,120.300019238169
111,47,11587,119.46129282817,11587,119.08699404505
111,48,10225,127.809290953545,10225,157.088997555012
111,49,7087,129.527726823762,7087,163.413150839565
111,50,8966,135.11632835155,8966,156.05253178675
111,51,12397,122.839073969509,12397,143.816245865935
111,52,8636,130.156669754516,8636,180.591940713293
111,53,11926,120.702582592655,11926,119.25146738219
111,54,6833,119.457924776818,6833,139.798038928728
111,55,10819,117.932156391533,10819,120.750623902394
111,56,12750,119.262274509804,12750,119.517960784314
111,57,17836,120.340603274277,17836,119.13147566719
111,100,7361,123.249558483902,7361,153.313951908708
112,1,18799,123.936751954891,18799,143.548327038672
112,2,8924,133.42066337965,8924,128.348386373823
112,3,9590,121.326485922836,9590,121.346819603754
112,4,9816,119.264058679707,9816,119.463732681337
112,5,13291,121.379956361448,13291,126.919720111354
112,6,12008,119.437125249833,12008,124.595519653564
112,7,11718,128.536695681857,11718,166.207373271889
112,8,11528,125.44179389313,11528,127.987682165163
112,9,9029,131.682578358622,9029,127.059364270683
112,10,12067,124.125051794149,12067,128.959807740118
112,11,12200,125.134754098361,12200,126.750655737705
112,12,10025,141.847281795511,10025,148.993416458853
112,13,11017,118.11863483707,11017,122.329490786966
112,14,8222,130.973850644612,8222,148.171004621747
112,15,11902,125.832549151403,11902,128.499747941522
112,16,8514,137.418604651163,8514,182.617923420249
112,17,10998,120.963266048372,10998,125.311511183852
112,18,10650,120.965727699531,10650,120.058873239437
112,19,11613,122.151898734177,11613,124.301386377336
112,20,15846,127.132841095545,15846,124.257352013126
112,21,10798,125.4534172995,10798,182.461844786071
112,22,12693,126.446072638462,12693,123.614275584968
112,23,9127,119.416018406925,9127,119.254519557357
112,24,8512,124.295817669173,8512,178.710761278195
112,25,8635,134.487666473654,8635,188.68546612623
112,26,8040,130.049751243781,8040,217.199378109453
112,27,9811,119.822851900928,9811,120.87779023545
112,28,10714,132.585402277394,10714,121.184524920665
112,29,11249,117.434705307138,11249,122.248911014312
112,30,9126,117.046460661845,9126,118.607604646066
112,31,8546,119.241048443716,8546,159.048677743974
112,32,6825,117.573186813187,6825,118.198681318681
112,33,9180,122.581481481481,9180,163.501416122004
112,34,10636,124.165099661527,10636,172.891876645355
112,35,12976,121.003313810111,12976,119.565813810111
112,36,4462,148.837068579112,4462,161.551098162259
112,37,8979,118.812005791291,8979,118.775253368972
112,38,10986,120.702166393592,10986,122.598762060805
112,39,7314,117.773858353842,7314,121.691550451189
112,40,8033,117.340719531931,8033,118.01431594672
112,41,9200,120.169782608696,9200,118.634130434783
112,42,10610,117.159754948162,10610,117.805372290292
112,43,11718,119.019798600444,11718,118.489332650623
112,44,12104,119.38978849967,12104,119.484137475215
112,45,9843,126.693487757797,9843,162.820379965458
112,46,8818,133.2501701066,8818,159.441483329553
112,47,14353,121.164704243015,14353,119.290601268028
112,48,7530,130.238247011952,7530,164.64395750332
112,49,8104,117.171150049358,8104,119.858464955577
112,50,8633,125.930383412487,8633,140.647978686436
112,51,7369,119.123490297191,7369,119.003663997829
112,52,7972,128.612644254892,7972,182.18489713999
112,53,10471,123.195014802789,10471,120.8546461656
112,54,8501,120.458063757205,8501,119.112810257617
112,55,12966,132.615610057072,12966,138.029615918556
112,56,9543,117.860106884627,9543,120.411715393482
112,100,9151,125.266200415255,9151,150.993661894875
112,101,7424,118.616244612069,7424,135.870016163793
113,1,9813,121.662896158158,9813,143.526648323652
113,2,11669,125.488902219556,11669,127.617105150398
113,3,19309,123.51240354239,19309,141.215857890103
113,4,13091,124.6300511802,13091,127.109082575815
113,5,12452,118.968358496627,12452,124.748634757469
113,6,9650,119.061450777202,9650,121.016062176166
113,7,13639,122.459417845883,13639,124.413006818682
113,8,11719,142.300452257019,11719,148.889751685297
113,9,10376,118.782864302236,10376,119.448727833462
113,10,10444,134.515798544619,10444,125.803523554194
113,11,14427,126.075275525057,14427,123.786095515353
113,12,13558,125.897698775631,13558,127.133205487535
113,13,13028,121.647758673626,13028,126.365366902057
113,14,10873,119.120022073025,10873,119.107697967442
113,15,12147,121.358277764057,12147,127.995389808183
113,16,10677,122.940713683619,10677,120.894165027629
113,17,11245,118.243930635838,11245,119.204802134282
113,18,11202,128.322710230316,11202,175.161131940725
113,19,9243,136.225900681597,9243,185.15546900357
113,20,9985,122.968452679019,9985,127.091837756635
113,21,11868,126.293056959892,11868,158.519127064375
113,22,14250,127.393964912281,14250,124.139157894737
113,23,8343,133.010907347477,8343,214.54105237924
113,24,9251,119.1065830721,9251,120.472057074911
113,25,14069,120.336342312886,14069,119.069727770275
113,26,9119,117.21899331067,9119,118.063055159557
113,27,10477,119.979860647132,10477,121.198243772072
113,28,11558,119.913220280325,11558,125.909153832843
113,29,11478,119.973253179997,11478,121.769036417494
113,30,8563,121.010393553661,8563,158.785005255168
113,31,8487,126.228467067279,8487,176.90762342406
113,32,9644,119.633865615927,9644,119.249585234343
113,33,8084,134.265462642256,8084,186.681345868382
113,34,10457,122.770775557043,10457,174.014535717701
113,35,9909,118.147340801292,9909,125.605812897366
113,36,9470,116.975501583949,9470,118.978986272439
113,37,10171,116.97925474388,10171,117.602300658736
113,38,8807,136.739752469626,8807,176.138639718406
113,39,8629,117.532506663576,8629,118.795920732414
113,40,10642,123.458842322872,10642,123.002255215185
113,41,4221,167.716417910448,4221,174.535655058043
113,42,10096,120.10558637084,10096,118.784370047544
113,43,9523,120.117084952221,9523,119.604956421296
113,44,10489,120.032796262751,10489,120.08141862904
113,45,8664,138.042820867959,8664,142.129847645429
113,46,9097,117.792349126086,9097,122.382103990326
113,47,8531,127.235962958621,8531,167.413902238893
113,49,16094,120.56486889524,16094,119.23182552504
113,50,8329,118.849441709689,8329,120.347700804418
113,51,10096,124.615788431062,10096,171.418185419968
113,52,8822,134.299365223305,8822,164.90897755611
113,53,9897,131.789734262908,9897,172.680307163787
113,54,9548,126.751989945538,9548,156.606828655216
113,101,9849,117.138795816834,9849,117.913798355163
113,102,10433,121.247483945174,10433,130.225342662705
113,103,16513,118.457639435596,16513,119.235269181857
113,104,8944,119.434704830054,8944,118.778734347048
113,105,8517,126.922507925326,8517,132.639544440531
114,1,18892,122.760374761804,18892,132.318706330722
114,2,12962,126.671192717173,12962,122.840688165407
114,3,10289,129.62425891729,10289,122.682962387015
114,4,10693,118.190124380436,10693,120.702235107079
114,5,11706,119.178626345464,11706,123.126089185033
114,6,9995,119.293346673337,9995,124.496948474237
114,7,12566,130.996339328346,12566,142.046792933312
114,8,9310,130.510633727175,9310,127.790547798067
114,9,14529,123.47959253906,14529,125.122788904949
114,10,11014,122.588705284184,11014,126.499364445252
114,11,11685,129.089516474112,11685,128.360890029953
114,12,9558,117.910232266164,9558,118.224105461394
114,13,9078,119.882352941176,9078,120.012557832122
114,14,14395,121.511774921848,14395,119.210767627648
114,15,10410,119.960422670509,10410,132.943996157541
114,16,12898,121.11769266553,12898,125.168553264072
114,17,9542,119.924439320897,9542,118.888597778244
114,18,12318,124.238512745576,12318,122.91419061536
114,19,12579,122.276413069401,12579,124.086334366802
114,20,8553,126.823687594996,8553,202.684204372735
114,21,10471,129.102377996371,10471,120.528220800306
114,22,13093,121.140456732605,13093,120.467883601925
114,23,9521,118.228862514442,9521,120.060707908833
114,24,11042,126.030882086579,11042,127.167723238544
114,25,9893,118.371676943293,9893,119.890528656626
114,26,9154,134.051780642342,9154,181.622897094166
114,27,8683,122.434296901992,8683,167.27064378671
114,28,13386,119.639922306888,13386,123.998431196773
114,29,10723,119.030961484659,10723,120.637974447449
114,30,11289,117.489768801488,11289,121.762689343609
114,31,14627,121.823545498052,14627,120.502837218842
114,32,11351,117.127301559334,11351,118.438287375562
114,33,8714,119.044067018591,8714,150.880422308928
114,34,8946,119.09009613235,8946,119.09244355019
114,35,8969,117.004013825399,8969,117.719143717248
114,36,8562,118.151016117729,8562,132.033286615277
114,37,5394,120.550611790879,5394,123.831664812755
114,38,9331,121.120244346801,9331,167.224413246169
114,39,4055,144.272749691739,4055,152.259679408138
114,40,7001,118.426081988287,7001,118.812312526782
114,41,9647,120.131128848347,9647,118.78677309008
114,42,9043,131.808249474732,9043,168.179144089351
114,43,9707,117.621819305656,9707,117.710003090553
114,44,16784,118.989871306006,16784,118.038369876072
114,45,12871,118.705694973196,12871,118.448993862171
114,46,10296,121.505050505051,10296,119.405303030303
114,47,5813,140.327885773267,5813,189.9318768278
114,48,11080,120.53023465704,11080,138.087545126354
114,49,3810,132.851181102362,3810,143.41312335958
114,50,4673,118.137170982238,4673,121.439118339397
114,51,6715,119.589575577066,6715,147.917795979151
114,103,9386,133.295013850416,9386,161.200617941615
114,104,11571,122.897329530723,11571,122.10405323654
114,105,6214,120.345831992276,6214,144.769069842292
114,106,11237,128.1482602118,11237,163.71175580671
114,107,11205,117.475858991522,11205,119.215707273539
114,108,10659,126.04550145417,10659,134.091847265222
114,109,12736,117.941190326633,12736,119.537217336683
114,110,8665,135.023889209463,8665,161.982342758223
114,200,5835,123.671122536418,5835,122.872493573265
115,1,12488,127.011450992953,12488,124.45932094811
115,2,8888,123.62702520252,8888,162.880625562556
115,3,10834,131.193372715525,10834,130.901421450988
115,4,9873,130.636179479388,9873,156.084877949965
115,5,13563,120.000811030008,13563,125.780505787805
115,6,12399,125.621421082345,12399,127.793128478103
115,7,10694,117.574060220685,10694,119.171872077801
115,8,9862,128.016629486919,9862,127.5522206449
115,9,10773,130.039821776664,10773,162.35059871902
115,10,10088,131.752775574941,10088,185.702616970658
115,11,9292,127.444468359879,9292,170.558437365476
115,12,12716,118.489776659327,12716,118.497955331865
115,13,9995,123.530665332666,9995,157.679139569785
115,14,11181,118.657901797693,11181,121.494857347286
115,15,8016,134.159555888224,8016,131.475548902196
115,16,10353,127.214913551628,10353,125.422196464793
115,17,12562,120.638831396274,12562,121.357745581914
115,18,9125,128.544,9125,127.706191780822
115,19,10008,124.858313349321,10008,124.211231015188
115,20,11532,127.84547346514,11532,123.618886576483
115,21,12131,117.874041711318,12131,119.879482318028
115,22,5142,121.972189809413,5142,133.155970439518
115,23,9888,122.710659385113,9888,125.17354368932
115,24,12974,129.922537382457,12974,125.489671650994
115,25,9606,141.018946491776,9606,130.354778263585
115,26,10116,121.693752471333,10116,121.852510873863
115,27,12024,120.819860279441,12024,119.673819028609
115,28,6420,135.131931464174,6420,211.679906542056
115,29,10159,117.817206417955,10159,119.553893099715
115,30,11334,119.423328039527,11334,119.453149814717
115,31,10630,135.54694261524,10630,179.268673565381
115,32,4443,137.090254332658,4443,152.537024532973
115,33,10564,133.351855357819,10564,125.206171904582
115,34,10596,119.056908267271,10596,118.552944507361
115,35,9650,148.881347150259,9650,200.033367875648
115,36,9365,117.548852108916,9365,118.696956753871
115,37,9763,144.715353887125,9763,130.757451602991
115,38,8610,121.772590011614,8610,125.238675958188
115,39,9385,165.138199254129,9385,126.177091102824
115,40,10385,117.919499277805,10385,118.392970630717
115,41,9944,116.989742558327,9944,118.28489541432
115,42,4872,194.238916256158,4872,195.53591954023
115,43,9968,122.540429373997,9968,119.037419743178
115,44,6842,125.529815843321,6842,138.948845366852
115,45,8657,119.528589580686,8657,119.319510222941
115,46,10251,118.475173153839,10251,118.414593698176
115,47,4934,124.745439805432,4934,144.922172679368
115,48,8533,116.710652759873,8533,117.973514590414
115,49,8922,118.509302846895,8922,118.24815063887
115,50,10476,129.91141657121,10476,158.709431080565
115,110,13829,120.596355484851,13829,119.83455058211
115,111,10579,118.099725872011,10579,122.6298326874
115,112,8077,124.130370186951,8077,121.548470966943
115,113,5024,120.187101910828,5024,131.397292993631
115,114,15336,118.09709181012,15336,118.11280646844
115,115,8414,118.848704540052,8414,139.570240076064
115,116,8710,119.795407577497,8710,118.785878300804
115,117,11995,122.243601500625,11995,118.963401417257
115,118,13460,124.194279346211,13460,138.410846953938
115,119,8987,119.384444197174,8987,122.74118170691
116,1,16155,125.430578768183,16155,126.412751470133
116,2,13461,120.786048584801,13461,124.72758338905
116,3,14276,121.578593443542,14276,124.341972541328
116,4,13100,125.071526717557,13100,124.193664122137
116,5,10708,118.027082555099,10708,119.598150915204
116,6,10400,119.172307692308,10400,120.402019230769
116,7,9382,140.347580473247,9382,175.773502451503
116,8,9687,141.41612470321,9687,126.383813358109
116,9,10563,129.800530152419,10563,128.484237432548
116,10,11883,128.338635024825,11883,129.916351089792
116,11,15158,125.754057263491,15158,122.542815674891
116,12,10472,117.937643239114,10472,119.513559969442
116,13,12151,125.301621265739,12151,122.056950045264
116,14,13868,138.066051341217,13868,121.503533314104
116,15,9607,118.175809305715,9607,129.900281045071
116,16,9591,123.279532895423,9591,122.750182462725
116,17,4857,141.351245624871,4857,160.656989911468
116,18,8669,127.72418964125,8669,130.016610912447
116,19,9427,117.983770022276,9427,119.148191365228
116,20,10374,119.105455947561,10374,121.184788895315
116,21,10926,120.284642138019,10926,125.618158520959
116,22,11813,118.564632184881,11813,120.671125031745
116,23,11033,136.569745309526,11033,144.309616604731
116,24,8872,137.831943192065,8872,171.982416591524
116,25,9797,118.190874757579,9797,122.53975706849
116,26,9467,122.077426851167,9467,155.706665258266
116,27,9904,117.527362681745,9904,117.94981825525
116,28,9048,122.316976127321,9048,123.887378426172
116,29,10205,127.695737383635,10205,144.314453699167
116,30,11655,118.409867009867,11655,122.927927927928
116,31,16453,123.501489090136,16453,120.914119005652
116,32,10009,117.093316015586,10009,118.777500249775
116,33,8087,125.521206875232,8087,199.451341659453
116,34,9968,126.02698635634,9968,126.922552166934
116,35,8556,120.335203366059,8556,164.213417484806
116,36,8924,120.316562079785,8924,124.117996414164
116,37,9726,138.478819658647,9726,173.762903557475
116,38,15729,121.835526734058,15729,119.336385021298
116,39,11959,120.471276862614,11959,121.070239986621
116,40,8662,121.590394827984,8662,170.230200877396
116,41,11444,127.123121286264,11444,142.556623558196
116,42,7818,121.762599130212,7818,143.512663085188
116,43,8927,128.498599753557,8927,119.820096336955
116,44,7311,117.865681849268,7311,136.629462453837
116,45,10903,128.202696505549,10903,163.305512244336
116,46,10988,121.146068438296,10988,119.051965780852
116,47,13585,117.701582627898,13585,117.733971291866
116,48,10467,117.737842743862,10467,120.115219260533
116,49,13656,124.291959578207,13656,120.318614528412
116,50,7863,122.281571919115,7863,171.727203357497
116,116,7763,122.567048821332,7763,118.760917171197
116,117,8898,123.138008541245,8898,120.381321645314
116,118,8700,120.122873563218,8700,139.242298850575
116,119,13191,119.068000909711,13191,118.241300886968
116,120,13126,117.814718878562,13126,119.695946975469
116,121,6995,118.069049320944,6995,130.462759113653
116,122,10948,117.203690171721,10948,117.859243697479
116,123,5867,119.480143173683,5867,118.737174024203
116,124,12795,118.054318093005,12795,121.686127393513
116,125,7419,124.560857258391,7419,123.448712764524
117,1,12571,124.043115106197,12571,126.135311431072
117,2,12044,120.26843241448,12044,124.290850215875
117,3,19121,125.693059986402,19121,124.022906751739
117,4,10924,119.487641889418,10924,119.384840717686
117,5,9061,119.229113784351,9061,120.238715373579
117,6,14100,120.993262411348,14100,126.091205673759
117,7,13473,125.553625770059,13473,128.604171305574
117,8,9209,117.673688782713,9209,118.428059507004
117,9,12201,125.593639865585,12201,128.501844111138
117,10,9736,131.480073952342,9736,122.987161051767
117,11,11738,118.699096950077,11738,124.723803032885
117,12,14102,124.288256984825,14102,122.346901148773
117,13,9587,133.285699384583,9587,143.962553457807
117,14,11253,118.056162801031,11253,120.943215142629
117,15,15577,121.82666752263,15577,125.143159786865
117,16,16072,121.340903434545,16072,124.740853658537
117,17,11181,129.320364904749,11181,159.269027815043
117,18,9367,124.773139745917,9367,157.765880217786
117,19,11254,116.99982228541,11254,117.788075350986
117,20,11956,119.71043827367,11956,121.035965205754
117,21,11636,119.379082158817,11636,120.407700240633
117,22,10294,117.993199922285,10294,123.325043714785
117,23,10691,121.842203722757,10691,120.62220559349
117,24,12891,118.995966177954,12891,123.574897215111
117,25,8934,128.039288112827,8934,187.748712782628
117,26,10066,120.581760381482,10066,118.7280945758
117,27,8992,136.128892348754,8992,171.748220640569
117,28,8428,128.921214997627,8428,154.360583768391
117,29,8999,122.627736415157,8999,166.174463829314
117,30,3895,151.7486521181,3895,148.040308087291
117,31,9865,125.193411049164,9865,128.56431829701
117,32,14493,117.388877389084,14493,117.804526323053
117,33,8518,130.03791969946,8518,178.874735853487
117,34,11309,118.256963480414,11309,120.588646210982
117,35,12199,118.591032051808,12199,119.820641036151
117,36,8706,118.306110728233,8706,120.651849299334
117,37,10766,136.043655953929,10766,162.584153817574
117,38,12425,118.964426559356,12425,119.220201207243
117,39,9476,118.033663993246,9476,118.686893203883
117,40,9089,117.398503685774,9089,118.592034327209
117,41,10814,117.536711670057,10814,118.511189199186
117,42,12051,119.355987055016,12051,118.935689984234
117,43,10274,118.605703718123,10274,120.957173447537
117,44,7601,121.169319826339,7601,158.694908564663
117,45,9697,118.781478807879,9697,118.292874084768
117,46,10563,132.046956357096,10563,160.862444381331
117,47,9897,134.903910275841,9897,170.959684752955
117,48,8427,124.517621929512,8427,132.807998101341
117,49,7764,118.836553323029,7764,119.833075734158
117,100,15113,117.718520479058,15113,118.375438364322
117,101,12228,125.801521099117,12228,122.248609748119
117,102,10509,120.89095061376,10509,119.543343800552
117,103,9039,118.297267396836,9039,121.915366744109
117,104,9383,117.930512629223,9383,136.416711073218
117,105,10532,118.531712875047,10532,118.386441321686
117,106,13562,122.482967113995,13562,122.178292287273
117,107,8859,121.881363585055,8859,160.11525002822
117,108,8154,137.447387785136,8154,176.993132205053
117,135,6161,122.421522480117,6161,124.727966239247
117,136,11621,123.186300662594,11621,123.548317700714
118,1,12403,122.083205676046,12403,125.732080948158
118,2,10658,127.005535747795,10658,126.545881028336
118,3,18312,125.499344692005,18312,122.940530799476
118,4,9863,130.971611071682,9863,121.891412349184
118,5,10973,120.066071265834,10973,123.725690330812
118,6,9711,121.434764699825,9711,120.666357738647
118,7,13110,118.299618611747,13110,122.605034324943
118,8,11207,124.775854376729,11207,126.603997501562
118,9,11289,132.378155726814,11289,139.102134821508
118,10,7264,119.955809471366,7264,135.629267621145
118,11,13763,119.337571750345,13763,124.755721862966
118,12,10542,125.263517359135,10542,131.981692278505
118,13,11924,118.54755115733,11924,119.254109359275
118,14,14272,121.398402466368,14272,124.933085762332
118,15,17678,120.26354791266,17678,119.339800882453
118,16,12383,119.412824032948,12383,120.708794314786
118,17,8034,120.00858849888,8034,165.051655464277
118,18,12783,127.923961511382,12783,130.270124383947
118,19,10020,117.159181636727,10020,117.686926147705
118,20,7343,122.95764673839,7343,124.008034863135
118,21,10974,118.061417896847,10974,120.701020594132
118,22,8946,121.330985915493,8946,119.436172591102
118,23,15002,123.679509398747,15002,125.176843087588
118,24,13610,125.376781778104,13610,121.947024246877
118,25,9524,117.620432591348,9524,118.648572028559
118,26,5610,147.311942959002,5610,145.330837789661
118,27,10758,118.688510875627,10758,120.549358616843
118,28,9147,138.203454684596,9147,176.158193943369
118,29,7783,118.074521392779,7783,118.567518951561
118,30,10044,119.247112704102,10044,118.863002787734
118,31,8905,126.229870859068,8905,182.092756878158
118,32,7178,126.292421287267,7178,136.910838673725
118,33,11779,123.132014602258,11779,121.043042703116
118,34,7346,126.648243942282,7346,177.758508031582
118,35,9303,123.404600666452,9303,152.622809846286
118,36,7870,136.812198221093,7870,173.72998729352
118,37,7691,130.874528669874,7691,157.527759719152
118,38,11734,119.121441963525,11734,120.920146582581
118,39,9914,121.080290498285,9914,119.812890861408
118,40,8500,117.962235294118,8500,120.249176470588
118,41,9284,118.500753985351,9284,118.385394226626
118,42,9790,136.057609805924,9790,169.788764044944
118,43,8000,118.594625,8000,119.7075
118,44,10112,116.876681170886,10112,117.727254746835
118,45,10655,119.334772407321,10655,118.454997653684
118,46,14025,123.485062388592,14025,120.321853832442
118,47,8869,117.428909685421,8869,133.804713045439
118,48,11308,118.219490626105,11308,120.256101874779
118,49,8137,117.612633648765,8137,118.276514686002
118,50,7645,117.962589928058,7645,122.085546108568
118,100,10610,118.568237511781,10610,119.742412818096
118,101,10891,118.713433109907,10891,118.887246350197
118,102,8693,118.789830898424,8693,143.365696537444
118,103,9999,123.036103610361,9999,145.72097209721
118,104,9319,120.731730872411,9319,120.533426333298
118,105,7012,123.954649172847,7012,127.869224187108
118,106,8051,127.44106322196,8051,183.688237486027
118,107,11847,117.54064320081,11847,118.848991305816
118,108,8022,117.880703066567,8022,119.636998254799
118,109,5811,121.562553777319,5811,118.829117191533
118,200,14371,124.044047039176,14371,125.379166376731
119,1,11026,119.196535461636,11026,124.856883729367
119,2,11454,119.960799720622,11454,119.822070892265
119,3,12257,121.704087460227,12257,125.705229664681
119,4,12238,130.29735250858,12238,138.146265729694
119,5,10797,136.341020653885,10797,122.511160507548
119,6,12503,128.868111653203,12503,127.882508198032
119,7,14351,123.273500104522,14351,126.549508745035
119,8,10531,118.812648371475,10531,119.072262843035
119,9,15465,125.538376980278,15465,125.310054962819
119,10,8978,125.528625529071,8978,157.88995321898
119,11,11188,124.429209867715,11188,125.755005362889
119,12,11570,119.370181503889,11570,124.35393258427
119,13,12125,119.860371134021,12125,120.786804123711
119,14,12969,125.195774539286,12969,121.992443519161
119,15,14411,121.826521407258,14411,122.019290819513
119,16,13016,119.907652120467,13016,124.887138905962
119,17,8932,117.214509628303,8932,118.058889386476
119,18,10853,119.10715931079,10853,120.505205933843
119,19,9824,119.328379478827,9824,120.587642508143
119,20,12844,119.632123948926,12844,118.343584553099
119,21,13123,122.443267545531,13123,124.112779090147
119,22,13677,125.394604079842,13677,122.019229363164
119,23,11401,120.078589597404,11401,118.680466625735
119,24,8525,124.305219941349,8525,141.383929618768
119,25,8242,131.764741567581,8242,208.709051201165
119,26,13226,120.791622561621,13226,124.371843338878
119,27,11184,118.654864091559,11184,121.194116595136
119,28,8329,117.919197982951,8329,120.786889182375
119,29,6798,131.797881729921,6798,157.642689026184
119,30,8653,118.451635271004,8653,119.574945105744
119,31,11604,128.108324715615,11604,161.94829369183
119,32,11836,120.642784724569,11836,118.91061169314
119,33,8151,127.128327812538,8151,157.104404367562
119,34,10707,121.68786775007,10707,120.550200803213
119,35,10579,116.8615181019,10579,117.703658190755
119,36,9081,117.003083360863,9081,118.345336416694
119,37,11402,118.640413962463,11402,120.684353622172
119,38,4052,165.957798617966,4052,167.937314906219
119,39,8170,130.934761321909,8170,173.859730722154
119,40,16517,119.960404431798,16517,118.746624689714
119,41,8900,126.360112359551,8900,127.802247191011
119,42,10143,134.299615498373,10143,165.873706004141
119,43,7703,132.97948851097,7703,164.646241724004
119,44,8998,117.166148032896,8998,122.087686152478
119,45,7057,120.218364744226,7057,177.659912143971
119,46,8031,117.450877848338,8031,118.100734653219
119,47,9199,118.313403630829,9199,118.212740515273
119,48,7317,119.810168101681,7317,119.177941779418
119,49,11362,121.228656926597,11362,133.299419116353
119,110,12005,118.945272802999,12005,118.994335693461
119,111,10446,119.448114110664,10446,119.015699789393
119,112,8416,118.14852661597,8416,119.197599809886
119,113,10111,117.361981999802,10111,117.655919295816
119,114,9366,117.045163356823,9366,118.769271834294
119,115,8751,119.428750999886,8751,119.442006627814
119,116,12600,124.045396825397,12600,121.156904761905
119,117,6785,125.920707442889,6785,200.545173176124
119,118,6637,119.928130179298,6637,149.71161669429
119,120,7938,124.64525069287,7938,122.995590828924
119,121,8587,117.690345871666,8587,121.708047047863
119,199,4401,118.168825266985,4401,143.141785957737
120,1,8338,120.702086831374,8338,122.095586471576
120,2,13802,130.786625126793,13802,129.264381973627
120,3,12562,117.480974367139,12562,118.466486228308
120,4,12753,125.658198071042,12753,125.513996706657
120,5,13929,122.114724675138,13929,125.918012779094
120,6,11376,120.013713080169,11376,124.633175105485
120,7,11618,124.448614219315,11618,124.48424857979
120,8,11437,128.493923231617,11437,126.457112879252
120,9,9788,127.06129955047,9788,121.842766653045
120,10,11549,123.665512165555,11549,126.407567754784
120,11,8783,135.897984743254,8783,181.125811226232
120,12,9690,122.422807017544,9690,123.456140350877
120,13,11511,118.023195204587,11511,120.716879506559
120,14,9371,131.314800981752,9371,166.301461957102
120,15,16663,137.001500330073,16663,161.756526435816
120,16,18374,120.001741591379,18374,119.261293131599
120,17,9966,116.948826008429,9966,117.876981737909
120,18,10814,121.049472905493,10814,126.182541150361
120,19,9470,120.978563885956,9470,141.495881731785
120,20,9075,141.964628099174,9075,209.807272727273
120,21,11830,125.401859678783,11830,121.377430262046
120,22,10905,119.099587345254,10905,120.223200366804
120,23,12907,128.15084837685,12907,121.722476175719
120,24,9313,145.764844840545,9313,173.763341565554
120,25,10056,117.716388225935,10056,119.049920445505
120,26,8603,127.402185284203,8603,122.190049982564
120,27,9480,127.126054852321,9480,127.013291139241
120,28,9909,118.07387223736,9909,120.049853668382
120,29,9311,120.558801417678,9311,120.297497583503
120,30,10150,121.624926108374,10150,120.821773399015
120,31,3246,163.241836105977,3246,159.153727664818
120,32,7344,118.301198257081,7344,142.750680827887
120,33,10580,121.723629489603,10580,119.723251417769
120,34,10323,116.910588007362,10323,118.256223965901
120,35,11819,124.274642524748,11819,124.715373551062
120,36,6701,121.58767348157,6701,180.537830174601
120,37,10227,120.114794172289,10227,118.809328248753
120,38,10733,116.697568247461,10733,117.454299822976
120,39,12172,117.488169569504,12172,118.863867893526
120,40,8774,118.142010485525,8774,118.289035787554
120,41,10797,119.254144669816,10797,118.311660646476
120,42,14599,118.012809096513,14599,118.570381532982
120,43,8134,117.172117039587,8134,118.026924022621
120,44,9134,125.716991460477,9134,177.023647908912
120,45,7681,117.331467256868,7681,118.078765785705
120,46,11306,117.474438351318,11306,117.642932955953
120,47,10648,131.657494365139,10648,152.195905334335
120,48,10027,117.368405305675,10027,117.913533459659
120,122,10043,121.216469182515,10043,119.141491586179
120,123,10145,129.46249383933,10145,147.522424839823
120,124,8499,117.167666784328,8499,119.538063301565
120,125,7829,118.878528547707,7829,159.759867160557
120,126,10844,117.994743637034,10844,122.18443378827
120,127,8584,135.235321528425,8584,161.359739049394
120,128,9552,119.667504187605,9552,119.28622278057
120,129,6457,121.89190026328,6457,140.234783955397
120,130,7682,118.617547513668,7682,122.441942202551
120,131,11105,119.342728500675,11105,118.180279153534
120,132,8822,117.157220584901,8822,117.570052142371
120,135,7164,117.657872696817,7164,119.523310999442
120,199,7879,125.999365401701,7879,123.37682447011
121,1,10813,126.262091926385,10813,124.860723203551
121,2,12686,132.311209207,12686,127.817357717169
121,3,11535,124.085999133073,11535,125.510533159948
121,4,12782,129.21178219371,12782,126.091456736035
121,5,12287,117.652478229023,12287,118.371530886303
121,6,13013,121.970567893645,13013,125.290555598248
121,7,13304,125.200691521347,13304,122.073511725797
121,8,2587,163.744491689215,2587,149.45574023966
121,9,9619,120.334442249714,9619,140.70339952178
121,10,12733,128.664022618393,12733,126.71444278646
121,11,10515,120.031859248692,10515,123.656205420827
121,12,10431,118.606461508964,10431,119.871440897325
121,13,9448,131.346528365792,9448,167.705016934801
121,14,10002,127.084783043391,10002,121.622775444911
121,15,10234,117.00341997264,10234,118.019542700801
121,16,12594,121.575750357313,12594,127.657694140067
121,17,11293,118.166386256973,11293,120.491543433986
121,18,12529,130.099289648017,12529,121.823369782106
121,19,9315,143.763177670424,9315,163.353408480945
121,20,8884,142.883385862224,8884,205.651283205763
121,21,11675,125.364796573876,11675,123.781755888651
121,22,8201,136.336300451165,8201,181.959639068406
121,23,18014,120.440102142778,18014,119.788886421672
121,24,8729,117.992897239088,8729,118.214457555276
121,25,9056,124.477142226148,9056,126.150176678445
121,26,15045,118.228248587571,15045,118.851046859422
121,27,8758,117.094313770267,8758,118.093057775748
121,28,12054,122.771611083458,12054,123.974282395885
121,29,11399,123.624528467409,11399,124.965786472498
121,30,15331,129.558867653773,15331,145.782988715674
121,31,9839,117.575363349934,9839,118.762780770403
121,32,9859,120.95719647023,9859,119.740034486256
121,33,10666,122.40230639415,10666,119.475998499906
121,34,10365,117.022383019778,10365,117.996237337192
121,35,9507,119.088145576943,9507,118.31513621542
121,36,10321,118.047863579111,10321,119.953880437942
121,37,10447,116.655786350148,10447,117.631185986408
121,38,10542,120.295864162398,10542,119.703282109657
121,39,8983,126.338417009908,8983,122.363909607036
121,40,7791,118.253625978693,7791,142.346553715826
121,41,14388,118.206422018349,14388,119.432999721991
121,42,8057,117.526250465434,8057,118.410326424227
121,43,6259,123.175267614635,6259,179.344783511743
121,44,8936,118.730640107431,8936,153.856423455685
121,45,10611,117.56856092734,10611,117.754782772594
121,46,12457,117.47210403789,12457,117.460624548447
121,47,10074,119.959698233075,10074,119.401032360532
121,48,9687,117.292866728605,9687,118.720450087746
121,136,6977,122.931059194496,6977,180.523004156514
121,137,10235,120.590034196385,10235,119.095456765999
121,138,9203,120.666304465935,9203,173.537759426274
121,139,11590,117.995513373598,11590,121.959879206212
121,140,8739,126.828241217531,8739,141.904222451081
121,141,8770,132.538882554162,8770,161.215735461802
121,142,9694,119.456880544667,9694,119.363317515989
121,143,5893,122.165620227388,5893,142.506702867809
121,144,12332,119.406584495621,12332,118.350470321116
121,145,9564,116.981283981598,9564,117.72469677959
121,146,7169,117.703305900405,7169,119.875296415121
121,147,6751,118.957784031995,6751,121.362909198637
121,150,9189,120.192295135488,9189,122.819458047666
122,1,12528,131.851931673052,12528,127.202187100894
122,2,13612,120.816191595651,13612,122.792315603879
122,3,11819,124.786107115661,11819,124.444961502665
122,4,15768,124.926750380518,15768,123.879375951294
122,5,13217,124.592116213967,13217,124.825527729439
122,6,12033,125.517659768969,12033,125.460400565113
122,7,3153,148.744687599112,3153,158.542657786235
122,8,12785,121.346656237779,12785,124.026046147829
122,9,11480,119.602351916376,11480,119.10243902439
122,10,10412,119.576258163657,10412,138.813868613139
122,11,17750,127.040676056338,17750,122.699042253521
122,12,11844,119.560283687943,11844,124.03073286052
122,13,12691,121.679142699551,12691,122.529509100938
122,14,15518,118.485049619796,15518,118.777484211883
122,15,10986,123.538048425269,10986,125.062352084471
122,16,8117,126.800418873968,8117,123.725267956141
122,17,11021,125.704473278287,11021,122.823518736957
122,18,12239,118.882343328703,12239,120.607320859547
122,19,12667,117.91789689745,12667,118.228546617194
122,20,9063,117.2904115635,9063,118.328919783736
122,21,8486,126.419868017912,8486,169.789300023568
122,22,11115,122.54269005848,11115,124.320467836257
122,23,11593,128.640386440093,11593,123.0679720521
122,24,8611,140.519451863895,8611,206.03240041807
122,25,9534,119.42710299979,9534,119.352527795259
122,26,8771,117.691597309315,8771,120.277163379318
122,27,13742,120.650996943676,13742,125.878984136225
122,28,13061,117.965086899931,13061,118.57468800245
122,29,11426,132.837388412393,11426,152.346052861894
122,30,10385,118.254790563312,10385,120.426961964372
122,31,8349,132.462450592885,8349,178.119415498862
122,32,11383,116.925590793288,11383,117.771940613195
122,33,10123,120.455003457473,10123,119.686851723797
122,34,10543,119.35758323058,10543,123.781181826805
122,35,8868,117.874605322508,8868,118.02751465945
122,36,11926,117.008385041087,11926,117.772346134496
122,37,8534,128.663580970237,8534,164.286266697914
122,38,16799,120.818262991845,16799,118.941008393357
122,39,10509,123.169949567038,10509,125.973451327434
122,40,10343,119.961423184763,10343,120.592961423185
122,41,11247,117.749088645861,11247,118.759135769539
122,42,6875,118.202763636364,6875,142.062690909091
122,43,10147,117.139745737656,10147,117.870602148418
122,44,8365,130.206335923491,8365,158.504722056186
122,45,11550,126.367792207792,11550,178.400432900433
122,46,10104,122.760787806809,10104,139.113618368963
122,47,8726,116.689548475819,8726,117.674306669723
122,48,9810,118.439857288481,9810,120.688583078491
122,49,11654,121.173159430239,11654,119.059807791316
122,50,8746,120.073976675051,8746,121.886805396753
122,51,9153,118.041953457883,9153,123.505517316727
122,150,9387,119.171513795675,9387,137.756791307127
122,151,8215,117.204625684723,8215,119.216920267803
122,152,8738,118.463950560769,8738,118.262645914397
122,153,14966,119.175731658426,14966,118.657824401978
122,154,13067,120.243743782046,13067,118.423739190327
122,155,9038,117.12535959283,9038,117.846204912591
122,156,11089,117.328613941744,11089,118.122012805483
122,157,8692,120.087781868385,8692,118.841693511275
122,158,4874,119.857201477226,4874,139.563807960607
122,159,8930,117.38241881299,8930,118.167077267637
123,1,10444,118.826311757947,10444,120.608962083493
123,2,14055,119.979793667734,14055,124.166417644966
123,3,13100,121.051450381679,13100,119.493816793893
123,4,13496,121.96169235329,13496,124.119294605809
123,5,14520,119.592217630854,14520,123.466666666667
123,6,18125,120.543062068966,18125,119.340248275862
123,7,14614,123.325372930067,14614,125.980429724921
123,8,14146,121.664145341439,14146,124.496394740563
123,9,13212,118.895398122919,13212,122.599757795943
123,10,10760,118.37750929368,10760,119.56626394052
123,11,13773,121.408915995063,13773,124.221012125172
123,12,9946,127.167504524432,9946,121.722803136939
123,13,13229,124.505555975508,13229,126.459974298889
123,14,12389,121.781257567197,12389,126.289531035596
123,15,10374,118.088201272412,10374,119.762675920571
123,16,12266,127.865726398174,12266,145.356840045655
123,17,11265,120.93741677763,11265,118.879272081669
123,18,8786,122.959480992488,8786,169.102663328022
123,19,10172,120.808985450256,10172,135.039913488006
123,20,10819,116.97800166374,10819,117.794158424993
123,21,11338,119.582642441348,11338,122.045598871053
123,22,12684,118.971775465153,12684,123.021050141911
123,23,9976,123.390236567763,9976,124.433440256616
123,24,14128,128.177236693092,14128,144.946347678369
123,25,12439,118.760430902806,12439,119.666934641048
123,26,13466,121.790063864548,13466,121.04195752265
123,27,11004,139.053707742639,11004,174.512813522356
123,28,8606,117.306762723681,8606,117.966534975598
123,29,9420,118.424840764331,9420,118.023142250531
123,30,10962,118.890530925014,10962,119.250866630177
123,31,9819,117.019859456156,9819,119.201344332417
123,32,8705,125.186904078116,8705,208.102584721424
123,33,12441,126.626316212523,12441,122.217828148863
123,34,8846,126.957494912955,8846,173.224282161429
123,35,8835,129.62999434069,8835,155.024335031126
123,36,13350,125.877528089888,13350,122.454606741573
123,37,9229,117.133600606783,9229,120.129158088634
123,38,5467,155.328150722517,5467,163.687214194256
123,39,10605,118.78510136728,10605,118.001603017445
123,40,9758,116.667657306825,9758,117.797397007584
123,41,9596,127.643497290538,9596,122.677469779075
123,42,8533,117.732450486347,8533,120.814484940818
123,43,9486,118.208306978705,9486,119.386780518659
123,44,5935,120.64700926706,5935,185.333614153328
123,45,9530,118.071878279119,9530,121.734837355719
123,46,10733,119.004938041554,10733,118.461008105842
123,47,10706,117.907715299832,10706,118.664580609004
123,48,8110,117.089642416769,8110,117.765104808878
123,49,11917,120.159352185953,11917,119.730972560208
123,161,6961,118.933342910501,6961,130.371498347939
123,162,14531,120.625834422958,14531,125.617232124424
123,163,9509,118.648753812178,9509,118.664423178042
123,164,10849,117.894829016499,10849,120.440593603097
123,165,14228,118.052010120888,14228,118.380095586168
123,166,13596,119.651956457782,13596,118.885333921742
123,167,12184,120.051296782666,12184,118.604399212081
123,168,8716,119.450321248279,8716,118.309775126205
123,169,10488,116.785945842868,10488,117.848684210526
123,170,11602,123.270298224444,11602,120.766074814687
123,171,8565,118.338587273789,8565,134.372679509632
123,200,8869,123.16247604014,8869,126.069568158755
124,1,12138,122.251936068545,12138,122.327401548855
124,2,10979,117.626833044904,10979,119.793514892067
124,3,11886,127.630153121319,11886,126.324751808851
124,4,14248,127.750772038181,14248,123.633492419989
124,5,11307,123.922348987353,11307,125.020429822234
124,6,11917,125.297390282789,11917,121.884954267014
124,7,9442,123.022770599449,9442,121.251641601356
124,8,11933,127.04407944356,11933,124.711472387497
124,9,11102,117.743199423527,11102,119.108629075842
124,10,9652,126.953481143804,9652,123.271653543307
124,11,10581,123.82166146867,10581,125.352896701635
124,12,11835,122.761047739755,11835,122.989015631601
124,13,8325,125.352792792793,8325,167.50990990991
124,14,9836,125.387657584384,9836,122.795546970313
124,15,12401,118.097330860414,12401,120.538021127328
124,16,12793,118.839521613382,12793,118.970530759009
124,17,8144,139.666257367387,8144,202.150171905697
124,18,8818,120.188478112951,8818,137.841800861873
124,19,9954,119.050130600764,9954,121.486337150894
124,20,9223,123.239726770031,9223,120.392388593733
124,21,12026,124.228338599701,12026,121.61549975054
124,22,4867,136.528867885761,4867,164.387507704952
124,23,10062,117.796660703637,10062,117.910753329358
124,24,9925,126.420856423174,9925,141.040302267003
124,25,9247,129.274467394831,9247,123.220936519952
124,26,7444,118.258194519076,7444,121.114454594304
124,27,9989,117.796676343978,9989,118.965261787967
124,28,13767,117.06748020629,13767,118.087963971817
124,29,9879,121.800182204677,9879,120.268853122786
124,30,11033,144.69165231578,11033,173.110214810115
124,31,8078,118.002723446398,8078,118.330279772221
124,32,7634,117.82984018863,7634,138.251375425727
124,33,8322,122.614635904831,8322,138.181086277337
124,34,11591,118.718833577776,11591,118.87058925028
124,35,9099,118.710737443675,9099,120.199472469502
124,36,8828,117.472020842773,8828,117.745015858632
124,37,12177,122.512852098218,12177,119.114395992445
124,38,9058,118.257120777214,9058,118.496798410245
124,39,10886,119.324637148631,10886,119.984016167555
124,40,11939,118.463522908116,11939,118.728034173716
124,41,8933,123.642113511698,8933,118.776782715773
124,42,9682,117.809646767197,9682,119.215348068581
124,43,7717,118.594790721783,7717,119.854865880524
124,44,9440,123.318326271186,9440,158.53156779661
124,45,6410,117.37503900156,6410,144.732293291732
124,46,9232,119.335680242634,9232,118.386048526863
124,47,6765,120.681005173688,6765,121.013155949741
124,48,9680,127.001549586777,9680,123.702582644628
124,172,15411,118.84167153332,15411,118.537992343132
124,173,11587,117.852679727281,11587,119.697937343575
124,174,11139,120.412604363049,11139,118.839213573929
124,175,10091,118.534436626697,10091,119.345852740065
124,176,9667,116.839040033102,9667,118.101168925209
124,177,8512,119.075892857143,8512,118.835643796992
124,178,11531,116.714421992889,11531,117.453473246032
124,179,9271,120.298673282278,9271,118.872937115737
124,180,11094,118.312691544979,11094,120.6557598702
124,181,9111,136.630227197893,9111,191.190099879267
124,182,9940,119.522635814889,9940,118.951106639839
124,201,11494,125.29424047329,11494,120.426483382634
124,202,8072,125.086967294351,8072,120.405723488603
125,1,11684,118.556401917152,11684,119.479887024991
125,2,12239,117.015279026064,12239,118.085873028842
125,3,11541,118.625075816654,11541,119.678364093233
125,4,16440,122.040267639903,16440,124.392883211679
125,5,12888,119.660459342024,12888,118.902932960894
125,6,11555,119.451579402856,11555,122.055819991346
125,7,11830,119.010228233305,11830,122.395773457312
125,8,15155,121.403893104586,15155,124.83761134939
125,9,13813,119.839281835952,13813,123.2710490118
125,10,14168,120.212238848108,14168,123.760234330887
125,11,11537,123.737193377828,11537,123.68241310566
125,12,16073,118.009207988552,16073,118.208050768369
125,13,11953,122.366518865557,11953,123.356730527901
125,14,12918,121.055349125252,12918,125.185245394024
125,15,16666,124.688587543502,16666,126.700888035521
125,16,14818,120.966729653125,14818,120.028141449588
125,17,11074,123.65820841611,11074,124.808741195593
125,18,14287,118.71484566389,14287,123.186253237209
125,19,7889,126.311699835214,7889,204.162631512232
125,20,8296,123.125723240116,8296,160.640790742527
125,21,14052,122.703316253914,14052,123.172644463422
125,22,9874,121.945513469718,9874,124.064917966376
125,23,12468,124.308790503689,12468,122.737247353224
125,24,11528,124.039989590562,11528,121.668719639139
125,25,7554,117.93473656341,7554,119.927455652634
125,26,15845,120.648785105712,15845,119.831997475544
125,27,13146,123.701277955272,13146,124.323216187433
125,28,11605,118.013356311935,11605,119.459284791038
125,29,11994,117.233700183425,11994,118.702184425546
125,30,10005,131.259870064968,10005,165.47956021989
125,31,6362,146.602483495756,6362,154.042911034266
125,32,11129,124.743732590529,11129,151.541108814808
125,33,16489,118.200679240706,16489,117.595063375584
125,34,9424,116.76814516129,9424,117.804011035654
125,35,11692,119.267704413274,11692,120.426530961341
125,36,9803,119.807507905743,9803,136.064572069775
125,37,7790,121.123363286264,7790,117.91270860077
125,38,12074,117.828060294848,12074,118.7734802054
125,39,10976,117.981322886297,10976,120.124180029155
125,40,9807,120.114510043846,9807,118.833282349342
125,41,9191,119.079860733326,9191,122.279838972908
125,42,12374,120.809519961209,12374,118.863504121545
125,43,7239,118.958834093107,7239,124.581848321591
125,44,7496,118.02734791889,7496,119.80749733191
125,183,10352,117.879250386399,10352,119.168566460587
125,184,9796,119.471416904859,9796,149.930685994283
125,185,10909,119.134292785773,10909,118.664130534421
125,186,12357,130.08481022902,12357,145.469369588088
125,187,9670,121.189141675284,9670,120.34436401241
125,188,5803,118.401344132345,5803,137.248492159228
125,189,8141,117.157597346763,8141,117.857757032306
125,190,8933,116.737490204858,8933,117.522556811821
125,191,10277,118.496642989199,10277,118.773961272745
125,192,12791,117.378938316003,12791,117.713626768822
125,193,12158,117.964961342326,12158,118.084059878269
125,194,8919,124.732481219868,8919,157.794932167283
125,195,11519,119.507856584773,11519,119.154527302717
125,196,8609,118.172377744221,8609,120.679056801022
125,197,13759,120.320590159169,13759,119.445308525329
125,198,8577,117.996968637053,8577,118.506470793984
125,199,6577,128.852820434849,6577,121.410977649384
126,1,15581,117.832745009948,15581,121.32918297927
126,2,11627,124.744560075686,11627,124.95166422981
126,3,7939,123.418818490994,7939,122.390729310996
126,4,16145,124.254196345618,16145,121.441808609477
126,5,10038,129.901275154413,10038,127.074317593146
126,6,13512,123.919997039668,13512,122.133806986382
126,7,11904,128.176831317204,11904,122.603578629032
126,8,10998,117.192489543553,10998,117.878614293508
126,9,12114,122.609955423477,12114,121.941967970943
126,11,9870,118.084093211753,9870,118.584802431611
126,12,14972,127.458990114881,14972,123.178533262089
126,13,11477,122.543434695478,11477,122.539600941012
126,14,10545,122.584637268848,10545,120.79298245614
126,15,10648,117.590627347859,10648,119.102836213373
126,16,11281,123.785657299885,11281,125.818189876784
126,17,13802,122.71359223301,13802,121.365816548326
126,18,10115,116.754621848739,10115,117.259317844785
126,19,9141,128.081610327098,9141,143.071217591073
126,20,10074,118.917609688307,10074,121.455628350208
126,21,11072,118.724078757225,11072,119.542178468208
126,22,9172,126.597797645007,9172,151.045682511993
126,23,9442,117.919614488456,9442,119.60177928405
126,24,8714,138.623823731926,8714,186.736860224925
126,25,12472,122.588919178961,12472,119.942671584349
126,26,12155,122.761661867544,12155,123.641958041958
126,27,8292,124.64315002412,8292,121.693560057887
126,28,11958,117.851312928583,11958,119.060628867704
126,29,12937,119.365772590245,12937,118.721651078303
126,30,8174,122.199657450453,8174,119.224736970883
126,31,12586,118.326871126649,12586,118.169871285555
126,32,7506,121.627231548095,7506,142.003863575806
126,33,9310,120.638023630505,9310,121.386251342642
126,34,11142,119.553311793215,11142,119.547657512116
126,35,16967,117.327282371663,16967,117.460305298521
126,36,12023,133.501372369625,12023,164.505198369791
126,37,9849,118.340846786476,9849,118.281652959691
126,38,8379,118.047499701635,8379,118.860007160759
126,39,14862,120.821020051137,14862,119.683017090567
126,40,10335,117.32839864538,10335,117.960038703435
126,41,8011,118.671826238921,8011,118.933965797029
126,42,6880,119.19011627907,6880,138.397819767442
126,43,10381,118.529428764088,10381,118.193622965032
126,44,12120,121.010478547855,12120,118.283663366337
126,45,9354,117.842847979474,9354,117.938101347017
126,100,8574,136.073128061582,8574,120.213669232564
126,101,10172,120.479453401494,10172,120.390876917027
126,102,11267,118.623679772788,11267,121.870861808822
126,103,7142,120.318818258191,7142,118.688042565108
126,104,15990,117.645653533458,15990,120.939587242026
126,105,9523,118.495642129581,9523,128.985928803948
126,106,10790,116.71936978684,10790,118.409545875811
126,107,8311,119.337985801949,8311,118.785465046324
126,108,12713,118.422795563596,12713,121.381499252733
126,109,10409,117.710923239504,10409,119.499087328274
126,110,7859,132.524748695763,7859,154.149637358443
126,111,11551,121.474331226734,11551,120.833607479872
126,112,7774,125.284795472086,7774,137.522768201698
126,114,8054,125.644524459896,8054,121.531412962503
126,115,8784,125.740095628415,8784,123.116575591985
126,117,7044,119.423622941511,7044,119.086882453152
126,118,6055,137.562345169282,6055,157.022791081751
127,1,13403,119.807058121316,13403,118.887189435201
127,2,15354,120.971864009379,15354,122.062198775563
127,3,13327,128.085840774368,13327,126.12868612591
127,4,13886,123.119904940228,13886,122.753564741466
127,5,11360,120.811355633803,11360,122.085299295775
127,6,11676,122.984498115793,11676,120.01618705036
127,7,9400,125.170106382979,9400,124.359574468085
127,8,13198,120.704273374754,13198,121.701545688741
127,9,13215,122.416572077185,13215,123.483995459705
127,10,13613,121.285168588849,13613,120.417688973775
127,11,17177,120.050998428131,17177,118.708913081446
127,12,13823,123.563481154597,13823,124.217608333936
127,13,11267,118.000798792935,11267,121.668944705778
127,14,10156,120.767821977156,10156,119.017723513194
127,15,8476,126.897711184521,8476,216.123879188296
127,16,10183,117.758126288913,10183,118.980752234116
127,17,9819,126.278541603015,9819,123.515429269783
127,18,10392,125.104503464203,10392,121.863933795227
127,19,10340,123.32166344294,10340,137.609767891683
127,20,4752,129.049873737374,4752,156.140782828283
127,21,8516,122.043447627994,8516,155.00587130108
127,22,8584,126.239165890028,8584,120.466449207829
127,23,13329,121.173306324555,13329,122.01643033986
127,24,8638,123.882611715675,8638,118.358879370225
127,25,12274,120.063874857422,12274,118.987208733909
127,26,10283,121.370125449771,10283,120.933871438296
127,27,9700,118.840515463918,9700,118.912474226804
127,28,11334,117.823539791777,11334,118.689077113111
127,29,10466,121.321517294095,10466,118.893942289318
127,30,13390,117.901568334578,13390,119.23360716953
127,31,8068,121.837630143778,8068,166.94831432821
127,32,11717,124.130067423402,11717,123.115814628318
127,33,11240,125.110142348754,11240,133.357651245552
127,34,15357,120.41101777691,15357,119.114670834147
127,35,8885,118.401800787845,8885,118.276646032639
127,36,10650,116.766478873239,10650,117.326854460094
127,37,9186,118.43217940344,9186,120.140866536033
127,38,6957,117.594796607733,6957,119.326433807676
127,39,10987,117.716756166378,10987,118.785382725039
127,40,9541,125.867414317158,9541,122.973692485064
127,41,11570,117.528954191876,11570,118.482281763181
127,42,10346,117.646433404214,10346,119.065822540112
127,43,10712,117.868091859597,10712,119.383308439134
127,44,13414,119.096988221261,13414,118.135604592217
127,45,11869,118.675035807566,11869,119.151318560957
127,46,10199,118.025296597706,10199,117.302382586528
127,47,10126,120.055895714004,10126,117.939857791823
127,48,7117,128.154700014051,7117,121.505971617254
127,49,10093,122.001288021401,10093,119.158822946597
127,50,13912,119.430491661875,13912,117.990439907993
127,119,10488,119.494946605645,10488,120.580091533181
127,120,12007,117.050553843591,12007,117.607145831598
127,121,6938,116.840732199481,6938,117.780051888152
127,122,7027,123.815853137897,7027,133.968122954319
127,123,7523,116.751960653994,7523,117.655190748372
127,124,8078,117.751052240654,8078,133.460014855162
127,125,6912,118.408854166667,6912,194.506510416667
127,126,8871,119.407507609063,8871,121.09863600496
127,127,7189,118.754346918904,7189,135.0452079566
127,128,8729,118.840646122122,8729,118.273685416428
127,130,7309,121.588999863182,7309,121.09727732932
128,1,14177,124.22247301968,14177,123.05861606828
128,2,11243,120.205728008539,11243,121.861691719292
128,3,10219,123.402876993835,10219,124.610725119875
128,4,16315,120.565798345081,16315,122.051486362243
128,5,13491,121.137128456008,13491,121.964124230969
128,6,14491,121.511696915327,14491,120.192050238079
128,7,12390,123.237449556094,12390,120.436400322841
128,8,11266,117.766909284573,11266,120.104651162791
128,9,12773,124.934392859939,12773,124.35183590386
128,10,12172,126.008544199803,12172,123.815806769635
128,11,12467,122.645303601508,12467,123.631507178952
128,12,8478,123.607218683652,8478,120.477353149328
128,13,11740,119.138245315162,11740,120.505110732538
128,14,12231,120.966642138828,12231,119.70852751206
128,15,6127,129.500897666068,6127,154.568467439204
128,16,9844,126.113876472978,9844,123.625558715969
128,17,12525,118.779720558882,12525,121.247025948104
128,18,10932,117.685327478961,10932,118.780826930113
128,19,8791,127.806165396428,8791,220.478785121147
128,20,10378,124.370302563114,10378,122.133455386394
128,21,9038,117.875968134543,9038,118.465479088294
128,22,10358,117.792624058699,10358,119.33452403939
128,23,8368,124.27354206501,8368,121.119861376673
128,24,14749,120.221167536782,14749,118.387890704455
128,25,10721,117.823337375245,10721,118.787519820912
128,26,8899,121.666479379706,8899,153.517361501292
128,27,10795,116.758499305234,10795,117.336544696619
128,28,10020,121.232634730539,10020,119.02255489022
128,29,14417,118.970590275369,14417,118.962891031421
128,30,10291,124.803906325916,10291,134.172772325333
128,31,14683,119.719948239461,14683,118.987604712933
128,32,10413,118.619898204168,10413,121.395947373475
128,33,8304,117.419315992293,8304,119.546122350674
128,34,9229,126.281503954925,9229,165.62975403619
128,35,16840,119.724524940618,16840,118.17309976247
128,36,10077,123.034335615759,10077,118.887268036122
128,37,12128,118.049389841689,12128,119.239363456464
128,38,11386,117.586948884595,11386,118.213244335148
128,39,9897,122.240173790037,9897,130.109022936243
128,40,10831,124.301080232665,10831,122.966485089096
128,41,13006,117.690066123328,13006,118.137628786714
128,42,8122,126.447796109333,8122,122.43252893376
128,43,18327,117.923882795875,18327,118.00703879522
128,44,9238,116.798332972505,9238,117.601104135094
128,45,11724,117.870266120778,11724,118.966137836916
128,46,9496,118.435025273799,9496,118.502422072452
128,47,9648,119.8407960199,9648,120.43521973466
128,48,11198,119.623414895517,11198,119.120914449009
128,49,9413,121.509933071284,9413,177.249654732816
128,131,11797,118.577604475714,11797,120.990336526235
128,132,7366,116.764186804236,7366,117.756855824056
128,133,8571,119.844475557111,8571,117.799906662
128,134,7899,119.008988479554,7899,118.485377895936
128,135,6426,119.113756613757,6426,130.876439464675
128,136,6106,117.58761873567,6106,131.174418604651
128,137,8282,121.525718425501,8282,118.370562666023
128,138,8324,119.825084094185,8324,118.114488226814
128,139,11004,119.125590694293,11004,120.441294074882
128,140,10490,119.329456625357,10490,118.645853193518
128,141,6944,117.233870967742,6944,117.308899769585
128,142,8386,123.322919150966,8386,121.500357739089
129,1,11819,117.788560791945,11819,119.146628310348
129,2,12179,121.313818868544,12179,123.495032432876
129,3,11601,117.475648650978,11601,118.752693733299
129,4,13056,126.321920955882,13056,122.764935661765
129,5,9815,123.8109016811,9815,121.752419765665
129,6,14615,125.222784810127,14615,124.587547040712
129,7,10200,122.410098039216,10200,135.323235294118
129,8,10240,124.9404296875,10240,123.459765625
129,9,10977,127.904345449576,10977,124.345631775531
129,10,15014,120.484680964433,15014,122.996270147862
129,11,10312,122.982544608223,10312,124.103956555469
129,12,11682,120.94701249786,11682,121.96028077384
129,13,13229,123.724242195177,13229,123.614936881095
129,14,14531,117.025738077214,14531,117.989333149818
129,15,9980,118.105611222445,9980,121.115831663327
129,16,10250,125.205853658537,10250,119.047219512195
129,17,10714,121.421037894344,10714,121.722419264514
129,18,11997,122.236975910644,11997,120.025256314079
129,19,12018,124.394824430022,12018,120.157014478283
129,20,8518,121.964897863348,8518,158.084057290444
129,21,10809,117.362938292164,10809,118.389305208622
129,22,9957,123.748418198252,9957,121.960731143919
129,23,8376,135.432425978988,8376,247.82258834766
129,24,11002,117.73141247046,11002,118.890110888929
129,25,9171,131.606149820085,9171,164.096063678988
129,26,11817,119.802995684184,11817,119.072945756114
129,27,7917,117.415308829102,7917,119.42175066313
129,28,16567,121.597694211384,16567,119.285567694815
129,29,12230,120.911120196239,12230,118.44341782502
129,30,8928,118.128024193548,8928,119.706317204301
129,31,9411,116.69397513548,9411,117.6861119966
129,32,8020,117.418079800499,8020,119.08216957606
129,33,4500,131.406222222222,4500,156.595555555556
129,34,9617,122.174274721847,9617,119.151190599979
129,35,7996,118.337668834417,7996,118.301775887944
129,36,10157,119.580781726888,10157,119.428374520035
129,37,13185,119.675237011756,13185,118.313234736443
129,38,8252,122.475642268541,8252,118.370092098885
129,39,11180,117.996153846154,11180,117.626923076923
129,40,7985,124.241828428303,7985,122.344896681277
129,41,9408,119.156781462585,9408,129.659545068027
129,42,7932,117.415279878971,7932,118.073373676248
129,43,8993,117.551428889136,8993,119.750361392194
129,44,8552,117.850444340505,8552,117.726847521048
129,45,8669,117.508247779444,8669,119.971046256777
129,46,8237,117.674760228238,8237,132.864756586136
129,47,6793,118.230089798322,6793,118.518474900633
129,48,9954,117.748141450673,9954,118.910689170183
129,49,8695,124.010120759057,8695,121.638527889592
129,50,14444,119.451536970368,14444,118.839933536417
129,51,10821,118.610294797154,10821,118.046021624619
129,143,4675,116.629090909091,4675,117.430802139037
129,144,12829,118.250993842077,12829,123.574323797646
129,145,12615,118.759017043203,12615,121.181688466112
129,146,6589,117.296251327971,6589,134.510396114737
129,147,10180,117.749803536346,10180,120.692239685658
129,148,7572,127.904780771263,7572,193.450607501321
129,149,8209,119.445973931051,8209,118.477037397978
129,150,5852,116.728468899522,5852,116.957621326042
129,151,11528,119.494361554476,11528,118.858344899375
129,153,9077,122.87341632698,9077,121.331497190702
130,1,9415,120.661497610196,9415,134.43228890069
130,2,12471,117.614064629941,12471,118.739475583353
130,3,12033,117.689271170947,12033,119.133466301006
130,4,12983,122.75652776708,12983,124.89339906031
130,5,12372,120.697623666343,12372,122.538473973489
130,6,12949,124.963858212989,12949,123.832265039771
130,7,12457,125.202295897889,12457,123.126274383881
130,8,13928,123.769170017231,13928,124.027713957496
130,9,11491,125.42650770168,11491,124.046210077452
130,10,11249,124.563250066673,11249,124.519246155214
130,11,13497,117.31177298659,13497,118.587537971401
130,12,18495,120.515490673155,18495,119.224439037578
130,13,13595,123.541449062155,13595,120.715262964325
130,14,11764,120.473988439306,11764,122.810778646719
130,15,8163,124.365429376455,8163,121.051329168198
130,16,11761,120.491709888615,11761,122.033245472324
130,17,9142,122.657514767009,9142,122.02898709254
130,18,9604,122.379945855893,9604,119.16420241566
130,19,9882,117.782736288201,9882,120.74792552115
130,20,9459,125.039856221588,9459,121.695105190824
130,21,12862,121.986860519359,12862,119.650287669103
130,22,9077,122.616723587088,9077,120.552935992068
130,23,8624,128.511247680891,8624,231.150626159555
130,24,11564,117.892684192321,11564,119.413178830854
130,25,8820,117.288548752834,8820,119.412585034014
130,26,8512,121.766212406015,8512,160.79335056391
130,27,10206,117.990005878895,10206,121.490397805213
130,28,9056,117.321554770318,9056,117.596510600707
130,29,11172,135.312567132116,11172,159.7477622628
130,30,12236,117.859839816934,12236,117.63255966002
130,31,9616,117.617408485857,9616,117.833818635607
130,32,8977,117.10393227136,8977,117.921911551743
130,33,9792,120.468341503268,9792,118.885314542484
130,34,11854,120.04681963894,11854,118.822422810866
130,35,9458,120.530238951152,9458,118.895538168746
130,36,13591,119.840261938047,13591,118.344124788463
130,37,7648,118.146574267782,7648,118.365193514644
130,38,9447,117.814756007198,9447,120.68085106383
130,39,12640,117.611234177215,12640,120.147389240506
130,40,10916,117.881916452913,10916,118.716104800293
130,41,10777,118.583650366521,10777,118.275030156815
130,42,4814,129.979019526381,4814,153.443290402991
130,43,7612,117.619548081976,7612,118.116920651603
130,44,10791,117.371049949032,10791,117.744045964229
130,154,11093,119.688362030109,11093,120.494005228522
130,155,9937,118.187783033109,9937,122.266277548556
130,156,14099,119.717213986808,14099,118.714376906164
130,157,6027,119.327360212378,6027,117.939107350257
130,158,8233,117.284464958095,8233,119.202234908296
130,159,6806,116.577431677931,6806,117.979870702321
130,160,5364,117.670022371365,5364,119.559656972409
130,161,12343,120.175727132788,12343,122.557725026331
130,162,4874,117.471276159212,4874,131.855149774313
130,163,7070,117.18585572843,7070,133.345261669024
130,164,7387,121.803032354136,7387,117.895762826587
130,165,10056,117.764817024662,10056,119.869928400955
130,166,9397,118.945727359796,9397,118.220283069065
130,167,7453,126.048034348584,7453,189.091775124111
130,168,11399,119.225282919554,11399,118.664356522502
130,169,5405,116.896207215541,5405,116.929139685476
130,171,10396,122.100808003078,10396,122.341092727972
