Frame,ID,Volume_nowarp,MeanIntensity_nowarp,GMMIntensity_nowarp,Bimodality_nowarp,Centroid_1,Centroid_2,Centroid_3
1,1,25224,145.553560101491,0,0,780.299119885823,1080.8683396765,47.9344671741199
1,2,21660,155.220129270545,0,0,697.773130193906,1004.88587257618,40.0269621421976
1,3,15165,138.141378173426,0,0,586.11579294428,1083.37566765579,47.065347840422
1,4,13698,129.032997517886,0,0,613.626149802891,1123.55329245145,54.7567528106293
1,5,14811,135.849436229829,0,0,734.331442846533,878.467422861387,56.4880156640335
1,6,13773,132.043490887969,0,0,636.883612865752,994.60161184927,61.8894213315908
1,8,12749,129.540748293984,0,0,696.718173974429,1127.0243156326,53.7816299317594
1,9,13271,131.85057644488,0,0,742.466807324241,1017.06841986286,64.644864742672
1,10,5164,162.351665375678,0,0,551.724825716499,1008.65956622773,42.8638652207591
1,11,13592,148.674072984108,0,0,576.692539729253,1017.25183931725,31.7541200706298
1,12,11039,131.930972008334,0,0,688.237159162968,1034.28571428571,50.8315970649515
1,13,8207,139.138418423297,0,0,666.500548312416,1203.03570123066,49.3583526258072
1,15,6582,144.283804314798,0,0,668.623366757824,1107.19963536919,33.0543907626861
1,16,5669,152.755159640148,0,0,645.001587581584,900.383841947433,53.4642794143588
2,1,16608,138.023723506744,0,0,776.703094894027,1159.69954238921,53.8679552023121
2,2,26057,154.550485474153,0,0,690.929001803738,1119.62770080976,38.0107840503512
2,3,14400,147.526458333333,0,0,568.663125,1031.61590277778,49.8063888888889
2,4,13976,143.69640812822,0,0,555.877361190613,890.965011448197,43.5998139668002
2,5,13019,144.894922805131,0,0,845.438666564252,1031.98709578309,50.094861356479
2,6,13168,132.67329890644,0,0,566.07434690158,1163.55794349939,45.5164793438639
2,7,11243,140.116516943876,0,0,642.038068131282,1145.03548874855,49.0232144445433
2,8,10266,138.742450808494,0,0,579.919540229885,953.650399376583,52.8991817650497
2,9,13058,132.760453361924,0,0,587.914152243835,1104.53783121458,53.1000918976872
2,10,10133,143.60317773611,0,0,763.227375900523,980.671370768775,54.6195598539426
2,11,10283,136.695516872508,0,0,689.686181075562,1060.05163862686,48.6996985315569
2,12,11401,138.110078063328,0,0,556.353390053504,1000.83422506798,35.8101920884133
2,13,13321,135.111778395015,0,0,729.557165377975,1080.12168756099,59.2413482471286
2,14,10952,176.695945945946,0,0,682.169831994156,950.768991964938,40.6926588750913
3,1,12434,143.553643236288,0,0,556.651037477883,1120.45126266688,44.4543992279234
3,2,13684,143.783323589594,0,0,548.880590470623,909.002338497515,48.1091786027477
3,3,15343,143.334224076126,0,0,634.895457211758,892.461383041126,58.1612461708923
3,4,11722,136.329551271114,0,0,550.888756184951,1098.61380310527,52.0354035147586
3,5,13973,134.173978386889,0,0,482.581764832176,1079.82487654763,45.4105775424032
3,6,13634,147.695467214317,0,0,572.099017162975,1023.43963620361,53.864309813701
3,7,5004,184.799960031974,0,0,664.388689048761,920.807553956835,41.9176658673062
3,8,13774,133.39422099608,0,0,657.437345723828,1192.34209379991,37.1452737040802
3,9,13119,140.837182712097,0,0,777.272429301014,1117.78260538151,37.6463907310008
3,10,9981,137.080553050797,0,0,760.364893297265,1091.99128343853,48.3404468490131
3,11,7867,162.536799288166,0,0,691.73992627431,994.487987797127,49.5416295919664
3,12,14010,133.424910778016,0,0,648.978800856531,1078.78158458244,45.3698072805139
3,13,12467,137.314510307211,0,0,634.911125370979,1004.33488409401,59.3430656934307
3,14,14790,133.94246112238,0,0,682.418931710615,1172.35483434753,48.7951318458418
3,59,33347,145.350196419468,0,0,587.077968033106,1036.69130656431,35.7058206135484
4,1,9429,153.977304061937,0,0,604.731148584155,870.87177855552,46.869233216672
4,2,14747,138.935986980403,0,0,496.130399403268,1067.33172848715,50.9330711331118
4,3,14476,144.015404807958,0,0,739.416067974579,1083.69825918762,34.1093534125449
4,4,14856,131.992326332795,0,0,675.263260635434,1162.30405223479,45.5541868605277
4,5,15901,138.206402113075,0,0,548.15766304006,910.831771586693,54.342116847997
4,6,13176,134.415680024287,0,0,564.500834851245,1107.04902853673,47.2464329083182
4,7,15254,136.205847646519,0,0,645.969057296447,1064.03861282287,45.6351776583191
4,8,15898,137.273241917222,0,0,666.916781985155,898.088564599321,59.4528871556171
4,9,8737,147.582122009843,0,0,699.403571019801,1009.18461714547,50.7202701156003
4,10,15025,131.571913477537,0,0,623.400199667221,1159.39134775374,35.854775374376
4,11,12720,132.719103773585,0,0,668.244732704403,1012.68246855346,60.2822327044025
4,12,13684,141.166471791874,0,0,591.2790119848,1015.13059047062,56.0503507746273
4,13,11916,138.476166498825,0,0,752.082410204767,1084.56285666331,45.8964417589795
4,14,13089,132.44877377951,0,0,585.938268775308,1093.79616471847,54.686759874704
4,60,22267,146.406431041451,0,0,557.799254502178,997.18421879912,38.8877262316432
5,1,10460,157.201816443595,0,0,584.937284894837,870.248374760994,47.0072657743786
5,2,13507,145.861405197305,0,0,725.917672318057,1085.86051676908,33.3027319167839
5,3,14931,138.874757216529,0,0,554.274596477128,913.113455227379,55.0874690241779
5,4,10320,157.007073643411,0,0,705.974321705426,1000.64350775194,48.8482558139535
5,5,15066,145.141046063985,0,0,684.334727200319,886.791782822249,57.5255542280632
5,6,12251,140.730144478002,0,0,750.945718716839,1074.62852012081,45.0357521834952
5,7,15260,137.767103538663,0,0,694.495216251638,1000.73001310616,58.8796854521625
5,8,13424,134.344532181168,0,0,612.873286650775,1085.27398688915,55.6416865315852
5,9,11611,143.951253122039,0,0,643.920248040651,1059.62104900525,45.5129618465248
5,10,12067,141.311096378553,0,0,574.590784784951,1107.63081130356,49.345653434988
5,11,12844,133.798582995951,0,0,684.090236686391,1156.91684833385,46.381734662099
5,12,13920,135.588290229885,0,0,512.948706896552,1064.93354885057,53.9173132183908
5,13,14774,131.933193447949,0,0,619.967510491404,1164.35826451875,37.2222823879789
5,15,14292,145.417996081724,0,0,609.84214945424,1005.60964175763,55.9772600055975
5,62,11362,145.869389192044,0,0,553.366924837176,1035.53678929766,40.2416828023235
5,63,10517,145.362746030237,0,0,538.917752210706,972.692973281354,41.608823809071
6,1,16015,135.564158601311,0,0,612.612862940993,928.390696222292,60.8118014361536
6,2,9372,157.53574477166,0,0,556.34443021767,900.783504054631,52.9806871532224
6,3,13399,138.443689827599,0,0,677.593626390029,1089.00514963803,32.043958504366
6,4,15514,132.556465128271,0,0,586.68170684543,1171.28380817326,38.7440376434188
6,5,12894,130.957266945866,0,0,644.437257639212,1059.98844423763,44.8857608189856
6,6,14553,133.995464852608,0,0,652.070157355872,1098.89170617742,55.3506493506493
6,7,14241,137.100905835264,0,0,552.251597500176,1050.09507759287,56.3296116845727
6,8,12413,142.020301297027,0,0,704.268428260694,1007.03351325224,46.6087972287118
6,9,14677,145.828098385229,0,0,646.156639640254,1012.86209715882,55.7937589425632
6,10,13381,134.283536357522,0,0,585.035871758463,1111.0240639713,50.5018309543382
6,11,13873,143.070208318316,0,0,754.963237944208,924.940099473798,56.7152021913069
6,12,13358,147.286120676748,0,0,639.560562958527,864.426411139392,53.8999101661925
6,13,7206,165.015126283653,0,0,546.951845684152,1078.46058839856,41.6924784901471
6,14,13023,129.026184442909,0,0,675.336404822238,1163.63165169316,44.7104353835522
6,15,12733,132.384983900102,0,0,737.685227361973,1029.79054425509,55.3495641247153
6,16,11720,136.704778156997,0,0,735.392320819113,1080.14018771331,42.2985494880546
7,1,14842,139.918609351839,0,0,611.728473251583,1046.5987063738,31.7275299824821
7,2,12605,146.709083696946,0,0,707.149385164617,1008.34446648155,45.0585481951607
7,3,13922,133.950509984198,0,0,629.17375377101,1041.85799454101,45.3250969688263
7,4,16057,140.959955159743,0,0,720.747898112973,879.760727408607,55.6115712773245
7,5,14844,131.012193478847,0,0,645.805173807599,1111.49595796281,52.5008084074373
7,6,13884,143.933808700663,0,0,806.2229184673,1001.86668107174,54.5414866032844
7,7,14573,135.210800795993,0,0,579.153091333288,1037.46304810266,58.6321279077747
7,8,9680,154.657851239669,0,0,524.864669421488,1020.1298553719,45.8168388429752
7,9,13696,132.715537383178,0,0,616.477073598131,1148.06060163551,42.6486565420561
7,10,15627,135.023229026685,0,0,519.526972547514,1112.85825814296,39.5011198566583
7,11,13674,133.391765394179,0,0,743.72656135732,1079.95239139974,50.8434986105017
7,12,11024,141.840257619739,0,0,695.870464441219,1079.14350507983,38.9723330914369
7,13,11171,148.06937606302,0,0,638.450810133381,908.041625637812,59.1680243487602
7,14,13720,145.207725947522,0,0,674.274344023324,1026.99577259475,55.176166180758
7,15,12590,134.417791898332,0,0,571.831056393963,1087.52779984114,51.1416203335981
7,16,13806,135.375126756483,0,0,689.710343328987,968.179052585832,63.1963638997537
8,1,14915,140.783305397251,0,0,492.41770030171,1026.06268856856,46.3192088501509
8,2,13869,147.461605018386,0,0,818.73667892422,1058.86141754993,48.5780517701348
8,3,12372,137.137487875849,0,0,652.970659553831,1050.86590688652,37.8749595861623
8,4,12268,134.991767199217,0,0,726.226931855233,1094.85026084121,45.5586892729051
8,5,13850,133.984332129964,0,0,629.652418772563,1037.08938628159,60.7962454873646
8,6,11454,147.869565217391,0,0,558.19800942902,969.139951108783,52.784529422036
8,7,13171,130.636018525549,0,0,644.278718396477,1112.67663806848,50.2518411661985
8,8,13611,136.004334729263,0,0,568.513922562633,972.989787671736,36.4910733965175
8,9,11899,135.000252122027,0,0,578.401042104379,1105.53870073115,44.089419278931
8,10,13798,132.327076387882,0,0,633.884983330918,1011.04478909987,47.1369038991158
8,11,12538,138.30778433562,0,0,702.279231137342,1040.76072738874,53.3143244536609
8,12,13009,137.966561611192,0,0,731.899223614421,961.002075486202,59.5732185410101
8,13,14170,139.659915314044,0,0,587.576570218772,1062.77833450953,53.2730416372618
8,14,13948,132.830154860912,0,0,757.333237740178,1039.44737596788,61.4478061370806
8,15,11403,148.68560905025,0,0,714.381741646935,988.879417697097,43.5359116022099
8,16,6454,168.343043074063,0,0,805.632785869228,932.574062596839,54.7646420824295
9,1,15344,133.399960896767,0,0,682.114637643379,1188.84612877998,44.0437304483837
9,2,13979,138.99849774662,0,0,605.705701409257,1059.84991773374,36.8009156592031
9,3,15429,135.670555447534,0,0,632.621686434636,1009.85423553049,48.401775876596
9,4,14562,135.228952067024,0,0,628.013734377146,881.405095453921,49.5675044636726
9,5,11251,146.560127988623,0,0,733.720113767665,1130.48866767398,48.8530797262466
9,6,16428,136.517470172876,0,0,625.804541027514,1139.88708302897,54.4188580472364
9,7,14851,147.507777254057,0,0,648.155410410073,1099.89967005589,44.6359167732813
9,8,10842,158.284264895776,0,0,691.060782143516,1004.14803541782,41.2465412285556
9,9,13031,138.428286393984,0,0,603.004604404881,950.454454761722,40.600798096846
9,10,14722,155.851175112077,0,0,688.826518136123,1107.69807091428,32.4606711044695
9,11,12296,136.430627846454,0,0,573.998698763826,1060.24560832791,53.029440468445
9,12,16078,136.655740763777,0,0,551.529792262719,948.212402040055,57.9391715387486
9,13,12390,131.341888619855,0,0,553.638337368846,1071.24390637611,44.8272800645682
9,14,13046,134.633374214319,0,0,522.890924421279,993.22420665338,47.3316725433083
9,15,11486,146.890997736375,0,0,637.704771025596,1019.29009228626,58.5982935747867
9,16,9068,180.700705778562,0,0,800.134539038377,1114.83314953683,41.2301499779444
10,1,14410,139.740458015267,0,0,531.17307425399,965.983553088133,50.3263705759889
10,2,14522,129.913854840931,0,0,644.989877427352,1178.61341413029,43.2197355736125
10,3,12314,136.363651128797,0,0,579.589085593633,1026.73428617833,38.3551242488225
10,4,13990,133.884846318799,0,0,637.560400285918,998.866976411723,49.6240171551108
10,5,13293,137.71105092906,0,0,612.835402091326,925.439629880388,42.2825547280524
10,6,15536,134.910659114315,0,0,716.112319773429,1129.58316168898,47.0236869207003
10,7,15034,132.762737794333,0,0,657.319276307037,873.410935213516,51.136158041772
10,8,11584,150.516229281768,0,0,679.729627071823,998.549119475138,41.6559046961326
10,9,15027,146.796898915286,0,0,643.324615691755,1087.90111133293,31.9682571371531
10,10,12849,140.958051210211,0,0,671.884738111915,1027.21386878356,58.6045606661997
10,11,13014,137.922775472568,0,0,582.949669586599,1043.6917934532,54.5550945136007
10,12,13973,138.144707650469,0,0,539.368210119516,1036.97538109211,46.9085378945108
10,13,16688,136.634108341323,0,0,594.637224352828,935.412811601151,60.7829578139981
10,14,15652,131.717544083823,0,0,615.602415026834,1133.14899054434,54.4980833120368
10,15,12825,139.549083820663,0,0,626.352592592593,1084.44397660819,45.0205847953216
10,100,10403,163.189080073056,0,0,767.289243487456,1123.02845333077,37.53186580794
11,1,16576,138.059121621622,0,0,711.904078185328,1135.89074565637,46.8386221042471
11,2,16520,132.304842615012,0,0,610.021428571429,1136.91446731235,54.1934624697337
11,3,15026,139.653467323306,0,0,537.599028350858,960.534340476507,50.4555437242114
11,4,14533,135.40569737838,0,0,670.261817931604,876.149452969105,51.3022775751737
11,5,13209,139.696267696268,0,0,538.378832614127,1029.87887046711,46.9899311075782
11,6,11806,156.668558360156,0,0,685.412840928342,1003.81424699305,41.7371675419278
11,7,13447,139.444931955083,0,0,586.722391611512,1043.83632036886,54.5707592771622
11,8,13234,139.809732507178,0,0,624.583194801269,924.081607979447,42.3825751851292
11,9,14538,132.58281744394,0,0,638.184275691292,1175.59795019948,42.7855275828862
11,10,15049,153.126719383348,0,0,643.906771214034,1084.2040002658,31.7162602166257
11,11,14442,135.281747680377,0,0,643.668536213821,999.313114527074,50.0331671513641
11,12,16587,137.448061735094,0,0,607.258214264183,937.655935371074,61.0110930246579
11,13,12454,138.674401798619,0,0,583.609121567368,1022.33643809218,38.3686365826241
11,14,13945,140.936679813553,0,0,625.094729293654,1082.24675510936,45.236141986375
11,15,12559,142.250258778565,0,0,678.912731905407,1034.68070706266,58.3707301536747
11,17,7505,184.37308461026,0,0,764.368287808128,1129.45649566955,37.2983344437042
12,1,16853,144.164896457604,0,0,608.500623034475,891.501394410491,49.5013350738741
12,2,15189,148.254921324643,0,0,610.665679109882,1023.46553426822,51.5969451576799
12,3,13527,136.691949434464,0,0,797.917350484217,1074.73076070082,42.7970725216234
12,4,16365,132.622487014971,0,0,741.300519401161,1179.86122823098,48.7258172930034
12,5,12066,148.560169070114,0,0,678.224100779049,986.496602022211,44.0609149676778
12,6,13111,137.081839676607,0,0,764.694912668751,982.110289070246,48.52536038441
12,7,15206,139.563330264369,0,0,515.335328159937,995.168946468499,50.8365776667105
12,8,14270,134.941976173791,0,0,687.61184302733,1067.26250875964,47.3200420462509
12,9,15846,133.60393790231,0,0,547.328600277673,1104.94787328032,53.4151205351508
12,10,13185,141.727569207433,0,0,637.853090633295,1135.1942358741,43.2709139173303
12,11,12477,138.578985333013,0,0,548.483209104753,1034.49050252465,42.4146028692795
12,12,12110,142.732947976879,0,0,647.419818331957,1109.02279108175,53.2023947151115
12,13,14002,133.387301814027,0,0,737.184187973147,1076.91386944722,57.5155692043994
12,14,13113,135.833218943034,0,0,681.149241211012,951.531686113018,55.2058262792649
12,15,6310,188.321553090333,0,0,555.429952456418,931.837559429477,37.3773375594295
12,16,13809,135.008834817872,0,0,674.413788109204,1043.25917879644,59.1696719530741
13,1,13443,148.614892509113,0,0,672.874358402142,992.862456296957,48.2646730640482
13,2,16041,140.09226357459,0,0,516.131537934044,981.738357957733,55.6276416682252
13,3,12548,148.746254383169,0,0,571.802837105515,1026.21477526299,37.0285304430985
13,4,13993,135.625812906453,0,0,665.844279282498,1074.78167655256,56.5076824126349
13,5,14623,141.744785611708,0,0,735.561786227176,1073.43363194967,36.9028927032757
13,6,16442,138.827575720715,0,0,625.853484977497,1129.63939909987,32.4914852207761
13,7,14912,135.764619098712,0,0,640.131706008584,1053.54560085837,42.8845225321888
13,8,15234,133.234541157936,0,0,485.739464356046,1054.25856636471,46.8779703295261
13,9,14287,142.498355148037,0,0,571.57408833205,1099.8769510744,43.3928746412823
13,10,14613,130.324710873879,0,0,604.830561828509,1138.57072469719,51.0706904810785
13,11,14982,131.715992524363,0,0,649.89587505006,1165.35522627153,45.5176211453744
13,12,16218,140.92532988038,0,0,646.786965100506,968.335738068812,60.3303736588975
13,13,15008,145.41717750533,0,0,578.396388592751,1038.59788113006,50.9295042643923
13,14,12594,135.945767825949,0,0,741.590598697793,1062.66944576783,47.8949499761791
13,15,14024,145.310467769538,0,0,545.225684540787,941.045849971477,47.1372646891044
13,16,6732,181.729055258467,0,0,611.800059417707,864.775401069519,52.5742721330957
14,1,16008,141.020677161419,0,0,521.727698650675,961.128248375812,51.9564592703648
14,2,14082,130.023221133362,0,0,631.740519812527,1096.49112341997,56.8343275102968
14,3,14377,135.050010433331,0,0,754.600612088753,1103.89601446755,39.5507407665021
14,4,15060,131.055444887118,0,0,627.599003984064,1170.86679946879,44.2235059760956
14,5,14129,139.02201146578,0,0,581.045013801401,1085.43067449926,41.1892561398542
14,6,15330,132.969797782127,0,0,659.376320939335,1062.91552511416,42.9525766470972
14,7,15494,136.882793339357,0,0,650.662062733962,1123.43513618175,31.5223312249903
14,8,13956,138.510748065348,0,0,684.891802808828,1012.0783175695,49.7386070507309
14,9,12124,142.753216760145,0,0,622.94811943253,1006.1626525899,35.9114978554932
14,10,13724,132.085835033518,0,0,576.517414747887,1138.54779947537,48.6418682599825
14,11,14476,137.193768996961,0,0,496.712420558165,1023.71912130423,41.9622133185963
14,12,15236,144.645773168811,0,0,577.717051719611,1035.17347072723,48.7177736938829
14,13,14200,141.197394366197,0,0,588.843661971831,926.178098591549,44.9980281690141
14,14,16565,138.097494717778,0,0,625.132749773619,987.166616359795,60.7087232115907
14,15,12588,132.332618366698,0,0,734.976485541786,1090.53312678742,51.1592786781061
14,16,5905,175.840643522439,0,0,652.609991532599,878.806943268417,54.2580863674852
15,1,15572,138.902132031852,0,0,722.852491651682,1159.31948368867,41.8689956331878
15,2,15067,142.175814694365,0,0,684.115285060065,908.923939735847,45.5545231300192
15,3,12549,138.839668499482,0,0,592.542194597179,1042.48864451351,40.4401147501793
15,4,16280,135.896375921376,0,0,642.192997542998,1118.81185503686,32.2355651105651
15,5,15365,135.340774487472,0,0,559.423690205011,940.699316628702,40.0903351773511
15,6,15523,145.251691039103,0,0,602.715390066353,994.030277652516,47.9020163628165
15,7,12796,134.557439824945,0,0,595.178415129728,1068.88949671772,56.5285245389184
15,8,16432,140.456304771178,0,0,644.361428919182,976.653481012658,60.7638145082765
15,9,14806,132.888423612049,0,0,697.241523706605,1126.92948804539,53.206943131163
15,10,12820,152.073712948518,0,0,680.517394695788,1001.91872074883,36.4483619344774
15,11,13275,129.731374764595,0,0,574.668700564972,1134.56293785311,44.2265913370998
15,12,12670,130.774822415154,0,0,543.790292028414,1075.72975532755,47.0624309392265
15,13,15396,134.188555468953,0,0,663.405235126007,1069.42121330216,43.7635100025981
15,14,15153,142.56101102092,0,0,701.594073780769,1038.91843199366,51.0509470071933
15,15,15255,137.51720747296,0,0,596.436119305146,900.573910193379,50.6854801704359
15,16,5269,183.802619092807,0,0,745.734674511292,909.390396659708,55.973998861264
16,1,14848,140.540274784483,0,0,756.440732758621,964.601831896552,44.28515625
16,2,12434,147.473218594177,0,0,666.646694547209,996.801029435419,36.9195753578897
16,3,14361,127.652809692918,0,0,594.517791240164,1155.78079520925,39.9038367801685
16,4,14665,145.217183770883,0,0,651.849505625639,983.505216501875,50.8514831230822
16,5,15785,132.209059233449,0,0,625.826417484954,1065.4521381058,43.8129236617041
16,6,16072,134.540816326531,0,0,725.307553509209,918.886946241911,53.334681433549
16,7,14051,135.865917016582,0,0,553.287239342396,1006.31300263326,52.9611415557612
16,8,15044,133.585748471151,0,0,523.5820260569,1059.10575644775,49.2148364796597
16,9,16742,137.875701827739,0,0,632.295424680444,889.968343089237,46.9661330784852
16,10,14183,130.783543679052,0,0,628.2352111683,1059.92413452725,58.8579285059578
16,11,15144,138.599973586899,0,0,543.222332276809,1047.0190834654,34.9364764923402
16,12,13743,130.170705086226,0,0,643.230371825657,1155.57665720731,50.6692861820563
16,13,15451,138.215196427416,0,0,740.815222315708,1036.30716458482,59.1175975665005
16,14,14156,140.07028821701,0,0,587.614297824244,992.160709239898,44.6438259395309
16,15,13195,138.886851079955,0,0,699.100719969686,1082.63804471391,48.500113679424
16,16,5298,193.03416383541,0,0,828.64382785957,1036.31861079653,50.5300113250283
17,1,15991,144.509349008817,0,0,680.31430179476,990.743543243074,53.4424989056344
17,2,13658,147.922829111144,0,0,676.700761458486,963.314394494069,39.577610191829
17,3,15297,144.17277897627,0,0,776.8522586128,993.278420605347,45.04432241616
17,4,16261,133.970789004366,0,0,775.266465777013,974.455384047722,55.6657032162844
17,5,16203,137.086774054187,0,0,694.323088316978,888.715855088564,53.0533851755848
17,6,13712,140.581971995333,0,0,678.124124854142,1086.51174154026,46.9008168028005
17,7,15792,140.854229989868,0,0,746.597707700101,1103.28096504559,57.2816616008105
17,8,14544,134.747387238724,0,0,531.837733773377,1004.67711771177,52.5872524752475
17,9,13501,141.774979631138,0,0,612.409006740241,956.213095326272,48.8624546329902
17,10,15604,131.056331709818,0,0,543.929441168931,1084.12983850295,40.2292360933094
17,11,15108,129.979150119142,0,0,636.784617421234,1079.29322213397,59.0844585649987
17,12,16152,138.384286775631,0,0,541.797734026746,952.386144130758,39.1416542842992
17,13,14716,135.107366132101,0,0,586.310614297363,983.132712693667,56.9989807012775
17,14,14450,134.179100346021,0,0,614.113494809689,1031.68539792388,45.058339100346
17,15,12138,131.478991596639,0,0,603.064425770308,1137.45839512276,48.2530894710826
17,66,8546,179.036859349403,0,0,818.773812309853,1100.20816756377,46.7873859115376
18,1,17882,134.676210714685,0,0,643.93596913097,886.817693770272,54.9657756403087
18,2,14707,133.212823825389,0,0,621.130822057524,982.211191949412,48.1167471272183
18,3,17239,136.521607981901,0,0,639.263878415221,1155.22947966819,38.4649341609142
18,4,15953,132.720804864289,0,0,598.844167241271,1073.14730771642,57.8721870494578
18,5,13143,135.407136878947,0,0,564.736741991935,1118.76557863501,47.9980978467625
18,6,13788,132.68907745866,0,0,539.620249492312,1023.43450826806,40.9606179286336
18,7,16544,139.435565764023,0,0,669.994741295938,1081.8233196325,50.6688225338491
18,8,15661,133.743694527808,0,0,558.997254326033,1013.53821595045,57.060340974395
18,9,13924,143.741740879058,0,0,623.516590060328,1039.04230106291,40.9525998276357
18,10,16464,134.100826044704,0,0,551.988945578231,916.703170553936,46.191630223518
18,11,15131,138.139118366268,0,0,769.693212609874,1055.49943823938,42.0465930870399
18,12,14589,136.445404071561,0,0,656.750291315375,1005.5264240181,55.4571252313387
18,13,13796,139.371122064366,0,0,727.746158306756,959.095172513772,47.3675703102349
18,14,14740,131.268113975577,0,0,751.56723202171,1074.84993215739,57.4999321573948
18,15,16890,132.893072824156,0,0,745.52332741267,1149.82948490231,48.1292480757845
18,16,5421,193.736211031175,0,0,725.788046485888,1105.6602102933,32.8258623870135
19,1,18275,137.156224350205,0,0,628.033050615595,889.326128590971,52.7256908344733
19,2,18114,133.983272606823,0,0,633.042674174672,1078.07220934084,57.4986750579662
19,3,15252,136.029766587988,0,0,517.730264883294,941.811893522161,47.6070023603462
19,4,13339,132.980208411425,0,0,508.662118599595,1052.33353324837,43.1593822625384
19,5,13667,139.583888197849,0,0,661.928294431843,1003.25170117802,52.818687349089
19,6,16658,143.0506663465,0,0,674.982771040941,1079.99681834554,48.1236042742226
19,7,17351,136.654140971702,0,0,623.068180508328,1164.5820413809,38.3973834361132
19,8,14598,144.420948075079,0,0,592.505206192629,1052.96239210851,40.5534319769831
19,9,13935,143.60437746681,0,0,691.494725511302,950.908934337998,42.5372084678866
19,10,13403,132.557561739909,0,0,571.359024099082,1138.31575020518,49.2164440796837
19,11,15051,135.268752906784,0,0,599.711115540496,992.89442561956,47.1380639160189
19,12,16062,138.985306935624,0,0,749.234902253767,1135.27387622961,43.2571908853194
19,13,15158,133.925781765404,0,0,579.770220345692,1027.33084839689,57.8257025992875
19,14,13720,145.519752186589,0,0,734.534620991254,1044.03476676385,36.6355685131195
19,15,15515,132.573251691911,0,0,772.009861424428,1053.450918466,51.6074121817596
19,16,6490,197.471186440678,0,0,664.416178736518,1104.2469953775,29.4902927580894
20,1,18934,133.985581493609,0,0,589.320745748389,894.72916446604,47.6520545051231
20,2,15461,132.730353793416,0,0,580.634370351206,1006.57286074639,45.7636634111636
20,3,15158,131.128974798786,0,0,605.928750494788,1146.25847737168,51.2450191318116
20,4,14880,140.054569892473,0,0,755.726680107527,1113.15766129032,40.5219086021505
20,5,15068,141.157353331564,0,0,705.873174940271,1045.66551632599,32.9770374303159
20,6,14566,130.00542358918,0,0,659.28415488123,1054.37731703968,56.029932720033
20,7,14767,139.030202478499,0,0,649.037312927473,961.450396153586,37.9610618270468
20,8,14492,135.410640353298,0,0,489.099986199282,983.955975710737,46.7121170300856
20,9,14242,136.449024013481,0,0,651.690984412302,988.391939334363,50.1187333239714
20,10,15996,138.024943735934,0,0,681.278632158039,1065.83627156789,46.5198799699925
20,11,16394,132.550018299378,0,0,646.54532145907,1182.26552397218,39.7141027205075
20,12,15138,138.147905932091,0,0,585.873431100542,1082.38750165147,40.3217730215352
20,13,14020,132.320256776034,0,0,590.728459343795,1025.46626248217,57.0232524964337
20,14,13802,131.002970583973,0,0,512.981307056948,1099.0940443414,44.4523257498913
20,15,15388,133.816675331427,0,0,770.855536781908,1018.23407850273,47.1194437223811
20,16,5609,178.318060260296,0,0,642.896416473525,1131.98627206276,28.5605277233018
21,1,19244,137.209052172106,0,0,595.034971939306,880.121544377468,49.4762003741426
21,2,15420,144.914721141375,0,0,741.412905317769,1104.00369649805,39.0656939040208
21,3,17573,135.913731292323,0,0,633.567347635577,1167.79792864053,39.6429181130143
21,4,15864,133.210539586485,0,0,605.784543620777,1134.79834846193,51.8456883509834
21,5,17132,134.679663787065,0,0,579.295412094326,991.877130515993,47.4938127480738
21,6,15624,146.390296979007,0,0,684.935931899642,1034.54185867896,32.6817716333845
21,7,16592,144.289054966249,0,0,676.363548698168,1056.64115236258,46.6851494696239
21,8,14969,131.782550604583,0,0,669.308303827911,1042.74420468969,56.3890707462088
21,9,14522,141.45847679383,0,0,656.096749758986,977.156521140339,50.8788045723729
21,10,14367,133.73585299645,0,0,601.799819029721,1014.26010997425,58.4785271803438
21,11,14784,133.034293831169,0,0,489.968411796537,964.511228354978,49.7345779220779
21,12,6083,204.133651158968,0,0,611.56501726122,1111.13693901036,28.990629623541
21,13,13970,145.984180386543,0,0,638.326986399427,949.455118110236,38.9168217609162
21,14,13663,130.746761326209,0,0,505.674668813584,1081.53180121496,46.6707897240723
21,15,15680,140.266071428571,0,0,574.064923469388,1066.37034438776,41.491262755102
21,16,16122,135.919674978291,0,0,768.086031509738,1012.61127651656,46.2595831782657
22,1,15753,144.16936456548,0,0,737.241922173554,1097.88694216975,38.7374468355234
22,2,18839,132.307022665747,0,0,601.177875683423,877.447529062052,49.4146716917034
22,3,14472,129.233070757324,0,0,602.425856826976,1135.66162244334,51.5905887230514
22,4,15277,133.910519080971,0,0,491.274661255482,962.675459841592,50.7411140930811
22,5,16020,136.730836454432,0,0,765.106242197253,1010.39357053683,46.2705368289638
22,6,15819,144.145078702826,0,0,678.025602124028,1028.96472596245,32.5487704658954
22,7,14281,130.437994538198,0,0,668.793431832505,1047.83761641342,56.4663538967859
22,8,13989,130.206090499678,0,0,604.642719279434,1015.4500679105,58.8656801772822
22,9,16809,132.039681123208,0,0,624.412755071688,1163.8059372955,38.9651972157773
22,10,13329,131.441143371596,0,0,503.40970815515,1080.82016655413,46.710030759997
22,11,16684,130.431431311436,0,0,576.896187964517,989.375629345481,47.966434907696
22,12,14630,139.915857826384,0,0,636.03028024607,944.753178400547,39.0098427887902
22,13,17052,141.790874970678,0,0,672.276917663617,1051.85784658691,46.5102040816327
22,14,15721,136.639208701737,0,0,657.78576426436,975.252782901851,51.1903822912029
22,15,14664,134.274822695035,0,0,570.027755046372,1063.04889525368,41.5706492089471
22,16,4658,184.335981107772,0,0,599.34521253757,1093.76255903821,28.8499355946758
23,1,19605,136.023412394797,0,0,605.962509563887,873.221066054578,49.3019127773527
23,2,17416,133.634186954525,0,0,578.706993569132,985.853927423059,48.4905833716123
23,3,14604,135.298000547795,0,0,494.04026294166,959.399411120241,50.8031361270885
23,4,15798,142.211165970376,0,0,738.29680972275,1098.15514622104,38.8430181035574
23,5,15807,132.716011893465,0,0,672.807363826153,1046.97836401594,56.7281584108306
23,6,17256,134.752144181734,0,0,620.558298562819,1158.51500927214,39.041261010663
23,7,14128,133.189269535674,0,0,606.276826160815,1009.76153737259,58.9956823329558
23,8,16207,144.494169186154,0,0,675.431665329796,1026.29400876165,32.6120194977479
23,9,15444,135.037684537685,0,0,766.561318311318,1008.63442113442,46.4025511525512
23,10,15531,138.386324125942,0,0,570.550640654175,1056.7565514133,41.8435387289936
23,11,15350,139.795960912052,0,0,661.621237785016,974.339218241042,51.462671009772
23,12,17073,144.315878873074,0,0,674.841738417384,1051.34118198325,46.7603818895332
23,13,14272,133.391816143498,0,0,506.894969170404,1078.6394338565,46.7373878923767
23,14,15258,131.296172499672,0,0,599.548564687377,1133.54443570586,52.0683575829073
23,15,14878,143.51075413362,0,0,634.519962360532,941.439844065063,39.2544696867859
23,16,6383,198.40310198966,0,0,586.43694187686,1088.37881873727,29.0617264609118
24,1,18907,132.306553128471,0,0,609.492727561221,873.28592584757,48.5647114825197
24,2,15869,131.619698783792,0,0,578.630789589766,980.936921041023,48.6876299703825
24,3,15136,135.395282769556,0,0,494.627114164905,956.302325581395,50.5456527484144
24,4,14523,136.605522275012,0,0,633.026027680231,945.484886042829,38.558217999036
24,5,16330,130.812737293325,0,0,607.524678505818,1154.20606246173,39.6890385793019
24,6,15915,137.530317310713,0,0,674.19013509268,1030.06478165253,32.5966698083569
24,7,16621,136.333192948679,0,0,770.397689669695,1018.10655195235,45.5658504301787
24,8,15006,130.068039450886,0,0,610.499866719979,1004.53758496601,58.8830467812875
24,9,17332,138.39689591507,0,0,675.687802907916,1054.00530810062,46.6718786060466
24,10,16102,129.212582287915,0,0,678.921065706123,1043.03614457831,56.2669854676438
24,11,16439,130.195145690127,0,0,601.236875722368,1127.99324776446,53.2856621448993
24,12,16658,140.103793972866,0,0,734.437687597551,1103.55618921839,38.7186336895185
24,13,15052,134.250465054478,0,0,569.117193728408,1053.7131942599,41.909314376827
24,14,14568,134.723503569467,0,0,663.944810543657,970.058964854476,50.9538028555739
24,15,14369,132.079615839655,0,0,503.968682580555,1076.75864708748,46.7299742501218
24,16,5194,187.46014632268,0,0,583.903735078937,1081.9145167501,28.8517520215633
25,1,20006,134.503099070279,0,0,603.467709687094,873.493501949415,48.5613316005198
25,2,16450,133.471489361702,0,0,575.362917933131,980.507963525836,48.6951975683891
25,3,17688,131.383367254636,0,0,600.393204432384,1129.98258706468,53.210933966531
25,4,15599,130.836463875889,0,0,675.332970062183,1041.55240720559,56.5083659208924
25,5,15690,137.815678776291,0,0,736.70235818993,1101.11038878266,39.1498406628426
25,6,14962,136.590629594974,0,0,493.862251035958,957.80383638551,50.2962839192621
25,7,16164,140.585498638951,0,0,676.777592180153,1031.53854243999,32.6823187329869
25,8,14301,131.503391371233,0,0,606.664149360185,1007.38291028599,59.0028669323824
25,9,16719,133.947245648663,0,0,611.160954602548,1155.46988456247,39.7078772653867
25,10,16036,137.310863058119,0,0,570.077388376154,1053.16643801447,41.933961087553
25,11,14852,140.790196606518,0,0,633.839213573929,945.971518987342,38.5701589011581
25,12,17633,140.166789542335,0,0,672.549481086599,1050.79033630125,46.7726989168037
25,13,16549,132.078554595444,0,0,765.628799323222,1014.31446008822,45.9956492839447
25,14,15369,137.745656841694,0,0,660.210098249724,967.145227405817,51.0866029019455
25,15,5651,197.933993983366,0,0,582.673332153601,1091.26420102637,29.0842328791364
25,16,13612,133.142007052601,0,0,504.587863649721,1078.07221569204,46.5274757566853
26,1,17876,130.86579771761,0,0,573.480420675766,985.121503692101,48.0258447079884
26,2,17237,129.549979694842,0,0,609.150780298196,1128.47403840575,53.9720368973719
26,3,15261,129.377498198021,0,0,678.209029552454,1031.97654151104,56.5864622239696
26,4,19158,132.020670216098,0,0,594.726798204405,876.305459860111,47.9326652051362
26,5,17617,140.367713004484,0,0,744.181358914685,1102.98314128399,40.2717261735823
26,6,17921,131.275096255789,0,0,620.022543384856,1159.16455554936,40.7732827409185
26,7,16896,139.615293560606,0,0,674.707208806818,1047.0439749053,46.9675071022727
26,8,16591,134.060454463263,0,0,575.251401362184,1059.23368091134,41.8817431137364
26,9,14620,129.029411764706,0,0,604.284746922025,1003.4487004104,58.5995896032832
26,10,16111,140.492272360499,0,0,688.076159145925,1040.11352492086,33.0716280801937
26,11,15611,133.890461853821,0,0,490.449042341938,969.116840689258,49.9875088078919
26,12,14457,127.938645638791,0,0,513.475340665422,1087.72698346822,46.4852320675106
26,13,15119,135.296117468087,0,0,658.605794033997,962.795687545473,50.6883391758714
26,14,15414,137.089204619177,0,0,630.503178928247,954.269819644479,37.7718956792526
26,15,16836,136.133226419577,0,0,766.716322166785,1008.80601092896,46.4509978617249
26,16,4951,189.960210058574,0,0,603.910119167845,1101.28539688952,29.2157139971723
27,1,20498,133.704458971607,0,0,598.293004195531,874.854424821934,48.319982437311
27,2,17333,132.590722898517,0,0,569.817919575376,980.787572837939,48.3127560145387
27,3,17923,131.7161189533,0,0,602.255147017798,1152.63359928583,40.0603693578084
27,4,18203,130.36625830907,0,0,604.013129703895,1131.97330110421,53.4767895401857
27,5,16775,135.967332339791,0,0,565.218062593145,1051.26557377049,41.8373770491803
27,6,18550,139.094123989218,0,0,665.647978436658,1047.70846361186,46.453423180593
27,7,16893,138.637127804416,0,0,674.485763333925,1034.72811223584,32.623512697567
27,8,16716,135.832316343623,0,0,730.551986121082,1102.62299593204,39.1062455132807
27,9,15614,136.143268861278,0,0,491.080440630204,960.68265659024,50.8236838734469
27,10,15645,135.548993288591,0,0,659.62882710131,964.998338127197,50.5286033876638
27,11,14974,138.795378656338,0,0,620.692266595432,946.103112060906,37.8252303993589
27,12,14313,130.549430587578,0,0,608.409697477817,1008.38734018026,58.7993432543841
27,13,16040,132.190087281796,0,0,763.533167082294,1014.50268079801,45.7699501246883
27,14,15383,128.931612819346,0,0,678.755184294351,1036.57388025743,56.0918546447377
27,15,14964,130.794239508153,0,0,504.852445870088,1081.9203421545,46.7740577385726
27,16,5207,197.932974841559,0,0,585.356251200307,1093.05569425773,29.2846168619166
28,1,17675,140.689844413013,0,0,740.641867043847,1100.05833097595,39.6886562942008
28,2,20454,132.925589126821,0,0,589.404517453799,875.992862031876,48.4855773931749
28,3,15436,135.750906970718,0,0,485.299689038611,972.575796838559,50.4488209380669
28,4,17577,132.062467997952,0,0,565.851965636912,981.098196506799,47.5868464470615
28,5,15265,128.866885031117,0,0,675.645922043891,1031.81500163773,56.2826072715362
28,6,17387,129.924196238569,0,0,610.394432622074,1130.70938057169,53.6359348938862
28,7,15403,129.559241706161,0,0,601.917873141596,1007.48977471921,58.8591183535675
28,8,18269,138.049099567573,0,0,667.735946138267,1041.70753735837,46.2196069845093
28,9,17856,130.388720878136,0,0,614.562051971326,1152.23090277778,40.0993503584229
28,10,15798,134.704899354349,0,0,651.945815926067,962.65476642613,50.6163438409925
28,11,16719,138.488246904719,0,0,681.845863987081,1029.34218553741,32.7713978108739
28,12,16591,134.730878186969,0,0,570.192152371768,1055.36387197878,41.3847869326743
28,13,17747,134.313968558066,0,0,761.952273623711,1007.13884036739,46.6614639093931
28,14,16159,128.514697691689,0,0,513.267219506158,1090.74379602698,46.0025991707408
28,15,15471,136.501648245104,0,0,621.59097666602,945.009760196497,37.7145627302695
28,16,5588,178.318718682892,0,0,587.170007158196,1100.27576950608,29.4792412312097
29,1,21625,134.831306358382,0,0,603.021410404624,868.596161849711,48.0995144508671
29,2,17431,137.378406287648,0,0,565.024611324651,1046.4666972635,41.7997246285354
29,3,18492,136.60496430889,0,0,729.00146009085,1107.8722150119,39.9707441055592
29,4,20824,132.602333845563,0,0,597.389790626201,1147.78601613523,40.5795236265847
29,5,17165,134.271948732887,0,0,567.860646664725,972.192484707253,47.5860180600058
29,6,18909,130.924268866677,0,0,608.738484319636,1124.67100322598,54.1705008197155
29,7,19460,142.345220966084,0,0,664.635405960945,1040.73792394656,46.104470709147
29,8,16897,135.342960288809,0,0,491.885068355329,958.294608510386,50.9064922767355
29,9,16587,142.097365406644,0,0,677.438174473986,1035.99294628323,32.6560559474287
29,10,15735,130.974706069272,0,0,607.317000317763,998.799745789641,59.0981251986018
29,11,17726,136.895407875437,0,0,658.704332618752,958.558163150175,50.2166873519124
29,12,17089,132.646088126865,0,0,764.4055240213,1011.69132190298,46.2547837790392
29,13,15287,130.062863871263,0,0,678.695231242232,1027.01301759665,56.0634526067901
29,14,15513,141.71069425643,0,0,623.468510281699,944.352543028428,37.39038226004
29,15,13955,132.545969186671,0,0,506.761805804371,1078.80745252598,46.8295951271946
29,16,5954,195.238831037958,0,0,575.622438696675,1093.48891501512,29.7643600940544
30,1,18720,138.43936965812,0,0,741.635897435897,1118.58611111111,41.8541666666667
30,2,17080,130.723477751756,0,0,607.940807962529,1152.00737704918,39.3285714285714
30,3,19904,132.462067926045,0,0,603.49075562701,878.999698553055,48.8653034565916
30,4,18004,138.98367029549,0,0,705.518384803377,1037.64557876028,33.9703399244612
30,5,18368,129.063371080139,0,0,604.100446428571,1136.5605945122,53.7728658536585
30,6,17061,134.512689760272,0,0,489.996365980892,969.248285563566,50.1827559932009
30,7,18043,138.4045890373,0,0,669.452363797595,1051.31175525134,46.8674832344954
30,8,16764,131.572118826056,0,0,566.662550703889,982.372405153901,47.2389047959914
30,9,15958,134.133788695325,0,0,572.995801478882,1051.73605715002,40.7817395663617
30,10,16554,127.413011960855,0,0,667.194998187749,1038.44961942733,56.9942612057509
30,11,16731,133.607614607615,0,0,764.631103938796,1023.87472356703,48.8511744665591
30,12,15739,134.190291632251,0,0,653.587267297795,971.246711989326,51.063854120338
30,13,14619,129.741363978384,0,0,590.959983583008,1013.19221560982,59.0838634653533
30,14,15918,135.816371403443,0,0,638.903442643548,950.711081794195,38.0233697700716
30,15,13846,129.903004477828,0,0,511.377870865232,1090.02405026723,45.2140690452116
30,16,4913,186.140443720741,0,0,609.319560350092,1090.4697740688,28.979035212701
31,1,18216,135.732762406675,0,0,734.951361440492,1125.76301054018,41.5115832235397
31,2,20999,134.604409733797,0,0,608.107957521787,877.81789609029,48.3093480641935
31,3,18822,132.3725427691,0,0,596.395282116672,1151.31840399532,40.1728827967272
31,4,18330,130.638406983088,0,0,605.119530823786,1131.86219312602,54.3648117839607
31,5,17514,133.019698526893,0,0,564.276464542652,982.135377412356,47.5114194358799
31,6,19345,140.017885758594,0,0,666.332333936418,1052.41462910313,46.4491082967175
31,7,16901,139.104668362819,0,0,695.406425655287,1045.48056328028,33.4557718478197
31,8,17223,135.379550600941,0,0,492.016315392208,964.850374499216,50.6476223654416
31,9,17127,135.313656799206,0,0,656.390844864833,969.809423716938,50.1915688678694
31,10,16190,132.073563928351,0,0,508.605744286597,1087.20154416306,45.7872143298332
31,11,16811,135.828624115163,0,0,565.454047944798,1050.89441437154,40.9037534947356
31,12,16665,127.88298829883,0,0,675.710831083108,1032.5099309931,56.6676267626763
31,13,15606,130.708829937204,0,0,599.102204280405,1007.94655901576,59.1005382545175
31,14,15946,139.782265144864,0,0,628.331744638154,953.827605669133,37.3254107613195
31,15,16018,131.804032962917,0,0,764.000749157198,1026.02203770758,47.2713197652641
31,16,4975,200.31216080402,0,0,594.4,1094.69005025126,29.0285427135678
32,1,21376,131.107971556886,0,0,619.51286489521,889.781624251497,45.4246818862275
32,2,17592,135.608287858117,0,0,739.223169622556,1141.21685993633,44.9230900409277
32,3,18742,142.092466118877,0,0,713.965585316402,1077.39360793939,34.2963397716359
32,4,18034,131.385549517578,0,0,498.811189974493,964.676056338028,46.8054230897194
32,5,20471,128.99560353671,0,0,599.567876508231,1167.62512823018,40.4413072150848
32,6,20293,139.149115458532,0,0,669.060069974868,1063.24520770709,46.0624846006012
32,7,14527,127.914159840297,0,0,592.930818475941,1130.64734632064,54.6380532800991
32,8,15987,131.423656721086,0,0,576.189904297241,1068.51379245637,39.072871708263
32,9,16139,134.04907367247,0,0,653.024536836235,976.376355412355,49.0864365821922
32,10,15028,128.06986957679,0,0,661.316076656907,1034.49407772159,56.3836172478041
32,11,17652,133.761840018128,0,0,762.217539089055,1024.13018354861,47.9085089508271
32,12,16640,130.017848557692,0,0,570.705048076923,990.067127403846,44.9567908653846
32,13,14765,130.352116491703,0,0,509.216661022689,1093.67991872672,43.841788012191
32,14,16138,139.402218366588,0,0,651.882079563763,977.014561903582,35.5159871111662
32,15,16137,129.012517816199,0,0,582.391150771519,1004.47053355642,57.3526677821156
32,16,4190,185.669212410501,0,0,617.198329355609,1130.4830548926,29.0706443914081
33,1,21798,132.426461143224,0,0,609.589641251491,881.792549775209,46.0188090650518
33,2,17264,132.564237720111,0,0,736.470284986098,1128.60484244671,43.3493396663577
33,3,17636,137.22442730778,0,0,698.379224313903,1063.7503969154,33.2717736448174
33,4,17684,132.831429540828,0,0,560.809206061977,984.042185026012,45.4950237502827
33,5,17845,134.439394788456,0,0,492.748781171196,958.577136452788,48.5892406836649
33,6,16494,130.882320843943,0,0,755.85109736874,1008.72135321935,46.3788650418334
33,7,19637,137.078728930081,0,0,663.728013444009,1055.2876203086,45.5636298823649
33,8,22303,130.799892391158,0,0,590.462224812805,1160.8439671793,40.5721651795723
33,9,14933,130.056987879194,0,0,599.1129043059,1123.61883077747,54.7743922855421
33,10,16752,134.731017191977,0,0,562.065723495702,1061.52799665712,39.7377626552054
33,11,16812,132.202117535094,0,0,501.015405662622,1086.90988579586,45.0861884368308
33,12,15323,128.418586438687,0,0,666.74025974026,1028.7582066175,55.748091104875
33,13,15838,134.295807551459,0,0,646.740750094709,968.373658290188,49.0860588458139
33,14,15620,138.930537772087,0,0,631.714852752881,968.56914212548,35.2870678617157
33,15,16831,130.265640781891,0,0,589.373536925911,997.315429861565,57.8623373536926
33,16,4727,200.214089274381,0,0,598.436640575418,1120.87645441083,28.900994288132
34,1,19511,136.843985444108,0,0,741.083132591871,1120.50146071447,43.9017989851878
34,2,20195,131.195791037386,0,0,604.327803911859,882.920722951226,46.4059420648675
34,3,17961,132.752742052224,0,0,490.377985635544,963.488224486387,48.4724681253828
34,4,20104,128.591474333466,0,0,596.20558097891,1163.6409172304,41.7930760047752
34,5,16524,131.631868796901,0,0,562.477426773178,1065.00883563302,39.6167998063423
34,6,18369,139.859001578747,0,0,700.450596113016,1066.12063803147,33.1528118024933
34,7,17739,134.55578104741,0,0,750.386774902757,995.63250465077,45.4961384519984
34,8,17688,130.348654454998,0,0,555.219244685663,985.249943464496,45.256671189507
34,9,15645,128.357750079898,0,0,601.401789709172,1122.98625759028,54.9622882710131
34,10,19763,139.002681779082,0,0,660.828973334008,1051.71127865203,45.0399230885999
34,11,15879,133.223754644499,0,0,643.820139807293,968.373827067196,48.813338371434
34,12,16335,127.934741352923,0,0,668.800244872972,1030.64052647689,55.4951943679216
34,13,16334,128.674850006122,0,0,590.092200318354,999.623545977715,57.8610260805681
34,14,16069,130.287447881013,0,0,502.640363432697,1091.55230568175,45.1536498848715
34,15,17179,135.389254322138,0,0,627.047616275685,969.220327143606,34.9672856394435
34,16,3956,177.991405460061,0,0,600.653185035389,1120.80080889788,28.7917087967644
35,1,19396,132.616621983914,0,0,744.637760362961,1117.17730459889,44.0272221076511
35,2,21872,133.518882589612,0,0,607.385607168983,879.721744696415,46.131035113387
35,3,23276,130.775691699605,0,0,593.817494414848,1165.27337171335,41.3605000859254
35,4,18105,138.026070146368,0,0,699.191383595692,1066.23021264844,32.8879867439934
35,5,18202,134.337160751566,0,0,490.369135259862,961.489177013515,48.4758268322162
35,6,17603,134.092427427143,0,0,561.037777651537,1066.65352496734,39.5000284042493
35,7,19844,138.72656722435,0,0,660.433229187664,1053.03925619835,44.7362426930054
35,8,17951,130.698178374464,0,0,747.191242827698,994.080162665033,45.1192134142945
35,9,18546,132.963981451526,0,0,553.779790790467,987.155019950394,45.2293756065998
35,10,16324,128.348627787307,0,0,669.631769174222,1030.18047047292,55.456628277383
35,11,17257,129.758243031813,0,0,591.624616097815,996.802167236484,57.6156921828823
35,12,17139,134.730030923624,0,0,644.02403874205,968.342085302526,48.4904020071183
35,13,5047,190.434119278779,0,0,597.981375074302,1124.79869229245,28.781652466812
35,14,15456,129.869112318841,0,0,599.625517598344,1122.47677277433,55.2346014492754
35,15,16018,132.836434011737,0,0,501.69727806218,1090.59389436883,45.1941565738544
35,16,17217,138.482255909857,0,0,624.966080037173,968.25643259569,34.7348550850903
36,1,21994,131.158315904338,0,0,587.733381831409,885.468809675366,47.3215422387924
36,2,21727,131.539328945552,0,0,618.088323284393,1156.53325355548,39.7065402494592
36,3,18763,141.682886532004,0,0,708.076906678037,1048.22992058839,33.1960240899643
36,4,20321,139.193445204468,0,0,751.354756163575,1100.8070468973,44.0488164952512
36,5,16182,131.855085897911,0,0,563.73513780744,1063.90334940057,38.8199233716475
36,6,19156,127.829922739612,0,0,609.534558362915,1139.12252035916,53.4005011484652
36,7,18488,134.292351795759,0,0,736.578321073129,974.919407183038,45.9938338381653
36,8,17281,134.272553671663,0,0,631.585209189283,970.002719750014,49.298941033505
36,9,17459,130.401053897703,0,0,544.191133512801,994.779655192164,44.9281745804456
36,10,19506,139.596483133395,0,0,662.027273659387,1043.58171844561,44.389008510202
36,11,17316,132.133922383922,0,0,479.085354585355,983.302494802495,48.6738276738277
36,12,17004,128.663490943307,0,0,668.266231474947,1041.43695601035,55.5072924017878
36,13,16615,137.438699969907,0,0,616.856515197111,960.819079145351,34.9513692446584
36,14,16325,127.791791730475,0,0,585.021071975498,1019.51558958652,57.7237366003063
36,15,5449,175.638282253625,0,0,615.408882363736,1117.83318040007,28.1616810423931
36,16,13697,128.484923705921,0,0,505.074541870483,1104.66240782653,43.4479083010878
37,1,18895,134.375125694628,0,0,487.549986768987,965.822704419159,49.4538237629002
37,2,20144,128.148133439237,0,0,604.993298252581,1137.12480142971,53.3335484511517
37,3,18591,135.418105534936,0,0,700.783927706955,1062.14991124738,32.7020601366252
37,4,19707,136.734053889481,0,0,660.4815040341,1043.07662251992,44.0424722179936
37,5,22195,131.525749042577,0,0,603.772696553278,881.601081324623,46.9831043027709
37,6,18275,131.635075239398,0,0,547.19901504788,987.53340629275,45.1417236662107
37,7,16320,134.064705882353,0,0,555.436151960784,1055.31464460784,38.8061274509804
37,8,17757,132.29481331306,0,0,740.523962381033,1120.00416737061,43.6055640029284
37,9,18633,130.018515536951,0,0,741.21113078946,988.480062255139,45.1164600440079
37,10,17445,133.352880481513,0,0,638.970421324162,972.571911722557,49.0367440527372
37,11,18571,130.048839588606,0,0,499.293522158204,1092.71880889559,43.7294168326961
37,12,18029,136.08380941816,0,0,619.2545898275,961.774918187365,34.6607687614399
37,13,16279,128.089378954481,0,0,593.321272805455,1014.82978069906,57.7937834019289
37,14,15693,127.77149047346,0,0,672.250111514688,1042.79347479768,55.1974128592366
37,16,5286,175.291146424518,0,0,598.727014755959,1127.47256905032,28.3957623912221
37,100,28008,129.016816623822,0,0,613.179984290203,1144.978041988,40.0268851756641
38,1,20287,128.787400798541,0,0,619.902104796175,1151.22871789816,51.7121309212796
38,2,21874,138.249474261681,0,0,704.332175185151,1037.78417299077,33.4301453780744
38,3,18267,128.929599824821,0,0,547.092845021076,1019.85219247824,44.7600591230087
38,4,18267,135.967044397,0,0,634.185033119834,991.902994470904,50.2778233973833
38,5,20591,133.060560439027,0,0,725.999174396581,959.472925064348,46.1863921130591
38,6,20420,139.066650342801,0,0,750.105778648384,1097.4847208619,43.7095494613124
38,7,16548,131.800036258158,0,0,562.762811215857,1062.60551124003,37.4628958182258
38,8,17661,128.192684445954,0,0,672.62776739709,1048.55868863598,55.970669837495
38,9,16845,137.992520035619,0,0,605.672187592757,951.136895221134,35.3658652419115
38,10,20871,138.365099899382,0,0,670.347659431747,1042.7653203009,44.463274399885
38,11,19239,129.88663651957,0,0,479.860699620562,986.359582098862,48.7487915172306
38,12,18391,126.633516393888,0,0,582.759501930292,1036.01299548692,58.2845957261704
38,14,4957,188.361105507363,0,0,622.821061125681,1119.34113375025,27.9626790397418
38,15,12601,127.374017935085,0,0,505.302039520673,1113.41020553924,41.5447186731212
38,16,6773,141.569024066145,0,0,613.800236232098,1154.86224715783,43.5551454303854
38,101,21852,132.55313014827,0,0,580.153807431814,905.780798096284,47.5663097199341
38,102,9437,141.282293101621,0,0,646.593514888206,1136.03994913638,34.8313023206528
39,1,19065,130.960136375557,0,0,722.915656963021,957.510044584317,46.8336742722266
39,2,21188,132.517557107797,0,0,665.8383518973,1046.24155182179,46.3353785161412
39,3,13054,141.780220622032,0,0,706.752796077831,1049.93074919565,36.5636586486901
39,4,19596,136.434425392937,0,0,745.439834660135,1098.39579506022,45.4787711777914
39,5,15917,132.848024125149,0,0,566.805993591757,1078.22372306339,38.2579631840171
39,6,17766,127.762974220421,0,0,572.76449397726,1021.45468873128,58.9049307666329
39,7,17436,132.56761871989,0,0,634.551273227805,987.638563890801,51.3248451479697
39,8,17930,126.8,0,0,617.011656441718,1144.31210262131,54.8364751812605
39,9,18432,125.829915364583,0,0,665.733778211806,1035.64545355903,57.3629557291667
39,10,18022,134.510820108756,0,0,578.612029741427,915.014815225835,47.2636777272223
39,11,13256,138.517576946288,0,0,468.511994568497,980.222012673506,49.2337809293905
39,12,15394,127.10354683643,0,0,511.056775367026,1118.67916071197,43.5018188904768
39,13,16933,134.848048189925,0,0,606.062953995157,963.099805114274,35.5067619441328
39,14,10679,138.795673752224,0,0,539.623466616724,1024.24075287948,45.8980241595655
39,15,5229,155.90992541595,0,0,650.638745458023,1125.83036909543,32.7915471409447
39,16,5774,173.700554208521,0,0,618.947350190509,1119.12227225494,28.0864218912366
39,17,4905,145.184301732926,0,0,609.920897043833,1157.40550458716,48.5272171253823
40,1,22738,127.771835693553,0,0,591.996525639898,1144.23238631366,56.4582636995338
40,2,21294,132.99835634451,0,0,730.064055602517,1123.52982060674,46.2282802667418
40,3,21531,136.32065394083,0,0,656.255445636524,1071.06525474897,47.5131206167851
40,4,18267,129.615043521104,0,0,661.811737012098,1050.07034543165,58.1198335796792
40,5,20896,131.124569295559,0,0,719.456546707504,980.401990811639,47.3775363705972
40,6,16426,140.270424936077,0,0,616.410446852551,970.262328016559,36.4598197978814
40,7,19595,126.250574126053,0,0,573.309058433274,1017.71002806838,58.9096708343965
40,8,19539,134.382414657864,0,0,632.136240339833,995.405394339526,51.2340959107426
40,9,9586,133.533277696641,0,0,612.925099102858,900.59346964323,57.7287711245566
40,10,8393,140.061837245323,0,0,583.06207553914,939.622066007387,42.2099368521387
40,11,17518,132.086996232447,0,0,560.659835597671,1089.16600068501,37.6883205845416
40,12,9950,144.392060301508,0,0,634.713768844221,1126.38613065327,33.3775879396985
40,13,8758,131.51838319251,0,0,584.762502854533,1165.19582096369,48.7293902717515
40,14,5754,188.900590893292,0,0,619.733576642336,1103.14407368787,28.146332985749
40,15,4304,148.845492565056,0,0,552.789962825279,968.174024163569,46.8877788104089
40,16,3621,161.084507042254,0,0,666.638221485777,1029.45512289423,34.0687655343828
40,17,3997,154.842882161621,0,0,701.950713034776,1096.55691768827,39.2757067800851
40,18,12259,127.918916714251,0,0,492.514234440003,1115.26731381026,44.2049922505914
40,19,4368,136.62934981685,0,0,533.33402014652,1074.01304945055,43.7882326007326
40,20,3903,143.215987701768,0,0,477.086600051243,1043.85523955931,48.8403791954906
40,21,4868,138.112982744454,0,0,497.024034511093,906.44782251438,51.9227608874281
41,1,22509,134.322670931627,0,0,651.604647030077,1067.77564529744,46.0601092896175
41,2,20184,131.592053111375,0,0,718.404875148633,981.006341656758,47.0566785572731
41,3,16373,128.80754901362,0,0,661.119037439687,1053.69736761742,57.3547914249069
41,4,24772,134.711932827386,0,0,730.080776683352,1128.25819473599,46.5689891813338
41,5,12725,128.167701375246,0,0,591.973988212181,1174.56817288802,47.8289980353635
41,6,18342,129.801166721186,0,0,571.878966306837,1076.4027914077,37.1098571584342
41,7,16735,133.927278159546,0,0,609.332297579922,951.972094412907,37.3732297579922
41,8,9814,134.936315467699,0,0,645.449765640921,1103.68453230079,33.1848379865498
41,9,10227,131.891757113523,0,0,585.9847462599,912.541507773541,43.6350836022294
41,10,13798,136.032540947963,0,0,628.180388462096,988.242209015799,49.946803884621
41,11,16367,125.493981792632,0,0,594.072951671045,1149.19288812855,54.8299627298833
41,12,10348,128.676749130267,0,0,635.923560108233,921.840645535369,58.8821028218013
41,13,5061,140.142461964039,0,0,545.937956925509,951.472633866825,49.7881841533294
41,14,5483,137.442276126208,0,0,499.333758891118,910.602225059274,53.9195695786978
41,15,4189,153.51157794223,0,0,665.333492480306,982.366674624015,35.0625447600859
41,16,15336,128.124543557642,0,0,577.64299687011,1023.09709181012,57.0620109546166
41,17,10971,128.176191778325,0,0,494.840670859539,1129.77103272263,42.4503691550451
41,18,4159,161.043279634528,0,0,705.96489540755,1123.30776628997,40.0298148593412
41,19,5268,128.643887623386,0,0,540.316438876234,1100.30391040243,43.7416476841306
41,20,5564,131.039899352983,0,0,487.748562185478,1066.6119698059,48.9692667145938
41,21,5076,181.642237982664,0,0,631.256501182033,1074.22241922774,28.3687943262411
42,1,21823,133.765385144114,0,0,730.145763643862,1124.47674471887,47.3364340374834
42,2,18503,128.55115386694,0,0,601.372209911906,1154.15408312166,54.8489974598714
42,3,13848,130.178365106875,0,0,597.783651068746,1178.2087666089,46.7667533217793
42,4,14825,124.31089376054,0,0,511.003102866779,1134.01807757167,42.5388195615514
42,5,12349,133.977730990364,0,0,578.925257105839,911.312332982428,45.30350635679
42,6,17835,135.54241659658,0,0,562.152340902719,1063.90479394449,37.0999719652369
42,7,18196,138.426961969664,0,0,597.002582985271,958.340679270169,37.9764783468894
42,8,21425,130.813022170362,0,0,716.273698949825,998.151971995333,46.8266977829638
42,9,10769,136.583341071594,0,0,646.562354907605,1109.01764323521,33.4371807967314
42,10,14275,136.293590192644,0,0,668.489316987741,1054.41345008757,55.9780735551664
42,11,8979,129.968704755541,0,0,538.965920481123,1098.51252923488,46.1740728366188
42,12,9467,130.401077426851,0,0,540.666842716806,902.595859300729,56.2802366113869
42,13,8285,134.553892576946,0,0,527.666988533494,951.459505129753,51.5339770669885
42,14,8441,140.252221300794,0,0,703.94585949532,1125.66947044189,38.6704181968961
42,15,12534,130.412876974629,0,0,648.363411520664,944.669538854316,58.4999202170097
42,16,18649,144.353477398252,0,0,645.584267252936,1080.3739610703,44.8832108960266
42,17,9549,136.848256361923,0,0,670.004712535344,989.219185255001,37.0279610430412
42,18,7335,127.493387866394,0,0,483.014178595774,1049.20354464894,48.895023858214
42,19,5230,202.6965583174,0,0,629.949904397705,1070.56883365201,28.0221797323136
42,20,4216,159.520872865275,0,0,642.378795066414,993.945208728653,44.8277988614801
42,21,5207,131.67044363357,0,0,600.458997503361,1037.27098137123,59.3833301325139
42,22,4045,157.526576019778,0,0,587.375772558715,965.790852904821,54.6259579728059
42,23,5623,134.561088386982,0,0,529.205406366708,1012.54081451183,55.8474124133025
43,1,23879,132.255580216927,0,0,718.112902550358,1142.76560995017,48.0423803341848
43,2,13056,129.681832107843,0,0,591.261948529412,912.175245098039,46.0861672794118
43,3,16135,131.446730709637,0,0,663.35748373102,1072.64604896188,56.3905794855903
43,4,19058,130.429321020044,0,0,566.259628502466,1058.50383041243,36.6761989715605
43,5,12962,150.015429717636,0,0,637.24556395618,1092.96042277426,44.9550995216788
43,6,9949,139.333199316514,0,0,709.489395919188,1129.85083928033,39.1819278319429
43,7,17508,133.311514736121,0,0,612.530100525474,957.385538039753,37.9607036783185
43,8,18017,127.294277626686,0,0,578.598989842926,1146.81034578454,54.1818282732974
43,9,10363,134.888642285053,0,0,651.083759529094,1116.70423622503,34.1181125156808
43,10,9282,129.066903684551,0,0,547.520577461754,904.632406808877,55.8270846800259
43,11,8780,132.143280182232,0,0,533.083599088838,943.818792710706,49.9476082004556
43,12,9785,136.136535513541,0,0,687.040061318344,1002.27634133878,37.6245273377619
43,13,12040,129.149418604651,0,0,657.240531561462,955.552159468439,58.7816445182724
43,14,11184,141.33386981402,0,0,719.226394849785,1019.16264306152,47.7204935622318
43,15,8647,126.820053197641,0,0,535.783508731352,1092.1800624494,44.7247600323812
43,16,14481,126.424003867136,0,0,506.462537117602,1124.14791796147,40.3168289482771
43,17,8566,129.003151996264,0,0,482.339948634135,1028.60004669624,45.5723791734765
43,18,11164,127.253314224292,0,0,576.943479039771,1180.35802579721,46.0589394482264
43,19,5358,147.543859649123,0,0,645.143337066069,1009.54740574841,43.6786114221725
43,20,4790,182.943215031315,0,0,647.634655532359,1068.43277661795,28.1926931106472
43,21,4624,149.581314878893,0,0,572.37348615917,972.703503460208,56.7195069204152
43,22,4496,131.152135231317,0,0,608.060943060498,1047.20173487544,61.4728647686833
43,23,5366,137.613119642192,0,0,497.846440551621,986.083302273574,52.2636973537085
44,1,25208,129.730482386544,0,0,706.387258013329,1126.91320215805,49.9523167248493
44,2,18728,138.197031183255,0,0,625.810177274669,953.418731311405,36.897319521572
44,3,14251,130.046031857414,0,0,595.89804224265,1175.63848151007,46.5930811872851
44,4,15923,127.157508007285,0,0,535.894178232745,1133.69465552974,39.5259059222508
44,5,18696,130.177738553701,0,0,559.493314077878,1144.78979460847,54.8919554985024
44,6,10320,131.27480620155,0,0,555.236143410853,1099.45203488372,44.6455426356589
44,7,12833,134.216083534637,0,0,589.092807605392,913.967349801293,45.8211641860828
44,8,13111,137.403477995576,0,0,684.121424757837,1121.41407978034,33.864007322096
44,9,10914,130.38803371816,0,0,531.762323621037,919.49157045996,52.6794942275976
44,10,12391,132.473488822532,0,0,703.160277620854,997.742635784037,37.7298038899201
44,11,9188,144.234762734001,0,0,697.972464083587,1125.31845885938,39.3844144536352
44,12,9430,135.966808059385,0,0,543.399681866384,955.336479321315,47.9836691410392
44,13,8812,138.959714026328,0,0,644.101225601453,998.837834770767,42.7544257830232
44,14,9158,131.278335881197,0,0,752.742629395064,1105.29471500328,41.954902817209
44,15,13169,130.026881312173,0,0,640.833852228719,937.530184524261,57.1150429037892
44,16,8752,139.527993601463,0,0,548.417161791591,974.095178244973,55.9112202925046
44,17,7773,128.765341566963,0,0,604.390711437026,1009.59179210086,60.9404348385437
44,18,9117,127.793462761873,0,0,497.279368213228,1026.04639684107,41.8388724361084
44,19,7100,143.207183098592,0,0,620.824788732394,1054.39718309859,51.7869014084507
44,20,6624,187.653683574879,0,0,679.791213768116,1066.05570652174,28.9137983091787
44,21,9217,129.777367907128,0,0,500.269393511989,990.869480308126,49.5879353368775
44,22,4487,142.91174504123,0,0,661.99732560731,953.05170492534,49.8502340093604
44,23,14608,143.320509309967,0,0,596.542647864184,1058.59234665936,37.9142250821468
44,24,4437,141.901960784314,0,0,757.32431823304,1029.40365111562,46.9776876267748
44,25,5068,135.984017363852,0,0,702.265390686661,1040.0408445146,52.8652328334649
44,26,4953,135.11871592974,0,0,573.347668079952,1076.83383807793,58.5449222693317
45,1,19152,135.94115497076,0,0,613.208542188805,936.697263993317,37.7455096073517
45,2,14634,129.765545988793,0,0,596.764110974443,1164.41957086238,47.463372967063
45,3,17442,124.262240568742,0,0,533.507223942208,1125.7433207201,41.1941864465084
45,4,12805,137.4772354549,0,0,671.186021085514,1116.39898477157,34.0254588051542
45,5,9764,131.344326095862,0,0,537.300081933634,955.377099549365,48.7642359688652
45,6,16851,127.413447273159,0,0,569.343659130022,1134.76108242834,56.0029078392974
45,7,9861,138.281107392759,0,0,645.188317614846,985.076361423791,43.2293885001521
45,8,10198,135.933810551088,0,0,749.712688762502,1098.97901549323,40.467934889194
45,9,11779,134.78690890568,0,0,697.143390780202,986.287036250955,38.0042448425163
45,10,9260,128.511555075594,0,0,552.861555075594,1090.69589632829,45.7078833693305
45,11,8599,127.790324456332,0,0,617.228514943598,1011.37841609489,60.8647517153157
45,12,13078,129.710200336443,0,0,639.593133506652,931.129301116379,57.5792170056584
45,13,14280,146.310084033613,0,0,698.864425770308,1111.00273109244,48.3806722689076
45,14,10366,128.326451861856,0,0,525.332818830793,918.985626085279,54.4717345166892
45,15,8217,142.703054642814,0,0,621.506997687721,1035.52780820251,51.3362541073384
45,16,12790,130.538936669273,0,0,567.918139171227,902.907114933542,46.9760750586396
45,17,8100,134.160617283951,0,0,697.815061728395,1012.60679012346,49.7155555555556
45,18,8066,146.552194396231,0,0,691.982023307711,1104.82482023308,38.5045871559633
45,19,13995,140.885744908896,0,0,588.876884601643,1043.33533404787,38.1890675241158
45,20,9149,134.087222647284,0,0,549.889496119795,974.521149852443,57.1286479396655
45,21,8707,127.65694268979,0,0,489.294016308717,1015.66406339727,42.9548639026071
45,22,10351,128.218143174573,0,0,496.347116220655,991.947831127427,51.2676069944933
45,23,5251,144.40411350219,0,0,652.736812035803,935.818129880023,48.6629213483146
45,24,5391,194.052680393248,0,0,661.572621035058,1059.69282136895,28.544796883695
45,25,6833,127.484413873848,0,0,581.333089418996,1073.02546465681,57.4438753109908
45,26,5516,146.008158085569,0,0,772.20340826686,1030.91406816534,45.2092095721537
46,1,19773,126.509381479796,0,0,546.817427805594,1136.98300713094,42.1453497193142
46,2,21053,129.295207333872,0,0,573.720847385171,1113.89165439605,57.9765829097991
46,3,11494,137.184357055855,0,0,659.267095876109,1145.27988515747,35.743692361232
46,4,10969,138.54006746285,0,0,681.911386635062,1107.16473698605,38.5773543622937
46,5,10469,135.796351131913,0,0,538.201929506161,955.651447129621,47.6952908587258
46,6,12259,132.376702830573,0,0,697.848682600538,1008.97552818338,36.7290154172445
46,7,11845,136.181933305192,0,0,562.633769523006,955.504854368932,56.6122414520895
46,8,11449,128.492532098873,0,0,499.057734299939,987.345794392523,52.6728098523889
46,9,9229,128.875284429516,0,0,590.096543504172,1041.73225701593,59.127207714812
46,10,9592,139.615929941618,0,0,624.439949958299,1025.1521059216,51.9934320266889
46,11,13286,129.625244618395,0,0,650.467258768629,916.862787897034,54.7198554869788
46,12,9816,130.579462102689,0,0,760.356255093724,1050.56917277914,44.5972901385493
46,13,11429,131.865342549654,0,0,746.171843555867,1110.58517805582,41.4262840143495
46,14,13182,128.939311181915,0,0,588.505461993628,1159.76369291458,49.9910483993324
46,15,11580,131.068221070812,0,0,531.295768566494,910.566407599309,52.0426597582038
46,16,12735,133.650176678445,0,0,560.961209265803,909.682921083628,43.9030231645073
46,17,10184,136.14895915161,0,0,647.746857816182,1006.67321288295,43.4685781618225
46,18,9357,127.307470343059,0,0,624.221865982687,991.169926258416,60.4711980335578
46,19,10950,132.176438356164,0,0,551.137168949772,1102.53114155251,47.746301369863
46,20,9254,129.17300626756,0,0,702.07985735898,1004.65982277934,49.0124270585693
46,21,4421,155.14001357159,0,0,680.794164216241,1063.17778783081,53.255145894594
46,22,8248,134.161736178468,0,0,659.030795344326,928.652521823472,46.1025703200776
46,23,5168,195.754450464396,0,0,681.011609907121,1095.89067337461,28.8690015479876
46,24,17895,137.837664151998,0,0,613.139368538698,974.025537859737,38.5012014529198
46,25,6042,150.747600132406,0,0,561.74213836478,1034.35402184707,45.424197285667
46,26,5614,147.528856430353,0,0,621.916815105094,1064.39739935875,32.2351264695404
46,27,3823,157.37195919435,0,0,705.546167930944,1155.20376667539,44.7606591681925
46,28,9199,127.640395695184,0,0,488.501250135884,1024.90488096532,42.2593760191325
47,1,12001,138.623198066828,0,0,659.947837680193,1159.11799016749,36.3194733772186
47,2,20530,125.801071602533,0,0,552.308377983439,1140.01315148563,41.9551388212372
47,3,13483,128.735963806275,0,0,588.829859823481,1159.60164651784,50.4696284209746
47,4,19855,128.759607151851,0,0,574.25202719718,1104.89508939814,58.0716192394863
47,5,11461,140.892505017014,0,0,681.991013000611,1116.71913445598,38.8766250763459
47,6,10409,135.719857815352,0,0,746.675377077529,1124.9437986358,40.8087232202901
47,7,12403,134.60856244457,0,0,704.299846811255,1026.26783842619,36.6249294525518
47,8,12958,131.881694705973,0,0,563.228584658126,919.975845037814,42.1080413644081
47,9,17442,139.477525513129,0,0,613.294174979933,996.633470932233,37.0071666093338
47,10,7985,128.96631183469,0,0,594.526111458986,1028.46361928616,58.7601753287414
47,11,10971,132.246559110382,0,0,542.039285388752,960.060523197521,46.418011120226
47,12,11411,128.449916746998,0,0,534.238278853738,912.032337218473,50.6435018841469
47,13,11885,133.832057214977,0,0,569.757425326041,950.044594026083,55.1779554059739
47,14,13542,130.073475114459,0,0,655.739107960419,915.704105745089,52.8500221533008
47,15,8965,129.705633017289,0,0,709.589403234802,1006.86491912995,48.7592861126603
47,16,9383,137.288607055313,0,0,652.874453799424,1023.24288607055,43.6530960247256
47,17,8318,140.277470545804,0,0,622.431473911998,1080.92377975475,32.184178889156
47,18,9667,127.326574945692,0,0,627.108410054826,979.758663494362,59.6479776559429
47,19,10436,138.015523188961,0,0,614.982656190111,1024.15935224224,51.2466462246071
47,20,5717,198.394787475949,0,0,687.802868637397,1110.16547140108,28.944026587371
47,21,10883,130.123311586879,0,0,553.241753193053,1102.53523844528,47.2774051272627
47,22,11276,126.840102873359,0,0,499.624246186591,988.85899255055,52.2354558354026
47,23,10113,130.44338969643,0,0,755.995451399189,1065.10659547118,45.0921586077326
47,24,7306,140.856145633726,0,0,676.080344921982,1054.69586641117,53.2195455789762
47,25,8707,133.578844607787,0,0,664.158722866659,942.314344780062,44.5155621913403
47,26,8333,137.486259450378,0,0,553.983559342374,1033.36589463579,44.5244209768391
47,27,9473,125.588409162884,0,0,487.037791618284,1028.9266335902,41.4198247651219
47,28,5339,153.675781981644,0,0,704.343697321596,1159.717924705,43.7499531747518
48,1,23509,127.227742566677,0,0,566.363180058701,1137.4415755668,41.3363818112212
48,2,13600,127.343088235294,0,0,595.723897058824,1163.46654411765,50.7486029411765
48,3,11940,135.177554438861,0,0,685.238358458961,1106.44740368509,40.9865996649916
48,4,10616,132.177844762622,0,0,669.784193669932,1152.28570082894,37.4980218538056
48,5,12451,129.509999196852,0,0,700.54324953819,1014.35531282628,37.2212673680829
48,6,12134,130.844074501401,0,0,528.019614306906,915.011949892863,50.8100379100049
48,7,23223,127.696163286397,0,0,581.580329845412,1099.12901003316,57.1330146837187
48,8,10532,131.701386251424,0,0,751.236802126851,1114.61403342195,42.4051462210406
48,9,13052,132.685948513638,0,0,563.163882929819,920.987664725713,41.8076156910818
48,10,11147,135.073741813941,0,0,629.020453933794,1073.91378846326,34.1966448371759
48,11,11941,130.695000418725,0,0,572.409513441085,1104.86768277364,46.6099991625492
48,12,10568,135.738739591219,0,0,543.263626040878,962.554409538229,46.4606358819076
48,13,8755,134.862707024557,0,0,665.852884066248,1016.8653340948,45.9936036550543
48,14,12231,133.971956503965,0,0,567.798544681547,954.110293516474,55.6687924127218
48,15,5758,182.471865230983,0,0,697.134595345606,1105.94338311914,29.8669676971171
48,16,10791,126.826800111204,0,0,507.697340376239,1030.48929663609,40.993049763692
48,17,11680,129.340325342466,0,0,502.29477739726,994.417380136986,52.5447773972603
48,18,13929,128.603345538086,0,0,642.987795247326,906.242013066265,53.7704788570608
48,19,10974,136.787406597412,0,0,631.588937488609,1035.30982321852,51.6358665937671
48,20,8942,125.533661373295,0,0,723.99932900917,997.330127488258,51.2104674569448
48,21,8182,138.148985578098,0,0,563.197384502567,1036.24786115864,44.2641163529699
48,22,10495,127.426488804192,0,0,613.178084802287,1030.06574559314,59.2208670795617
48,23,8852,127.153863533665,0,0,622.648102123814,982.810438319024,60.8831902394939
48,24,9607,130.128656188196,0,0,709.104507130218,1157.81929842823,44.4460289372333
48,25,7096,133.260287485908,0,0,692.164036076663,1066.22731116122,52.825817361894
48,26,10041,128.39826710487,0,0,762.923115227567,1048.35833084354,46.7006274275471
48,27,9194,130.418098760061,0,0,670.329453991734,944.439743310855,46.137807265608
48,28,4350,152.375862068966,0,0,620.613103448276,996.931494252874,30.1091954022989
48,29,4499,146.101578128473,0,0,619.581462547233,989.269170926873,43.4260946877084
49,1,20481,127.446413749329,0,0,556.716713051121,1135.82237195449,42.4361603437332
49,2,12584,137.761125238398,0,0,673.434599491418,1105.03409090909,40.8266846789574
49,3,9834,135.254931869026,0,0,614.129042098841,1078.64429530201,33.820317266626
49,4,11142,133.291150601328,0,0,739.684975767367,1114.05753006642,42.0105008077544
49,5,15610,131.61736066624,0,0,581.852338244715,1077.46207559257,57.1748878923767
49,6,14475,126.884352331606,0,0,592.485112262522,1151.29119170984,51.7240759930915
49,7,12580,134.242607313196,0,0,654.026629570747,1157.94594594595,38.3764705882353
49,8,13000,132.156230769231,0,0,559.957307692308,917.288461538462,40.956
49,9,12340,126.958346839546,0,0,505.637439222042,980.296515397083,53.1897893030794
49,10,12108,133.30814337628,0,0,690.336719524281,1020.98364717542,35.6658407664354
49,11,11614,129.47012226623,0,0,532.746598932323,902.48665403823,50.1226106423282
49,12,10248,136.341432474629,0,0,655.571233411397,1010.97414129586,44.3144028103045
49,13,10896,134.84140969163,0,0,543.264500734214,955.306350954479,46.0539647577093
49,14,14398,129.462286428671,0,0,647.509793026809,894.329420752882,51.9213085150715
49,15,9693,126.599298462808,0,0,725.743319921593,992.054884968534,49.9298462808212
49,16,12204,130.971402818748,0,0,566.161504424779,1097.16052114061,47.2600786627335
49,17,8295,139.028089210368,0,0,610.332489451477,1016.02121760096,29.6711271850512
49,18,12374,133.76733473412,0,0,577.074915144658,939.411265556813,55.1575884919994
49,19,10389,130.677254788719,0,0,754.840311868322,1043.60544807007,45.1345654057176
49,20,10497,127.400019053063,0,0,631.99437934648,961.352672192055,60.0542059636087
49,21,10155,132.695913343181,0,0,702.099162973905,1157.01171836534,45.1496799606105
49,22,11710,137.914432109308,0,0,634.219043552519,1025.51298035867,50.8331340734415
49,23,9987,131.65084609993,0,0,674.44678081506,939.713327325523,44.8571142485231
49,24,8380,125.797136038186,0,0,494.12446300716,1026.70441527446,41.3719570405728
49,25,9251,128.141930602097,0,0,633.413468814182,1007.54296832775,58.179331964112
49,26,5297,193.469322257882,0,0,684.153294317538,1122.02907306022,29.8840853313196
49,27,9317,134.458838681979,0,0,693.190511967371,1060.03219920575,51.5323602017817
49,28,8168,137.699069539667,0,0,553.734329089128,1031.19564152791,43.96694417238
49,29,7306,141.429783739392,0,0,597.932521215439,983.446756090884,42.6397481522037
50,1,21531,125.217128791045,0,0,555.033254377409,1129.56281640425,39.6432585574288
50,2,12232,129.322024198823,0,0,562.511200130804,1096.09189012426,45.646173969915
50,3,12976,132.946285450062,0,0,669.999383477189,1116.41761713933,40.9689426633785
50,4,11326,133.052445700159,0,0,552.892459826947,964.27564894932,44.8190888221791
50,5,13895,127.868010075567,0,0,637.67556675063,907.769701331414,53.4038143216985
50,6,11573,132.218957919295,0,0,653.44310031971,1026.34753305107,44.3215242374492
50,7,11346,129.935043187026,0,0,652.168253128856,1161.9118632117,37.7854750572889
50,8,12009,129.711882754601,0,0,709.412523940378,1018.93954534099,37.2720459655259
50,9,9856,127.972504058442,0,0,695.010856331169,1171.4788961039,45.5049715909091
50,10,10844,129.99197713021,0,0,739.623570638141,1126.43351161933,42.5928624123939
50,11,10834,127.931235000923,0,0,679.106147314011,960.50803027506,46.6355916558981
50,12,15756,127.771769484641,0,0,571.115194211729,1169.76167809089,49.2930312261995
50,13,10687,127.354823617479,0,0,622.868625432769,1025.17235894077,57.4723495836063
50,14,11401,134.802912025261,0,0,622.451714761863,1046.25988948338,50.0243838259802
50,15,11820,130.162605752961,0,0,533.051945854484,913.385702199662,50.0350253807107
50,16,12442,131.098939077319,0,0,572.4918019611,913.365616460376,41.3865937952098
50,17,12103,130.242088738329,0,0,633.026604973973,1069.10228868875,33.3510699826489
50,18,13247,132.831131576961,0,0,566.98263757832,953.845927379784,54.6800785083415
50,19,10703,127.726992432028,0,0,507.154909838363,1020.75035036906,39.5276090815659
50,20,12398,128.203581222778,0,0,492.604936280045,988.069930633973,51.7394741087272
50,21,10112,133.608287183544,0,0,649.848595727848,1006.76414161392,31.0649723101266
50,22,10401,126.353619844246,0,0,757.628401115277,1060.18623209307,47.1386405153351
50,23,9382,124.27328927734,0,0,720.168514176082,1015.57290556385,51.6948411852484
50,24,9270,136.160517799353,0,0,616.517259978425,979.531823085221,41.1343042071197
50,25,9981,126.343552750225,0,0,612.901312493738,976.958320809538,60.4415389239555
50,26,8907,135.200740990232,0,0,566.477938699899,1033.98888514651,41.4788368698776
50,27,10328,130.008326878389,0,0,681.493125484121,1089.15191711851,52.114446165763
50,28,4032,144.760912698413,0,0,537.792410714286,1028.15773809524,59.0091765873016
50,29,4612,177.020381613183,0,0,704.518863833478,1128.51279271466,30.5730702515178
50,30,4708,132.870858113849,0,0,583.815632965166,1131.00955819881,52.0728547153781
51,1,11742,138.862800204394,0,0,615.515159257367,1052.58916709249,49.8250723897121
51,2,11862,134.817821615242,0,0,648.146012476817,1025.57772719609,44.1730736806609
51,3,12454,136.602938814839,0,0,673.896740003212,1110.89625823029,40.6979283764252
51,4,12276,134.320625610948,0,0,627.627728901922,1064.17904855002,33.0382860866732
51,5,11265,131.118064802486,0,0,743.489924545051,1110.36972924989,41.832667554372
51,6,14947,129.011239713655,0,0,620.838027697866,909.664882585134,53.5571017595504
51,7,11654,136.687403466621,0,0,658.542646301699,1156.72533035868,36.941479320405
51,8,11129,135.007817413964,0,0,543.221762961632,973.266061640758,44.581004582622
51,9,12033,130.641735228123,0,0,517.834455248068,922.206598520735,49.8445940330757
51,10,11235,130.223230974633,0,0,666.800445037828,960.336092567868,47.0720071206052
51,11,23731,126.385571615187,0,0,555.357549197253,1136.98365007796,38.8358265559816
51,12,11047,126.347696207115,0,0,499.890286955735,1032.94695392414,39.6156422558161
51,13,12798,132.312626972965,0,0,699.167057352711,1005.55719643694,37.2850445382091
51,14,12515,133.190251697962,0,0,556.216300439473,921.184258889333,41.7041150619257
51,15,10816,128.359282544379,0,0,613.347078402367,1035.21412721893,57.3812869822485
51,16,12525,134.525908183633,0,0,558.030818363273,959.808862275449,54.521996007984
51,17,10781,126.835451256841,0,0,599.922641684445,985.812726092199,60.1874594193489
51,18,15100,127.976754966887,0,0,581.373642384106,1181.50629139073,48.1590728476821
51,19,10493,137.439245211093,0,0,610.748498999333,983.850757647956,40.6947488802059
51,20,9125,138.079561643836,0,0,563.980712328767,1041.65884931507,40.6087671232877
51,21,10220,137.999315068493,0,0,635.760665362035,999.895596868885,31.4914872798434
51,22,11191,127.776784916451,0,0,488.777678491645,1004.34626038781,51.6658028773121
51,23,9568,125.829849498328,0,0,708.634406354515,1012.91231187291,52.5957357859532
51,24,12992,130.934421182266,0,0,562.26770320197,1104.56211514778,45.206434729064
51,25,6753,132.712720272472,0,0,603.765437583296,1139.78305938102,50.6330519768992
51,26,11196,130.094676670239,0,0,702.829224723115,1165.56555912826,45.1495176848875
51,27,9140,131.37352297593,0,0,680.698468271335,1088.8510940919,51.9738512035011
51,28,6643,134.875658587987,0,0,528.279843444227,1029.73882282101,59.646093632395
51,29,10711,127.430958827374,0,0,754.306133881057,1043.49099057044,47.1950331434973
51,30,5426,193.149465536307,0,0,700.737559896793,1116.0328050129,29.921304828603
52,1,14437,127.117822262243,0,0,601.752026044192,1182.58654845189,47.3107986423772
52,2,13046,130.655219990802,0,0,551.993331289284,920.081404261843,41.7902038939138
52,3,11938,131.063578488859,0,0,653.34067683029,1017.45493382476,44.5732115932317
52,4,12703,132.404077776903,0,0,684.098008344486,1105.66866094623,41.368180744706
52,5,12648,133.45082226439,0,0,546.953984819734,970.85728969007,44.3198924731183
52,6,11754,133.37587204356,0,0,665.196698996086,1148.4654585673,36.6969542283478
52,7,12706,127.789863056824,0,0,489.653628207146,1023.73256729104,50.6733039508893
52,8,12858,129.011432571162,0,0,699.920127547052,991.219940892829,37.398040130658
52,9,14345,131.016103171837,0,0,564.293760892297,1128.49780411293,39.8548623213663
52,10,10455,126.118603538977,0,0,717.268962219034,1156.28780487805,44.8091822094692
52,11,12647,129.988692970665,0,0,625.014074484067,1055.99928836878,32.9375345931842
52,12,13120,133.182317073171,0,0,554.98818597561,971.530640243902,54.3166158536585
52,13,10023,134.641923575776,0,0,573.243140776215,1036.12650902923,39.9105058365759
52,14,12373,135.710579487594,0,0,623.886446294351,1044.83763032409,50.5225895094157
52,15,12338,130.346166315448,0,0,511.607715999352,924.350948289836,50.0406062570919
52,16,14800,127.901824324324,0,0,606.959864864865,910.149527027027,53.8280405405405
52,17,11847,126.688022284123,0,0,611.915928083059,1050.39123828817,57.4131003629611
52,18,10596,131.127689694224,0,0,619.35617214043,980.014533786334,40.2512268780672
52,19,11135,125.274629546475,0,0,595.60314324203,999.870049393803,60.2545127974854
52,20,10921,128.972987821628,0,0,751.751121692153,1091.78023990477,41.052467722736
52,21,10529,127.943109507076,0,0,669.578877386267,955.508120429291,47.850888023554
52,22,10183,125.804379848768,0,0,698.646764214868,1084.99116174016,52.9170185603457
52,23,11437,130.921045728775,0,0,632.479496371426,987.971933199266,31.85748010842
52,24,8749,129.366670476626,0,0,627.12012801463,1129.12138530118,50.4163904446222
52,25,9423,130.872758144964,0,0,525.898970603842,1040.33078637377,58.4406240050939
52,26,10619,126.26914022036,0,0,761.517374517374,1029.1906959224,47.6613617101422
52,27,11920,131.467533557047,0,0,585.131291946309,1089.25620805369,45.4801174496644
52,28,11258,125.590335761236,0,0,501.725794990229,1037.15935334873,39.4137502220643
52,29,9693,124.30269266481,0,0,710.04797276385,1006.11637264005,54.3391106984422
52,30,5159,174.733863151774,0,0,694.263035471991,1107.54177166117,29.4882729211087
53,1,12440,133.770257234727,0,0,651.931832797428,1007.87250803859,44.5262861736334
53,2,12154,135.974658548626,0,0,648.224535132467,1140.58556853711,36.7904393615271
53,3,12717,132.13517338995,0,0,692.267515923567,983.683809074467,36.8970669182983
53,4,12874,135.490445859873,0,0,675.221143389778,1098.16568277148,41.2489513748641
53,5,14237,127.631804453185,0,0,600.691718760975,1175.603778886,47.5163306876449
53,6,13141,131.940339395784,0,0,552.909443725744,903.932881820257,42.8640133931969
53,7,12110,132.277208918249,0,0,605.418414533443,1047.76771263419,33.5543352601156
53,8,12002,129.968088651891,0,0,517.233961006499,909.56323946009,51.3866022329612
53,9,13195,134.310799545282,0,0,547.743690791967,955.52231906025,45.414096248579
53,10,10922,125.751236037356,0,0,604.590001831166,993.787676249771,60.6828419703351
53,11,11446,135.435610693692,0,0,569.843264022366,1023.97413943736,40.8616110431592
53,12,11201,131.25363806803,0,0,743.921167752879,1082.99535755736,39.9331309704491
53,13,14828,128.424332344214,0,0,617.198071216617,901.608983005125,54.5446452657135
53,14,10818,126.973470142355,0,0,710.241264559068,1149.05195045295,44.0135884636717
53,15,14144,133.819570135747,0,0,563.554440045249,961.975395927602,54.8687075791855
53,16,12487,127.124289260831,0,0,612.12100584608,1047.68807559862,57.4828221350204
53,17,10457,126.554078607631,0,0,491.820216123171,1016.09448216506,40.8205030123362
53,18,13795,136.137078651685,0,0,628.353316418992,1033.54650235593,50.8131206959043
53,19,11072,127.426029624277,0,0,763.124729046243,1024.75090317919,46.5905888728324
53,20,9614,128.758165175785,0,0,627.626898273351,1120.28843353443,50.5913251508217
53,21,9494,129.212555298083,0,0,531.939962081315,1036.44575521382,58.8285232778597
53,22,11175,129.029888143177,0,0,674.711946308725,949.03615212528,47.8714093959732
53,23,12051,126.418056592814,0,0,701.575885818604,1083.44203800514,52.7773628744503
53,24,11205,132.655867916109,0,0,581.518518518518,1072.50334672021,46.5623382418563
53,25,16417,131.061217031126,0,0,550.810074922337,1111.76865444356,41.3540232685631
53,26,11329,134.490952422985,0,0,619.187130373378,978.646923823815,32.3755847824168
53,27,11597,133.797361386565,0,0,617.269035095283,969.70587220833,40.6335259118738
53,28,9479,124.670218377466,0,0,715.279459858635,999.097795126068,54.1536027007068
53,29,10793,127.460761604744,0,0,490.549430186232,1010.00685629575,52.1678865931622
53,30,4750,197.907157894737,0,0,670.541684210526,1101.05705263158,29.1336842105263
54,1,10874,130.816258966342,0,0,564.316258966342,1053.91125620747,40.5720066212985
54,2,12814,128.258701420322,0,0,693.734665209927,1006.42313095052,36.5643827064149
54,3,12798,132.853414596031,0,0,623.458509142053,1041.49492108142,50.8701359587436
54,4,12166,128.621239519974,0,0,514.27798783495,921.313332237383,49.8299358868979
54,5,12756,132.28049545312,0,0,541.226638444654,976.085293195359,44.1111633740985
54,6,10715,129.114885674288,0,0,616.49846010266,996.637797480168,39.1470835277648
54,7,12397,131.46575784464,0,0,665.039848350407,1115.31596353957,41.8898120513027
54,8,12474,130.6696328363,0,0,656.695526695527,1156.76054192721,36.8645181978515
54,9,14212,126.636504362511,0,0,610.254643962848,909.331621165212,52.9369546861807
54,10,14984,125.156567004805,0,0,592.617191671116,1181.53130005339,47.1972103577149
54,11,12596,129.5996348047,0,0,546.639726897428,926.482772308669,41.5185773261353
54,12,11644,129.022157334249,0,0,741.090604603229,1090.71418756441,41.0713672277568
54,13,11040,131.458423913043,0,0,642.050543478261,1024.6722826087,44.2899456521739
54,14,10601,129.128667106877,0,0,570.084708989718,1086.54108103009,47.0524478822753
54,15,12510,124.752198241407,0,0,706.843165467626,1153.22869704237,45.4625099920064
54,16,12407,127.704360441686,0,0,602.10284516805,1069.17449826711,33.2010961553962
54,17,13275,131.632165725047,0,0,557.995028248588,969.395555555556,54.041581920904
54,18,11364,126.485656458993,0,0,756.831045406547,1034.25756775783,46.9630411826822
54,19,9069,128.531039805932,0,0,527.270812658507,1040.91255926784,58.7487043775499
54,20,10530,126.955460588794,0,0,669.713865147198,966.497056030389,46.9928774928775
54,21,11331,125.107139705233,0,0,607.042096902303,1055.05798252581,57.9350454505339
54,22,11814,126.361604875571,0,0,482.539698662604,1024.85686473675,52.4614017267649
54,23,10579,126.010776065791,0,0,615.623310331789,1127.10057661405,51.6403251725116
54,24,10851,130.027555064049,0,0,616.476177310847,996.493042115934,31.8975209658096
54,25,9990,124.563363363363,0,0,595.941641641642,991.485385385385,60.32002002002
54,26,9869,123.500050663694,0,0,704.493160401256,997.972742932415,54.4939710203668
54,27,10898,124.099100752432,0,0,694.709671499358,1091.78106074509,53.8370343182235
54,28,11511,124.0362262184,0,0,493.690035618104,1051.15437407697,41.2969333680827
54,29,4169,176.768289757736,0,0,685.485008395299,1117.14056128568,29.1225713600384
54,30,6680,132.797155688623,0,0,531.657634730539,1118.82035928144,50.1663173652695
54,31,7069,124.783562031405,0,0,579.408544348564,1153.30725703777,36.4275003536568
55,1,13101,129.2474620258,0,0,550.914663002824,896.320204564537,50.5588886344554
55,2,13590,128.407947019868,0,0,699.147976453275,1023.50058866814,37.1341427520235
55,3,10865,133.332719742292,0,0,557.458352508053,1037.66442705936,40.9292222733548
55,4,12517,134.190221299033,0,0,557.081808740114,956.511863865143,44.8551569864984
55,5,12987,132.458997458997,0,0,550.638946638947,1073.48433048433,47.5404635404635
55,6,14857,133.814027057952,0,0,640.242175405533,1121.26250252406,42.1114626102174
55,7,14941,128.094103473663,0,0,551.844856435312,1164.5196439328,47.9382906097316
55,8,13350,130.327265917603,0,0,580.035131086142,911.800973782772,41.9880149812734
55,9,11456,129.745984636871,0,0,628.179032821229,1157.30228701117,37.2028631284916
55,10,13557,133.283838607362,0,0,578.299771335841,958.505052740282,54.4675075606698
55,11,12893,132.233615139998,0,0,622.336539207322,1044.21352671993,51.3783448382843
55,12,11417,130.551545940265,0,0,625.693352018919,997.380485241307,39.3406323902952
55,13,13230,129.441798941799,0,0,589.386470143613,1059.26757369615,33.8025699168556
55,14,14150,126.630812720848,0,0,646.358727915194,910.572650176678,52.9614134275618
55,15,11809,132.381234651537,0,0,640.350580066051,1032.6035227369,44.9216699127784
55,16,8942,124.752851711027,0,0,615.065868933125,984.899127711921,60.7152762245583
55,17,10988,130.155169275573,0,0,721.242992355297,1116.50009100837,41.4727884965417
55,18,11292,123.090860786397,0,0,713.030464045342,1021.53551186681,54.7118313850514
55,19,9750,130.272615384615,0,0,531.659282051282,1013.16769230769,59.1933333333333
55,20,11275,124.741286031042,0,0,603.820133037694,1054.33126385809,58.5913082039911
55,21,10695,127.670219728845,0,0,685.674427302478,985.111173445535,47.1641888733053
55,22,11490,125.729416884247,0,0,751.469799825936,1073.04917319408,47.543864229765
55,23,13087,126.702758462596,0,0,490.429280965844,985.946206158784,53.0843585237258
55,24,11247,131.665066239886,0,0,628.393082599804,991.895527696275,32.3816128745443
55,25,10476,127.912562046583,0,0,670.07464681176,1169.38125238641,45.8428789614357
55,26,8397,126.910801476718,0,0,508.803977611052,1092.86769084197,51.7081100392997
55,27,10674,128.007869589657,0,0,490.547967022672,1015.56979576541,41.9432265317594
55,28,7096,124.296645997745,0,0,552.881764374295,1137.57201240135,36.2743799323563
55,29,11682,128.246019517206,0,0,677.551189864749,1110.12369457285,54.3370998116761
55,30,8659,128.697771105208,0,0,582.714516687839,1122.58355468299,52.3177041228779
55,31,4367,183.890542706664,0,0,665.894206549118,1122.56400274788,29.3595145408747
56,1,15763,125.609338323923,0,0,561.236503203705,1170.4939415086,46.753600203007
56,2,14879,132.381746085086,0,0,641.798171920156,1124.56401639895,41.6259157201425
56,3,13107,128.655146105135,0,0,572.398641947051,922.50804913405,41.2027161058976
56,4,11307,124.853718935173,0,0,586.556646325285,1129.14044397276,52.6012204828867
56,5,13048,129.697808093194,0,0,703.413856529736,1018.88243408952,37.7096873083998
56,6,11657,131.668868491035,0,0,732.813674187184,1107.86668954276,41.5278373509479
56,7,11295,127.614519698982,0,0,601.533421868083,1065.75661797255,32.9791057990261
56,8,12156,126.553965120105,0,0,682.300180980586,1164.50468904245,45.9445541296479
56,9,11836,130.90782358905,0,0,635.512335248395,1040.32941872254,44.643376140588
56,10,14490,126.507384403037,0,0,633.687508626639,917.487853692201,52.1333333333333
56,11,12989,131.979213180383,0,0,615.1247209177,1051.98837477866,51.4926476249134
56,12,10624,130.309676204819,0,0,558.285673945783,1052.16312123494,39.6182228915663
56,13,10703,129.382322713258,0,0,628.688311688312,1007.95561991965,38.8329440343829
56,14,11514,131.485495918013,0,0,551.241618898732,970.877366684037,43.6612819176654
56,15,11820,130.946108291032,0,0,652.159306260575,1155.44847715736,36.7326565143824
56,16,13595,130.620154468555,0,0,569.290327326223,965.677087164399,53.5531445384332
56,17,12981,130.084508127263,0,0,546.012479778137,1091.08604884061,46.8350666358524
56,18,13087,125.686177122335,0,0,481.558645984565,1005.23955069917,51.8435088255521
56,19,12687,127.365176952786,0,0,536.970757468275,911.682115551352,49.4619689445889
56,20,11365,126.796480422349,0,0,678.795424549054,988.590673119226,46.6821821381434
56,21,9831,122.791475943444,0,0,704.352049638897,1009.4935408402,54.9044858101922
56,22,11105,129.561098604232,0,0,631.826204412427,994.794056731202,32.236380009005
56,23,11395,127.184203598069,0,0,753.660114085125,1063.6488810882,48.2031592803861
56,24,9118,122.674928712437,0,0,562.081596841413,1139.51151568326,35.7805439789428
56,25,10125,124.777382716049,0,0,500.537975308642,1112.2077037037,50.2124444444444
56,26,10104,129.193190815519,0,0,525.686559778306,1027.23772763262,58.2738519398258
56,27,9774,124.029772866789,0,0,608.321567423777,986.770104358502,59.9703294454676
56,28,8543,128.283858129463,0,0,673.179796324476,1107.68161067541,54.048226618284
56,29,6135,174.184841075795,0,0,690.868459657702,1116.14246128769,29.6503667481663
56,30,11232,123.883190883191,0,0,601.61761039886,1064.70886752137,58.3929843304843
56,31,8952,126.855339588919,0,0,485.895107238606,1035.99676050045,40.7367068811439
57,1,12893,130.415651904134,0,0,579.063367718917,913.720546032731,42.1976266190956
57,2,15933,134.285131488106,0,0,635.75861419695,1120.23253624553,41.8709596435072
57,3,13403,128.151906289637,0,0,701.603745430128,1016.78243676789,37.9825412221144
57,4,9410,127.395217853348,0,0,673.977364505845,1162.33655685441,45.4386822529224
57,5,17271,126.422268542644,0,0,550.601354872329,1165.02408661919,46.6678825777315
57,6,14352,126.610855629877,0,0,637.164576365663,915.75599219621,53.1307831661093
57,7,14282,126.259417448537,0,0,483.165102926761,995.270620361294,52.3721467581571
57,8,12916,129.291421492722,0,0,543.375116135026,905.939996903066,50.424125116135
57,9,11007,130.892068683565,0,0,631.843099845553,982.273371490869,33.0571454528936
57,10,13798,132.80613132338,0,0,571.269894187563,963.74844180316,54.185316712567
57,11,12515,128.518178186177,0,0,595.144226927687,1055.45521374351,33.1175389532561
57,12,12244,134.414897092453,0,0,548.420859196341,962.580610911467,44.186948709572
57,13,11333,132.627812582723,0,0,630.632930380305,1037.6545486632,45.0678549369099
57,14,13944,131.392426850258,0,0,616.102409638554,1050.68703384968,51.4547475616753
57,15,11030,130.777334542158,0,0,626.539256572983,1003.68540344515,39.1631912964642
57,16,11638,129.369221515724,0,0,730.379017013233,1101.65543907888,41.4033339061694
57,17,12770,131.928817541112,0,0,540.438214565388,1085.7907595928,46.8803445575568
57,18,10855,126.991248272685,0,0,679.168401658222,988.284385076002,47.070935052971
57,19,10120,130.213043478261,0,0,526.732707509881,1024.73982213439,58.851581027668
57,20,12114,124.482417038138,0,0,602.672940399538,1066.65832920588,58.4364371801222
57,21,10565,132.394794131566,0,0,553.414576431614,1042.52106010412,39.8637955513488
57,22,10569,124.210426719652,0,0,609.133787491721,991.862049389725,60.5729964991958
57,23,10331,123.088471590359,0,0,704.615526086536,1012.63972509922,55.1639725099216
57,24,12419,130.903051775505,0,0,640.566712295676,1145.95853128271,36.3544568805862
57,25,9807,123.440603650454,0,0,549.735495054553,1124.71092077088,35.4820026511675
57,26,11034,125.511328620627,0,0,752.34230560087,1066.41562443357,47.9809679173464
57,27,8920,128.346412556054,0,0,575.584753363229,1128.52298206278,52.540134529148
57,28,10916,128.137046537193,0,0,487.214730670575,1024.26117625504,41.1521619640894
57,29,11100,127.684054054054,0,0,673.309279279279,1110.61693693694,53.8272972972973
57,30,10788,124.442436040044,0,0,493.911290322581,1102.73062662217,50.0280867630701
57,31,5012,175.612928970471,0,0,687.25798084597,1107.70550678372,29.616320830008
58,1,14340,133.624337517434,0,0,638.703207810321,1121.3889818689,41.8147838214784
58,2,14024,129.795849971477,0,0,701.390045636052,1011.01925270964,38.157586993725
58,3,13488,127.092304270463,0,0,607.701067615658,1061.46433867141,32.6394572953737
58,4,11903,132.839788288667,0,0,627.98403763757,1044.89305217172,44.9090145341511
58,5,13761,133.67218952111,0,0,660.388416539496,1145.40585713248,35.933653077538
58,6,16150,124.976470588235,0,0,563.218699690402,1172.96507739938,45.5725077399381
58,7,12403,129.018543900669,0,0,578.640490203983,921.644924615013,42.2380875594614
58,8,14937,126.860614581241,0,0,620.963647318739,918.148691169579,53.2245430809399
58,9,12020,126.449001663894,0,0,683.754242928453,1160.865640599,45.5678036605657
58,10,13582,125.731114710646,0,0,476.134589898395,1012.56464438227,51.2802238256516
58,11,12925,127.827079303675,0,0,532.122630560928,918.558375241779,50.1136557059961
58,12,11606,129.607961399276,0,0,632.078407720145,981.87385834913,33.445459245218
58,13,10532,128.927554120775,0,0,630.066274211926,1011.00493733384,39.1914166350171
58,14,12172,131.57706210976,0,0,540.279165297404,970.704157081827,43.8098093986198
58,15,10559,129.467089686523,0,0,556.759636329198,1051.22975660574,39.4611232124254
58,16,11435,127.234105815479,0,0,671.86313948404,994.34578049847,47.6008745080892
58,17,14108,131.196058973632,0,0,613.469449957471,1060.2843067763,51.5328182591437
58,18,10512,124.609113394216,0,0,581.430270167428,1143.77796803653,52.6034056316591
58,19,12299,123.861289535735,0,0,495.812830311407,1120.86657451825,50.4545898040491
58,20,14048,130.88930808656,0,0,561.212912870159,975.316842255125,53.9353644646925
58,21,12488,129.510169762972,0,0,539.319186418962,1097.52250160154,46.2604900704676
58,22,11354,127.054077858024,0,0,748.072485467677,1063.10489695262,48.7324290998767
58,23,11435,132.40970703979,0,0,737.742369916922,1093.45229558373,41.930039352864
58,24,10743,122.516429302802,0,0,560.772968444569,1127.42222842781,34.6122126035558
58,25,11054,122.829744888728,0,0,695.85190881129,1006.44137868645,55.162927447078
58,26,10059,123.935878317924,0,0,597.799582463466,997.212943632568,60.6882393876131
58,27,11885,124.171729070257,0,0,601.242827092974,1076.43432898612,58.1716449305848
58,28,10156,129.061343048444,0,0,513.796967309965,1041.06321386373,58.2759944860181
58,29,11006,127.57023441759,0,0,669.250136289297,1110.8938760676,53.8084681083046
58,30,5090,189.948330058939,0,0,706.593123772102,1100.18172888016,29.883300589391
58,31,10789,125.724348873853,0,0,490.112892761146,1038.50671980721,40.2257855222912
59,1,16685,124.916871441414,0,0,664.847108181001,1113.79424632904,54.6225951453401
59,2,12471,134.012749579023,0,0,562.286504690883,953.073209846845,44.4098308074733
59,3,13477,128.298137567708,0,0,567.662610373229,897.75610299028,50.5204422349188
59,4,13146,129.033850600943,0,0,608.579263654344,912.589000456413,42.7135250266241
59,5,16555,131.500694654183,0,0,624.871156750227,1120.45696164301,42.3870733917246
59,6,11560,129.835467128028,0,0,646.673788927336,982.036937716263,34.1585640138408
59,7,13124,131.347455044194,0,0,628.388829625114,1044.84029259372,45.5638524839988
59,8,14444,133.154666297425,0,0,582.359872611465,960.941844364442,54.4166435890335
59,9,16773,124.74107196089,0,0,540.500327907947,1153.73636201037,46.7296249925475
59,10,10957,130.580450853336,0,0,556.065620151501,1034.76781965867,40.3804873596787
59,11,11882,126.120265948494,0,0,684.960696852382,1004.19912472648,47.4769399091062
59,12,12135,128.709765142151,0,0,570.23123197363,1131.26988051092,54.1053152039555
59,13,13946,128.001577513265,0,0,706.761150150581,1028.9680195038,38.2713322816578
59,14,12536,129.327855775367,0,0,530.941209317167,1077.01786853861,47.3671825143586
59,15,13969,126.747655522944,0,0,600.148686376978,1054.96613930847,33.5385496456439
59,16,12958,128.290245408242,0,0,634.31324278438,1147.06536502547,36.6098163296805
59,17,15182,126.51462257937,0,0,651.086747464102,918.786194177315,53.3817678830194
59,18,11143,130.214035717491,0,0,525.902001256394,1013.98707708876,59.1701516647222
59,19,10583,129.293300576396,0,0,635.771709345176,1013.39402815837,39.57148256638
59,20,10500,126.330095238095,0,0,661.644380952381,1170.87676190476,45.8093333333333
59,21,8587,124.504134156283,0,0,705.797717479912,1019.89251193665,55.1686269942937
59,22,8963,124.397076871583,0,0,617.461898917773,986.597009929711,60.8937855628696
59,23,14783,132.754041804776,0,0,613.934992897247,1055.72407495096,52.3341676249746
59,24,10291,124.683607035274,0,0,598.703624526285,1064.04586531921,58.6843844135653
59,25,12086,128.451845110045,0,0,496.390203541287,1009.28322025484,41.2735396326328
59,26,11973,127.884490102731,0,0,489.393719201537,974.496617389126,52.4456694228681
59,27,11401,129.962459433383,0,0,728.002368213315,1115.82124375055,42.188141391106
59,28,11374,129.382451204502,0,0,482.434235976789,1084.6976437489,51.8535255846668
59,29,11055,125.502578018996,0,0,745.163998190864,1087.68937132519,48.869289914066
59,30,4809,174.200041588688,0,0,688.711582449574,1115.29340819297,30.2004574755666
59,31,8944,125.704718246869,0,0,538.132602862254,1112.04729427549,35.9996645796064
60,1,13626,128.608028768531,0,0,593.762219286658,920.569646264494,41.926831058271
60,2,14318,125.804651487638,0,0,558.178795921218,1167.91968151977,46.490571308842
60,3,14992,132.986125933831,0,0,639.329642475987,1122.35532283885,42.9978655282817
60,4,14454,127.568147225681,0,0,716.738895807389,1021.50352843504,38.7348830773488
60,5,14118,127.172474854795,0,0,615.257685224536,1065.48958776031,32.9900835812438
60,6,14996,126.66971192318,0,0,635.158308882369,916.139837289944,52.9249133102161
60,7,14305,130.934708144006,0,0,538.016218105558,1087.39098217406,47.520727018525
60,8,12646,126.345563814645,0,0,683.626996678792,1169.42970109125,46.7151668511782
60,9,12342,129.459001782531,0,0,646.998298492951,975.20725976341,34.507049100632
60,10,13937,130.510798593672,0,0,660.474205352658,1147.78510439836,36.3576092415871
60,11,12349,126.370799255,0,0,485.158150457527,996.549113288525,51.6211029233136
60,12,11898,128.720373171962,0,0,638.289544461254,1017.09715918642,39.5494200706001
60,13,11995,127.131388078366,0,0,677.758649437265,1108.9835764902,54.6494372655273
60,14,12070,130.967357083679,0,0,627.401408450704,1048.61814415907,45.6630488815244
60,15,11807,133.400016939104,0,0,558.249513000762,974.051833658,43.7734394850512
60,16,11636,128.210811275352,0,0,561.634754211069,1052.02672739773,39.7432107253352
60,17,13619,132.711432557457,0,0,573.796313973126,970.202364343931,54.1579411116822
60,18,12313,128.710062535532,0,0,552.086087874604,908.794120035735,49.9604483066678
60,19,11973,126.764303015117,0,0,684.094796625741,1001.93994821682,47.2729474651299
60,20,11140,129.904757630162,0,0,521.885098743267,1029.49551166966,58.8526032315978
60,21,11457,125.040848389631,0,0,755.111460242646,1073.71641791045,49.4655669023305
60,22,11070,130.344173441734,0,0,742.024570912376,1105.74227642276,42.2438121047877
60,23,11623,123.029252344489,0,0,705.276176546503,1005.99733287447,55.3983481028994
60,24,11344,123.989333568406,0,0,604.334361777151,1069.27221438646,58.9420839210155
60,25,10419,122.50935790383,0,0,559.380746712736,1125.6937326039,35.156828870333
60,26,14642,130.875221964213,0,0,616.536470427537,1062.55429586122,52.415995082639
60,27,10696,125.270661929693,0,0,582.331899775617,1139.63893044129,54.9396035901271
60,28,11744,126.754427792916,0,0,494.517370572207,1034.04862057221,40.3933072207084
60,29,10361,123.952417720297,0,0,611.452852041309,986.856094971528,60.7828394942573
60,30,7737,126.251906423678,0,0,479.152901641463,1111.11180043945,51.3763732712938
60,31,5015,180.150348953141,0,0,708.734596211366,1108.42911266201,30.4713858424726
61,1,15301,136.391543036403,0,0,638.11156133586,1118.667407359,42.6843343572316
61,2,15451,128.978253834703,0,0,612.958837615688,1058.92026406058,32.7373632774578
61,3,14370,130.921433542102,0,0,582.414474599861,920.426791927627,42.073208072373
61,4,17982,126.326159492826,0,0,566.863363363363,1172.85407629852,46.4745300856412
61,5,12581,126.504172959224,0,0,679.047690962563,1106.20984023528,54.7064621254272
61,6,14922,127.988406379842,0,0,627.525599785552,914.890765312961,53.0253317249698
61,7,12682,126.536981548652,0,0,692.083425327235,1164.0553540451,46.2382116385428
61,8,11888,131.611709286676,0,0,638.996214670256,964.732671601615,34.4518001345895
61,9,11590,130.360396893874,0,0,629.018205349439,1014.1625539258,39.5452976704055
61,10,15650,132.116869009585,0,0,661.214249201278,1142.26319488818,36.2807028753994
61,11,14289,128.611589334453,0,0,709.41682413045,1009.46553292743,38.238715095528
61,12,13910,133.97771387491,0,0,565.661538461538,972.230050323508,54.3851186196981
61,13,11897,126.669412456922,0,0,475.561149869715,1001.95250903589,51.8365134067412
61,14,11845,129.96977627691,0,0,517.613761080625,1034.04010130857,59.1146475306036
61,15,13600,133.837205882353,0,0,535.646397058823,1090.16176470588,47.6322058823529
61,16,12680,130.37665615142,0,0,542.359936908517,910.940615141956,50.4473186119874
61,17,11572,134.123487729001,0,0,626.728741790529,1044.47684064984,45.5675769097822
61,18,12476,136.020759858929,0,0,551.584482205835,976.003687079192,44.468900288554
61,19,12321,128.851148445743,0,0,746.506695885074,1092.97427156887,41.8560993425858
61,20,11689,123.053811275558,0,0,560.301223372401,1128.56694328001,35.2099409701429
61,21,4702,185.859846873671,0,0,705.792428753722,1098.4119523607,29.9319438536793
61,22,11281,131.088910557575,0,0,558.432231185179,1052.35165322223,39.8202287031292
61,23,11928,127.470573440644,0,0,680.724010731053,995.478873239437,47.1457075788062
61,24,10986,123.300109229929,0,0,702.511560167486,997.716457309303,55.4007828144912
61,25,8935,124.549860100727,0,0,481.61466144376,1120.01645215445,51.1796306659205
61,26,11114,124.648011517006,0,0,608.009897426669,984.023393917581,60.9277487853158
61,27,11210,125.163068688671,0,0,587.61766280107,1141.03238180196,55.0092774308653
61,28,11686,125.262536368304,0,0,754.506075646072,1063.41613896971,49.2330994352216
61,29,11365,124.76665200176,0,0,606.644874615046,1068.97765068192,59.059304883414
61,30,12105,127.979429987608,0,0,492.581082197439,1039.03519206939,39.9408508880628
61,31,15121,133.704913696184,0,0,614.552542821242,1060.4786720455,52.509027180742
62,1,17210,125.650610110401,0,0,575.204764671702,1178.10214991284,45.9439279488669
62,2,13376,132.930846291866,0,0,551.650269138756,978.935855263158,45.0386513157895
62,3,13737,124.694329183956,0,0,685.237242483803,1105.14457305088,54.9620004367766
62,4,13297,125.365646386403,0,0,477.561931262691,1014.179664586,51.6718808753854
62,5,14028,127.558169375535,0,0,709.572996863416,998.451881950385,39.0819788993442
62,6,15062,131.511419466206,0,0,563.356592749967,987.583587836941,54.9773602443235
62,7,14157,127.826234371689,0,0,753.535282898919,1079.42417178781,41.8089990817264
62,8,12620,129.848256735341,0,0,535.067115689382,915.174167987322,51.2501584786054
62,9,12362,128.999838213881,0,0,635.231273256755,952.503640187672,35.5460281507847
62,10,14317,123.668855207096,0,0,591.755395683453,1149.33687224977,54.7185164489767
62,11,12144,122.334815546772,0,0,562.018527667984,1128.582756917,34.5529479578393
62,12,14404,129.379061371841,0,0,578.457164676479,919.016106637045,43.4941682865871
62,13,14941,131.515695067265,0,0,671.427213707248,1131.11685964795,35.9900943711934
62,14,16092,126.389075316928,0,0,614.668033805618,1047.76603281133,33.3965945811583
62,15,13402,123.600358155499,0,0,608.581629607521,1081.15751380391,59.499850768542
62,16,14786,127.14466387123,0,0,618.043013661572,915.79399431895,55.3669011226836
62,17,16158,133.403267731155,0,0,646.847691545983,1114.53354375542,43.2335066221067
62,18,11544,123.724445599446,0,0,598.365471240471,995.269317394317,62.0288461538462
62,19,11587,131.249503754207,0,0,632.204108052127,1044.56244066626,46.6371795978251
62,20,9942,130.506236169785,0,0,565.168074834037,1050.84168175417,40.6648561657614
62,21,13884,123.43596946125,0,0,489.556611927398,1131.71629213483,51.0196629213483
62,22,13054,131.650222154129,0,0,541.32273632603,1096.08870844186,47.3272560134825
62,23,11491,127.656513793404,0,0,637.755373770777,1006.92924897746,40.5337220433383
62,24,12666,128.075793462814,0,0,496.225801357966,1036.21877467235,39.7376440865309
62,25,10970,122.769188696445,0,0,696.039197812215,996.047037374658,56.8505013673655
62,26,10206,129.020968058005,0,0,514.640799529688,1050.25328238291,59.0694689398393
62,27,12317,125.316067224162,0,0,762.2680847609,1057.31720386458,49.6970041406187
62,28,11030,126.684315503173,0,0,680.628558476881,988.413871260199,48.2470534904805
62,29,16016,130.946178821179,0,0,611.37706043956,1066.48083166833,52.9192057942058
62,30,10293,127.176624890702,0,0,699.382687263189,1161.67677062081,46.3959972797047
62,31,4717,181.181895272419,0,0,714.64871740513,1077.20860716557,30.6001695993216
63,1,19069,126.568828989459,0,0,570.986942157428,1175.24767947978,46.0153652525041
63,2,16076,130.061458074148,0,0,588.078875342125,915.305921871112,43.5205274944016
63,3,14227,128.569621142897,0,0,715.475012300555,1003.50664229985,39.5617487875167
63,4,18162,136.384869507763,0,0,644.23246338509,1113.24259442793,43.6699702675917
63,5,13479,130.177164478077,0,0,540.335336449292,907.599450997849,51.3068476889977
63,6,11630,130.657695614789,0,0,565.692175408426,1043.78323301806,40.7557179707653
63,7,16404,133.391977566447,0,0,608.167337234821,1063.23061448427,52.9601926359425
63,8,13248,134.68833031401,0,0,556.55910326087,974.685160024155,45.0622735507246
63,9,13432,128.89472900536,0,0,755.257072662299,1087.06625967838,42.1039309112567
63,10,13064,126.919932639314,0,0,690.068661971831,988.39995407226,48.556338028169
63,11,13225,131.480075614367,0,0,640.62034026465,955.532173913043,35.6040075614367
63,12,16124,134.388923344083,0,0,670.919250806252,1132.47351773753,36.491751426445
63,13,11810,130.51549534293,0,0,643.970702794242,1006.80304826418,40.7481795088908
63,14,15844,128.956576622065,0,0,617.48674577127,1047.61360767483,33.7777707649583
63,15,12124,124.184427581656,0,0,597.573738040251,991.209749257671,61.9303860112174
63,16,13033,125.318575922658,0,0,763.280518683342,1063.28021177012,50.4553824906008
63,17,14155,131.136912751678,0,0,538.48216178029,1089.10766513599,47.3825503355705
63,18,14385,124.347306221759,0,0,582.887104622871,1140.34640250261,55.1684393465415
63,19,15620,128.115044814341,0,0,627.027848911652,912.324711907811,55.5230473751601
63,20,11591,133.474160986973,0,0,632.560089724787,1041.7519627297,47.0010352859978
63,21,14784,133.868100649351,0,0,566.469358766234,981.035646645022,55.0542478354978
63,22,13242,125.938075819363,0,0,477.764310527111,999.967225494638,51.328349191965
63,23,10867,129.349774546793,0,0,512.812459740499,1041.0628508328,58.8391460384651
63,24,13466,127.901901084212,0,0,498.769864844794,1026.99598990049,39.5761918906877
63,25,12108,124.499256689792,0,0,603.64692765114,1077.51437066402,59.7254707631318
63,26,13518,126.747743749075,0,0,678.633969522119,1105.21571238349,55.6395176801302
63,27,12119,123.152322798911,0,0,697.520257446984,996.250515719119,57.5660533047281
63,28,11447,123.826242683673,0,0,560.642439067004,1125.58976150957,34.0237616842841
63,29,11354,128.131495508191,0,0,696.049145675533,1165.96432975163,46.8721155539898
63,30,4909,190.946628641271,0,0,718.859441841516,1083.11224281931,30.9238134039519
63,31,8270,125.516324062878,0,0,474.781378476421,1117.80701330109,50.6575574365175
64,1,11324,126.783821971035,0,0,480.425114800424,1112.9101024373,53.7338396326386
64,2,14976,128.774038461538,0,0,568.56797542735,933.296073717949,39.9818376068376
64,3,13208,135.879618413083,0,0,543.376438522108,986.736296184131,43.9308752271351
64,4,14579,127.948899101447,0,0,695.543727278963,1020.27697372934,36.4173811646889
64,5,13848,127.965699017909,0,0,637.991334488735,1119.7299971115,43.9198440207972
64,6,13523,130.41625378984,0,0,532.056644235746,912.094357760852,47.905124602529
64,7,14879,135.546474897507,0,0,534.207473620539,1091.46925196586,48.8540896565629
64,8,14047,126.165871716381,0,0,476.257492703068,1002.83156545882,51.2322915925109
64,9,16108,131.364663521232,0,0,571.576297491929,968.410044698287,52.8503228209585
64,10,14012,127.319940051385,0,0,598.049029403369,1077.70289751641,33.2775478161576
64,11,12585,127.079300754867,0,0,682.122685736989,982.60810488677,44.9372268573699
64,12,12209,130.259890244901,0,0,551.118109591285,1063.37832746335,41.0642968302072
64,13,13024,129.33468980344,0,0,611.720055282555,992.17652027027,33.1319103194103
64,14,13592,124.192686874632,0,0,615.790979988228,1047.38993525603,58.9423190111831
64,15,13335,129.584851893513,0,0,624.08638920135,1027.53955755531,39.2819647544057
64,16,11918,123.034821278738,0,0,698.14406779661,974.740392683336,54.2354421882866
64,17,14378,129.509111142023,0,0,664.207678397552,1157.87112254834,37.2029489497844
64,18,14555,127.974854002061,0,0,622.383854345586,899.64692545517,51.9637238062521
64,19,14454,128.555071260551,0,0,753.045246990452,1098.68264840183,38.4508094645081
64,20,12264,129.377364644488,0,0,521.917074363992,1023.20441943901,58.3433626875408
64,21,16799,133.706113459134,0,0,612.161378653491,1053.14584201441,52.4690160128579
64,22,17901,126.039774314284,0,0,565.76509692196,1176.95028210714,49.0474833808167
64,23,11338,126.576203916035,0,0,594.255424237079,1123.44840359852,56.4607514552831
64,24,13719,123.761790217946,0,0,684.039798819156,1082.39310445368,54.982141555507
64,25,11389,127.157432610414,0,0,688.575028536307,1179.35112828168,46.5768724207569
64,26,11741,127.243079805809,0,0,481.180989694234,1054.07827271953,39.5905800187378
64,27,12507,124.74062524986,0,0,607.06524346366,963.364196050212,59.5868713520429
64,28,13077,121.364686090082,0,0,538.497438250363,1170.79857765543,33.9629884530091
64,29,13268,125.718269520651,0,0,770.591272233946,1045.10446186313,48.092327404281
64,30,12061,129.206782190531,0,0,622.674985490424,1044.75599038222,45.8941215487936
64,31,4723,178.780436163455,0,0,694.830404403981,1116.9172136354,29.1808172771544
65,1,17641,134.210872399524,0,0,610.263533813276,1049.80590669463,52.9436539878692
65,2,15996,128.679857464366,0,0,594.515878969742,1068.16741685421,33.7543135783946
65,3,15292,130.508762751766,0,0,577.947815851426,926.047671985352,40.315262882553
65,4,11858,130.918030021926,0,0,550.022010457075,1051.54199696407,41.477652217912
65,5,13229,130.515004913448,0,0,547.08065613425,899.596265779726,48.4418323380452
65,6,13519,127.074413788002,0,0,673.556624010652,1185.40261853687,46.9621273762852
65,7,15829,133.24954197991,0,0,651.927474887864,1157.75279550193,37.3288900120033
65,8,14754,130.749356106818,0,0,697.945506303375,1021.34038226922,36.367900230446
65,9,12622,128.822928220567,0,0,688.648074790049,983.715655205197,45.0183013785454
65,10,12911,137.384943071799,0,0,548.679730462396,975.600573154674,44.3838587251181
65,11,15723,132.678560071233,0,0,530.774279717611,1079.83272912294,49.3057304585639
65,12,12605,132.52463308211,0,0,612.919873066244,985.337326457755,33.2658468861563
65,13,15162,128.712834718375,0,0,638.175108824693,895.604867431737,52.350943147342
65,14,17730,126.544275239707,0,0,548.859560067682,1169.1972927242,49.5469261139312
65,15,15589,132.867919686959,0,0,579.779716466739,959.11161716595,53.1903265122843
65,16,13888,132.126224078341,0,0,743.783842165899,1109.95838133641,37.8174683179723
65,17,13568,125.511497641509,0,0,482.971477004717,984.431677476415,51.4331515330189
65,18,12818,127.443750975191,0,0,483.879778436574,1037.61202995787,40.2256202215634
65,19,12402,129.879858087405,0,0,525.416303821964,1009.76979519432,58.4585550717626
65,20,13111,125.944169018382,0,0,480.257798794905,1094.90016017085,53.9817710319579
65,21,12081,124.559390778909,0,0,706.517920701929,979.729161493254,54.1768893303534
65,22,12569,124.859177341077,0,0,618.946614686928,1046.08584612937,59.3666958389689
65,23,13982,131.768845658704,0,0,625.056358174796,1021.52753540266,39.5965527106279
65,24,11279,126.309335934037,0,0,586.040783757425,1115.5156485504,56.980228743683
65,25,13137,131.673593666743,0,0,624.005480703357,1036.71218695288,46.2690111897694
65,26,10269,130.181419807187,0,0,623.012562080047,1111.57999805239,45.1148115687993
65,27,11791,125.473242303452,0,0,616.341277245357,958.08464082775,59.8248664235434
65,28,13780,126.078374455733,0,0,774.323149492017,1048.18265602322,48.3799709724238
65,29,12650,126.544505928854,0,0,679.730830039526,1084.49889328063,55.1424505928854
65,30,4613,197.763494472144,0,0,684.287448515066,1121.09516583568,29.3305874701929
65,31,7659,124.406580493537,0,0,512.238673456065,1155.13304608957,33.6579187883536
66,1,17840,131.448878923767,0,0,644.807791479821,1115.18553811659,45.3589686098655
66,2,13375,125.82691588785,0,0,612.217420560748,1046.58452336449,58.6509906542056
66,3,17260,125.916685979143,0,0,583.045249130939,1187.48146002318,49.5216106604867
66,4,12484,128.853412367831,0,0,516.413729573855,1035.31472284524,57.5986062159564
66,5,14649,129.430882654106,0,0,609.860741347532,1072.9956311011,32.8154822854802
66,6,17893,131.122506007936,0,0,690.007097747723,1156.55692170122,37.8275862068966
66,7,15074,130.504444739286,0,0,561.025142629694,942.666511874751,39.0920127371633
66,8,13771,137.347469319585,0,0,540.935153583618,997.392273618474,43.5576210877932
66,9,15990,123.870481550969,0,0,685.113133208255,1072.67448405253,56.037148217636
66,10,14144,130.881787330317,0,0,515.05663178733,927.601173642534,47.2661906108597
66,11,15051,129.00511593914,0,0,704.322769251213,1010.94385755099,36.2112152016477
66,12,17235,128.927415143603,0,0,599.482970699159,900.641775456919,51.6282564548883
66,13,13194,127.326360466879,0,0,677.308928300743,970.374185235713,45.0786721236926
66,14,16167,132.847652625719,0,0,561.68479000433,974.636481722026,51.830766375951
66,15,15054,129.442075195961,0,0,763.589810017271,1086.76165803109,37.7419954829281
66,16,12897,132.958905171745,0,0,561.135768008064,1069.5328370939,41.3146468170892
66,17,14325,125.669528795812,0,0,473.102757417103,1024.14855148342,50.00907504363
66,18,13333,131.465836645916,0,0,609.699017475437,996.289882247056,32.7863946598665
66,19,12574,126.069349451249,0,0,589.952441546047,959.193335454112,59.2136949260379
66,20,12773,124.002896735301,0,0,686.937837626243,966.084788225162,54.5191419400297
66,21,13441,132.443865783796,0,0,538.027230116807,1102.37460010416,48.6684770478387
66,22,13026,126.788576692768,0,0,600.221173038538,1122.31352679257,56.4043451558422
66,23,13635,130.913531353135,0,0,625.809754308764,1019.22244224422,38.8778877887789
66,24,12358,125.49813885742,0,0,496.995711280142,1129.54628580676,52.861628095161
66,25,17254,135.141764228585,0,0,611.882462037788,1056.22319462154,52.8901124376956
66,26,11466,126.279522065236,0,0,701.955607884179,1179.49119134833,47.7282400139543
66,27,13940,130.652654232425,0,0,623.419799139168,1034.30236728838,46.504806312769
66,28,11019,126.705327162174,0,0,491.889826663037,1076.18586078592,38.4800798620564
66,29,10265,122.067803214808,0,0,547.849878226985,1187.73794447151,32.299951290794
66,30,4426,193.11003163127,0,0,709.498644374153,1116.93018526887,29.2749661093538
66,31,13011,125.663976635155,0,0,775.347014065022,1001.85135654446,50.3711474905849
67,1,17365,129.032536711777,0,0,614.358537287648,897.353354448604,53.0441117189749
67,2,15296,130.414291317992,0,0,637.178739539749,1113.07335251046,45.696260460251
67,3,16225,133.31969183359,0,0,677.337072419106,1155.26027734977,37.8531278890601
67,4,15226,131.512084592145,0,0,713.985156968344,1009.93241823197,37.5304085117562
67,5,14330,129.161339846476,0,0,611.833914863922,1058.53907885555,33.5159804605722
67,6,12977,129.376435231564,0,0,564.824304538799,1052.29351930338,41.6341219079911
67,7,12753,128.905277189681,0,0,686.326432996158,973.081235787658,46.52528816749
67,8,13876,124.499495531854,0,0,476.897665033151,999.509584894782,49.9628134909196
67,9,11920,125.760151006711,0,0,492.569295302013,1050.27172818792,38.6299496644295
67,10,12748,132.408926890493,0,0,622.351506118607,982.219642296831,33.8435833071854
67,11,12989,128.359150050042,0,0,534.82154130418,912.077219185465,48.512664562322
67,12,15012,129.558686384226,0,0,582.392885691447,926.097455369038,40.0770050626166
67,13,13747,133.749399869062,0,0,547.770131665091,979.945078926311,44.1627991561795
67,14,12224,127.144306282723,0,0,516.558736910995,1024.7675065445,57.7086060209424
67,15,14012,132.151441621467,0,0,634.113117328005,1009.53297173851,39.5875677990294
67,16,16327,131.355729772769,0,0,572.951491394622,966.449868316286,53.0742941140442
67,17,16765,134.947509692812,0,0,606.846525499553,1054.47658813003,53.836862511184
67,18,14360,130.905013927577,0,0,530.864206128134,1086.8286908078,48.9094707520891
67,19,15389,133.670154006108,0,0,761.55845084151,1097.74085385665,38.5410358047956
67,20,13364,128.34982041305,0,0,686.84226279557,1189.16207722239,47.8534121520503
67,21,11671,126.154828206666,0,0,583.008054151315,1120.01285236912,56.5134093051152
67,22,11293,124.133091295493,0,0,479.893739484637,1109.81802886744,52.9276542991234
67,23,5480,198.113686131387,0,0,705.666058394161,1113.55255474453,29.9554744525547
67,24,12046,124.624688693342,0,0,694.88842769384,974.815457413249,55.9373235928939
67,25,11789,125.243447281364,0,0,595.622529476631,958.222325897023,60.3267452710154
67,26,17491,125.098107598193,0,0,567.068892573323,1178.98553541822,49.6102567034475
67,27,13141,132.929381325622,0,0,622.954265276615,1029.10585191386,47.481850696294
67,28,11827,125.384628392661,0,0,607.736196837744,1049.59761562526,59.9423353344043
67,29,13626,125.184793776604,0,0,674.706957287539,1080.9173638632,57.1555115220901
67,30,13017,127.507874318199,0,0,780.219251747715,1019.48060228931,52.5412921564108
67,31,12732,121.884857053095,0,0,530.98766886585,1165.53557964185,32.4851555136663
68,1,18796,128.809427537774,0,0,610.12289848904,894.357363268781,54.3690678867844
68,2,17441,134.642566366607,0,0,683.265753110487,1147.22699386503,38.1204059400264
68,3,14434,123.298877649993,0,0,473.323888042123,1105.1300401829,52.2080504364694
68,4,15146,131.950878119636,0,0,721.329525947445,1000.49511422158,38.5004621682292
68,5,15430,131.134867141931,0,0,586.673298768633,919.126895657809,40.7914452365522
68,6,15039,124.28346299621,0,0,470.824256931977,993.164771593856,49.4081388390186
68,7,14205,128.047025695178,0,0,680.96825061598,1184.95480464625,48.611897219289
68,8,13278,126.873700858563,0,0,494.562358788974,1036.88499774062,37.9198674499172
68,9,15753,130.757760426585,0,0,617.028819907319,1047.02164667048,33.9324573097188
68,10,14059,137.638381108187,0,0,546.691372074828,972.254854541575,45.006045949214
68,11,14330,134.219260293091,0,0,614.381926029309,1016.40865317516,48.5030006978367
68,12,13682,129.104882327145,0,0,685.226428884666,957.969156556059,47.9332699897676
68,13,13589,133.360144234307,0,0,627.65133563912,973.079549635735,34.600927220546
68,14,17744,126.271246618575,0,0,557.875056357078,1177.97841523895,49.5323489630298
68,15,12031,126.886044385338,0,0,570.581996509018,1119.81555980384,56.438201313274
68,16,12140,127.5215815486,0,0,500.640609555189,1019.32479406919,57.6850906095552
68,17,14072,133.128766344514,0,0,524.827387720296,1074.65854178511,48.88679647527
68,18,17213,133.221053854645,0,0,565.999535234997,959.634810898739,53.7084180561204
68,19,12486,132.563350953067,0,0,625.398846708313,1103.63190773666,46.9778151529713
68,20,14249,131.392659133974,0,0,566.128851147449,1037.43504807355,41.8518492525791
68,21,12794,125.364780365796,0,0,582.071830545568,955.000859778021,61.1010629982804
68,22,13568,129.970150353774,0,0,528.112175707547,906.826945754717,49.3626916273585
68,23,15281,125.846148812251,0,0,656.202539100844,1084.47542700085,58.7019828545252
68,24,15693,132.670235136685,0,0,770.042503026827,1088.99891671446,39.6298349582616
68,25,13168,124.606698055893,0,0,684.079738760632,973.403478128797,58.1179374240583
68,26,17447,135.854072333352,0,0,597.209548919585,1049.75588926463,55.0048718977475
68,27,10945,125.421653723161,0,0,590.985290086798,1047.85673823664,60.5477386934673
68,28,14177,132.448684488961,0,0,634.746772942089,1001.35804472032,40.866614939691
68,29,6002,194.749083638787,0,0,713.656947684105,1106.57330889703,30.6647784071976
68,30,9577,125.237339459121,0,0,540.379450767464,1146.09063381017,30.9564581810588
68,31,17359,126.491618180771,0,0,775.249035082666,1019.19240739674,55.5434644852814
69,1,16908,128.911343742607,0,0,685.069434587178,1143.20167967826,40.8039389638041
69,2,15382,128.850149525419,0,0,660.255558444936,1026.88356520608,35.763424782213
69,3,18600,125.736935483871,0,0,524.762688172043,1138.44897849462,48.5610215053763
69,4,18360,126.233986928105,0,0,643.152832244009,881.217647058824,56.4990740740741
69,5,14339,130.273450031383,0,0,543.380988911361,978.955436222889,36.5866517888277
69,6,15798,128.329535384226,0,0,651.974490441828,895.968603620712,42.3937207241423
69,7,16983,133.813342754519,0,0,586.100217864924,931.224754165931,54.4942000824354
69,8,18395,123.144767599891,0,0,620.51704267464,1078.12633867899,61.0240826311498
69,9,13695,129.347133990507,0,0,597.120774005111,1000.38393574297,42.0174516246805
69,10,14742,135.382716049383,0,0,584.652760819427,936.84357617691,45.1579161579162
69,11,15336,129.470396452791,0,0,574.38895409494,869.751825769431,49.6607329160146
69,12,11823,123.656601539372,0,0,678.633764695932,977.394231582509,61.8528292311596
69,13,14972,129.713732300294,0,0,761.367485973818,1012.97314987978,42.8466470745391
69,14,12910,135.671959721146,0,0,629.611076684741,995.224244771495,50.0639814097599
69,15,14706,130.598123215014,0,0,500.154970760234,969.729362165103,56.0519515843873
69,16,15566,134.888731851471,0,0,615.256584864448,1084.86663240396,48.0279455222922
69,17,13790,126.694198694706,0,0,497.021102248006,937.444742567078,47.2361131254532
69,18,14864,135.901977933262,0,0,586.495963401507,1024.18817276642,55.701560818084
69,19,13128,125.021480804388,0,0,580.769957343083,926.669485070079,61.9062309567337
69,20,12366,126.759178392366,0,0,713.449781659389,957.36616529193,51.7259420993045
69,21,14803,125.624468013241,0,0,574.712896034588,1103.8577315409,30.1833412146187
69,22,13580,129.207805596465,0,0,674.184536082474,988.716200294551,43.339175257732
69,23,13243,130.898285886884,0,0,690.098618137884,962.21792645171,37.0737748244356
69,24,14588,133.066287359474,0,0,529.047916095421,1024.8755141212,47.5387304633946
69,25,13260,126.545475113122,0,0,465.557315233786,1043.82647058824,49.159653092006
69,26,12231,127.283214782111,0,0,540.306843267108,1086.14822990761,55.6628239718747
69,27,10535,125.619553868059,0,0,562.269292833412,1024.36032273374,60.6346464167062
69,28,10010,124.304295704296,0,0,640.343356643357,1180.03966033966,50.3832167832168
69,29,12296,125.603692257645,0,0,759.988776837996,1045.7697625244,61.127358490566
69,30,14155,135.340445072413,0,0,777.53980925468,1112.90406216885,44.1969622041681
69,31,5420,177.490590405904,0,0,742.525092250923,1114.24963099631,34.7972324723247
70,1,18533,128.61803269843,0,0,653.719041709383,878.885771326822,53.3561754707818
70,2,15893,130.302963568867,0,0,629.155854778833,869.435034291827,43.5102246271944
70,3,15167,133.081360849212,0,0,506.800553833982,932.319047933012,45.9471220412738
70,4,15774,132.959997464182,0,0,633.839482693039,990.957398250285,32.0394319766705
70,5,15582,131.417147991272,0,0,723.190925426774,1069.2070337569,38.6332948273649
70,6,14126,128.085232903865,0,0,707.903794421634,968.615319269432,54.046651564491
70,7,16506,130.664061553375,0,0,723.339815824549,927.027989821883,41.7849266933236
70,8,17262,129.286061870003,0,0,682.359402155023,1176.27169505272,44.9786814969297
70,9,13414,131.530341434322,0,0,503.31601312062,1055.84777098554,48.8333084836738
70,10,16661,135.752295780565,0,0,557.036492407419,1005.80067222856,41.4744613168477
70,11,14665,137.721718377088,0,0,632.714149335152,991.091578588476,48.4574156154108
70,12,15082,138.245192945233,0,0,645.151770322238,948.426601246519,41.1407638244265
70,13,14165,128.057536180727,0,0,558.463042710907,894.741546064243,55.39449346982
70,14,16010,137.309056839475,0,0,596.351155527795,913.853716427233,49.0372267332917
70,15,15951,127.234969594383,0,0,780.384803460598,1054.98877813303,49.6024700645728
70,16,16035,135.318615528531,0,0,601.746679139383,1080.18746492049,46.7149360773308
70,17,17739,127.219685438864,0,0,510.461750944247,1122.58565871808,42.8755848694966
70,18,12873,142.325332090422,0,0,562.52497475336,1001.30334809291,50.8482871125612
70,19,13889,127.529267765858,0,0,559.926560587515,923.958528331773,37.7323061415509
70,20,12906,127.530993336433,0,0,582.867813420115,1176.41352859135,51.547419804742
70,21,12725,134.242514734774,0,0,650.980117878193,1012.15929273084,40.1080550098232
70,22,13406,133.189318215724,0,0,757.621811129345,1010.80187975533,40.0237207220647
70,23,12409,128.593520831654,0,0,710.708759771134,1012.60907405915,45.2424852929325
70,24,12708,125.410607491344,0,0,756.75731822474,1155.35410764873,53.2251337740006
70,25,13660,128.577306002928,0,0,513.24458272328,981.962371888726,54.4628111273792
70,26,10982,127.983245310508,0,0,491.241030777636,1015.65980695684,38.5569113094154
70,27,13327,125.574923088467,0,0,615.744728746154,955.917760936445,60.6620394687477
70,28,16671,128.640933357327,0,0,537.118589166817,1047.52102453362,57.5033291344251
70,29,15688,126.898329933707,0,0,658.204487506374,1141.24254207037,29.6552779194289
70,30,14077,124.804858989842,0,0,668.455068551538,1044.82723591674,65.9643389926831
70,31,7864,183.088123092574,0,0,774.847533062055,1169.76309766022,42.3273143438454
71,1,16760,126.309785202864,0,0,496.988723150358,1123.41187350835,45.2671241050119
71,2,19883,129.873962681688,0,0,663.368103404919,875.752904491274,50.5251722577076
71,3,14124,130.589917870292,0,0,713.278603794959,960.989379779099,52.4882469555367
71,4,16214,136.717343036882,0,0,603.668558036265,915.952201800913,46.9359812507709
71,5,15239,137.398451341952,0,0,561.540061683838,992.906818032679,50.3274493076974
71,6,14810,142.495003376097,0,0,645.930722484808,964.911276164754,39.5409858203916
71,7,15804,132.202480384713,0,0,637.553467476588,883.370222728423,40.8857251328778
71,8,15328,133.130741127349,0,0,553.146333507307,1014.61736691023,41.1031445720251
71,9,19055,133.394594594595,0,0,714.30648123852,1094.34500131199,39.5631592757806
71,10,13885,136.634353619013,0,0,649.800864241988,1024.44141159525,40.0891609650702
71,11,14046,130.253951302862,0,0,509.985689876121,931.154278798234,44.4826997009825
71,12,12722,126.59943405125,0,0,570.655007074359,880.415186291464,52.6942304669077
71,13,16859,133.368764458153,0,0,593.609526069162,1080.84655080372,48.1815054273682
71,14,15067,133.150527643194,0,0,631.075927523727,1020.46671533816,31.5717793854118
71,15,16087,127.380058432275,0,0,572.508360788214,1166.60371728725,55.0082053832287
71,16,17666,135.502434054115,0,0,727.140495867769,949.121193252576,39.8453526548172
71,17,14281,125.958546320286,0,0,563.172186821651,942.77529584763,35.892864645333
71,18,15502,139.55592826732,0,0,631.730228357631,987.565604438137,47.4513611146949
71,19,14948,138.81000802783,0,0,753.388078672732,1038.25655606101,39.5083623227188
71,20,13879,125.526550904244,0,0,621.574537070394,929.755313783414,59.4128539520138
71,21,16041,130.386010847204,0,0,668.020198242005,1187.74428028178,47.832803441182
71,22,15288,130.228283621141,0,0,781.663461538462,1066.07679225536,49.8154761904762
71,23,11723,126.773266228781,0,0,488.276806278256,1025.90284056982,38.6723534931332
71,24,10844,131.76115824419,0,0,707.658981925489,1024.66165621542,44.9334194024345
71,25,12404,126.961141567236,0,0,519.093840696549,961.831344727507,53.3075620767494
71,26,15792,126.669389564336,0,0,534.492781155015,1022.71840172239,57.749493414387
71,27,11231,128.953788620782,0,0,741.887543406642,1161.18520167394,55.3264179503161
71,28,12278,129.065075745235,0,0,497.82708910246,1043.95642612803,49.9508877667373
71,29,13596,125.742718446602,0,0,668.493748161224,1016.05928214181,66.0614151220947
71,30,12951,125.809821635395,0,0,650.967647285924,1176.66643502432,32.1606053586596
71,31,11174,185.510470735636,0,0,762.632092357258,1190.04358331842,45.1844460354394
72,1,17002,127.870544641807,0,0,578.854781790378,1173.004822962,53.4310081166922
72,2,14774,130.747055638283,0,0,712.260795992961,946.958169757682,52.6706376066062
72,3,15394,144.041249837599,0,0,646.638625438483,952.293490970508,39.7131999480317
72,4,19927,131.13117880263,0,0,655.405630551513,872.83630250414,51.4207356852512
72,5,15645,133.258932566315,0,0,631.47861936721,878.978459571748,41.265196548418
72,6,17591,134.903132283554,0,0,724.98493547837,1081.4218634529,39.5938263884941
72,7,21157,127.340880086969,0,0,508.900694805502,1135.11523372879,44.4275653448031
72,8,17030,139.564180857311,0,0,597.270052847915,912.976746917205,47.689078097475
72,9,15212,138.719694977649,0,0,557.672429660794,1009.25223507757,41.095056534315
72,10,14485,138.113082499137,0,0,656.412633759061,1011.97694166379,40.4638591646531
72,11,15147,145.211857133426,0,0,557.872516009771,996.443718228032,50.0983032943817
72,12,13995,128.820292961772,0,0,555.574705251876,884.546981064666,53.4768846016434
72,13,15718,128.368940068711,0,0,560.968189337066,940.480531874284,35.9254358060822
72,14,13899,127.924454996762,0,0,508.113461400101,973.419670479891,53.0917332182171
72,15,15164,138.764376154049,0,0,639.909456607755,1008.56192297547,31.5512397784226
72,16,14469,130.437694381091,0,0,684.421660100905,1187.28301886792,47.5028682009814
72,17,18059,134.879284567252,0,0,727.335345257212,931.292541115233,40.4988648319398
72,18,18010,135.743142698501,0,0,594.719766796224,1074.42370905053,47.6858967240422
72,19,12433,127.9124909515,0,0,493.48025416231,1028.83744872517,37.994771977801
72,20,14741,142.675327318364,0,0,628.981005359202,983.784071636931,47.5619700156027
72,21,11727,128.328131661977,0,0,754.895113839857,1163.63647991814,54.6391233904664
72,22,13881,133.637057848858,0,0,503.080541747713,935.552769973345,44.4925437648584
72,23,15867,129.656771916556,0,0,795.553601815088,1044.84351169093,49.6118358858007
72,24,12662,130.168930658664,0,0,498.490127941873,1057.22847891328,49.247038382562
72,25,14466,126.58779206415,0,0,606.180077422923,932.304714502973,59.7731231854003
72,26,16426,127.985997808353,0,0,529.013271642518,1038.47698770242,57.4186046511628
72,27,14774,137.279477460403,0,0,761.351834303506,1020.64796263707,39.4526871531068
72,28,12119,131.283439227659,0,0,715.585279313475,1006.46092911956,44.9353907088044
72,29,13847,129.534628439373,0,0,677.302231530295,1167.38759298043,31.673792157146
72,30,15862,125.606606985248,0,0,665.509519606607,1028.20987265162,66.36079939478
72,125,8438,187.736074899265,0,0,780.901753970135,1175.61661531169,43.9277079876748
73,1,17605,133.063731894348,0,0,738.343765975575,959.613916500994,39.3224652087475
73,2,15488,129.835291838843,0,0,674.342135847107,1200.0834839876,50.4294292355372
73,3,15528,127.35413446677,0,0,574.032908294693,966.742014425554,33.6059376609995
73,4,15484,137.46383363472,0,0,560.449108757427,1021.4241797985,40.2102169981917
73,5,18944,129.31640625,0,0,667.116342905405,880.427734375,48.5203758445946
73,6,20634,126.676165552002,0,0,500.727876320636,1140.88596491228,45.6934186294465
73,7,12538,128.919205614931,0,0,498.356675705854,1043.27524326049,37.0357313766151
73,8,15658,131.735790011496,0,0,645.947694469281,900.111572359177,38.3343977519479
73,9,15416,142.365399584847,0,0,559.520563051375,995.696159833939,48.5697976128697
73,10,14182,133.835848258356,0,0,665.441616133126,1033.2173177267,39.908475532365
73,11,16558,136.956214518662,0,0,605.649474574224,924.076579297017,45.2303418287233
73,12,19527,134.415885696728,0,0,590.370256567829,1080.22358785272,47.6732216930404
73,13,15681,135.063707671705,0,0,653.617945284102,1044.50468720107,31.1634462087877
73,14,13903,127.957635042797,0,0,564.645759907934,883.767532187298,50.2411709702942
73,15,14631,133.311872052491,0,0,513.15521837195,942.273870548835,41.8069168204497
73,16,14721,130.115956796413,0,0,726.512193465118,1111.27749473541,40.7856803206304
73,17,14277,141.682146109127,0,0,656.230510611473,975.629053722771,37.9123765496953
73,18,17058,136.452221831399,0,0,629.705299566186,996.394067299801,45.9360417399461
73,19,12092,129.85031425736,0,0,716.728084684089,1025.77150181938,44.536553092954
73,20,14124,126.037666383461,0,0,607.371353724157,918.854361370717,57.4527754177287
73,21,16957,128.339682726897,0,0,521.988028542785,1023.49949873209,56.5749837825087
73,22,14370,129.106750173974,0,0,509.579679888657,964.633333333333,51.0306889352818
73,23,16459,129.824290661644,0,0,794.676529558296,1060.91870709035,50.4517285375782
73,24,13428,131.974828716116,0,0,494.010277033065,1052.6036639857,48.8545576407507
73,25,13410,128.688292319165,0,0,718.445935868755,951.450410141685,51.7189410887397
73,26,14503,137.12425015514,0,0,764.974005378198,1052.7881817555,39.6448321037027
73,27,10125,127.242172839506,0,0,738.429135802469,1170.68997530864,57.0718024691358
73,28,13372,128.417215076279,0,0,562.319323960514,1167.657194137,55.6555489081663
73,29,13127,124.865011045936,0,0,651.713415098652,1011.86021177725,66.1551001752114
73,30,14609,126.024368539941,0,0,675.623245944281,1201.73016633582,34.4115271408036
73,31,9996,181.890856342537,0,0,770.579931972789,1198.88905562225,46.969487795118
74,1,18696,129.862911852803,0,0,674.914794608472,883.032787762088,47.1910569105691
74,2,11962,128.685504096305,0,0,501.792091623474,1042.79618792844,36.3857214512623
74,3,14664,127.185556464812,0,0,581.989498090562,976.408006001091,32.9714948172395
74,4,17021,136.823688384936,0,0,611.998824980906,924.693555020269,44.2206098349098
74,5,14483,133.495891735138,0,0,518.13553821722,941.714838086032,40.8726783125043
74,6,21462,126.723557916317,0,0,503.656788742894,1144.9324853229,47.7063181436958
74,7,15005,142.244451849384,0,0,668.414661779407,977.384271909364,37.5580806397867
74,8,13981,127.954223589157,0,0,571.388670338316,882.301051426937,49.2489092339604
74,9,16384,132.025512695312,0,0,653.002990722656,909.849853515625,37.5506591796875
74,10,14832,140.010517799353,0,0,559.280879180151,1019.41113807983,40.1363268608414
74,11,18942,134.884278323303,0,0,747.102312321825,963.943934114666,39.2031992397846
74,12,16500,135.404060606061,0,0,664.314424242424,1052.5063030303,31.144303030303
74,13,13833,133.41321477626,0,0,675.402804886865,1034.98546952939,40.1428468155859
74,14,16117,129.636967177514,0,0,520.817521871316,1017.40851275051,56.3289694111807
74,15,14012,128.155866400228,0,0,732.000570939195,942.244219240651,51.432843277191
74,16,13840,126.830852601156,0,0,607.549494219653,911.451083815029,56.6068641618497
74,17,14656,138.543941048035,0,0,635.631754912664,996.02347161572,45.6529748908297
74,18,15600,142.728653846154,0,0,560.782115384615,993.545576923077,48.2365384615385
74,19,13416,129.811940966011,0,0,507.152206320811,959.656529516995,50.4776386404293
74,20,14047,131.737025699438,0,0,676.911867302627,1205.11290667046,51.3726062504449
74,21,14810,130.635921674544,0,0,733.351721809588,1115.01087103309,41.1208642808913
74,22,11697,126.975378302129,0,0,734.609387022313,1176.25194494315,57.3654783277764
74,23,12986,133.899738179578,0,0,487.454412444171,1046.08609271523,48.4692746034191
74,24,20000,137.12005,0,0,583.2651,1076.83485,48.2536
74,25,13979,140.528793189785,0,0,776.143214822233,1061.3120394878,39.2680449245297
74,26,17136,130.261612978525,0,0,804.81454248366,1067.21475256769,50.4792833800187
74,27,17239,124.666163930622,0,0,644.388305586171,1008.11862637044,66.1051685132548
74,28,13732,128.175866588989,0,0,558.480774832508,1163.11323914943,56.3422662394407
74,29,10691,131.010943784492,0,0,727.00233841549,1021.17594238144,44.1640632307548
74,30,11426,125.557237878523,0,0,679.74523017679,1217.25100647646,35.8494661298792
74,31,7193,178.349367440567,0,0,774.024885305158,1202.38454052551,48.3593771722508
75,1,19548,132.089011663597,0,0,709.490024554942,889.487313280131,47.493707796194
75,2,19236,136.025681014764,0,0,746.94255562487,979.42243709711,38.2488043252235
75,3,15652,129.068106312292,0,0,577.429274214158,957.937707641196,34.6690518783542
75,4,16139,133.556787905075,0,0,532.612243633435,908.973542350827,43.8906995476795
75,5,13602,132.616674018527,0,0,644.764078811939,1206.73209822085,51.6766651962947
75,6,14945,136.745600535296,0,0,661.641820006691,904.817597858816,38.03412512546
75,7,15750,145.999301587302,0,0,557.512063492063,991.940825396825,42.5342857142857
75,8,15202,141.984146822786,0,0,645.760031574793,988.032627285883,46.4980923562689
75,9,14711,129.259057847869,0,0,611.51172591938,867.995105703215,51.3574875943172
75,10,14750,149.870237288136,0,0,666.626372881356,974.244271186441,37.5885423728814
75,11,12490,127.83098478783,0,0,721.731465172138,1194.59503602882,56.4788630904724
75,12,15750,147.808126984127,0,0,574.372507936508,972.847555555556,50.7424126984127
75,13,14167,138.180842803699,0,0,664.110891508435,1034.77736994424,40.1271264205548
75,14,16031,134.450252635519,0,0,706.984218077475,1128.74599214023,40.0376770008109
75,15,14501,140.155092752224,0,0,754.381628853183,1081.87800841321,37.4024550031032
75,16,18840,140.653927813163,0,0,576.841295116773,1055.18004246284,49.8565817409766
75,17,12606,127.865143582421,0,0,490.914564493099,1001.17912105347,39.7145803585594
75,18,17848,141.016192290453,0,0,634.310903182429,915.595865082923,45.3920887494397
75,19,15429,127.008036813792,0,0,649.958454857735,904.819495754748,57.8316157884503
75,20,13497,124.736534044603,0,0,624.34985552345,1214.46699266504,36.3017707638735
75,21,14297,129.145624956285,0,0,534.289641183465,927.255927817025,53.3187381968245
75,22,16910,138.834121821407,0,0,639.613246599645,1046.21561206387,31.3944411590775
75,23,12543,135.808498764251,0,0,725.199154907119,1034.8504345053,42.9605357569959
75,24,13876,131.941121360623,0,0,757.574300951283,958.576751225137,50.3889449409052
75,25,15917,129.759628070616,0,0,547.017842558271,990.689011748445,58.8991015894955
75,26,12961,130.89939047913,0,0,550.543013656354,1142.63621634133,58.4248129002392
75,27,20214,125.56183832987,0,0,486.79964381122,1110.37800534283,51.375482338973
75,28,13262,130.994570954607,0,0,493.651485447142,1010.56326345951,51.9386216256975
75,29,7771,165.676489512289,0,0,737.234461459272,1222.18517565307,46.8204864238837
75,30,16899,133.163264098467,0,0,801.759098171489,1096.74235161844,48.0712468193384
75,31,13762,126.628469699172,0,0,687.159061182968,1016.96839122221,66.471225112629
76,1,19775,133.397623261694,0,0,697.24798988622,887.402225031606,46.3896839443742
76,2,18700,141.371390374332,0,0,621.197058823529,919.666256684492,43.9089304812834
76,3,15703,152.420556581545,0,0,666.176463096224,981.618289498822,36.5920524740495
76,4,14459,142.854415934712,0,0,561.676671969016,977.648454249948,49.3276851787814
76,5,15211,131.72394977319,0,0,520.240615344159,927.848267701006,41.3094471106436
76,6,13683,138.369655777242,0,0,733.555214499744,1025.56128042096,42.6721479207776
76,7,15957,143.852603872908,0,0,638.290217459422,986.985523594661,45.3698690229993
76,8,15354,128.047088706526,0,0,578.85254656767,980.78585384916,32.7215057965351
76,9,12867,128.32758218699,0,0,491.046708634491,1026.28988886298,37.9500272013678
76,10,19380,135.748245614035,0,0,573.401909184726,1058.02352941176,49.5446852425181
76,11,13778,128.542386413122,0,0,515.36942952533,938.283640586442,51.4862098998403
76,12,14413,126.842919586484,0,0,626.005619926455,900.73301880247,56.6190938735863
76,13,22854,127.245602520347,0,0,494.41156909075,1137.49886234357,51.4047869081999
76,14,15556,138.046991514528,0,0,654.774235021856,911.342311648239,37.2410002571355
76,15,14470,137.360469937802,0,0,674.80995162405,1039.66406357982,39.6129232895646
76,16,14526,127.064436183395,0,0,592.778466198541,874.090251961999,49.2984992427372
76,17,14891,132.831307501175,0,0,754.169431200054,940.638170707139,49.7262104626956
76,18,13660,135.21588579795,0,0,660.391068814056,1210.64333821376,52.439897510981
76,19,15524,140.565447049729,0,0,562.515717598557,1002.87754444731,40.9620587477454
76,20,18993,138.157321118307,0,0,749.908755857421,974.767703890907,37.8748486284421
76,21,16234,141.241838117531,0,0,656.270789700628,1061.21134655661,30.9064925465073
76,22,11500,128.412434782609,0,0,724.968173913044,1191.52565217391,57.4357391304348
76,23,16396,133.61521102708,0,0,726.77201756526,1133.38808245914,40.4512686020981
76,24,14803,132.434911842194,0,0,484.666824292373,1027.0838343579,49.8381409173816
76,25,14703,141.949058015371,0,0,765.953682921853,1078.58430252329,37.5406379650411
76,26,15914,125.398014327008,0,0,668.368103556617,1008.07483976373,66.3940555485736
76,27,19056,134.181465155332,0,0,812.231265743073,1081.2401868178,48.1745382031906
76,28,5076,189.053388494878,0,0,758.217100078802,1218.02462568952,48.0789992119779
76,29,17622,127.798717512201,0,0,528.519123822495,1000.15645216207,57.6496424923391
76,30,12793,127.870710544829,0,0,552.516532478699,1151.71382787462,58.23184554053
76,31,11934,126.163231104408,0,0,658.429361488185,1229.91159711748,37.400871459695
77,1,16958,131.771258403114,0,0,610.13279867909,871.98077603491,50.5191649958722
77,2,14856,131.976238556812,0,0,518.388933764136,920.015751211632,47.8322563274098
77,3,15761,133.883319586321,0,0,710.944356322568,903.517733646342,40.8720893344331
77,4,17588,130.024789629293,0,0,636.264896520355,1126.20684557653,35.4435410507164
77,5,16214,128.036511656593,0,0,622.959726162576,924.964598495128,59.263907734057
77,6,15875,146.916850393701,0,0,672.45788976378,962.679811023622,38.211842519685
77,7,18539,139.578887750148,0,0,594.716975025622,1031.24062786558,52.5010518366686
77,8,15436,142.520082923037,0,0,632.978621404509,964.161246436901,54.6289841927961
77,9,15591,128.500801744596,0,0,596.392854852158,903.041690719005,39.6826374190238
77,10,15922,145.783381484738,0,0,599.806556965205,948.244002009798,47.2021730938324
77,11,14133,141.222245807684,0,0,682.494091841789,986.441024552466,47.1310408264346
77,12,17469,138.660083576621,0,0,701.090961131147,923.401568492759,48.2564542904574
77,13,14313,135.602948368616,0,0,547.152658422413,973.82805840844,57.7491092014253
77,14,17515,130.915786468741,0,0,754.424607479303,1154.31441621467,38.5202397944619
77,15,13612,136.473773141346,0,0,715.191081398766,1051.87356744049,39.1835145459888
77,16,13943,132.517535680987,0,0,801.228788639461,1028.58136699419,45.7072366061823
77,17,19739,133.112366381276,0,0,780.736207507979,947.187902122701,46.9494401945387
77,18,15628,139.495840798567,0,0,602.127975428718,997.732275403123,32.4961607371385
77,19,14956,126.759360791656,0,0,718.633324418294,901.440625835785,54.9788713559775
77,20,13911,135.930342894113,0,0,658.143986773057,1024.05635827762,38.9639134497879
77,21,18710,136.170497060396,0,0,493.514323890967,1069.98209513629,56.3285408872261
77,22,16745,129.970498656315,0,0,542.93878769782,1131.98763810093,59.3682890415049
77,23,13188,128.514103730664,0,0,521.134288747346,1158.65097057931,34.9247042766151
77,24,12638,128.09107453711,0,0,653.011552460832,1249.10120272195,49.4533945244501
77,25,18269,125.101373912092,0,0,570.499972631233,1205.40188297115,47.103399200832
77,26,14685,125.333878106912,0,0,749.402247191011,970.159686755192,59.0189308818522
77,27,17332,126.914262635587,0,0,618.496538195246,1006.17378259866,62.5648511423956
77,28,15212,135.815671838023,0,0,689.990270838812,1090.00848014725,31.8481462003681
77,29,17515,134.70339708821,0,0,745.091121895518,1001.35643733942,35.4135883528404
77,30,5029,166.076953668721,0,0,634.562934977133,1239.57168423146,38.6655398687612
77,31,13115,127.153869614945,0,0,745.726496378193,1115.53823865803,63.4741898589401
78,1,14867,131.482477971346,0,0,517.822089190825,906.671352660254,50.7667316876303
78,2,17241,131.803723681921,0,0,613.650600313207,858.730990081782,52.9749434487559
78,3,15878,145.75179493639,0,0,601.039551580804,934.500818742915,49.0651845320569
78,4,17987,128.269305609607,0,0,539.185189303386,1129.54311447156,60.460554845166
78,5,14680,141.023705722071,0,0,683.64189373297,967.253542234332,47.9396457765668
78,6,17278,139.401145965968,0,0,591.148396805186,1017.70528996412,53.874580391249
78,7,19025,139.269277266754,0,0,632.690144546649,956.006202365309,56.854296977661
78,8,15788,132.049151254117,0,0,704.842855333164,889.036926779833,41.9588928299975
78,9,14556,127.319043693322,0,0,629.480145644408,917.879018961253,60.9514289640011
78,10,16407,129.859572133845,0,0,624.58956542939,1112.26330224904,34.91674285366
78,11,13905,134.710967277958,0,0,715.253865516001,1031.75577130529,39.1944624235886
78,12,15498,144.018260420699,0,0,663.188927603562,943.575558136534,39.1958962446767
78,13,19737,131.892080863353,0,0,780.58641130871,936.199473070882,47.3645437503167
78,14,13689,126.403097377456,0,0,638.613923588283,1243.55628606911,48.6443129520053
78,15,17693,130.524388176115,0,0,745.90583846719,1142.16571525462,37.0945571695021
78,16,13889,134.620131038952,0,0,657.239902080783,1009.25991792066,39.7413060695514
78,17,14552,134.030648708081,0,0,802.906885651457,1014.1346206707,45.4204920285871
78,18,15357,127.762583837989,0,0,588.128801198151,885.869831347268,41.7172624861627
78,19,17528,126.542902784117,0,0,621.512722501141,1005.95624144226,63.9738703788225
78,20,13992,134.471698113208,0,0,545.434391080618,968.587621497999,59.5285877644368
78,21,15902,138.934473651113,0,0,699.405860898,907.899823921519,49.5779147277072
78,22,13917,134.200546094704,0,0,679.87669756413,1073.15987641015,31.6686067399583
78,23,17798,133.259523541971,0,0,732.053938644792,982.715586020901,35.4088661647376
78,24,15346,126.395803466701,0,0,719.996872149094,892.288283591815,56.4711325426821
78,25,16693,136.54040615827,0,0,592.95764691787,978.163661414964,33.3122865871922
78,26,13884,128.378061077499,0,0,556.52412849323,1194.53017862288,46.0697205416307
78,27,18078,134.697920123908,0,0,489.657318287421,1071.84943024671,57.6905077995353
78,28,12307,129.423986349232,0,0,511.936215162103,1140.70447712684,35.6099780612659
78,29,14464,125.537887168142,0,0,755.047842920354,961.319344579646,59.8752765486726
78,30,4949,159.471408365326,0,0,622.294200848656,1219.19620125278,37.8427965245504
78,31,13120,127.062423780488,0,0,753.708765243902,1118.21417682927,63.4470274390244
79,1,17182,133.67559073449,0,0,615.158479804447,858.568851123269,51.7014317308812
79,2,14329,130.620489915556,0,0,516.977528089888,908.705213203992,49.5275315793147
79,3,15041,145.701682069011,0,0,686.06701682069,969.083903995745,47.5536201050462
79,4,15981,136.427945685502,0,0,710.317064013516,893.84825730555,41.4963394030411
79,5,18877,129.631350320496,0,0,624.851565397044,917.151613074111,59.7846585792234
79,6,16044,142.297369733234,0,0,592.269321864872,1014.89011468462,53.0780977312391
79,7,15359,151.434142847842,0,0,667.321244872713,951.08151572368,38.5880591184322
79,8,13547,127.176275190079,0,0,636.769026352698,1249.54270318152,49.9169557835683
79,9,16830,148.95834818776,0,0,602.260843731432,935.080570409982,48.4118241235888
79,10,14965,144.057200133645,0,0,628.541931172736,957.087203474774,56.0205145339125
79,11,16960,143.118867924528,0,0,701.570754716981,912.542924528302,49.0243514150943
79,12,13023,138.708976426323,0,0,659.957229517008,1016.79835675344,39.4127313215081
79,13,20421,133.585769550952,0,0,783.150335439009,942.600117526076,47.3368591156163
79,14,13904,140.406573647871,0,0,719.431098964327,1038.48014959724,39.1882192174914
79,15,17939,127.176932939406,0,0,607.751825631306,997.612185740565,63.5184792909304
79,16,15232,132.258075105042,0,0,627.442358193277,1122.94971113445,34.9326418067227
79,17,17936,131.342941570027,0,0,484.694692239072,1068.79014272971,56.7917038358608
79,18,13116,135.499161329674,0,0,539.793534614212,964.900121988411,58.6920555047271
79,19,17301,133.226403098087,0,0,743.687416912317,1153.69232992313,37.5605456332004
79,20,17223,139.40231086338,0,0,599.101434128781,992.171630958602,32.5706903559194
79,21,15664,129.294241573034,0,0,592.91815628192,892.344994892748,40.7487231869254
79,22,16212,128.97545028374,0,0,529.868985936343,1124.66876387861,60.0579200592154
79,23,14432,134.852757760532,0,0,808.057996119734,1020.63137472284,45.9476164079823
79,24,15101,128.388980862195,0,0,716.911926362493,891.179259651679,55.9941725713529
79,25,14651,138.405023547881,0,0,681.904102109071,1087.52371851751,31.6585898573476
79,26,16936,137.988545111006,0,0,738.64761454889,993.916804440246,35.3378601794993
79,27,14812,126.741358358088,0,0,751.659330272752,957.340534701593,59.9943289224953
79,28,13961,129.637919919777,0,0,551.695580545806,1197.84843492586,46.6470883174558
79,29,11820,127.448561759729,0,0,512.637394247039,1148.28494077834,35.7603214890017
79,30,13560,129.360324483776,0,0,742.004203539823,1117.63775811209,64.3415191740413
79,31,4201,161.517257795763,0,0,622.365151154487,1230.74744108546,39.3711021185432
80,1,14958,126.530819628293,0,0,645.656438026474,1258.39517315149,50.4523331996256
80,2,16039,144.111353575659,0,0,565.628530457011,1013.85946754785,51.1202693434753
80,3,17930,133.729782487451,0,0,590.528499721138,864.118627997769,49.3004461795873
80,4,16353,142.802054668868,0,0,664.628936586559,956.667094722681,47.6676450804134
80,5,21854,132.351560355084,0,0,769.676901253775,926.490985631921,48.236752997163
80,6,19146,135.302360806435,0,0,765.217225530137,1140.51216964379,38.6178836310457
80,7,16456,129.279594069033,0,0,589.802503646087,910.012882839086,58.9075717063685
80,8,16196,129.543158804643,0,0,592.466226228698,906.661891825142,38.0444554210916
80,9,18271,141.113130096875,0,0,682.358710524876,902.21586120081,48.4154124021674
80,10,14767,131.096905261732,0,0,495.538159409494,931.743346651317,46.8615832599716
80,11,16175,151.967295208655,0,0,581.402040185471,941.615085007728,46.8435239567233
80,12,17458,131.475598579448,0,0,652.128193378394,1145.23146981327,33.9951884522855
80,13,15049,151.611469200611,0,0,666.967572596186,953.048441756927,38.486610406007
80,14,16609,136.27057619363,0,0,710.583177795171,895.985851044614,40.8279848275032
80,15,12904,137.237678239306,0,0,660.098186608803,1024.86562306262,39.0538592684439
80,16,19729,126.348573166405,0,0,558.56302904354,1214.43271326474,44.9196107253282
80,17,15736,128.021733604474,0,0,688.671453990849,881.018937468226,56.2424377224199
80,18,13677,134.683629450903,0,0,500.141551509834,976.527893543906,55.8431673612634
80,19,19334,131.723750905141,0,0,471.463535740147,1076.64233991931,49.9704148132823
80,20,15036,126.497007182761,0,0,723.683492950253,936.918994413408,61.3371907422187
80,21,14324,139.230173135996,0,0,727.11128176487,1027.7403658196,39.9439402401564
80,22,17188,140.900395624855,0,0,623.568885268792,1024.41720968117,30.8810798231324
80,23,15409,133.153871114284,0,0,815.112921020183,1006.79946784347,47.4137841521189
80,24,14538,137.127115146513,0,0,714.363186132893,1097.32569817031,32.0032329068648
80,25,16970,128.034413671184,0,0,502.140424278138,1133.70347672363,57.4354743665292
80,26,16602,127.693892302132,0,0,567.403927237682,991.240995060836,62.3409227803879
80,27,13008,143.922201722017,0,0,750.014529520295,988.862238622386,36.8038130381304
80,28,12889,127.352083171697,0,0,536.83001008612,1179.95996586236,34.8697338816045
80,29,5226,151.870646766169,0,0,654.480099502488,1241.12782242633,39.7101033295063
80,30,16786,128.541343977124,0,0,723.963421899202,1107.84951745502,66.3775765518885
80,31,16519,146.408620376536,0,0,591.592771959562,951.87014952479,54.9218475694655
81,1,13254,127.057793873548,0,0,644.795684321714,1261.93715104874,51.260751471254
81,2,17730,130.882966723068,0,0,591.879921037789,865.22758037225,47.6580936266215
81,3,16624,138.098111164581,0,0,557.04072425409,1006.843719923,50.0605149181906
81,4,19667,139.713530279148,0,0,576.515635328215,946.349112726903,54.3157573600447
81,5,14732,128.748031496063,0,0,498.440401846321,934.439044257399,44.5327857724681
81,6,16040,151.445448877805,0,0,677.934912718204,962.578927680798,38.5427057356608
81,7,16792,137.825988565984,0,0,721.420497856122,902.422403525488,41.254347308242
81,8,19534,141.245981365824,0,0,679.294512132692,901.605815501177,48.3228217466981
81,9,15441,126.862444142219,0,0,581.59873065216,902.995401852212,57.6970403471278
81,10,17247,143.502116310083,0,0,656.191279642836,958.416188322607,47.1312112251406
81,11,15708,144.384199134199,0,0,578.366182836771,940.257193786606,45.696842373313
81,12,16419,127.329983555637,0,0,608.305256105731,914.768987149035,37.0153480723552
81,13,16964,131.297040792266,0,0,669.155859467107,1158.33612355577,34.8416057533601
81,14,15197,132.730012502468,0,0,486.912482726854,977.193525037836,53.5641903007173
81,15,15398,128.144499285622,0,0,686.747564618782,880.231068969996,55.7521756072217
81,16,20194,136.3504506289,0,0,766.859017529959,933.379023472319,48.01495493711
81,17,18218,137.789713470194,0,0,648.360961686244,1037.64732681963,30.7493138654078
81,18,16034,126.173443931645,0,0,545.730759635774,984.113882998628,61.1554821005364
81,19,17098,127.722482161656,0,0,486.332670487776,1134.66329395251,56.0628143642531
81,20,16377,138.012761800085,0,0,734.670391402577,1109.65506503023,33.4851315869817
81,21,15221,135.013533933382,0,0,815.648446225609,1011.61231193745,48.5860981538664
81,22,14682,135.816782454706,0,0,666.46621713663,1030.78422558235,39.0651818553331
81,23,18590,124.59456697149,0,0,554.104733727811,1217.57154384077,44.4149542764927
81,24,15157,126.880715181104,0,0,715.392887774626,929.778848057003,61.4614369598205
81,25,12400,140.080241935484,0,0,725.691612903226,1038.85991935484,41.2223387096774
81,26,17689,141.493922776867,0,0,763.525920063316,1004.22624229747,37.9814574029058
81,27,14887,135.966346476792,0,0,474.507691274266,1071.73144354134,47.9302747363472
81,28,16402,128.524021460797,0,0,713.01890013413,1102.13516644312,67.4274478722107
81,29,11257,124.858576885493,0,0,555.425068846051,1191.48201119304,34.3675046637648
81,31,6759,159.226660748631,0,0,661.629087143069,1247.96730285545,42.5808551560882
81,32,18679,137.790620482895,0,0,783.700947588201,1158.15873440762,42.5026500347984
82,1,14336,127.638602120536,0,0,642.575125558036,1259.58837890625,53.9328962053571
82,2,17910,133.999720826354,0,0,603.060748185371,864.47481853713,44.285594639866
82,3,15928,146.79802862883,0,0,652.773857358112,955.959254143646,46.4632722250126
82,4,20431,131.007635455925,0,0,575.061132592629,886.927610004405,54.3961137487152
82,5,22782,125.852559037837,0,0,554.558950048284,1223.91761039417,44.2990079887631
82,6,16513,147.041543026706,0,0,564.031187549204,928.609762005692,51.1771937261552
82,7,16347,153.210191472441,0,0,691.470789747354,975.016577965376,38.4393466691136
82,8,18348,142.063549160671,0,0,555.424623937214,987.883475038151,47.6072051449749
82,9,15665,131.654324928184,0,0,480.876603894031,953.736227258219,49.5096074050431
82,10,13534,131.578247376976,0,0,505.723289493128,944.755356878971,39.9287719816758
82,11,18353,141.837574238544,0,0,680.411867269656,901.572004576908,47.3420149294393
82,12,17879,130.441523575144,0,0,690.565803456569,1179.41585099838,37.3186419822138
82,13,17760,137.171002252252,0,0,744.849831081081,919.811092342342,41.9149774774775
82,14,16813,145.623089276155,0,0,687.093736989235,1060.84434663653,31.7608398263249
82,15,17445,149.335740899971,0,0,589.259959873889,937.53837775867,42.5876182287188
82,16,22342,125.410527258079,0,0,675.519649091397,1086.7402649718,69.1748724375615
82,17,16655,127.407805463825,0,0,460.920264184929,1112.66502551786,54.1180426298409
82,18,15944,128.505456598093,0,0,682.099284997491,870.988522328149,54.6801304565981
82,19,16343,131.049929633482,0,0,640.060515205287,935.320198250015,34.9923514654592
82,20,16848,127.311728395062,0,0,514.256825735992,957.586775878442,58.7381291547958
82,21,13707,138.265557744218,0,0,676.217990807617,1037.58860436273,40.0793755015685
82,22,16965,137.786265841438,0,0,762.545888594164,1129.82534630121,36.820866489832
82,23,15805,126.508509965201,0,0,695.011515343246,909.762670041126,61.2801645049035
82,24,15118,133.083476650351,0,0,818.855470300304,1022.92406402963,51.2138510384972
82,25,14998,137.767835711428,0,0,729.55094012535,1065.80224029871,42.5444725963462
82,26,5119,150.702285602657,0,0,789.954483297519,1058.8234030084,42.6940808751709
82,27,4431,144.301512074024,0,0,470.845858722636,1014.47664184157,48.9359061160009
82,28,5101,167.209762791609,0,0,665.033522838659,1256.94079592237,44.1436973142521
82,29,4867,142.203410725293,0,0,478.241010889665,1114.07211834806,41.5040065748921
82,30,5361,147.163775415035,0,0,762.012870733072,1015.74501025928,39.4075732139526
82,31,11422,126.344685694274,0,0,566.959989493959,1207.26562773595,35.2742076694099
82,32,9765,138.247721454173,0,0,778.554531490015,1168.99098822325,46.5225806451613
82,33,12594,139.833253930443,0,0,768.986104494204,938.751310147689,50.1280768619978
83,1,13238,125.503701465478,0,0,600.697915092914,1258.19632875057,53.5488744523342
83,2,18911,132.81116810322,0,0,648.618158743588,857.520490719687,45.8169848236476
83,3,16891,139.550233852347,0,0,577.490083476408,966.201290628145,50.5693564620212
83,4,15589,131.400346398101,0,0,518.558085829752,912.353005324267,52.8427096029251
83,5,17912,130.022219740956,0,0,636.585417597142,876.84010719071,56.9809066547566
83,6,14967,156.340816462885,0,0,694.162223558495,978.673147591368,38.7799158147925
83,7,14339,128.263407490062,0,0,524.900132505754,908.720831299254,43.1794406862403
83,8,17674,143.996378861605,0,0,607.973124363472,910.172060654068,53.7790539775942
83,9,16838,130.476303599002,0,0,651.286138496258,924.071564318803,36.5171041691412
83,10,16165,125.591030003093,0,0,644.067862666254,1180.02084751005,36.8651407361584
83,11,17464,126.503492899679,0,0,565.589498396702,934.25114521301,61.5229615208429
83,12,17147,139.453723683443,0,0,766.754126086196,945.523065259229,41.4466087362221
83,13,10899,159.482704835306,0,0,616.350582622259,925.252958987063,44.6961189099917
83,14,16834,137.208684804562,0,0,729.948734703576,1141.17583462041,35.2895924913865
83,15,17863,143.672339472653,0,0,721.089290712646,913.377316240273,48.0331411297095
83,16,14773,128.670141474311,0,0,741.275976443512,895.69911324714,55.1620523928789
83,17,11380,130.989455184534,0,0,519.981282952548,1194.57275922671,44.5485940246046
83,18,17479,143.340923393787,0,0,667.267006121632,1059.85416785857,31.7041592768465
83,19,15903,145.455322895051,0,0,680.576557882161,961.502295164434,47.4705401496573
83,20,14546,139.501649938127,0,0,675.522755396673,1040.33961226454,40.1434071222329
83,21,16313,126.518972598541,0,0,693.791883773677,1113.40366578802,69.1696193220131
83,22,16557,137.132753518149,0,0,821.544845080631,1079.38050371444,49.1749109138129
83,23,15130,138.72101784534,0,0,728.651487111699,1077.6818902842,41.3849966953073
83,24,6384,139.918389724311,0,0,499.05623433584,970.970864661654,54.03085839599
83,25,6266,142.190711777849,0,0,782.974624960102,1109.33019470156,42.3463134375997
83,26,12245,126.067701102491,0,0,513.300285830951,1172.05798285014,37.0195181706819
83,27,9063,137.277170914708,0,0,739.118724484166,1197.68156239656,44.9643605870021
83,28,6158,141.462000649562,0,0,438.340695030854,1077.23514127964,44.8223449171809
83,29,4343,153.406401105227,0,0,746.335712641032,1024.12456827078,37.0006907667511
83,30,14296,126.942501398993,0,0,756.952574146614,940.133184107443,61.1804700615557
83,31,16018,125.941316019478,0,0,455.841990260956,1063.79267074541,57.1499562991634
83,32,17174,139.290613718412,0,0,793.279084662862,980.95417491557,48.9672761150576
83,33,4856,162.322693574959,0,0,603.573311367381,1253.05065897858,44.28892092257
84,1,17977,131.957334371697,0,0,668.069032652834,854.176614563053,47.7807198086444
84,2,15908,130.937389992457,0,0,537.888735227558,889.747108373146,45.9473849635404
84,3,20398,140.595352485538,0,0,631.292822825767,949.262574762232,52.7440435336798
84,4,15509,134.948803920304,0,0,557.741247017861,898.386678702689,56.8621445612225
84,5,15796,128.128070397569,0,0,621.43928842745,1151.91004051659,34.1880222841226
84,6,18659,139.68085106383,0,0,733.794522750415,908.271182807224,48.2073530199904
84,7,15195,142.364593616321,0,0,709.592365909839,962.699177360974,47.3878249424153
84,8,17201,133.873379454683,0,0,716.836172315563,1132.08075111912,33.5379919772106
84,9,8394,135.19871336669,0,0,752.186323564451,1026.24994043364,35.6186561829878
84,10,16671,128.218163277548,0,0,645.938995861076,912.30148161478,37.3195369204007
84,11,16107,150.365307009375,0,0,705.66598373378,970.868442292171,38.6270565592599
84,12,14927,127.202250954646,0,0,692.742614055068,895.814430227105,59.7446238360019
84,13,16826,135.02989421134,0,0,779.730892666112,957.633246166647,41.0247236419826
84,14,13166,138.275254443263,0,0,686.040407109221,1034.53774874677,38.833738417135
84,15,17726,127.516134491707,0,0,624.963048629132,947.942852307345,64.6070743540562
84,16,15307,153.74861174626,0,0,646.658914222251,916.63023453322,46.5410596459136
84,17,12307,123.253839278459,0,0,595.212399447469,1259.46185097912,49.4510441212318
84,18,14814,135.391791548535,0,0,741.146415552855,1074.01242068314,39.5332118266505
84,19,15688,132.93287863335,0,0,812.643294237634,1128.40387557369,46.1905277919429
84,20,8548,139.401497426299,0,0,430.216307908283,1081.11347683669,47.2512868507253
84,21,7616,133.357011554622,0,0,764.510635504202,1140.16793592437,38.3252363445378
84,22,14199,127.271005000352,0,0,778.535530671174,927.410451440242,56.0851468413269
84,23,19030,140.210719915922,0,0,652.349973725696,1042.65055176038,31.2146610614819
84,24,9070,136.544652701213,0,0,513.200110253583,955.310915104741,58.364388092613
84,25,11920,129.296728187919,0,0,506.878020134228,1155.86929530201,36.855788590604
84,26,7203,138.036929057337,0,0,780.159655699014,952.181591003748,46.9719561293905
84,27,8765,137.068339988591,0,0,821.535310895607,1063.92606959498,46.4191671420422
84,28,16839,144.218421521468,0,0,646.172753726468,898.515885741434,55.7983253162302
84,29,12684,139.750788394828,0,0,527.24187953327,1188.45293282876,44.1086408073163
84,30,13494,125.857121683711,0,0,797.596783755743,989.049799911072,60.0809248554913
84,31,3663,180.285285285285,0,0,578.216216216216,1240.80316680317,40.7365547365547
84,32,6269,128.033338650502,0,0,750.421917371192,1205.72563407242,46.6391769022173
84,33,5709,124.766158696795,0,0,639.252058153792,1191.31984585742,38.1283937642319
84,34,14132,125.815525049533,0,0,708.599490517973,1154.65397679026,66.98740447212
84,35,20743,126.981102058526,0,0,478.664947211107,1095.91664657957,60.3706792652943
85,1,17103,128.813015260481,0,0,664.617961761095,872.114307431445,43.5051745307841
85,2,14572,140.373250068625,0,0,720.340378808674,1042.37640680758,36.7235794674719
85,3,16197,130.595727603877,0,0,588.996666049268,863.722911650306,55.2510341421251
85,4,25085,138.216224835559,0,0,678.10906916484,966.389435917879,56.3614909308352
85,5,17069,150.660202706661,0,0,706.968363700275,939.787333762962,40.6758450993028
85,6,8873,138.443254817987,0,0,798.139637101319,983.684435929223,45.5824411134904
85,7,16873,130.611153914538,0,0,627.407692763587,927.333313577906,64.232383097256
85,8,18384,140.668461705831,0,0,615.17477154047,953.390720191471,34.2811684073107
85,9,17171,133.539630772815,0,0,563.935064935065,1060.95364276979,32.3807000174713
85,10,11208,125.560046395432,0,0,689.52346538187,1231.0988579586,59.5457708779443
85,11,15756,142.665206905306,0,0,773.937103325717,937.271198273674,50.5511551155115
85,12,13606,140.716669116566,0,0,673.681023078054,989.237542260767,38.5099955901808
85,13,15936,134.858998493976,0,0,769.5015687751,1147.58032128514,38.8379141566265
85,14,13934,126.070331563083,0,0,760.068322089852,972.738266111669,62.7862064016076
85,15,15078,129.418490515984,0,0,820.020825043109,1082.2121634169,57.4200159172304
85,16,7674,137.938363304665,0,0,703.497524107376,1109.65923898879,32.2409434454
85,17,14156,127.952882170105,0,0,819.196877649053,1003.38400678158,55.8964396722238
85,18,15588,137.282845778804,0,0,786.233192199128,961.241339491917,41.0924429047986
85,19,16060,137.265255292653,0,0,655.661457036115,1065.25410958904,30.0269613947696
85,20,15437,144.146725400013,0,0,734.66113882231,971.121396644426,48.9122886571225
85,21,9129,136.557454266623,0,0,726.372220396539,987.249096286559,34.6213166830978
85,22,8200,140.117073170732,0,0,797.028048780488,1086.71109756098,40.0378048780488
85,23,7991,136.171192591666,0,0,561.550619446878,970.707545989238,64.9739707170567
85,24,6691,132.236437004932,0,0,684.541025257809,1196.91630548498,36.9109251233
85,25,15773,140.217143219426,0,0,709.26012806695,936.717301718126,60.7885627337856
85,26,7288,134.207464324918,0,0,576.799533479693,1122.94607574094,34.0148188803513
85,27,11539,131.302019239102,0,0,529.256001386602,1218.71765317619,43.3640696767484
85,28,15747,131.702927541754,0,0,725.755763002477,868.334349399886,54.379119832349
85,29,13290,128.172911963883,0,0,457.305191873589,1048.20428893905,38.4531978931527
85,30,17570,127.801536710302,0,0,696.041377347752,1032.7937962436,67.0577120091064
85,31,9246,131.093553969284,0,0,428.120051914341,1010.80780878218,52.8886004758815
85,32,8966,165.155587776043,0,0,681.889471336159,907.526990854339,51.409324113317
85,33,3718,172.774878967187,0,0,503.94782140936,1165.06993006993,36.8445400753093
85,34,9070,142.777728776185,0,0,475.634068357222,1118.65016538037,43.2796030871003
85,35,16138,124.617610608502,0,0,490.532160118974,1105.18936671211,61.7880158631801
86,1,18522,127.18820861678,0,0,670.650199762445,866.197872799914,47.7866321131627
86,2,14774,151.387505076486,0,0,708.099363747123,922.494314335996,42.2518613780967
86,3,15105,137.707646474677,0,0,716.245547831844,1012.78993710692,36.2976497848395
86,4,17520,133.573573059361,0,0,786.950399543379,972.186929223744,41.4904680365297
86,5,15516,135.854343903068,0,0,666.142369167311,961.235176591905,39.9936194895592
86,6,14688,127.720724400871,0,0,808.728758169935,1138.22480936819,55.3868464052288
86,7,25143,135.125999284095,0,0,707.220816927177,996.424253271288,56.8501769876308
86,8,14618,130.275413873307,0,0,772.608906827199,910.203789848132,56.3525790121768
86,9,15295,127.645243543642,0,0,827.041320693037,1059.1299771167,53.9108859104282
86,10,13369,126.283042860349,0,0,786.281696461964,1037.84456578652,61.8658837609395
86,11,15703,139.97484557091,0,0,744.066611475514,985.76870661657,61.383620964147
86,12,16179,129.947400951851,0,0,673.402126212992,981.397861425304,67.0113727671673
86,13,13119,146.072185379983,0,0,599.907386233707,903.605000381127,40.4499580760729
86,14,17199,133.410081981511,0,0,541.147973719402,987.400895400895,33.6565497994069
86,15,16222,141.401306867217,0,0,746.459746023918,994.908087782024,49.1002958944643
86,16,16633,131.668911200625,0,0,738.499428846269,1147.74797090122,34.8236036794325
86,17,4630,162.941468682505,0,0,684.332397408207,932.982505399568,49.8479481641469
86,18,16949,139.313410820697,0,0,793.242787185085,967.618738568647,50.83910555195
86,19,15833,128.901787406051,0,0,625.601338975557,878.823659445462,60.6338659761258
86,20,6752,145.748222748815,0,0,420.7773992891,1079.14218009479,49.8388625592417
86,21,10043,133.334959673404,0,0,805.771781340237,1024.11669819775,45.2320023897242
86,22,7715,127.188593648736,0,0,631.822683084899,1189.71302657161,33.0662346079067
86,23,5118,190.197733489644,0,0,463.153184837827,1117.06369675655,37.1238765142634
86,24,8796,132.963847203274,0,0,669.485788994998,1070.54865848113,29.5673033196908
86,25,8329,131.88161844159,0,0,538.452275183095,1078.39968783768,32.0521070956898
86,26,10913,133.123155869147,0,0,707.600843031247,955.757170347292,35.1741042792999
86,27,7768,123.718460350154,0,0,646.867147270855,1259.44812049434,56.1462409886715
86,28,8452,135.055371509702,0,0,605.4872219593,1015.14363464269,68.2962612399432
86,29,13984,137.289902745995,0,0,622.654033180778,1007.14159038902,30.4772597254005
86,30,9067,133.153744347634,0,0,783.360427925444,1076.907025477,36.7189809198191
86,31,11659,130.316665237156,0,0,437.34256797324,995.050604683077,42.368384938674
86,32,15042,134.408655763861,0,0,713.551057040287,1093.75122988964,65.324557904534
86,33,5624,147.483285917496,0,0,494.860241820768,1076.53591749644,39.4623044096728
86,34,9403,131.052111028395,0,0,441.73008614272,981.849197064767,57.6743592470488
86,35,4316,162.765523632994,0,0,723.211075069509,916.848702502317,58.2481464318814
86,36,13615,133.082996694822,0,0,489.235622475211,1189.24759456482,41.5897172236504
86,37,17245,124.627138300957,0,0,499.918179182372,1139.73638735865,61.9937373151638
87,1,11746,164.239230376298,0,0,708.496594585391,915.796526477099,43.0855610420569
87,2,16227,128.173907684723,0,0,672.201146237752,865.523756701793,49.7462254267579
87,3,14364,141.394458368143,0,0,724.276524644946,998.786897800056,37.3052074631022
87,4,14421,132.292559461896,0,0,767.504819360655,902.771375078011,56.7388530615075
87,5,22341,137.143010608299,0,0,700.691956492547,998.210733628754,57.7146501947093
87,6,15519,129.12326825182,0,0,811.081577421226,1136.4405567369,55.3861717894194
87,7,18997,143.836184660736,0,0,746.371374427541,991.342369847871,50.8080223193136
87,8,16266,129.365363334563,0,0,826.512910365179,1055.67515062093,54.6319316365425
87,9,17202,137.148006045809,0,0,659.843274037903,949.369259388443,40.3006045808627
87,10,16490,143.689023650697,0,0,741.687446937538,991.748211036992,62.0856882959369
87,11,14047,127.701858047982,0,0,782.524311240834,1041.04940556702,62.5105004627323
87,12,20389,140.002795625092,0,0,788.248222080534,959.37966550591,52.1527294129187
87,13,14731,130.817731314914,0,0,672.098431878352,993.947321974068,68.0078745502681
87,14,7383,155.529730461872,0,0,673.295272924286,942.98753894081,48.9116890153054
87,15,6702,151.965383467622,0,0,723.818263205013,924.915398388541,60.9356908385557
87,16,13062,142.992267646608,0,0,785.050375133976,959.75340682897,43.0499923442046
87,17,16079,131.664966726787,0,0,546.68642328503,965.03992785621,34.4134585484172
87,18,7693,128.483686468218,0,0,541.355777979982,1065.17964383206,31.2445079942805
87,19,9598,134.991143988331,0,0,606.261721191915,1026.27682850594,68.7241091894145
87,20,9802,135.64599061416,0,0,808.17700469292,1015.30973270761,46.3892062844318
87,21,10024,135.754489225858,0,0,712.795391061453,938.917897047087,36.3420790103751
87,22,15518,129.026743137002,0,0,625.228573269751,878.118829746101,61.5434334321433
87,23,13781,146.16239750381,0,0,598.462811116755,890.69559538495,42.266090994848
87,24,9408,134.212585034014,0,0,679.245110544218,1049.33460884354,29.7565901360544
87,25,9217,127.741456005208,0,0,632.196267766084,1185.04893132256,32.7980904849734
87,26,13894,139.074708507269,0,0,624.855261263855,987.606160932777,31.1962717719879
87,27,9316,129.999785315586,0,0,492.722520395019,1181.56515671962,40.3602404465436
87,28,17905,135.086400446803,0,0,746.475788885786,1134.59715163362,34.4359676068137
87,29,9729,136.094871004214,0,0,789.35049850961,1052.92876965772,37.3955185527803
87,30,7549,143.381375016558,0,0,416.458206384952,1078.09299244933,50.2123460060935
87,31,5853,139.359815479241,0,0,495.512045105074,1050.2113446096,37.9494276439433
87,32,14138,135.316098458056,0,0,714.973475739143,1098.85903239496,65.5159145565144
87,33,6065,165.911624072547,0,0,465.548722176422,1104.606430338,36.715251442704
87,34,14724,126.923390383048,0,0,441.184392828036,981.684324911709,42.7756723716381
87,35,13491,127.615299088281,0,0,445.532947891187,983.314209472982,58.767400489215
87,36,15633,123.404081110471,0,0,503.579991044585,1147.36787564767,61.8371393846351
87,37,20233,121.459299164731,0,0,668.480699846785,1259.37028616616,54.5415410468047
88,1,16031,131.303225001559,0,0,828.709188447383,1112.88372528227,53.1718545318446
88,2,15323,132.632056385825,0,0,727.292501468381,869.813417738041,56.9286693206291
88,3,15865,124.112070595651,0,0,680.857106838954,1260.97497636306,52.0549007248661
88,4,18549,138.255269825867,0,0,702.792172084748,967.52013585638,37.1657771308426
88,5,10031,136.700628053036,0,0,800.192602930914,978.218721961918,45.7430964011564
88,6,15560,137.621208226221,0,0,631.230205655527,932.516516709512,40.1246786632391
88,7,13911,127.732370066854,0,0,794.278987851341,1026.69046078643,61.8138164042844
88,8,8531,147.484585628883,0,0,710.398898136209,916.058258117454,61.1814558668386
88,9,15368,130.14816501822,0,0,829.028826132223,1024.25208224883,53.0935710567413
88,10,20239,140.720490142794,0,0,778.197045308563,928.267700973368,52.1391867187114
88,11,11184,145.814556509299,0,0,756.476305436338,920.596834763949,43.326895565093
88,12,8337,150.572388149214,0,0,671.933549238335,927.366198872496,50.7784574787094
88,13,16761,147.566016347473,0,0,738.393293956208,962.440785156017,51.5873754549251
88,14,9640,134.224170124481,0,0,468.537033195021,1048.03921161826,39.0930497925311
88,15,21316,139.012854194033,0,0,705.016185025333,983.291518108463,58.7511728279227
88,16,10151,133.493054871441,0,0,677.085607329327,903.673529701507,37.5662496305783
88,17,6618,163.328800241765,0,0,449.988667271079,1108.24841341795,37.9255061952251
88,18,14763,134.144550565603,0,0,518.890604890605,953.312063943643,36.4441509178351
88,19,14158,131.735414606583,0,0,685.548170645571,1009.1809577624,68.8978669303574
88,20,9307,134.244762007091,0,0,656.031911464489,1023.48630063393,29.6519823788546
88,21,8774,133.918395258719,0,0,415.930476407568,1102.16560291771,53.1899931616139
88,22,10703,132.84294123143,0,0,620.338503223395,1043.73428010838,70.1310847425955
88,23,12853,128.512642962732,0,0,422.447288570762,985.588967556213,46.2590056796079
88,24,15630,144.270825335893,0,0,745.394497760717,978.400447856686,63.2239283429303
88,25,8073,129.020686238078,0,0,616.917007308312,1181.72017837235,32.9063545150502
88,26,16689,134.782671220564,0,0,746.80765773863,1112.35532386602,33.5982383605968
88,27,9410,138.405526036132,0,0,775.112539851222,1010.06705632306,36.5825717321998
88,28,14254,138.261400308685,0,0,593.049600112249,978.54132173425,31.7736775641925
88,29,4245,176.656065959953,0,0,647.694935217903,859.785394581861,45.2247349823322
88,30,15906,127.572676977241,0,0,612.30353325789,882.431346661637,63.6074437319251
88,31,7936,130.519783266129,0,0,517.420740927419,1073.40700604839,32.3542086693548
88,32,3423,171.205959684487,0,0,581.195150452819,902.689453695589,40.2044989775051
88,33,4830,168.193581780538,0,0,700.126501035197,952.044720496894,43.0095238095238
88,34,4661,159.376099549453,0,0,552.541943788887,877.02231280841,51.773010083673
88,35,7498,132.523873032809,0,0,496.725793544945,1191.8446252334,41.8757001867165
88,36,3681,141.007878293942,0,0,771.958978538441,1082.49035588155,61.7446346101603
88,37,8577,134.254634487583,0,0,645.046519762155,857.832109129066,51.9895068205666
88,38,3683,137.751832745045,0,0,687.401031767581,1129.15775183275,66.4955199565572
88,39,13056,127.936504289216,0,0,445.300551470588,1012.85845588235,61.336243872549
88,40,17443,123.283609470848,0,0,519.285730665596,1179.8637275698,61.5069655449177
89,1,16014,133.414637192457,0,0,659.132259273136,837.788497564631,49.9857000124891
89,2,16824,139.063302425107,0,0,703.276153114598,1004.60562291964,34.9243342843557
89,3,15621,130.179437936112,0,0,831.441713078548,1043.74719928302,55.791946738365
89,4,14634,128.167760010933,0,0,547.480934809348,861.641861418614,57.0554872215389
89,5,23539,136.490632567229,0,0,674.327626492204,935.115340498747,55.917413653936
89,6,8359,148.294891733461,0,0,640.253738485465,915.789328867089,45.9423376001914
89,7,17731,145.035643787716,0,0,705.156561953641,944.158648694377,48.4220292143703
89,8,17021,130.097409082898,0,0,805.290112214323,954.287115915634,52.3794724164268
89,9,8954,145.145521554612,0,0,657.963256645075,865.30355148537,55.8095823095823
89,10,16996,127.79942339374,0,0,653.518180748411,937.773005413038,66.5784890562485
89,11,15083,128.549492806471,0,0,767.71398262945,938.930981900152,60.6987999734801
89,12,13157,154.067796610169,0,0,735.197841453219,893.18028425933,47.513414912214
89,13,15178,130.945447358018,0,0,601.908156542364,1066.65212808012,29.9063776518645
89,14,9163,129.40456182473,0,0,591.119829750082,978.800065480738,68.9207683073229
89,15,5832,146.986625514403,0,0,564.199074074074,974.475308641975,34.1162551440329
89,16,7526,157.639649216051,0,0,724.337230932766,920.272256178581,39.5744087164496
89,17,11215,131.718412839946,0,0,422.138118591173,1066.41052162283,42.5345519393669
89,18,13890,135.014830813535,0,0,618.149028077754,974.832541396688,36.5193664506839
89,19,7654,143.663313300235,0,0,503.735693754899,898.765612751502,45.0344917690097
89,20,13500,126.59637037037,0,0,729.879185185185,1213.65755555556,61.0239259259259
89,21,6568,135.003197320341,0,0,563.034713763703,1258.06912302071,51.5508526187576
89,22,10560,129.084564393939,0,0,676.030208333333,1091.73011363636,29.9856060606061
89,23,7196,133.989299610895,0,0,771.434546970539,1009.59157865481,61.6397998888271
89,24,10051,138.500547209233,0,0,779.361058601134,950.06516764501,44.2970848671774
89,25,17230,141.607719094602,0,0,709.38966918166,910.340975043529,60.2439930354034
89,26,6255,165.034212629896,0,0,679.263948840927,978.481854516387,39.7712230215827
89,27,16837,129.50881986102,0,0,514.32101918394,1044.05375066817,33.1834055948209
89,28,10978,130.633084350519,0,0,652.9306795409,944.703406813627,33.3067043177264
89,29,8197,127.131511528608,0,0,672.239233866049,1235.20849091131,39.6323045016469
89,30,5244,156.675438596491,0,0,594.25057208238,910.514492753623,37.6872616323417
89,31,6407,131.732324020602,0,0,675.587326361792,1064.74902450445,69.1290775714063
89,32,9677,137.364265784851,0,0,776.77906375943,1021.82680582825,36.4256484447659
89,33,6461,134.364649435072,0,0,480.140535520817,1130.1453335397,39.6293143476242
89,34,8910,127.65746352413,0,0,545.27519640853,1162.58417508418,34.4491582491583
89,35,8155,132.231759656652,0,0,595.31171060699,874.785407725322,44.2069895769467
89,36,8715,129.189213998853,0,0,433.483763625932,1149.30958118187,54.1411359724613
89,37,11482,134.367009231841,0,0,422.510189862393,1027.44556697439,58.4275387563142
89,38,6060,132.043234323432,0,0,525.111551155116,1157.23333333333,64.1267326732673
89,39,3879,196.692704305233,0,0,491.088167053364,1196.60376385666,40.3196700180459
89,41,18309,133.006335681905,0,0,781.517668906003,1138.01687694576,38.7126549784259
90,1,16219,133.374067451754,0,0,569.845736481904,848.637955484309,44.6196436278439
90,2,10922,159.025819446988,0,0,818.583501190258,990.687603003113,51.8633034242813
90,3,14340,127.806624825662,0,0,575.182705718271,1238.87057182706,47.6981171548117
90,4,16803,136.502291257514,0,0,691.11712194251,897.737546866631,46.252633458311
90,5,14851,136.811191165578,0,0,624.546091172312,893.79166386102,37.1160191232914
90,6,16152,147.862308073304,0,0,754.733098068351,992.518759286776,51.6022783556216
90,7,10334,137.194987420166,0,0,661.516547319528,839.135958970389,48.1763112057287
90,8,10662,145.322359782405,0,0,758.812230350778,956.501782029638,57.2651472519227
90,9,8660,147.44168591224,0,0,717.147113163972,864.583602771363,51.8978060046189
90,10,12553,148.057197482673,0,0,750.161555006771,1041.41567752728,59.5596271807536
90,11,15839,131.033840520235,0,0,826.311067617905,1091.56019950754,49.6043942168066
90,12,24565,130.02198249542,0,0,803.272582943212,1119.75404030124,58.9584775086505
90,13,10235,142.947826086957,0,0,774.619833903273,1000.76687835857,64.7512457254519
90,14,15334,138.900678231381,0,0,784.079366114517,1083.67079692187,62.354441111256
90,15,13166,143.404222998633,0,0,726.923287255051,948.426477289989,39.625094941516
90,16,8361,152.747039827772,0,0,754.003229278794,930.057768209544,45.6969262049994
90,17,10577,134.652926160537,0,0,668.020421669661,852.468374775456,63.7655289779711
90,18,14942,127.366349886227,0,0,772.709409717575,1174.53138803373,45.7522420024093
90,19,17539,134.016990706426,0,0,679.326415417071,1096.39620274816,31.8588859113975
90,20,9714,137.521103561869,0,0,813.825715462219,1032.75849289685,44.0748404364834
90,21,8293,134.506571807549,0,0,448.379476667069,1076.57011937779,42.8489087181961
90,22,12386,126.538026804457,0,0,482.808251251413,863.335459389633,54.9969320200226
90,23,19458,129.109826292527,0,0,727.412221194367,1107.50292938637,67.868023435091
90,24,6288,144.712945292621,0,0,790.986800254453,989.80677480916,41.5966921119593
90,25,10344,132.925947409126,0,0,747.244779582367,873.439288476411,45.083430007734
90,26,7057,137.533937933966,0,0,790.801615417316,905.587785177838,52.6814510415191
90,27,7533,128.290189831408,0,0,640.971591663348,1195.0777910527,63.9827425992301
90,28,10396,135.185263562909,0,0,761.40313582147,1009.71085032705,35.7601000384763
90,29,9145,131.222744669218,0,0,476.270858392564,1134.2604702023,60.1793329688354
90,30,7879,131.618352582815,0,0,630.832339129331,1110.913060033,70.2273131108009
90,31,7950,130.894591194969,0,0,507.943018867925,932.452578616352,38.0618867924528
90,32,4813,190.210263868689,0,0,441.145647205485,957.761894868066,43.4082692707251
90,33,14787,126.72726043146,0,0,707.075404071144,939.025089605735,70.1347805504835
90,34,12801,132.188969611749,0,0,814.779314116085,947.686430747598,61.1805327708773
90,35,8283,132.958710612097,0,0,474.669805625981,911.603404563564,46.9104189303392
90,36,8476,130.254247286456,0,0,761.411632845682,1154.62977819726,54.4755781028787
90,37,10823,131.747759401275,0,0,415.745911484801,1024.18987341772,57.2972373648711
90,38,10941,131.952655150352,0,0,735.156384242757,894.847271730189,59.3868933369893
90,39,9628,134.803905276278,0,0,666.109056917324,944.933631076028,33.3534482758621
90,40,9159,130.4079047931,0,0,526.871601703243,1074.25745168687,32.5343378098046
90,41,13371,129.233714755815,0,0,491.783561438935,978.254206865605,67.4965223244335
91,1,18360,147.792374727669,0,0,762.538834422658,1064.21938997821,48.6496187363834
91,2,16834,128.491861708447,0,0,726.691932992753,1185.87507425449,38.0498990139004
91,3,11570,140.180726015557,0,0,791.472515125324,1035.24165946413,39.642437337943
91,4,9894,147.288861936527,0,0,764.805134424904,949.592682433798,48.5839902971498
91,5,13102,126.859563425431,0,0,664.402076018928,1249.08136162418,46.4945809800031
91,6,16755,132.743598925694,0,0,727.503551178753,1206.01951656222,43.7016413011041
91,7,15008,135.944896055437,0,0,772.226612473348,1105.59461620469,36.5036647121535
91,8,10167,136.010819317399,0,0,761.498573817252,1202.09934100521,51.9184616897807
91,9,9280,142.708405172414,0,0,773.928340517241,1023.59213362069,60.4929956896552
91,10,12505,131.73418632547,0,0,743.734666133547,956.770971611355,62.931387445022
91,11,9028,129.09448382809,0,0,524.655294638901,885.562250775366,43.327315019938
91,12,14635,137.990638879399,0,0,817.862726340963,1164.4511103519,53.552511103519
91,13,11495,136.393736407134,0,0,758.56093953893,938.64488908221,40.0885602435842
91,14,9462,128.439230606637,0,0,569.398647220461,1254.87793278377,51.6232297611499
91,15,9049,128.737098021881,0,0,573.692341695215,868.27737871588,57.5690131506244
91,16,17339,131.543687640579,0,0,700.934425284042,875.461618317089,55.5676221235365
91,17,11320,139.969699646643,0,0,456.137632508834,954.718197879859,49.7606890459364
91,18,11874,130.110830385717,0,0,775.969765875021,1099.6337375779,60.9611756779518
91,19,9242,131.878705907812,0,0,546.376866479117,935.255572386929,63.3869292360961
91,20,8872,150.199954914337,0,0,797.336564472498,1001.53381424707,51.4947024346258
91,21,10500,129.852095238095,0,0,810.758,973.886095238095,56.7626666666667
91,22,14939,134.952741147332,0,0,746.763906553317,974.590133208381,56.7387375326327
91,23,15820,126.927117572693,0,0,561.740897597977,988.621365360303,69.7579013906447
91,24,13322,169.096156733223,0,0,819.367512385528,1089.96547065005,46.4309413001051
91,25,16971,129.558305344411,0,0,684.853043427023,1085.16516410347,29.8533380472571
91,26,7340,150.600953678474,0,0,781.958038147139,1115.3704359673,53.9318801089918
91,27,15023,130.74931771284,0,0,643.921653464687,922.612793716302,34.7852625973507
91,28,6079,177.310248396118,0,0,507.531337391018,906.246257608159,59.9930909689094
91,29,11461,132.546112904633,0,0,434.809091702295,1049.52813890585,59.7915539656225
91,30,8448,131.365885416667,0,0,687.846709280303,1150.52237215909,36.6221590909091
91,31,10638,130.321959014852,0,0,713.123237450649,870.737826659146,48.1876292536191
91,32,10141,132.038654964994,0,0,727.732669361996,1104.04891036387,68.1217828616507
91,33,4490,142.903786191537,0,0,473.124053452116,1168.16770601336,53.0456570155902
91,34,6541,138.708760128421,0,0,829.695918055343,1075.43341996637,55.1941599143862
91,35,16406,128.440204803121,0,0,666.206936486651,910.582408874802,64.316591490918
91,36,6713,145.791151497095,0,0,802.18039624609,990.286608073886,43.1039773573663
91,37,3677,146.856948599402,0,0,432.419907533315,1088.45281479467,48.2841990753331
91,39,15239,140.509482249491,0,0,736.982151059781,1151.9685018702,48.0278233479887
91,40,17258,132.074284389848,0,0,491.554003940202,1066.78247769151,34.2528102908796
91,41,8279,126.930064017393,0,0,514.886218142288,1140.33760115956,65.8876675927044
91,42,10164,126.309228650138,0,0,556.260133805588,1222.37957497048,41.1393152302243
91,43,15976,122.010265398097,0,0,723.61899098648,1209.52034301452,63.0020030045068
92,1,16325,128.420275650842,0,0,632.325329249617,853.747013782542,49.2985604900459
92,2,13513,124.103307925701,0,0,556.048693850366,1268.27003626138,46.7891659883076
92,3,17343,144.053508620193,0,0,594.634549962521,886.692325433893,46.3714466931903
92,4,15772,134.616979457266,0,0,520.063023078874,895.256910981486,47.1318158762364
92,5,14760,127.589159891599,0,0,714.018699186992,877.208333333333,48.6486449864499
92,6,7652,153.611343439624,0,0,691.627940407737,1103.99634082593,32.7213800313643
92,7,9146,139.262519134048,0,0,778.930680078723,940.283949267439,44.5167286245353
92,8,9662,129.88863589319,0,0,615.312150693438,1260.27116539019,52.0608569654316
92,9,11301,149.928324926998,0,0,629.662861693655,941.579948677108,41.0433589947792
92,10,8569,125.748978877349,0,0,726.36316956471,1248.24460263741,52.5449877465282
92,11,8818,153.742458607394,0,0,634.420730324337,996.42447266954,34.3618734406895
92,12,9971,127.174606358439,0,0,641.151539464447,884.853475077725,54.9331060074215
92,13,6175,168.725829959514,0,0,648.543805668016,1276.595951417,55.6524696356275
92,14,16657,138.735486582218,0,0,784.642792819835,1176.62526265234,43.643873446599
92,15,8823,160.140995126374,0,0,747.354414598209,1016.63221126601,36.1627564320526
92,16,10473,138.924090518476,0,0,696.643464145899,1166.57901269932,33.8547694070467
92,17,17762,137.264440941335,0,0,733.082592050445,1097.96965431821,37.6767818939309
92,18,11874,130.720397507159,0,0,433.9788613778,1160.34798719892,50.3041940373926
92,19,10951,134.808601954159,0,0,444.4725595836,964.032873710163,51.7204821477491
92,20,7015,151.159515324305,0,0,732.107198859587,911.76336421953,44.4376336421953
92,21,8254,141.421007996123,0,0,794.28374121638,977.799491155803,41.9800096922704
92,22,9026,151.228451141148,0,0,566.716374916907,931.810214934633,37.8796809217815
92,23,6352,157.174748110831,0,0,684.103589420655,953.379093198992,33.1925377833753
92,24,7528,131.572662061637,0,0,643.053931987248,1126.55698724761,69.6580765143464
92,25,8424,160.905864197531,0,0,777.685778727445,1045.12737416904,41.8082858499525
92,26,10581,132.587373594178,0,0,545.907759191003,1116.38209999055,30.1135053397599
92,27,10807,135.119274544277,0,0,750.392986027575,1076.06875173499,32.9330063847506
92,28,13796,125.301754131632,0,0,712.832850101479,889.581110466802,59.2793563351696
92,29,11348,137.118963694043,0,0,827.845435318999,1116.65994007755,47.131036305957
92,30,10970,135.772470373747,0,0,830.226344576117,1010.65569735643,48.9424794895169
92,31,6360,132.987893081761,0,0,676.101886792453,1050.5394654088,31.9454402515723
92,32,9238,128.749296384499,0,0,570.870426499242,1117.48246373674,68.9355921195064
92,33,15281,149.07453700674,0,0,701.960146587265,978.214841960605,39.2760944964335
92,34,13657,136.607673720436,0,0,613.850040272388,938.739913597423,32.6704986453833
92,35,15195,124.941559723593,0,0,707.300230338927,1225.60789733465,40.9746627179993
92,36,6314,129.258789990497,0,0,555.718245169465,1032.60357934748,30.9222363002851
92,37,7907,136.960541292526,0,0,772.188061211585,1014.81560642469,63.7101302643227
92,38,7363,129.341980171126,0,0,657.580469917153,1237.28887681652,60.090044818688
92,39,10158,126.486513093129,0,0,520.5,921.695314038196,60.7021067139201
92,40,7409,133.968956674315,0,0,450.760291537319,1054.47604265083,59.5437980834121
92,41,7506,136.213296029843,0,0,664.977484678923,1007.92059685585,30.0411670663469
92,42,9331,131.942021219591,0,0,648.494587932697,1007.90622655664,69.4876219054764
92,44,16669,128.853740476333,0,0,490.806887035815,1008.05909172716,34.9464874917512
92,45,6925,131.184548736462,0,0,522.606209386282,1198.08866425993,61.902238267148
92,100,8644,123.184983803795,0,0,747.698172142527,1150.35307727904,66.2668903285516
93,1,15736,136.619026436197,0,0,600.849453482461,843.61222674123,47.7615658362989
93,2,9658,155.926485814868,0,0,673.206150341686,945.924104369435,35.1227997515013
93,3,16115,143.006515668632,0,0,633.407074154514,1010.41849208812,33.5316165063605
93,4,11923,153.408370376583,0,0,597.36928625346,894.617042690598,42.6251782269563
93,5,7597,159.242595761485,0,0,581.327366065552,977.612610240885,34.0942477293669
93,6,11473,135.902553822017,0,0,772.491065980999,956.432929486621,41.2202562538133
93,7,18111,131.101871790624,0,0,631.644414996411,903.082380873502,63.0957429186682
93,8,10182,151.362502455313,0,0,614.300530347672,870.549008053428,53.666273816539
93,9,9344,124.815496575342,0,0,737.689640410959,1244.0857234589,46.3369006849315
93,10,9235,140.718245804007,0,0,552.242338927991,1030.76870600975,31.1410936654034
93,11,7417,152.198597815828,0,0,656.026156127814,867.834704058245,42.2417419441823
93,12,18944,141.168127111486,0,0,686.926889780405,895.072001689189,58.0496727195946
93,13,7245,128.755003450656,0,0,705.122015182885,1244.60013802623,57.7044858523119
93,14,10465,136.419875776398,0,0,813.748112756808,1132.40573339704,47.9087434304826
93,15,14977,130.377912799626,0,0,490.29845763504,896.436469252854,54.3795820257729
93,16,8815,127.977424844016,0,0,508.599092456041,895.73511060692,45.6340328984685
93,17,13273,128.328335719129,0,0,828.775333383561,1017.62103518421,55.5796730204174
93,18,13575,157.141952117864,0,0,678.979300184162,923.498931860037,42.1496132596685
93,19,10470,128.073447946514,0,0,761.75711556829,978.190162368672,59.8675262655205
93,20,21230,130.999811587376,0,0,544.27960433349,1122.87503532737,31.5118699952897
93,21,14892,127.651759333871,0,0,753.232138060704,913.013497179694,58.481332258931
93,22,10604,131.481139192757,0,0,559.32619766126,975.935307431158,67.5583741984157
93,23,4220,175.200236966825,0,0,546.802843601896,1253.12014218009,42.2383886255924
93,24,14522,129.908070513703,0,0,789.22200798788,933.059771381352,51.1315934444291
93,25,19709,136.890506875032,0,0,645.178344918565,1113.44949008067,29.2042721599269
93,26,10806,135.141958171386,0,0,789.407643901536,1042.30973533222,37.3848787710531
93,27,10463,127.592659848992,0,0,446.311956417853,1169.02570964351,44.1007359265985
93,28,8795,134.405343945424,0,0,511.300397953383,1211.65446276293,42.8661739624787
93,29,7968,131.136420682731,0,0,572.867846385542,935.833207831325,37.0151857429719
93,30,8210,136.422777101096,0,0,632.243118148599,972.008038976858,30.7610231425091
93,31,7594,126.049249407427,0,0,650.253621279958,1227.9773505399,63.1123255201475
93,32,6141,128.125223904901,0,0,598.055039895782,1264.54388536069,45.8267383162351
93,33,11046,134.927847184501,0,0,775.133532500453,1147.5041644034,61.8172189027702
93,34,7067,152.202490448564,0,0,764.559360407528,927.420970708929,46.1652752228668
93,35,8686,131.079668431959,0,0,552.900529587842,1097.77193184435,68.2593829150357
93,36,5143,153.950029165857,0,0,684.623177133969,976.623954890142,40.5920668870309
93,37,7687,127.612592688955,0,0,607.345388317939,1220.25536620268,36.0776635878756
93,38,8456,125.64770577105,0,0,686.925378429518,1019.35525070956,69.3229659413434
93,39,9269,129.664472974431,0,0,529.208760384076,1235.06322149099,58.2791023842917
93,40,4152,176.347061657033,0,0,606.916184971098,904.991088631985,47.9474951830443
93,41,11787,131.847459065072,0,0,725.005853906846,1103.59718333758,31.2749639433274
93,42,11490,127.240557006092,0,0,435.254569190601,1111.92758920801,59.3383812010444
93,43,8063,135.99727148704,0,0,449.761627185911,959.088800694531,42.7295051469676
93,44,6596,136.50166767738,0,0,598.234839296543,889.2377198302,37.9116130988478
93,45,4537,155.824994489751,0,0,733.144368525457,1031.27639409301,31.9074278157373
93,46,7129,146.964511151634,0,0,712.94178706691,927.23762098471,52.5763781736569
93,100,7765,138.944880875724,0,0,753.337025112685,968.643013522215,36.3600772698004
94,1,13387,139.396504071114,0,0,733.010906102936,932.942481511915,59.6436094718757
94,2,14584,129.703922106418,0,0,811.395227646736,1149.52838727372,45.6017553483269
94,3,10758,146.389570552147,0,0,699.253113961703,914.886224205243,39.8532255065997
94,4,9236,129.594413165873,0,0,612.482026851451,871.490255521871,46.6814638371589
94,5,9229,139.378589229602,0,0,539.124823924586,912.264600715137,38.9484234478275
94,6,7846,148.330104511853,0,0,613.976930920214,890.99260769819,42.0658934488912
94,8,10964,136.3908245166,0,0,514.674297701569,875.265961327982,56.1393651951842
94,9,9103,137.463693287927,0,0,707.24739097001,918.454904976381,55.1856530814017
94,10,15763,131.763052718391,0,0,719.124785891011,870.987438939288,56.835056778532
94,11,17020,136.258695652174,0,0,628.785193889542,940.231022326675,38.4396592244418
94,12,14868,132.804882970137,0,0,827.695117029863,1046.26365348399,46.7934490180253
94,13,10113,135.28933056462,0,0,780.975378226046,986.004251952932,39.9077425096411
94,14,22380,135.745710455764,0,0,783.983378016086,998.181233243968,59.3533958891868
94,15,9820,124.408350305499,0,0,584.30967413442,1271.49714867617,54.1576374745418
94,16,13425,135.3547858473,0,0,562.717541899441,1000.42271880819,31.0102048417132
94,17,7005,138.489650249822,0,0,421.992433975732,1105.56402569593,46.0095645967166
94,18,9653,125.943644462861,0,0,612.789184709417,860.778203667254,57.5138298974412
94,19,8706,139.937399494601,0,0,740.243165632897,887.285550195268,49.3699747300712
94,20,10491,131.95319797922,0,0,679.546849680679,858.33991039939,46.9074444762177
94,21,14998,127.400586744899,0,0,829.111548206428,1053.41865582078,55.998199759968
94,22,16361,127.465436098038,0,0,605.947191491963,912.645070594707,66.4158670007946
94,23,14780,132.558254397835,0,0,401.304600811908,1057.63166441137,50.8451962110961
94,24,10225,135.079511002445,0,0,771.738190709046,1016.30092909535,53.7576528117359
94,25,7516,125.863890367217,0,0,615.936003193188,1273.9953432677,46.9308142629058
94,26,11011,131.810098991917,0,0,737.384161293252,1057.08836617928,32.6255562619199
94,27,8461,208.174092896821,0,0,435.779222314147,1136.19312138045,41.2555253516133
94,28,13192,128.768799272286,0,0,652.670178896301,1073.96262886598,70.9380685263796
94,29,11219,128.408681700686,0,0,462.951332560834,1204.76655673411,54.9966128888493
94,30,7232,151.896017699115,0,0,798.927544247788,993.708932522124,45.7103152654867
94,31,6819,139.17289925209,0,0,683.023317201936,996.782226132864,32.0095321894706
94,32,8367,135.869248237122,0,0,744.783793474364,977.11258515597,35.980160152982
94,33,7327,126.141940767026,0,0,592.876347754879,1168.94131295209,66.9661525863246
94,34,9400,127.205106382979,0,0,807.66670212766,1121.1229787234,53.8263829787234
94,35,11202,129.840831994287,0,0,637.403320835565,1052.68068202107,28.5017853954651
94,36,9529,130.445797040613,0,0,484.421870080806,1109.94490502676,34.1681183754854
94,37,10480,154.450954198473,0,0,731.929675572519,949.635496183206,46.4187977099237
94,38,8336,125.730806142035,0,0,615.522792706334,1226.90307101727,35.7244481765835
94,39,8430,133.076868327402,0,0,712.543297746145,1178.62016607355,36.5425860023725
94,40,17697,131.721534723399,0,0,481.554952816862,986.448663615302,36.7846527660055
94,41,8419,132.003563368571,0,0,645.534505285663,900.758047274023,36.5956764461337
94,42,14317,128.725640846546,0,0,749.099392330796,1012.2638820982,65.6978417266187
94,43,7295,129.138450993831,0,0,480.886086360521,1191.68732008225,41.4668951336532
94,44,3327,139.932070934776,0,0,715.700931770364,1222.5250976856,42.2058911932672
94,45,4945,139.851365015167,0,0,687.071587462083,947.21456016178,42.3085945399393
94,46,8869,149.169917690833,0,0,673.928853309279,882.360130792649,50.9928966061563
94,47,3935,132.770520965692,0,0,698.254129606099,1246.01473951715,55.464040660737
94,48,13630,129.628833455613,0,0,466.13778429934,1087.03235509905,64.5575201760822
94,49,6964,123.400201033889,0,0,733.348363009765,1162.9151349799,65.2096496266514
95,1,10766,153.238250046443,0,0,707.256269738064,898.630131896712,41.9202117778191
95,2,16104,133.507637853949,0,0,749.835072031793,880.296572280179,59.1082339791356
95,3,12935,143.146192500966,0,0,754.915500579822,948.580208735988,60.7492075763433
95,4,10974,149.302897758338,0,0,629.491343174777,865.684253690541,45.6234736650264
95,5,17893,128.804560442631,0,0,828.208349633935,1075.91734197731,55.7376627731515
95,6,9375,138.76352,0,0,550.712,878.223573333333,41.9169066666667
95,7,24926,138.351239669421,0,0,797.908128059055,1013.38722618952,59.4701516488807
95,8,12103,148.683962653887,0,0,692.768982896802,876.379327439478,52.68999421631
95,9,15488,132.932463842975,0,0,825.308690599174,1051.30249225207,46.2828641528926
95,10,10819,136.181717349108,0,0,783.171734910805,981.831407708661,40.5843423606618
95,11,12279,135.483508429025,0,0,559.721557130059,960.626353937617,32.8596791269647
95,12,8704,134.971622242647,0,0,412.849954044118,1077.39223345588,47.7296645220588
95,13,18480,138.50211038961,0,0,637.761958874459,914.295725108225,40.6521103896104
95,14,8738,148.371023117418,0,0,802.931906614786,993.642595559625,46.4150835431449
95,15,12209,130.475223196003,0,0,800.060283397494,1132.73011712671,52.5271521009092
95,16,7588,143.712572482868,0,0,681.91750131787,970.278070637849,33.6006852925672
95,17,10505,125.001808662542,0,0,571.573536411233,1262.97962874822,52.501761066159
95,18,18094,127.494639106886,0,0,629.908533215431,914.759975682547,68.6886260638886
95,19,9982,133.834201562813,0,0,699.093368062512,848.140753356041,49.0784411941495
95,20,5224,160.953101071976,0,0,743.944295558959,966.712098009188,49.1784073506891
95,21,15210,129.992767915845,0,0,399.730046022354,1028.46929651545,53.0294543063774
95,22,10590,133.214825306893,0,0,537.940321057602,861.572426817753,59.8318224740321
95,23,10280,126.772470817121,0,0,638.379182879377,854.884630350195,60.3806420233463
95,24,7345,128.869571136828,0,0,595.957522123894,1259.89652825051,45.5719537100068
95,25,15960,130.117042606516,0,0,766.440162907268,1032.64204260652,66.2894736842105
95,26,6462,129.7808727948,0,0,696.685546270504,1210.8628907459,40.1434540389972
95,27,7663,140.988255252512,0,0,703.947409630693,943.088607594937,42.2433772673888
95,28,9363,142.827298942647,0,0,761.417601196198,887.763644131155,51.5864573320517
95,29,8683,140.697569964298,0,0,731.387078198779,922.75561441898,56.6779914775999
95,30,7952,149.645246478873,0,0,690.381539235412,1156.81099094567,35.169014084507
95,31,12219,135.764137818152,0,0,779.205090432932,1020.97119240527,53.7930272526393
95,32,7385,127.633987813135,0,0,680.159377115775,1248.71929587001,54.1199729180772
95,33,8786,139.441497837469,0,0,746.619166856362,964.589346687913,36.8252902344639
95,34,8516,133.839361202442,0,0,653.275246594645,876.259394081728,39.0192578675434
95,35,8856,127.136743450768,0,0,589.607836495032,1198.65503613369,34.6889114724481
95,36,10234,125.996189173344,0,0,450.539867109635,1183.12761383623,54.5135821770569
95,37,11699,131.589623044705,0,0,631.549277716044,1019.48841781349,29.4873920847936
95,38,10410,135.655619596542,0,0,725.541306436119,1036.69462055716,32.5050912584054
95,39,5388,183.506310319228,0,0,420.297141796585,1097.83945805494,42.2303266518189
95,40,14047,127.206093827864,0,0,792.329322987115,1153.02299423364,43.1757670677013
95,41,8754,128.706191455335,0,0,472.803746858579,1067.73349326022,35.3557230980123
95,42,4474,171.203844434511,0,0,734.363656683058,925.805319624497,46.5887349128297
95,43,13344,130.122002398082,0,0,661.852368105516,1088.91539268585,71.630845323741
95,44,17125,129.734306569343,0,0,479.309430656934,947.721868613139,39.3751240875912
95,46,6952,126.766829689298,0,0,590.759781357883,1170.76150747986,66.8830552359033
95,47,7795,125.754714560616,0,0,461.941372674792,1156.90044900577,41.5839640795382
95,48,13094,126.705590346724,0,0,473.076065373454,1074.78547426302,66.6733618451199
95,49,8252,123.089675230247,0,0,729.34585555017,1175.46667474552,64.4415899175957
95,100,7934,128.981598185026,0,0,631.33602218301,851.106755734812,50.3172422485505
96,1,14500,134.946689655172,0,0,564.94875862069,876.310413793103,41.5546896551724
96,2,16692,133.13707165109,0,0,499.790318715552,877.451713395639,48.9469206805655
96,3,6200,148.419193548387,0,0,753.170161290323,923.020967741935,50.7572580645161
96,4,10611,134.459523136368,0,0,790.742719819056,979.956083309773,42.3633964753558
96,5,18242,127.842725578336,0,0,815.524503892117,1145.13441508607,50.3736432408727
96,6,13262,133.338335092746,0,0,784.506786306741,1063.54101945408,51.3479113255919
96,7,11583,135.311749978417,0,0,597.521453854787,843.410947077614,53.4224294224294
96,8,10348,143.587359876305,0,0,733.192211055276,885.644279087746,48.4886934673367
96,9,12661,142.022431087592,0,0,679.123765895269,871.84787931443,55.4145802069347
96,10,9687,133.454526685248,0,0,687.336327036234,911.820377825952,39.7926086507691
96,11,11073,140.584846021855,0,0,792.801047593245,1038.26198862097,62.6253047954484
96,12,15094,131.601232277726,0,0,816.028421889493,1063.73022393004,43.1562210149728
96,13,10777,133.950450032477,0,0,768.62809687297,983.234573629025,58.8647118864248
96,14,8594,124.561205492204,0,0,633.588782871771,1265.61147312078,45.4251803583896
96,15,7108,144.401378728194,0,0,791.212014631401,1017.81921778278,53.8816826111424
96,16,10418,130.750335956998,0,0,748.209445191016,877.662699174506,57.6729698598579
96,17,10201,140.3313400647,0,0,809.654739731399,1010.7341437114,47.2337025781786
96,18,11475,128.127058823529,0,0,424.812897603486,1150.98692810458,52.198082788671
96,19,11877,132.77527995285,0,0,598.974572703545,911.255114928012,69.1523953860402
96,20,10542,144.985866059571,0,0,741.791974957314,926.981597419844,59.6118383608423
96,21,6050,139.222809917355,0,0,628.349586776859,1004.37818181818,31.0295867768595
96,22,11905,146.22393952121,0,0,812.488534229315,1094.60159596808,56.7219655606888
96,23,18661,127.159262633299,0,0,681.158458817855,1026.46958898237,73.0747012485933
96,24,9283,137.142626306151,0,0,804.858989550792,945.527846601314,55.2414090272541
96,25,9318,134.03262502683,0,0,751.918222794591,937.363811976819,40.4768190598841
96,26,10915,129.817315620705,0,0,684.501511681173,843.699038021072,49.1640861200183
96,27,18729,128.467670457579,0,0,788.159538683325,972.51545731219,64.6100699450051
96,28,9282,123.150506356389,0,0,716.502370178841,1240.0231631114,56.7879767291532
96,29,19008,128.903461700337,0,0,787.879156144781,1131.62852483165,63.6312605218855
96,30,6633,136.63530830695,0,0,687.075682195085,1128.77189808533,32.698175787728
96,31,10022,134.394132907603,0,0,410.507782877669,1031.8953302734,51.8501297146278
96,32,9980,133.097695390782,0,0,714.688577154309,965.190080160321,34.5905811623246
96,33,10411,125.181250600327,0,0,785.281337047354,1158.61876861012,45.2796081068101
96,34,7913,133.413749526096,0,0,431.37849109061,1073.2254517882,41.9216479211424
96,35,9529,124.753489348305,0,0,701.645083429531,923.765452828209,67.9085948158254
96,36,9785,131.359734287174,0,0,622.799591211037,922.983137455289,34.7046499744507
96,37,6230,129.052487961477,0,0,660.432102728732,1173.1150882825,33.9215088282504
96,38,15608,134.346873398257,0,0,671.024282419272,890.213608405946,48.5534982060482
96,39,8621,131.281521865213,0,0,455.909871244635,968.050458183505,40.9654332444032
96,40,14683,125.345705918409,0,0,418.575495470953,991.467343185997,59.4832118776817
96,41,9285,128.72493268713,0,0,667.82789445342,1191.00656973613,67.7601507808293
96,42,12253,128.673712560189,0,0,538.088631355586,1091.9075328491,31.0597404717212
96,43,14381,128.083304359919,0,0,758.644530978374,1131.79208678117,36.5829219108546
96,44,8031,127.754949570415,0,0,505.798281658573,1227.94209936496,45.2338438550616
96,45,5977,201.382800736155,0,0,410.210640789694,1013.72712062908,46.4127488706709
96,46,9354,127.803613427411,0,0,527.932862946333,1196.17692965576,37.4122300620056
96,47,9963,127.415537488708,0,0,488.284151360032,1122.31887985547,66.7851048880859
96,48,7607,125.179439989483,0,0,575.879190219535,1228.79295385829,62.0797949257263
96,100,15345,124.722059302704,0,0,671.607233626588,861.300488758553,60.899055066797
96,101,9240,133.395887445887,0,0,747.388744588745,941.945779220779,46.2018398268398
97,1,14747,128.168780090866,0,0,595.934427341154,1264.59056079203,51.8650572997898
97,2,14353,127.897094684038,0,0,740.324043753919,1232.901623354,52.2679579182053
97,3,14923,133.378945252295,0,0,746.192454600281,1062.8865509616,65.355759565771
97,4,19775,132.32788874842,0,0,745.239089759798,1074.94821744627,35.6970922882427
97,5,11095,128.155926092835,0,0,613.850202794051,816.820639927895,53.8720144209103
97,6,10395,137.385281385281,0,0,730.284271284271,1126.55276575277,66.7612313612314
97,7,12256,129.446067232376,0,0,789.33795691906,1060.19378263708,56.8986618798956
97,8,12556,130.001353934374,0,0,811.200860146544,933.395269194011,57.0570245301051
97,9,11538,140.811839140232,0,0,799.544981799272,1083.48153926157,63.2371294851794
97,10,9742,142.784233216999,0,0,815.890884828577,1084.42147402997,48.0962841305687
97,11,14734,134.331138862495,0,0,816.774331478214,1033.75064476721,43.1660105877562
97,12,14913,129.783142224904,0,0,621.667337222558,1089.14651646215,31.0687990343995
97,13,9704,135.283491343776,0,0,739.558017312448,1024.22980214345,35.7571104699093
97,14,9697,146.988037537383,0,0,731.079096627823,1199.73661957306,46.4274517892132
97,15,21055,132.3022559962,0,0,607.084540489195,998.785086677749,73.9881263357872
97,16,8380,133.635560859189,0,0,542.176014319809,853.484128878282,44.677923627685
97,17,11307,130.257539577253,0,0,809.284248695498,1156.41938622093,54.281241708676
97,18,8795,129.716088686754,0,0,497.5816941444,876.506765207504,59.9663445139284
97,19,11282,130.629852862968,0,0,825.204928204219,1008.03758198901,58.0812799149087
97,20,11800,134.749830508475,0,0,834.65406779661,1034.40983050847,51.8264406779661
97,21,8749,128.519945136587,0,0,782.335009715396,1172.63961595611,62.8728997599726
97,22,11535,136.706978760295,0,0,745.115648027742,1178.47290853923,58.5328131772865
97,23,8774,141.745042170048,0,0,757.609756097561,1096.6601322088,44.7769546387053
97,24,6593,174.21371151221,0,0,488.817533747914,921.50341271045,65.5046261186106
97,25,9773,131.662130359153,0,0,784.837409188581,985.003683618132,63.403151539957
97,26,9121,130.242626904945,0,0,459.935971932902,966.285714285714,63.5044403025984
97,27,5907,148.302691721686,0,0,773.539360081259,1139.70932791603,49.0589131538852
97,28,9764,129.492830807046,0,0,423.139287177386,949.569541171651,52.9879147890209
97,29,6068,124.53707976269,0,0,703.31328279499,1168.40194462755,65.9424851680949
97,30,9113,124.565346208713,0,0,675.616043015472,1238.79446943926,60.1564797541973
97,31,8164,133.891107300343,0,0,729.041401273885,875.056712395884,43.6680548750612
97,32,10799,133.969626817298,0,0,682.394295768127,1080.40818594314,72.4000370404667
97,33,12461,133.571864216355,0,0,680.74833480459,1191.95281277586,38.3758927854907
97,34,11858,163.15812109968,0,0,742.045791870467,1142.85941980098,40.396694214876
97,35,9512,130.463414634146,0,0,738.798044575273,861.102291841884,57.2142556770395
97,36,9620,129.060083160083,0,0,566.02869022869,894.578898128898,68.0053014553014
97,37,8014,132.882081357624,0,0,670.075867232343,866.263164462191,40.4105315697529
97,38,9819,129.693145941542,0,0,595.101435991445,1219.88776861187,65.0943069559018
97,39,9273,130.643049714224,0,0,575.120565081419,952.245012401596,33.0234012725116
97,40,14857,132.21955980346,0,0,698.534158982298,960.882412330888,71.3024836777277
97,41,10779,133.193524445681,0,0,749.428703961406,1172.19092680212,52.5133129232767
97,42,10394,129.14162016548,0,0,416.258129690206,1121.96199730614,52.1260342505292
97,43,8501,126.983531349253,0,0,469.939654158334,1085.61181037525,38.3731325726385
97,44,8715,134.254274239816,0,0,540.527137119908,1182.7156626506,38.1738382099828
97,45,12947,133.144898432069,0,0,764.885996756005,945.24916969182,39.1644396385263
97,46,10727,127.613312202853,0,0,489.434138156055,908.209844318076,41.9296168546658
97,47,11950,127.10510460251,0,0,749.551213389121,910.220083682008,65.8419246861925
97,48,13548,125.578092707411,0,0,452.41865958075,1046.078978447,65.9092116917626
97,101,9484,139.333192745677,0,0,796.406474061577,1105.13095740194,58.9958878110502
97,102,18298,125.650016395234,0,0,772.491146573396,1078.45392939119,69.2601923707509
98,1,17942,132.805317132984,0,0,651.130085832126,836.844220265299,51.4650540630922
98,2,13933,137.588817914304,0,0,581.646163783823,892.886313069691,38.7978181296203
98,3,12301,146.308592797334,0,0,651.808145679213,952.467197788798,34.5141858385497
98,4,8134,151.235677403492,0,0,676.814974182444,951.046471600689,38.9285714285714
98,5,20148,135.233819733969,0,0,605.029729998015,1094.33224141354,35.282707961088
98,6,8835,134.956762874929,0,0,586.830673457838,998.418788907753,31.3906055461234
98,7,12385,138.749939442874,0,0,707.262817924909,934.737828017763,44.1150585385547
98,8,8795,133.944968732234,0,0,724.468220579875,1091.53757816941,33.8498010233087
98,9,13599,130.860063239944,0,0,794.26950511067,966.33178910214,42.5944554746673
98,10,7619,155.334033337708,0,0,688.71886074288,894.241895261845,40.6259351620948
98,11,10366,131.934593864557,0,0,844.989195446653,1113.53588655219,54.3336870538298
98,12,9828,155.177248677249,0,0,630.358262108262,881.960927960928,44.0387667887668
98,13,7854,155.916984975809,0,0,557.705882352941,1058.11484593838,33.8158899923606
98,14,9433,143.735184988869,0,0,735.80833244991,974.951977101664,39.1889112689494
98,15,11106,127.806410949037,0,0,809.647667927247,945.79281469476,53.5965244012246
98,16,17451,130.353847917025,0,0,487.822818176609,879.52873760816,48.8754799151911
98,17,8024,137.322033898305,0,0,693.46186440678,1045.4268444666,36.0619391824526
98,18,12446,133.979591836735,0,0,520.597219990358,1138.28137554234,35.7475494134662
98,19,15406,128.701285213553,0,0,845.334804621576,1024.60749058808,51.4143840062313
98,20,10310,134.746362754607,0,0,760.828322017459,1029.73976721629,36.2473326867119
98,21,10429,139.505417585579,0,0,625.981493911209,952.372806596989,39.2848787036149
98,22,8155,129.314285714286,0,0,517.634580012262,1029.51686082158,34.7210300429185
98,23,13748,130.219595577539,0,0,767.170352051207,899.792478906023,49.9994908350305
98,24,8814,152.468913092807,0,0,656.488881325164,1017.58316314953,33.2249829816202
98,25,9752,156.159044298605,0,0,642.880229696472,1065.67975799836,31.9065832649713
98,26,8811,128.156622403813,0,0,503.808988764045,945.368630121439,38.3632958801498
98,27,9944,129.323511665326,0,0,506.468423169751,1206.24255832663,61.9032582461786
98,28,12876,128.943771357564,0,0,768.352982292637,1141.78890959925,37.8344206275241
98,29,11936,130.896782841823,0,0,574.494973190349,864.268431635389,63.6486260053619
98,30,9377,125.371654047137,0,0,741.139703529914,1240.27823397675,60.4410792364296
98,31,9284,125.822059457131,0,0,579.772296423955,1274.66415338216,54.0615036622146
98,32,5347,174.417056293249,0,0,534.884234149991,1253.60744342622,59.6848700205723
98,33,14038,131.715985183075,0,0,505.831030061262,1222.90468727739,45.1844279811939
98,34,8709,137.786083362039,0,0,428.459754277185,1003.26857274084,42.9654380525893
98,35,9860,126.657505070994,0,0,586.578498985801,946.986105476673,71.1595334685598
98,36,9520,133.186659663866,0,0,679.901365546218,1140.38655462185,34.803256302521
98,37,9752,127.648995077933,0,0,597.496616078753,1231.93437243642,40.619257588187
98,38,9560,126.322594142259,0,0,822.407531380753,1122.15878661088,63.1372384937238
98,39,6986,150.673489836816,0,0,713.397938734612,864.018036072144,52.0362152877183
98,40,7724,125.772397721388,0,0,601.323148627654,1247.76048679441,63.7261781460383
98,41,7836,128.832440020419,0,0,691.008933129148,1221.47052067381,39.8856559469117
98,42,10871,125.4942507589,0,0,725.244871676939,878.034771410174,62.5042774353785
98,43,10741,126.610930080998,0,0,687.180057722745,1106.65487384787,74.0455264872917
98,44,13229,125.18149519994,0,0,433.031219290952,1158.86937788193,58.521203416736
98,45,7915,127.864560960202,0,0,768.354264055591,1216.70915982312,46.8304485154769
98,46,8061,126.621635032874,0,0,768.40379605508,1006.23520655006,69.9021213248976
98,47,8811,127.789808194303,0,0,557.097605266145,1150.68289637953,70.9434797412326
98,51,10466,158.550831263138,0,0,576.906267915154,972.083412956239,35.8266768583986
98,52,5606,126.124331073849,0,0,730.007491972886,1157.48394577239,69.7224402425972
98,53,11448,129.797431865828,0,0,460.192959468903,1016.01249126485,67.2139238294899
98,100,10727,129.030949939405,0,0,591.008576489233,1105.17786892887,30.563717721637
99,1,11156,130.582377196128,0,0,597.451685191825,848.777967013266,46.4727500896379
99,2,12434,134.652726395368,0,0,542.535547691813,846.390542062088,58.5927296123532
99,3,10099,151.499059312803,0,0,604.195464897515,879.781265471829,42.5854044954946
99,4,8045,146.640522063393,0,0,819.371659415786,1030.5686761964,57.8270975761342
99,5,10792,146.800778354337,0,0,745.80133432172,899.55828391401,44.1426056338028
99,6,12394,129.872518960787,0,0,818.302727126029,1129.4882201065,49.5358237857028
99,7,17468,129.49965651477,0,0,801.916933821846,982.053812686054,62.0237004808793
99,8,8128,140.428395669291,0,0,614.421136811024,983.02030019685,32.6106053149606
99,9,7975,152.811912225705,0,0,750.517492163009,951.186457680251,45.7904702194357
99,10,9543,136.958503615215,0,0,515.703866708582,897.547626532537,41.3146809179503
99,11,14298,133.296335151769,0,0,811.724017345083,1051.5446216254,41.8129808364806
99,12,10488,155.459191456903,0,0,681.087814645309,870.008962623951,47.8979786422578
99,13,16431,134.890085813401,0,0,743.675734891364,868.180816748828,53.9917838232609
99,14,7732,127.151319192964,0,0,664.198784273151,1271.18636833937,45.8608380755303
99,15,10427,136.938333173492,0,0,751.553562865637,1006.37987915987,35.6428502925098
99,16,7446,156.719178082192,0,0,701.446279881816,919.107843137255,39.8134568896052
99,17,14419,137.649490255912,0,0,774.834662597961,998.669949372356,48.9900825299951
99,18,11651,138.899064457986,0,0,719.643635739421,922.11235087117,48.6653506136812
99,19,10942,149.508590751234,0,0,768.509778833851,930.398647413636,55.0218424419667
99,20,10404,139.61014994233,0,0,699.82429834679,974.738562091503,38.3352556708958
99,21,9749,157.876500153862,0,0,654.894142989025,920.922761308852,37.1311929428659
99,22,13304,131.37815694528,0,0,427.379434756464,986.255637402285,43.5777961515334
99,23,11281,132.020388263452,0,0,594.890523889726,892.857370800461,36.7168690718908
99,24,13704,126.629159369527,0,0,802.964535901926,1119.47365732633,63.0991681260946
99,25,9794,126.945885235859,0,0,647.545231774556,833.387073718603,54.6114968347968
99,26,8912,127.673586175943,0,0,574.894299820467,1280.34672351885,53.3413375224416
99,27,7956,128.515460030166,0,0,420.446581196581,1111.03205128205,42.5921317244847
99,28,9050,127.617790055249,0,0,593.025635359116,1154.6764640884,31.499226519337
99,29,10988,127.195850018202,0,0,411.225609756098,1109.78358208955,55.6911175828176
99,30,8235,125.316697024894,0,0,719.711961141469,1246.0846387371,59.4948391013965
99,31,9380,182.450213219616,0,0,398.746588486141,1116.94637526652,50.0223880597015
99,32,8720,139.12626146789,0,0,687.651949541284,992.405504587156,32.3872706422018
99,33,11863,133.87962572705,0,0,666.980190508303,1062.79187389362,29.6725111691815
99,34,8609,125.717853409223,0,0,582.098850040655,1260.86897432919,60.5407132071088
99,35,7350,155.565034013605,0,0,805.452653061225,944.388571428571,49.9066666666667
99,36,17514,126.715884435309,0,0,670.553500057097,881.141429713372,66.4941189905219
99,37,9807,151.204241868053,0,0,772.28602018966,995.630671969002,41.7950443560722
99,38,8037,136.03322135125,0,0,672.757496578325,857.420181659823,42.6573348264278
99,39,9150,127.010928961749,0,0,714.054535519126,1216.67650273224,39.3792349726776
99,40,9644,128.320924927416,0,0,552.733409373704,1048.14216092908,30.1343840729988
99,41,12241,131.171963074912,0,0,502.573482558615,994.135528143126,34.1403480107834
99,42,13336,129.86225254949,0,0,789.674715056989,1166.22967906419,42.5875074985003
99,43,19421,126.031975696411,0,0,407.373925132588,1022.46562998816,60.1850059214253
99,44,15173,130.518882225005,0,0,525.939959137942,1045.69781849338,72.3580043498319
99,45,9345,125.256072766185,0,0,537.016265382558,1240.96169074371,41.6945960406635
99,46,11789,130.770039867673,0,0,716.000593773857,1043.08015947069,71.9560607345831
99,47,10290,124.704178814383,0,0,649.55869776482,1128.77346938776,72.1039844509232
99,48,5843,125.814992298477,0,0,444.572308745507,1195.95516002054,50.4136573677905
99,49,7316,137.794013121925,0,0,827.407599781301,1055.64666484418,51.6346364133406
99,50,8746,124.120855248113,0,0,472.957809284244,1188.01269151612,61.8323805168077
99,51,17212,139.504241227051,0,0,609.986346734836,927.976063211713,39.5044736230537
100,1,11925,135.122431865828,0,0,533.437651991614,845.476310272537,56.4208805031447
100,2,9216,128.381618923611,0,0,599.426106770833,851.2412109375,45.3917100694444
100,3,14886,132.510681176945,0,0,820.022235657665,1063.9905280129,43.3598011554481
100,4,11004,137.43284260269,0,0,818.529807342784,1009.11695747001,57.7968920392585
100,5,9395,149.762959020756,0,0,608.055029270889,885.961255987227,41.2646088344864
100,6,10817,134.28852731811,0,0,716.512711472682,982.884626051585,38.6022002403624
100,7,9767,142.276645848265,0,0,750.822565782738,906.395208354664,43.8652605713116
100,8,17906,131.730481402882,0,0,743.086116385569,868.573550765107,53.6511225287613
100,9,10028,130.008376545672,0,0,428.405564419625,1119.69236138811,41.4468488232948
100,10,10002,139.145770845831,0,0,523.355328934213,907.701859628074,39.2335532893421
100,11,11694,147.356849666496,0,0,684.723704463828,872.874037968189,46.7797160937233
100,12,9210,144.808034744843,0,0,750.484364820847,957.046688382193,45.0052117263844
100,13,11391,141.875515758055,0,0,768.039504872268,925.241769818278,55.8144148889474
100,14,17253,127.147684460674,0,0,795.18431577117,978.023184373732,63.2326551904017
100,15,9617,126.048247894354,0,0,647.409171259228,833.166995944681,52.3803680981595
100,16,8255,137.500060569352,0,0,626.786917019988,996.343064809207,31.9476680799515
100,17,10621,134.320120515959,0,0,767.183975143583,1019.86959796629,36.2167404199228
100,18,10901,128.924685808641,0,0,827.798550591689,1140.37721309972,52.661132006238
100,19,9049,134.679301580285,0,0,699.719195491214,1002.7742291966,32.4347441706266
100,20,13389,133.888191799238,0,0,771.927851221152,991.930614683696,49.6219284487266
100,21,9069,145.69290991289,0,0,720.745175873856,931.524534127247,39.6285147204763
100,22,7315,131.68981544771,0,0,832.799316473001,1095.95857826384,55.7641831852358
100,23,11063,135.638705595227,0,0,717.23384253819,929.398264485221,48.3772936816415
100,24,10401,141.729064513028,0,0,803.795115854245,936.896548408807,50.2016152293049
100,25,7529,123.156860140789,0,0,669.934918315845,1281.68521716031,47.7659715765706
100,26,9007,151.852781170201,0,0,675.646164094593,934.474852892195,35.8547796158543
100,27,9374,127.060806486025,0,0,574.481011307873,1284.33859611692,54.8915084275656
100,28,10662,127.011348715063,0,0,571.81016694804,1058.91783905459,29.1989307822172
100,29,12942,129.131587080822,0,0,698.159867099366,1026.04883325607,72.7997991036934
100,30,15065,128.252638566213,0,0,804.774112180551,1167.56289412546,44.3038167938931
100,31,11710,131.05098206661,0,0,683.809393680615,1069.34739538856,29.8520922288642
100,32,12510,125.200879296563,0,0,803.615267785771,1113.44596322942,64.6298161470823
100,33,10915,125.614475492442,0,0,464.005313788365,1191.66807146129,61.3395327530921
100,34,9942,144.715550191108,0,0,777.776101388051,1000.76081271374,42.2855562261114
100,35,12454,134.203468765055,0,0,505.399951822708,1003.51477436968,33.3672715593384
100,36,8054,127.388254283586,0,0,610.649987583809,1175.41879811274,31.9078718649118
100,37,17436,125.90978435421,0,0,398.127609543473,1022.31520991053,57.8075246616196
100,38,10222,128.823224417922,0,0,409.573860301311,1116.54715319898,54.2759733907259
100,39,8889,124.361345483181,0,0,575.101923725953,1260.23962200472,61.7373157835527
100,40,16906,126.064769904176,0,0,660.947770022477,870.630131314326,65.7169643913404
100,41,7650,124.587843137255,0,0,717.593333333333,1247.10862745098,61.4969934640523
100,42,16182,133.025769373378,0,0,506.493696700037,1038.89061920653,71.3744901742677
100,43,7958,129.590474993717,0,0,604.676928876602,912.885272681578,34.6004021110832
100,44,9492,179.014854614412,0,0,401.633586177834,1119.91613990729,48.3245891276865
100,45,8856,125.678635953026,0,0,548.306345980126,1256.94128274616,42.1566169828365
100,46,5920,131.819932432432,0,0,827.594256756757,997.752702702703,50.3418918918919
100,47,13411,123.287599731564,0,0,631.134665573037,1114.3374841548,73.2544180150623
100,48,7267,128.255401128389,0,0,443.993394798404,1202.14889225265,49.5924040181643
100,49,7840,132.285076530612,0,0,676.626403061224,859.973852040816,42.1438775510204
100,50,8512,147.952067669173,0,0,429.853383458647,1005.50928101504,42.8411654135338
100,52,8754,126.631368517249,0,0,730.838245373543,1229.73006625543,41.2192140735664
100,53,9709,145.276032547121,0,0,632.283551344114,933.68596147904,39.0564424760531
101,1,16888,136.294943154903,0,0,732.63044765514,864.193036475604,53.0122572240644
101,2,11400,131.791052631579,0,0,523.931140350877,851.091140350877,56.2590350877193
101,3,7564,128.417239555791,0,0,586.616472765732,857.23810153358,45.4364093072448
101,4,11474,148.810092382778,0,0,756.314101446749,921.398378943699,54.8751960955203
101,5,11662,132.21085577088,0,0,830.166609500943,1132.32018521694,52.2636768993312
101,6,10801,158.230349041755,0,0,670.885936487362,874.831126747523,46.6055920748079
101,7,7769,124.542669584245,0,0,671.245848886601,1283.33080190501,47.917235165401
101,8,10910,137.722639780018,0,0,757.080018331806,1022.40155820348,35.5675527039413
101,9,10147,149.904897999409,0,0,738.966098354193,905.580270030551,43.2544594461417
101,10,9774,133.719152854512,0,0,508.282893390628,918.166973603438,39.2356251278903
101,11,10416,147.353974654378,0,0,794.652169738863,931.483966973886,49.4764784946237
101,12,12166,141.98347854677,0,0,809.478628965971,1000.88130856485,56.4381883938846
101,13,8379,135.554839479652,0,0,613.032939491586,999.798066595059,31.9615705931495
101,14,8510,153.827732079906,0,0,737.435722679201,951.86803760282,44.2816686251469
101,15,10171,127.18080818012,0,0,637.688722839446,835.901877888113,51.8594041883787
101,16,9659,162.26669427477,0,0,664.33098664458,940.748731752769,35.0100424474583
101,17,9797,140.578646524446,0,0,702.075533326529,984.852710013269,38.4313565377156
101,18,10697,128.547817144994,0,0,425.227353463588,1130.43535570721,42.946807516126
101,19,8886,131.282241728562,0,0,834.198064370921,1083.82050416385,55.5223947783029
101,20,8836,139.757808963332,0,0,691.282254413762,1007.14395654142,32.1354685377999
101,21,10289,149.955194868306,0,0,764.339100009719,994.357566332977,41.7565361065215
101,22,13116,133.253583409576,0,0,798.095913388228,988.881899969503,62.1898444647758
101,23,13960,136.939684813754,0,0,759.293481375358,985.672779369628,49.3066618911175
101,24,7230,157.08132780083,0,0,704.962932226833,929.747164591978,38.9484094052559
101,25,12232,140.169064748201,0,0,704.593198168738,931.296517331589,47.7414159581426
101,26,13151,124.252528324842,0,0,642.985856588853,1107.62649228196,73.8884495475629
101,27,7834,132.51876436048,0,0,820.4061781976,997.79525146796,49.3973704365586
101,28,13776,126.901858304297,0,0,806.57912311266,1103.53644018583,64.3675958188153
101,29,8591,126.637411244325,0,0,584.851938074729,1287.10906762891,55.7114422069608
101,30,9766,126.620212983821,0,0,560.22373540856,1064.70428015564,29.4718410813025
101,31,14900,130.651610738255,0,0,810.36610738255,1157.34570469799,44.2651006711409
101,32,15997,127.531412139776,0,0,659.89379258611,870.470650747015,65.2835531662187
101,33,9014,126.11271355669,0,0,612.7736853783,1182.78522298647,32.400044375416
101,34,12407,133.264850487628,0,0,679.430402192311,1076.99419682437,29.7383734988313
101,35,8110,146.379038224414,0,0,424.549691738594,1016.02108508015,43.5239210850801
101,36,10003,128.444366689993,0,0,408.95811256623,1125.00319904029,55.2434269719084
101,37,9265,123.484295736643,0,0,555.944414463033,1266.69195898543,43.0110091743119
101,38,18739,127.557980682,0,0,397.380062970276,1028.14851379476,58.2529483963925
101,39,12112,129.866661162483,0,0,705.337268824306,1017.28517173052,72.3870541611625
101,40,8115,136.294516327788,0,0,667.198644485521,863.322735674677,41.4089956869994
101,41,15105,129.060046342271,0,0,513.761933134724,1039.08526977822,71.8170804369414
101,42,7545,125.84731610338,0,0,447.292379058979,1213.11742876077,50.4177601060305
101,43,13780,129.696589259797,0,0,489.261030478955,1012.6007256894,34.283381712627
101,45,6691,125.833059333433,0,0,723.633537587805,1244.20908683306,61.5598565236885
101,46,8591,143.904900477244,0,0,823.140263065999,1043.22511931091,43.821091840298
101,47,5235,229.446418338109,0,0,399.685386819484,1145.88729703916,50.2131805157593
101,48,10553,128.429356581067,0,0,588.670520231214,918.769923244575,34.5793613190562
101,49,11355,148.89440774989,0,0,622.328489652136,937.449933949802,38.8816380449141
101,50,9796,124.304716210698,0,0,470.203960800327,1196.61137198857,61.879746835443
101,52,8664,130.043859649123,0,0,733.121306555863,1226.85653277932,40.9512927054478
101,53,9099,123.328167930542,0,0,592.689526321574,1263.65600615452,62.3939993405869
101,54,12214,147.769608645816,0,0,593.325937448829,887.711642377599,40.9615195677092
102,1,11557,134.256727524444,0,0,534.538115427879,843.263736263736,57.1460586657437
102,2,9706,132.368534926849,0,0,838.072635483206,1140.00206058108,52.5006181743252
102,3,11348,145.639848431442,0,0,691.398748678181,871.737310539302,47.4996475149806
102,4,10795,145.838906901343,0,0,609.173320981936,879.578138026864,41.6876331635016
102,5,13487,136.448802550604,0,0,809.360940164603,1014.52064951435,56.4648179728628
102,6,13075,132.262256214149,0,0,722.067609942639,930.51258126195,49.525430210325
102,7,11372,142.895620823074,0,0,772.29080196975,930.170330636651,55.0567182553641
102,8,17424,130.795511937557,0,0,751.87258953168,870.16431359045,54.2991276400367
102,9,10987,142.300901064895,0,0,756.624465277146,907.5379994539,44.1995085100573
102,10,10152,136.191981875493,0,0,514.784475965327,899.785756501182,40.1472616233255
102,11,14664,132.713857064921,0,0,768.536074740862,990.266025641026,50.1998772504092
102,12,11187,147.498703852686,0,0,681.605434879771,947.187360328953,35.4958433896487
102,13,10013,143.392190152801,0,0,716.026265854389,929.626885049436,39.2482772395885
102,14,11026,145.762561218937,0,0,765.201432976601,995.518229639035,42.0725557772538
102,15,11318,135.395829651882,0,0,764.754903693232,1033.46297932497,36.1156564764093
102,16,9431,133.770756017389,0,0,700.494221185452,1010.78082918036,32.3670872654013
102,17,10609,143.785653690263,0,0,809.68319351494,942.225186162692,49.7808464511264
102,18,11037,133.760623357797,0,0,714.473498233216,986.488447947812,39.016852405545
102,19,9848,129.648964256702,0,0,417.50842810723,1110.03807879773,43.0942323314379
102,20,8706,134.974844934528,0,0,614.804732368481,992.985527222605,32.2332873880083
102,21,9412,125.075541861453,0,0,663.101253718657,834.932745431364,52.5412239694008
102,22,8975,145.643454038997,0,0,749.589972144847,957.449136490251,44.5974373259053
102,23,8539,187.226724440801,0,0,391.843892727486,1122.43588242183,51.1997892024827
102,24,10567,127.202138733794,0,0,565.315510551718,1053.55758493423,29.4670199678244
102,25,9518,126.219478882118,0,0,564.445261609582,1284.07375499054,56.2478461861736
102,26,13312,125.599684495192,0,0,810.861853966346,1097.23858173077,64.7744140625
102,27,9439,129.623900836953,0,0,843.410424833139,1089.8860048734,55.6674435851255
102,28,11863,129.504594116159,0,0,677.238725448875,1072.29815392397,29.7838658012307
102,29,9461,132.783638093225,0,0,398.014903287179,1093.40154317725,55.4403340027481
102,30,9824,146.762622149837,0,0,421.499898208469,1009.9305781759,44.8993281758958
102,31,8989,126.79730782067,0,0,611.638335743687,848.333741239293,45.6407831794415
102,32,9536,125.340604026846,0,0,534.405935402685,1257.4014261745,43.0337667785235
102,33,15892,126.809904354392,0,0,401.917128114775,1002.33280896048,58.7612006040775
102,34,7498,124.367031208322,0,0,716.640304081088,1247.72899439851,62.5360096025607
102,35,9809,125.480884901621,0,0,458.120297685799,1186.91670914466,61.8906106636762
102,36,8473,144.968606160746,0,0,816.767496754396,1053.80514575711,44.4810574766907
102,37,9984,129.187199519231,0,0,596.772435897436,904.337039262821,35.5868389423077
102,38,7920,129.473106060606,0,0,832.310101010101,1015.42171717172,50.2864898989899
102,39,12002,127.350858190302,0,0,717.918596900517,1017.6503916014,72.8103649391768
102,40,15376,125.646266909469,0,0,671.458701873049,872.800598335068,66.3441727367326
102,41,9072,125.201168430335,0,0,722.101521164021,1234.80070546737,40.989417989418
102,42,12989,123.610747555624,0,0,644.485487720379,1100.56316883517,74.8762799291708
102,43,14217,131.515931631146,0,0,510.499683477527,1017.24484771752,72.1925863402968
102,44,7418,131.523995686169,0,0,695.277433270423,866.53828525209,41.6424912375303
102,45,13140,130.451369863014,0,0,811.523287671233,1163.41293759513,44.6540334855403
102,46,7983,126.189653012652,0,0,600.790930727797,1175.36264562195,32.2547914317926
102,47,7001,127.093700899871,0,0,439.25624910727,1203.56691901157,51.461648335952
102,48,14995,132.036545515172,0,0,491.162920973658,994.116638879627,34.805801933978
102,49,9118,133.931673612634,0,0,800.596951085764,979.029721430138,61.411713094977
102,50,3871,144.847326272281,0,0,675.251097907517,924.391113407388,43.6321363988633
102,51,5262,123.903078677309,0,0,646.443747624477,1289.69688331433,48.3631698973774
102,52,3219,155.627213420317,0,0,620.758310034172,934.858651755203,35.2087604846226
102,53,11550,122.434891774892,0,0,581.104502164502,1255.11445887446,63.7930735930736
103,1,17699,134.203966325781,0,0,724.324933612068,853.578733261766,54.5527430928301
103,2,11041,151.782809528122,0,0,580.502128430396,890.300063400054,41.2272439090662
103,3,9695,157.526663228468,0,0,659.491284167096,862.075502836514,48.3643115007736
103,4,12431,139.922451934679,0,0,803.613627222267,992.620143190411,56.1117367870646
103,5,10591,134.689170050042,0,0,846.099612878859,1119.46105183647,52.1692002643754
103,6,11107,130.746826325741,0,0,509.340145853966,855.649140181867,57.3834518771946
103,7,9600,126.920520833333,0,0,629.784166666667,830.945208333333,52.6419791666667
103,8,11805,137.853113087675,0,0,704.198390512495,916.042185514612,49.8743752647183
103,9,11363,134.842823198099,0,0,750.937076476283,1011.84502332131,35.4872832878641
103,10,10471,155.808709769841,0,0,651.360806035718,939.026263012129,35.5439786075829
103,11,11388,135.400070249385,0,0,697.617140850018,969.973305233579,38.756234632947
103,12,9187,137.153695439208,0,0,683.438554479155,999.378469576576,32.0623707412648
103,13,15005,136.135221592802,0,0,755.776674441853,970.632989003665,49.7594801732756
103,14,11067,144.702177645252,0,0,732.726935935665,889.202764976959,44.0023493268275
103,15,9994,128.950570342205,0,0,578.667300380228,854.200320192115,45.4821893135882
103,16,10909,150.008616738473,0,0,751.152259602163,909.443395361628,55.1831515262627
103,17,7738,123.423106745929,0,0,678.693073145516,1286.73727061256,47.146420263634
103,18,11740,131.526746166951,0,0,666.241311754685,1064.05051107325,29.2842419080068
103,19,8535,137.212653778559,0,0,596.820035149385,999.53755125952,31.7976567076743
103,20,18200,126.612637362637,0,0,653.057197802198,871.300714285714,66.0355494505495
103,21,8679,150.527480124438,0,0,692.737873026846,914.249913584514,39.1980642931213
103,22,6162,144.024829600779,0,0,658.738072054528,911.397273612463,44.1507627393703
103,23,10795,143.533858267717,0,0,788.978138026864,918.167670217693,48.9839740620658
103,24,8935,148.753329602686,0,0,732.580861779519,940.805595970901,44.0051482932289
103,25,8174,127.874602397847,0,0,420.582578908735,1140.03082945926,44.1813065818449
103,26,9086,128.630090248734,0,0,843.914373761831,1063.61875412723,55.2377283733216
103,27,9086,126.507484041382,0,0,594.979088707902,1293.7956196346,56.0385208012327
103,28,10289,147.153950821265,0,0,758.434638934785,976.923413354067,41.3353095538925
103,29,9906,128.804058146578,0,0,551.816979608318,1064.33434282253,29.5484554815263
103,30,8838,131.296447159991,0,0,560.253903598099,911.956211812627,36.3174926453949
103,31,18763,127.336566647125,0,0,395.066993551138,1031.03704098492,59.0429568832276
103,32,9466,134.875237692795,0,0,483.542256496936,918.004859497148,40.7616733572787
103,33,8517,134.497240812493,0,0,659.759539744041,859.757543736057,41.4586121873899
103,34,9366,125.315929959428,0,0,560.77130044843,1273.90732436472,43.2275250907538
103,35,10756,124.278077352176,0,0,476.154425436965,1213.08227965787,62.3204722945333
103,36,10392,127.76077752117,0,0,402.948903002309,1127.62355658199,55.9669938414165
103,37,6050,147.150909090909,0,0,595.972396694215,943.786776859504,34.2479338842975
103,38,8911,126.988553473235,0,0,610.278868813826,1183.00258107956,32.1286050948266
103,39,8777,143.917169875812,0,0,411.002050814629,1042.23231172382,45.1902700239262
103,40,11676,127.69107571086,0,0,721.80327166838,1011.7428057554,72.6272696128811
103,41,12031,126.938990940071,0,0,817.493142714654,1077.48757376777,64.0487906242208
103,42,9117,139.635406383679,0,0,793.44115388834,956.824613359658,60.8751782384556
103,43,4676,204.046834901625,0,0,399.551325919589,1158.81736526946,50.922369546621
103,44,13373,130.137216780079,0,0,516.362895386226,1034.80273685785,72.8232259029388
103,45,8100,124.914691358025,0,0,454.186666666667,1228.79802469136,51.7828395061728
103,46,13107,125.660715648127,0,0,660.856946669718,1099.97657740139,74.6276035706111
103,47,8827,123.590800951626,0,0,614.03160756769,1270.28004984706,62.9628412824289
103,49,14910,130.690207914152,0,0,473.121260898726,1024.78571428571,34.9818242790074
103,50,14597,131.855792286086,0,0,815.796533534288,1146.19579365623,42.7025416181407
103,51,8919,127.213364726987,0,0,739.510931718803,1226.6301154838,40.5719251037112
103,52,2789,150.476514879885,0,0,792.391179634277,1058.95482251703,38.5528863391897
103,53,10416,123.197964669739,0,0,748.175115207373,1239.72820660522,61.4934715821813
103,54,3079,147.973367976616,0,0,824.374797012017,990.201688860019,47.060409223774
103,100,7274,129.434836403629,0,0,823.387682155623,990.366785812483,50.5529282375584
104,1,9398,126.16290700149,0,0,402.671419450947,1148.38295381996,55.850180889551
104,2,17957,131.120008910174,0,0,703.617864899482,850.125243637579,53.5143398117726
104,3,11448,137.506813417191,0,0,759.457721872816,1017.91151292802,35.5457721872816
104,4,10116,136.349742981416,0,0,854.606563859233,1110.28084223013,53.1000395413207
104,5,12211,132.822700843502,0,0,499.388010809926,862.765703054623,55.9782163622963
104,6,9844,145.336550182853,0,0,583.127793579846,903.143234457538,39.8728159284844
104,7,10089,146.840222023987,0,0,722.96828228764,894.649221924869,42.5803350183368
104,8,10869,135.755451283467,0,0,703.55175269114,981.21069095593,37.7677799245561
104,9,11129,145.610566987151,0,0,649.465450624495,867.436157785965,46.8277473268038
104,10,17897,137.687489523384,0,0,805.96591607532,969.016706710622,57.0755992624462
104,11,10933,146.627915485228,0,0,734.159974389463,899.181651879631,54.0282630568005
104,12,8832,132.768229166667,0,0,651.43455615942,920.054234601449,42.5910326086956
104,13,9213,125.650819494193,0,0,465.126994464344,1251.1505481385,52.9482253337675
104,14,13554,133.505607200826,0,0,698.518666076435,920.192563081009,48.877895824111
104,15,9488,126.218170320405,0,0,571.924641652614,864.534148397976,43.5018971332209
104,16,8908,125.217220475977,0,0,620.046362819937,836.878311629996,50.9603726986978
104,17,14627,135.979626717714,0,0,754.001982634853,959.686333492856,50.0633759485882
104,18,8903,131.390991800517,0,0,606.646523643716,1014.18431989217,31.3373020330226
104,19,10864,145.199189985272,0,0,776.947993372607,906.637518409426,48.9588549337261
104,20,9718,152.03920559786,0,0,769.961926322288,980.155484667627,41.3840296357275
104,21,7768,151.177780638517,0,0,695.702497425335,932.710993820803,37.9460607621009
104,22,9215,134.974064026044,0,0,683.109169831796,1013.24329896907,31.14791101465
104,23,8828,122.584164023561,0,0,573.339827820571,1294.71318531944,45.2055958314454
104,24,12319,129.785859241822,0,0,671.43096030522,1085.14765808913,28.8780745190356
104,25,8064,123.335441468254,0,0,613.287202380952,1300.66840277778,57.5693204365079
104,26,6079,137.559138016121,0,0,795.691561112025,1057.16236223063,38.5041947688765
104,27,10075,150.737071960298,0,0,652.356029776675,948.973598014888,35.4447642679901
104,28,8271,153.176399468021,0,0,734.601620118486,945.936767017289,43.0660137830976
104,29,8206,131.53558371923,0,0,658.189739215208,873.841335608092,40.0264440653181
104,30,7613,123.198213582031,0,0,702.329305135952,1293.40063050046,49.6477078681203
104,31,12149,125.908140587703,0,0,659.318627047494,1082.57823689193,75.3681784509013
104,32,8478,124.741330502477,0,0,620.406463788629,1207.93795706535,32.8137532436895
104,33,9168,128.355802792321,0,0,822.120309773124,967.425065445026,51.1122382198953
104,34,9558,128.630048127223,0,0,847.616237706633,1045.05042896003,55.560263653484
104,35,9120,135.079495614035,0,0,480.664364035088,940.224342105263,38.6436403508772
104,36,20152,127.26364628821,0,0,392.110559745931,1039.21536323938,58.746576022231
104,37,10825,125.077782909931,0,0,481.541524249423,1223.28923787529,62.9973210161663
104,38,9507,126.092458188703,0,0,426.146102871568,1171.6837067424,44.1216998001473
104,39,9956,126.005624748895,0,0,557.385998392929,1095.44917637605,28.8985536359984
104,40,9528,128.21389588581,0,0,559.793240973971,933.395046179681,34.8077246011755
104,41,8469,123.504309835872,0,0,628.772228126107,1264.42507970244,65.6274648718857
104,42,9376,131.019411262799,0,0,624.374253412969,863.58351109215,64.0773250853242
104,43,8035,134.549968886123,0,0,606.570752955818,953.358182949596,34.8640945861854
104,44,13843,128.892219894532,0,0,512.75381059019,1015.40013002962,72.788123961569
104,45,16866,129.595102573224,0,0,479.468220087751,1060.94124273687,33.734317561959
104,46,11375,124.989186813187,0,0,705.378461538462,978.81556043956,72.4403516483517
104,47,9061,125.990177684582,0,0,819.02505242247,1057.28021189714,64.5283081337601
104,48,7887,130.522125015849,0,0,722.213262330417,894.268416381387,60.5099530873589
104,49,8468,128.328530940009,0,0,745.799008030231,1240.05361360416,41.5615257439773
104,50,3355,150.942473919523,0,0,403.293293591654,1102.00536512668,48.6888226527571
104,52,6216,134.908622908623,0,0,814.012709137709,971.391731016731,45.6386743886744
104,53,3644,151.766190998902,0,0,436.191547749726,1019.16739846323,40.3765093304061
104,54,12827,122.631090668122,0,0,764.808606844936,1226.87050752319,63.1244250409293
104,55,7501,168.241301159845,0,0,408.812025063325,1183.65711238502,51.6463138248234
104,56,17505,133.693801770923,0,0,827.253127677806,1147.38783204799,43.8431305341331
104,100,4037,139.578647510528,0,0,808.378251176616,979.204359673025,61.0433490215507
105,1,19274,130.558783853896,0,0,705.332624260662,853.38974784684,53.4192175988378
105,2,8122,133.268776163507,0,0,806.494828859887,976.950874168924,60.7118936222605
105,3,11822,133.693706648621,0,0,500.048638132296,864.039925562511,56.133649128743
105,4,10670,135.668509840675,0,0,852.839456419869,1120.80674789128,53.0562324273664
105,5,9366,150.205637411915,0,0,587.290625667307,902.883408071749,39.9466154174674
105,6,10519,132.501473524099,0,0,701.895142123776,985.099914440536,37.8247932312958
105,7,11181,140.303640103747,0,0,722.608353456757,897.223414721402,42.9984795635453
105,8,10966,147.327740288163,0,0,648.845431333212,871.345522524166,46.604231260259
105,9,11449,143.518473229103,0,0,778.338020787842,913.688357061752,48.5220543278889
105,10,8365,147.313568439928,0,0,736.534728033473,948.864913329348,42.7147638971907
105,11,8853,132.704619902858,0,0,649.566926465605,922.075341692082,42.0335479498475
105,12,13135,133.250704225352,0,0,700.821697754092,923.899885801294,48.5337647506662
105,13,9250,145.208864864865,0,0,700.731351351351,935.293297297297,37.7077837837838
105,14,9264,134.865716753022,0,0,676.93372193437,1018.61215457686,30.8027849740933
105,15,9544,128.253352891869,0,0,717.075859178541,895.76718357083,60.3080469404862
105,16,11365,143.813286405631,0,0,735.055961284646,901.641970963484,53.4908051033876
105,17,11658,134.162806656373,0,0,758.900840624464,1022.43051981472,35.4340367129868
105,18,13702,134.916143628667,0,0,758.104948182747,963.33644723398,49.831995329149
105,19,10538,147.7375213513,0,0,772.787625735434,984.052571645474,41.1554374644145
105,20,8698,135.458956081858,0,0,604.391584272247,1017.9671188779,31.3643366291101
105,21,5714,178.768638431922,0,0,404.941372068603,1181.88729436472,52.2096604830242
105,22,9465,127.558267300581,0,0,572.770839936609,865.544215530903,43.3949286846276
105,23,9105,125.713124656782,0,0,619.963975837452,839.629104887425,51.0567819879187
105,24,9912,129.79913236481,0,0,557.331920903955,939.171004842615,34.5405569007264
105,25,7032,138.029436860068,0,0,397.744027303754,1104.25853242321,48.7956484641638
105,26,8413,128.19422322596,0,0,821.160822536551,970.994056816831,51.1811482229882
105,27,9987,152.411034344648,0,0,651.399018724342,951.217382597377,35.1325723440473
105,28,9702,122.985157699443,0,0,564.815295815296,1296.80169037312,45.1368789940218
105,29,8904,126.126347708895,0,0,461.335804132974,1253.44496855346,53.2177672955975
105,30,7001,134.056991858306,0,0,818.42593915155,980.958148835881,45.5154977860306
105,31,7731,123.494373302289,0,0,608.287673004786,1307.01409908162,57.1685422325702
105,32,9742,128.699650995689,0,0,850.127591870253,1051.00893040443,55.1992404023814
105,33,8461,131.202458338258,0,0,658.572745538352,875.068195248789,39.8144427372651
105,34,12643,129.855176777664,0,0,518.119512773867,1006.7061615123,72.934983785494
105,35,6750,123.000888888889,0,0,693.530814814815,1301.00785185185,49.8213333333333
105,36,10374,126.885772122614,0,0,546.861384229805,1099.64449585502,29.2966069018701
105,37,5496,140.680858806405,0,0,440.745633187773,1011.05349344978,39.7219796215429
105,38,9575,125.217336814621,0,0,613.794255874674,1214.18067885117,32.8563968668407
105,39,6734,135.979358479358,0,0,795.443421443421,1065.6779031779,38.1957231957232
105,40,9422,136.943642538739,0,0,481.074294205052,940.219167904903,38.6994268732753
105,41,13223,125.703093095364,0,0,665.405883687514,1076.76956817666,75.4028586553732
105,42,17777,126.643246892052,0,0,393.525172976318,1034.841874332,59.6408280362266
105,43,11029,125.103091848762,0,0,481.006437573669,1220.72925922568,63.6141989300934
105,44,9097,126.688138946906,0,0,733.617126525228,1251.01352094097,41.1536770363856
105,45,13306,130.26867578536,0,0,662.218773485646,1091.3103862919,28.6064181572223
105,46,10915,125.761154374714,0,0,709.660009161704,975.202931745305,72.0442510306917
105,47,9008,123.120004440497,0,0,630.071825044405,1266.89598134991,65.8570159857904
105,48,8493,136.591310490993,0,0,603.548216178029,960.33980925468,33.9547862945956
105,49,8097,127.326787699148,0,0,819.225762628134,1067.20785476102,64.559219463999
105,50,11479,133.389580973952,0,0,472.513023782559,1070.55283561286,33.9484275633766
105,52,9028,125.805050952592,0,0,401.318232166593,1144.25830748782,56.6973859105007
105,53,11313,132.80792009193,0,0,617.774772385751,875.175550251923,64.6781578714753
105,54,15963,134.12923635908,0,0,823.698114389526,1154.34229154921,43.140763014471
105,55,9760,126.983504098361,0,0,424.514856557377,1177.19784836066,44.6676229508197
105,56,6948,123.135722510075,0,0,764.854346574554,1238.66162924583,62.1344271732873
105,57,10716,139.821855169839,0,0,806.251213139231,959.688129899216,56.3871780515118
106,1,19891,132.665577396813,0,0,678.090543461867,854.186164597054,53.392790709366
106,2,10876,137.454762780434,0,0,677.020319970577,984.500091945568,36.4336152997426
106,3,11574,151.05071712459,0,0,714.382063245205,899.753499222395,51.8968377397615
106,4,10996,135.280374681702,0,0,843.634776282285,1101.52510003638,50.4716260458348
106,5,11825,135.982748414376,0,0,727.114080338266,1011.88828752643,33.8013530655391
106,6,15572,131.134151040329,0,0,789.880619059851,958.5910608785,58.2304777806319
106,7,11961,143.4919321127,0,0,694.921494858289,888.581556726026,42.5045564752111
106,8,10645,127.921935180836,0,0,804.44255519023,954.937435415688,49.175293565054
106,9,9074,124.825214899713,0,0,591.905884946,843.97211813974,52.2275732863125
106,10,11841,144.476226670045,0,0,751.959378430876,907.461109703572,46.8696900599612
106,11,10683,148.776560891135,0,0,616.593559861462,873.223251895535,46.5089394364879
106,12,8790,131.404550625711,0,0,579.745392491468,1018.64550625711,31.6674630261661
106,13,10699,150.156369754183,0,0,754.044583605944,975.648658753154,39.4270492569399
106,14,9614,150.212294570418,0,0,678.078531308508,929.413355523195,36.992718951529
106,15,14281,137.908899936979,0,0,732.914501785589,960.915272039773,47.0997829283664
106,16,9202,125.451858291676,0,0,544.366224733753,874.94316452945,44.4847859161052
106,17,9393,135.865431704461,0,0,643.032045139998,1014.99393165123,30.4222293197062
106,18,9215,134.590558871405,0,0,619.010526315789,922.024091155724,41.0327726532827
106,19,9395,145.576157530601,0,0,562.990846194784,910.09547631719,40.2619478445982
106,20,11312,132.381188118812,0,0,494.214108910891,877.622789957567,57.6061704384724
106,21,11537,137.626506024096,0,0,670.440409118488,930.992459044812,45.8983271214354
106,22,11133,128.496182520435,0,0,711.656426839127,895.760621575496,58.820892841103
106,23,9392,139.608070698467,0,0,769.717206132879,940.16854770017,54.041737649063
106,24,7763,124.159345613809,0,0,692.637640087595,1288.47855210614,47.0318175962901
106,25,9891,154.319583459711,0,0,619.125872004853,952.558083105854,35.2590233545648
106,26,13404,128.847284392719,0,0,534.994777678305,1015.08430319308,72.7506714413608
106,27,6970,134.860401721664,0,0,768.181922525108,1053.02840746055,35.8951219512195
106,28,8681,152.262066582191,0,0,707.688745536229,945.173827900011,41.3152862573436
106,29,7862,132.050750445179,0,0,429.835029254643,1024.52416687866,41.14436530145
106,30,10955,123.60456412597,0,0,423.217891373802,1162.72259242355,58.1076220903697
106,31,9867,125.504408634843,0,0,477.619337184555,1255.65065369413,53.4970102361407
106,32,8797,132.63544390133,0,0,571.499374786859,955.616914857338,34.575196089576
106,33,9920,127.227116935484,0,0,519.063004032258,955.092237903226,35.2975806451613
106,34,9974,134.582013234409,0,0,460.146681371566,952.563665530379,40.3895127331061
106,35,8935,129.365304980414,0,0,718.102742025741,1237.50542809177,39.0217123670957
106,36,7930,122.678058007566,0,0,623.34867591425,1299.03114754098,55.5675914249685
106,37,10824,124.740114560237,0,0,682.317904656319,1069.41675905395,73.49963045085
106,38,9155,124.798798470781,0,0,423.459858001092,1176.8083014746,45.592135445112
106,39,7085,123.51376146789,0,0,661.856880733945,1250.99647141849,65.3553987297107
106,40,20567,127.400106967472,0,0,403.518646375261,1045.48038119317,60.7929206982059
106,41,11172,126.073218761189,0,0,821.922305764411,1049.70291800931,61.3352130325815
106,42,9453,129.28139215064,0,0,836.789590606157,1017.49550407278,52.0141753940548
106,43,5613,130.747550329592,0,0,589.517548548014,902.107963655799,65.1549973276323
106,44,9202,122.015322755923,0,0,567.475657465768,1291.42425559661,45.1073679634862
106,45,11776,131.257982336957,0,0,631.011379076087,1081.09655230978,28.4809782608696
106,46,8648,124.016998149861,0,0,593.58152173913,1208.09227567068,33.0736586493987
106,47,12535,132.881292381332,0,0,455.944395692062,1092.39601116873,36.7925807738333
106,48,8525,132.220058651026,0,0,395.666392961877,1121.57313782991,50.3181231671554
106,49,8391,133.413299964247,0,0,628.801930639971,873.457037301871,39.7822667143368
106,50,10272,124.78699376947,0,0,503.942951713396,1230.6820482866,63.4409073208723
106,51,8239,125.439495084355,0,0,512.34567301857,1096.67714528462,30.8355382934822
106,52,16085,134.607957724588,0,0,805.443332297171,1139.55138327634,40.2031706558906
106,53,11072,124.981575144509,0,0,779.609555635838,1218.7457550578,59.1828034682081
106,54,5073,161.509954661936,0,0,413.792824758526,1193.92410802287,53.387936132466
106,55,5169,128.654478622558,0,0,625.120526213968,890.741342619462,63.9580189591797
106,56,11531,126.54678692221,0,0,704.731159483132,964.239268060012,69.9611482091753
106,100,7876,132.683341797867,0,0,806.587734890807,973.385220924327,44.3028186896902
107,1,18694,130.738953674976,0,0,669.493794800471,854.446185942013,54.1683427837809
107,2,11298,134.024960169942,0,0,845.31580810763,1098.85652327846,50.3185519560984
107,3,13749,138.015710233472,0,0,765.037239071933,936.616553931195,54.8866826678304
107,4,8987,150.481918326472,0,0,555.882719483699,913.700233670858,40.4589963280294
107,5,10189,133.089999018549,0,0,672.986063401708,982.733536166454,36.5547158700559
107,6,9055,126.515737161789,0,0,534.802981778023,876.212810601877,45.2415240198785
107,7,8729,133.360636957269,0,0,577.050177569023,1015.29808683698,31.6706381028755
107,8,14608,137.283748630887,0,0,726.90347754655,956.265676341731,47.0017113910186
107,9,11458,133.885669401292,0,0,725.478268458719,1005.7385233025,33.8378425554198
107,10,11371,146.499076598364,0,0,608.257848913904,871.687802304107,47.1779087151526
107,11,12076,137.592000662471,0,0,688.120735342829,884.155349453461,43.3706525339516
107,12,9833,132.293501474626,0,0,640.600427133123,1008.43923522831,30.4818468422658
107,13,9686,144.866611604377,0,0,698.859797646087,936.888808589717,41.3181912037993
107,14,9051,143.405369572423,0,0,677.042426251243,923.90962324605,36.879792288145
107,15,12179,133.621972247311,0,0,661.242548649314,929.823548731423,46.009688808605
107,16,10055,125.277971158628,0,0,481.615514669319,1265.1517652909,52.8279462953754
107,17,12177,126.793216720046,0,0,708.697626673236,898.545618789521,59.3744764720375
107,18,12218,143.191848092978,0,0,744.42314617777,904.440743165821,47.1322638729743
107,19,11943,127.566021937537,0,0,798.269530268777,951.266683412878,49.3991459432303
107,20,12061,128.902744382721,0,0,789.058618688334,959.925130586187,59.7603847110522
107,21,10066,148.057917742897,0,0,614.324557917743,952.564474468508,35.3318100536459
107,22,11693,146.86145557171,0,0,708.062772598991,899.667749935859,52.3848456341401
107,23,10632,149.745955605719,0,0,751.772855530474,968.124341610233,39.7456734386757
107,24,9232,125.18490034662,0,0,584.580047660312,848.299610051993,53.5305459272097
107,25,8936,132.716763652641,0,0,611.377238137869,918.230640107431,41.2131826320501
107,26,7728,133.311464803313,0,0,425.172489648033,1035.26423395445,41.0267857142857
107,27,13531,128.85692114404,0,0,532.109378464267,1031.28911388663,72.9059197398566
107,28,6695,125.032262882748,0,0,699.588797610157,1290.93711725168,46.3617625093353
107,29,6837,123.174345473161,0,0,630.131344156794,1305.18970308615,54.7045487787041
107,30,9749,125.832187916709,0,0,427.222689506616,1184.70120012309,44.7189455328752
107,31,9225,122.466991869919,0,0,565.799891598916,1290.66677506775,43.6021680216802
107,32,8412,135.485021398003,0,0,564.635401806942,954.46921065145,34.8698288159772
107,33,6978,134.310260819719,0,0,768.438807681284,1047.69575809688,35.8025222126684
107,34,11529,124.893225778472,0,0,677.90935900772,1079.20843091335,73.6544366380432
107,35,8054,130.825552520487,0,0,620.898187236156,871.564191705985,40.3846535882791
107,36,11642,132.358787149974,0,0,490.844872015118,885.404483765676,58.6029891771173
107,37,8421,125.035981474884,0,0,593.360171001069,1208.68911055694,32.6645291533072
107,38,11356,130.345368087355,0,0,629.048168369144,1071.1987495597,28.4407361747094
107,39,10819,125.142064885849,0,0,427.938349200481,1179.2346797301,58.1462242351419
107,40,9457,136.708681400021,0,0,452.393888125198,957.435656127736,40.8528074442212
107,41,21353,127.268767854634,0,0,399.928581463963,1061.6571441952,60.4547838711188
107,42,7339,123.841804060499,0,0,667.867693146205,1257.363673525,65.2291865376754
107,43,9585,128.646426708399,0,0,835.958268127282,1010.19144496609,52.0055294731351
107,44,9983,128.481418411299,0,0,511.782229790644,959.430131223079,35.4980466793549
107,45,8705,131.352670878805,0,0,394.742791499138,1131.21458931648,50.4104537622056
107,46,16041,135.388504457328,0,0,807.346362446232,1132.23938657191,39.806371173867
107,47,10037,124.419049516788,0,0,508.025605260536,1239.37062867391,63.100428414865
107,48,11105,125.815038271049,0,0,700.592525889239,960.635929761369,70.0710490769924
107,49,9040,140.130088495575,0,0,456.412942477876,1101.55409292035,36.4342920353982
107,50,4006,138.338991512731,0,0,557.427358961558,932.764353469795,66.9533200199701
107,51,4647,176.083709920379,0,0,414.277598450613,1205.4921454702,52.9978480740263
107,52,8680,127.43168202765,0,0,821.401612903226,1053.73755760369,61.3510368663595
107,54,9330,125.822079314041,0,0,781.557020364416,1225.03108252947,58.4915326902465
107,55,4412,132.838621940163,0,0,643.39936536718,895.414777878513,63.9354034451496
107,56,9971,125.678367265069,0,0,514.510881556514,1094.98866713469,30.5491926587103
107,57,11122,126.783761913325,0,0,725.803182880777,1233.90936881856,38.0877540010789
107,100,7690,132.321716514954,0,0,805.300390117035,970.2244473342,44.2313394018205
108,1,20123,131.696516423992,0,0,761.208766088555,880.287879540824,51.1716940813994
108,2,7795,165.908017960231,0,0,396.814496472098,1100.36369467607,60.862604233483
108,3,13003,131.597323694532,0,0,600.36729985388,838.463354610475,62.9388602630162
108,4,10455,142.606695361071,0,0,732.129507412721,903.90712577714,41.7015781922525
108,5,11312,150.9671145686,0,0,612.550388967468,932.401874115983,36.6663719943423
108,6,12064,149.273458222812,0,0,672.704409814324,864.340765915119,46.9126326259947
108,7,11147,150.64420920427,0,0,775.483538171705,936.143895218444,48.5814120391137
108,8,11353,146.315070906368,0,0,711.025984321325,957.188760679996,39.6716286444112
108,9,9085,153.917446340121,0,0,595.479581728123,875.29796367639,42.8014309301046
108,10,10294,141.207596658248,0,0,812.462308140665,992.876044297649,49.6714591023897
108,11,11289,126.06271591815,0,0,838.907166268049,1130.16706528479,56.3745238727965
108,12,8323,135.588730025231,0,0,639.83299291121,903.33629700829,41.8094437102006
108,13,11052,136.2888165038,0,0,487.227198697068,874.465888526963,46.9478827361564
108,14,10704,143.492899850523,0,0,682.487855007474,943.26980568012,35.5990284005979
108,15,9325,134.84,0,0,552.973190348525,977.309168900804,34.9895978552279
108,16,8409,130.425258651445,0,0,714.21857533595,1082.36615530979,32.7043643715067
108,17,11617,128.226564517517,0,0,394.436515451494,1019.56925195834,58.6619609193423
108,18,10758,144.566926938093,0,0,740.905279791783,1014.11247443763,36.2528350994609
108,19,12297,138.113848906237,0,0,742.31528014963,992.585915263885,43.0111409286818
108,20,9608,126.443276436303,0,0,383.841902581182,1081.86885928393,53.0055162364696
108,21,7412,125.519293038316,0,0,580.163248785753,1286.84093362115,47.683621154884
108,22,11186,130.210888610763,0,0,554.583497228679,1037.21848739496,30.8082424459145
108,23,8937,122.488307038156,0,0,718.513147588676,1268.15329528925,55.0732908134721
108,24,10320,126.866569767442,0,0,602.950484496124,833.652906976744,48.5277131782946
108,25,15553,129.705523050215,0,0,626.184916093358,1001.24387577959,76.614029447695
108,26,10464,125.542813455657,0,0,681.891437308868,835.152809633028,53.8772935779817
108,27,11421,133.836616758603,0,0,686.730496453901,1024.75904036424,32.2463006741967
108,28,11404,142.582339529989,0,0,781.04375657664,956.371711680112,42.8545247281656
108,29,9472,122.247888513514,0,0,425.62035472973,1177.88819679054,59.2201224662162
108,30,10607,133.125860280947,0,0,603.103705100405,987.385971528236,31.8374658244555
108,31,9378,129.355726167626,0,0,836.855512902538,1087.68703348262,45.701002345916
108,32,9847,130.218340611354,0,0,846.067330151315,1037.96008936732,54.6000812430182
108,33,11058,136.095225176343,0,0,691.060227889311,935.398534997287,44.3305299330801
108,34,12490,125.673018414732,0,0,433.796236989592,1090.41096877502,65.8665332265813
108,35,10712,128.851381628081,0,0,519.713032113518,899.473114264376,40.264002987304
108,36,8755,124.796116504854,0,0,540.927926898915,1281.66133637921,55.9604797258709
108,37,11169,128.71734264482,0,0,801.412212373534,1030.06374787358,39.9681260632107
108,38,8147,135.851110838345,0,0,563.794402847674,918.695716214557,37.7666625751811
108,39,8285,135.732890766445,0,0,654.673506336753,988.638382619191,36.1079058539529
108,40,8123,130.372645574295,0,0,423.095654314908,941.848455004309,49.2776067955189
108,41,7569,127.997225525168,0,0,669.248645792047,912.027744748316,70.9299775399656
108,42,8551,131.490352005613,0,0,670.984914045141,867.033680271313,40.4790083031224
108,43,10734,128.382988634246,0,0,810.964412148314,948.234488541084,55.8738587665362
108,44,8768,124.816605839416,0,0,593.195711678832,1239.39758211679,38.2302691605839
108,45,10171,124.322682135483,0,0,459.917313931767,1231.41244715367,48.9021728443614
108,46,8555,126.266861484512,0,0,766.137580362361,897.591350087668,61.9862068965517
108,47,7703,124.8503180579,0,0,631.856159937687,1256.5583538881,65.238738153966
108,48,3395,148.046244477172,0,0,439.814138438881,960.00471281296,42.7298969072165
108,49,8515,127.242982971227,0,0,824.179095713447,1014.53634762184,43.9572519083969
108,50,3546,140.604060913706,0,0,405.901861252115,1054.99548787366,47.3564579808235
108,51,15347,126.318368410764,0,0,724.953150452857,1179.58017853652,35.8427705740536
108,52,8831,124.168723813838,0,0,486.605140980636,1152.71056505492,35.8955950628468
108,53,12064,124.979111405836,0,0,458.912881299735,1018.29956896552,36.5667274535809
108,54,9551,126.63396502984,0,0,803.795937598157,1177.19128887028,44.7526960527693
108,55,18254,123.87991673058,0,0,462.655089295497,973.2191848362,68.8006464336584
108,56,8547,125.201708201708,0,0,502.001521001521,1171.63495963496,68.3541593541593
108,57,11854,126.954445756707,0,0,795.563522861481,995.061920026995,67.4694617850515
108,58,10702,124.240796112876,0,0,737.858717996636,1100.30984862643,73.0006540833489
109,1,11285,127.354807266283,0,0,815.430660168365,966.797341603899,46.7338059370846
109,2,13804,144.254056795132,0,0,792.219791364822,956.31498116488,56.7319617502173
109,3,11514,130.4694285218,0,0,536.247872155637,872.047333680737,44.3136182039257
109,4,11353,139.414780234299,0,0,684.449132387915,850.475028626795,51.4559147361931
109,5,21036,129.522390188249,0,0,794.697566077201,944.105580908918,62.9539836470812
109,6,13452,144.589206066012,0,0,703.544528694618,896.996134403806,63.9690008920607
109,7,14985,129.474474474474,0,0,828.088488488488,1139.62749416083,62.6964964964965
109,8,15923,136.471581988319,0,0,706.040256233122,916.700307730955,56.018275450606
109,9,11195,123.369718624386,0,0,743.419383653417,1255.4032157213,58.5020991514069
109,10,13331,136.375440702123,0,0,739.804665816518,946.750356312355,50.0808641512265
109,11,12432,137.853281853282,0,0,789.107947232947,918.382802445302,52.0192245817246
109,12,12503,131.469007438215,0,0,668.368871470847,874.988642725746,43.102135487483
109,13,12154,135.742553891723,0,0,753.184301464538,877.351571499095,56.8067302945532
109,14,11195,131.029120142921,0,0,594.281822242072,846.391424743189,47.7362215274676
109,15,11009,140.94495412844,0,0,816.82305386502,999.393587065128,52.0480515941502
109,16,8751,130.298251628385,0,0,683.646440406811,917.351502685407,38.0389669752028
109,17,11373,130.06005451508,0,0,700.342829508485,846.603007122131,61.0201354084235
109,18,11773,146.294062685806,0,0,620.954557037289,855.560265013166,54.6496220164784
109,19,10186,125.726781857451,0,0,456.660023561751,895.417141174161,51.7218731592382
109,20,11512,141.993224461432,0,0,728.184589993051,906.647063933287,44.5279708130646
109,21,12894,130.666589111215,0,0,529.214828602451,895.551186598418,67.7429812315806
109,22,12677,126.735505245721,0,0,543.429596907786,858.810838526465,61.5133706712945
109,23,15094,131.339406386644,0,0,663.5191466808,1010.68331787465,76.6746389293759
109,24,13735,124.916636330542,0,0,389.73185293047,1078.14714233709,56.8527120495086
109,25,9629,132.836327759892,0,0,847.976840793437,1068.34936130439,50.3160245092948
109,26,11555,131.949286023367,0,0,555.206923409779,868.861618347036,51.7294677628732
109,27,11233,145.510816344699,0,0,625.320217217128,867.570105937862,63.044600729992
109,28,11794,125.055112769205,0,0,452.591317619128,1191.99177547906,61.6502458877395
109,29,5711,180.502188758536,0,0,403.629311854316,1156.75941166171,59.4969357380494
109,30,9539,125.101792640738,0,0,645.002620819792,890.875773141839,68.81717161128
109,31,13290,123.962603461249,0,0,415.726034612491,1083.00617005267,64.4562829194883
109,32,5821,134.219206321938,0,0,396.977323483937,1020.15152035733,55.7048617076104
109,33,9211,130.003039843665,0,0,783.321354901748,942.12897622408,43.4446857018782
109,34,10962,133.773399014778,0,0,649.541324575807,889.075898558657,49.1287173873381
109,35,19933,129.1312898209,0,0,671.67044599408,999.848040937139,31.5485877690262
109,36,11519,130.181005295599,0,0,541.267471134647,1042.30297768904,31.2792777150794
109,37,10870,133.059061637535,0,0,580.747562097516,853.116927322907,57.9987120515179
109,38,9977,126.179312418563,0,0,442.478801242859,957.693294577528,64.1925428485517
109,39,8920,134.110650224215,0,0,659.365695067265,881.094506726457,59.5245515695067
109,40,9525,129.390341207349,0,0,817.442099737533,1023.80871391076,41.9953805774278
109,41,9310,123.91686358754,0,0,491.167346938775,1259.63243823845,56.0500537056928
109,42,5963,133.464028173738,0,0,464.763541841355,911.088546033876,60.1298004360221
109,43,8720,126.396330275229,0,0,811.258256880734,1039.77798165138,66.9936926605505
109,44,10968,128.48814733771,0,0,833.739970824216,1024.87308533917,58.6167031363968
109,45,9644,125.894856905848,0,0,681.551016175861,1196.89226462049,35.060866860224
109,46,8856,128.596996386631,0,0,725.939927732611,1124.97538392051,74.1498419150858
109,47,9300,127.327849462366,0,0,671.793548387097,1221.14870967742,70.5134408602151
109,48,6977,144.293392575606,0,0,714.99082700301,892.285652859395,51.1417514691128
109,49,8671,124.05558759082,0,0,728.153615499942,938.266635912813,70.4234805674086
109,50,8370,123.043249701314,0,0,603.456630824373,1283.8688172043,44.3069295101553
109,51,16744,124.104276158624,0,0,507.899247491639,1135.85081223125,72.9724677496417
109,52,6526,125.820870364695,0,0,532.036775973031,1136.27934416181,31.5746245786086
109,53,9534,134.652401929935,0,0,764.620096496748,1072.54174533249,34.929305642962
109,54,9216,125.096137152778,0,0,447.672309027778,972.218424479167,40.5929904513889
109,55,11057,124.471194718278,0,0,426.227729040427,1122.05417382654,40.8960839287329
109,56,8155,125.804414469651,0,0,507.44635193133,1214.22685469037,38.9840588595953
109,57,9122,130.251041438281,0,0,821.043301907476,1137.89475992107,43.5518526638895
109,58,6440,124.196273291925,0,0,420.639130434783,1189.10543478261,51.542701863354
110,1,19442,127.423053183829,0,0,747.982563522271,897.328875630079,66.0443884374036
110,2,12483,135.995353681006,0,0,689.219578626933,842.916606584956,49.4651926620203
110,3,12086,139.841469468807,0,0,809.167466490154,965.622621214628,58.6680456726791
110,4,12929,129.572743444969,0,0,696.621780493464,883.133730373579,41.9673601980045
110,5,8695,130.777918343876,0,0,389.642093156987,1084.07832087407,49.0655549166187
110,6,13113,131.599710211241,0,0,478.589415084268,869.032410584916,61.1018073667353
110,7,14165,142.739922343805,0,0,771.691281327215,921.073561595482,60.7082244969996
110,8,6888,133.35612659698,0,0,397.443670150987,1023.50537166086,46.6919279907085
110,9,13431,139.17191571737,0,0,662.823765914675,862.125009306827,63.478668751396
110,10,13475,132.40987012987,0,0,730.526011131725,852.064415584416,57.5303896103896
110,11,10653,128.012484746081,0,0,576.372007885103,890.486248005257,38.1588284990144
110,12,12989,140.413734698591,0,0,619.519978443298,843.126799599661,51.1017014396797
110,13,10728,137.853933631618,0,0,711.233128262491,877.997110365399,52.0971290082028
110,14,14512,133.148980154355,0,0,741.316634509372,923.327522050717,52.3917447629548
110,15,12723,126.411145170164,0,0,520.977992611805,839.645995441327,55.3620215358013
110,16,8410,131.58192627824,0,0,453.136860879905,888.571700356718,51.5266349583829
110,17,9929,128.186423607614,0,0,618.670460267902,852.101218652432,43.1746399435996
110,18,10868,124.807140228193,0,0,587.793154214207,851.666083916084,65.5200588884799
110,19,13301,131.712803548605,0,0,682.417337042328,891.901135252989,56.8412901285618
110,20,13713,138.965288412455,0,0,747.894115073288,908.886603952454,45.8835411653176
110,21,10850,126.972995391705,0,0,670.472350230415,816.045161290323,59.2739170506912
110,22,10913,130.353706588472,0,0,661.406029506094,885.316136717676,47.2044350774306
110,23,10697,137.05711881836,0,0,788.443301860335,893.972702626905,54.7595587547911
110,24,13006,127.178071659234,0,0,845.560049208058,1124.26503152391,52.9458711363986
110,25,9865,128.905727318804,0,0,847.034363912823,1012.97242777496,48.9051191079574
110,26,9860,129.869574036511,0,0,573.470182555781,868.636206896552,45.9316430020284
110,27,13813,131.133787012235,0,0,569.092159559835,952.185984217766,75.9433142691667
110,28,12217,141.292052058607,0,0,588.107718752558,839.204878448064,59.0912662683146
110,29,8887,121.393496117925,0,0,646.340609879599,1288.18802745583,49.9184201642849
110,30,10559,126.82062695331,0,0,625.056065915333,1076.24604602709,29.7081162988919
110,31,8944,129.731104651163,0,0,808.255031305903,937.929338103757,47.378801431127
110,32,10466,125.78673800879,0,0,434.040512134531,1180.44467800497,58.5277087712593
110,33,12976,127.195514796547,0,0,606.103575832306,1164.99129161529,75.2785912453761
110,34,11734,128.772541332879,0,0,648.468041588546,1064.97392193625,78.460030680075
110,35,8616,130.45438718663,0,0,733.675835654596,931.527042711235,38.8564298978644
110,36,9974,125.537597754161,0,0,492.419691197113,1253.77902546621,56.2132544616002
110,37,11129,130.303800880582,0,0,636.340821277743,853.627010513074,57.3329140084464
110,38,7986,127.220761332332,0,0,479.828074129727,898.104057099925,43.0388179313799
110,39,11135,126.375123484508,0,0,830.7590480467,957.397305792546,51.9900314324203
110,40,9146,130.722392302646,0,0,382.405313798382,1078.43308550186,57.4164662147387
110,41,9160,129.617139737991,0,0,406.731331877729,942.608187772926,55.6587336244542
110,42,19792,122.575939773646,0,0,434.298453920776,1117.62954729184,68.2382275666936
110,43,10752,127.09765625,0,0,804.620070684524,988.703590029762,65.3428199404762
110,44,9723,122.950221125167,0,0,652.402344955261,881.867736295382,70.9445644348452
110,45,10969,130.491293645729,0,0,846.638617923238,1036.98687209408,59.3560944479898
110,46,9855,131.113952308473,0,0,567.333434804668,840.795129375951,52.2826991374937
110,47,7766,123.19469482359,0,0,717.341874839042,1229.10198300283,66.3310584599536
110,48,8138,126.083067092652,0,0,438.209633816663,1195.02138117474,48.2210616859179
110,49,8342,125.563653800048,0,0,616.170222968113,1182.15907456246,33.3144329896907
110,51,18459,129.507123896202,0,0,739.614551167452,1029.48171623598,33.9891110027629
110,52,7246,125.095638973227,0,0,486.007728401877,1153.06458735854,36.899392768424
110,53,9613,125.560595027567,0,0,509.173515031728,1002.75418703839,33.4886091750754
110,54,11007,135.82211320069,0,0,820.663850277096,1085.50940310711,41.8314708821659
110,55,10106,125.034237086879,0,0,740.726004353849,1216.29903027904,41.1375420542252
110,56,6887,124.718455060258,0,0,563.867721794686,1238.48598809351,39.6584870045012
110,57,6066,167.943620178042,0,0,393.357237059017,1147.8250906693,54.5591823277283
110,58,12277,130.158100513155,0,0,780.323531807445,1095.7171133013,71.899649751568
110,59,8868,124.703766350925,0,0,755.457149300857,987.181664411367,72.9502706359946
111,1,15426,135.279917023208,0,0,678.161026837806,919.2917801115,46.8777388824063
111,2,18996,132.776321330806,0,0,588.412560539061,844.89913666035,55.4630448515477
111,3,9619,125.621686245972,0,0,459.501299511384,916.546418546626,46.9593512839173
111,4,12243,138.553622478151,0,0,616.938495466797,855.851098586948,46.4132973944295
111,5,9325,125.122037533512,0,0,724.242466487936,1297.58605898123,52.0890080428954
111,6,10243,156.061407790686,0,0,533.744117934199,881.202186859319,48.5288489700283
111,7,9276,125.235985338508,0,0,486.293984476067,879.429495472186,55.0903406640793
111,8,12293,136.339949564793,0,0,597.553973806231,915.57211421134,46.0097616529732
111,9,11851,139.035608809383,0,0,690.432790481816,867.313813180322,48.5083115348916
111,10,8723,135.329129886507,0,0,577.222859108105,1002.61286254729,32.868164622263
111,11,8965,153.262911321807,0,0,500.407250418293,932.223647518126,41.6157278304518
111,12,13262,139.175765344594,0,0,722.726888855376,925.950007540341,41.5665812094707
111,13,10939,144.348203674925,0,0,640.409726666057,905.274979431392,42.0122497486059
111,14,12541,126.39574196635,0,0,666.703452675225,884.008611753449,63.2530101267841
111,15,10524,134.291904218928,0,0,644.822595971114,955.892341315089,38.4112504751045
111,16,13548,132.284617655743,0,0,695.883156185415,953.646220844405,35.4293622674934
111,17,9717,151.271482967994,0,0,570.77256354842,938.405989502933,36.9482350519708
111,18,8191,130.767305579294,0,0,755.477719448175,976.451349041631,37.5181296544988
111,19,10789,124.529520808231,0,0,755.997404764112,888.865603855779,52.1948280656224
111,20,8364,136.557986609278,0,0,548.570779531325,914.848039215686,42.4842180774749
111,21,12009,146.174202681322,0,0,651.189108168873,866.780914314264,53.9165625780664
111,22,13904,127.244318181818,0,0,646.004602991945,956.127301495972,72.5374712313003
111,23,11501,136.470567776715,0,0,703.008868794018,886.380140857317,56.7498478393183
111,24,9901,126.522775477225,0,0,848.277446722553,1023.25330774669,52.5612564387436
111,25,10079,133.838079174521,0,0,622.801766048219,972.521083440818,31.6800277805338
111,26,15487,123.136889003681,0,0,408.213856783108,1178.25621488991,58.8172660941435
111,27,8757,125.676487381523,0,0,805.718967682996,931.482014388489,53.5839899508964
111,28,8829,127.636085626911,0,0,765.967493487371,908.369237739268,46.4743459055386
111,29,9989,124.553408749625,0,0,842.005706276905,1161.70147161878,57.3329662628892
111,30,8813,124.181776920458,0,0,655.524339044593,1298.46715079995,41.6339498468172
111,31,7889,135.775129927747,0,0,527.070731398149,966.608568893396,36.2446444416276
111,32,9249,123.711860741702,0,0,563.901935344362,1314.53400367607,51.4800518975024
111,33,11217,125.286261923866,0,0,493.907372737809,1272.14353213872,57.2874208790229
111,34,9528,124.99002938707,0,0,575.964840470193,1295.50209907641,61.7670025188917
111,35,10277,126.768414907074,0,0,749.270215043301,913.126204145179,62.8786610878661
111,36,11034,126.167754214247,0,0,477.398858075041,986.39487040058,36.1453688598876
111,37,8527,132.669754896212,0,0,557.431453031547,866.798991438959,42.6031429576639
111,38,9269,130.374150393786,0,0,414.145538893084,1009.65292911857,41.8075304779372
111,39,10333,127.877673473338,0,0,644.335139843221,1182.87225394368,30.0476144391755
111,40,12177,126.790670937012,0,0,668.886343105855,1107.81834606225,75.3266814486327
111,41,9884,124.410056657224,0,0,433.792088223391,1227.60198300283,49.3175839740996
111,42,4611,173.49034916504,0,0,479.972890913034,1287.7310778573,51.200607243548
111,43,9784,123.48793949305,0,0,492.356500408831,1262.95993458708,43.4155764513491
111,44,10714,132.394250513347,0,0,634.038827702072,1044.45407877543,28.5079335448945
111,45,7285,125.990528483185,0,0,788.39986273164,1238.44447494852,44.774605353466
111,46,10396,126.422085417468,0,0,778.601096575606,1171.36927664486,36.2240284724894
111,47,11587,130.078795201519,0,0,415.551911625097,964.36515059981,59.8218693363252
111,48,10225,125.901809290954,0,0,581.823863080685,885.687726161369,66.4680684596577
111,49,7087,126.755467757867,0,0,462.121631155637,1073.9740369691,34.0414844080711
111,50,8966,125.53245594468,0,0,493.635623466429,990.620343519964,70.9708900289984
111,51,12397,129.255949019924,0,0,821.33903363717,1048.26474146971,40.4601113172542
111,52,8636,126.178091709125,0,0,420.797938860584,1125.68052339046,39.1819129226494
111,53,11926,125.35200402482,0,0,533.17315109844,1102.64405500587,29.4106993124266
111,54,6833,126.663398214547,0,0,493.813698229182,1224.44533879701,37.6348602370847
111,55,10819,124.796561604585,0,0,807.954524447731,1001.91357796469,63.9095110453831
111,56,12750,122.590823529412,0,0,732.995137254902,1244.97992156863,65.4156078431373
111,57,17836,127.984862076699,0,0,509.886353442476,1107.96462211258,73.6840659340659
111,100,7361,145.785491101752,0,0,635.976226056242,904.318434995245,37.5693519902187
112,1,18799,129.417469014309,0,0,618.567689770732,840.411032501729,54.2208628118517
112,2,8924,130.280031376065,0,0,587.027005826983,1007.97030479606,32.7157104437472
112,3,9590,125.67653806048,0,0,475.38488008342,901.983628779979,46.592700729927
112,4,9816,124.648940505297,0,0,502.401792991035,865.933985330073,54.535554197229
112,5,13291,135.342637875254,0,0,709.721315175683,975.081709427432,34.3635542848544
112,6,12008,136.330279813458,0,0,644.205779480346,859.647235176549,45.2466688874084
112,7,11718,125.201399556238,0,0,691.521505376344,879.800136542072,62.3621778460488
112,8,11528,141.618494101319,0,0,582.265006939625,940.987508674532,36.2923317140874
112,9,9029,146.587440469598,0,0,517.739616790342,925.578469376454,40.6176763761214
112,10,12067,144.788845612,0,0,678.643241899395,867.667025772769,52.6308113035551
112,11,12200,143.893360655738,0,0,736.074590163934,941.255081967213,40.5548360655738
112,12,10025,133.101246882793,0,0,653.22204488778,966.545037406484,37.3016458852868
112,13,11017,130.500136153218,0,0,859.548788236362,1052.69056912045,50.9801216302079
112,14,8222,145.354050109462,0,0,656.981877888592,915.328508878618,41.5612989540258
112,15,11902,146.107797008906,0,0,554.340194925223,874.064442950765,47.392371030079
112,16,8514,131.725863284003,0,0,564.418369743951,915.455719990604,42.192036645525
112,17,10998,140.054009819967,0,0,722.067830514639,882.719949081651,46.7791416621204
112,18,10650,128.86544600939,0,0,635.167605633803,1061.53361502347,28.2233802816901
112,19,11613,137.162834754155,0,0,729.659950055972,890.536726082838,55.4898820287609
112,20,15846,134.797299002903,0,0,696.27306575792,927.850624763347,45.6981572636628
112,21,10798,125.486386367846,0,0,780.485182441193,905.326819781441,50.9587886645675
112,22,12693,133.430946190814,0,0,616.895217836603,914.76286141968,44.9703773733554
112,23,9127,125.299441218363,0,0,635.973594828531,1199.3905993207,30.7222526569519
112,24,8512,130.347156954887,0,0,785.884633458647,934.727796052632,44.6830357142857
112,25,8635,130.670874348581,0,0,535.889635205559,966.365026056746,35.6583671105964
112,26,8040,132.169029850746,0,0,771.06144278607,1001.91380597015,36.8634328358209
112,27,9811,131.8002242381,0,0,636.513097543574,981.687289776781,30.9662623585771
112,28,10714,126.071028560762,0,0,481.685831622177,979.965932424865,36.0337875676685
112,29,11249,124.224908880789,0,0,473.85572050849,1257.10027558005,58.5464485732065
112,30,9126,122.739425816349,0,0,539.190225728687,1313.34593469209,53.1696252465483
112,31,8546,127.181488415633,0,0,823.012988532647,947.525509010063,52.4230049145799
112,32,6825,123.804542124542,0,0,704.444249084249,1310.6589010989,54.1865201465201
112,33,9180,125.520806100218,0,0,418.577450980392,1215.69749455338,51.731045751634
112,34,10636,127.209477247085,0,0,768.798890560361,918.577566754419,62.0183339601354
112,35,12976,124.839935265105,0,0,672.056180641184,1111.2580918619,75.7977034525277
112,36,4462,172.904078888391,0,0,461.261317794711,1275.6136261766,52.8538771851188
112,37,8979,133.054237665664,0,0,415.730816349259,997.262835505067,42.544492705201
112,38,10986,130.225559803386,0,0,408.026943382487,1140.14746040415,62.0555252139086
112,39,7314,128.715613891168,0,0,582.32061799289,864.395952966913,41.5365053322395
112,40,8033,122.479024025893,0,0,636.58770073447,1309.9431096726,43.040458110295
112,41,9200,124.455543478261,0,0,531.590869565217,1097.93380434783,29.3310869565217
112,42,10610,123.211121583412,0,0,553.345428840716,1286.82092365693,63.0176248821866
112,43,11718,132.297576378222,0,0,427.320873869261,946.23647380099,60.1290322580645
112,44,12104,125.404576999339,0,0,663.970423000661,945.993721083939,72.2105915399868
112,45,9843,124.591283145383,0,0,606.340444986285,872.447932540892,65.6772325510515
112,46,8818,125.968246767975,0,0,503.672601496938,970.841574053073,71.0161034248129
112,47,14353,129.348707587264,0,0,512.140319097053,1083.61332125688,74.6361736222393
112,48,7530,126.955644090305,0,0,452.913147410359,1066.32177954847,34.7796812749004
112,49,8104,123.630923000987,0,0,467.466436327739,1256.05367719645,45.2727048371175
112,50,8633,127.574539557512,0,0,765.887872118615,1270.73995134947,45.6255067763234
112,51,7369,122.590582168544,0,0,721.845026462207,1256.24155244945,65.9050074636993
112,52,7972,128.367410938284,0,0,406.572754641244,1120.70283492223,41.0444054189664
112,53,10471,126.791614936491,0,0,765.174004393086,1201.20905357654,36.3960462229013
112,54,8501,122.762145629926,0,0,838.840254087754,1187.41183390189,56.178567227385
112,55,12966,141.807959278112,0,0,822.908530001543,1122.92495758137,41.0183556995218
112,56,9543,126.433930629781,0,0,824.956198260505,1026.76212930944,63.6331342345174
112,100,9151,143.879138891924,0,0,653.719047098678,915.01650092886,37.2133100207628
112,101,7424,123.57192887931,0,0,474.226966594828,1220.06842672414,38.7307381465517
113,1,9813,141.102720880465,0,0,709.023540201773,896.589524100683,41.172220523795
113,2,11669,143.547433370469,0,0,740.660982089296,896.711457708458,56.8870511611963
113,3,19309,128.373659951318,0,0,696.385778652442,851.580247552955,59.8524522243513
113,4,13091,141.053395462532,0,0,622.464593995875,848.940187915362,52.8925979680697
113,5,12452,135.158207516865,0,0,715.649775136524,857.05991005461,50.3955991005461
113,6,9650,125.020414507772,0,0,534.229740932642,845.675129533679,51.9551295336788
113,7,13639,135.827993254637,0,0,782.709362856514,935.068333455532,58.9978004252511
113,8,11719,131.860568307876,0,0,688.243450806383,945.901015445004,40.8521204880963
113,9,10376,123.608423284503,0,0,578.815246723207,839.110832690825,60.2812259059368
113,10,10444,130.664592110303,0,0,613.802949061662,948.979031022597,36.0055534278054
113,11,14427,131.276703403341,0,0,668.675885492479,900.369654120746,49.1119428848686
113,12,13558,141.903304322171,0,0,774.206372621331,956.794659979348,43.7007670747898
113,13,13028,133.403976051581,0,0,741.374577832361,964.805112066319,37.2866134479582
113,14,10873,126.700266715718,0,0,832.39124436678,1118.23903246574,63.7281339096845
113,15,12147,140.639334815181,0,0,633.182925825307,893.106116736643,40.445377459455
113,16,10677,126.914395429428,0,0,521.313945864943,899.737285754425,39.9450220099279
113,17,11245,134.503868385949,0,0,447.346465095598,906.988528234771,47.1902178746109
113,18,11202,125.500892697733,0,0,827.806820210677,957.767898589538,54.0362435279414
113,19,9243,131.327382884345,0,0,579.592556529265,905.380720545278,39.2323920804933
113,20,9985,145.122684026039,0,0,573.734001001502,869.108362543816,45.1467200801202
113,21,11868,125.530670711156,0,0,751.378075497135,930.988793394001,66.6638018200202
113,22,14250,135.265403508772,0,0,736.160561403509,939.642877192982,48.8291929824561
113,23,8343,132.371089536138,0,0,789.450797075393,1015.89787846099,38.4361740381158
113,24,9251,130.116852232191,0,0,672.09847584045,941.187331099341,34.1083126148525
113,25,14069,123.681640486175,0,0,591.339967304002,1138.98514464425,28.8672968938802
113,26,9119,121.412106590635,0,0,614.32514530102,1315.76115802171,49.3380853163724
113,27,10477,133.150806528586,0,0,856.131430753078,1119.69685978811,50.5800324520378
113,28,11558,139.489963661533,0,0,780.073542135318,906.201418930611,50.875757051393
113,29,11478,129.061596096881,0,0,638.87689492943,1002.84587907301,30.2357553580763
113,30,8563,127.130094593016,0,0,854.871657129511,1014.27572112577,54.5651056872591
113,31,8487,130.168139507482,0,0,823.458348061742,971.326970661011,47.1955932602804
113,32,9644,123.939755288262,0,0,784.668602239735,1252.43114890087,53.5341144753214
113,33,8084,131.702375061851,0,0,620.296882731321,871.757793171697,46.6514101929738
113,34,10457,127.171655350483,0,0,380.682891842785,1131.18265276848,51.258965286411
113,35,9909,126.071752951862,0,0,417.711777172268,1202.44555454637,56.2609748713291
113,36,9470,125.207286166843,0,0,467.613727560718,1264.15765575502,49.223020063358
113,37,10171,123.892439288172,0,0,484.876216694524,1264.55618916527,59.7547930390325
113,38,8807,127.099352787555,0,0,539.257522425343,972.738049278983,74.6188259339162
113,39,8629,121.901147294009,0,0,648.034882373392,1296.81840305945,62.4272801019817
113,40,10642,130.9697425296,0,0,393.854444653261,1093.81150159744,62.2806803232475
113,41,4221,204.169154228856,0,0,402.388059701493,1202.3030087657,50.7600094764274
113,42,10096,125.645305071315,0,0,534.424623613312,1008.89193740095,30.8444928684628
113,43,9523,125.300430536596,0,0,714.836291084742,1194.47191011236,33.7305470965032
113,44,10489,126.17141767566,0,0,698.640385165411,1001.75021451044,75.1723710553914
113,45,8664,151.770429362881,0,0,800.866920590951,1128.73695752539,38.9813019390582
113,46,9097,127.899967022095,0,0,654.293063647356,833.48576453776,47.1954490491371
113,47,8531,123.885828156136,0,0,669.82639784316,905.997655608956,70.8492556558434
113,49,16094,128.280104386728,0,0,510.812787374177,1087.81017770598,75.8654778178203
113,50,8329,124.851122583744,0,0,421.114299435707,1171.81054148157,43.0144074918958
113,51,10096,127.042888272583,0,0,811.130744849445,987.936608557845,65.0213946117274
113,52,8822,128.648379052369,0,0,467.094196327363,967.795851280889,37.2684198594423
113,53,9897,126.738304536728,0,0,403.192482570476,1021.64241689401,42.8337880165707
113,54,9548,128.048387096774,0,0,434.898408043569,1125.95768747382,37.114474235442
113,101,9849,121.285917352015,0,0,553.079805056351,1273.50319829424,39.8549091278302
113,102,10433,122.207706316496,0,0,703.224767564459,1278.06584874916,41.5470142816064
113,103,16513,129.180766668685,0,0,471.789741415854,908.159329013504,64.7627929510083
113,104,8944,123.391882826476,0,0,652.272473166369,1160.26833631485,74.8381037567084
113,105,8517,141.657625924621,0,0,710.228484208055,900.174357168017,45.5242456263943
114,1,18892,127.438174888842,0,0,594.298750793987,843.043192885878,60.1730891382596
114,2,12962,134.038805739855,0,0,675.538111402561,904.844699891992,50.1744329578769
114,3,10289,130.522499757022,0,0,586.318884245311,947.935853824473,36.672854504811
114,4,10693,128.282240718227,0,0,861.034321518751,1034.95838398953,52.8512110726644
114,5,11706,134.685460447634,0,0,625.660003417051,838.727319323424,51.450623611823
114,6,9995,142.176188094047,0,0,652.379189594797,870.210505252626,43.0506253126563
114,7,12566,131.690514085628,0,0,643.598838134649,924.42439917237,41.644755689957
114,8,9310,144.390440386681,0,0,505.240171858217,901.977443609023,44.4409237379162
114,9,14529,136.972675338977,0,0,722.91658063184,902.615734049143,45.2609952508776
114,10,11014,142.287997094607,0,0,579.687125476666,892.127201743236,41.0488469220991
114,11,11685,143.83756953359,0,0,531.892511767223,867.101839965768,52.5659392383398
114,12,9558,125.283845992886,0,0,723.240531491944,1304.35959405733,49.4965473948525
114,13,9078,124.968715576118,0,0,453.118638466623,900.007160167438,50.8202247191011
114,14,14395,123.067106634248,0,0,845.452865578326,1179.49961792289,56.4714136853074
114,15,10410,124.521805955812,0,0,762.917291066282,887.076849183477,56.6506243996158
114,16,12898,136.226391688634,0,0,707.807877190262,862.214684447201,52.4549542564739
114,17,9542,123.804653112555,0,0,478.182770907567,880.2344372249,59.0744078809474
114,18,12318,131.579071277805,0,0,595.481734047735,896.648968988472,49.7526384153272
114,19,12579,134.795929724143,0,0,701.292710072343,880.04046426584,60.2965259559583
114,20,8553,130.867999532328,0,0,772.754121360926,950.219688998012,41.0423243306442
114,21,10471,125.439977079553,0,0,475.929901633082,945.169324801834,39.0612166937255
114,22,13093,126.535324219048,0,0,627.224394714733,983.75597647598,76.2751852134729
114,23,9521,131.679655498372,0,0,639.110912719252,921.003360991493,35.2151034555194
114,24,11042,144.599619634124,0,0,650.076344865061,866.341967034957,57.8433254845137
114,25,9893,131.850904680077,0,0,637.695542302638,987.334580006065,30.5619124633579
114,26,9154,129.812103998252,0,0,533.879396984925,922.21094603452,39.3700021848372
114,27,8683,127.392030404238,0,0,778.970632269953,904.296441322124,49.3563284579063
114,28,13386,131.995293590318,0,0,711.34573434932,920.72665471388,39.1869864037054
114,29,10723,124.479903012217,0,0,658.190152009699,886.119742609344,67.5945164599459
114,30,11289,123.804234210293,0,0,487.828771370361,1283.7574630171,55.2997608291257
114,31,14627,127.472960962603,0,0,646.872701169071,1132.62541874615,28.3486019005948
114,32,11351,121.047484803101,0,0,561.254691216633,1315.95189851114,47.4329133997005
114,33,8714,126.077002524673,0,0,810.35551985311,927.322240073445,57.1910718384209
114,34,8946,133.082383188017,0,0,399.510619271183,994.419964229823,45.5052537446904
114,35,8969,122.785260341175,0,0,568.074255769874,1313.52480767087,59.9479317649682
114,36,8562,128.240948376548,0,0,559.406797477225,844.297126839523,47.558747956085
114,37,5394,128.475157582499,0,0,404.805153874676,1172.07934742306,59.3246199480905
114,38,9331,125.661772586004,0,0,427.397920908799,1228.40799485586,49.0827349694567
114,39,4055,168.648088779285,0,0,475.589642416769,1285.30110974106,48.035758323058
114,40,7001,124.083559491501,0,0,721.241679760034,1281.44079417226,63.6013426653335
114,41,9647,123.921530009329,0,0,538.55043018555,1025.02093915207,30.1363118067793
114,42,9043,124.634634523941,0,0,567.675439566516,904.321132367577,70.5708282649563
114,43,9707,123.666117234985,0,0,648.696507674874,1282.99804264963,38.2271556608633
114,44,16784,125.18195900858,0,0,494.667778836988,1139.65836510963,74.284795042898
114,45,12871,129.572760469272,0,0,399.976381011576,1001.05337580608,62.6234946779582
114,46,10296,123.844308469308,0,0,648.672785547786,1148.35975135975,76.2374708624709
114,47,5813,132.088938585928,0,0,547.877343884397,885.552382590745,46.462411835541
114,48,11080,126.077527075812,0,0,741.971750902527,914.252527075812,66.8101985559567
114,49,3810,149.215223097113,0,0,835.570078740157,1087.96220472441,44.5511811023622
114,50,4673,126.751551465868,0,0,451.22276909908,1227.29595548898,61.1771881018618
114,51,6715,126.138793745346,0,0,486.128071481757,1184.39583023083,34.8128071481757
114,103,9386,125.255167270403,0,0,451.829107180908,1020.07639036863,35.7172384402301
114,104,11571,129.767522253911,0,0,780.132486388385,1136.16368507476,34.5009938639703
114,105,6214,136.758126810428,0,0,808.606050852913,1021.51625362086,38.95349211458
114,106,11237,124.981400729732,0,0,405.123520512592,1117.44967518021,40.5961555575332
114,107,11205,121.41686746988,0,0,483.803569834895,1244.25042391789,40.4138331102187
114,108,10659,124.938737217375,0,0,781.293930012196,1238.79378928605,42.0723332395159
114,109,12736,126.900204145729,0,0,819.444016959799,1038.86597047739,66.3639290201005
114,110,8665,125.154529717253,0,0,473.791344489325,1029.75302942874,73.0160415464512
114,200,5835,145.786975149957,0,0,647.817823479006,874.347557840617,47.6083976006855
115,1,12488,138.521540679052,0,0,754.859064702114,1172.06630365151,68.9345771941063
115,2,8888,129.120499549955,0,0,523.141764176418,839.682605760576,48.4347434743474
115,3,10834,141.725032305704,0,0,718.958464094517,945.976832194942,71.1354993538859
115,4,9873,135.5967790945,0,0,751.289577635977,975.066038691381,66.0848779499646
115,5,13563,131.087222590872,0,0,816.892354198923,974.300744673007,62.8181818181818
115,6,12399,138.232680054843,0,0,815.245019759658,1039.6467457053,64.869021695298
115,7,10694,124.945296427904,0,0,651.212642603329,819.532915653638,59.0118758182158
115,8,9862,146.007199351044,0,0,754.917055364024,1033.87020888258,70.2638410058812
115,9,10773,127.00659055045,0,0,468.917757356354,862.50756520932,58.3505058943655
115,10,10088,127.972145122918,0,0,846.185368754956,1012.4431998414,57.5200237906423
115,11,9292,128.226000860956,0,0,844.588786052518,1095.57737839001,62.3822643133879
115,12,12716,129.495753381567,0,0,502.519345706197,915.034366152878,70.890531613715
115,13,9995,126.64312156078,0,0,564.373486743372,838.969484742371,64.5424712356178
115,14,11181,129.053930775423,0,0,773.102674179411,911.82148287273,65.0362221625973
115,15,8016,146.50998003992,0,0,686.31125249501,1139.6630489022,76.8531686626746
115,16,10353,140.401912489134,0,0,795.761614990824,1107.41359992273,69.6798995460253
115,17,12562,125.347556121637,0,0,615.995064480178,878.945550071645,71.012099984079
115,18,9125,148.074191780822,0,0,732.73698630137,1130.65249315068,72.0235616438356
115,19,10008,139.695743405276,0,0,742.02657873701,1066.68095523581,74.9690247801759
115,20,11532,136.228581338883,0,0,756.250867152272,1072.78035032952,66.7950052029136
115,21,12131,128.248371939659,0,0,750.229989283653,858.729288599456,58.335504080455
115,22,5142,137.907817969662,0,0,384.71956437184,1034.06417736289,58.8191365227538
115,23,9888,129.879348705502,0,0,711.801476537217,900.512742718447,65.7267394822006
115,24,12974,125.064051179282,0,0,812.590257437953,1166.45005395406,65.1544627716972
115,25,9606,148.672912762857,0,0,641.495107224651,947.406724963564,73.9824068290652
115,26,10116,125.301996836694,0,0,583.677837089759,991.606069592724,78.1508501383946
115,27,12024,124.991932801065,0,0,580.022205588822,1084.65311044578,79.5869095143047
115,28,6420,135.420249221184,0,0,678.414330218069,989.509657320872,74.119937694704
115,29,10159,126.616989861207,0,0,700.192144896151,851.535190471503,44.2284673688355
115,30,11334,127.235927298394,0,0,609.203105699665,1055.9978824775,29.309334745015
115,31,10630,129.064722483537,0,0,674.058325493885,909.399905926623,70.2469426152399
115,32,4443,149.878235426514,0,0,808.783029484582,1069.94665766374,41.3022732388026
115,33,10564,132.454373343431,0,0,700.198693676638,1038.37978038622,71.3965354032563
115,34,10596,125.013495658739,0,0,598.926670441676,937.583427708569,32.6850698376746
115,35,9650,129.323730569948,0,0,404.641347150259,950.520103626943,49.4551295336788
115,36,9365,124.24730379071,0,0,589.195194874533,1292.82584089696,63.488200747464
115,37,9763,157.462357881799,0,0,650.890402540203,1042.35286284953,77.3046194817167
115,38,8610,140.236120789779,0,0,780.6131242741,993.785133565621,70.1698025551684
115,39,9385,128.801598295152,0,0,410.944272775706,1017.86553010123,43.076505061268
115,40,10385,122.869138180067,0,0,576.235435724603,1186.22311025518,33.5092922484352
115,41,9944,122.580953338697,0,0,521.474255832663,1278.28207964602,47.6720635559131
115,42,4872,199.640804597701,0,0,425.106937602627,958.295361247947,42.48460591133
115,43,9968,123.16863964687,0,0,740.500601926164,1160.80006019262,34.7186998394864
115,44,6842,125.061385559778,0,0,842.160187079801,1173.03346974569,59.4599532300497
115,45,8657,126.834353702206,0,0,480.800508259212,889.227099457087,43.477648146009
115,46,10251,126.540044873671,0,0,447.630279972686,1092.50560920886,36.502975319481
115,47,4934,140.640048642075,0,0,843.236319416295,998.211390352655,50.4643291447102
115,48,8533,123.671276221727,0,0,412.91843431384,1208.29919137466,55.4912691902027
115,49,8922,123.86292311141,0,0,749.986886348352,1264.74646940148,48.9791526563551
115,50,10476,127.81252386407,0,0,720.486445208095,1017.43718976709,31.7938144329897
115,110,13829,124.566779955167,0,0,482.019668811917,984.984525272977,35.5776990382529
115,111,10579,130.633991870687,0,0,786.864637489366,953.939691842329,39.4144058984781
115,112,8077,128.997028599728,0,0,843.68032685403,1145.22062647022,46.9361148941439
115,113,5024,136.200039808917,0,0,383.179339171975,1092.49920382166,50.2207404458599
115,114,15336,127.653755868545,0,0,440.281429316641,1084.30783776734,71.6551251956182
115,115,8414,122.764915616829,0,0,458.39648205372,1203.50784406941,65.8970763014024
115,116,8710,121.096096440873,0,0,752.40757749713,1248.82904707233,63.8280137772675
115,117,11995,121.193247186328,0,0,697.495039599833,1230.52905377241,70.6596915381409
115,118,13460,120.938038632987,0,0,603.44249628529,1229.52696879643,72.8731797919762
115,119,8987,128.489373539557,0,0,701.877378435518,1014.90486257928,77.9480360520752
116,1,16155,141.63150727329,0,0,564.681646549056,860.99176725472,51.5323429278861
116,2,13461,130.498997102741,0,0,707.955129633757,931.17561845331,37.7798083351906
116,3,14276,136.455309610535,0,0,616.93289436817,854.786564864108,46.2168674698795
116,4,13100,135.736259541985,0,0,677.088091603053,891.696641221374,42.7296183206107
116,5,10708,127.095909600299,0,0,564.658759805753,840.085636906985,60.5519237952932
116,6,10400,127.243846153846,0,0,493.455288461538,867.478653846154,56.6850961538462
116,7,9382,133.643039863569,0,0,540.305265401833,987.323704966958,35.8108079300789
116,8,9687,148.16867967379,0,0,532.282543615154,1032.17043460308,32.7944668111903
116,9,10563,152.214143709174,0,0,484.057180725173,966.522957493136,38.8031809145129
116,10,11883,147.706555583607,0,0,601.788268955651,986.366405789784,32.4875031557687
116,11,15158,132.940427497031,0,0,619.868452302415,911.606148568413,44.8278796675023
116,12,10472,123.840049656226,0,0,671.458651642475,1320.84138655462,48.7092245989305
116,13,12151,137.111019669163,0,0,556.318656900667,953.150111101967,41.1903547033166
116,14,13868,124.902942024805,0,0,569.780934525526,1098.43971733487,28.8568647245457
116,15,9607,124.671697720412,0,0,680.899656500468,834.043614031435,56.4302071406266
116,16,9591,133.54863934939,0,0,653.925450943593,1040.61807944948,32.1516004587634
116,17,4857,171.600370599135,0,0,627.565987234919,1335.83549516162,55.7356392835083
116,18,8669,146.889260583689,0,0,483.212019840812,900.072788095513,45.3744376514015
116,19,9427,124.398960432799,0,0,701.332237191047,1306.58321841519,60.3977935716559
116,20,10374,131.703200308463,0,0,689.886446886447,991.760940813572,31.9341623288992
116,21,10926,141.502928793703,0,0,629.051528464214,918.015742266154,36.140399048142
116,22,11813,128.61770930331,0,0,870.24743926183,1062.41174976721,49.6488614238551
116,23,11033,131.877639807849,0,0,647.878092993746,967.492341158343,37.3135140034442
116,24,8872,132.838367899008,0,0,587.187894499549,1042.22869702435,30.5784490532011
116,25,9797,127.092375216903,0,0,593.804327855466,1311.78575074002,60.5867102174135
116,26,9467,124.201014048801,0,0,562.480616879687,1321.18453575578,53.1309813034752
116,27,9904,124.080270597738,0,0,635.662964458804,1270.17659531502,69.002423263328
116,28,9048,142.551392572944,0,0,555.739942528736,895.864058355438,40.4043987621574
116,29,10205,126.774522292994,0,0,866.364723174914,1127.82469377756,60.5099461048506
116,30,11655,124.831574431574,0,0,626.954182754183,830.292406692407,52.7685113685114
116,31,16453,125.051783869203,0,0,540.161854980855,1076.66121679937,77.6832796450495
116,32,10009,131.325007493256,0,0,375.148366470177,1136.0649415526,50.1310820261764
116,33,8087,127.525040187956,0,0,750.922839124521,910.077531841227,42.9031779399035
116,34,9968,145.371890048154,0,0,548.073936597111,890.020565810594,47.4144261637239
116,35,8556,126.745091164095,0,0,698.415381019168,853.237026647966,48.070476858345
116,36,8924,130.383236216943,0,0,526.015688032273,935.931645002241,35.3137606454505
116,37,9726,124.966481595723,0,0,412.959901295497,928.890808143121,55.8988278840222
116,38,15729,127.866679382033,0,0,697.121622480768,1155.74117871448,30.1572255070252
116,39,11959,130.655405970399,0,0,737.276695375868,1062.42369763358,31.7823396605067
116,40,8662,128.477949665204,0,0,814.276841376126,955.398753174786,45.0541445393673
116,41,11444,125.111936385879,0,0,594.819381335197,1181.37478154491,29.726232086683
116,42,7818,127.47518546943,0,0,684.262215400358,1288.64300332566,40.5853159375799
116,43,8927,123.309174414697,0,0,457.344236585639,1033.65811582839,35.923714573765
116,44,7311,123.518670496512,0,0,441.831213240323,1254.26234441253,52.7408015319382
116,45,10903,124.837659359809,0,0,376.579381821517,1085.87269558837,60.9533156012107
116,46,10988,123.959683290863,0,0,707.040771751001,1137.97642883145,77.0835456862031
116,47,13585,126.705631210894,0,0,480.252189915348,1165.35252116305,33.7681266102319
116,48,10467,124.936849144932,0,0,788.151714913538,905.724562912009,61.2836533868348
116,49,13656,125.537346221441,0,0,449.598711189221,944.554335090803,67.1899531341535
116,50,7863,126.278646826911,0,0,842.780745262622,985.208317436093,59.0359913519013
116,116,7763,122.946412469406,0,0,416.714672162824,987.555068916656,42.9899523380137
116,117,8898,125.543717689368,0,0,827.904472915262,1166.04248145651,40.7757923128793
116,118,8700,124.280459770115,0,0,574.829425287356,1279.04298850575,38.6280459770115
116,119,13191,121.199226745508,0,0,807.244105829732,1257.31036312637,55.6984307482374
116,120,13126,123.521560262075,0,0,672.984305957641,914.561100106659,71.9258723144903
116,121,6995,122.419585418156,0,0,498.289063616869,1264.11751250893,63.9551107934239
116,122,10948,124.312477164779,0,0,437.214742418707,1165.25593715747,67.5362623310194
116,123,5867,123.749616499063,0,0,798.738708027953,1202.01704448611,66.4636100221578
116,124,12795,124.064243845252,0,0,799.240015631106,1032.3353653771,71.6284486127393
116,125,7419,146.577705890282,0,0,604.133306375522,918.648065777059,39.5291818304354
117,1,12571,139.451674488903,0,0,631.31906769549,875.815209609419,61.5438708137777
117,2,12044,133.952839588177,0,0,642.8826801727,834.970607771504,54.6028727997343
117,3,19121,132.028293499294,0,0,692.316719836829,902.75011767167,56.8353119606715
117,4,10924,124.057854265837,0,0,480.191230318565,866.551446356646,51.9290552911022
117,5,9061,124.456241032999,0,0,510.662620019865,878.592318728617,43.7800463524997
117,6,14100,142.310212765957,0,0,675.014964539007,876.906524822695,43.5429078014184
117,7,13473,142.229050693981,0,0,555.086395012247,855.783789801826,50.264380613078
117,8,9209,124.516777065914,0,0,722.305353458573,1299.5227494842,56.3786513193615
117,9,12201,141.194984017703,0,0,593.952298991886,889.063519383657,41.3166133923449
117,10,9736,134.106409202958,0,0,701.803512736237,934.496199671323,40.1045603944125
117,11,11738,139.967370932016,0,0,712.264184699267,853.079741012097,49.9784460725848
117,12,14102,132.857750673663,0,0,624.620692100411,887.596794780882,52.286271450858
117,13,9587,132.611661625117,0,0,709.247001147387,912.016689266715,48.3969959319912
117,14,11253,131.253443526171,0,0,754.130009775171,908.540300364347,42.2589531680441
117,15,15577,133.504525903576,0,0,757.116004365411,896.132759838223,56.5024715927329
117,16,16072,132.724489795918,0,0,704.300771528123,864.15219014435,61.6954952712792
117,17,11181,130.305428852518,0,0,645.963867274841,904.225740094804,39.1158214828727
117,18,9367,125.634247891534,0,0,779.732678552365,910.306074516921,62.8353795238604
117,19,11254,121.598720454949,0,0,541.162786564777,1309.70917007286,55.0788164208281
117,20,11956,125.68768819003,0,0,557.346269655403,887.889093342255,68.9741552358648
117,21,11636,130.745445170162,0,0,866.693709178412,1122.71940529392,51.1217772430388
117,22,10294,127.185933553526,0,0,605.468331066641,825.689139304449,48.4163590441034
117,23,10691,125.718361238425,0,0,616.88691422692,930.822935179123,33.7891684594519
117,24,12891,129.8869754092,0,0,782.709719959662,905.238771235746,49.8896129082305
117,25,8934,127.608909782852,0,0,815.024625027983,940.232034922767,55.4894783971345
117,26,10066,131.529902642559,0,0,384.156169282734,1007.50278164117,48.3874428770117
117,27,8992,127.786810498221,0,0,615.175934163701,1004.01579181495,29.4522909252669
117,28,8428,125.525510204082,0,0,642.77776459421,1171.04734219269,30.5842429995254
117,29,8999,128.807978664296,0,0,854.250027780865,1002.21157906434,53.845649516613
117,30,3895,156.827727856226,0,0,542.24621309371,1270.9784338896,39.8012836970475
117,31,9865,138.084034465281,0,0,571.285757729346,846.773846933604,58.555397871262
117,32,14493,124.115573035258,0,0,388.50334644311,1145.48092182433,59.9857862416339
117,33,8518,127.514087814041,0,0,846.062808170932,1112.42063864757,63.1438131016671
117,34,11309,132.940578300469,0,0,773.22530727739,976.733398178442,37.4822707578035
117,35,12199,124.581523075662,0,0,628.662841216493,916.770391015657,73.4024100336093
117,36,8706,124.885596140593,0,0,506.06397886515,1269.63255226281,45.2267401791868
117,37,10766,125.738993126509,0,0,545.674345160691,1110.99869960988,29.5145829463125
117,38,12425,127.383259557344,0,0,714.897786720322,1023.31122736419,31.1378672032193
117,39,9476,121.638243984804,0,0,602.649535669059,1236.46454200084,34.7520050654284
117,40,9089,121.620970403785,0,0,612.721751567829,1305.49455385631,44.5458246231709
117,41,10814,121.464398002589,0,0,632.980395783244,1277.41612724246,67.3607360828556
117,42,12051,124.604099244876,0,0,693.569081404033,1069.78698863165,77.6615218654054
117,43,10274,123.424664200895,0,0,706.882908312244,885.022873272338,68.1315943157485
117,44,7601,128.412051045915,0,0,404.402447046441,1122.12432574661,42.5774240231548
117,45,9697,130.922553367021,0,0,507.80282561617,972.620913684645,33.9704032174899
117,46,10563,125.444286660986,0,0,375.69421565843,1035.55931080186,59.5242828741835
117,47,9897,125.570576942508,0,0,471.044761038699,899.623522279479,65.0568859250278
117,48,8427,125.086626320161,0,0,813.486768719592,1233.36371187849,55.0951702859855
117,49,7764,127.941911385884,0,0,812.3019062339,1052.42027305513,69.1803194229778
117,100,15113,122.066102031364,0,0,497.07874015748,1163.15734797856,71.9381989016079
117,101,12228,126.456084396467,0,0,481.149656526006,992.454530585541,72.7935884854433
117,102,10509,124.278713483681,0,0,770.882671995432,1195.65629460462,69.6437339423351
117,103,9039,123.49905963049,0,0,754.780285429804,928.697422281226,69.8129217833831
117,104,9383,123.55611211766,0,0,427.936374293936,1231.50623467974,52.4126611957796
117,105,10532,123.703949867072,0,0,740.500664641094,1277.65239270794,43.9250854538549
117,106,13562,129.772599911517,0,0,810.525954873912,1132.52588113848,37.6742368382245
117,107,8859,123.974940738232,0,0,490.659442374986,1218.78767355232,38.7482785867479
117,108,8154,131.246504782929,0,0,615.013612950699,872.231420161884,46.1795437821928
117,135,6161,143.183249472488,0,0,685.159552020776,867.193962019153,52.7886706703457
117,136,11621,132.038292745891,0,0,646.282850012908,882.042853454952,66.0485328285001
118,1,12403,143.774328791421,0,0,674.540272514714,902.230992501814,40.4229621865678
118,2,10658,149.980296490899,0,0,606.154625633327,875.465378119722,57.0192343779321
118,3,18312,130.691677588467,0,0,667.080275229358,912.88122542595,54.6080166011359
118,4,9863,131.536550745209,0,0,709.23187671094,956.86515259049,39.7056676467606
118,5,10973,138.109723867675,0,0,621.684042650141,851.867492937209,49.9044017132963
118,6,9711,125.396663577386,0,0,526.518690145196,927.798681907116,37.812171763979
118,7,13110,127.108924485126,0,0,772.812280701754,908.420289855072,49.5103737604882
118,8,11207,151.902828589275,0,0,553.971714107254,890.691710538057,44.376818060141
118,9,11289,129.738949419789,0,0,702.820799007884,929.531313668173,46.6563911772522
118,10,7264,137.295567180617,0,0,595.913959251101,838.897990088106,56.4156112334802
118,11,13763,137.037128533023,0,0,704.04788200247,871.422073675797,47.5283731744532
118,12,10542,132.705274141529,0,0,660.66714095997,939.532631379245,36.6397268070575
118,13,11924,126.089902717209,0,0,570.884099295538,901.513837638376,68.5027675276753
118,14,14272,132.714826233184,0,0,678.939041479821,861.195277466368,58.864139573991
118,15,17678,126.170381264849,0,0,642.219651544292,1052.50192329449,76.8702907568729
118,16,12383,127.094726641363,0,0,516.464750060567,882.400791407575,62.1294516676088
118,17,8034,126.105053522529,0,0,844.528503858601,989.726786158825,55.3055763007219
118,18,12783,144.572791989361,0,0,606.137135257764,925.299851365094,37.6220761949464
118,19,10020,122.150998003992,0,0,553.809381237525,1322.40399201597,56.7748502994012
118,20,7343,139.621952880294,0,0,673.230287348495,881.122974261201,49.8661310091243
118,21,10974,128.847913249499,0,0,760.331419719337,925.014033169309,41.4475123018043
118,22,8946,125.02850435949,0,0,467.201542588867,910.805387882853,44.820813771518
118,23,15002,131.287428342888,0,0,734.256165844554,901.73330222637,54.9110785228636
118,24,13610,135.685378398237,0,0,607.801396032329,902.822777369581,48.8159441587068
118,25,9524,122.862032759345,0,0,653.251259974801,1327.16715665687,49.0653086938261
118,26,5610,154.498395721925,0,0,587.468270944742,1307.05632798574,41.1538324420677
118,27,10758,127.569064881948,0,0,867.304238706079,1103.71686187024,56.2809072318275
118,28,9147,130.453482015962,0,0,661.85153602274,1055.49426041325,28.3459057614518
118,29,7783,124.35770268534,0,0,724.397533084929,1295.10754207889,61.4115379673648
118,30,10044,128.139784946237,0,0,400.559637594584,1058.00517722023,42.0809438470729
118,31,8905,124.89241998877,0,0,799.53587871982,933.813026389669,55.8440202133633
118,32,7178,136.803148509334,0,0,509.970325996099,881.326414042909,49.1727500696573
118,33,11779,127.078274896001,0,0,647.855675354444,975.066813821207,31.3428983784702
118,34,7346,125.7512932208,0,0,370.38565205554,1069.26694799891,53.4092022869589
118,35,9303,124.013544018059,0,0,749.506825755133,900.863054928518,61.8883155971192
118,36,7870,133.021092757306,0,0,612.644345616264,899.599491740788,42.1909783989835
118,37,7691,128.112729163958,0,0,699.801066181251,1218.49967494474,33.0013002210376
118,38,11734,123.420998806886,0,0,662.011505028123,874.253366286006,65.408300664735
118,39,9914,123.742687109139,0,0,601.908412346177,1171.77910026226,29.3357877748638
118,40,8500,122.908117647059,0,0,709.791529411765,909.054470588235,68.4737647058824
118,41,9284,122.565704437742,0,0,768.365682895304,1286.47328737613,49.3196897888841
118,42,9790,124.980898876404,0,0,439.551072522983,915.129315628192,57.4747701736466
118,43,8000,124.954875,0,0,543.325,1304.287,46.634375
118,44,10112,122.435719936709,0,0,394.192840189873,1182.85393591772,56.1434928797468
118,45,10655,131.077240732051,0,0,546.517972782731,1024.91008916002,29.9297043641483
118,46,14025,124.276648841355,0,0,434.670231729055,988.517789661319,66.4719429590018
118,47,8869,122.008794678092,0,0,443.258540985455,1259.26451685647,50.1348517307475
118,48,11308,128.849840820658,0,0,793.035903784931,998.299876193845,38.228068623983
118,49,8137,123.957723976896,0,0,622.147966080865,1264.88767358978,69.1882757773135
118,50,7645,131.669849574886,0,0,587.720732504905,852.225114453891,43.8156965336821
118,100,10610,126.173138548539,0,0,760.247502356268,1063.48557964185,32.1949104618285
118,101,10891,121.916720227711,0,0,660.435589018456,1275.3735194197,37.4809475713892
118,102,8693,123.990797193144,0,0,437.378350396871,1170.74968365351,38.8980789140688
118,103,9999,122.323532353235,0,0,537.375137513751,1265.38793879388,38.0715071507151
118,104,9319,128.194656078978,0,0,841.744715098186,1145.19422684837,42.4727975104625
118,105,7012,123.436394751854,0,0,820.039646320593,1219.36922418711,60.4165715915573
118,106,8051,126.767854924854,0,0,819.17103465408,1090.26543286548,67.1414731089306
118,107,11847,122.951717734448,0,0,464.787878787879,1153.83109648012,69.1499957795222
118,108,8022,125.682124158564,0,0,769.858015457492,1030.96098229868,71.9869109947644
118,109,5811,123.283772156255,0,0,740.726036826708,1165.58836689038,73.4295302013423
118,200,14371,135.909400876766,0,0,616.870433511934,881.015169438452,62.2956648806624
119,1,11026,141.151822963903,0,0,741.656629784147,907.924814075821,43.6564483947034
119,2,11454,125.896280775275,0,0,852.443338571678,1148.59525056749,58.3001571503405
119,3,12257,145.250387533654,0,0,669.88741127519,904.37505099127,40.4589214326507
119,4,12238,131.583265239418,0,0,710.250204281745,954.719807158032,43.4834123222749
119,5,10797,132.016393442623,0,0,663.525608965453,961.6728720941,37.672131147541
119,6,12503,144.193313604735,0,0,725.09861633208,901.261537231064,58.2361033351996
119,7,14351,146.316911713469,0,0,611.133579541495,860.932269528256,51.06675492997
119,8,10531,124.418668692432,0,0,541.016617605166,847.700218402811,57.1318963061438
119,9,15465,133.609117361785,0,0,787.570514064015,968.449919172325,47.1221467830585
119,10,8978,125.414680329695,0,0,838.491423479617,994.327689908666,51.9912007128536
119,11,11188,148.229889166965,0,0,594.118877368609,891.363156953879,42.3686092241688
119,12,11570,135.70345721694,0,0,708.095678478825,866.501210025929,51.1113223854797
119,13,12125,130.135835051546,0,0,692.734103092783,1023.62251546392,30.9228865979381
119,14,12969,131.894826123834,0,0,739.87092297016,952.931066389082,51.9716246433804
119,15,14411,128.696967594199,0,0,612.56262577198,982.04947609465,76.5424328637846
119,16,13016,130.498847572219,0,0,779.616164720344,971.395129071911,40.8740012292563
119,17,8932,121.863524406628,0,0,631.154724585759,1334.73835647112,53.7670174652933
119,18,10853,125.236063761172,0,0,538.616327282779,862.341195982678,47.9101630885469
119,19,9824,123.062601791531,0,0,812.275956840391,957.819727198697,60.6662255700326
119,20,12844,124.401199003426,0,0,605.077779507942,1053.30831516661,28.180706944877
119,21,13123,133.006324773299,0,0,757.711346490894,931.162234245218,61.1010439686047
119,22,13677,133.642611683849,0,0,668.525188272282,908.189003436426,51.1449879359509
119,23,11401,124.812911148145,0,0,681.061134988159,1188.59582492764,30.8743092711166
119,24,8525,133.432492668622,0,0,617.817595307918,850.75284457478,57.3874486803519
119,25,8242,128.49187090512,0,0,824.21900024266,1023.42259160398,43.862169376365
119,26,13226,132.46128837139,0,0,789.82239528202,923.973310146681,54.1550733403901
119,27,11184,131.194116595136,0,0,721.523336909871,957.39636981402,35.7431151645207
119,28,8329,123.228718933846,0,0,845.956417337015,1011.12366430544,60.1142994357066
119,29,6798,124.137687555163,0,0,827.897469844072,1210.28596646072,51.9591056192998
119,30,8653,123.5740205709,0,0,734.299318155553,1299.75141569398,46.3614931237721
119,31,11604,125.030679076181,0,0,594.71035849707,884.547052740434,68.9152016546019
119,32,11836,127.854427171342,0,0,413.620733355863,942.901486988848,58.9734707671511
119,33,8151,125.200834253466,0,0,366.65034965035,1048.73892773893,53.6096184517237
119,34,10707,126.914355094798,0,0,569.425889604931,936.233492107967,34.5567385822359
119,35,10579,123.041024671519,0,0,490.572549390302,1290.75262312128,59.146138576425
119,36,9081,123.118489153177,0,0,498.645633740777,1298.19293029402,48.3062438057483
119,37,11402,125.423346781266,0,0,692.527977547799,894.430626205929,67.3691457639011
119,38,4052,181.51233958539,0,0,427.534057255676,1239.21569595262,46.034304047384
119,39,8170,133.490085679315,0,0,638.299265605875,880.132068543452,45.8816401468788
119,40,16517,124.596355270328,0,0,574.2109947327,1142.42126294121,77.072168069262
119,41,8900,134.210224719101,0,0,618.334157303371,918.165505617977,37.8158426966292
119,42,10143,123.458641427586,0,0,455.363994873312,974.400670413093,69.7147786650892
119,43,7703,127.80007789173,0,0,525.708295469298,999.073867324419,31.4415162923536
119,44,8998,125.500889086464,0,0,422.826405867971,1235.56579239831,52.7034896643699
119,45,7057,124.296159841292,0,0,396.387841859147,1169.64517500354,46.7744083888338
119,46,8031,122.929025028016,0,0,622.775370439547,1300.07570663678,65.4197484746607
119,47,9199,131.545385367975,0,0,467.753668877052,929.915969127079,40.9411892597021
119,48,7317,123.367637009703,0,0,767.586715867159,1263.73322399891,62.319803198032
119,49,11362,121.110191867629,0,0,397.516282344658,1173.73226544622,61.6198732617497
119,110,12005,125.554019158684,0,0,442.578092461474,1096.71345272803,70.7551020408163
119,111,10446,124.077541642734,0,0,781.701225349416,1136.61315336014,71.1450315910396
119,112,8416,125.280655893536,0,0,756.131535171103,957.878089353612,69.0772338403042
119,113,10111,121.093858174266,0,0,602.961527049748,1304.58431411334,40.5171595292256
119,114,9366,122.499252615845,0,0,466.529788597053,1220.06043134743,38.9877215460175
119,115,8751,124.861958633299,0,0,431.792937949949,1086.38612729974,36.8203633870415
119,116,12600,123.90619047619,0,0,800.146666666667,1199.32301587302,39.5373015873016
119,117,6785,131.940604274134,0,0,826.025644804716,1091.77833456153,40.0141488577745
119,118,6637,125.180503239415,0,0,499.620009040229,1166.56215157451,32.9844809401838
119,120,7938,141.892542202066,0,0,727.155832703452,913.889518770471,48.2122700932225
119,121,8587,130.101315942704,0,0,655.398276464423,837.21509258181,48.3275882147432
119,199,4401,135.228584412633,0,0,728.801181549648,859.972051806408,57.1756418995683
120,1,8338,140.522787239146,0,0,667.797553370113,944.10494123291,34.76757016071
120,2,13802,149.046080278221,0,0,762.532966236777,933.478408926243,45.0508621938849
120,3,12562,130.490367775832,0,0,457.555803216048,883.391816589715,53.4796210794459
120,4,12753,138.565357170862,0,0,592.350584176272,918.285815102329,37.8619148435662
120,5,13929,140.257879244741,0,0,641.929068849164,861.601766099505,48.3380716490775
120,6,11376,139.435478199719,0,0,703.34335443038,899.747450773558,41.3427390998594
120,7,11618,142.925116199002,0,0,798.707867102772,977.379411258392,44.7903253572043
120,8,11437,141.910291160269,0,0,709.865786482469,1017.73227244907,34.2844277345458
120,9,9788,128.979873314262,0,0,556.470882713527,967.079485083776,36.7896403759706
120,10,11549,142.353537102779,0,0,559.810026842151,884.43908563512,43.8203307645684
120,11,8783,130.347375611978,0,0,771.875327336901,1058.7352840715,34.8658772628942
120,12,9690,127.549329205366,0,0,818.296800825593,1017.58606811146,41.4504643962848
120,13,11511,126.941707931544,0,0,812.995743202154,925.74815393971,53.9061767005473
120,14,9371,129.855831821577,0,0,612.619891153559,888.920712837477,43.0502614448831
120,15,16663,124.244133709416,0,0,402.588789533697,1105.79613514973,66.2620176438816
120,16,18374,127.27593338413,0,0,633.666920648743,1059.3230107761,78.9801893980625
120,17,9966,121.682018864138,0,0,568.512642986153,1332.1488059402,56.4877583784869
120,18,10814,144.127242463473,0,0,764.946828185685,983.243018309599,37.919086369521
120,19,9470,127.909820485744,0,0,699.163463569166,853.244456177402,52.6661034846885
120,20,9075,127.343691460055,0,0,698.396363636364,1078.72639118457,30.5590082644628
120,21,11830,131.895350803043,0,0,670.749788672866,924.73685545224,44.60921386306
120,22,10905,123.858230169647,0,0,571.779825767996,843.779000458505,51.2484181568088
120,23,12907,135.079879135353,0,0,715.470752304951,985.801658015031,40.6889284884171
120,24,9313,125.617309137764,0,0,661.135939009986,1154.61473209492,28.8622355846666
120,25,10056,122.965393794749,0,0,639.823090692124,833.559665871122,57.4425218774861
120,26,8603,129.612925723585,0,0,621.669882599093,971.182959432756,37.1047309078229
120,27,9480,129.7305907173,0,0,538.148523206751,916.175421940928,39.4771097046414
120,28,9909,128.408113835907,0,0,851.742254516097,1004.07175295186,51.4836007669795
120,29,9311,127.101278058211,0,0,365.783052303727,1030.71979379229,55.684781441306
120,30,10150,126.386896551724,0,0,583.653793103448,980.12236453202,31.4452216748768
120,31,3246,166.028034504005,0,0,403.430067775724,1173.3662969809,63.00955021565
120,32,7344,134.182189542484,0,0,756.644607843137,894.045206971678,44.3703703703704
120,33,10580,125.309640831758,0,0,484.562759924386,914.453969754253,41.1239130434783
120,34,10323,123.507410636443,0,0,458.753656882689,1263.39998062579,60.7800058122639
120,35,11819,128.625095185718,0,0,657.993738895,1012.86496319486,30.9330738641171
120,36,6701,130.7161617669,0,0,364.806596030443,1125.19922399642,49.3526339352335
120,37,10227,124.747726606043,0,0,515.94436296079,1036.76581597732,31.1477461621199
120,38,10733,121.927606447405,0,0,462.03754774993,1289.25416938414,49.6058883816268
120,39,12172,122.109102859021,0,0,377.786970095301,1166.75928360171,56.3966480446927
120,40,8774,121.80681559152,0,0,728.820834283109,1311.34134944153,51.79028949168
120,41,10797,122.918588496805,0,0,835.202741502269,1198.64990275076,53.5446883393535
120,42,14599,128.041235701075,0,0,557.426673059799,893.921364477019,69.8751969312967
120,43,8134,121.135603639046,0,0,599.678387017458,1326.46336365872,45.1831817064175
120,44,9134,125.047405298883,0,0,660.459273045763,949.328990584629,75.0507992117364
120,45,7681,121.692618148679,0,0,670.610467387059,1300.86030464783,65.0878791823981
120,46,11306,120.334512648151,0,0,602.580665133557,1247.28834247302,33.8149655050416
120,47,10648,124.430972952667,0,0,529.397445529677,1110.7102742299,78.5147445529677
120,48,10027,124.345566969183,0,0,542.848010371996,1250.30318141019,69.8752368604767
120,122,10043,122.65348999303,0,0,759.280991735537,1133.46858508414,73.5283281887882
120,123,10145,124.637555446033,0,0,468.351798915722,973.174963035978,70.8198127156235
120,124,8499,127.605482998,0,0,461.914813507471,1176.57465584186,68.3420402400282
120,125,7829,123.64133350364,0,0,759.231191723081,890.453570060033,63.2650402350236
120,126,10844,126.75691626706,0,0,807.269642198451,997.537624492807,67.7449280708226
120,127,8584,127.910298229264,0,0,415.178355079217,965.446877912395,43.8636999068034
120,128,9552,127.185615577889,0,0,788.552868509213,1219.70079564489,41.0860552763819
120,129,6457,122.751742295184,0,0,713.57224717361,1264.5968716122,39.0117701719065
120,130,7682,129.064957042437,0,0,829.039573027857,1086.79002863838,39.7481124707108
120,131,11105,122.458532192706,0,0,431.380999549752,1044.05700135074,36.8573615488519
120,132,8822,121.088642031285,0,0,473.604284742689,1195.99943323509,35.4535252777148
120,135,7164,128.504606365159,0,0,665.414991624791,850.01814628699,43.6905360134003
120,199,7879,145.752125904303,0,0,680.203198375428,943.436095951263,38.6752125904303
121,1,10813,138.359012300009,0,0,668.225284379913,947.347174697124,38.4162582077129
121,2,12686,149.296941510326,0,0,757.714961374744,940.370960113511,43.7783383257134
121,3,11535,144.339228435197,0,0,555.968530559168,880.775899436498,44.8472475075856
121,4,12782,141.242763260836,0,0,583.663120012518,914.885855108747,38.7020028164606
121,5,12287,130.482461137788,0,0,462.616261088956,877.182062342313,55.3633108163099
121,6,13013,143.054868208714,0,0,644.426803965266,860.256896949205,48.3577192038731
121,7,13304,131.577946482261,0,0,664.372444377631,924.901533373422,43.6331930246542
121,8,2587,166.521453420951,0,0,411.439891766525,1171.24971008891,66.4356397371473
121,9,9619,127.578334546211,0,0,705.292442041792,854.883667740929,51.7876078594448
121,10,12733,135.789287677688,0,0,691.328045236786,1018.79564910076,33.6759601036676
121,11,10515,136.754255825012,0,0,697.697669995245,901.495482643842,40.5037565382787
121,12,10431,124.122231809031,0,0,576.356341673857,840.026555459687,52.0343207746141
121,13,9448,131.187552921253,0,0,608.640241320914,884.789796782388,43.3529847586791
121,14,10002,130.584683063387,0,0,540.622275544891,962.972405518896,37.6522695460908
121,15,10234,122.265194449873,0,0,564.044068790307,1333.1269298417,56.7855188587063
121,16,12594,136.920358901064,0,0,752.82332856916,988.622121645228,36.9376687311418
121,17,11293,127.42911538121,0,0,816.777561321172,933.808199769769,52.0331178606216
121,18,12529,132.557187325405,0,0,705.806927927209,988.293000239444,39.735493654721
121,19,9315,125.006333870102,0,0,632.794954374664,1155.37498658078,28.6895330112721
121,20,8884,126.20857721747,0,0,672.671544349392,1080.53174245835,29.8653759567762
121,21,11675,129.045139186296,0,0,633.938329764454,1014.92659528908,30.7528051391863
121,22,8201,127.152542372881,0,0,750.790269479332,1060.92439946348,33.5262772832581
121,23,18014,127.922615743311,0,0,661.143110913734,1061.84017986011,78.6939602531365
121,24,8729,121.704318936877,0,0,717.135067017986,1316.64027952801,50.7856570053844
121,25,9056,131.71941254417,0,0,528.522416077739,910.909010600707,40.6612190812721
121,26,15045,128.379195746095,0,0,575.528680624792,897.874576271186,71.0973745430376
121,27,8758,121.652546243435,0,0,583.450787851108,1325.97956154373,45.4217857958438
121,28,12054,127.430977268956,0,0,807.051767048283,1020.84411813506,39.8967977434876
121,29,11399,142.161593122204,0,0,790.912623914378,986.02342310729,43.3791560663216
121,30,15331,123.140434413933,0,0,556.534537864458,1113.59898245385,79.9247276759507
121,31,9839,122.83484093912,0,0,648.416404106108,833.214147779246,58.0289663583698
121,32,9859,128.136727862866,0,0,563.909524292525,973.828887311086,32.12709199716
121,33,10666,126.214232139509,0,0,476.896868554285,909.035533470842,42.7762047627977
121,34,10365,123.415533043898,0,0,461.187071876508,1261.9343945972,62.3808007718283
121,35,9507,123.039865362365,0,0,829.944356789734,1206.76838119281,51.4932155254023
121,36,10321,128.696056583664,0,0,852.234570293576,1013.05261118109,49.6484836740626
121,37,10447,122.138987269072,0,0,454.098688618742,1286.98324877955,50.5743275581507
121,38,10542,125.043729842535,0,0,366.773098083855,1025.40703851262,58.2486245494214
121,39,8983,131.12011577424,0,0,607.048424802404,967.063230546588,37.3476566848492
121,40,7791,132.567834681042,0,0,754.033243486074,898.656013348736,43.4977538185085
121,41,14388,121.674798443147,0,0,377.63830970253,1159.817764804,59.1469974979149
121,42,8057,121.67208638451,0,0,676.26746928137,1303.99168424972,64.4839270199826
121,43,6259,128.899984023007,0,0,357.815785269212,1118.40309953667,52.0579964850615
121,44,8936,123.53133393017,0,0,769.305505819158,893.368957027753,62.3730975828111
121,45,10611,124.359249835077,0,0,553.334558477052,1252.71265667703,70.568466685515
121,46,12457,120.710845307859,0,0,574.353054507506,1246.51697840572,34.2695673115517
121,47,10074,125.662894580107,0,0,492.823009728013,1027.31447290054,32.6787770498312
121,48,9687,127.335191493755,0,0,473.88097450191,1178.18003509859,70.3811293486115
121,136,6977,125.146624623764,0,0,683.350437150638,951.994696861115,74.9041135158378
121,137,10235,122.725744992672,0,0,775.76697606253,1136.45442110405,72.8489496824621
121,138,9203,126.254482234054,0,0,427.941432141693,1098.36216451157,69.1009453439096
121,139,11590,126.893701466782,0,0,822.100172562554,1002.4404659189,66.125539257981
121,140,8739,124.5404508525,0,0,484.979631536789,970.704085135599,72.8547888774459
121,141,8770,128.058608893957,0,0,408.618244013683,954.934777651083,46.1742303306727
121,142,9694,124.913967402517,0,0,771.257685166082,1225.88920982051,39.8579533732205
121,143,5893,121.810113694213,0,0,693.834888851179,1273.84761581537,39.0454776853894
121,144,12332,122.360525462212,0,0,414.744648070062,1036.90666558547,38.9567791112553
121,145,9564,121.337097448766,0,0,450.755018820577,1192.77948557089,37.5969259723965
121,146,7169,128.774585018831,0,0,666.486818245222,852.026921467429,43.5254568280095
121,147,6751,128.146941193897,0,0,811.654125314768,1092.73440971708,37.4800770256258
121,150,9189,140.072477962782,0,0,648.552181956687,945.536293394276,34.2044836217216
122,1,12528,153.200431034483,0,0,766.997126436782,925.06401660281,44.7210249042146
122,2,13612,139.89178665883,0,0,636.807669703203,903.325374669409,38.2711578019395
122,3,11819,141.942888569253,0,0,790.462644893815,974.795160335054,42.6599543108554
122,4,15768,133.794837645865,0,0,668.071854388635,894.537417554541,47.0894216133942
122,5,13217,138.850722554286,0,0,670.651055458879,973.198229552849,34.8886282817583
122,6,12033,143.81866533699,0,0,588.162386769717,866.586138120169,43.6765561372891
122,7,3153,169.260704091342,0,0,431.28290516968,1164.28893117666,68.6156041864891
122,8,12785,145.301603441533,0,0,669.501212358232,842.42651544779,53.5104419241298
122,9,11480,124.395644599303,0,0,483.680226480836,861.105139372822,50.2200348432056
122,10,10412,128.54830964272,0,0,742.490875912409,850.927967729543,55.1445447560507
122,11,17750,133.059211267606,0,0,699.541746478873,958.520394366197,41.1841126760563
122,12,11844,138.359338061466,0,0,704.689631881121,872.317375886525,43.8297028031071
122,13,12691,128.977700732803,0,0,609.415412497045,955.775589000079,33.5337640847845
122,14,15518,122.520943420544,0,0,378.372019590153,1136.59015337028,62.5386003350947
122,15,10986,142.815947569634,0,0,575.517567813581,844.403331512834,50.9841616602949
122,16,8117,142.149069853394,0,0,668.22730072687,913.060859923617,41.208081803622
122,17,11021,128.54922420833,0,0,536.944741856456,903.448870338445,43.4469648852191
122,18,12239,123.597842961026,0,0,603.845003676771,821.48255576436,58.4408856932756
122,19,12667,128.101760479987,0,0,505.429304491987,854.232178100576,63.4356201152601
122,20,9063,122.463753723932,0,0,662.638419949244,1319.98212512413,59.9654639744014
122,21,8486,130.655432477021,0,0,356.843389111478,1080.16533113363,56.895474899835
122,22,11115,126.315069725596,0,0,791.670175438597,1010.20467836257,38.2755735492578
122,23,11593,130.894332787027,0,0,600.955317864228,919.583455533512,41.3914431122229
122,24,8611,127.01451631634,0,0,635.992916037626,1028.1538729532,30.1212402740681
122,25,9534,127.532724984267,0,0,548.152716593245,909.907803650094,37.1724354940214
122,26,8771,130.511116178315,0,0,690.391859537111,827.290616805381,48.6571656595599
122,27,13742,139.917988647941,0,0,738.735409692912,955.065565419881,37.392519283947
122,28,13061,127.874741597121,0,0,638.113237883776,925.927187811041,76.3802924737769
122,29,11426,123.602835638019,0,0,580.746630491861,1098.91125503238,29.1988447400665
122,30,10385,126.920751083293,0,0,834.843909484834,941.436783822821,51.7884448724121
122,31,8349,128.781530722242,0,0,725.429512516469,1028.18169840699,32.7503892681758
122,32,11383,120.524290608803,0,0,543.175173504349,1322.51374857243,54.4602477378547
122,33,10123,124.509038822483,0,0,473.721327669663,952.080608515262,38.4029437913662
122,34,10543,129.097315754529,0,0,856.600398368586,1048.0346201271,63.5804799392962
122,35,8868,122.894113667118,0,0,683.089648173207,1303.33750563825,45.0215381145692
122,36,11926,121.519285594499,0,0,454.268405165185,1251.90860305216,62.4853261780983
122,37,8534,132.845558940708,0,0,626.675533161472,847.71361612374,48.5294117647059
122,38,16799,128.183582356093,0,0,709.678730876838,1110.98035597357,78.6887909994643
122,39,10509,129.371586259397,0,0,533.607479303454,857.824341041012,46.7933200114188
122,40,10343,123.499081504399,0,0,542.015276032099,986.858938412453,78.9269070869187
122,41,11247,123.092913665866,0,0,691.044456299458,836.347381523962,62.811149639904
122,42,6875,134.130036363636,0,0,770.394036363636,885.026036363636,45.7538909090909
122,43,10147,123.194146053021,0,0,564.784369764462,1271.05686409776,68.8894254459446
122,44,8365,126.933413030484,0,0,417.277824267782,902.976927674836,53.0426778242678
122,45,11550,124.757402597403,0,0,447.02632034632,1105.86632034632,72.9302164502164
122,46,10104,122.193388756928,0,0,609.357482185273,1157.77147664291,80.4414093428345
122,47,8726,122.409122163649,0,0,425.487279394912,1246.987508595,50.5781572312629
122,48,9810,128.904892966361,0,0,853.105606523955,1022.7627930683,46.879001019368
122,49,11654,124.701218465763,0,0,389.323408271838,1002.48035009439,65.2357988673417
122,50,8746,127.344042991082,0,0,784.733478161445,1071.71266864853,35.570432197576
122,51,9153,124.679012345679,0,0,814.793291816891,924.362831858407,63.5922648312029
122,150,9387,124.612123149036,0,0,742.369020986471,1000.55726004048,76.769255353148
122,151,8215,125.734144856969,0,0,493.451856360316,1191.47717589775,71.7806451612903
122,152,8738,122.383382925154,0,0,791.900091554131,1189.02151522087,68.584344243534
122,153,14966,122.936121876253,0,0,811.849726045704,1210.03320860617,45.8261392489643
122,154,13067,123.259738271983,0,0,400.087778373001,970.222315757251,45.7479145940155
122,155,9038,120.720292100022,0,0,536.035184775393,1288.74994467803,42.7438592608984
122,156,11089,121.436739110831,0,0,412.618721255298,1135.29344395347,39.7263053476418
122,157,8692,124.725149562816,0,0,729.399217671422,1198.80809940175,35.5131155085136
122,158,4874,122.067501025851,0,0,640.636233073451,1238.05129257284,35.5045137464095
122,159,8930,121.532250839866,0,0,518.743225083987,1189.5522956327,33.5139977603583
123,1,10444,127.366238988893,0,0,508.689582535427,889.542129452317,41.8482382229031
123,2,14055,131.916897901103,0,0,706.826680896478,841.724581999288,56.7673425827108
123,3,13100,125.212290076336,0,0,478.953664122137,857.997099236641,56.5731297709924
123,4,13496,136.73273562537,0,0,804.96887966805,930.723473621814,54.2268079430943
123,5,14520,134.350688705234,0,0,661.818526170799,842.278856749311,48.6867768595041
123,6,18125,128.190565517241,0,0,569.141682758621,1024.08430344828,81.0001655172414
123,7,14614,137.029629122759,0,0,598.115026686739,832.896537566717,53.7639250034214
123,8,14146,136.000565530892,0,0,708.846175597342,895.041566520571,43.9593524671285
123,9,13212,127.692400847714,0,0,651.273236451711,872.535119588253,41.6671207992734
123,10,10760,126.717007434944,0,0,578.879460966543,846.589126394052,45.2702602230483
123,11,13773,138.215058447688,0,0,645.272997894431,857.432803310826,65.2938357656284
123,12,9946,128.996279911522,0,0,551.130002010859,863.749849185602,51.0373014277096
123,13,13229,142.30387784413,0,0,773.6365560511,894.082697104845,57.1467231083226
123,14,12389,139.892565985955,0,0,562.289288885302,843.648882072806,60.7106303979336
123,15,10374,127.250240987083,0,0,860.522074416811,995.235974551764,57.2321187584345
123,16,12266,128.822436001957,0,0,620.336784607859,837.297162889288,60.1787868905919
123,17,11265,124.69631602308,0,0,599.548335552597,1080.77478917,28.9019973368842
123,18,8786,129.218074208969,0,0,772.869565217391,934.360573639882,41.425791031186
123,19,10172,125.22856861974,0,0,714.786964215494,872.02615021628,68.4562524577271
123,20,10819,122.406599500878,0,0,552.731398465662,1319.71836583788,58.2464183381089
123,21,11338,125.479096842477,0,0,826.382783559711,945.738401834539,48.3982183806668
123,22,12684,137.010012614317,0,0,768.87976978871,887.190633869442,48.5938978240303
123,23,9976,135.899258219727,0,0,688.9716319166,867.188352044908,52.5245589414595
123,24,14128,121.834937712344,0,0,410.901684597961,1187.73980747452,64.0590317100793
123,25,12439,123.718626899268,0,0,567.655679717019,859.453332261436,68.4838009486293
123,26,13466,126.498366255755,0,0,676.482622902124,1098.77550868855,80.9604188326155
123,27,11004,125.627317339149,0,0,708.12804434751,1131.38440567067,31.0834242093784
123,28,8606,121.057750406693,0,0,686.123867069486,1314.917034627,49.5493841505926
123,29,9420,121.997027600849,0,0,598.023673036093,1204.82016985138,32.6225053078556
123,30,10962,126.286535303777,0,0,364.798850574713,1058.37903667214,60.6297208538588
123,31,9819,124.241979835014,0,0,463.269986760363,1261.10275995519,60.6164578877686
123,32,8705,127.086042504308,0,0,692.419873635841,921.768408960368,36.676622630672
123,33,12441,131.316132143718,0,0,661.876537255848,875.499075637007,57.7447150550599
123,34,8846,124.826475243048,0,0,653.124123897807,978.69172507348,31.2259778430929
123,35,8835,127.415732880589,0,0,413.355857385399,905.640973401245,54.9552914544426
123,36,13350,132.49543071161,0,0,718.654831460674,909.974456928839,51.0347565543071
123,37,9229,123.220825658251,0,0,380.98472207173,1173.89771372846,53.1000108354101
123,38,5467,171.747759282971,0,0,408.279312237059,1226.06164258277,58.1510883482714
123,39,10605,127.138236680811,0,0,657.149929278642,1204.17831211693,76.9132484677039
123,40,9758,122.443328550933,0,0,458.525107604017,1270.32547653208,50.6865136298422
123,41,9596,128.433201333889,0,0,621.281679866611,875.951229679033,49.5532513547311
123,42,8533,126.561818821048,0,0,674.438181178952,820.094574006797,62.3756006093988
123,43,9486,124.662449926207,0,0,823.163820366856,942.101623445077,63.8907864220957
123,44,5935,131.708171861837,0,0,363.735804549284,1086.61381634372,49.2190395956192
123,45,9530,128.026757607555,0,0,827.753725078699,987.470514165792,43.4668415529906
123,46,10733,125.920432311562,0,0,473.392527718252,1058.11897885027,33.6740892574304
123,47,10706,123.017466841024,0,0,641.99476928825,892.41948440127,74.5552960956473
123,48,8110,122.207768187423,0,0,573.720838471023,1290.36868064118,41.4672009864365
123,49,11917,124.46664428967,0,0,477.352773348997,1091.76999244776,77.865234538894
123,161,6961,123.153282574343,0,0,565.213906047982,1271.13216491883,72.5562419192645
123,162,14531,127.519303557911,0,0,820.212580001376,1088.95368522469,71.4947353932971
123,163,9509,121.841308234304,0,0,772.500368072353,1229.85750341781,67.3941529077716
123,164,10849,123.01281224076,0,0,773.445294497189,982.685224444649,74.7137063323809
123,165,14228,129.896612313748,0,0,463.719075063256,909.549620466685,68.7346078155749
123,166,13596,125.595395704619,0,0,843.919755810532,1156.67799352751,46.3930567814063
123,167,12184,124.727101116218,0,0,420.541201575837,936.913000656599,45.2293171372292
123,168,8716,123.895823772373,0,0,734.602569986232,1237.05954566315,38.4191142726021
123,169,10488,121.101163234172,0,0,469.062929061785,1210.45537757437,38.6122234935164
123,170,11602,130.759868988105,0,0,788.613083951043,1103.22565074987,35.959317359076
123,171,8565,127.859194395797,0,0,768.645300642148,858.189959136019,59.4851138353765
123,200,8869,130.236554290224,0,0,536.12447852069,835.652948472207,54.9437366106664
124,1,12138,136.848657109903,0,0,567.191052891745,938.692041522491,35.5762893392651
124,2,10979,127.081428181073,0,0,589.365424902086,829.454139721286,50.6748337735677
124,3,11886,148.32870604072,0,0,422.734898199563,953.048628638735,50.7165572942958
124,4,14248,134.241718135879,0,0,567.160794497473,1003.94722066255,33.4452554744526
124,5,11307,149.142301229327,0,0,550.64322985761,894.832316264261,42.8213496064385
124,6,11917,132.135772425946,0,0,482.582025677603,967.755139716372,44.6234790635227
124,7,9442,131.5177928405,0,0,486.878203770388,1021.4764880322,35.4350773141284
124,8,11933,135.491829380709,0,0,435.931366797955,1036.93136679796,40.980474314925
124,9,11102,127.696721311475,0,0,676.862547288777,847.019726175464,46.4067735543145
124,10,9652,130.064028180688,0,0,424.164007459594,995.28377538334,45.6238085370908
124,11,10581,141.10121916643,0,0,395.655042056516,1038.763821945,48.29420659673
124,12,11835,138.385466835657,0,0,605.15082382763,891.324461343473,41.0278833967047
124,13,8325,127.458618618619,0,0,641.425345345345,975.49993993994,32.0964564564565
124,14,9836,135.978853192355,0,0,503.151484343229,975.930561203741,39.3517690117934
124,15,12401,127.026288202564,0,0,682.88791226514,850.633900491896,64.7999354890735
124,16,12793,128.508403032909,0,0,674.133276010318,1003.14515750801,79.8815758617994
124,17,8144,125.045677799607,0,0,613.720530451866,1056.43271119843,29.0849705304519
124,18,8818,128.470514855976,0,0,711.985937854389,1097.64107507371,85.0064640508052
124,19,9954,124.985935302391,0,0,649.920936307012,904.969258589512,37.2387984729757
124,20,9223,124.951100509596,0,0,379.177491054971,1003.85221728288,55.6574867179876
124,21,12026,126.103858307002,0,0,534.925411608182,1060.2998503243,31.2546150008315
124,22,4867,173.507088555578,0,0,633.566057119375,1290.97370043148,70.2385453051161
124,23,10062,122.418306499702,0,0,728.915026833631,1332.73196183661,51.5659908566885
124,24,9925,128.308614609572,0,0,461.744886649874,882.514962216625,52.8134005037783
124,25,9247,133.932194225154,0,0,478.542878771493,929.976316643236,41.8230777549475
124,26,7444,128.56837721655,0,0,681.0959161741,1244.64024717894,73.232939279957
124,27,9989,123.692561818,0,0,569.398938832716,839.782560816899,63.3054359795775
124,28,13767,130.512820512821,0,0,369.9721072129,1107.80387884071,60.8423040604344
124,29,9879,125.190808786314,0,0,442.372507338799,1095.81890879644,41.4044943820225
124,30,11033,126.239282153539,0,0,658.790174929756,1143.75772681954,28.5115562403698
124,31,8078,124.72109433028,0,0,725.259470165883,1298.28162911612,65.8281752909136
124,32,7634,123.003929787791,0,0,536.941315168981,1335.68653392717,57.206444851978
124,33,8322,129.909276616198,0,0,511.135304013458,878.145157414083,44.2184571016583
124,34,11591,123.032870330429,0,0,585.306185833837,931.189371063756,76.5809679924079
124,35,9099,126.866249038356,0,0,701.333553137707,937.850093416859,35.3726783162985
124,36,8828,124.152356139556,0,0,631.915156320797,1307.75487086543,40.3466243769823
124,37,12177,121.308860967398,0,0,379.178040568284,1129.92149133613,47.9356163258602
124,38,9058,124.999558401413,0,0,721.038419077059,1225.33550452639,34.4067122985206
124,39,10886,127.209535182804,0,0,880.008726805071,1107.24187029212,48.0771633290465
124,40,11939,123.775860624843,0,0,492.071195242483,1112.4567384203,78.240304883156
124,41,8933,122.593417664838,0,0,460.016455837904,1100.97705138251,34.8091346692041
124,42,9682,125.042140053708,0,0,827.211939681884,949.453625284032,46.5099153067548
124,43,7717,125.128806531035,0,0,875.837760787871,1131.74355319425,61.6759103278476
124,44,9440,123.32563559322,0,0,580.606673728814,1249.17394067797,73.6383474576271
124,45,6410,126.75616224649,0,0,398.654602184087,1219.49641185647,51.7285491419657
124,46,9232,123.529571057192,0,0,416.184683708839,927.533037261698,59.612759965338
124,47,6765,127.943680709534,0,0,438.819068736142,919.631337767923,46.2294161123429
124,48,9680,126.13770661157,0,0,401.124483471074,1088.53161157025,43.7549586776859
124,172,15411,125.292972552073,0,0,475.761079748232,1000.544416326,74.7954707676335
124,173,11587,124.980322775524,0,0,783.154483472857,945.193320100112,70.0983861223785
124,174,11139,125.265284136817,0,0,781.921357392944,1195.12505610917,72.553999461352
124,175,10091,122.044395996432,0,0,603.207709840452,1329.83807353087,63.7173719155683
124,176,9667,121.858073859522,0,0,474.368056273922,1269.98479362781,64.2263370228613
124,177,8512,123.537828947368,0,0,835.008458646617,1244.95230263158,56.5266682330827
124,178,11531,121.802445581476,0,0,464.932182811551,1271.89003555633,45.7414794900702
124,179,9271,122.272786107216,0,0,810.194693129112,1248.25455722144,44.0769064825801
124,180,11094,126.380205516495,0,0,807.916441319632,1029.79421308816,37.1190733729944
124,181,9111,127.538030951597,0,0,808.663483701021,1139.96334101635,35.8501810997695
124,182,9940,122.407645875252,0,0,474.016498993964,1187.96207243461,36.0791750503018
124,201,11494,133.825822168088,0,0,561.024795545502,965.006873151209,39.4879937358622
124,202,8072,127.18632309217,0,0,493.161917740337,1048.52093657086,38.9148909811695
125,1,11684,127.861263266005,0,0,452.51523450873,898.46062992126,52.6028757274906
125,2,12239,121.728981125909,0,0,587.887163983986,1351.88487621538,56.2671786910695
125,3,11541,128.01074430292,0,0,530.674031713023,853.357767957716,52.6968200329261
125,4,16440,128.526703163017,0,0,881.847384428224,1124.07658150852,58.6425790754258
125,5,12888,124.575263811297,0,0,502.79352886406,887.759000620732,67.0315797641217
125,6,11555,135.933708351363,0,0,617.847338814366,844.178537429684,51.7809606231069
125,7,11830,127.698985629755,0,0,579.931952662722,865.518343195266,45.6629754860524
125,8,15155,133.480435499835,0,0,774.797228637413,920.670075882547,47.3091388980534
125,9,13813,131.216173170202,0,0,714.896039962354,856.959820458988,56.9053065952364
125,10,14168,136.369494635799,0,0,698.517927724449,886.392433653303,67.0717108977979
125,11,11537,130.037098032417,0,0,598.654849614284,886.701308832452,53.6480020802635
125,12,16073,127.985068126672,0,0,553.958190754682,966.23710570522,78.425247309152
125,13,11953,129.915251401322,0,0,546.91223960512,864.16104743579,63.2349201037396
125,14,12918,139.870490788048,0,0,605.191670537235,878.531196779687,67.1134850596067
125,15,16666,137.932917316693,0,0,768.965078603144,902.210488419537,52.8982959318373
125,16,14818,125.730395464975,0,0,683.278310163315,1070.61391550817,29.8685382642732
125,17,11074,135.970922882427,0,0,668.17500451508,870.860303413401,53.2731623622901
125,18,14287,132.784769370757,0,0,719.124448799608,878.54693077623,46.7123958843704
125,19,7889,125.588160730131,0,0,604.04411205476,899.910254785144,38.7871720116618
125,20,8296,126.015670202507,0,0,692.724566055931,913.727941176471,38.7418032786885
125,21,14052,132.192997438087,0,0,647.460076857387,882.637845146598,45.0839738115571
125,22,9874,129.206603200324,0,0,651.945817297954,861.837958274256,62.8704678954831
125,23,12468,131.218719923003,0,0,670.539059993584,894.565527751043,59.2507218479307
125,24,11528,130.651283830673,0,0,689.329545454545,911.346374045802,49.6575294934074
125,25,7554,126.762377548319,0,0,709.349086576648,845.029785544083,63.4654487688642
125,26,15845,131.191038182392,0,0,706.30255601136,1093.65945093089,80.4307983591038
125,27,13146,138.54084892743,0,0,597.672371824129,851.057279780922,58.9379278868097
125,28,11605,125.909090909091,0,0,850.648341232227,958.40215424386,55.2598879793193
125,29,11994,123.213773553443,0,0,522.003251625813,1309.38019009505,63.6504085376021
125,30,10005,125.548425787106,0,0,575.009895052474,1094.56771614193,29.3945027486257
125,31,6362,161.090223200252,0,0,458.898616787174,1272.2871738447,64.5763910719899
125,32,11129,124.375775002246,0,0,365.659538143589,1120.96055350885,61.8302632761254
125,33,16489,120.28570562193,0,0,637.689793195464,1216.47170841167,32.1842440414822
125,34,9424,122.453098471986,0,0,458.223790322581,1299.67221986418,55.1092954159593
125,35,11692,123.245980157373,0,0,642.570133424564,904.430807389668,73.5857851522408
125,36,9803,125.157196776497,0,0,774.259104355809,901.995001530144,66.1590329490972
125,37,7790,124.101026957638,0,0,390.585879332478,960.240693196406,57.5898587933248
125,38,12074,121.314394566838,0,0,404.460576445254,1219.29509690244,61.931754182541
125,39,10976,129.001548833819,0,0,847.630102040816,996.377733236152,46.0428206997085
125,40,9807,122.974304068522,0,0,827.804935250331,1251.9750178444,55.1851738554094
125,41,9191,124.573060602764,0,0,771.102491567838,933.812751604831,41.3514307474704
125,42,12374,124.629626636496,0,0,610.360837239373,1155.31137869727,81.9536124131243
125,43,7239,122.254178753972,0,0,690.007459593867,1352.22613620666,70.8573007321453
125,44,7496,124.839381003202,0,0,862.650747065101,1032.4386339381,65.58537886873
125,183,10352,126.901854714065,0,0,436.923686244204,1117.67648763524,73.1644126738794
125,184,9796,123.342180481829,0,0,495.701817068191,1233.65832993058,71.3900571661903
125,185,10909,123.1664680539,0,0,768.449353744615,1261.43349527913,69.4851040425337
125,186,12357,125.569717568989,0,0,432.632435057053,949.413530792263,67.9926357530145
125,187,9670,124.13588417787,0,0,804.378490175801,1147.76380558428,74.7841778697001
125,188,5803,126.797173875582,0,0,781.135791831811,875.798380148199,56.5326555230053
125,189,8141,123.027146542194,0,0,516.930966711706,1289.24186217909,40.9541825328584
125,190,8933,122.487406246502,0,0,410.060561961267,1216.24728534647,45.4154259487294
125,191,10277,123.594044954753,0,0,386.189160260776,1054.98569621485,44.4161720346405
125,192,12791,120.04299898366,0,0,662.229380032836,1321.35204440622,42.8472363380502
125,193,12158,122.547951965784,0,0,485.321023194604,1176.22627076822,33.5810166145748
125,194,8919,124.756250700751,0,0,528.566879695033,947.219082856823,35.6594909743245
125,195,11519,123.661255317302,0,0,473.554388401771,1055.94391874295,34.013629655352
125,196,8609,125.344871645952,0,0,747.957834824021,965.210593564874,36.1464746195842
125,197,13759,124.149429464351,0,0,783.306708336362,1132.87717130605,34.5645759139472
125,198,8577,121.773114142474,0,0,742.510901247522,940.877113209747,74.1062142940422
125,199,6577,131.017637220617,0,0,545.6028584461,883.029800821043,58.5928234757488
126,1,15581,127.146524613311,0,0,635.325203773827,836.900263141005,52.8803671137924
126,2,11627,142.1735615378,0,0,461.116023049798,994.499354949686,40.3377483443709
126,3,7939,127.129991182769,0,0,380.502834110089,1189.05491875551,53.2092203048243
126,4,16145,128.086776091669,0,0,488.896624341902,1130.58872716011,35.4843604831217
126,5,10038,149.015242080096,0,0,384.602809324567,1027.00159394302,53.1451484359434
126,6,13512,130.580224985198,0,0,480.978463587922,1062.87440793369,34.2841918294849
126,7,11904,130.333585349462,0,0,405.813928091398,1044.02822580645,42.8925571236559
126,8,10998,122.048827059465,0,0,656.082651391162,1364.61165666485,48.8887979632661
126,9,12114,126.695889053987,0,0,445.487287436024,1156.23897969292,43.7970942710913
126,11,9870,124.833839918946,0,0,519.116818642351,852.756332320162,55.8261398176292
126,12,14972,130.102324338766,0,0,390.977958856532,1143.66751269036,47.3290809511087
126,13,11477,135.408033458221,0,0,499.164067264965,1004.0506229851,35.992593883419
126,14,10545,126.03537221432,0,0,418.348221906117,1144.98691322902,40.0708392603129
126,15,10648,124.427779864763,0,0,765.244365138993,880.606404958678,57.0378474830954
126,16,11281,142.176934668912,0,0,374.722542327808,1121.34004077653,55.2442159383033
126,17,13802,132.146572960441,0,0,480.901608462542,1067.5938269816,39.9416751195479
126,18,10115,121.508947108255,0,0,516.758477508651,1349.4908551656,57.7065743944637
126,19,9141,128.965211683623,0,0,402.03588228859,957.2387047369,52.0436494913029
126,20,10074,125.347131228906,0,0,793.2561048243,961.861326186222,79.3124875918205
126,21,11072,124.033598265896,0,0,371.17675216763,1060.2348265896,61.2350072254335
126,22,9172,124.080789358918,0,0,546.304404709987,1103.16648495421,29.9723070213694
126,23,9442,123.741368354162,0,0,885.139059521288,1054.29845371743,53.0886464732048
126,24,8714,124.894078494377,0,0,538.849896717925,1184.55737893046,31.1476933669956
126,25,12472,122.948444515715,0,0,478.255853110969,1200.7811898653,36.9440346375882
126,26,12155,132.120115178939,0,0,427.715096668038,1069.28918140683,47.572521596051
126,27,8292,131.024843222383,0,0,431.607935359383,1090.42667631452,41.0701881331404
126,28,11958,124.417377487874,0,0,592.194346880749,875.16691754474,69.2048837598261
126,29,12937,121.898971940945,0,0,876.5343588158,1198.42498260802,53.834505681379
126,30,8174,124.312821140201,0,0,598.324810374358,1036.59505749939,29.2915341326156
126,31,12586,125.569601144128,0,0,515.078261560464,955.639440648339,74.9859367551247
126,32,7506,123.435385025313,0,0,607.700639488409,1261.71422861711,33.6829203304023
126,33,9310,127.727712137487,0,0,413.849087003222,1185.57271750806,50.0979591836735
126,34,11142,123.717734697541,0,0,571.734607790343,1054.55815831987,81.4395979177885
126,35,16967,124.302410561679,0,0,404.777391406849,1146.61843578712,70.1969705899688
126,36,12023,125.477002412044,0,0,685.785328121101,1171.67063129003,80.0301921317475
126,37,9849,121.665651335161,0,0,786.455071580871,1317.58005888923,56.9798964361864
126,38,8379,127.556987707364,0,0,574.490989378207,919.145602100489,36.3657954409834
126,39,14862,125.735230789934,0,0,733.901157313955,1094.92941730588,30.8880366034181
126,40,10335,123.571552975327,0,0,569.029898403483,1247.41954523464,76.3005321722303
126,41,8011,127.224940706529,0,0,498.946698289851,902.47135189115,42.4943203095743
126,42,6880,125.383720930233,0,0,624.201162790698,1332.83546511628,67.9244186046512
126,43,10381,122.767845101628,0,0,397.631442057605,962.735189288123,60.8107118774684
126,44,12120,121.461138613861,0,0,429.727145214521,1231.85767326733,44.5579207920792
126,45,9354,122.080500320718,0,0,706.985353859312,1300.93104554201,39.1277528330126
126,100,8574,122.902029391183,0,0,706.834966176814,1280.89351527875,72.2728014928855
126,101,10172,126.02693668895,0,0,783.963822257177,1153.84014942981,74.941997640582
126,102,11267,131.239726635307,0,0,849.449010384308,1097.57610721576,68.6178219579302
126,103,7142,122.482077849342,0,0,817.410669280314,1227.2013441613,67.7370484458135
126,104,15990,125.950969355847,0,0,711.069606003752,903.418761726079,70.8110068792996
126,105,9523,121.230599600966,0,0,450.474535335504,1286.64717000945,64.5380657355875
126,106,10790,121.755885078777,0,0,473.590732159407,1302.47729379055,48.3909175162187
126,107,8311,123.41956443268,0,0,818.442906990735,1261.29779809891,43.8228853326916
126,108,12713,126.507590655235,0,0,855.202863210886,1115.83434279871,40.6380083379218
126,109,10409,126.175905466423,0,0,757.320107599193,982.580267076568,35.4164665193582
126,110,7859,123.344191372948,0,0,772.975696653518,1197.11668151164,34.2874411502736
126,111,11551,123.549303090642,0,0,545.81257034023,1005.38472859493,31.8552506276513
126,112,7774,127.906225881142,0,0,429.276820169797,972.382428608181,42.9980704913815
126,114,8054,127.736528433077,0,0,371.985473056866,1029.85410975913,48.4078718649118
126,115,8784,128.926912568306,0,0,384.222905282332,1081.76240892532,49.8424408014572
126,117,7044,122.93242475866,0,0,382.840147643384,1212.16652470187,57.7203293583191
126,118,6055,161.255326176713,0,0,741.860445912469,1213.72617671346,76.9479768786127
127,1,13403,123.658882339775,0,0,876.938222785943,1164.66679101694,58.2447213310453
127,2,15354,132.899830663019,0,0,543.407255438322,857.949329165038,52.9533672007295
127,3,13327,144.523973887597,0,0,411.769490507991,968.634351316875,49.1394162227058
127,4,13886,132.038167938931,0,0,539.241538239954,888.431657784819,46.1321474866772
127,5,11360,127.316549295775,0,0,514.248855633803,918.327992957746,40.2388204225352
127,6,11676,132.162983898595,0,0,454.31080849606,961.100291195615,56.4809009934909
127,7,9400,144.038085106383,0,0,374.266276595745,1033.71542553191,54.0541489361702
127,8,13198,126.262539778754,0,0,672.143203515684,1014.71480527353,79.9067282921655
127,9,13215,135.833825198638,0,0,449.665531592887,901.236398032539,57.1323496027242
127,10,13613,130.526775876001,0,0,527.128039374128,911.6473224124,53.5667376772203
127,11,17177,122.774524072888,0,0,631.830703848169,1135.60377248646,27.1630668917739
127,12,13823,140.681979309846,0,0,511.958113289445,885.936410330608,61.6756131085871
127,13,11267,122.529865980296,0,0,701.996094790095,1350.68918079347,54.8757433212035
127,14,10156,126.627313903111,0,0,447.188460023631,981.00088617566,39.3831232768807
127,15,8476,125.070316186881,0,0,594.389806512506,889.865502595564,40.0430627654554
127,16,10183,123.369144652853,0,0,672.351762741825,845.166061082196,53.8355101639988
127,17,9819,150.079641511356,0,0,397.304002444241,990.865668601691,61.7945819329871
127,18,10392,129.490473441109,0,0,473.739703618168,956.56389530408,47.1068129330254
127,19,10340,122.537717601547,0,0,592.557930367505,1367.61566731141,54.5099613152805
127,20,4752,155.470328282828,0,0,650.808501683502,1367.82386363636,49.8305976430976
127,21,8516,124.504462188821,0,0,614.005519023015,851.023720056364,47.955847815876
127,22,8584,130.169268406337,0,0,422.752446411929,1013.65400745573,46.1756756756757
127,23,13329,132.184334908845,0,0,564.195288468752,861.73141270913,58.9002925950934
127,24,8638,122.564829821718,0,0,365.699930539477,1089.74276452883,45.9663116462144
127,25,12274,123.089538862636,0,0,547.574710770735,1010.28784422356,79.9128238553039
127,26,10283,130.515997277059,0,0,398.914713604979,938.999222016921,59.9151998444034
127,27,9700,123.718556701031,0,0,794.772680412371,1295.41278350515,58.159175257732
127,28,11334,124.123345685548,0,0,646.826627845421,867.156079054173,67.2443091582848
127,29,10466,122.466462832028,0,0,358.145423275368,1075.5199694248,60.73533346073
127,30,13390,123.752277819268,0,0,553.960642270351,896.744884241972,71.139357729649
127,31,8068,125.17414476946,0,0,645.936291522062,944.229548834903,33.2042637580565
127,32,11717,137.91166680891,0,0,472.817871468806,913.396773918238,51.7002645728429
127,33,11240,127.9628113879,0,0,429.32090747331,963.06628113879,68.0051601423488
127,34,15357,124.445008790779,0,0,570.466692713421,1154.90675262095,81.4963208960083
127,35,8885,122.687900956669,0,0,744.720652785594,1325.37197523917,46.3285312324142
127,36,10650,125.365915492958,0,0,362.773521126761,1195.34187793427,55.5882629107981
127,37,9186,122.923470498585,0,0,620.639886784237,840.278467232745,58.1771173524929
127,38,6957,122.283311772316,0,0,625.430789133247,1343.06669541469,42.4516314503378
127,39,10987,124.448803130973,0,0,814.097387821971,932.253299353782,59.3178301629198
127,40,9541,130.617126087412,0,0,380.922859239073,1032.19044125354,46.7555811759774
127,41,11570,120.97856525497,0,0,729.804840103717,1334.67044079516,75.9528954191876
127,42,10346,126.489657838778,0,0,791.832978929055,912.703750241639,48.2868741542625
127,43,10712,125.459017923824,0,0,873.139002987304,1043.21377893951,48.1296676624347
127,44,13414,121.416654241837,0,0,740.859698822126,1237.44602653944,34.5919188907112
127,45,11869,124.540652118965,0,0,717.33119892156,1040.15620524054,30.1730558598028
127,46,10199,122.917050691244,0,0,480.888616531032,1173.60260809883,32.0496127071281
127,47,10126,124.418625320956,0,0,676.588188820857,1215.82984396603,77.505036539601
127,48,7117,133.134185752424,0,0,402.884782914149,971.748208514824,55.483771251932
127,49,10093,124.172099474884,0,0,847.116516397503,1201.44238581195,44.0994748835827
127,50,13912,121.563254744106,0,0,397.746262219666,1054.74489649224,69.784358826912
127,119,10488,125.189454614798,0,0,776.586098398169,1110.35612128146,76.1868802440885
127,120,12007,125.935204464063,0,0,474.753227284084,1204.76505371866,74.2103772799201
127,121,6938,122.20870567887,0,0,493.518304987028,1304.54453733064,66.3952147592966
127,122,7027,129.036857834069,0,0,477.11711968123,892.715098904227,64.5837483990323
127,123,7523,122.733351056759,0,0,480.622225176127,1327.01541938057,47.4591253489299
127,124,8078,122.234216390196,0,0,405.763802921515,1203.60930923496,40.6502847239416
127,125,6912,128.180555555556,0,0,802.179542824074,985.845486111111,38.8569155092593
127,126,8871,130.77544808928,0,0,814.727200991996,1113.82335700597,35.3833840604216
127,127,7189,123.209208513006,0,0,550.920990402003,1296.46946724162,36.4840728891362
127,128,8729,125.260969183182,0,0,467.124527437278,1048.39649444381,33.6014434643144
127,130,7309,140.354904911753,0,0,464.154056642496,915.472020796279,46.2475030783965
128,1,14177,132.889257247655,0,0,555.522536502786,898.401001622346,43.4481907314665
128,2,11243,127.108067241839,0,0,532.039313350529,928.93035666637,38.1812683447478
128,3,10219,143.209315980037,0,0,379.189940307271,1017.61444368333,52.994030727077
128,4,16315,133.008274593932,0,0,565.291388292982,860.520441311676,50.1332516089488
128,5,13491,133.121933140612,0,0,575.237269290638,856.26454673486,55.937884515603
128,6,14491,128.581395348837,0,0,546.993513215099,906.808225795321,51.0518252708578
128,7,12390,130.333252623083,0,0,457.144309927361,952.196529459241,54.8789346246973
128,8,11266,123.936623468844,0,0,685.923220308894,1359.59257944257,58.1842712586544
128,9,12773,136.641431143819,0,0,524.478665935959,872.972598449855,59.1976826117592
128,10,12172,140.519799539928,0,0,424.466562602695,956.609349326323,46.8622247781794
128,11,12467,133.092323734659,0,0,461.281222427208,891.142456084062,55.157215047726
128,12,8478,128.837107808445,0,0,428.149563576315,1004.61630101439,46.0956593536211
128,13,11740,123.794378194208,0,0,638.487649063032,840.241737649063,55.8981260647359
128,14,12231,122.801324503311,0,0,873.961409533153,1171.56364974246,61.0931240291064
128,15,6127,161.554594418149,0,0,632.206952831728,1380.25771176759,52.7494695609597
128,16,9844,146.93691588785,0,0,402.254368143031,970.470032507111,60.5396180414466
128,17,12525,127.415249500998,0,0,673.551457085828,994.725269461078,79.7584830339321
128,18,10932,125.837632638127,0,0,661.646542261251,856.428466886206,64.8562934504208
128,19,8791,126.217153907405,0,0,617.51188715732,905.326925264475,38.0572176089182
128,20,10378,127.952881094623,0,0,391.245423010214,1028.4401618809,44.9112545769898
128,21,9038,123.545142730693,0,0,731.961495906174,1346.5819871653,49.2816994910378
128,22,10358,124.736725236532,0,0,693.206603591427,852.033693763275,51.8825062753427
128,23,8368,128.316563097514,0,0,486.523064053537,952.617829827916,45.8675908221797
128,24,14749,124.684046376025,0,0,670.68092752051,1200.17621533663,79.8433114109431
128,25,10721,124.189814382987,0,0,829.109691260144,947.806174797127,58.4357802443802
128,26,8899,125.869086414204,0,0,632.728396449039,862.651870996741,45.461400157321
128,27,10795,125.90310328856,0,0,351.974062065771,1184.06354793886,56.0027790643817
128,28,10020,124.543912175649,0,0,459.961477045908,989.185329341317,37.715369261477
128,29,14417,121.717278213221,0,0,551.453423042242,983.972185614206,79.6149684400361
128,30,10291,127.39296472646,0,0,435.282868525896,934.837333592459,66.2871441065008
128,31,14683,123.945855751549,0,0,560.555336102976,1130.03977388817,82.3947422188926
128,32,10413,122.092480553155,0,0,576.620954576011,1368.47949678287,57.5848458657447
128,33,8304,122.490125240848,0,0,613.176300578035,1359.81900289017,44.9223265895954
128,34,9229,126.494528117889,0,0,668.828692165999,972.52519232853,31.8796185935638
128,35,16840,123.044893111639,0,0,641.502137767221,1164.7520783848,27.3854513064133
128,36,10077,123.132876848268,0,0,356.116304455691,1048.93758062916,60.1906321325791
128,37,12128,125.249093007916,0,0,882.838390501319,1080.01492414248,49.3872031662269
128,38,11386,123.236869840155,0,0,567.211575619181,870.161075004391,68.5512910591955
128,39,9897,126.991815701728,0,0,487.315449125998,872.404364959079,62.295038900677
128,40,10831,133.376234881359,0,0,492.915427938325,904.895762164158,50.2609177361278
128,41,13006,121.240811932954,0,0,710.657465785022,1327.91434722436,80.1486237121329
128,42,8122,131.687761635065,0,0,414.38192563408,950.19367150948,53.8542230977592
128,43,18327,124.633437005511,0,0,449.644349866317,1168.44273476292,76.1174223822775
128,44,9238,121.6773111063,0,0,457.062134661182,1323.23944576748,49.1673522407447
128,45,11724,125.708461276015,0,0,814.991982258615,940.318065506653,47.5660184237462
128,46,9496,122.866680707666,0,0,773.816343723673,1311.22040859309,61.516849199663
128,47,9648,128.908893034826,0,0,409.036795190713,919.68635986733,58.2306177446103
128,48,11198,127.447758528309,0,0,736.517324522236,1079.6800321486,30.5049115913556
128,49,9413,126.088494635079,0,0,817.816742802507,1023.5704876235,38.6960586423032
128,131,11797,125.388319064169,0,0,774.895990506061,1111.71348647961,77.2000508603882
128,132,7366,121.52212869943,0,0,473.738935650285,1283.28007059462,68.606706489275
128,133,8571,122.171158557928,0,0,395.249912495625,1021.66503325166,68.5520942713802
128,134,7899,123.131029244208,0,0,840.77174325864,1239.0107608558,46.6171667299658
128,135,6426,122.947556800498,0,0,542.27093059446,1315.96685340803,38.0529100529101
128,136,6106,120.758106780216,0,0,400.865542089748,1211.84474287586,41.3591549295775
128,137,8282,122.155155759478,0,0,369.829630524028,1077.3977300169,45.0298237140787
128,138,8324,123.029673234022,0,0,739.488707352235,1275.60703988467,36.3632868813071
128,139,11004,127.049800072701,0,0,823.341239549255,1155.25027262814,36.2900763358779
128,140,10490,123.014013346044,0,0,475.521258341277,1056.75166825548,32.4825548141087
128,141,6944,121.380040322581,0,0,483.995823732719,1198.07690092166,32.5691244239631
128,142,8386,135.056761268781,0,0,478.253160028619,917.818387789172,43.9571905556881
129,1,11819,126.327861917252,0,0,716.244775361706,847.191725188256,55.8379727557323
129,2,12179,134.313736759997,0,0,507.279743821332,871.15863371377,48.8349618195254
129,3,11601,123.861132660978,0,0,624.545901215412,831.500129299198,60.4703042841134
129,4,13056,140.498621323529,0,0,447.533930759804,952.92271752451,43.0563725490196
129,5,9815,129.672542027509,0,0,506.002649006623,962.075191034131,41.8927152317881
129,6,14615,139.02709544988,0,0,572.123913787205,854.364078002053,52.4251111871365
129,7,10200,127.030882352941,0,0,487.025196078431,866.67137254902,61.2750980392157
129,8,10240,136.09775390625,0,0,529.20947265625,902.87861328125,44.54111328125
129,9,10977,148.259724879293,0,0,440.691081351918,911.877106677599,56.9460690534754
129,10,15014,132.697948581324,0,0,609.707140002664,879.700412947915,42.6939523111762
129,11,10312,147.419026377036,0,0,399.604538401862,976.544899146625,51.1180178432894
129,12,11682,134.324345146379,0,0,623.252525252525,857.248073959938,48.1800205444273
129,13,13229,131.446972560284,0,0,586.3827953738,931.176506160708,37.4562703152166
129,14,14531,127.88280228477,0,0,349.45117335352,1120.41125868832,59.8583029385452
129,15,9980,124.158617234469,0,0,686.82124248497,852.715130260521,46.9696392785571
129,16,10250,125.030146341463,0,0,468.254634146341,1016.44429268293,35.3189268292683
129,17,10714,126.599775994027,0,0,552.475826022027,975.190591749113,33.2966212432332
129,18,11997,129.450195882304,0,0,583.233558389597,912.477035925648,45.1091106109861
129,19,12018,131.778498918289,0,0,490.295806290564,927.35396904643,50.7858212680979
129,20,8518,126.195351021367,0,0,671.780934491665,912.737027471237,37.5267668466776
129,21,10809,122.39874178925,0,0,684.472846701823,1364.48894439819,57.4969007308724
129,22,9957,129.079039871447,0,0,402.687656924777,1018.50426835392,43.5459475745707
129,23,8376,125.437917860554,0,0,639.588347659981,969.127984718243,32.1343123209169
129,24,11002,124.486820578077,0,0,860.496000727141,989.728049445555,51.6435193601163
129,25,9171,123.548686075673,0,0,671.994766110566,1060.23705157562,28.1323737869371
129,26,11817,123.457391893035,0,0,587.634763476348,1032.09325547939,82.024456291783
129,27,7917,124.716054060882,0,0,645.903498800051,1341.02601995705,65.5070102311482
129,28,16567,126.837387577715,0,0,671.926057825798,1124.01110641637,82.2253878191586
129,29,12230,123.096320523303,0,0,862.185609157809,1203.16843826656,62.3728536385936
129,30,8928,128.390008960573,0,0,453.773297491039,876.436491935484,52.9659498207885
129,31,9411,122.975985548826,0,0,416.873445967485,1288.99203060249,56.7219211560939
129,32,8020,121.400374064838,0,0,551.296259351621,1366.74725685786,54.7583541147132
129,33,4500,153.468222222222,0,0,583.574444444444,1364.82888888889,61.7355555555556
129,34,9617,124.818966413643,0,0,379.896641364251,975.653842154518,58.8977851720911
129,35,7996,124.091670835418,0,0,742.892696348174,1303.96448224112,67.3129064532266
129,36,10157,127.053165304716,0,0,882.78664960126,1147.43162351088,48.2987102490893
129,37,13185,124.373075464543,0,0,718.08320060675,1175.7113386424,29.8135760333713
129,38,8252,123.946437227339,0,0,373.616456616578,1054.80598642753,45.0679835191469
129,39,11180,121.211359570662,0,0,608.088908765653,1246.19168157424,31.0593023255814
129,40,7985,132.971571696932,0,0,448.67401377583,918.026675015654,49.5737006887915
129,41,9408,127.567283163265,0,0,544.306228741497,834.776785714286,55.3927508503401
129,42,7932,124.200201714574,0,0,697.02660110943,1255.0755168936,86.4022945032779
129,43,8993,125.522851106416,0,0,734.540197931725,890.83687312354,43.2861114199933
129,44,8552,122.982226379794,0,0,689.870322731525,1342.44948550047,42.4029466791394
129,45,8669,122.221478832622,0,0,530.554389202907,1331.94105433153,64.7387241896412
129,46,8237,123.088988709482,0,0,489.684108291854,1334.58577151876,46.8454534417871
129,47,6793,123.552333284263,0,0,799.503312233181,1303.27969969086,50.5898719269837
129,48,9954,122.833936106088,0,0,602.030640948362,907.750452079566,75.0578661844485
129,49,8695,129.266359976998,0,0,445.234732604945,995.034157561817,43.6966072455434
129,50,14444,128.447659927998,0,0,467.730060924952,1063.8558571033,78.0085848795348
129,51,10821,122.792810276315,0,0,430.400887163848,931.441826078921,66.2314019037058
129,143,4675,121.215187165775,0,0,455.560213903743,1200.62844919786,72.9882352941176
129,144,12829,125.322316626393,0,0,721.99236105698,930.975446254579,74.0357783147556
129,145,12615,126.415140705509,0,0,793.837970669838,1074.83670233849,75.5380103051922
129,146,6589,121.866595841554,0,0,375.497040522082,1204.67643041433,46.2988313856427
129,147,10180,127.763064833006,0,0,837.812770137525,1008.86620825147,41.9495088408644
129,148,7572,129.860406761754,0,0,819.264791336503,1119.88721605917,36.0983888008452
129,149,8209,124.197709830674,0,0,793.620172980875,1245.55280789378,38.7226215129736
129,150,5852,121.024436090226,0,0,452.672248803828,1233.50905673274,37.0013670539986
129,151,11528,123.093077723803,0,0,465.159611380985,1099.9702463567,32.4013705759889
129,153,9077,135.422826925196,0,0,507.317395615291,935.535859865594,38.6634350556351
130,1,9415,126.155284121083,0,0,510.831545406267,852.641635687732,59.8151885289432
130,2,12471,125.136797369898,0,0,649.102397562345,835.324673241921,60.4322027102879
130,3,12033,125.749439042633,0,0,748.955788248982,864.196210421341,57.1391174270755
130,4,12983,144.610182546407,0,0,606.882461680659,856.709543248864,51.4505122082724
130,5,12372,137.063934691238,0,0,658.92660847074,864.496605237633,48.0765438086001
130,6,12949,141.2935361804,0,0,468.692177002085,891.63811877365,54.9540505058306
130,7,12457,139.667737015333,0,0,490.736052018945,936.837842177089,40.7104439271093
130,8,13928,135.898980470994,0,0,630.535252728317,935.338095921884,37.4298535324526
130,9,11491,139.699068836481,0,0,569.244626229223,898.256722652511,43.7940997302237
130,10,11249,142.715619166148,0,0,426.097075295582,951.621388567873,48.5709840874744
130,11,13497,129.622582796177,0,0,343.449581388457,1093.88197377195,56.6476994887753
130,12,18495,128.074290348743,0,0,633.969234928359,1127.53917274939,83.3917274939173
130,13,13595,131.287752850313,0,0,515.302022802501,918.694740713498,48.8535490989334
130,14,11764,136.823104386263,0,0,543.547432845971,864.874447466848,47.5324719483169
130,15,8163,131.643390910205,0,0,545.087590346686,957.72644860958,40.4508146514762
130,16,11761,128.629368250999,0,0,594.819998299464,973.471133407023,32.6914378029079
130,17,9142,129.676875957121,0,0,479.832421789543,903.787026908773,47.2614307591337
130,18,9604,126.541441066222,0,0,509.115785089546,1009.23583923365,33.2425031236985
130,19,9882,123.958409228901,0,0,727.59937259664,865.809451528031,48.6082776765837
130,20,9459,126.451421926208,0,0,431.497304154773,1002.93445395919,40.3782640871128
130,21,12862,132.311071373037,0,0,614.020059088789,916.739620587778,45.0519359353133
130,22,9077,128.239506444861,0,0,468.347912305828,975.000991517021,42.0763468106203
130,23,8624,127.542207792208,0,0,685.794874768089,979.874188311688,32.5635435992579
130,24,11564,123.221636112072,0,0,878.770062262193,1030.9239017641,54.6094776893808
130,25,8820,124.96462585034,0,0,604.072448979592,1347.63684807256,66.1361678004535
130,26,8512,126.763980263158,0,0,715.730968045113,922.940789473684,38.7071193609023
130,27,10206,129.676366843034,0,0,575.176072898295,831.974328826181,54.6516754850088
130,28,9056,122.322106890459,0,0,685.431978798587,1364.69368374558,44.9498674911661
130,29,11172,124.591747225206,0,0,708.786519871106,1080.09335839599,28.9494271392768
130,30,12236,122.130026152337,0,0,623.336220987251,1253.77835894083,30.8496240601504
130,31,9616,124.337666389351,0,0,638.100769550749,1263.21069051581,89.6329034941764
130,32,8977,122.914782221232,0,0,644.120307452378,1379.10693995767,58.8960677286399
130,33,9792,125.701593137255,0,0,886.169628267974,1183.14368872549,51.3360906862745
130,34,11854,122.683988527079,0,0,563.021089927451,1023.98945503627,82.1136325291041
130,35,9458,123.478008035525,0,0,394.047155846902,948.859906957073,56.1867202368365
130,36,13591,122.921565742035,0,0,740.899418732985,1198.45250533441,31.3130012508278
130,37,7648,123.195998953975,0,0,784.391082635983,1331.94547594142,54.2518305439331
130,38,9447,125.311104054197,0,0,775.577749550122,912.618714935958,44.6212554250026
130,39,12640,120.452294303797,0,0,491.488370253165,1328.11186708861,64.2153481012658
130,40,10916,123.403261267864,0,0,609.450164895566,903.458226456577,75.0099853426163
130,41,10777,122.145402245523,0,0,437.083232810615,913.099007144845,64.3297763756147
130,42,4814,152.181761528874,0,0,541.762775238887,1364.79268799335,61.5469464063149
130,43,7612,123.505254860746,0,0,703.5683131897,1319.68352601156,69.5605622700998
130,44,10791,122.353535353535,0,0,422.940227967751,1174.75794643685,73.8977851913632
130,154,11093,125.424952672857,0,0,778.153249797169,1100.78130352475,77.802758496349
130,155,9937,126.345577135957,0,0,717.207909831941,947.7396598571,76.2166649894334
130,156,14099,126.935598269381,0,0,444.742747712604,1047.48684303851,76.316405418824
130,157,6027,121.547702007632,0,0,837.969304795089,1238.25817156131,64.9761075161772
130,158,8233,121.499574881574,0,0,531.320660755496,1371.42888376048,55.1281428397911
130,159,6806,122.059800176315,0,0,391.711137231854,1271.0192477226,55.1583896561857
130,160,5364,128.891312453393,0,0,471.392058165548,874.709545115585,50.7259507829978
130,161,12343,137.45629101515,0,0,655.095276675038,883.429717248643,42.5849469334846
130,162,4874,121.860689372179,0,0,472.788059089044,1327.41382847764,44.9958965941732
130,163,7070,120.851768033946,0,0,376.960113154173,1188.95205091938,43.5823196605375
130,164,7387,122.44849059158,0,0,391.417490185461,1034.45255178015,42.3201570326249
130,165,10056,125.30369928401,0,0,868.224144789181,1039.34069212411,45.3842482100239
130,166,9397,123.413323401085,0,0,799.716079599872,1275.69383845908,41.3563903373417
130,167,7453,127.037702938414,0,0,846.461022407084,1156.26687240038,39.5289145310613
130,168,11399,123.459689446443,0,0,502.373629265725,1083.64540749189,30.1818580577244
130,169,5405,119.361887141536,0,0,465.471230342276,1224.59370952821,34.6294172062905
130,171,10396,138.271739130435,0,0,554.27010388611,931.429203539823,37.2947287418238
