Frame,ID,Volume_nowarp,MeanIntensity_nowarp,Centroid_1,Centroid_2,Centroid_3
1,1,133453,231.783706623306,661.348909353855,405.925104718515,550.789971001027
1,2,127923,262.138692807392,411.736059973578,406.329033871939,481.900033613971
1,3,141255,198.769261265088,365.926827368943,426.39544086935,611.79990796786
1,4,137799,260.838061234116,514.61154289944,508.596789526775,407.310662631804
1,5,103093,195.884880641751,437.432056492681,483.352516659715,444.310253848467
1,6,122029,266.983635037573,482.675642675102,380.536200411378,526.532938891575
1,7,125509,263.237504880128,641.386912492331,511.27676102909,456.802277127537
1,8,91498,290.958775055192,509.272366609106,373.98955168419,452.636494786771
1,9,115345,233.549984828124,729.103584897481,489.262707529585,606.364185703758
1,10,143060,230.835020271215,619.251048511114,354.570893331469,571.008185376765
1,11,128546,267.407278328381,576.569640439998,410.361668196599,499.005577769826
1,12,150700,287.851745189117,525.743662906437,444.781811546118,424.502694094227
1,13,124691,216.517342871579,464.877617470387,319.218203398802,533.937653880392
1,14,135710,185.01852479552,471.946901481099,301.969707464446,625.867909512932
1,15,118624,227.609834434853,378.073147086593,477.145442743458,479.426979363367
1,16,121830,200.910120659936,385.913756874333,349.451727817451,543.40014774686
1,17,139550,201.229229666786,596.458882121104,333.260480114654,491.076617699749
1,18,152219,196.772380583239,538.579007876809,321.207280300094,607.261432541273
1,19,105340,254.321739130435,703.03705145244,411.321463831403,507.717116005316
1,20,107060,164.79603960396,694.394984121054,392.800495049505,656.640584718849
1,21,118991,197.214957433756,430.498945298384,373.216436537217,576.458631325058
1,22,135982,213.679244311747,600.720955714727,663.261571384448,606.499948522599
1,23,156048,239.037917820158,517.587774274582,300.650953552753,490.849559110017
1,24,113818,204.027368254582,544.379474248361,345.029512027974,541.958205204801
1,25,118705,200.145924771492,629.476500568637,300.685699844151,565.847276862811
1,26,159003,286.751407206153,626.701835814419,442.799903146482,462.405464047848
1,27,113551,236.576894963497,507.24561650712,433.49131227378,490.597660962915
1,28,128093,202.85573762813,425.218302327215,586.330502057099,465.395759331111
1,29,183933,220.384531323906,527.71670662687,529.641244366155,785.448222994242
1,30,150749,153.296884224771,515.596262661776,335.106149957877,702.122176598186
1,31,150107,221.227517704038,611.664426042756,384.354014136583,430.651735095632
1,32,72628,239.797763947789,412.830189458611,634.747204934736,658.93713168475
2,1,158073,194.833039165449,537.282369538125,318.292428181916,602.409956159496
2,2,128519,267.34951252344,477.79908029163,373.97055688264,519.850675775566
2,3,118374,247.367394867116,656.824074543396,397.956493824657,542.390499602953
2,4,131454,259.900535548557,402.734743712629,407.721910326046,487.744823284191
2,5,157186,182.315753311364,467.350909114043,307.188051098698,629.940433626404
2,6,151350,225.075645853981,620.833802444665,349.820898579452,568.718401057152
2,7,142190,262.603108516773,508.101322174555,512.395435684647,411.828490048527
2,8,116446,204.059040241829,378.240446215413,352.868797554231,550.502662178177
2,9,108721,169.755079515457,690.806458733823,384.840058498358,653.585636629538
2,10,93846,285.685069155851,505.54914434286,372.7354282548,447.118726424142
2,11,112388,224.431976723494,460.234731465993,314.357573762323,534.540226714596
2,12,112775,234.443777432942,499.276497450676,431.732307692308,487.348366215917
2,13,138613,301.053025329515,520.282441040884,444.380361149387,421.078816561217
2,14,135037,199.056851085258,600.007375756274,332.781030384265,487.713863607752
2,15,110586,193.629681876549,429.668891179715,481.590526829798,450.236060622502
2,16,151551,292.512329182915,625.298473781103,439.109395517021,461.54012180718
2,17,140174,201.981601438212,359.52379185869,423.817369840341,621.540870632214
2,18,124646,264.019920414614,568.526202204644,406.763121159123,495.431285400254
2,19,131888,271.214022503943,638.261646245299,511.335875894699,453.42536849448
2,20,124700,207.201002405774,414.265316760225,582.246688051323,468.645942261427
2,21,142865,244.69427781472,505.20479473629,305.996178210198,483.659181745004
2,22,161121,218.408506650281,599.27982075583,390.008180187561,421.957503987686
2,23,105948,202.720249556386,547.528419602069,339.31337071016,536.785979914675
2,24,156031,153.518973793669,514.078920214573,333.193544872493,701.773147643738
2,25,183731,226.351791477758,537.844626110999,527.274967207494,787.045871409833
2,26,104130,263.047267838279,699.283107653894,419.110064342649,502.169086718525
2,27,116696,196.831330979639,431.37318331391,367.26828683074,579.315006512648
2,28,125403,224.82021163768,370.88040955958,478.303421768219,485.099303844406
2,29,131977,212.456920524031,602.283746410359,662.433204270441,607.824098138312
2,30,118431,241.14541800711,731.551359019176,482.491281843436,600.270596381015
2,31,117739,200.957923882486,620.779367923967,295.321278420914,565.392274437527
2,32,80304,245.059287208607,414.237422793385,633.224907850169,670.280297369994
3,1,121896,275.842972698038,475.953468530551,373.371816958719,510.335933910875
3,2,98829,201.9453298121,429.960052211395,476.914448188285,444.620475771282
3,3,136454,259.7066264089,403.210385917599,404.500432380143,482.313050551834
3,4,128891,236.097555298663,652.114313644863,394.441047086298,546.773475262043
3,5,123414,204.464015427747,608.329962565025,332.151060657624,492.736893707359
3,6,140865,232.939566251375,616.938451709083,348.345749476449,577.265687005289
3,7,128787,272.90200097836,570.337782540163,405.731176283321,496.250964771289
3,8,134574,265.976473910265,508.395477581108,513.517536819891,406.078105726218
3,9,113736,221.650286628684,456.968453260181,312.864167897587,533.390790954491
3,10,143040,306.321868008949,528.936891778524,444.888954138702,421.343428411633
3,11,136191,202.791131572571,353.884691352586,425.584003348239,616.054144546997
3,12,136796,188.408016316267,462.678353168221,309.287420684815,628.071069329513
3,13,88559,294.073250601294,504.332174030872,375.54293747671,442.097663704423
3,14,108681,268.962256512178,700.922203513034,425.550224970326,512.181558874136
3,15,162113,199.135417887523,533.037609568634,322.514795235422,601.287885610654
3,16,108134,166.830414115819,683.08952780809,389.227994895223,658.192261453382
3,17,115687,239.957272640833,498.687354672522,428.207248869795,484.28480295971
3,18,129652,211.796408848302,409.140931107889,578.785842100392,460.883958596859
3,19,112003,206.020838727534,373.475621188718,358.541449782595,549.489986875352
3,20,135442,236.950938409061,728.84160747774,480.591146025605,610.866164114529
3,21,151725,292.361509309606,634.13480309771,434.237521832262,469.054348327566
3,22,134860,270.040545751149,641.318693459884,511.818693459884,449.141235355183
3,23,109900,205.734604185623,544.092484076433,336.750464058235,534.446687898089
3,24,186606,228.399322637,530.515449663998,531.991747317878,785.595104123126
3,25,167298,218.198203206255,595.751043048931,395.291186983706,419.190289184569
3,26,146811,155.561606419138,505.706895259892,336.216455170253,700.020420813154
3,27,143990,248.509702062643,507.456983123828,308.74465587888,480.605271199389
3,28,122291,230.105052702161,369.540366829938,475.919519833839,480.948393585791
3,29,107416,203.067941461235,433.764346093692,367.167954494675,570.811592313994
3,30,143305,215.102082969889,594.025225916751,670.044862356512,610.886745054255
3,31,123175,204.18974629592,614.356005682971,294.993894865029,573.990525674853
3,32,82724,247.172706832358,402.425317924665,636.291862095643,655.013406024854
4,1,99722,201.679248310303,437.271083612443,481.709131385251,441.496570465895
4,2,120467,281.474735819768,470.65880282567,370.321075481252,505.741696896245
4,3,119601,200.73547043921,369.902684760161,362.728748087391,554.778848002943
4,4,145536,263.882949923043,513.497471416007,516.018682662709,405.108852792436
4,5,132273,246.24789639609,647.877178260114,384.122337892087,546.748830071141
4,6,166251,198.498920307246,526.40829829595,320.282007326272,599.936439480063
4,7,146370,187.268880235021,458.158215481314,309.349757463961,633.23043656487
4,8,134214,279.364686247336,569.4092270553,396.997191053094,495.229111717108
4,9,99096,264.734126503592,700.584503915395,421.890833131509,513.529113183176
4,10,85226,295.790556872316,505.552929857086,369.499953065966,440.826414474456
4,11,135777,226.540039918396,400.995831400016,405.904983907436,477.435839648836
4,12,112915,221.221122082983,450.575432847717,311.281742903954,535.487747420626
4,13,130916,198.341409758929,413.952610834428,577.888134376241,456.979154572398
4,14,135666,201.839178570902,350.300952338832,428.909903734171,616.997818171097
4,15,125792,212.246971190537,610.378481938438,326.35507822437,499.07123664462
4,16,148111,241.162979117014,504.868416255376,307.287466832308,481.662698921755
4,17,133414,276.516287645974,643.459584451407,506.948041434932,447.805859954727
4,18,113426,172.593488265477,681.20357766297,381.162334914394,660.559501348897
4,19,120929,233.739855617759,501.482580687842,429.432204020541,478.989241621117
4,20,109160,203.530020153903,431.383876877977,366.684774642726,566.954699523635
4,21,157304,235.3344034481,616.138591517063,343.655024665616,584.123633219753
4,22,113708,219.338955922187,369.062238364935,478.703459738981,476.076854750765
4,23,152191,294.871805822946,636.377992128312,421.069859584338,470.883297961115
4,24,123743,246.972636836023,731.645515301876,469.673242122787,612.435741819739
4,25,104501,208.719648615803,542.05509038191,326.384723591162,534.550702864087
4,26,146512,306.666423228131,531.365867642241,441.311680954461,417.424729714972
4,27,157632,153.506762586277,505.466053846935,331.55330770402,700.194484622412
4,28,152593,224.075488390686,596.886351274305,668.774301573467,615.217310099415
4,29,85194,258.559159095711,402.526868089302,636.282590323262,653.982991759983
4,30,179773,223.018940552808,593.330655882697,395.918230212546,416.494879653786
4,31,177520,233.295228706625,534.028160207301,528.7069738621,787.48882942767
4,32,125638,209.667091166685,610.367173944189,291.645163087601,585.2354383228
5,1,113908,223.831258559539,446.596068757243,311.88391508937,538.8376496822
5,2,122468,223.833131920175,399.71448051736,412.585058954176,475.484469412418
5,3,146396,191.781250853848,370.066825596328,372.456330774065,548.460292630946
5,4,140964,207.335667262564,606.244757526744,325.81436395108,497.841988025311
5,5,133438,203.54659842024,344.435603051605,434.435310781037,617.539493997212
5,6,138925,257.071067122548,512.300370703617,520.924729170416,404.933849199208
5,7,143655,194.675465525043,415.677428561484,579.774584943093,453.530479273259
5,8,134614,252.42202148365,644.615485759282,379.054771420506,544.139250003714
5,9,92862,290.225054381771,498.098802524176,370.611778768495,440.890708793694
5,10,174235,200.749636984532,523.307905989038,317.377300771946,596.532625477086
5,11,111972,219.44956774908,365.862635301683,483.122084092452,472.412692458829
5,12,98979,199.191656816092,438.341658331565,485.543883045899,439.164085311026
5,13,128958,279.663727725306,568.164208501993,393.904441756231,498.41854712387
5,14,104039,262.792491277309,698.273849229616,418.377791020675,512.752371706764
5,15,130354,280.157064608681,470.317757797996,370.355324731117,504.12243582859
5,16,156139,186.404658669519,450.062822228911,310.437379514407,633.448728376639
5,17,132892,283.914878246998,642.29032597899,502.554864100172,444.081780694097
5,18,140965,309.897109211506,533.476905614869,439.359855283226,417.035356294116
5,19,109957,175.641987322317,678.997262566276,379.10056658512,659.763671253308
5,20,102973,209.278859506861,539.476425859206,323.732687209268,532.386033232012
5,21,111911,207.178936833734,438.371196754564,367.9008229754,565.742634772274
5,22,157314,153.921526374004,500.10822940107,331.234969551343,700.44973746774
5,23,154107,229.008682279196,602.61368399878,667.334157436067,614.857164178136
5,24,154680,296.441479182829,634.654428497543,414.274372898888,473.048545384019
5,25,155967,241.707508639648,615.80301602262,340.569466617938,588.200228253413
5,26,82348,263.573638704037,407.09572788653,641.400616894157,658.213192791568
5,27,108361,253.328448427017,499.031312003396,432.904781240483,473.134116517935
5,28,119204,250.503263313312,731.813512969364,460.074544478373,611.858578571189
5,29,170254,227.324098112232,589.1746097008,402.832896730767,411.764017291811
5,30,145222,247.018957182796,496.01102450042,308.830735012601,476.316067813417
5,31,126269,211.158645431579,599.705153283862,286.494024661635,581.215072583136
5,32,174526,235.920344246702,537.927162715011,527.648774394646,788.770549946713
6,1,129516,226.012400012354,458.012075728095,304.404104512184,530.751335742302
6,2,128119,214.845417151242,401.587383604305,415.945691115291,469.945613062856
6,3,136067,211.206898072273,605.800568837411,323.834846068481,491.848559900637
6,4,121009,183.86401011495,433.770587311688,479.51831681941,448.018998586882
6,5,141262,206.386126488369,341.112946156787,434.123437300902,616.450305106823
6,6,134943,247.915601402073,648.206035140763,369.202707809964,546.493030390609
6,7,140959,189.118729559659,417.147737994736,573.252655027348,449.320916011039
6,8,137298,284.249588486358,577.430523387085,387.520531981529,501.056410144358
6,9,164401,203.868285472716,526.291658809861,316.045474175948,595.660324450581
6,10,172425,184.87536030158,441.984056836306,311.009499782514,628.457213281137
6,11,124161,207.25254306908,463.17416096842,359.565934552718,560.446033778723
6,12,112261,247.907581439681,511.922430764023,430.879530736409,482.018546066755
6,13,111215,261.031182844041,699.363323292721,412.792465045183,517.672193499078
6,14,160659,152.939013687375,491.111515694732,326.386308890258,694.180587455418
6,15,142766,313.900060238432,535.169298012132,433.782742389645,424.535932925206
6,16,104532,175.340125511805,674.463494432327,369.867782114568,663.145218689014
6,17,137195,273.292335726521,642.703465869747,497.80594773862,440.853303691825
6,18,105223,206.874656681524,545.329443182574,317.611643842126,529.944603366184
6,19,127167,293.419935989683,482.368326688528,366.61479000055,494.745916786588
6,20,154096,289.330028034472,642.094369743537,411.984146246496,473.736988630464
6,21,153939,237.673097785486,606.120664678866,666.871208725534,614.973034773514
6,22,89778,292.661219897971,495.541246185034,371.603967564437,432.235291496803
6,23,123221,245.222153691335,729.833007360758,448.037534186543,606.581142824681
6,24,113753,225.363577224337,362.120708904381,482.985081712131,476.375234059761
6,25,130445,211.940304342826,598.309824063782,284.801594541761,580.394396105638
6,26,92603,219.13719857888,383.545371100288,372.373648801875,538.779024437653
6,27,160483,242.924845622278,617.84885626515,338.044739941302,597.250362966794
6,28,81132,260.096607996845,409.728269979786,646.12579500074,658.242875807326
6,29,133397,250.215042317293,487.164291550785,312.014430609384,465.14480085759
6,30,154741,235.195591342954,584.193756018121,413.676355975469,406.149288165386
6,31,74926,318.385820676401,502.408549769105,511.826628940555,411.198716066519
6,32,182006,236.982247837983,537.104265793435,522.443375493116,789.143594167225
7,1,126517,253.747741410245,510.435427650039,423.348403771825,495.361935550163
7,2,142223,251.383672120543,650.863474965371,368.476034115438,554.505375361229
7,3,106291,188.136417946957,434.494905495291,473.574789963402,454.277662266796
7,4,155940,153.019225343081,499.086700012825,322.397960754136,693.66453122996
7,5,112883,206.378560102053,544.673892437302,313.365759237441,534.114011852981
7,6,138369,292.824960793241,583.153047286603,383.043926023893,515.572801711366
7,7,129033,223.204273325428,397.843621399177,412.325273379678,465.440329218107
7,8,168491,188.271741517351,433.474215239983,314.285831290692,628.995281647091
7,9,137258,295.446152501129,485.255861224847,356.662402191493,496.074800740212
7,10,121876,208.922691916374,467.866569299944,352.785265351669,562.264646033674
7,11,156144,293.484597550979,643.506391536018,407.976886719951,479.173327185162
7,12,169099,202.994654019243,525.71472924145,315.921288712529,600.564917592653
7,13,125301,223.352112114029,462.589715963959,297.791813313541,533.553962059361
7,14,139210,328.162948064076,517.001278643776,428.256806263918,432.040485597299
7,15,138449,276.481123012806,639.796885495742,493.062875138137,436.835845690471
7,16,135384,214.334766294392,605.788246764758,325.301416710985,488.632910831413
7,17,148365,242.056886732046,605.631449465844,668.842220200182,609.089407879217
7,18,106360,177.643239939827,672.126974426476,365.830359157578,664.307643851072
7,19,132828,215.733392055892,597.695162164604,284.58761706869,570.909680187912
7,20,72574,358.073152919778,580.572381293576,409.265453192603,411.606718659575
7,21,167645,188.480300635271,413.989919174446,568.640782606102,446.787712129798
7,22,87966,301.754928040379,494.098401655185,370.2715367301,434.538946865835
7,23,108601,261.869991989024,698.919245679137,414.11554221416,513.559755435033
7,24,170053,238.324351819727,616.640194527589,337.100480438452,609.490517662141
7,25,140292,249.425911669946,482.478929660993,312.997177315884,460.198443246942
7,26,133429,209.549265901716,335.548486460964,435.141910679088,612.587510960886
7,27,122871,226.617330370877,361.850045983186,487.738302772827,473.445890405384
7,28,125538,247.98087431694,729.639949656678,445.31842947952,603.069564593987
7,29,145418,199.389401587149,390.447069826294,372.945666973827,541.848553824148
7,30,81151,265.161735530061,410.764759522372,648.695395004375,661.573658981405
7,31,65027,395.304335122334,511.068263951897,505.5393605733,409.590785366079
7,32,177781,233.418098671962,535.857729453654,516.810542183923,790.875031640051
8,1,136629,273.703730540368,486.597127988934,345.863916152501,502.132599960477
8,2,143663,303.359271350313,641.369294807988,405.192276369002,473.361429178007
8,3,160883,205.824288458072,520.760111385292,315.058850220346,603.848368068721
8,4,152233,226.304382098494,405.432159912765,414.091195732857,456.737744115928
8,5,59344,198.44553788083,401.681703289296,343.581305607981,586.548311539499
8,6,168209,187.836732873984,428.437443894203,313.785189853099,633.341028125725
8,7,121770,202.07101092223,547.208105444691,308.264983164983,532.872825819167
8,8,145281,244.522084787412,649.694158217523,370.38650615015,555.639030568347
8,9,142936,318.861245592433,514.73281048861,423.592034197123,434.36661163038
8,10,132137,257.506580291667,516.516312614938,416.130205771283,497.049478949878
8,11,105505,173.19167811952,441.287948438463,465.550144542913,463.017525235771
8,12,142277,292.602753783113,587.07876185188,378.487281851599,516.446059447416
8,13,114025,174.602087261565,664.59051962289,355.208235036176,660.674018855514
8,14,126416,217.95891342868,455.081453297051,297.851941209973,530.997207631945
8,15,140701,252.776334212266,616.148783590735,664.484722923078,612.25991997214
8,16,221114,228.39211899744,534.867095706287,510.91119060756,794.106949356441
8,17,52381,310.148756228403,461.380691472099,475.494377732384,405.554533132243
8,18,137189,278.062862182828,640.597861344568,495.923856868991,437.319121795479
8,19,130710,213.33168847066,605.552566750822,326.183168847066,484.738619845459
8,20,155036,152.115844062024,494.690342888103,323.503902319461,694.124280812198
8,21,137199,215.858184097552,365.786448880823,504.056997499982,470.145642460951
8,22,95146,285.970487461375,493.570323502827,363.249616379039,437.216278140962
8,23,122670,211.141085840059,468.881014102878,350.646229722018,559.41614901769
8,24,120713,254.767357285462,727.430657841326,437.356440482798,596.934025332814
8,25,123111,241.898148825044,467.077296098643,318.15879978231,456.752215480339
8,26,111503,274.381568208927,696.648520667605,418.14058814561,507.938163098751
8,27,47888,241.640410958904,373.417202639492,397.708465586368,498.217465753425
8,28,127297,219.202306417276,591.468581349128,280.918356284908,569.345043480993
8,29,173306,240.194846110348,611.101260198724,334.8035151697,609.152170149908
8,30,131734,215.093316835441,328.400731777673,437.490237903654,607.629328798943
8,31,143595,202.795306243254,422.732330512901,573.994164142205,437.211128521188
8,32,96057,264.47041860562,413.684374902402,652.140749763161,668.233298978731
8,33,40741,326.568076384968,568.611668834835,527.367222208586,420.904690606514
8,34,61337,354.239626978822,576.737254838026,421.245936384238,416.215677323638
9,1,92704,280.789685450466,500.395031498102,360.303061356576,448.503753883328
9,2,120136,202.254511553573,542.528634214557,304.050018312579,541.97600219751
9,3,73334,269.044017781657,548.090312815338,529.663103062699,404.770038454196
9,4,153787,192.651108351161,428.0677040322,310.200855729028,633.717297300812
9,5,139369,217.196277507911,441.955736211066,300.772374057359,534.107326593432
9,6,138847,279.311155444482,482.250858859032,338.758143856187,512.741225953748
9,7,128738,259.193423853097,532.620337429508,406.813466109463,503.077001351582
9,8,146172,306.455347125304,636.241783652136,402.722730755548,469.328352899324
9,9,145602,245.20517575308,656.540706858422,367.669283388964,557.53940879933
9,10,166012,204.405271908055,512.71046671325,316.812543671542,614.442377659446
9,11,155079,309.709528691828,517.99406753977,423.672986026477,426.026180204928
9,12,143030,250.007292176466,612.205537299867,664.530839683982,613.83432846256
9,13,129315,225.086996868113,421.191454974288,398.28400417585,467.788825735607
9,14,143702,281.850141264561,591.750949882396,370.766885638335,532.166824400495
9,15,123163,210.01037649294,459.590258438005,352.143379099242,568.657153528251
9,16,156733,232.787983385758,457.277280470609,321.606719708038,458.65022043858
9,17,36800,347.439945652174,547.603532608696,467.265516304348,419.94722826087
9,18,38247,314.156692028133,567.906267158208,367.283786963683,437.143043898868
9,19,138667,209.602753358766,606.294944002539,322.179718317985,489.84643786914
9,20,169973,151.162108099522,499.458184535191,324.427514958258,698.617468656787
9,21,102790,165.297635956805,461.604601614943,450.491069170153,476.900992314427
9,22,71706,185.476668619083,393.62986360974,347.679915209327,588.303893676959
9,23,104572,174.564491450866,663.808925907509,353.364361396932,663.71231304747
9,24,173862,186.726288665723,415.657389193728,580.577538507552,447.387180637517
9,25,71211,275.031834969317,467.738818440971,481.073640308379,408.270983415484
9,26,67843,206.435505505358,371.262694751117,407.659168963637,499.973423934673
9,27,118854,268.498990357918,726.912396722029,435.123167920306,593.952025173743
9,28,134419,287.226991719921,637.749797275683,489.144220683088,430.863724622263
9,29,109925,278.391512394815,695.496702297021,413.316261087105,501.636952467592
9,30,128065,217.157498145473,326.44671846328,440.423214773748,601.232756803186
9,31,174849,232.834531510046,609.960514501084,330.747456376645,618.847228179744
9,32,66177,252.951523943364,382.67638303338,496.991114737749,454.666636444686
9,33,177388,224.090333055224,531.90306559632,511.418731819514,790.215014544389
9,34,91433,278.022497347785,412.485404613214,649.797720735402,665.95995975195
9,35,126870,215.348813746355,591.042697249153,278.579010010247,565.814558209191
10,1,86824,356.921081728554,527.697929144015,514.337107251451,795.174156915139
10,2,136865,197.144178570124,414.82720198736,313.188740729916,629.189931684507
10,3,111295,204.036892942181,539.370133429175,299.871476706052,544.212893660991
10,4,151322,250.289158218897,659.552556799408,365.807106699621,560.18804932528
10,5,123933,219.785634173303,427.501633947375,307.599396448081,529.743119266055
10,6,143414,278.983265232125,485.658882675332,333.275021964383,520.996402024907
10,7,154438,272.578827749647,597.306135795594,361.780015281213,538.70205519367
10,8,103520,176.210481066461,657.863359737249,346.957129057187,668.064654173107
10,9,161563,204.336896442874,503.772491226333,313.52064519723,619.378632483923
10,10,149983,153.96616949921,499.094077328764,321.352966669556,696.542981537908
10,11,85336,256.629452985844,463.261495734508,485.055978719415,404.581419330646
10,12,133889,256.122967532807,549.611902396761,397.840434987191,505.206581571302
10,13,102204,275.261819498258,512.258150365935,368.229863801808,452.720275136002
10,14,59236,195.988841245189,374.183165642515,357.768400972382,585.323131203998
10,15,53295,242.003077211746,371.235594333427,505.53029364856,478.821765644057
10,16,159328,307.740183771842,525.756590178751,429.25798353083,419.331567583852
10,17,140733,210.423788308357,604.360214022298,321.182174756454,491.724684331322
10,18,105955,298.922533150866,453.442489736209,343.555773677505,452.024217828323
10,19,134590,293.088988780741,641.327461178394,489.265250018575,432.445842930381
10,20,113760,173.23714838256,481.762614275668,443.301230661041,480.043987341772
10,21,62600,241.69357827476,579.087220447284,357.726916932907,432.12231629393
10,22,147645,247.711348166209,610.930305801077,665.673500626503,625.506837346338
10,23,75446,276.239933197254,514.074238528219,545.987010577102,399.84858044164
10,24,49987,300.33978834497,413.588973133015,470.440354492168,438.781543201232
10,25,129502,211.074979536996,425.743308983645,401.488787817949,474.592299732823
10,26,178355,231.551921729136,605.343253623392,325.801973591993,624.276700961565
10,27,149313,306.428214556,633.909257733754,400.189280236818,468.529813211174
10,28,131585,214.877341642284,323.696340768325,444.117315803473,600.575445529506
10,29,125038,265.311185399639,726.527743565956,434.989411218989,592.659135622771
10,30,119947,209.784438126839,450.391197779019,351.64131658149,571.75694264967
10,31,109952,278.064682770664,693.882903448778,414.210073486612,499.238458600116
10,32,59664,275.791398498257,545.630011397157,474.006922097077,401.068517028694
10,33,69023,195.299059733712,369.675890645147,408.282630427539,489.687930110253
10,34,134267,187.135506118406,404.366486180521,600.478494343361,483.309480363753
10,35,125003,218.007607817412,580.592745774101,273.919001943953,564.80972456661
10,36,103318,274.594397878395,417.955274008401,654.241109971157,670.783861476219
11,1,76559,340.949581368618,505.868441332828,520.532060241121,788.425710889641
11,2,72060,275.464654454621,351.690188731613,530.848195947821,491.857382736608
11,3,127303,219.952137812934,415.523396934872,313.101458724461,535.027477749935
11,4,149497,286.611677826311,482.22048602982,325.116089286073,529.54763640742
11,5,150556,263.319469167619,665.312634501448,370.705949945535,562.038530513563
11,6,75328,244.400461979609,541.038431924384,480.956523470688,393.013527506372
11,7,166084,152.673394186075,496.321728763758,324.470876183136,701.791460947472
11,8,101693,219.572281277964,443.483956614516,354.170228039295,571.116743532003
11,9,167439,207.472781132233,492.970938670202,316.829729035649,624.981969553091
11,10,74563,226.885519627697,577.896141517911,348.737483738583,433.479446910666
11,11,49751,235.529758195815,387.692187091717,588.800506522482,507.370947317642
11,12,149678,302.375519448416,544.817875706517,427.70783949545,414.561124547362
11,13,71127,265.635595484134,457.133985687573,492.642259620116,398.490573200051
11,14,148555,197.906236747333,405.999165292316,322.483551546565,626.187324559927
11,15,79078,252.603480108248,497.867851994234,560.044829156023,400.915121778497
11,16,161346,276.157462843826,601.406244964238,357.214910812787,553.135063775985
11,17,112783,200.248113634147,535.424008937517,295.892226665366,547.270413094172
11,18,107548,178.292678617919,652.88799419794,344.409603153941,672.897236582735
11,19,150018,316.130404351478,634.553166953299,399.902718340466,473.018364462931
11,20,139435,253.828005880876,608.208326460358,666.16372503317,634.945422598343
11,21,135297,252.046253797202,559.512509516102,385.192347206516,504.687406224824
11,22,54258,299.754137638689,434.43495890007,444.983799624019,426.938737144753
11,23,62489,199.690537534606,361.504488790027,366.633311462817,586.871689417338
11,24,134437,299.058235456013,643.873159918772,488.867090161191,436.752382156698
11,25,97500,263.326933333333,521.990758974359,362.28002051282,451.139538461538
11,26,130768,270.130207696072,727.633228312737,438.196026550838,591.575981891594
11,27,112921,178.96713631654,499.323837018801,425.090310925337,477.975000221394
11,28,60420,193.621946375372,362.470820920225,429.476779212181,473.285071168487
11,29,173540,236.570375705889,597.261127117667,322.880321539703,626.918105335946
11,30,136707,197.077194291441,417.184116394918,406.315836058139,485.757656886626
11,31,145472,213.752708424989,609.676831280246,319.746446051474,496.625996755389
11,32,122855,218.955329453421,578.11824508567,272.699450571812,565.831061006878
11,33,44193,186.150544203833,452.13714841717,645.44412010952,503.799289480234
11,34,99427,297.397648526054,414.54795980971,652.258883401893,670.7162541362
11,35,102717,284.667133970034,694.272262624493,414.252246463584,495.819601429169
11,36,100758,300.326534865718,449.414339308045,349.001379543064,457.97454296433
11,37,133953,213.959605234672,321.755914387882,461.685867431114,600.331108672445
12,1,52257,331.457527221234,462.158466808275,492.627743651568,774.47637637063
12,2,56552,301.398182203989,554.925679021078,556.386812137502,776.073878907908
12,3,57309,304.287860545464,485.332129333962,369.702088677171,426.474026767174
12,4,115504,233.550561019532,336.174504779055,486.224632913146,631.209256822275
12,5,55831,252.103652092923,365.529687807849,579.161093299422,512.066916229335
12,6,152438,268.914371744578,673.077296999436,369.110812264658,562.057256064761
12,7,135495,225.391704490941,410.676667035684,318.818878925422,561.399077456733
12,8,85304,224.055823876958,578.926861577417,346.137590265404,434.124554534371
12,9,140631,153.82168227489,491.274562507555,329.664981405238,710.390127354566
12,10,92477,242.64581463499,443.762438227884,482.449711820236,397.514095396693
12,11,136692,253.885092031721,565.387345272584,373.934048810464,505.349325490885
12,12,77449,240.686955286705,540.002143345944,483.903910960761,387.534287079239
12,13,163537,196.847086592025,407.120682169784,326.479493937152,638.965708066065
12,14,143251,293.217799526705,481.135691897439,318.411522432653,525.808126993878
12,15,61950,208.129927360775,413.880661824052,332.840758676352,498.643535108959
12,16,150620,309.728747842252,549.432333023503,434.357568715974,418.147165051122
12,17,116044,215.072481127848,457.354029506049,351.408189996898,577.668841129227
12,18,74422,177.376205960603,473.613286393808,656.019590981162,509.639044906076
12,19,165269,308.620406730845,636.669036540428,397.603119762327,478.389292607809
12,20,159802,283.219859576226,608.443386190411,353.433292449406,557.924456514937
12,21,79473,253.63524719087,424.390660979201,424.371534986725,428.953996954941
12,22,124376,178.753618061362,494.862553868914,408.847213288737,487.327780279154
12,23,185621,204.068327398301,498.382467500983,314.238744538603,630.605626518551
12,24,79715,189.841046227184,355.878329047231,376.920403939033,609.53287336135
12,25,75272,194.139068976512,360.89233712403,408.24730311404,484.424699755553
12,26,112345,255.570893230673,528.574622813654,357.513970359162,450.523975254796
12,27,128699,275.416864155899,728.349979409319,437.500291377555,591.893534526298
12,28,153560,213.885243553009,611.236695754103,318.06840974212,494.862066944517
12,29,109177,179.534068530918,647.486521886478,339.269488994935,674.630535735549
12,30,130987,257.47636024949,602.854367227282,665.039156557521,648.522288471375
12,31,72338,273.944524316404,338.337830739031,512.987212806547,500.305026403827
12,32,133222,209.424944828932,419.769062166909,388.605470567924,483.339756196424
12,33,131464,304.366602263738,648.757036146778,490.51658248646,437.608227347411
12,34,176907,239.036612457393,592.497962206131,319.696835060229,627.55561396666
12,35,111238,280.616731692407,694.959743972384,413.352838058937,493.127968859562
12,36,111309,200.960416498217,530.612636893692,290.947084242963,545.165611046726
12,37,129927,219.963741177738,577.510394298337,270.140594333741,563.394790921056
12,38,100994,298.622363704775,408.078103649722,644.909875834208,673.551904073509
12,39,84473,223.689628638737,483.734660779184,582.377315828726,411.672794857528
13,1,114176,331.428242362668,603.422444296525,648.020862528027,649.151634318946
13,2,88597,237.70916622459,461.22831472849,486.401729178189,762.813594139756
13,3,73764,217.189753809446,498.977183992191,666.399137790792,536.852963505233
13,4,153344,276.54406432596,662.879760538397,371.395607262104,564.043418718698
13,5,95662,236.158108757919,450.257448098514,472.238234617717,402.023018544459
13,6,156983,305.874903651988,547.478089984266,431.755973576757,424.964951618965
13,7,162072,152.850807048719,496.085394145812,341.856662471001,708.330976356187
13,8,132226,278.5599730764,720.398083584167,428.596607323824,590.386951129127
13,9,140040,202.128291916595,418.116259640103,390.080027135104,483.873493287632
13,10,116104,175.000602907738,489.388341486943,412.001369461862,487.131571694343
13,11,135687,232.609365672467,412.317812318056,349.021999159831,573.432915459845
13,12,165232,288.223322358865,602.227123075433,359.265832284303,560.699725234821
13,13,149572,287.053887091167,473.823717005857,322.097952825395,524.865449415666
13,14,150634,252.414481458369,553.272541391718,373.140300330603,502.18458648114
13,15,93426,241.65277331792,364.733157793334,485.700565153169,627.368173741785
13,16,87809,224.870582742088,578.639558587389,348.563040235056,432.456137753533
13,17,82815,238.852852744068,543.057477510113,487.478222544225,392.683692567772
13,18,79708,218.095348020274,580.589840417524,563.260801927034,763.820369348121
13,19,200509,200.665650918413,504.555715703535,325.128158835763,629.993706018184
13,20,159109,293.874752528141,645.856984834296,484.478502158897,444.4215412076
13,21,184345,241.651582630394,587.064742737801,327.803808077246,633.081146762863
13,22,166498,307.306460137659,628.353830076037,393.048583166164,480.378292832346
13,23,155999,218.273841498984,608.575971640844,318.546971454945,495.505830165578
13,24,88317,242.845352536884,423.928247109843,432.269178074436,436.254548954335
13,25,112288,295.177400968937,692.586046594471,405.851364348817,495.990809347392
13,26,151533,205.340599077429,416.426395570602,336.963387512951,643.253786303973
13,27,88366,239.748002625444,476.729194486567,379.955209017043,417.231661498766
13,28,75387,191.104155888946,370.347871648958,398.570602358497,617.112300529269
13,29,110388,200.941578794797,523.117032648476,291.180463456173,544.176078921622
13,30,72674,253.925241489391,398.507994606049,335.063268844429,511.508132206842
13,31,80733,207.496426492265,371.432053806993,587.053645968811,521.205380699342
13,32,123061,243.868626128505,518.739876971583,343.180008288572,446.765319638228
13,33,75931,201.071736181533,360.344115051823,409.080994587191,499.182323425215
13,34,99584,271.249688705013,424.076960154242,630.346240359897,684.426263255141
13,35,121586,179.958416265031,641.715658052736,347.327817347392,675.752882733209
13,36,134205,221.930948921426,571.623054282627,272.089027979583,567.21001453001
13,37,130036,212.611715217324,470.170222092344,366.669968316466,573.306369005506
13,38,75871,267.398452636712,339.728104282269,507.178039039949,508.580590739545
13,39,80811,212.546249891723,495.793060350695,599.779386469664,428.978418779622
14,1,72477,502.480704223409,646.002524938946,496.169971163266,451.16390027181
14,2,145495,272.506257947008,464.641815869961,322.085226296436,508.499439843294
14,3,169156,291.304819220128,599.831380500839,352.300669204758,557.099316607156
14,4,100633,233.245963053869,458.998837359514,486.764391402423,401.221994773086
14,5,50369,219.22358990649,394.792273025075,505.297980900951,680.435625086859
14,6,94777,231.723308397607,478.666068771959,392.071884528947,408.048281756122
14,7,59919,237.022580483653,361.880221632537,481.172649743821,587.514461189272
14,8,110397,399.009628884843,634.50740509253,391.23951737819,476.285361015245
14,9,143489,288.026873140101,663.984807197764,361.64419572232,556.671159461701
14,10,102175,201.159393197945,530.037259603621,669.37552238806,570.864252507952
14,11,102411,269.280448389333,501.935397564715,323.516878069739,618.297155578991
14,12,93756,219.835445198174,462.666208029353,470.703272323905,766.640311020095
14,13,152029,152.54309375185,492.0090180163,334.676081537075,704.312368035046
14,14,86650,242.988863242931,421.321061742643,446.41653779573,429.810548182343
14,15,88381,203.026849662258,511.636811079304,623.678290582818,459.004457971736
14,16,85033,251.85241024073,556.769948137782,498.595909823245,396.613597074077
14,17,147742,256.36292997252,549.163508007202,367.105433796754,495.697215416063
14,18,83575,230.53751720012,582.716805264732,358.705234819025,424.674555788214
14,19,108747,265.565643190157,520.394153401933,344.862341030097,437.561348818818
14,20,169615,247.48098340359,585.675005158742,320.219149249772,628.523968988592
14,21,87886,254.49825910839,388.035272967253,339.975217895911,527.408916095851
14,22,111570,183.389217531595,647.356359236354,340.541175943354,673.306381643811
14,23,152941,222.012338091159,608.327963070727,316.086778561668,492.38996083457
14,24,123313,169.138120068444,480.063764566591,412.424991687819,473.801553769676
14,25,121183,295.556777765858,694.60505186371,406.186321513744,501.054718896215
14,26,137162,223.914313002143,567.158717429026,268.52934486228,563.200901124218
14,27,87623,188.240541866861,365.876721865264,423.102324732091,617.923730070872
14,28,125050,288.888956417433,722.952403038784,423.208004798081,586.068036785286
14,29,82824,198.107432628224,358.486767120641,414.166799478412,501.694376026273
14,30,92331,444.34922182149,555.969013657385,438.934886441174,426.411443610488
14,31,134626,222.878203318824,411.786044300507,342.018755663839,622.261918203022
14,32,134069,247.912806092385,406.661495200233,371.436357398056,559.393968777271
14,33,94140,280.601848311026,442.585181644359,629.261918419375,693.287284894838
14,34,126856,218.101603392823,465.460955729331,365.383150974333,555.320962351012
14,35,83030,195.379573648079,607.237058894376,558.808478863062,761.092653257859
14,36,68252,204.391461056086,383.331565375374,604.656244505656,532.024497450624
14,37,144627,213.642507968775,416.038353834346,392.630380219461,474.310522931403
14,38,109772,202.627409539773,513.444275407208,289.003853441679,540.214225849944
14,39,120079,326.366034027599,615.25348312361,626.579743335637,642.560630917979
14,40,66902,274.477489462198,344.831096230307,526.420600281008,511.380377268243
15,1,69078,309.229262572744,608.72011349489,608.790077882973,684.195185153015
15,2,61895,358.97103158575,624.469504806527,623.240617174247,580.257177477987
15,3,78081,208.432935029008,340.975064356245,471.128930213496,587.857135538735
15,4,100961,223.329523281267,469.623537801725,461.276195758758,772.02185992611
15,5,150885,290.950127580608,667.832422043278,361.399801173079,560.864360274381
15,6,165008,298.72883132939,604.251999903035,358.503848298264,557.14554445845
15,7,57445,230.646914439899,429.961702498042,313.660022630342,594.297414918618
15,8,79602,216.766664154167,379.635536795558,498.789653526293,691.460302504962
15,9,119583,259.060292850991,531.468059841282,349.389294464932,430.594465768546
15,10,90695,232.808798720988,599.393263134682,369.030795523458,425.349159270081
15,11,117510,217.707956769637,468.583473746915,483.448174623436,394.959994894052
15,12,136250,267.252777981651,465.808873394495,318.393262385321,495.88256146789
15,13,93570,253.00361226889,569.310836806669,493.392412097895,399.415207865769
15,14,155712,252.039348284012,547.662800554871,369.360800709001,495.503082614057
15,15,90959,458.998493826889,664.020239888301,513.202893611407,485.203553249266
15,16,106260,391.790344438171,560.341436100132,428.830048936571,440.693694711086
15,17,135450,293.835777039498,725.804791435954,431.137157622739,580.099483204134
15,18,107857,222.180748583773,490.765661941274,392.165904855503,402.083925938975
15,19,84849,251.610932362196,392.243562092659,329.32559016606,526.040271541209
15,20,174413,249.895713048913,593.733832913831,322.927734744543,628.909685631232
15,21,116404,184.417588742655,652.005214597437,342.444821483798,673.452063502972
15,22,90246,244.48661436518,419.818584757219,443.994171486825,427.575859317865
15,23,152176,224.548917043423,612.360700767532,320.970987540742,490.951418094838
15,24,82047,203.283727619535,556.345241142272,664.143174034395,582.051470498617
15,25,132344,219.03842259566,462.180537085172,366.004503415342,537.842773378468
15,26,144225,248.499303172127,404.606947477899,371.323036921477,552.023373201595
15,27,157224,217.14224927492,569.176238996591,270.040426398005,570.636556759782
15,28,123108,288.279770607921,701.799623095168,405.028592780323,510.704186567892
15,29,85435,196.397284485281,359.623830982618,407.581962895769,499.961935974718
15,30,123638,198.617277859558,522.943172810948,290.776039728886,526.388116921982
15,31,142959,238.5662952315,511.581061703006,321.421106750887,600.055946110423
15,32,85075,198.466658830444,624.154087569791,560.21137819571,753.674393182486
15,33,151711,152.250733302134,496.004838146212,326.220979362077,699.198436500979
15,34,121669,294.947554430463,452.272008482029,635.186769020868,691.85670137833
15,35,82198,191.460120684202,361.330397333268,417.088359814107,618.269568602642
15,36,128368,170.748589991275,481.140603577216,413.202371307491,462.726115542814
15,37,143961,226.060613638416,419.068803356465,387.213425858392,464.454463361605
15,38,77586,226.013391591266,522.510929806924,623.794357229397,459.375815224396
15,39,54853,236.287842050572,407.905948626329,355.786757333236,629.325488122801
15,40,56046,512.77161617243,631.689558576883,396.395942618563,478.411661849195
15,41,63423,269.185027513678,350.331598946754,530.586916418334,496.362155684846
15,42,82201,185.490748287734,394.246919137237,624.792374788628,537.359484677802
16,1,65691,336.682772373689,638.735123532904,619.018389124842,569.529418032912
16,2,80945,287.437791092717,631.819432948298,612.905182531348,688.9058867132
16,3,100216,205.666081264469,386.901692344536,486.703899576914,705.846711104015
16,4,43188,464.364684634621,660.263082337686,523.484949523016,497.301727331666
16,5,144734,239.896161233711,404.195164923239,361.117899042381,569.756277032349
16,6,160632,308.60486702525,601.446312067334,359.501151700782,556.03518601524
16,7,99360,205.489512882448,631.042391304348,529.796698872786,766.223168276973
16,8,113607,220.368771290501,467.703072874031,480.032242731522,397.316723441337
16,9,89410,233.628072922492,615.282775975842,385.374465943407,427.592618275361
16,10,86211,258.130737376901,578.862813330085,491.691988261359,402.959088747376
16,11,157976,293.97660404112,663.474059350787,355.478458753228,574.922481895984
16,12,132954,270.813191028476,463.856040435038,316.547715751312,487.704108187794
16,13,123694,263.410747489773,541.842967322586,352.856177340857,427.500768024318
16,14,109969,216.862515799907,477.34888923242,452.31999017905,775.897371077304
16,15,134181,291.528659050089,726.298939492178,419.475149238715,579.791170135861
16,16,134240,170.940010429082,473.842610250298,415.701273837902,454.092424016687
16,17,49138,375.103891082258,656.467072326916,469.291485204933,465.468191623591
16,18,147232,227.117861606173,416.463486198652,383.744654694632,467.909381112802
16,19,158047,151.077976804368,495.497364707967,319.052895657621,687.257195644334
16,20,111072,219.376791630654,501.039785004322,392.470289541919,397.299463411121
16,21,190613,245.52959661723,590.067104552155,327.925241195511,629.609103261582
16,22,79475,246.726341616861,401.642944322114,310.426851211073,541.477735136835
16,23,87776,462.962780258841,558.775735964273,433.373974662778,441.90418793292
16,24,126502,226.516418712748,451.917914341275,362.601207886041,542.515651926452
16,25,112279,187.277745615832,648.288638124672,337.181333998343,674.307501848075
16,26,89638,238.228664182601,412.717653227426,441.259376603673,433.279356969143
16,27,148676,230.998742231429,611.928905808604,330.395215098604,484.473169845839
16,28,74336,210.078131726216,565.869054024968,662.739412935859,575.058571889798
16,29,114659,205.472514150655,523.705186683993,303.556066248615,515.342118804455
16,30,116027,260.720918406923,564.433295698415,275.489920449551,563.166073413947
16,31,82065,207.579150673247,335.38356181076,462.317187595199,589.596612441357
16,32,66590,366.357951644391,681.857936627121,357.481303499024,510.251088752065
16,33,64283,395.019149697432,568.507925890204,403.134172331721,511.630882192804
16,34,51786,271.866643494381,518.133066852045,348.017089560885,579.476113235237
16,35,57710,232.502581874892,399.664997400797,361.896066539595,654.110206203431
16,36,64490,243.338626143588,510.950472941541,306.555574507676,609.779934873624
16,37,84667,198.351671843812,359.450565155255,394.030377833158,507.167491466569
16,38,124485,307.555954532675,461.615696670282,632.973402417962,701.208386552597
16,39,88584,191.12827372889,358.825024835185,407.684322225233,625.315858394292
16,40,144239,264.9015800165,532.158292833422,368.97084006406,486.904450252706
16,41,83192,240.509880757765,529.144028271949,617.368797480527,455.875745263968
16,42,36524,489.797831562808,670.140017522725,395.082575840543,485.55399189574
16,43,90909,171.360844360844,400.415316415316,629.024464024464,539.20702020702
16,44,75267,197.598868029814,450.615860868641,281.312620404693,579.729748761077
16,45,82507,244.437841637679,348.940235373968,526.870786721127,496.085568497218
17,1,145181,253.747790688864,455.279843781211,318.706972675488,481.245025175471
17,2,123139,269.54526185855,541.65118280967,363.701897855269,424.197808980096
17,3,68678,315.265252336993,652.17705815545,614.539357581758,575.956492617723
17,4,111142,219.320634863508,619.733098198701,489.377022187832,772.752127908441
17,5,83191,247.114495558414,610.11591398108,372.055162217067,425.570542486567
17,6,119762,195.621716404202,480.810407307827,447.580234131027,777.338938895476
17,7,54710,376.079674648145,667.274026686163,557.85264119905,505.858435386584
17,8,118341,176.389839531523,465.830329302609,421.864873543404,442.897381296423
17,9,169826,285.833782812997,653.497515103694,349.727191360569,577.231849069047
17,10,113837,198.697268902027,384.459349772042,484.477762063301,708.760789549971
17,11,166254,232.122739904002,597.923183803096,334.504860033443,478.224698353122
17,12,58176,266.190164328933,574.823965209021,288.272844471947,561.90944719472
17,13,107250,234.079505827506,512.4491002331,401.845230769231,392.969967365967
17,14,32685,418.17592167661,684.636622303809,409.215695273061,507.33761664372
17,15,107362,235.979285035674,470.505560626665,487.815083549114,398.456576814888
17,16,79932,231.728431666917,573.787431817045,666.132737827153,578.674135515188
17,17,95709,249.056316542854,581.331891462663,491.972938804083,400.910008463154
17,18,56844,352.144219266765,656.619396946028,445.58394905355,459.593448736894
17,19,162907,237.144788130651,393.759034295641,364.009919770176,574.705365638063
17,20,123157,185.122031228432,637.259822827773,331.842274495157,674.030692530672
17,21,125179,221.031906310164,428.565821743264,363.608153124725,533.048442630154
17,22,165088,317.961602296957,589.59657879434,364.551820847063,545.144837904633
17,23,63977,275.518686402926,475.636760085656,356.089657220564,556.887803429357
17,24,137099,278.011860042743,517.118221139469,376.819881983093,479.671281336844
17,25,148951,226.808735758739,411.829373418104,389.355130210606,464.557310793482
17,26,93373,229.06099193557,407.268739357202,449.957418097309,433.83367782978
17,27,176842,267.666385813325,584.414053222651,337.095311068638,625.209356374617
17,28,75104,214.819716659565,328.858183319131,471.874813591819,585.700721665957
17,29,84369,188.502257938342,456.316502506845,278.618924012374,585.200950586116
17,30,76933,340.763573499019,546.407146478104,404.299078418884,505.181404598807
17,31,72130,374.578441702482,638.163565784001,400.252363787606,482.209261056426
17,32,85317,244.418767654746,397.317275572277,312.692628667206,540.267531675985
17,33,100702,169.676759150762,406.716480308236,640.0269011539,536.74393755834
17,34,85902,202.594072314964,397.035098135084,346.713755209425,651.920956438733
17,35,136185,288.111047472189,718.91046003598,411.356537063553,573.149664059918
17,36,130075,270.579088987123,459.783494137997,632.303509513742,705.069805881222
17,37,62551,257.355421975668,542.482949912871,282.148582756471,537.40216783105
17,38,87076,271.286152326703,643.957933299646,600.136834489412,700.340690890716
17,39,84408,198.728983034783,355.068571699365,399.225180077718,502.687126812624
17,40,45250,469.989016574586,603.988110497238,423.710453038674,431.189767955801
17,41,40769,346.12045917241,642.294611101572,317.345949128014,520.838602860016
17,42,85257,194.208405174942,351.313815874356,416.99487432117,629.03728726087
17,43,114258,207.691487685764,498.831854224649,305.940573088974,525.259561693711
17,44,94660,169.270261990281,500.54628142827,332.919543629833,692.011620536657
17,45,82739,256.358875500066,534.864078608637,620.974159707031,453.128004931169
17,46,46050,424.647643865364,503.634788273616,443.647448425624,458.953637350706
17,47,52999,263.642012113436,546.563331383611,305.011736070492,615.439819619238
17,48,81093,248.80591419728,346.559727720025,536.279345936147,496.639315353976
18,1,77447,247.089196482756,533.30622231978,312.40103554689,584.707012537606
18,2,101037,229.820154992725,475.046576996546,535.135653275533,403.42138028643
18,3,128145,183.675953021967,619.636794256506,315.702867845019,651.942237309298
18,4,162859,328.958381176355,580.675922116678,376.166174420818,527.26806624135
18,5,144125,229.412149176062,438.074220294883,366.932496097138,450.274588031223
18,6,97447,253.446991698051,521.774687778998,444.555122271594,384.487331575113
18,7,117013,244.898609556203,416.68024920308,394.296035483237,521.645714578722
18,8,57136,284.417705124615,576.45417950154,309.207889946794,552.818905768692
18,9,93457,334.409471735665,473.201515135303,615.540826262345,734.66311779749
18,10,152739,289.2930489266,508.382286122078,409.188903947256,468.571307917428
18,11,84480,342.648283617424,645.699834280303,405.61396780303,472.811197916667
18,12,81884,275.627057789067,585.784048165698,521.331139172488,405.712446876069
18,13,81589,212.761107502237,384.60862371153,361.162963144542,624.674318842001
18,14,92822,229.403115640689,583.862317123096,674.364827303872,633.075747128913
18,15,80937,240.603815313145,605.903356931935,393.972756588458,413.997862535058
18,16,75635,319.250545382429,680.275480928142,574.337515700403,528.481747868051
18,17,141917,253.805914724804,382.548341636309,392.517098022083,563.091095499482
18,18,126396,231.774842558309,405.224081458274,437.561631697206,459.421967467325
18,19,65549,321.366306122138,661.466826343651,456.731925734946,460.707013074189
18,20,94402,183.508103641872,439.892396347535,298.521429630728,565.987743903731
18,21,65675,277.390057099353,668.107514274838,616.028854206319,621.582169775409
18,22,55344,288.698865278982,631.749855449552,324.265828274068,509.744687771032
18,23,119273,207.656032798705,382.535661884919,485.580055838287,716.321153991264
18,24,101172,166.852884197209,466.284713161744,460.772387617127,425.486083105998
18,25,116368,209.213701361199,421.517135294926,669.909004193593,580.533806544755
18,26,166165,299.367562362712,646.219619053351,358.144627328258,557.92751181055
18,27,122499,277.697785288043,546.204964938489,403.337349692651,415.705760863354
18,28,61773,303.029381768734,685.266168066955,414.729639162741,511.516811551973
18,29,85064,259.921188751998,380.768915169755,351.678054170977,516.339132888178
18,30,139407,276.284784838638,706.488483361668,393.361000523647,579.731505591541
18,31,111858,192.30367966529,471.958930072056,428.31944965939,775.409036456937
18,32,55173,337.471661863593,507.449748971417,487.394595182426,434.211643376289
18,33,87870,323.787686354842,540.586320701036,423.960396039604,502.954239217025
18,34,82892,247.792585532983,457.801512811852,370.050294358925,542.823336389519
18,35,133282,210.751061658739,473.671410993232,331.27894989571,509.464586365751
18,36,86204,213.92892441186,405.817665073546,502.558848777319,433.72906129646
18,37,101797,191.455445641817,607.16844307789,437.280460131438,780.746790180457
18,38,80587,202.053048258404,344.147331455446,435.68406814995,622.601573454776
18,39,63928,384.171208234264,599.509072706795,456.862923914404,422.270898510825
18,40,74985,198.480536107221,349.771474294859,447.580782823231,490.273161298926
18,41,74309,218.919309908625,326.244896311349,498.45686256039,584.040533448169
18,42,81253,264.378213727493,548.863574268027,652.662929368762,482.313613035826
18,43,191862,280.481794206252,563.665832733944,345.544792611356,596.868639959971
18,44,71022,221.451465743009,648.195601362958,566.216031652164,736.10241896877
18,45,53584,249.524559570021,353.682946401911,575.767897133473,503.672644819349
18,46,83107,173.185243120315,480.719650570951,333.695152032921,668.990999554791
18,47,61043,272.445734973707,500.333404321544,310.057287485871,483.960929181069
18,48,169336,236.446030377474,587.221683516795,357.661430528653,460.556172343743
19,1,149994,247.478545808499,384.563802552102,406.320172806912,575.726115711295
19,2,120675,246.627014708929,414.830246529936,416.603737310959,530.651642842345
19,3,86762,223.111834674166,434.182407044559,561.513081763906,478.893363454047
19,4,162319,267.818357678399,424.747953104689,429.151892261534,446.024556583025
19,5,88155,254.662322046396,598.875968464636,413.58240598945,401.846440927911
19,6,86073,238.501318648124,475.33932824463,356.111045275522,434.371324340966
19,7,102595,228.868141722306,404.253257956041,618.261494224865,591.067322968956
19,8,101857,260.98125803823,525.423505502813,497.619564683821,397.503627634821
19,9,76225,233.431813709413,729.896976057724,524.68920957691,665.438058379797
19,10,78518,224.482118749841,495.537698362159,294.628823963932,534.541506406174
19,11,87739,206.25252168363,494.408142331232,657.945303684792,663.053112071029
19,12,87870,243.588949584614,442.45052919085,366.898213269603,538.31675202003
19,13,195766,275.115111919332,543.003110856839,327.316418581368,549.40631161693
19,14,163036,327.746871856522,565.434854878677,364.682241958831,504.188835594593
19,15,89644,255.462897684173,615.324918566775,541.430101289545,439.793059211994
19,16,78961,342.49429465179,642.900330542926,396.050391965654,457.811894479553
19,17,175647,298.737587320023,627.119614909449,331.182661816029,519.208901945379
19,18,92763,275.614792535817,613.77955650421,645.493601974925,562.72207669006
19,19,71754,334.601694679042,534.594726426401,512.144284639184,457.263539314881
19,20,97744,240.640550826649,509.014333360615,583.868933131445,449.703091749877
19,21,116525,180.726350568548,476.86694700708,507.465033254666,449.860665093328
19,22,86341,405.924520216351,531.231940792903,538.766565131282,788.235647027484
19,23,74940,305.222324526288,670.331491860155,442.783920469709,457.016386442487
19,24,129085,183.825076499981,605.53356315606,264.265762869427,597.293000735949
19,25,79340,244.319347113688,549.739311822536,288.744366019662,500.932505671792
19,26,95885,205.354424571101,388.470323825416,359.974761432967,619.961870991292
19,27,67387,271.689450487483,606.245715048897,314.722453885764,466.722350008162
19,28,68039,278.974455826805,685.633651288232,380.36239509693,493.245168212349
19,29,70339,202.023898548458,363.831089438292,504.607543468062,524.268471260609
19,30,53740,158.752419054708,521.703814663193,280.53511350949,597.967863788612
19,31,147757,275.921499489026,500.395757899795,430.959027321887,467.292074148771
19,32,148713,278.052537437884,415.083509847828,486.105471613107,490.302186089985
19,33,155211,244.964892952175,571.083479907996,376.311543640593,434.967302575204
19,34,91068,307.415118373084,542.691351517547,426.059702639786,494.826382483419
19,35,81620,304.728216123499,726.875214408233,520.880801274198,563.123241852487
19,36,124134,174.402701918894,493.085891053217,346.720318365637,770.231540109881
19,37,107309,296.781239225042,545.57798507115,449.073898741019,411.639769264461
19,38,97605,189.869934941857,618.570093745197,312.112268838687,749.935146765022
19,39,77589,204.248553274304,419.294809831291,312.887625823248,546.55559422083
19,40,105844,248.372453799932,690.344629832584,441.804599221496,761.596047012585
19,41,72100,245.847239944522,651.871373092927,598.765658807212,714.271040221914
19,42,80129,247.685656878284,356.368780341699,520.538294500119,630.511412846785
19,43,87528,213.507151997075,420.396535965634,460.711418060506,751.679302623161
19,44,52046,166.756138800292,438.520308957461,322.203819697959,674.941532490489
19,45,68999,348.668285047609,610.102305830519,475.04921810461,431.132059884926
19,46,111659,303.254086101434,703.978917955561,339.118449923428,565.120115709437
19,47,82710,202.480945472132,356.869761818402,441.647684681417,642.01973159231
19,48,86200,266.27711136891,369.279211136891,397.922981438515,517.961798143852
19,50,106792,220.876048767698,449.533129822459,359.467272829425,481.984886508353
20,1,48889,432.338767411892,505.530957884187,563.007813618605,765.382519585183
20,2,29780,394.219778374748,569.641940899933,485.517360644728,800.954633982539
20,3,173684,306.034390041685,622.67513990926,326.276473365422,513.558117040142
20,4,82019,231.950157890245,502.570416610785,656.796876333533,671.731647545081
20,5,163761,280.867807353399,417.20293598598,431.270180323765,451.053877296792
20,6,96720,247.629704301075,509.834801488834,585.96747311828,449.351716294458
20,7,153604,248.050871071066,386.26285773808,405.344366032135,573.090219004713
20,8,121604,244.681030229269,413.281923291997,415.42705832045,529.392939376994
20,9,89347,217.13360269511,431.379621028126,569.363067590406,482.560958957771
20,10,167421,329.88559380245,567.538725727358,363.998381326118,497.009718016258
20,11,62445,149.874641684683,532.26689086396,271.750500440388,594.906061333974
20,12,89821,271.35061956558,616.4773271284,647.037329800381,574.53012101847
20,13,101241,230.980808170603,404.352209085252,618.711925010618,592.253839847493
20,14,92452,231.69262968892,549.323703110803,287.247187729849,496.091788171159
20,15,119146,212.923900088966,447.063417991372,355.860179947292,481.346558004465
20,16,106884,267.274858725347,520.283466187643,503.205241196063,396.588030013847
20,17,94337,314.497143220582,544.195617838176,425.506439679023,488.324273614806
20,18,46255,387.701178251,690.343941195546,369.021165279429,525.027824019025
20,19,91056,240.15188455456,434.823449305922,360.822933140046,540.337407749077
20,20,89900,206.918620689655,433.798765294772,473.443537263626,769.069332591769
20,21,76794,307.417324270125,672.936049691382,441.900942781988,458.370080995911
20,22,89310,323.375142761169,639.046109058336,395.220971895644,450.62586496473
20,23,117562,178.194756809173,467.072659532842,511.581922730134,449.243531072966
20,24,91711,258.147288765797,613.994242784399,541.322273227857,438.647861216212
20,25,90379,229.759767202558,472.909116055721,367.155733079587,422.670211000343
20,26,86145,231.868164141854,731.328341749376,511.526356724128,674.529235591154
20,27,87911,256.427045534688,598.629978045978,418.083322906121,399.814915084574
20,28,68638,203.924094524899,361.737171829016,506.265202948804,527.623036801772
20,29,151089,266.572894122008,414.506343942974,486.246450767428,498.502816220903
20,30,79666,255.967740315819,354.593766475033,523.215236110762,634.121607712198
20,31,45280,342.416939045936,706.597239399293,335.969235865724,626.397548586572
20,32,77876,155.159728285993,425.146900200318,317.313447018337,674.52682469567
20,33,93107,206.705328278218,382.092538692042,357.584692880235,619.912079650295
20,34,91519,312.172040778418,547.397174357237,456.867196975491,417.451119439679
20,35,76763,318.024243450621,528.004741867827,516.156208068992,450.80502325339
20,36,109524,184.212053979037,620.257267813447,296.146552353822,732.297259048245
20,37,145314,286.820726151644,496.562561074638,431.623374210331,465.353888820072
20,38,86679,218.948384268393,487.03174932798,291.772966923938,536.926441237209
20,39,123841,176.837598210609,495.022318941223,341.92768146252,771.05796141827
20,40,77476,350.849798647323,608.098327223914,471.816781971191,430.468958128969
20,41,110808,379.20998483864,528.650070392029,334.002734459606,537.898852068443
20,42,66336,272.731593704776,601.843674626146,317.44640918958,457.458860950314
20,43,73995,204.4665315224,420.286776133523,306.733536049733,550.668234340158
20,44,89675,300.737039308614,730.682620574296,513.669974909395,565.070175634235
20,45,119410,186.525910727745,611.037794154593,263.529210283896,586.415534712336
20,46,103999,232.014798219214,689.238752295695,431.078019980961,762.772949739901
20,47,83203,269.305601961468,363.182289100153,399.995817458505,523.597382305926
20,48,65948,290.196806574877,680.229787104992,380.463213440893,482.583080608965
20,49,77055,207.542833041334,353.153604568166,445.944001038219,644.582986178704
20,50,164495,241.97536095322,558.468956503237,382.132921973312,428.422772728654
20,51,84058,231.127138404435,639.822003854481,593.619679269076,734.721168716838
21,1,131927,238.417715858012,409.503619425895,411.75616818392,526.435089102307
21,2,93408,225.155757536828,498.457883693046,655.908219852689,672.338365022268
21,3,78959,297.212122747249,563.428044934713,469.68626755658,818.863258146633
21,4,91868,252.727641833936,507.910251665433,586.675480036574,453.104617494666
21,5,107025,260.980443821537,512.420939032936,505.523812193413,397.224190609671
21,6,146007,242.549206544892,386.837418753895,396.310985089756,573.543693110604
21,7,79854,298.593495629524,495.333370901896,566.527600370677,770.074185388334
21,8,164129,271.037708144204,411.574310450926,428.730029428072,452.552065753158
21,9,94105,277.441273046066,681.509590351203,376.576760002125,504.819637638808
21,10,95909,225.868385657238,548.421607982567,286.584022354524,486.388284728232
21,11,160466,252.458240374908,416.90451559832,484.808570039759,503.884411651066
21,12,177652,309.90065971675,613.511252336028,325.263335059555,512.863688559656
21,13,89500,230.400670391061,470.077988826816,372.678860335196,416.87338547486
21,14,73117,197.957260281467,425.027449156831,300.074401302023,556.906191446586
21,15,67463,149.760401998132,530.019521811956,268.138401790611,591.519484754606
21,16,78860,322.798478316003,520.807367486685,524.256010651788,452.695815369008
21,17,95277,254.492112472055,615.142552767195,648.472044669752,586.340491409259
21,18,106917,217.461348522686,400.55666545077,616.744203447534,588.152856888989
21,19,86769,213.091161589969,429.891896875612,571.260726757252,485.387235072434
21,20,94230,211.599628568396,375.914698079168,357.588167250345,620.48778520641
21,21,81136,253.805647308223,705.883479589824,320.636388286334,601.688954348255
21,22,91548,251.807499890768,594.350417267444,425.729912177219,396.528629789837
21,23,93214,233.294784045315,434.089739738666,357.333866157444,540.911279421546
21,24,135321,206.497786744112,448.821254646359,350.052305259346,479.811219249045
21,25,148519,299.837744665666,487.278253960773,422.751506541251,465.638174240333
21,26,83930,336.577195281782,599.983057309663,484.621768140117,428.491147384725
21,27,125177,178.861787708605,463.709451416794,512.491863521254,451.279556148494
21,28,70895,199.748783412088,359.423287961069,505.42784399464,527.017293180055
21,29,72727,317.001292504847,668.013062548985,450.095590358464,454.907957154839
21,30,156362,333.776812780599,579.933008019851,369.076655453371,486.980116652384
21,31,90627,219.500270338861,482.919119026339,285.006388824523,541.546227945314
21,32,79344,253.568713450292,349.168443738657,517.791805303489,633.033600524299
21,33,138515,180.962112406599,616.517106450565,263.951456520954,578.770255928961
21,34,85869,235.342533393891,729.963782040084,507.805680746253,682.807031641221
21,35,82947,340.176667028343,632.154556524045,401.401352670983,442.532520766272
21,36,170599,234.019812542864,548.995035140886,388.934829629716,421.246472722583
21,37,89312,311.399789501971,541.22293756718,434.120286187746,482.492710945897
21,38,82424,150.318390274677,418.142276521402,317.674184703484,676.604071629622
21,39,64486,277.868808733679,598.712821387588,318.458549142449,453.211937474801
21,40,88175,260.17804366317,614.233059257159,545.778281825914,439.300028352708
21,41,93898,300.996655945814,542.270623442459,468.248162900168,424.580023003685
21,42,99721,198.052115401971,434.154049798939,476.105815224476,776.516621373632
21,43,121207,182.022531701964,618.831742391116,286.129373716039,724.390068230383
21,44,134021,173.082285611956,489.024981159669,343.028480611248,775.101954171361
21,45,62696,293.926853387776,672.530432563481,389.080132703841,467.594790736251
21,46,84046,265.602503391,358.927813340314,396.321728577208,525.50228446327
21,47,99370,244.21362584281,683.230300895643,427.139599476703,770.211562845929
21,48,84378,474.289376377729,523.320723411316,336.602787456446,533.319550119699
21,49,89572,298.246527932836,733.528479882106,507.640378689769,568.964620640379
21,50,81075,205.508590810977,349.198273203824,442.44571076164,643.300536540241
21,51,81091,225.040041434931,626.933223169032,589.113526778557,748.427421045492
22,1,88392,231.459611729568,499.291949497692,658.707858177211,669.049008960087
22,2,159760,242.851965448172,383.737618928393,393.116762643966,573.402810465699
22,3,168294,312.94929112149,611.979066395712,321.895391398386,505.888100585879
22,4,85922,268.244675403273,488.622040920835,572.678487465376,771.802320709481
22,5,79722,466.416033215424,520.070106118763,332.52109831665,533.966709314869
22,6,101818,225.465389223909,552.537370602447,290.401343573828,480.088039442928
22,7,149015,180.517270073483,616.269986242996,264.624252592021,576.67203301681
22,8,94175,259.048908946111,595.266047252456,429.623445712769,398.534908415184
22,9,93323,214.560676360597,372.259475156178,358.46570513164,620.543199425651
22,10,93962,251.183435857049,508.962729614099,592.835422830506,452.923288137758
22,11,115466,240.66269724421,406.738598375279,408.514194654704,530.248549356521
22,12,87995,331.060844366157,636.242388772089,394.538144212739,447.852321154611
22,13,108736,261.094605282519,507.711236389052,506.72767068864,396.771777516186
22,14,80137,313.180802875076,665.842057975717,453.484258207819,452.476995644958
22,15,92092,261.691384702254,616.822112669939,648.84853190288,586.613060852191
22,16,116560,243.707609814688,564.353088538092,459.400454701441,820.608716540837
22,17,97264,219.754965866096,479.09303544991,284.911035943412,547.898019822339
22,18,72903,195.55638313924,358.06582719504,501.962388379079,524.99345705938
22,19,167555,265.469887499627,405.516391632598,425.132046193787,457.50947450091
22,20,91286,234.131367350963,469.214906995596,371.214249720658,416.912922025283
22,21,99814,227.698218686757,431.074769070471,355.483980203178,544.467409381449
22,22,75203,197.490578833291,425.12080635081,297.32611730915,558.508171216574
22,23,87204,260.438190908674,613.354731434338,549.519001421953,441.76072198523
22,24,86980,212.688192687974,421.010094274546,569.062393653713,486.537479880432
22,25,81269,315.890696329474,512.126407363201,535.377179490335,453.086379800416
22,26,75984,348.414889976837,600.565961255001,494.000697515266,428.042811644557
22,27,152350,292.82924844109,481.967870036101,411.159783393502,459.812425336396
22,28,66903,276.163595055528,592.705663423165,320.521889900303,446.962976249197
22,29,130315,209.677028738058,447.19659287112,343.748171737712,483.040755093427
22,30,89149,241.22039506893,702.696205229447,315.360688285903,588.258746592783
22,31,81816,265.640595971448,356.300259118021,396.902024053975,525.604539454385
22,32,141978,175.240445702855,459.873902999056,515.262167378045,447.674491822677
22,33,90941,230.904080667686,730.109708492319,507.610813604425,687.826623855027
22,34,106021,220.586430990087,397.177842125617,614.706114826308,586.510625253488
22,35,87100,147.433823191734,418.942502870264,313.63205510907,678.242433983927
22,36,144395,171.082156584369,483.68493368884,342.767962879601,773.989168600021
22,37,53215,307.410485765292,675.868909142159,386.394174574838,462.156346894673
22,38,101486,252.41776205585,683.912362296277,430.150395128392,771.606073744162
22,39,81174,265.767918298963,348.709254194693,518.527939980782,632.373457018257
22,40,134497,179.733421563306,613.773853691904,282.378974995725,723.812508829193
22,41,75172,148.742430692279,521.236377906667,264.910658223807,594.768544138775
22,42,86511,207.732138109605,347.485337124759,446.240952017662,646.052120539585
22,43,95901,193.131729596146,431.226149883734,481.363604133429,776.90964640619
22,44,84135,316.070434420871,542.138765079931,446.29523979319,469.44397694182
22,45,69063,390.665001520351,436.214890751922,474.492391005314,494.529762680451
22,46,86512,310.622156463843,542.523557425559,476.291439337895,423.581526262253
22,47,81839,228.886142303792,621.627536993365,592.723322621244,750.320482899351
22,48,171418,234.103180529466,552.127857051185,395.652253555636,417.720151909368
22,49,90353,308.332982856131,733.588779564597,507.914977919936,566.344858499441
22,50,106361,434.604356860127,558.279999247845,390.83586088886,490.841643083461
22,200,28257,316.759103938847,683.135187741091,368.470573663163,494.941111936865
23,1,94971,228.093618051826,499.912225837361,659.920891640606,668.498604837266
23,2,101694,182.209117548725,401.668476016284,620.291885460303,588.112327177611
23,4,86123,339.283815008767,447.784587160224,463.394331363283,506.176631097384
23,5,99192,226.980038712799,474.501905395596,290.842527623195,539.173270021776
23,6,85665,315.109134418958,665.780423743653,456.031809957392,451.195307301698
23,7,89389,327.663426148631,637.30326997729,391.312499300809,448.795970421416
23,8,95912,178.568270915005,421.545270664776,572.807907248311,487.044884894487
23,9,103429,401.544856858328,613.085391911359,318.210598574868,502.704009513773
23,10,98480,180.589551177904,409.300842810723,411.991967912266,530.401269293258
23,11,105189,262.167935810779,509.349428172147,511.815322894979,397.607145233817
23,13,98873,265.461389863765,690.085220434294,360.51844285093,509.211857635553
23,14,89590,221.879194106485,427.747471816051,356.642047103471,538.373401049224
23,15,90538,188.615631005766,345.417040358744,518.793379575427,635.440058318054
23,16,130647,233.030593890407,561.12965471844,454.799069247667,823.041945088674
23,17,90984,239.95749802163,708.273388727688,315.653818253759,591.017409654445
23,18,100730,252.124550779311,511.878070088355,596.382219795493,458.523359475826
23,19,93023,218.860668866839,620.163550949765,274.870257893209,575.564215301592
23,20,69435,275.566904298985,588.860099373515,324.441751278174,441.787311874415
23,21,178390,258.58715735187,404.212965973429,433.358512248444,455.15323168339
23,22,90263,264.016097404252,593.956693218705,441.318846038798,397.583871575286
23,23,95144,227.312641890188,728.696586227192,506.235632304717,694.770169427394
23,24,92784,289.132361182963,619.634656837386,647.793444990516,592.235794964649
23,25,105478,228.502768349798,554.874533077988,291.893674510324,474.491486376306
23,26,99369,139.922098441164,411.160522899496,313.164830077791,674.728627640411
23,27,86084,491.41993866456,564.871149110171,393.102109567399,498.866061056642
23,28,75438,147.051817386463,518.877502054667,260.648161404067,589.893223574326
23,29,74573,198.750915210599,427.566277338983,295.75180024942,554.678006785298
23,30,79274,329.258975199939,596.193468224134,495.65498145672,431.411887882534
23,31,129076,212.372981809167,449.3531330379,345.618922185379,476.398021320772
23,32,154857,293.88474528113,480.346545522643,407.234907043272,461.744067107073
23,33,84887,312.612555514979,506.919634337413,543.327600221471,450.607654882373
23,34,151575,163.332323932047,481.022728022431,340.376770575623,775.26117103744
23,35,124758,182.505001683259,612.331698167653,278.663404350823,722.711224931467
23,36,89591,253.745621770044,607.571720373698,554.249824201092,444.194852161489
23,37,104072,246.25345914367,682.766382888769,426.096394803597,773.567184257053
23,38,90119,234.16893218966,463.254829725141,379.451891388054,417.920183313175
23,39,89451,180.212093772009,342.462510201116,448.383103598618,643.87842505953
23,40,102847,300.483815765166,541.513354789153,480.292813596896,427.409132011629
23,41,71075,293.637664438973,681.469039746746,386.521758705593,472.022891311994
23,42,86067,226.92486086421,617.079089546516,593.430803908583,754.599614254011
23,43,100871,243.160006344737,484.266736723141,571.570828087359,777.353391956063
23,44,113998,180.123440762119,426.676704854471,481.98535939227,778.461981789154
23,45,58683,129.51822503962,357.633232793143,504.447642417736,516.723241824719
23,47,92452,302.121371089863,735.494418725393,504.051507809458,567.737744991996
23,48,93035,315.682753802332,546.762433492771,449.14258074918,465.855312516795
23,49,82493,331.434836895252,546.876268289431,384.160765155831,427.909010461494
23,50,89253,461.793855668717,516.037164016896,333.638320280551,529.461474684324
23,51,50556,236.381992246222,454.568300498457,523.214376137353,450.677031410713
23,52,91222,159.003003661397,354.613240227138,396.375150731183,512.038532371577
23,53,142550,172.600512101017,384.676681866012,389.353840757629,565.805934759733
23,54,86980,164.799494136583,369.489514830996,359.21392274086,605.107300528857
24,1,83168,241.107433147364,503.515234224702,663.601974317045,666.529458445556
24,2,74104,204.535045341682,427.505060455576,292.326676022887,560.537852207708
24,3,79853,419.218676818654,503.100509686549,340.487383066384,520.756164452181
24,5,97087,260.969233780012,511.884062747845,596.068289266328,456.145694068207
24,6,85619,237.119050678004,464.372452376225,298.265338301078,537.513250563543
24,7,89285,323.880416643333,624.584689477516,385.605006440052,442.760609284874
24,8,94172,223.263061207153,426.861445015504,351.935012530264,540.145457248439
24,9,89081,195.771612352802,342.347930535131,517.434873878829,641.26741953952
24,10,109475,187.604585521809,403.316757250514,623.27784425668,588.245928294131
24,11,142015,229.215611027004,560.188670210893,455.797781924445,825.514199204309
24,12,102674,187.672029919941,426.176334807254,572.9966398504,487.902740713326
24,13,73251,272.464935632278,585.317538327122,325.124380554532,440.319176530013
24,14,92399,262.27728655072,595.776393683914,442.688449009188,399.13302092014
24,15,78196,283.917399867001,676.448654662643,381.66814159292,468.51310808737
24,16,76896,333.913233458177,598.134610382855,495.686979816896,427.765956616729
24,17,107218,257.059626182171,511.079520229812,512.256234960548,395.372857169505
24,18,90971,341.88478745974,537.79119719471,386.913796704444,427.165690164998
24,19,83478,180.903830949472,339.542538153765,447.414708066796,645.05233714272
24,20,90735,300.091563343803,664.409566319502,457.726092467074,446.746525596517
24,21,80313,223.785202893678,606.665869784468,272.33483993874,575.201561391057
24,22,142870,207.737663610275,444.721425071744,346.179372856443,473.565136137748
24,23,86394,230.868578836493,455.615505706415,384.717468805704,416.908998310068
24,24,95403,265.963795687767,609.011404253535,557.332777795248,443.101485278241
24,25,86675,246.184170752812,558.447349293337,290.207130083646,474.284880299971
24,26,124209,184.066412256761,614.513247832283,279.557093286316,726.730671690457
24,27,92497,466.368920073083,602.685578991751,330.680789647232,503.023730499368
24,28,82670,328.76140074997,512.840425789283,539.618108140801,448.46568283537
24,29,92672,139.41046918163,408.187478418508,315.393031336326,679.610162724447
24,30,157386,270.855940172569,399.777966274001,438.911402538981,459.071410417699
24,31,160749,163.772402938743,479.222881635345,342.220243982855,778.278496289246
24,32,84133,243.670355270821,711.526749313587,314.740613076914,598.897792780479
24,33,106682,251.449157308637,685.288867850247,426.46423951557,773.380898370859
24,34,88443,252.527548816752,692.422317198648,350.678346505659,508.370962088577
24,35,91844,328.825454030748,540.026055049867,456.298811027394,465.142938025347
24,36,103595,299.293527679907,619.492446546648,650.687571794006,590.889888508133
24,38,97440,253.255972906404,486.770217569787,573.897188013136,781.248101395731
24,40,81161,146.254605044295,519.235642734811,257.113441184806,588.340126415397
24,41,78853,166.974826576034,364.015928373049,355.430357754302,618.38845700227
24,42,114329,181.306807546642,423.12376562377,487.413088542714,779.009962476712
24,43,99305,293.410090126378,738.15991138412,504.540939529732,567.689260359498
24,44,88881,228.831347532093,728.700318403258,510.702399837986,697.906189174289
24,45,55608,327.04833836858,466.798266436484,440.18459574162,508.627913249892
24,46,89625,228.275157601116,615.026934449093,596.913428172943,754.88020083682
24,47,63069,128.264599089886,353.580744898445,508.865496519685,552.434000856205
24,48,97793,308.689568783042,542.128679966869,483.242778112953,424.909645884675
24,49,165270,288.404374659648,471.629969141405,410.808295516428,460.002565498881
24,51,77285,572.22490780876,556.086692113606,400.202367859222,491.090949084557
24,52,64227,213.884923785947,461.894514767932,512.457113052143,464.90594298348
24,53,37638,240.017934002869,398.063526223498,493.112439555768,492.733009192837
24,100,53643,177.394925712581,400.282087131592,414.985105232742,520.611170143355
24,101,46129,166.719482321316,354.010275531661,397.229573587114,511.188428103796
24,102,89258,176.666338031325,384.409207017858,384.671278764929,570.088989222255
25,1,98834,248.188821660562,515.233431814963,602.626656818504,456.646498168646
25,2,183195,259.528840852643,400.039149540108,436.736297388029,452.08293894484
25,3,81934,230.08234676691,503.394244147729,666.404813630483,667.819086093685
25,4,98858,222.888051548686,427.085233365029,346.19748528192,531.115337150256
25,5,75235,172.222808533262,399.237615471523,420.299023061075,525.580979597262
25,6,135707,244.775612164443,555.909090909091,455.252035635597,828.966324507947
25,7,111938,226.767934034912,477.074237524344,303.771105433365,525.012462255892
25,8,6,160.5,393.5,388.166666666667,553.166666666667
25,9,59592,393.348536716338,467.680477245268,371.817307692308,518.868136662639
25,10,86519,251.32543140813,699.134097712641,353.268218541592,507.133126827633
25,11,33609,216.348983903121,447.389955071558,522.557231693891,444.212591865274
25,12,68610,333.46845940825,591.037210319195,496.843317300685,430.113073895934
25,13,32589,217.685231212986,458.209549234404,497.284789346098,483.767191383596
25,14,82441,335.108222850281,511.719459977438,542.102060867772,439.511165560825
25,15,84300,269.527295373665,675.841269276394,388.056951364176,462.060782918149
25,16,64204,279.098560837331,524.590773160551,431.82427886113,398.493115693726
25,17,39081,566.931194186433,597.104884726593,387.463473299046,473.52818505156
25,18,87578,263.013747744867,591.548037178287,435.875322569595,398.839799949759
25,19,88016,200.773018542083,430.061852390474,291.126692874023,558.109991365206
25,20,97973,246.046288263093,603.669133332653,562.916905678095,443.396823614669
25,21,105154,466.444614565304,598.168609848413,330.021939251003,500.774340491089
25,22,98145,313.006663609965,538.937745172958,485.202129502267,428.045758826227
25,23,88596,292.428382771231,659.123685042214,464.072723373516,439.609372883652
25,24,51828,303.280099560083,554.975611638497,342.427317280235,450.491298140002
25,25,65893,276.209764314874,593.530587467561,321.819146191553,440.217504135492
25,26,67855,148.353798541007,511.929703043254,260.288792277651,589.01811215091
25,27,138073,214.524816582532,467.216392777734,336.004005127722,466.1957442802
25,28,98617,261.431193404788,511.285904053054,514.27288398552,392.359025320178
25,29,87641,227.293504181833,611.731244508849,602.008603279287,754.126436257003
25,30,89226,190.026292784614,423.271456750275,578.041613431063,482.436666442517
25,31,90956,139.428042130261,405.193379216324,318.397466907076,685.107249659176
25,32,90282,237.082962273764,466.757194125075,378.258855585831,413.09762743404
25,33,39403,227.033398472198,643.44674263381,290.976220084765,558.29104382915
25,34,80861,162.844572785397,360.318175634731,357.378315875391,616.397818478624
25,35,94477,240.975814219334,618.229844300729,654.931867015252,592.523481905649
25,36,99294,307.674371059681,552.911575724616,443.223387113018,459.501994078192
25,37,85328,190.521212263266,337.582798143634,522.453239264954,641.745124695293
25,38,124333,184.580561878182,613.310199223054,279.087619537854,725.690709626567
25,39,39346,428.613810806689,502.478727189549,442.892593910436,510.813246581609
25,40,91132,215.003445551508,726.943170346311,515.860213755871,700.906618970285
25,41,86647,231.47695823283,708.472676491973,308.884023682297,608.140478031553
25,42,78730,340.686142512384,539.064397307253,284.697192937889,528.949307760701
25,43,101247,190.704998666627,401.321767558545,625.572500913607,588.376613628058
25,44,92301,397.762505281633,483.813458142382,405.893879806286,454.998873251644
25,45,161677,166.368141417765,474.089839618499,343.864031371191,778.894746933701
25,47,85136,320.378641232851,626.580706164255,402.515116989288,436.88372721293
25,48,98821,271.963621092683,737.942421145303,510.080610396576,570.449863895326
25,50,106935,251.11280684528,684.144330668163,428.259101323234,775.561125917613
25,51,110683,183.377347921542,417.371375911387,488.178067092507,778.535267385235
25,53,77317,254.501054101944,557.163547473389,286.184564843437,475.746886195791
25,54,97263,256.696534139395,481.28540143734,577.048528217308,781.518737855094
25,55,90387,176.979709471495,335.370650646664,450.667573876774,643.433369843008
25,56,57070,202.893656912564,396.058437007184,490.488890835816,487.516979148414
25,57,34571,222.39868676058,563.937924850308,252.845622053166,621.376645165023
25,58,58150,273.552398968186,446.258950988822,430.184746345658,501.765210662081
25,100,90302,160.84817612013,355.268388297048,398.060408407344,502.574472326194
25,101,66431,172.194848790474,384.726829341723,386.830214809351,565.480483509205
25,505,16740,131.380704898447,354.395758661888,507.383811230585,503.825029868578
26,1,188674,159.420163880556,379.179462989071,395.231505135843,564.921070205752
26,2,113718,237.659359116411,511.81639670061,603.248975535975,457.651198578941
26,3,41447,178.826356551741,445.118440417883,535.592057326224,429.970009892151
26,4,89141,229.471073916604,502.268664251018,668.110902951504,668.394094748769
26,5,60774,392.020979366176,630.497054661533,330.654424589463,492.242521472998
26,6,74333,262.326611330096,529.636688953762,447.064533921677,396.779465378769
26,7,98934,223.661895809327,426.410243192431,349.715941941092,527.608567327713
26,8,105642,158.26558565722,391.225222922701,429.916141307435,524.862819711857
26,9,72650,387.880275292498,599.668616655196,393.646634549209,460.362890571232
26,10,102612,237.266557517639,471.263741082914,306.363339570421,522.159883834249
26,11,87684,270.050761826559,593.178903790885,432.011655490169,396.218546142968
26,12,67245,258.895679976206,555.080243884304,335.652940739088,448.592371180013
26,13,72054,326.485871707331,586.902725733478,502.160782191134,430.09592805396
26,14,104123,225.350883090191,458.943720407595,384.251577461272,412.228758295477
26,15,89047,312.82349770346,507.813716352039,542.466652441969,445.82943838647
26,16,139810,246.161390458479,555.132107860668,451.091710178099,830.933180745297
26,17,94857,273.63109733599,515.207227721728,516.821341598406,396.831873240773
26,18,88470,178.546219057308,421.074895444784,577.295976037075,484.447711088505
26,19,106397,285.901858135098,532.210823613448,282.52207299078,526.331475511528
26,20,79359,148.118562481886,502.375155936945,260.214619639864,586.817260802177
26,21,106030,166.044770348015,355.192285202301,394.79408657927,507.694218617372
26,22,87363,273.803314904479,617.769811018395,657.617400959216,594.128189279214
26,23,83543,200.044815244844,426.165818799899,292.772057503322,558.922099996409
26,24,78015,276.750932512978,673.244388899571,393.422905851439,455.66957636352
26,25,99616,151.949255139737,357.913256906521,359.908970446515,609.22022566656
26,26,82372,305.595724275239,655.685633467683,468.641164473365,437.83323216627
26,27,106600,241.44892120075,604.199756097561,565.79382739212,444.373808630394
26,28,44876,175.886710045459,444.646759960781,485.182302344237,512.385930118549
26,29,98230,216.088883233228,725.49686450168,521.077114934338,707.13421561641
26,30,93066,244.691466271248,703.061257602132,363.002954892227,502.507596759289
26,31,207885,241.015479712341,401.681174687928,448.557298506386,447.68025591072
26,32,76190,333.224911405696,508.665271032944,443.18352802205,502.962777267358
26,33,80834,336.01204938516,617.563648959596,408.367704183883,426.135846302299
26,34,98748,303.544011017945,559.745078381334,434.361090857536,458.194596346255
26,35,100950,308.409915799901,538.872639920753,488.640227835562,433.272877662209
26,36,63374,283.640294126929,601.748729762994,320.95441348187,444.71892258655
26,37,68328,202.88288842056,409.923896499239,521.030587753191,481.400319049292
26,38,90463,228.595624730553,610.706023457104,606.36144058897,753.798514309718
26,39,96011,261.32098405391,738.528720667423,518.985720386206,573.448396537897
26,40,90271,139.167695051567,397.34182627865,328.201061248906,692.003157160107
26,42,123853,184.133359708687,609.864282657667,281.296415912412,734.042501998337
26,43,67236,243.298426438218,438.17112856208,436.003866976025,498.282259503837
26,44,82120,324.305540672187,462.981259132976,372.691902094496,520.689807598636
26,45,47182,448.871222076216,535.673371200882,361.641579415879,503.517951761265
26,46,81774,172.67385721623,553.741201359845,244.992454814489,620.745151270575
26,47,87887,234.324439336876,713.805966752762,312.705804043829,616.914105612889
26,48,161559,166.341782259113,470.314857111024,346.142084315946,781.174388303963
26,49,95504,245.107356759926,570.674066007707,285.016889344949,487.15855880382
26,50,91747,166.068209314746,402.054279703969,629.509531646811,592.114488757126
26,51,100527,254.604653476181,684.798780427149,428.747580252072,775.936176350632
26,52,68289,183.05245354303,641.669112155691,289.360365505425,532.819341328764
26,53,118493,183.086984041251,415.191445908197,489.659718295595,780.381355860684
26,54,88172,184.838440774849,336.722769133058,523.906217393277,639.920927278501
26,55,91720,167.023571740078,333.020518970781,451.376864369821,640.959550806803
26,56,93984,270.898929605039,483.182786431733,582.676487487232,781.443373340143
26,57,67933,129.03025039377,351.564011599664,511.2870769729,533.987104941634
26,58,65300,290.291960183767,476.982052067381,338.1334762634,461.79663093415
26,59,70347,459.469629124199,484.626053705204,418.884273671941,454.186802564431
27,1,91102,238.349410550811,508.745153783671,671.176110293956,669.716460670457
27,2,107508,235.09907169699,508.01309669978,607.601797075566,458.83890501172
27,3,85533,225.895069739165,419.805104462605,351.396642231653,525.645259724317
27,4,56076,157.72348241672,439.695805692275,534.978511306085,437.949639774592
27,5,91427,251.172804532578,458.589092937535,309.506414954007,520.109803449747
27,6,103023,162.740941343195,373.177533172204,391.722071770381,566.445638352601
27,7,94641,267.598366458512,512.777791866105,526.74627275705,398.617882313162
27,8,87203,322.097519580748,618.87423597812,332.315035033198,491.929004736076
27,9,77245,246.778199236197,549.297171337951,330.831781992362,445.271758689883
27,10,95035,169.587257326248,420.509959488609,584.459346556532,491.431882990477
27,11,69915,176.930315382965,412.322019595223,532.165729814775,483.550253879711
27,12,92198,157.083656912297,354.834898804746,364.214082734983,607.173062322393
27,13,72715,258.404937083133,537.004249467098,453.8988379289,396.657745994637
27,14,155509,243.034126642188,394.069372190677,441.818016963648,463.206187423236
27,15,72904,174.13192691759,636.459563261275,283.308693624492,533.272344452979
27,16,146175,247.406875320677,558.385633658286,452.247319993159,832.134222678297
27,17,102721,238.719151877416,700.991530456285,361.275026528169,495.814624078815
27,18,67420,204.158083654702,400.489854642539,417.307727677247,529.66085731237
27,19,95545,296.741472604532,499.948621068606,540.893338217594,453.242524464912
27,20,90269,248.823195116818,571.186442743356,277.827526614895,497.167311037012
27,21,117167,246.92287930902,602.41337577987,569.036827775739,443.998293034728
27,22,102941,298.031794911648,556.491563128394,428.743960132503,451.006430868167
27,23,89566,302.248643458455,654.691177455731,469.091597257888,433.456456691155
27,24,81009,323.176881581059,587.937229196756,504.9457838018,430.626448913084
27,25,100580,284.801640485186,522.804991051899,284.327699343806,526.864426327302
27,26,36386,441.297449568515,478.906612433353,451.706068268015,416.494420931127
27,27,90705,275.227131911141,619.754644176175,660.690777796152,595.239424508021
27,28,91624,216.008131057365,729.824347332577,523.993866235921,706.634680869641
27,29,88718,257.409093983183,591.030534953448,433.22509524561,395.818762821524
27,30,84770,334.283744249145,585.815217647753,383.478754276277,455.36926978884
27,31,91734,308.698933874027,465.563575119367,367.837235921251,523.673828678571
27,32,95638,166.667266149439,405.852872289257,636.417856918798,598.100273949685
27,33,104357,300.876280460343,537.219544448384,493.241114635338,437.788648581312
27,34,85104,193.2120464373,421.352744876857,294.439803064486,561.638054615529
27,35,67286,147.662277442559,494.505543500877,259.126014326903,593.571857444342
27,36,41994,393.800614373482,489.376720483879,387.322403200457,485.60761061104
27,37,89313,265.131459026122,670.288244712416,394.454905780793,453.142230134471
27,38,159291,165.951503851442,467.540168622207,348.864656509156,784.025387498352
27,39,79645,330.508770167619,512.81199070877,437.875447297382,497.489271140687
27,40,92600,229.574708423326,617.113282937365,608.312073434125,753.887937365011
27,41,43996,162.673674879535,426.45849622693,485.713496681517,518.444972270206
27,42,85856,326.422498136414,619.95420238539,410.740262765561,428.626036619456
27,43,122760,184.287585532747,609.377354187032,280.341210492017,735.734196806778
27,44,94079,183.091221207708,338.225023650336,528.465778760404,643.557318849052
27,45,82566,354.741382651455,535.649528861759,345.198410968195,492.454642346729
27,46,101690,255.257763791917,741.637692988494,521.048628183696,573.525577736257
27,47,92889,128.250600178708,352.003165067984,513.45001022726,535.985369634725
27,49,101271,207.105726219747,451.667338132338,391.185196156846,416.746689575495
27,50,93939,138.035682730282,397.597856055525,334.438571839172,704.385601294457
27,51,105300,252.03873694207,688.576144349478,431.799981006648,777.674017094017
27,52,82126,168.754426125709,355.521454837688,400.499768648175,503.000231351825
27,53,96974,274.382288035968,489.605069400045,587.960989543589,782.863427310413
27,54,115423,185.034767767256,418.191166405309,491.91463573118,783.654159049756
27,55,86591,233.102631913247,715.448972756984,310.199478005797,616.588952662517
27,56,96438,165.21387834671,548.744924200004,241.972407142413,619.446141562455
27,57,89731,164.48469313838,333.181063400608,455.089523130245,645.587567284439
27,58,74030,276.515277590166,450.716858030528,453.485397811698,484.292611103607
27,59,59061,315.513130492203,467.65230863006,340.276917085725,459.807487174277
27,500,37268,294.988918106687,603.918106686702,316.975716432328,446.79022217452
28,1,58017,157.923005326025,433.238619714911,532.392057500388,441.279642173846
28,2,94965,154.96684041489,351.437118938556,365.760364344759,601.911293634497
28,3,104784,241.847505344327,507.588954420522,612.287667964575,460.124627805772
28,4,99880,236.816359631558,506.88719463356,671.867821385663,671.745554665599
28,5,83945,214.701542676753,414.017451903032,350.008851033415,523.504985407112
28,6,92690,251.517520768152,453.085769770202,308.774247491639,518.558701046499
28,7,72618,274.382150431023,598.589605882839,314.408149494616,447.014941199152
28,8,87312,253.73772219168,571.24214311893,272.823735568994,505.602895363753
28,9,97588,275.174570643932,616.218797393122,664.329190064352,598.23332786818
28,10,163705,238.030762652332,553.904334015455,451.825136678782,836.054445496472
28,11,94773,316.329904086607,535.061979677756,492.8926593017,440.764996359723
28,12,89361,163.815042356285,417.814471637515,586.936985933461,490.33533644431
28,13,119723,244.844399154715,599.800188769075,569.477660933989,441.102135763387
28,14,50244,149.579034312555,420.481808773187,491.058255712125,512.804991640793
28,15,105533,301.159390901424,460.188282338226,360.761449025423,526.512901177831
28,16,90271,302.086406487133,653.60055831884,469.642133132457,432.217002138007
28,17,80743,310.660106758481,585.588150056352,504.316621874342,431.605600485491
28,18,83188,168.905034379959,640.461040053854,281.509821128047,531.258174255902
28,19,68315,268.071960769963,540.752880040987,447.679631120545,395.346058698675
28,20,98861,164.514763152305,404.574331637349,638.525505507733,596.699841191167
28,21,79727,325.989702359301,497.804645853977,542.952951948524,445.549111342456
28,22,88767,190.193022181667,418.356709137405,293.791499093131,563.003807721338
28,23,94237,297.95170686673,609.549285312563,334.247811369207,491.52249116589
28,24,90975,243.231217367409,539.790294036823,337.984556196757,438.662533663094
28,25,91348,212.05565529623,728.306925165302,524.340686167185,712.130205368481
28,26,89015,325.014109981464,620.443610627422,405.315901814301,434.485154187497
28,27,88051,227.544945542924,455.652156136784,394.752313999841,414.079567523367
28,28,96914,314.734537837671,557.724580555957,421.381812741193,442.614070206575
28,29,81072,341.905664101046,583.143847444247,376.748704854944,459.237048549438
28,30,103002,240.336129395546,701.354439719617,360.752169860779,494.164258946428
28,31,79999,350.644720559007,516.035287941099,442.832397904974,488.332741659271
28,32,113173,169.126708667262,358.004064573706,405.453438540995,502.897192793334
28,33,82087,337.470866276024,538.136050775397,336.655816389928,497.25751946106
28,34,109982,276.853603316906,518.436744194505,283.416740921242,527.706752013966
28,35,67195,146.990029020016,489.328908400923,258.343284470571,589.996889649527
28,36,99390,226.942650166013,614.372532447932,609.126803501358,757.14073850488
28,37,92508,269.770030700048,668.524538418299,393.893609201366,449.139890604056
28,38,120439,183.979450178098,605.825496724483,279.810036616046,740.529554380226
28,39,88780,278.024127055643,512.462153638207,532.375467447623,398.110069835549
28,40,154745,168.880920223594,462.787075511325,351.062263724191,786.072648550842
28,41,102801,320.71284326028,403.595928055175,443.869456522796,448.007558292235
28,42,73561,171.285776430445,394.640298527752,528.897527222305,484.209309280733
28,43,105502,164.454929764365,334.254706071923,531.699569676404,638.149722280146
28,44,122782,187.338754866348,414.949096773143,496.169015002199,785.531307520646
28,45,101070,278.624982685268,484.368962105471,592.27326605323,781.152033244286
28,46,89589,253.542298719709,595.495306343413,437.135764435366,393.445858308498
28,47,85185,138.358361213829,395.778399953043,336.196243470094,710.947197276516
28,48,62594,336.210818928332,500.425072690673,386.461274243538,488.072674697255
28,49,107542,252.243765226609,686.568624351416,432.182533335813,781.404102583177
28,50,95306,163.721717415483,542.918756426668,237.826485216041,621.150672570457
28,51,67846,302.086799516552,463.789213807741,468.557173599033,477.162706718156
28,52,92422,128.501146913073,350.8707450607,513.467107398671,539.602984137976
28,53,95712,261.650973754597,742.307923771314,525.46964852892,576.643451186894
28,55,86731,229.869250902215,713.608963346439,306.005822600915,619.109856913906
28,56,68938,263.034117612928,419.869955612289,427.358771649888,527.377527633526
28,57,49972,409.316817417754,498.608220603538,458.395341391179,415.2892219643
28,58,112721,150.704642435748,327.26757214716,456.480531577967,638.363712174306
28,59,108840,162.13105475928,369.680668871738,391.217778390298,559.764461595002
28,60,57026,323.31422509031,460.730491354821,345.434415880476,457.659418510855
29,1,105831,155.478659372018,345.8679970897,368.096861978059,602.772061116308
29,2,95074,247.770284199676,443.842627847782,311.200811999074,513.177419694133
29,3,91315,251.268740075563,568.700804906094,268.589651207359,509.866385588348
29,4,103335,258.332936565539,507.141094498476,616.501901582233,463.241554168481
29,5,104192,232.627418611794,504.462837837838,674.886526796683,674.612475046069
29,6,95730,212.484351822835,410.941220098193,353.280413663428,524.519168494725
29,7,156947,234.337375037433,549.007174396452,453.524247038809,840.814402314157
29,8,78685,256.614094172968,541.806151108852,352.518205502955,432.195030819089
29,9,73790,272.102574874644,540.228675972354,448.935709445724,398.620666757013
29,10,45389,159.416334354139,429.892639185706,534.886117781841,443.0702813457
29,11,120674,258.933167045097,600.007441536702,570.96236969024,442.22029600411
29,12,96316,317.62215000623,533.738890734665,503.067870343453,432.397535196644
29,13,89920,328.054515124555,540.053147241993,329.949432829181,491.347275355872
29,14,114849,274.423826067271,508.262579560989,285.64866041498,524.72314952677
29,15,98139,311.257023201785,460.863520109233,358.56081680066,524.266886762653
29,16,92220,331.967751030145,618.494892648016,414.690360008675,438.086109303839
29,17,92536,169.916464943373,642.673413590386,279.554011411775,532.05534062419
29,18,85662,316.624162405734,649.760792416708,475.307557610142,430.196178001915
29,19,65115,280.248544882132,595.340336328035,317.425800506796,441.179851032788
29,20,83548,344.870685115143,575.036458083976,381.828661368315,466.045877818739
29,21,88997,285.923458094093,614.514927469465,667.589750216299,603.776228412194
29,22,98989,165.326389800887,415.673963773753,588.890927274748,490.961036074715
29,23,76836,358.707936383987,515.106460513301,439.923980946431,481.292245822271
29,24,98187,224.825129599642,610.811797895852,611.454133439254,759.941519753124
29,25,89872,187.183516556881,415.147242745238,293.241777194232,562.204457450596
29,26,80416,332.039332968563,492.79073816156,549.362639275766,446.103785316355
29,27,103313,278.123972781741,505.692545952591,534.434737157957,398.145983564508
29,28,64799,145.765876016605,484.851525486504,255.302118859859,590.214401456813
29,29,131672,160.709011786864,362.667552706726,392.880012455192,556.780469651862
29,30,74415,279.657931868575,464.93874890815,476.837304306927,470.924316334072
29,31,68251,172.876075075823,391.040204539128,526.732707213081,484.68325738817
29,32,87409,226.848894278621,454.604903385235,392.262032513814,414.032353647794
29,33,106623,274.598932688069,480.334027367454,591.151449499639,786.678024441256
29,34,98543,207.102919537664,725.6601991009,527.512192646865,719.187704859807
29,35,121882,181.361242841437,600.285440015753,280.167850872155,746.304835824814
29,36,107290,163.837729518128,331.272234131792,537.214297697828,636.917681051356
29,37,101120,243.906418117089,701.01522943038,360.936263844937,493.630953322785
29,38,30820,348.30759247242,501.434782608696,339.601395197923,446.245165476963
29,39,164822,166.745871303588,456.351785562607,352.222464234144,788.79112011746
29,40,91031,314.431292636574,581.281453570762,508.679142270216,436.495589414595
29,41,122644,186.105761390692,409.658580933433,497.665030494765,788.70248850331
29,42,93627,270.967445288218,667.171638523076,394.475973810973,447.221463893962
29,43,84073,270.751989342595,598.595149453451,442.74271169103,393.4158291009
29,44,94127,163.924261901474,399.192219023235,638.965461557258,600.445111392055
29,45,101649,257.22663282472,742.751310883531,528.138830682053,580.74518194965
29,46,96040,310.826957517701,549.591274468971,417.058402748855,433.969897959184
29,47,120573,311.051504068075,408.91446675458,449.423411543214,450.568933343286
29,48,100880,162.148086835845,542.230759318002,235.475664155432,620.577686360032
29,49,86273,137.837840344024,392.261252071911,339.542197443001,716.688801826759
29,50,69772,313.517471191882,500.625838445222,382.344479160695,490.880080834719
29,51,106945,250.055841787835,682.689186030202,433.748983122166,786.906325681425
29,52,88741,128.751749473186,350.046292018346,515.720951983863,540.662692554738
29,53,96298,166.781791937527,354.612120708634,416.178228000582,499.52858834036
29,54,60537,356.575829657895,497.32474354527,457.945306176388,413.630738226209
29,55,44839,146.197305916724,413.569927964495,483.524075023975,505.914204152635
29,56,93286,229.478925026263,712.125024119375,304.87565122312,624.318708059087
29,58,109679,146.263286499695,322.908678963156,460.473189945204,631.331230226388
29,59,54927,289.849145229122,419.375225299033,428.171864474666,525.385001911628
29,345,63954,355.573005597773,603.288504237421,333.154126403352,481.190246114395
29,789,10014,249.777311763531,408.916417016177,358.905731975235,466.184541641702
30,1,136552,247.512383560841,508.872019450466,619.168675669342,473.34444753647
30,2,53721,158.081904655535,433.434038830253,542.015170975968,450.781705478305
30,3,164726,240.685975498707,545.956115003096,445.2815523961,845.81637992788
30,4,91403,243.257507959257,445.15310219577,312.220922726825,512.792862378697
30,5,82471,253.376301972815,552.561542845364,360.669423191182,425.384062276437
30,6,47032,269.645199013438,506.146410954244,345.174136757952,436.695590236435
30,7,99449,154.269645748072,341.023891642953,369.365433538799,604.753340908405
30,8,96712,340.140665067417,567.148802630491,389.061171312764,475.123304243527
30,9,80398,207.716634742158,409.299609443021,354.761511480385,535.30948531058
30,10,83786,338.353257107393,539.03026758647,321.421215954933,485.855894779557
30,11,104202,167.859551640084,640.995537513675,276.791050075814,531.294668048598
30,12,88909,255.727440416606,567.261244643399,267.715214432735,506.962703438347
30,13,107432,299.207303224365,459.164718147293,365.698562811825,524.523019212153
30,14,94951,325.536202883593,540.818717022464,412.973586376131,429.972027677434
30,15,104011,324.634096393651,600.043312726538,337.827412485218,481.446587380181
30,16,136474,155.767420900684,359.490401102041,401.508924776881,558.821731611882
30,17,95827,314.850595343692,541.444676343828,508.579690483893,432.104918238075
30,18,117748,255.199383429018,604.113793864864,575.959099092978,446.87255834494
30,19,112523,228.221803542387,507.50969135199,673.556010771131,682.127751659661
30,20,97585,308.85607419173,497.250919711021,551.282317979198,452.135246195624
30,21,91272,186.897723288632,416.238605486896,291.451102200018,556.446522482251
30,22,104437,276.985187242069,507.94903147352,537.5248140027,402.323008129303
30,23,99337,169.906077292449,418.499813765264,588.788135337286,496.800064427152
30,24,89918,350.032040303388,521.678974176472,434.707566894281,481.872595031028
30,25,97885,312.913081677479,656.649782908515,477.683935230117,435.804944577821
30,26,74814,167.042986606785,399.56159275002,521.9661159676,493.956157938354
30,27,117494,275.843081348835,504.267341311046,288.575603860623,520.185643522222
30,28,104217,204.776639127973,725.180344857365,521.432741299404,728.833894662099
30,29,83424,291.094385308784,603.373022151899,447.840849156118,397.253104622171
30,30,71542,281.433535545554,545.701098655335,447.957549411535,400.955578541276
30,31,53021,309.939061881141,402.981139548481,394.242847173761,463.150393240414
30,32,97379,334.149282699555,621.350363014613,420.751527536738,444.665400137607
30,33,118193,186.259761576405,404.476652593639,492.651662958043,791.824287394347
30,34,102610,243.61154858201,702.942617678589,358.983851476464,496.738339343144
30,35,110165,274.476412653747,479.645695093723,589.951227703899,792.414233195661
30,36,162718,164.79047185929,452.413758772846,344.106066937893,791.204955813125
30,37,96769,226.213084768883,610.118994719383,602.038917421902,773.1839018694
30,38,116006,181.621976449494,598.491646983777,274.165896591556,750.311535610227
30,39,99990,265.636753675368,668.83397339734,392.302400240024,450.138163816382
30,40,93205,321.918652432809,587.828453409152,510.259299393809,438.113888739874
30,41,81874,273.769194127562,461.933336590371,475.737352517283,471.72372181645
30,42,98124,163.751121030533,330.266183604419,537.200032611797,639.271941624883
30,43,94545,143.474758051721,483.226135702576,251.726722724628,581.933227563594
30,44,100752,209.492466650786,453.395982213753,396.738059790376,415.117893441321
30,45,112520,159.404994667615,541.517890152862,230.202115179524,619.159776039815
30,46,104001,163.79364621494,353.420649801444,422.186517437332,499.43825540139
30,47,89193,137.422891930981,390.806464632875,330.712488648212,717.356070543653
30,48,105269,245.433175958734,677.809421577103,426.486819481519,798.838071987005
30,49,86013,292.526978479997,617.977201120761,666.140560147885,612.805494518271
30,50,92781,231.085944320497,714.827852685356,302.382254987551,630.947047348056
30,51,97190,271.292149398086,746.943625887437,524.799948554378,592.855129128511
30,52,69458,323.018370814017,492.628178179619,455.956088571511,419.935399809957
30,53,92569,175.614287720511,398.543594507881,638.942583370243,608.632598386069
30,55,83983,128.466927830632,349.516937951728,516.836836026339,540.39678268221
30,56,46981,288.262638087738,430.05476682063,492.312339030672,433.246056916626
30,57,75695,298.813501552282,494.035827993923,376.711632208204,484.727075764582
30,59,47219,142.189267032339,404.537749634681,477.378978800906,499.065185624431
30,60,54477,285.359509517778,420.683003836481,430.298125814564,527.518108559576
30,61,98000,146.586469387755,320.047530612245,459.475969387755,632.82906122449
30,101,37604,196.848048079991,404.92357196043,350.694154877141,479.941734921817
30,500,55146,270.334076814275,598.014778950423,317.398886591956,435.738929387444
31,1,115300,153.036175195143,339.776452732003,369.951751951431,602.387944492628
31,2,81026,276.270876015106,549.740897983363,450.20076271814,406.095845777898
31,3,106049,205.931418495224,409.570660732303,365.07525766391,526.480145970259
31,4,94436,243.47970053793,439.438540387141,317.197901224109,509.128033800669
31,5,54222,150.27745195677,431.555733834975,541.950610453321,457.555457194497
31,6,97936,334.145125388009,568.569341202418,383.391000245058,472.092009067146
31,7,120632,295.233404071888,456.892955434711,363.9989969494,525.010619072883
31,8,126762,260.327968949685,605.566691910825,577.059339549707,451.491858758934
31,9,145787,153.766460658358,360.434469465727,394.009781393403,556.193048762921
31,10,167191,237.41203174812,547.023464181684,447.945062832329,848.797447231011
31,11,50726,183.823423885187,403.853566218507,355.622008437488,471.982237905611
31,12,89830,347.958165423578,523.091172214182,426.973728153178,479.397083379717
31,13,104372,169.935892768175,642.63767102288,274.581056221975,530.446815237803
31,14,110469,228.283283092994,511.141324715531,676.305044854212,684.759597715196
31,15,191408,223.2983417621,506.915891707766,624.722932165845,487.001797208058
31,16,54371,247.707123282632,500.425005977451,346.189034595648,433.811719482813
31,17,93137,254.841470092444,563.731277580339,266.367405005529,509.406004058537
31,18,84968,327.64437199887,538.553055267866,315.483193672912,482.02479757085
31,19,99161,325.768961587721,655.76084347677,483.387470880689,436.156180353163
31,20,105494,323.983961173147,527.296737255199,408.375073463894,425.234231330692
31,21,108051,176.460458487196,450.966969301534,400.69444984313,411.616097953744
31,22,86254,252.997576923969,552.129199805226,362.532439075289,421.135483571776
31,23,80529,161.33558097083,402.376746265321,524.814961069925,499.448856933527
31,24,98687,243.037806398006,449.599400123623,469.739013243892,467.272102708563
31,25,77075,292.531119039896,490.675173532274,457.258760947129,420.480259487512
31,26,116591,271.676810388452,498.119117256049,287.4676261461,518.711615819403
31,27,72319,225.830901975968,425.41168987403,495.026065072802,434.267370953691
31,28,95635,288.367501437758,602.38254823025,457.69257071156,398.435980551053
31,29,96330,269.674130592754,669.196615799855,394.264144088031,448.751406623067
31,30,115361,173.422967900764,418.563804058564,593.29873180711,503.143870112083
31,31,76414,231.644148977936,410.615751040385,404.044023346507,456.378517025676
31,32,74314,187.694795058805,416.312928923218,289.623206932745,556.695965766881
31,33,73626,291.906092956293,603.076073669628,320.395933501752,442.306807377828
31,34,46996,136.665652395949,390.034577410843,473.657545323006,495.563537322325
31,35,100886,166.560305691573,331.500604642864,543.47613147513,647.48971115913
31,36,106622,208.887171503067,727.118615295155,523.246984674833,733.03002194669
31,37,99680,298.54209470305,494.270575842697,554.574628812199,456.653762038523
31,38,76307,297.172631606537,495.187846462317,369.929298753719,482.982504881597
31,39,96849,347.513531373582,617.654503402203,427.505890613223,443.913938192444
31,40,96930,247.257753017642,705.238027442484,358.86022903126,497.114082327453
31,41,96584,322.620910295701,588.111581628427,509.817547419862,438.135156961816
31,42,102307,227.632732853079,612.563539151769,604.575747505058,775.737974918627
31,43,49854,286.82623259919,477.386127492277,438.561960925904,512.277450154451
31,44,163820,164.548742522281,452.830692223172,344.620559150287,796.358008790136
31,45,123413,185.511445309651,405.674207741486,495.402259081296,797.459319520634
31,46,101193,257.754617414248,510.981223997707,541.047661399504,405.953791270147
31,47,84631,293.174356914133,622.20980491782,667.908154222448,615.112842811736
31,48,96559,237.391563707163,716.697677067907,301.759514907984,634.53829265009
31,49,100942,276.664401339383,479.976461730499,594.892076638069,793.285768064829
31,50,90322,136.624853302628,392.39085715551,327.114147162375,720.001494652466
31,51,114246,182.59450659104,598.407007685171,273.321569245313,754.337403497715
31,52,95183,142.62772764044,481.242406732295,250.23551474528,581.911150100333
31,53,110290,159.392147973524,539.795910780669,228.555861818841,619.741581285701
31,54,103034,253.781557544112,681.550750237786,426.094279558204,800.543936952851
31,55,100830,163.722651988495,355.846434592879,427.11615590598,488.797351978578
31,57,110344,139.731621112158,317.161404335532,464.046155658667,630.36384397883
31,58,62684,154.646034075681,378.117621721651,434.463515410631,543.343022142812
31,59,89602,128.046059239749,346.259726345394,520.792928729269,540.873328720341
31,60,104256,275.295887047268,750.470783456108,525.599342004297,595.131445672191
31,61,81876,187.807293956715,399.493844349993,642.559602325468,616.105781914114
31,62,73984,354.74774275519,533.115633109862,499.602657331315,442.098426686851
31,405,48590,377.244679975304,600.949969129451,338.146923235234,472.453508952459
32,1,161553,157.146137799979,361.732038402258,404.768038971731,551.115856715753
32,2,168210,235.220397122644,548.510278818144,452.60555852803,849.998109505975
32,3,117984,288.283775766206,459.572848860863,366.273291293735,519.415005424464
32,4,79175,270.278825386801,553.486946637196,450.177480265235,408.795907799179
32,5,100147,325.84508772105,568.451436388509,383.844238968716,470.627916962066
32,6,91548,236.354207628785,441.351826364312,470.55794774326,461.271759077205
32,7,93275,249.831015813455,442.158402573037,317.645264004288,504.981441972661
32,8,79912,162.571866553209,400.650115126639,524.409200120132,498.231967664431
32,9,148527,230.435462912467,505.609572670289,626.125330747945,475.660001211901
32,10,97807,328.346273784085,660.929585816966,489.033545656241,438.671690165326
32,11,83188,228.141835360869,417.351817569842,406.763764004424,446.877494350147
32,12,88049,337.845722268282,599.42377539779,337.49860872923,472.855705345887
32,13,87666,336.765849930418,516.812971961764,425.563217210777,478.452969224101
32,14,118797,259.391036810694,610.239442073453,576.571546419522,447.414673771223
32,15,123178,179.891904398513,453.068640503986,401.85990193054,406.491711182192
32,16,95496,210.949139230963,411.999015665578,370.70749560191,522.401158163693
32,17,72759,282.026828296156,491.767341497272,461.799516211053,413.455861130582
32,18,89271,280.801357663743,628.159391067648,669.895385959606,612.361483572493
32,19,107851,319.466662339709,527.124922346571,409.564399031998,424.282445225357
32,20,88776,318.88436063801,536.413400018023,314.098607731819,478.885622240245
32,21,93945,252.044025759753,562.143360476875,265.706722018202,509.599073926233
32,22,124196,188.663829752971,404.045194692261,502.028865663951,797.84256336758
32,23,100411,169.515212476721,643.347153200347,274.895111093406,527.107996135882
32,24,85414,249.443674339101,555.788840236964,365.206652305243,417.626665417847
32,25,76997,177.218657869787,411.944426406224,295.592269828695,555.853708586049
32,26,100466,258.222672346864,514.766886309796,545.498218302709,403.832361196823
32,27,109330,271.9847434373,488.326726424586,285.321988475258,521.192819903046
32,28,107920,169.665437361008,421.842420311342,597.52885470719,497.851269458858
32,29,108530,231.520574956233,513.860766608311,681.750299456372,683.108007002672
32,30,92402,163.653167680353,329.244291249107,546.114629553473,647.303099500011
32,31,72829,251.550824534183,476.040162572602,442.898227354488,502.241730629282
32,32,105196,274.891117532986,480.5578253926,598.583501273813,793.225835583102
32,33,91096,351.400895758321,588.073043821902,515.343022745236,437.14378238342
32,34,166842,164.046373215377,452.385826110931,346.795854760792,797.790370530202
32,35,99380,339.195602736969,621.474139665929,433.443570134836,440.735258603341
32,36,98868,267.898844924546,671.761783387952,396.645183476959,446.436086499171
32,37,98954,150.478970026477,337.251965559755,370.005396446834,599.924207207389
32,38,91457,127.641448986956,345.132324480357,523.886832063155,545.922236679532
32,39,79474,293.587009588041,496.419709590558,362.295580944712,481.88420112238
32,40,90840,290.441699691766,493.706858212241,550.840774988992,453.76036988111
32,41,103218,212.118516150284,730.403728031932,528.72395318646,730.230357108256
32,42,56971,244.129995962858,502.794070667533,348.720664899686,428.202120377034
32,43,101654,232.775493340154,612.786452082555,610.063568575757,776.525576957129
32,44,75915,349.373681090694,526.968886254363,499.253217414213,441.721609695054
32,45,94132,136.123932350317,389.979741214465,329.130136404198,719.5227127863
32,46,94739,248.548506950675,704.07205058107,361.281974688354,491.236449614203
32,47,104756,263.023588147696,750.65433006224,528.437511932491,594.390163809233
32,48,93656,143.257794481934,476.215917826941,251.296531989408,582.347623216879
32,49,127290,181.072488019483,601.303323120434,275.690816246367,756.064584806348
32,50,85591,274.957834351743,602.981808835041,457.498159853256,392.848149922305
32,51,99840,232.973768028846,720.480148237179,306.102153445513,632.934244791667
32,52,106051,260.049796795881,684.010278073757,427.311529358516,799.619616976738
32,53,100867,161.183647773801,535.717677734046,228.829904726025,625.529092765721
32,54,78526,194.267210860097,399.870883529022,647.982655426228,620.574013702468
32,55,105590,162.645695615115,354.717994128232,429.607661710389,485.915796950469
32,56,107209,136.571481871858,315.181150836217,468.221044874964,623.015707636486
32,58,37639,139.981136587051,381.918143415075,476.188288743059,489.361885278567
32,59,64581,152.760471346062,384.263018534863,438.413527198402,526.077282792152
32,60,41306,149.099743378686,434.774512177408,541.795283978115,457.831404638551
32,101,54550,289.664344637947,604.911035747021,310.880531622365,446.982768102658
32,567,33346,256.641486235231,419.548251664368,496.113626821808,425.19681521022
32,656,27144,179.000847332744,403.288240495137,356.612216327734,464.749484232243
33,1,88267,299.174617920627,492.243397872365,554.487203598174,450.737591625409
33,2,27734,447.645020552391,552.732133842936,507.033749188721,406.640224994591
33,3,159164,157.182208288306,364.067804277349,407.156530371189,548.341886356211
33,4,88443,258.510577434054,447.317571769388,320.143165654715,495.301165722556
33,5,77310,271.649890053033,561.660005173975,452.858077868322,415.738106325184
33,6,88551,319.466928662579,537.792469876117,308.39704802882,479.41958871159
33,7,101746,321.632948715429,572.300404929924,381.9554871936,469.41457158021
33,8,96797,335.484736097193,662.014866163208,490.807979586144,436.929192020414
33,9,109358,228.359553027671,513.49854605973,683.346065216994,684.260419905265
33,10,83769,347.712960641765,517.671382014826,421.463966383746,475.034607074216
33,11,101572,208.689058008112,415.099397471744,377.486216673887,508.526208010082
33,12,89508,266.50745184788,515.339075836797,547.31820619386,402.867777181928
33,13,106155,307.367076444821,463.355009184683,370.993349347652,506.413800574631
33,14,95821,274.062094947872,634.489214264097,668.394944740714,615.601371306916
33,15,85382,220.814996135017,424.136234803589,499.318427771661,430.355601883301
33,16,109250,168.574837528604,409.151533180778,519.823304347826,508.435130434783
33,17,126590,262.462856465756,611.220380756774,574.926329093925,449.06727229639
33,18,77574,169.162876737051,406.588753963957,297.08361048805,551.357761621162
33,19,81890,236.32177311027,471.290926853096,446.401355476859,500.735315667359
33,20,77935,282.407442099185,497.582960159107,463.839584268942,408.646692756784
33,21,86970,248.50656548235,557.310267908474,368.28252270898,413.576106703461
33,22,102688,167.469344032409,417.929076425678,597.376012776566,493.100644671237
33,23,112446,267.779093965103,480.906141614642,285.51867563097,524.668961101329
33,24,180255,212.086777065823,506.082743890599,629.711553077585,481.064658400599
33,25,91763,251.065832634068,563.09446073036,263.233449211556,511.28919063239
33,26,171910,159.946669769065,450.321476353906,344.543831074399,799.621069164098
33,27,74273,303.666298654962,499.690116192964,353.809796292058,480.194485209969
33,28,120074,199.019846094908,401.176965871046,504.0578809734,799.384146443027
33,29,93521,171.952246019611,648.396713037713,276.21170646165,525.040290416056
33,30,62211,237.389802446513,507.038514089148,347.447091350404,427.221102377393
33,31,94952,345.439822225967,623.92751074227,436.33564327239,442.566939085011
33,32,103297,218.88212629602,731.995266077427,528.896908913134,729.920462356119
33,33,100397,332.521649053259,534.485004532008,415.47111965497,426.375300058767
33,34,186505,222.114163159165,545.938398434358,454.353025388059,855.622948446422
33,35,114379,318.390937147553,584.804422140428,514.710077898915,446.22282936553
33,36,95448,228.73098441036,422.015107702623,408.084035286229,440.098283882323
33,37,94642,285.982143234505,675.704433549587,399.583546417024,447.500602269605
33,39,78613,142.323407070077,476.804981364405,246.442089730706,588.685700838284
33,40,84084,291.121021835308,605.394926502069,456.569038104752,394.225286618144
33,41,57014,169.612007577086,403.387483775915,352.817395727365,469.005805591609
33,42,103123,262.632603783831,474.490899217439,601.167353548675,792.570435305412
33,43,98450,242.219817166074,724.413671914677,309.232940578974,634.528491620112
33,44,100317,231.806812404677,612.494063817698,613.600077753521,776.168266594894
33,45,76000,233.23825,441.053539473684,464.575131578947,457.364921052632
33,46,118517,256.149227536978,683.331614873816,428.490722849887,803.232456103344
33,47,99905,158.010319803814,326.398808868425,547.867203843652,644.459776787948
33,48,42489,383.350255360211,510.782790839982,493.30064251924,492.328320271129
33,49,101909,152.797466367053,334.64138594236,371.889018634272,589.665368122541
33,50,102395,284.324996337712,754.394052443967,527.56598466722,594.70283705259
33,51,126919,176.983485530141,601.286868002427,278.937597995572,765.422482055484
33,52,93107,137.93610577078,388.41239649006,327.487385481221,722.636590159709
33,53,95259,258.818274388772,707.176508256438,364.151712699063,491.983875539319
33,54,41466,146.409419765591,378.978922490715,472.644624511648,486.871026865384
33,55,94450,128.326320804659,343.059640021175,522.627930121758,544.897289571202
33,57,119202,135.361504001611,311.853165215349,469.95167866311,622.085032130333
33,58,89897,162.09747822508,537.926004204812,226.197192342347,622.94900830951
33,59,73657,195.45733603052,393.071276321327,644.443338718655,622.277543207027
33,60,107091,158.34055149359,349.084423527654,433.741313462382,487.122802102884
33,61,64878,159.69316255125,381.475307500231,440.067033509048,504.828647615525
33,200,87049,192.164700341187,460.033475398913,396.167204677825,399.97424439109
33,201,90293,331.267230017831,599.668080582105,340.574629262512,468.567364026004
33,202,62075,276.600579943617,610.896335078534,307.606637132501,447.744905356424
33,900,8887,148.682795093957,431.991223134916,542.361314279284,455.222234724879
34,1,81295,238.258958115505,472.789925579679,452.388080447752,498.036853435021
34,2,111055,310.451704110576,472.339759578587,363.766620143172,503.949070280492
34,3,80972,350.964555648866,513.737464802648,424.150447068122,471.624919725337
34,4,75321,159.392639502927,383.878719082328,442.881693020539,500.397737682718
34,5,51345,318.339760444055,558.876852663356,503.411627227578,401.621949556919
34,6,129102,255.179749345479,609.714923084073,576.525816796022,447.584111787579
34,7,106269,228.396267961494,511.210352972174,684.636008619635,690.225832557002
34,8,61584,170.982966354897,407.044216030138,349.132777994284,470.419329696025
34,9,78019,299.315717966136,505.140363244851,348.32021687025,472.363424294082
34,10,96369,276.203654702238,490.51020556403,556.39170272598,450.539789766419
34,11,95650,254.481714584422,454.931583899634,314.309315211709,490.086251960272
34,12,97245,342.562003187825,662.824320016453,495.488343873721,437.149992287521
34,13,190286,221.566100501351,545.016438413756,456.821563330986,856.452308630167
34,14,95460,256.703195055521,516.686455059711,549.467913262099,403.479991619527
34,15,163948,212.672920682168,501.2771183546,630.501512674751,478.861023007295
34,16,90306,315.149668903506,540.364183996634,305.969514760924,482.366221513521
34,17,61177,235.191722379326,507.107556761528,349.024633440672,424.927292936888
34,18,41912,143.892560603169,374.363094101928,477.96929280397,477.743414773812
34,19,93110,250.327376221673,561.381344646117,374.516722156589,410.909558586618
34,20,76229,290.442534993244,568.641829225098,461.290650539821,421.790434086765
34,21,124889,318.60495319844,582.69192643067,513.371129563052,450.309122500781
34,22,38565,239.597951510437,433.867237132115,407.243744327758,430.28416958382
34,23,122120,202.679831313462,398.597322305929,504.645905666557,801.359457910252
34,24,91576,279.00182362191,634.411330479602,670.946164934044,618.451067965406
34,25,84428,168.139041550197,401.760529682096,299.927737243568,546.291834462501
34,26,96891,213.06709601511,422.372459774386,380.11013406818,504.295662135802
34,27,97947,171.020878638447,648.006585194034,275.899711068231,524.491704697438
34,28,88653,205.133994337473,427.340845769461,499.210799408931,425.275252952523
34,29,120120,150.808874458874,331.607575757576,372.201082251082,586.83459040959
34,30,166963,163.074477578865,449.678491641861,343.481585740553,802.25373286297
34,31,92220,343.088028627196,540.172912600304,416.233029711559,427.329570592062
34,32,100498,320.390664490836,605.153863758483,343.866455053832,463.527841350077
34,33,87582,164.396291475417,404.747665045329,520.836096458176,499.584309561325
34,34,77216,217.81007822213,435.055830397845,460.630568794032,450.900370389557
34,35,96637,248.139522129205,564.336517069032,261.577170235003,513.769518921324
34,36,101106,239.457628627381,725.423011492889,310.453978992345,636.30015033727
34,37,95136,328.231353010427,569.530125294316,381.826585099226,467.944532038345
34,38,102473,219.247060201224,731.645477345252,530.083719613947,736.171420764494
34,39,87121,278.083355333387,502.18818654515,468.861216009917,412.220038796616
34,40,101713,284.616469871108,675.61222262641,399.944431881864,448.250233500143
34,42,114219,160.55483763647,415.108064332554,598.515973699647,495.520430051042
34,43,96744,129.499359133383,338.537108244439,521.219083354006,536.943345323741
34,44,94233,352.242961595195,627.331327666529,440.925291564526,442.442053208536
34,45,85293,142.207566857773,475.491775409471,245.867538953959,586.740787637907
34,46,106022,260.74128954368,472.8254041614,603.259625360774,795.131595329271
34,47,88706,293.98345095033,605.318152097941,450.760681351881,395.313191892318
34,48,93203,162.647028529125,324.879274272287,553.099320837312,648.964668519254
34,49,120033,262.123815950614,475.86977747786,282.042879874701,528.329709329934
34,50,111608,282.104078560677,756.437791197764,528.735574510788,594.969715432586
34,51,131675,176.641177140687,601.087169166508,278.992284032656,767.570806910955
34,52,111727,251.290511693682,682.177128178507,430.455529997225,806.133020666446
34,53,97587,231.706815456977,611.094654001045,616.216678451023,778.142518983061
34,54,97933,138.029285327724,386.077553020943,329.457772150348,728.041712190988
34,55,67851,297.913870097714,614.76048989698,304.856111184802,462.28322353392
34,56,48111,286.149965704309,502.660181663237,489.251106815489,468.116833988069
34,58,95393,262.728019875672,706.867034268762,366.02067237638,488.900432945814
34,59,84218,208.330701275262,393.035883065378,649.067527131967,625.809921869434
34,60,91776,161.830925296374,535.371654898884,225.263750871688,631.998322001395
34,61,118816,179.934941422031,368.629536426071,404.46412941018,533.416071909507
34,62,84832,156.114096095813,344.825997265183,437.103286495662,488.651864862316
34,63,96938,136.088768078566,308.774350615858,470.976871814975,618.150591099466
34,300,60402,209.329806960034,460.662312506208,389.705142213834,403.328002384027
34,456,14221,146.133113001899,429.657619014134,544.842275508051,451.160748189298
35,1,95764,159.523317739443,403.9236351865,521.159193433858,494.240257299194
35,2,64289,170.21768887368,410.111729844919,345.508298464745,471.321921324021
35,4,124007,225.713225866282,506.105582749361,628.530687783754,468.645205512592
35,5,139362,255.483481867367,608.085661801639,578.517759504025,447.822361906402
35,6,115045,299.262123516885,475.044078404103,363.492476856882,500.843921943587
35,7,91949,302.728044894452,510.771851787404,344.467106765707,464.29608804881
35,8,76278,158.081806025328,384.977018275256,446.562481973833,498.146359369674
35,9,84361,327.009328955323,547.620488140254,303.886487832055,480.706866917177
35,10,86257,266.548071460867,518.090728868382,550.595522682217,402.850377360678
35,11,94948,334.529795256351,576.590302060075,382.198413868644,464.347506003286
35,12,96426,327.415603675357,615.024993259079,348.868987617448,456.446373384772
35,13,106121,226.02322820177,511.597855278409,687.094467636,690.090132961431
35,14,166527,234.76017702835,542.73084244597,458.760038912609,860.460477880464
35,15,51900,318.103815028902,557.062427745665,502.328766859345,402.535125240848
35,16,76894,232.778734361589,470.994550940255,443.478827996983,495.680092074804
35,17,99731,355.860193921649,664.239414023724,498.117155147346,438.678214396727
35,18,78300,205.53367816092,425.602311621967,500.374469987229,425.194929757344
35,19,115062,151.373294397803,329.593175853018,370.873928838365,588.641158679668
35,20,76189,354.746420086889,516.157923059759,414.109950255286,468.707844964496
35,21,99195,343.91088260497,543.059912293966,418.719874993699,429.065154493674
35,22,91503,284.882036654536,489.907839087243,554.206485033278,452.904790006885
35,23,122247,202.904365751307,396.858483234762,505.794236259377,804.174294665718
35,24,90070,278.550405240369,632.169679138448,673.630287554125,622.531142444765
35,25,93363,174.51971337682,649.887964182813,277.573910435612,520.51437935799
35,26,167644,163.215510247906,448.533147622343,340.400252916895,802.814863639617
35,27,90118,170.638773607936,400.035564482123,300.513826316607,540.513726447547
35,28,96660,252.453838195738,565.136737016346,259.799379267536,514.557386716325
35,29,112782,316.967769679559,576.927240162437,519.3435831959,447.47590040964
35,30,97909,241.657283804349,725.719423137812,308.017465197275,638.615571602202
35,31,96634,129.494939669268,337.095897924126,519.95073162655,536.127098122814
35,32,91061,157.503662380163,342.841216327517,436.848837592383,491.626129737209
35,33,78489,291.635694173706,575.849405649199,464.096943520748,429.229433423792
35,34,80939,202.323861179407,429.274873670295,458.587664784591,448.224255303377
35,35,95572,140.283179173817,478.79880090403,242.578056334491,584.687649102248
35,36,96456,214.07319399519,425.254406154101,386.058928423323,498.463496309198
35,37,102575,165.969115281501,324.060014623446,557.181369729466,652.422344625884
35,38,126511,155.561666574448,413.232485712705,598.25672075946,497.520539715914
35,39,85128,284.582546283244,505.412003101212,467.950568555587,412.663976599944
35,40,116362,281.024758941923,758.742209656073,528.211220157783,595.152059950843
35,41,96294,302.936652335556,678.518827756662,404.063898062185,448.226493862546
35,42,87693,254.47001471041,564.410637109005,376.810349742853,410.398195979155
35,43,102788,215.27270693077,733.545034439818,532.46449001829,737.155387788458
35,44,108924,262.335499981639,471.454638096287,604.640960669825,798.447568947156
35,45,47158,237.478497815853,433.923830527164,408.396518088129,430.435832732516
35,46,58758,282.619336941353,498.677882160727,490.295364035536,463.353432724055
35,47,98025,289.414853353736,600.264371333843,447.313838306554,392.18350420811
35,48,112372,242.014763464208,680.121400348841,432.266320791656,813.526180899156
35,49,93044,378.209481535618,627.536283908688,444.448733932333,440.818752418211
35,50,92159,236.346064952962,612.112338458534,618.159213967165,780.787649605573
35,51,85660,190.409712818118,370.446357693206,404.18726360028,542.737438711184
35,52,142180,175.060479673653,603.293466028977,279.571381347588,771.121184414123
35,53,67104,303.161227348593,614.253144372914,301.490313543157,465.521608249881
35,54,94894,138.032857714924,387.239045672013,326.328261007018,730.847313844922
35,55,98303,158.912912118654,533.979624223065,223.244132935923,637.528274823759
35,56,90810,270.923235326506,709.3685717432,367.418632309217,489.547615901332
35,57,78263,213.713683349731,393.403651789479,652.072614134393,628.305751121219
35,59,2,131,296,210,629.5
35,60,96116,134.709975446336,306.497336551667,473.149267551708,616.395688543011
35,61,32635,145.841060211429,372.215596751953,478.841979469894,476.598192125019
35,202,91688,199.978154175028,460.150924875665,384.813563388884,398.605095541401
35,203,66838,242.503276579191,460.802776863461,313.013076393668,477.39823154493
35,204,64052,295.015190782489,470.760928620496,284.837959782677,526.863095609817
35,547,34019,228.483494517769,509.340398012875,353.966283547429,419.646903201152
35,876,11382,139.601124582674,424.795642242137,545.384905991917,441.230627306273
36,1,139602,219.363755533588,506.69516196043,630.616122978181,468.87596166244
36,2,52267,313.190693936901,553.23435437274,502.6564562726,405.007499952169
36,3,37937,146.956164166908,371.466562986003,480.821150855365,469.678308775074
36,4,58018,172.92319624944,411.60033093178,345.853890172016,473.588472543004
36,5,114545,262.159369680038,467.24396525383,286.699096424986,529.136287048758
36,6,88453,297.143918239065,514.89077815337,341.388319220377,469.262749708885
36,7,51456,236.083100124378,514.057816386816,354.928929570896,425.062927549751
36,8,94183,375.085726723506,663.085482518077,499.707611777072,436.593896987779
36,9,91936,344.622726679429,621.071136442743,352.9380112252,453.488676905674
36,10,113276,223.461483456337,510.852501853879,690.839312828843,691.737243546735
36,11,93275,174.127322433664,402.744111498258,299.029086035915,540.087633342268
36,12,90997,264.488016088442,518.861984461026,553.244744332231,403.184456630438
36,13,137063,264.147216973217,605.360410905934,581.02338340763,446.56067647724
36,14,173797,229.463115013493,541.610252190774,462.356657479703,862.45011133679
36,15,84306,339.015965648945,507.839572509667,409.785412663393,465.678943372951
36,16,131764,160.842157190128,409.009099602319,523.312627121217,502.437813059713
36,17,101531,335.599728161842,541.571500329948,418.999803015828,425.574464941742
36,18,94861,315.484730289582,551.363900865477,304.011859457522,479.046014695186
36,19,95071,337.15959651208,575.929400132533,386.047459267284,465.195233036362
36,20,134376,150.323495267012,409.033331844972,598.856179674942,498.062563255343
36,21,114472,296.681284506255,473.27005730659,365.884618072542,497.36995073031
36,22,73035,201.426973368933,429.113452454303,502.760032860957,421.914684740193
36,23,76330,165.079994759597,387.666500720555,450.47062753832,496.23140311804
36,24,93268,207.207595316722,425.060503066432,397.477784449114,491.584980915212
36,25,80057,236.144109821752,469.39856602171,448.353160872878,491.296701100466
36,26,64357,278.502478362882,497.215330111721,491.871637894868,458.16911913234
36,27,104195,151.618714909545,327.381208311339,369.360094054417,585.459887710543
36,28,81934,290.01307149657,505.163485244221,467.704481655967,411.366136158371
36,29,83450,287.669754343918,574.184685440383,460.567645296585,433.658657878969
36,30,117076,311.341487580717,571.262564488025,519.983651645085,448.069826437528
36,31,79901,200.595499430545,430.103891065193,458.806372886447,441.473047896772
36,32,111137,243.923310868568,563.575892816974,256.024384318454,516.796818341326
36,33,96954,284.233347773171,487.016255131299,561.999278008128,452.6849124327
36,34,119835,206.6913672967,392.882922351567,507.930395961113,807.025359869821
36,35,93075,279.461488047274,632.440021488047,676.583067418748,624.040612409347
36,36,102551,305.976831040165,678.926787647122,410.172177745707,448.535674932473
36,37,95683,129.652278879216,337.205020745587,523.944546053113,534.153956293176
36,38,161385,164.762171205502,446.049186727391,340.35874461691,805.369997211637
36,39,84293,262.255525369841,566.156608496554,375.506625698457,410.345485390246
36,40,98984,219.902650933484,734.88254667421,533.642901883133,738.111553382365
36,41,87171,390.728097647153,625.01463789563,442.515641669821,437.220795906896
36,42,100064,165.122941317557,321.418891909178,561.703040054365,651.725305804285
36,43,91229,139.141347597803,476.189446338335,242.439213408017,588.134650166066
36,44,100729,173.756644064768,649.979221475444,275.05964518659,526.330421229239
36,45,98721,245.252691929782,725.187447452923,308.175221077582,639.759362243089
36,46,114074,291.784929081123,759.550879253818,530.382558689973,596.798122271508
36,47,110769,264.567983822189,466.325921512336,610.340591681788,797.80824960052
36,48,102508,156.923849845866,527.950696531002,223.661626409646,642.535207008234
36,49,140138,174.809944483295,601.302273473291,282.131334827099,777.241925815981
36,50,41909,175.406786131857,362.363430289437,448.866615762724,533.746140447159
36,51,100560,236.728192124105,614.538554097056,619.140463404932,783.012002784407
36,52,60625,178.333426804124,387.790202061856,368.505501030928,540.190284536082
36,53,107354,287.298144456657,594.66229483764,447.17808372301,389.556299718688
36,54,71316,224.491362387122,462.065342980537,376.066941499804,412.606595995289
36,55,97616,137.681988608425,387.220619570562,325.577425831831,737.077927798721
36,56,94553,274.793893371971,709.835616003723,368.796272989752,490.997630958299
36,57,109835,251.585541949288,677.559020348705,435.41578731734,818.841453088724
36,58,71777,306.907254412974,616.934533346337,301.587764882901,469.106872675091
36,60,79494,162.721563891614,340.503019095781,438.88453216595,486.789342591894
36,61,76432,212.65757797781,391.651232468076,656.43517113251,628.348623613146
36,62,92455,135.054815856363,302.114964036558,480.186999080634,619.629062787302
36,300,61051,224.073332132152,442.249021310052,408.862197179407,425.814630390985
36,303,63353,254.599182359162,464.032942402096,311.565087683298,479.639369879879
36,876,6175,143.945587044534,418.910931174089,543.774251012146,442.004696356275
37,1,40996,143.600887891502,372.803883305688,481.911430383452,464.19165284418
37,2,137158,165.954279006693,410.380356960586,517.655455751761,501.45605068607
37,3,104922,282.461943157774,469.010379138789,289.984035759898,528.542946188597
37,4,144827,215.180125252888,509.147859169906,631.847569859211,466.463055921893
37,5,116579,224.508736564904,508.923382427367,696.099426140214,689.61495638151
37,6,93443,340.882955384566,624.340935115525,350.851053583468,457.785056130475
37,7,94971,322.347642964695,559.188826062693,302.816049109728,481.731854987312
37,8,98852,172.738487840408,403.944007202687,296.509337190952,538.593675393518
37,9,83632,296.385462502391,518.658802850583,344.411947579874,470.296991582169
37,10,118256,204.848937897443,386.231658435936,515.583615207685,805.668651062103
37,11,102184,193.115380098646,417.92544821107,395.700217255148,493.433247866594
37,12,69804,172.091484728669,411.490960403415,348.456034038164,468.422096154948
37,13,81765,339.2521494527,503.744536170733,404.427089830612,464.039699137773
37,14,97090,151.513976722628,353.295231228757,462.33536924503,531.525512411165
37,15,50911,324.155212036691,552.101922963603,497.56451454499,404.864076525702
37,16,80883,244.467180989825,467.408404732762,443.230221430956,488.687808315715
37,17,97806,276.245025867534,482.663548248574,564.110146616772,448.19540723473
37,18,94128,339.034325599184,575.40166581676,384.741097229305,469.236412119667
37,19,105832,151.576583641999,326.32914430418,364.574665507597,582.536038249301
37,20,99438,361.809579838693,661.914750900058,500.170347352119,436.042579295642
37,21,96093,331.036880938258,573.764644667145,519.841195508518,440.802222846617
37,22,121023,273.128058302967,605.035894003619,580.559042496054,441.074002462342
37,23,93561,313.720695588974,679.834204422783,413.364564294952,446.817081903785
37,24,89689,288.36652209301,503.833000702427,473.463289812575,413.44851654049
37,25,105399,324.446436873215,536.701391853813,422.327488875606,424.052865776715
37,26,118014,300.101504906198,469.310200484688,364.46473299778,497.342035690681
37,27,80782,296.643893441608,577.772535960981,458.532061597881,435.721187888391
37,28,59405,272.333439946133,492.91879471425,497.303678141571,457.039121286087
37,29,87593,265.456132339342,520.038393478931,553.384014704371,400.335506261916
37,30,181062,221.094017518861,532.180275264826,471.511515392517,864.556936298064
37,31,99346,272.893906146196,632.980089787208,680.347623457411,622.815694642965
37,32,93898,129.542088223391,333.792988136063,530.443907218471,527.531555517689
37,33,87794,384.487618743878,622.641228329954,435.726621409208,435.463630772035
37,34,108776,250.487966095462,562.74530227256,255.742516731632,519.111292932265
37,35,103076,173.542347394156,651.176462028018,278.305541542163,528.207313050565
37,36,91194,205.709564225717,424.936541877755,502.105061736518,420.668881724675
37,37,110292,276.60771406811,590.066187937475,447.515604032931,387.474259239111
37,38,77858,161.36813172699,383.618266587891,435.512201700532,492.747360579517
37,39,83348,210.759970245237,437.510498152325,456.613632000768,440.095971109085
37,40,159674,163.671486904568,440.747761063166,345.611558550547,809.836942770896
37,41,106926,155.932719824926,319.750967959149,568.989226193816,646.530301329892
37,42,99151,159.884701112445,342.445250173977,419.325150527983,487.361932809553
37,43,88835,258.793065796139,570.976540777847,375.758304722238,411.337108121799
37,44,96327,225.752655018842,733.764448181714,538.300715271938,740.685643692838
37,45,109360,252.591669714704,678.140151792246,439.608449158742,819.48711594733
37,46,92595,140.307478805551,476.427852475836,242.984653599006,586.111139910362
37,47,103193,261.674735689436,462.316029188026,619.878984039615,794.806711695561
37,48,119622,151.908269381886,408.461570614101,596.603032886927,488.600357793717
37,49,95170,224.980939371651,461.627046338132,372.103625091941,415.774004413155
37,50,51301,143.438587941756,414.869710142103,542.841250657882,439.998557532992
37,51,91941,236.038959767677,610.376034630905,629.250954416419,779.643260351747
37,52,68692,311.218118558202,619.362021778373,300.671257206079,471.172611075526
37,53,107690,292.150654656885,759.445965270684,536.560423437645,599.232370693658
37,54,93376,138.295632710761,384.735959989719,329.212227981494,741.102767306374
37,55,95691,245.880135017922,722.370107951636,307.33516213646,646.212632326969
37,56,101484,156.913956879902,526.241535611525,224.912587205865,647.363889874266
37,57,135413,173.773943417545,598.33002001285,287.095640743503,783.602143073412
37,58,89295,275.685480710006,710.487395710846,367.674517050227,493.690117027829
37,59,92973,211.40874232304,437.730545427167,408.613360868209,426.601626278597
37,61,83695,195.202736125217,386.572853814445,658.568421052632,624.886408985005
37,62,75641,171.813315529937,379.423447601169,358.176941076929,531.209238376013
37,63,105700,134.060350047304,297.372374645222,490.266849574267,620.408599810785
37,64,59468,250.561209389924,519.097464182417,353.59203268985,427.928213492971
37,100,56162,276.978704462092,466.671254584951,312.137477297817,479.929186994765
38,1,73470,164.470736354975,382.82905948006,428.323070641078,489.332285286511
38,2,55176,149.193798028128,370.698836450631,481.29949615775,465.033365956213
38,3,50248,320.764726954307,552.132343575864,491.013950804012,401.842142970865
38,4,78968,147.481334211326,352.424741667511,476.335578968696,513.846317495695
38,5,72359,179.241946406114,413.999309000954,349.599068533285,463.865655965395
38,6,118858,275.345336451901,603.933239664137,580.248515034747,437.35797338
38,7,140255,169.183444440483,408.857473886849,515.266642900431,498.414224091833
38,8,95996,335.071919663319,625.654204341848,354.645714404767,456.130172090504
38,10,97049,187.003647641913,409.030129110037,391.984038990613,492.801625982751
38,11,98407,319.711707500483,558.957106709889,301.464641742965,484.83013403518
38,12,81241,335.636365874374,490.05482453441,408.058738814146,473.45254243547
38,13,118699,226.814278132082,505.412429759307,698.522177945897,691.1925374266
38,14,95032,176.536345651991,400.40219084098,294.482426971967,541.00279905716
38,15,93138,300.169039489789,513.938650175009,347.567158410101,471.927279950181
38,16,145967,220.068303109607,510.285797474772,632.560914453267,462.809861132996
38,17,103783,148.589075282079,329.236878872262,357.520827110413,579.058535598316
38,18,95710,246.497168529934,472.763734197054,561.906519694912,446.819329223697
38,19,96176,292.179992929629,674.663221593745,414.885990267842,442.995539427716
38,20,127045,298.108819709552,464.984501554567,358.410736353261,502.379038923216
38,21,80062,233.890135145262,419.943518772951,496.585371337214,416.341585271415
38,22,98688,328.561436040856,568.580070525292,380.676181501297,467.98746554799
38,23,169756,229.693542496289,534.910565753199,478.910889747638,868.475152571927
38,24,117845,247.430336458908,561.570520599092,254.241249098392,521.731961474819
38,25,89615,267.065502427049,518.643831947777,552.884305082854,398.06774535513
38,26,106256,319.21763476886,660.64003915073,500.57496047282,434.951456858907
38,27,109498,204.085499278526,379.75398637418,519.340955999196,803.818709017516
38,28,93803,173.448674349434,651.457000309159,276.647196784751,528.428269884758
38,29,98616,287.462024417944,504.110093696763,475.796513750304,415.725693599416
38,30,110398,325.595182883748,534.437680030435,420.10307251943,425.355124187032
38,31,91052,128.020581645653,331.039449984624,528.945734305672,528.906855423275
38,32,57898,255.79130539915,482.463452969014,500.725413658503,456.02338595461
38,33,85459,248.008109151757,464.288266888215,451.02863361378,486.670906516575
38,34,89526,140.06812546076,472.157417956795,241.56399258316,591.054442284923
38,35,90435,257.097351689058,565.273002709128,374.079747885221,409.693171891414
38,36,97587,274.44122680275,631.85167081681,684.066484265322,619.304415547153
38,37,85344,233.768771091114,464.669361642295,369.349667229096,414.146032527184
38,38,73825,176.266982729428,371.438956992889,355.340778868947,522.569143244158
38,39,79841,209.736651595045,438.136609010408,454.927869139916,439.799251011385
38,40,121569,152.922422657092,404.151189859257,596.113959973348,488.918877345376
38,41,169918,161.646482420932,440.570422203651,345.486352240492,811.571175508186
38,42,141992,173.826539523353,598.432637049975,290.071792777058,788.414093751761
38,43,107411,332.524853134223,564.098369813148,520.365456051987,434.841431510739
38,44,104895,268.471061537728,462.808808808809,625.120472853806,795.416311549645
38,45,70410,305.289546939355,617.19191876154,299.367873881551,472.250362164465
38,46,97268,225.873452728544,734.094481227125,542.357095858864,741.229417691327
38,47,93631,205.173767235211,435.765163247215,406.433125780991,426.439587316167
38,48,93507,238.710428096292,612.150598350926,631.99693071107,780.828782871871
38,49,115543,254.632093679409,678.131691231836,442.706940273318,821.55582770051
38,50,53191,146.692241168619,410.354702863266,539.275046530428,436.430655562031
38,51,113761,264.423115127328,586.140074366435,446.340055027646,383.947108411494
38,52,117676,264.605815969272,760.534221081614,536.286260579897,598.855552534077
38,53,99010,239.598111301889,723.811392788607,309.103110796889,648.685789314211
38,54,94985,371.080286361004,615.619666263094,432.328715060273,432.216276254145
38,55,104679,152.768157892223,316.353700360149,571.862876030531,645.087811308858
38,56,83009,294.766326542905,575.203122552976,456.758965895264,437.071257333542
38,57,97498,158.684290959815,336.110299698455,413.371402490308,497.671070175798
38,59,89986,135.890094014625,385.380381392661,325.011646256084,741.207754539595
38,60,91216,252.719775039467,707.951444921944,364.138188475706,492.803049903526
38,61,109279,156.491430192443,528.059489929447,224.350213673258,652.988433276293
38,62,86931,185.156917555302,381.466519423451,658.920603697185,626.578665838424
38,63,106933,133.327625709556,294.027250708387,492.58298186715,617.465151075907
38,100,70463,252.280203794899,467.8011012872,309.210819862907,470.545080396804
38,101,73387,301.420224290406,468.791461703026,287.239810865685,525.767765408042
38,245,48472,245.387089453705,517.489292787589,353.584853111074,425.581304670738
39,1,188554,198.992909193122,515.936241076827,635.944546389894,465.960488772447
39,2,67932,153.836557145381,379.17549902844,472.060737207796,455.775304716481
39,3,104679,150.200269395008,331.669494358945,351.729267570382,574.210567544589
39,4,108537,290.059896625114,573.613182601325,298.938444954255,494.609174751467
39,5,61148,285.858474520835,563.032265977628,479.110698632825,403.119202590436
39,6,92522,184.269503469445,403.283089427379,291.406108817362,538.204427055187
39,7,96030,284.572727272727,523.632073310424,335.411059044049,478.30639383526
39,8,114645,294.253486850713,544.70662479829,413.322944742466,434.385023332897
39,9,63393,197.530058523812,431.363715236698,346.128436893663,461.481898632341
39,10,135540,227.177062121883,562.499852442083,249.076471890217,533.663346613546
39,11,94577,312.818740285693,492.160874208317,398.842266090064,479.929898389672
39,12,91936,261.272776714236,530.745888444135,550.005003480682,395.810803167421
39,13,92684,163.069246040309,387.676848215442,419.639937853351,495.436299684951
39,14,154908,148.496940119297,406.35795439874,591.442120484417,482.086044620033
39,15,98008,201.010999102114,417.73000163252,389.934780834218,484.90730348543
39,16,136772,178.55985143158,424.625881028281,511.057877343316,483.339616295733
39,17,90119,270.347784595923,512.265648753315,467.89915556098,414.387731776873
39,18,95785,286.165318160464,681.750096570444,415.095662160046,451.603163334551
39,19,113538,245.765946203033,614.808751255086,576.429019359157,437.635875213585
39,20,113568,282.056917441533,468.744857706396,287.87000739645,531.299512186531
39,21,115452,160.508037972491,337.146675674739,409.531060527319,502.704621834182
39,22,65717,231.371304228738,527.181657714138,351.947167399607,428.691814903297
39,23,116284,228.847227477555,499.704972309174,703.847872450208,687.243395480032
39,24,88873,194.633285699819,446.292934862107,447.370326195807,434.083658703993
39,25,93238,165.408095411742,656.886151569103,273.46267616208,542.04308329222
39,26,101855,306.402955181385,638.162898237691,354.27061018114,465.516145500957
39,27,111695,212.623358252384,365.348251936076,525.829141859528,794.200975871794
39,28,110902,128.965735514238,338.940271591134,524.691430271771,517.770148419325
39,29,107482,291.983578645727,576.462347183714,373.446149122644,474.005200870844
39,30,115039,240.26199810499,593.542433435617,446.864480741314,385.826989108042
39,31,85439,235.069265791969,476.498402368942,450.513196549585,481.333255304954
39,32,166302,235.470553571214,518.205409435846,489.290976656925,872.434600906784
39,33,99127,239.854721720621,485.316432455335,557.405721952647,441.02837773765
39,34,158005,166.526901047435,428.781418309547,352.06808645296,814.645840321509
39,35,98297,311.302847492802,569.142435679624,516.923680275085,434.811357416808
39,36,87841,140.911692717524,469.603192131237,241.781457405995,595.492002595599
39,37,93713,245.937073831806,427.250872344285,490.179313435703,412.147215434358
39,38,128847,303.076812032876,473.482230862962,352.824031603375,505.897048437294
39,39,147194,172.936750139272,592.29892522793,294.591219750805,798.527704933625
39,40,61890,242.331491355631,493.624753595088,496.282178057845,455.864097592503
39,41,75128,237.269140666596,477.705702268129,361.353596528591,411.525489830689
39,42,66191,283.012977595141,627.045837047333,295.935112024293,479.035110513514
39,43,96510,304.663651435084,665.887244845094,496.858335923738,433.559206299865
39,44,95671,216.60442558351,729.137105287914,547.921627243365,751.191886778648
39,45,32831,154.155493283787,419.231762663336,538.549602509823,426.02324023027
39,46,97918,238.993075838967,601.861138912151,637.503012724933,786.33462693274
39,47,90818,263.121550793895,629.113281508071,688.778920478319,622.16661895219
39,48,117671,246.239430275939,670.156580635841,448.311325645231,831.071147521479
39,49,88352,264.105034407823,582.523700651938,440.776666063021,441.081797808765
39,50,109013,280.104235274692,453.416464091439,631.701787860163,791.315035821416
39,51,94830,148.529442159654,363.311336075082,474.748444585047,505.834451123062
39,52,71852,209.05738184045,446.624297166398,398.468115014196,416.44780938596
39,53,93024,234.347630718954,577.282238992088,369.473329463364,414.385104919161
39,54,99077,245.081219657438,713.342592125317,367.479970124247,500.424387092867
39,55,117651,257.540054908161,761.116488597632,539.461186050267,608.242207886036
39,56,102529,225.812170215256,724.927337631304,312.925601537126,663.606228481698
39,57,100105,325.021217721393,629.969731781629,435.903711103341,435.026182508366
39,58,106538,138.367756105803,312.51859430438,573.483667799283,630.018087442978
39,59,112698,155.986982910078,528.419430690873,224.448526149532,661.373121084669
39,60,68737,191.636469441494,380.965491656604,348.862126656677,514.152101488281
39,61,90412,137.204475069681,377.235610317215,327.708943503075,738.801486528337
39,62,85362,159.582073990769,383.056172535789,661.957334645393,600.44122677538
39,64,86823,135.303410386649,291.922082858229,494.106089400274,603.795353765707
39,200,70388,271.336449394783,478.687674035347,301.380192646474,479.14557879184
40,1,98884,163.116520367299,387.369362080822,413.911451802112,489.122446502973
40,2,92381,154.343750338273,364.529210551953,476.77985732997,495.138599928557
40,3,111330,289.675442378514,583.284289948801,300.366460073655,495.263334231564
40,4,105417,217.482028515325,428.724949486326,397.523776999915,471.036863124543
40,5,86096,298.880946850028,684.778073313511,418.979569317971,453.24706141981
40,6,131496,303.723945975543,476.403806959908,345.578200097341,503.428940804283
40,7,66992,152.924662646286,384.962189515166,458.592622999761,448.819545617387
40,8,103921,309.246244743603,643.181695711165,361.036903032111,465.657749636743
40,9,126333,223.443542067393,495.755804105024,707.721276309436,686.240309341186
40,10,97827,256.491449190919,535.732895826306,551.962065687387,394.84979606857
40,11,133075,176.859049408228,425.549111403344,511.081337591584,476.08153297013
40,12,61920,249.560319767442,510.881346899225,498.757703488372,450.925452196382
40,13,180062,205.783791138608,521.115199209161,636.260771289889,461.85920960558
40,14,106744,151.827222138949,332.63537060631,349.31708573784,569.996777336431
40,15,95305,247.257142857143,513.253732752741,467.795666544253,411.196191175699
40,16,110517,294.161522661672,572.429870517658,369.620836613372,476.324384483835
40,17,113013,207.700255722793,358.871386477662,529.25420969269,793.112075601922
40,18,138431,282.860472004103,470.516813430518,288.850459795855,528.518828875035
40,19,90460,140.599071412779,468.477415432235,242.787231925713,591.872109219545
40,20,93830,185.500010657572,404.886784610466,291.355323457316,532.135937333475
40,21,114336,244.097379652953,621.10212006717,580.442555275679,439.814704030227
40,22,84534,235.047826909882,474.637719734071,460.246445217309,474.793077341661
40,23,68237,192.398596069581,436.439600216891,352.28147485968,452.149654879318
40,24,118245,246.152936699226,598.313264831494,452.134982451689,387.603746458624
40,25,95683,164.92978899073,660.091552313368,274.585203223143,545.262941170323
40,26,103601,291.8925975618,494.770919199622,398.830213994073,484.789056090192
40,27,93823,275.131971904544,530.928642230583,329.635814245974,480.083209873912
40,28,110152,303.063875372213,548.461217227104,411.675493863026,438.0220331905
40,29,95874,248.23816676054,431.625737947723,488.919112585268,408.240325844337
40,30,111097,129.347561140265,338.345967937928,526.024825152794,513.488303014483
40,31,117640,160.167230533832,338.581766405984,409.116865011901,499.93885583135
40,32,94862,225.61698045582,489.324165630073,561.214680272396,437.914201682444
40,33,144519,147.117133387305,405.775219867284,591.628477916399,472.69273936299
40,34,62261,285.895343794671,562.992531440227,472.829234994619,398.074974703265
40,35,95681,211.327567646659,727.604184738872,551.40324620353,754.765982797002
40,36,128912,243.175522837284,663.463347089487,454.435529663646,837.810700322701
40,37,96153,254.631919960896,627.924963339677,692.308716316704,624.886909404803
40,38,101799,236.802768200081,596.827031699722,642.458010393029,788.013192663975
40,39,102591,302.722324570381,670.062812527415,500.378191069392,435.216978097494
40,40,89462,237.187867474458,587.577183608683,368.791542777939,421.589736424404
40,41,164549,164.661505083592,420.863748792153,354.29676266644,814.19576539511
40,42,136337,225.578544342328,563.940654407828,248.095483984538,535.699443291256
40,43,119898,255.943526997948,762.281414202072,541.299704749037,611.522802715642
40,44,79966,184.052259710377,388.592426781382,347.035965285246,505.895242978266
40,45,160045,170.996632197195,585.726614389703,294.317535693086,802.445405979568
40,46,32072,149.500498877526,429.21146171115,539.272449488651,415.046270890496
40,47,170186,234.429876723115,511.880659983782,491.967112453433,875.511904622002
40,48,96822,306.882330462085,575.033969552375,517.545361591374,431.903668587718
40,49,105607,240.615754637477,714.947247815012,366.451466285379,505.273731854896
40,50,63718,277.166012743652,631.615979785932,297.852741768417,477.880536112245
40,51,88961,267.533705781185,587.005508031609,442.18999336788,437.671181753802
40,52,81563,160.814437919155,370.075843213222,656.795495506541,609.441155916286
40,53,74503,191.917130853791,455.152275747285,446.370575681516,430.743003637437
40,54,106262,278.416602360204,446.496885057688,637.54308219307,787.365144642487
40,55,103197,223.35076601064,724.489306859695,314.151767977751,668.372384856149
40,56,105530,327.744773997915,631.401819387852,440.86635080072,435.355188098171
40,57,111629,134.629442170045,309.753298873949,577.107928943196,622.9554416863
40,58,63448,233.571775312067,525.289638759299,349.481559702434,422.538109948304
40,59,118461,154.444509163353,524.677910873621,225.074150986401,666.382691349896
40,60,82824,136.848256543997,373.294926591326,327.524207959046,738.986549792331
40,62,83662,139.629784131386,288.972472568191,496.711159188162,596.630333962851
40,63,115368,219.435978780944,464.459798210942,395.383113168296,414.863228971639
40,64,75000,233.366986666667,478.150693333333,357.66244,412.292026666667
40,100,56421,266.772850534375,486.509048049485,301.00482090002,472.642101345244
41,1,125657,288.197983399254,596.016712160882,292.17850975274,500.715662478016
41,2,100091,261.203245047007,517.110789181845,461.573318280365,419.095932701242
41,3,105444,250.881112249156,436.699688934411,390.312402792003,482.58927013391
41,4,46454,298.205256813192,561.37482240496,456.29127739269,401.318982218969
41,5,105502,303.799738393585,496.107893689219,389.536160451935,493.040776478171
41,6,98694,311.158439216163,646.999706162482,357.959653069082,471.127566012118
41,7,95624,288.274219861123,687.610139713879,416.375020915251,455.204938090856
41,8,82513,165.410807993892,398.056875886224,401.214887351084,505.725388726625
41,9,92444,281.16846955995,540.401486305223,320.769254900264,484.748344943966
41,10,131054,278.835609748653,471.78851465808,283.355525203351,543.450127428388
41,11,141727,212.990481700735,520.760701912832,629.746667889675,462.635143621187
41,12,120918,187.528225739758,425.331439487917,497.295894738583,481.098843844589
41,13,85573,244.003038341533,480.881411192783,454.924579014409,476.532668014444
41,14,121494,309.922210150295,484.111783297941,330.657900801686,511.295298533261
41,15,144239,148.060094703929,403.612351721795,580.063845423221,482.170876115336
41,16,117883,250.095314846076,624.141810099845,577.649712002579,444.657516350958
41,17,59714,146.121746994005,383.548531332686,439.799695213853,455.810345982517
41,18,106794,304.200825889095,566.969174298182,368.379094331142,486.52517931719
41,19,87285,258.153164919517,427.186171736266,478.631540356304,422.117706364209
41,20,107702,255.827821210377,628.746290690981,692.102783606618,629.047575718185
41,21,101265,140.400730755937,472.068957685281,235.781464474399,602.996810349084
41,22,111894,233.92332028527,496.437834021485,704.843691350743,691.571299622857
41,23,105120,151.009941019787,335.931744672755,341.403633942161,579.353624429224
41,24,92585,226.995236809418,490.456132202841,549.826462169898,442.731727601663
41,25,99407,236.508716689972,601.805124387619,644.68146106411,791.232217047089
41,26,108105,308.588492669164,552.210332547061,398.08607372462,446.120447712872
41,27,96466,231.078732403126,590.299266062654,358.644755665208,428.27699914996
41,28,93184,243.719876802885,534.754947201236,546.617606026786,399.082396119506
41,29,99583,161.751855236336,669.306769227679,271.784591747587,548.322113212094
41,30,86951,183.099400811952,411.609055675035,280.267230969167,542.953801566399
41,31,120021,150.126102931987,365.560060322777,462.945426217079,504.587305554861
41,32,60844,282.36700414174,636.484090460851,298.362418644402,475.274603905069
41,33,64624,214.74644095073,442.6147251795,338.615715523644,468.174873112156
41,34,105534,307.426658707146,670.464220061781,498.715068129702,437.142807057441
41,35,99504,346.19187168355,633.719106769577,441.201027094388,435.55517366136
41,36,153935,171.140039627115,600.537486601488,293.738714392438,813.362568616624
41,37,164040,163.988539380639,435.607425018288,344.822390880273,826.980529139234
41,38,120659,205.709528505955,361.500567715628,520.822193122767,801.225039159947
41,39,164917,232.221535681585,525.622209960162,489.797534517363,886.878332737074
41,40,99758,201.321407806893,735.415214819864,552.472784137613,762.006926762766
41,41,89994,182.022212591951,398.287252483499,337.003233548903,517.185112340823
41,42,116559,167.88833981074,344.494196072375,397.744721557323,508.090760902204
41,43,114343,128.899058097129,340.476041384256,516.002317588309,514.921000848325
41,44,65107,236.091541616109,519.656596064939,494.097424240097,453.923387654169
41,45,121569,255.993814212505,769.131546693647,541.888318568056,612.422969671545
41,46,137572,224.052874131364,572.349998546216,241.535835780537,544.54950862094
41,47,130810,236.274833728308,677.002354560049,451.288081950921,842.990398287593
41,48,62395,219.727285840212,468.665117397227,435.089478323584,439.892459331677
41,49,89201,270.75947579063,587.88203047051,434.698590822973,438.934922254235
41,50,91022,330.412647491815,575.468161543363,516.245808705588,433.024213926304
41,51,110770,269.08311817279,450.997363907195,634.684634828925,796.945779543198
41,52,109241,222.722210525352,738.28950668705,316.239891615785,673.865572449904
41,53,100585,141.01399811105,308.85593279316,563.123577074116,637.824317741214
41,54,103706,247.240526102636,721.042080496789,366.284072281257,505.246533469616
41,56,123417,153.494842687798,537.907597818777,219.297025531329,677.37758169458
41,57,91362,136.116284669775,386.535102121232,315.837448829929,751.342658873492
41,58,79235,178.836233987506,371.943636019436,652.549895879346,620.853587429797
41,59,97873,136.157867849151,293.006406261175,485.533170537329,612.534151400284
41,61,20888,151.588040980467,429.800459594025,526.609345078514,424.354892761394
41,100,66595,257.668818980404,493.058277648472,290.550266536527,479.610271041369
41,120,69385,243.779260647114,599.281516177848,447.384650861137,385.65675578295
41,122,46502,308.105264289708,480.736376930025,383.39531633048,433.621306610468
41,123,33070,255.422769882068,477.544602358633,342.900846688842,423.816964015724
41,987,11089,206.796464965281,510.79303814591,383.29804310578,401.859320046893
42,1,102161,302.566977613766,487.899012343262,360.618112586995,445.132232456613
42,2,98745,193.840883082688,416.129738214593,390.557152260874,509.238675375968
42,3,50056,157.759369506153,443.821679718715,517.329191305738,415.225387565926
42,4,88230,234.680800181344,442.655060636972,381.49526238241,477.289629377763
42,5,95316,228.680672709723,490.789626085862,452.385706492089,469.168775441689
42,6,94456,247.047154230541,607.249565935462,345.844192004743,456.846224697214
42,7,149676,141.326672278789,405.341364012935,573.233972046287,464.592947433122
42,8,81013,232.420833693358,535.135743646081,488.157456210732,452.563958870799
42,9,88060,276.52841244606,544.79969339087,313.402396093573,490.926902112196
42,10,100566,231.372571246743,582.960602987093,663.70787343635,788.375783067836
42,11,102220,160.849559773039,673.919096067306,274.202572882019,569.404989238897
42,12,114484,290.548268753712,651.476878865169,357.786101114566,488.473856608784
42,13,122838,283.638857682476,599.683827480096,287.929801852847,520.183135511812
42,14,101537,297.064981238366,564.706540472931,364.322099333248,497.202212001536
42,15,94443,221.942568533401,724.072456402274,569.034507586587,770.066781021357
42,16,67770,222.492681127342,448.610963553195,329.549269588313,482.530146082337
42,17,136937,293.106194819516,488.606103536663,326.891117813301,520.291630457802
42,18,139063,267.582491388795,469.69544019617,281.69827344441,552.733279161243
42,19,97548,232.095911756264,544.014054619264,539.586562512814,398.309837208349
42,20,78574,256.525377351287,564.637220963678,435.788657825744,400.40596125945
42,21,92698,276.7535006149,435.412457658202,463.581878789186,423.3696088373
42,22,90021,274.53383099499,593.638839826263,428.806100798703,445.339776274425
42,23,95812,150.633219220974,340.096804158143,330.349924852837,582.190393687638
42,24,87137,267.000344285436,645.094896542227,294.585457383201,496.531186522373
42,25,96589,193.491494890723,494.6562237936,540.329033326776,438.017569288428
42,26,115590,188.934085993598,431.622692274418,479.138377022234,478.986080110736
42,27,96145,242.893140568932,521.680357792917,454.008549586562,418.652816059077
42,28,112101,213.040980901152,348.327240613375,538.656104762669,793.798761830849
42,29,91105,359.331990560342,638.532912573404,443.034114483289,440.888337632402
42,30,100549,266.031666152821,627.392783617938,697.82358849914,621.587176401555
42,31,111701,262.961996759205,632.71527560183,572.740906527247,445.074332369451
42,32,93331,290.350237327362,694.765019125478,414.307539831353,465.918290814413
42,33,138935,198.954460719041,522.788491020981,624.256846726887,453.202310432936
42,34,118796,232.31401730698,484.956682043166,715.112562712549,679.894575574935
42,35,120538,157.649388574557,369.775747067315,453.352942640495,494.931349449966
42,36,100165,299.784355812909,676.511585883293,493.431278390655,442.957430240104
42,37,124448,241.780333954744,664.840045641553,475.43789373875,854.084244021599
42,38,84154,187.721629393731,400.393124509827,329.536635216389,519.96467191102
42,39,81159,225.980137754285,478.156261166352,420.452087876884,438.625032343917
42,40,121905,127.587990648456,341.599770312949,510.906148230179,506.25539559493
42,41,78434,183.137300150445,411.754328479996,275.365504755591,551.198561848178
42,42,98772,253.033683635038,502.60450330053,282.631454258292,498.126138986757
42,43,103943,274.190854603004,438.732180137191,650.341369789211,787.965760080044
42,44,106450,297.190070455613,501.164762799436,394.098093001409,498.024922498826
42,45,101000,321.450920792079,584.201861386139,507.177554455446,429.509623762376
42,46,85455,139.714574922474,467.485881458077,237.3127728044,620.042244456146
42,47,117424,169.46931632375,347.586106758414,390.117727210792,503.296574805832
42,48,132571,226.991378204886,577.406740539032,238.603819839935,564.094175951
42,49,103677,245.355295774376,723.714951242802,362.223164250509,521.445257868187
42,50,55447,144.82585171425,387.25545115155,421.41659602864,454.431980089094
42,51,119693,250.566975512352,766.868964768199,547.382303058658,621.385461138078
42,52,109038,135.704992754819,300.646380161045,565.312606614208,625.226820007704
42,53,139504,225.92953607065,507.559381809841,513.320306227778,888.698087510036
42,54,164097,163.190984600572,422.164354010128,361.593959670195,832.476151300755
42,55,116575,221.087969118593,734.827407248552,327.528483808707,695.747115590821
42,56,122216,152.761160568174,535.468956601427,227.888476140604,701.041549387969
42,57,84810,135.521035255277,374.595649097984,329.103160004716,756.941186180875
42,58,164513,168.406837149648,587.2939646107,312.044397707172,831.657090928984
42,59,103655,235.870676764266,606.886209058897,435.953682890357,397.947460325117
42,60,84889,151.950087761665,367.143410807054,656.10597368328,606.155214456526
42,62,94356,144.860994531349,287.087699775319,484.552683454152,605.844980711349
42,63,57231,245.222676521466,488.60152714438,328.330188184725,433.200118816725
42,400,77790,322.900617045893,560.89447229721,388.334914513434,444.099434374598
42,500,20424,257.514345867607,503.148012142577,383.017577359969,404.825597336467
43,1,74728,226.999986618135,472.7260598437,302.527459586768,489.113879670271
43,2,96120,247.035975863504,628.29721181856,335.407334581773,500.836298377029
43,3,129219,262.366741733027,458.903110223729,298.738846454469,570.837423289145
43,4,116435,320.917645038004,585.114243998798,371.646214626186,467.439335251428
43,5,139286,300.286518386629,495.768584064443,330.343731602602,532.212763666126
43,6,82075,223.634358818154,442.672713981115,369.745964057265,491.80927200731
43,7,124941,226.582130765721,413.771756268959,517.836122649891,378.696792886242
43,8,82478,158.976611945004,425.669536118723,377.475435873809,426.490215572638
43,9,102166,321.246960828456,464.47622496721,411.903735097782,388.649971614823
43,10,142988,245.091105547319,578.890382409713,597.381073936274,834.656439701234
43,11,103889,264.507435820924,552.940186160229,423.555188711028,394.060718651638
43,12,97198,268.55128706352,562.850758246054,310.322228852446,516.327342126381
43,13,99669,355.806609878699,660.623343266211,433.591196861612,456.099449176775
43,14,113061,282.065247963489,605.613385694448,300.56917946949,570.800337870707
43,15,86099,167.369841693864,664.312465882298,314.483280874342,636.762947304847
43,16,91147,191.71337509737,347.06667251802,465.82043292703,433.858591067177
43,17,101631,294.920624612569,500.020840098002,497.204484852063,390.096368234102
43,18,84965,203.960313070088,409.041146354381,320.34485964809,513.373059495086
43,19,96408,225.831787818438,370.916915608663,722.18574184715,657.602252925068
43,20,96138,292.024111173521,496.966028001415,397.499386298862,476.845492937236
43,21,101495,241.320311345386,470.818710281295,349.472121779398,458.026454505148
43,22,89693,275.213015508457,521.574660229895,383.864649415228,423.9851604919
43,23,127100,235.646223446105,516.266050354052,278.150535011802,534.075271439811
43,24,124387,302.926600046629,653.98035968389,368.833390949215,526.878162508944
43,25,87780,279.064730006835,661.515926179084,313.485167464115,560.138642059695
43,26,59143,180.039852560743,467.207260368936,462.252286830225,368.456233197504
43,27,98303,287.110210268252,617.865070242007,412.676988494756,457.491622839588
43,28,124561,179.929921885662,349.487953693371,457.002922262988,793.58537583995
43,29,65345,222.003137194889,523.620139260846,426.211324508379,444.006503940623
43,30,86022,267.412627002395,645.861953918765,551.42829741229,405.744216595755
43,31,88710,155.861052868899,338.442216210123,330.072009919964,561.97426445722
43,32,34752,215.546673572744,378.887114410681,347.612569060773,452.86138927256
43,33,94628,259.584657817982,606.503666990743,481.618844316693,404.788033140297
43,34,72714,236.013051131832,559.032717220893,466.905327722309,420.472206177627
43,35,73913,313.272171336571,690.860024623544,486.685860403447,445.26098250646
43,36,101918,250.077866520144,722.942257501128,393.089464078965,565.506711277694
43,37,107872,241.90350600712,445.795516908929,442.822094704835,430.383167086918
43,38,120709,243.536629414542,595.517335078577,729.002874682087,535.559403192803
43,39,101381,249.24411872047,509.141939811207,748.698552983301,688.925173355954
43,41,158889,247.964553870941,534.510733908578,585.398221399845,369.204878877707
43,42,80768,311.213042293978,708.856688292393,416.409989104596,498.65352614897
43,43,100440,285.819992035046,732.304211469534,608.803414974114,612.147311827957
43,44,82768,185.260680456215,411.551300019331,281.267845060893,562.333728010825
43,45,129457,150.684567076327,501.600925403802,299.619920127919,744.437844226268
43,46,120167,180.041617082893,281.27167192324,595.448359366548,682.37079231403
43,47,72769,237.552062004425,641.517308194423,389.547266006129,423.593260866578
43,48,89141,146.824031590402,339.799531079974,635.00720207312,465.534333247327
43,49,77868,255.361624800945,648.43789489906,676.63340524991,724.260338007911
43,50,130090,227.239657160427,573.284841263741,267.68969943885,621.650319009916
43,51,99553,268.089831547015,564.880897612327,497.509316645405,363.643436159634
43,52,118625,183.067928345627,441.118954689146,748.897812434141,558.044484720759
43,53,157547,174.087757938901,514.959104267298,426.168565570909,843.586904225406
43,54,72343,248.337572398159,600.807652433546,400.373208188767,402.937782508328
43,55,79891,260.971310911116,280.561352342567,560.513649847918,507.724699903619
43,56,102914,137.311230736343,451.608498357852,270.843024272694,646.885030219407
43,57,77082,214.816571962326,277.872214005864,475.722386549389,517.134869359902
43,58,83708,141.736906866727,329.214567305395,394.25323744445,731.549326229273
43,60,74350,272.731418964358,416.582797579018,633.213517148621,812.452225958305
43,61,82832,252.702409696736,691.046117442534,413.890549546069,750.955415781341
43,62,28473,286.185122747866,537.946475608471,341.841323358972,409.341165314508
43,63,1,202,580,555,849
43,105,25826,282.035584294897,530.806048168512,297.671493843414,453.520676837296
43,106,47514,344.57345203519,534.409689775645,334.082228395841,450.52919139622
43,220,80579,313.092815746038,565.821268568734,364.060636145894,512.81783094851
43,345,46999,230.124492010468,357.989382752825,371.885252877721,469.74380305964
44,1,92154,249.391540247846,632.605638387916,330.740130650867,505.245556351325
44,2,90050,255.986063298168,522.812892837313,305.234081066074,440.829350360911
44,3,91571,224.343766039467,494.069618110537,292.527077349816,491.045778685392
44,4,78687,210.004244665574,420.827264986592,313.757825307865,515.811226759185
44,5,148486,246.81311369422,459.912739248145,296.114367684496,572.350410139676
44,6,108948,266.313131034989,560.101663178764,502.89239820832,362.035117670815
44,7,96629,270.403967752952,661.686025934243,310.749857703174,565.943153711619
44,8,103845,272.35983436853,554.249525735471,424.404362270692,389.523058404353
44,9,95288,383.654835866006,657.347630341701,435.746138023676,450.077417933003
44,10,92745,267.99504016389,571.396927058062,303.302733300987,518.464855248261
44,11,122703,236.123175472482,414.029616227802,513.040765099468,381.520802262373
44,12,158947,282.647177990148,502.079856807615,328.060529610499,530.841444003347
44,13,102751,293.310741501299,617.538126149624,418.225632840556,452.576091716869
44,14,100309,325.839615587834,463.216989502437,407.697863601471,392.177511489497
44,15,103654,166.574333841434,668.383178652054,315.668724795956,636.32827483744
44,16,125177,185.181774607156,345.774287608746,455.241745688106,794.403380812769
44,17,123962,241.532534163695,580.920023878285,590.829770413514,841.47793678708
44,18,122307,318.598812823469,591.847792849142,370.398284644378,468.978006164815
44,19,65430,235.135320189516,560.386305975852,467.945590707626,418.574598807886
44,20,96934,156.888779994636,347.665504363794,321.937256277467,562.572936224648
44,21,56379,181.757657993224,465.207027439295,457.442221394491,369.863566221465
44,22,79102,245.948673864125,480.194053247705,346.218363631767,449.66895906551
44,23,96188,226.435542895164,373.315517528174,726.081818937913,654.13414355221
44,24,106768,270.108365802488,497.538194964783,398.419751236326,473.279156676158
44,25,98082,297.422167166249,493.651434513978,489.610917395649,397.218755734997
44,26,107787,254.245094491915,722.727035727871,387.215155816564,564.41768487851
44,27,86280,182.711624942049,411.675254983774,281.398481687529,557.341214649977
44,28,77475,321.877715392062,690.099090029042,486.085279122297,443.556192320103
44,29,87262,287.195331301139,603.09594095941,485.531353853911,402.966422956155
44,30,106944,238.846293387193,507.872942848594,750.340084530221,692.038001196888
44,32,95719,184.289754385232,350.001661112214,461.923338104243,429.951953112757
44,33,100042,235.988934647448,446.718988025029,431.162721656904,437.85861937986
44,34,91984,282.017829187685,648.252957036006,553.479518177074,407.350039137241
44,35,109003,297.791583717879,564.69812757447,361.32711943708,514.862701026577
44,36,64713,231.890655664241,530.580764297745,425.931590252345,444.738429681826
44,37,124493,275.96235932944,605.669700304435,298.674897383789,576.750676744877
44,38,127299,309.463161533084,645.179090173528,369.5877658112,521.743108743981
44,39,102701,270.039658815396,530.614560715086,385.993700158713,424.509829505068
44,40,80357,158.116579762808,427.368891322473,369.721256393345,430.399703821696
44,41,120196,189.254592498918,277.180055908683,590.870062231688,682.833122566475
44,42,169578,251.441065468398,533.534656618193,586.813902746819,369.015355765488
44,43,84428,319.946261903634,706.981167385228,413.891457810205,496.352146207419
44,44,128234,150.351279691813,502.009498260992,297.981892477814,748.082825147777
44,45,117659,249.754689399026,590.415548321845,733.087898078345,537.304864056298
44,46,110883,176.737371824355,440.023339916849,750.649856154686,561.055653256135
44,47,99774,301.330547036302,734.770611582176,608.187914687193,614.515535109347
44,48,135441,227.864848900997,522.441454212535,274.621776271587,541.931822712473
44,49,163621,170.790460882161,515.976176652141,422.334730871954,845.991706443549
44,50,86201,285.974884282085,276.065289265786,557.069279938748,515.799062655886
44,51,85358,248.482462100799,643.332083694557,378.146969235455,430.658098830807
44,52,99453,314.253094426513,544.998049329834,331.569917448443,457.74575930339
44,53,71428,227.446911575293,279.349120792966,466.335358682869,513.929537436299
44,54,131456,225.683407375852,574.106187621714,266.506580148491,628.712862098345
44,55,74927,257.973694395879,648.747233974402,673.470537990311,730.835733447222
44,56,83677,145.39817393071,328.237317303441,392.254263417666,733.632646963921
44,57,104771,136.028032566264,452.323915969114,269.614273033568,644.915635051684
44,58,61892,237.762683383959,606.737413559103,402.344858786273,403.714486524914
44,59,83779,149.506893135511,331.453299752921,627.075102352618,466.225665142816
44,60,72946,273.956831080525,416.06842047542,634.907575466784,814.459517999616
44,62,90068,245.834047608474,693.284451747568,408.075931518408,749.505251587689
44,63,25773,291.651612152252,535.79416443565,344.3510262678,404.745858068521
44,327,40624,254.714208349744,450.434939936983,351.711549822765,488.918890311146
44,328,34993,263.107221444289,375.965678850056,401.179092961449,438.231589174978
44,329,25202,229.313268788191,372.214387747004,362.510038885803,449.383977462106
45,1,91591,250.80435850684,640.741033507659,323.269840923235,513.67121223701
45,2,60313,183.941422247277,471.861024986321,449.105847827168,369.745229055096
45,3,71830,246.819448698315,617.345426701935,418.081581511903,423.444340804678
45,4,89153,191.304420490617,415.814038787253,281.549280450462,541.478222830415
45,5,91567,222.799196216978,503.671453689648,285.31324603842,494.752334356264
45,6,126232,304.303575955384,656.81306641739,363.357484631472,532.245349832055
45,7,115661,281.767544807671,614.268603937369,297.143609341092,591.287244620053
45,8,93476,189.527579271685,355.83648209166,455.3791133553,424.921284607814
45,9,120351,241.741107261261,575.055246736629,592.697343603294,844.605462355942
45,10,140610,246.612260863381,455.86929094659,293.950465827466,574.042102268686
45,11,126581,229.753098806298,419.769056967475,513.234474368191,375.998040780212
45,12,129135,283.505455531033,577.828830293878,347.886514113137,531.616811863554
45,13,79383,271.903644357104,665.643828023632,305.268898882632,576.521207311389
45,14,139931,293.394601625087,507.043864476063,316.924262672317,540.984949725222
45,15,74692,172.062925078991,673.150859529802,318.462378835752,647.968189364323
45,16,124148,251.747551309727,448.168798530786,432.938766633373,428.803718142862
45,17,109282,300.432870921103,561.313143976135,324.46095422851,454.444849105983
45,18,99601,291.210379413861,499.911115350247,482.090450899087,395.768164978263
45,19,103113,317.349994666046,469.705779096719,403.730421964253,391.340073511584
45,20,94867,161.329197718912,351.069676494461,318.710521045253,560.232251467844
45,21,127644,189.777161480367,337.249702297014,460.510411770236,790.310535552004
45,22,96457,289.968224182796,622.728220865256,406.004706760525,468.603688690297
45,23,98616,261.009967956518,578.763537357021,293.696448852113,528.308560477002
45,24,98856,254.694201667071,724.588603625475,380.264546410941,576.146202557255
45,25,87404,275.337204246945,657.020147819322,540.103896846826,411.797000137293
45,26,64470,244.839879013495,524.725438188305,410.900046533271,445.599674267101
45,27,43536,380.333241455347,535.391262403528,457.25684490996,363.804047225285
45,28,113530,319.033709151766,603.93227340791,359.759015238263,478.076534836607
45,29,78017,255.901149749414,581.733263263135,437.498276016766,445.105438558263
45,30,113383,234.042105077481,506.985791520775,755.306368679608,683.348588412725
45,31,115078,246.764212099619,594.843427935835,732.074054119814,535.504796746554
45,32,92817,381.476895396318,662.950472435007,429.814538285012,447.963120979993
45,33,108973,279.794949207602,567.990208583778,493.202885118332,364.759968065484
45,34,96418,306.243191105395,599.603808417515,480.452156236387,411.123431309507
45,35,82885,320.772672980636,709.465669300838,405.592290523014,501.697098389335
45,36,105262,179.611369725067,274.818177499953,597.969419163611,672.791187703065
45,37,79750,159.351122257053,430.054018808777,368.380351097179,430.296614420063
45,38,81313,219.987578861929,283.202894986042,453.619359757972,509.002189071858
45,39,102644,224.275281555668,375.959568995752,731.032003819025,649.836941272749
45,40,90023,165.271086277951,334.938960043544,619.632471701676,456.562356286727
45,41,72243,241.063770884376,643.658776628877,365.318743684509,435.996733247512
45,42,67700,192.720310192024,418.688227474151,326.079453471196,493.177976366322
45,43,77128,135.896885696505,447.59833004875,268.720581371227,646.576327663106
45,44,109306,290.242566739246,511.802645783397,380.088037253216,480.011307704975
45,46,32351,206.721214181942,373.372013229885,380.868690303236,434.982411671973
45,47,169180,166.962259132285,504.275706348268,430.541748433621,850.394301926942
45,48,128395,148.31354803536,491.722979866817,300.663281280424,753.338899489856
45,49,100060,268.731670997402,535.142724365381,372.41561063362,433.066190285828
45,50,73997,319.091328026812,696.47641120586,476.891387488682,449.257726664594
45,51,161954,258.261259369945,538.973924694666,579.565265445744,365.301066969633
45,52,112467,230.86889487583,567.501320387314,263.24877519628,637.391048040759
45,53,111236,173.481543744831,444.592541982811,751.224621525405,550.456533855946
45,54,108565,292.814378482936,740.89010270345,599.379514576521,622.924708699857
45,55,80219,257.813772298333,650.97425796881,674.728767498972,732.705119734726
45,56,120186,239.679305409948,518.294651623317,270.452723278918,555.960885627278
45,57,89803,145.787935815062,322.009053149672,393.266037882922,728.503925258622
45,58,73770,298.115182323438,282.819371018029,557.437400027111,494.826785956351
45,59,79814,279.183063121758,411.62649409878,643.499649184354,810.447953993034
45,60,76610,245.019997389375,521.760527346299,306.078971413654,437.080616107558
45,61,88800,241.079369369369,684.25829954955,403.399673423423,761.155540540541
45,64,30761,239.60414160788,530.124508305972,355.366080426514,392.715321348461
45,100,49141,252.47797155125,485.93886978287,336.775299647952,442.040332919558
45,101,38185,274.755034699489,480.886211863297,348.216210553882,485.034935183973
45,203,18639,350.874456784162,371.382262996942,360.333601588068,467.610816030903
46,1,61073,234.194848787517,505.547377728292,290.849033124294,487.986213220245
46,2,100046,242.239429862263,634.986995981848,307.738400335845,517.449023449213
46,3,89382,282.29087512027,489.962475666242,336.543073549484,446.737799556958
46,4,90095,307.745302181031,669.955524723902,537.087352239303,427.753660025529
46,5,71932,236.958349552355,622.626119112495,410.846313184674,415.596132458433
46,6,140983,224.671343353454,445.785094656803,296.529333323876,561.055290354156
46,7,105868,321.467818415385,523.606254959006,392.408565383308,479.330316998526
46,8,130394,263.132897219197,577.341150666442,337.235164194672,532.208307130696
46,9,81744,306.339853689567,617.758661186142,728.783482579761,599.051196418086
46,10,91169,300.78091237153,568.012833309568,319.418464609681,455.346005769505
46,11,71547,176.126755838819,483.434595440759,465.021398521252,372.306945085049
46,12,129791,268.965282646717,614.769899299643,285.759813854582,593.729919640037
46,13,99866,172.352201950614,669.078805599503,297.221316564196,647.275649370156
46,14,93015,248.987195613611,522.506219426974,741.495038434661,713.285276568295
46,15,147413,219.775576102515,429.062307937563,527.93249577717,387.169232021599
46,17,101212,172.696162510374,363.393006758092,471.061297079398,429.333695609216
46,18,94503,379.914119128493,668.864628636128,425.968276139382,454.074304519433
46,19,84135,318.290984726927,715.466012955369,392.251797706068,511.540963927022
46,20,122343,315.87144340093,609.424380634773,357.700783861766,479.082522089535
46,21,122610,281.836889323872,474.967490416769,415.516564717397,398.075458771715
46,22,91315,184.297771450474,421.303893117232,282.386387778569,522.481607621968
46,23,172162,239.718282780172,547.859701908667,583.99538806473,378.707200195165
46,24,130806,300.128082809657,652.171949298962,348.94428390135,535.89944650857
46,25,130026,189.300547582791,336.028609662683,448.018265577654,795.71258825158
46,26,69036,247.960238136624,634.301972883713,353.974274291674,435.428225853178
46,27,116410,211.497388540503,440.691607250236,449.453835581136,426.889004381067
46,28,92073,264.326034776753,722.075831133992,354.443115788559,586.459667872232
46,29,98434,291.047493752159,626.398998313591,404.149044029502,468.95116524778
46,30,124527,273.942133031391,586.481935644479,500.606960739438,377.053851775117
46,32,118477,267.901905011099,541.182921579716,371.740861095402,430.82691999291
46,33,99383,257.832073895938,575.331726754073,282.927542939939,533.085427085115
46,34,134900,221.466360266864,561.106968124537,249.498680504077,633.812209043736
46,35,131453,232.25328444387,579.785079077693,572.742911915285,864.276486653024
46,36,99507,134.613383983036,434.671812033324,265.511541901575,631.066246595717
46,37,164870,164.580639291563,501.714126281313,406.61925153151,860.107521077212
46,38,80801,260.181062115568,585.126013291915,444.891833021869,437.079578223042
46,39,46934,203.109408957259,383.080240337495,388.58703711595,435.275557165381
46,40,114190,193.138917593485,462.82212102636,750.285226377091,573.715894561695
46,41,102099,244.893436762358,393.294253616588,730.602336947473,667.376791153684
46,42,121690,230.406968526584,506.247719615416,491.309499548032,406.988528227463
46,43,109553,249.366973063266,509.547798782325,266.640922658439,551.269193906146
46,44,58265,213.556028490517,508.783472067279,357.216716725307,398.068033982665
46,45,95975,296.143672831467,603.275936441782,477.913185725449,420.135326908049
46,46,114153,268.115835764281,753.120110728584,581.997433269384,640.331257172391
46,47,128155,145.891576606453,483.850977332137,286.026756661855,755.663649486949
46,48,84854,133.685872204021,356.679685106182,628.139745916515,459.6622551677
46,49,105826,237.59755636611,285.124241679738,602.603622928203,682.615652108178
46,50,89145,161.297100229962,356.402019182231,317.620606876437,552.583476358741
46,51,85038,258.89514099579,415.125379242221,627.774030433453,828.349749523742
46,52,92229,261.319498205554,665.383924795888,289.144889351505,583.319216298561
46,53,83559,215.300374585622,287.927404588375,459.615241924867,516.217044244187
46,54,85638,248.992585067377,672.15557346038,650.346259837922,752.849541091571
46,55,78717,317.358753509407,704.383386053838,466.908710951891,459.189425410013
46,56,85198,144.077619192939,313.420784525458,391.841686424564,724.759923941877
46,58,56338,245.092406546203,526.168838084419,315.899304199652,425.656892328446
46,59,54709,178.988703869564,441.433987095359,380.477106143413,421.082308212543
46,60,84758,265.306000613511,292.234609122443,571.187923263881,504.90915311829
46,61,93662,226.965322115693,681.3799513143,371.004986013538,769.722534218787
46,63,5,186.8,615.8,717.2,591
46,105,76556,322.655128272115,508.812986571921,311.529181252939,532.126574011181
46,600,55838,271.640638991368,492.870715283499,355.538056520649,487.51543751567
46,601,52063,249.229740890844,537.522386339627,417.149299886676,440.174077559879
46,996,6088,206.289750328515,404.521681997372,337.471419185283,468.974540078844
46,997,36808,315.811970223864,373.883503586177,364.882145185829,479.922761356227
46,998,25599,240.311223094652,450.060041407868,390.462908707371,449.222313371616
46,999,25576,470.409133562715,547.001133875508,486.520566155771,365.787496090084
47,1,72470,235.43376569615,621.792962605216,407.709052021526,412.705257347868
47,2,71062,172.282696799977,493.565435816611,464.639047592243,380.542287016971
47,4,95510,319.946885142917,677.182441629149,530.092210239765,433.528227410742
47,5,94528,291.616388794854,567.863246868653,316.184061865267,451.973246022343
47,6,132835,265.938796250988,580.708841796213,330.144246621749,536.345692023939
47,7,104880,374.242057589626,663.065408085431,414.974580472921,456.719612890923
47,8,115377,308.442540541009,526.724650493599,389.506548098841,480.712481690458
47,9,100465,265.556133977007,481.350898322799,416.839297267705,403.247996814811
47,10,56477,406.924872071817,647.532340598828,710.628857765108,589.72296687147
47,11,81014,272.739156195226,433.117300713457,518.860789493174,400.1648603945
47,12,99562,292.41087965288,618.150007030795,396.958668970089,471.798246318877
47,13,66577,267.178049476546,582.755095603587,433.982891989726,435.031377202337
47,14,115143,288.62900914515,589.676480550272,498.143569300783,381.796487845549
47,15,91676,195.511835158602,432.563026310048,436.399592041538,436.330042759283
47,16,101158,240.646770398782,632.969740406097,294.7421459499,524.178591905732
47,17,58054,249.395114893031,634.538998174114,346.092724015572,437.429393323457
47,18,124752,323.74925452097,610.572592022573,346.011903616776,481.794440169296
47,19,99226,253.615635015016,572.307036462218,274.41061818475,535.878459274787
47,20,126563,243.087608542781,510.192773559413,261.886112054866,557.159722825786
47,21,127423,271.631879644962,613.954027137958,279.817529017524,595.048366464453
47,22,95727,241.151138132397,529.768968002758,739.819528450698,719.544381417991
47,24,93364,330.107707467546,605.501349556574,468.727689473459,421.719924167773
47,25,141291,273.919478239945,512.32147128975,306.338846777219,544.926102865717
47,26,140834,216.883465640399,590.337489526677,564.45772327705,871.621277532414
47,28,53907,231.872576845308,503.988498710743,288.548425992914,496.840187730721
47,29,94043,278.056304031135,721.611411800985,340.069478855417,589.389077336963
47,30,103748,132.920403284883,433.848989860045,259.347062112041,635.174991325134
47,31,160144,237.015648416425,549.538427914877,579.650508292537,381.891491407733
47,32,93765,162.618258411987,368.390828134165,477.733663947102,434.773348264278
47,33,112531,182.396752894758,673.57366414588,289.434093716398,647.125609831957
47,34,73171,162.89195172951,355.225430840087,313.194899618701,561.452911672657
47,35,133230,303.825752458155,656.114118441792,339.754754935075,538.610297980935
47,36,110650,191.229164030728,466.954053321283,748.375698147311,583.713565295978
47,37,136316,185.980178408991,341.923853399454,442.133997476452,804.957686551835
47,38,104174,262.432449555551,402.528721178029,730.317574442759,672.813187551596
47,39,100441,315.503648908314,716.587429436186,387.056889118985,510.923248474229
47,40,108834,247.340270503703,521.829602881453,482.775226491721,416.496214418288
47,41,99050,200.995668854114,292.245492175669,462.471892983342,520.352640080767
47,42,68233,253.686823091466,504.07015666906,350.851406211071,493.296762563569
47,43,132758,252.441193751036,763.070489160729,571.130719052712,645.52175386794
47,44,125707,222.513543398538,560.602559921086,242.394997891923,632.511379636774
47,46,173045,164.473743823861,505.486896472016,399.717622583721,866.053327169233
47,47,84791,321.381031005649,705.733285372268,456.63965515208,460.290703022726
47,48,113552,146.566885655911,482.57936452022,278.832112160068,760.760021840214
47,49,106356,128.635215690699,367.469649103013,631.009581029749,468.523308511038
47,50,52251,252.351419111596,515.274846414423,295.91188685384,452.518057070678
47,51,83649,249.244378295018,677.430692536671,642.984697964112,766.992576121651
47,52,38699,268.754954908396,673.60425333988,272.303909661748,606.055453629293
47,53,86530,200.336808043453,381.301733502831,391.198162486999,445.802311337109
47,55,97671,243.21908242979,290.605921921553,602.345209939491,688.492264848317
47,56,92064,238.501705335419,294.376162234967,568.081964720195,516.1212743309
47,57,102355,223.900210053246,693.054056958624,360.789555957208,766.05934248449
47,59,90027,143.686116387306,318.644084552412,387.930987370456,736.92631099559
47,60,6,160.5,378.5,353,503.5
47,61,68319,262.977297677074,424.01351015091,629.839707841157,835.250384226935
47,62,70524,252.355878849753,545.946911689638,409.710410640349,447.940842833645
47,100,72267,266.197697427595,539.738552866454,366.219726846278,427.732395145779
47,101,22659,204.747517542698,485.611633346573,360.084204951675,397.909925415949
47,102,64923,290.42222324908,484.559940236896,339.324184033393,451.415091724042
47,103,51287,238.427203774836,444.846510811707,300.057772924913,549.31128746076
47,104,46250,198.293578378378,432.576475675676,279.132540540541,520.309145945946
47,996,19246,161.089992725761,422.395666632027,331.287748103502,458.621116076068
47,997,34889,369.367995643326,376.677176187337,364.324142279802,486.992175184155
47,998,40579,240.878188225437,448.795436062988,383.589393528672,452.060277483427
47,999,62330,406.69420824643,546.40492539708,497.723856890743,362.739804267608
48,1,2,241,665.5,280.5,586
48,3,108194,278.215695879624,596.868412296431,490.452622141708,384.944627243655
48,4,105060,254.793774985722,537.626251665715,365.886588616029,425.293832095945
48,5,124622,272.931569064852,510.707740206384,296.019442795012,550.568382789556
48,6,96021,308.702481748784,685.217973151706,520.020984992866,439.738067714354
48,7,90142,284.745912005502,555.426837656143,309.299338820971,460.726032260212
48,8,84845,234.471730803229,446.416924980847,291.601980081325,570.036407566739
48,9,94287,322.04339940819,524.795528545823,390.26440548538,477.915587514716
48,10,99242,169.200157191512,674.007194534572,283.957910965116,661.107918018581
48,11,92116,274.636306396283,717.56654652829,326.789395978983,598.534510834166
48,12,95722,234.934508263513,505.423152462339,256.141064750005,565.458891372934
48,13,34048,439.730263157895,632.689585291353,705.740777725564,537.026932565789
48,14,79552,259.274663113435,561.534581154465,268.014053700724,537.318634352373
48,15,117173,266.043926501839,612.584127742739,269.14685123706,607.114309610576
48,16,90554,237.847129889348,622.264880623716,281.518673940411,530.22814011529
48,17,124383,265.643407861203,579.876028074576,320.033244092842,552.297243192398
48,18,98029,239.861398157688,499.952350834957,297.207489620418,455.203439798427
48,19,126886,302.828499598064,607.784917169743,322.704971391643,491.000315243605
48,20,126311,190.848310915122,337.431799289056,450.870058823064,809.107132395437
48,21,95643,156.384283219891,370.739949604258,481.015338289263,433.583231391738
48,22,97082,132.342318864465,427.338239838487,259.663325848252,643.310222286315
48,23,111982,260.835643228376,482.629029665482,345.436498723009,451.496874497687
48,24,74748,234.664753572002,520.169810563493,350.366096751753,503.445697543747
48,25,103500,227.158193236715,537.51968115942,741.854202898551,717.64
48,26,70061,224.72352664107,624.181270607042,393.662965130386,421.907708996446
48,27,103052,365.132573846214,661.890647440127,395.243954508404,468.043123859799
48,28,99045,270.707365338987,610.298783381291,375.77497097279,479.37817153819
48,30,72750,238.461140893471,630.801470790378,337.456591065292,443.138006872852
48,31,105554,201.384997252591,473.930651609603,747.307122420752,580.611014267579
48,32,77591,257.864352824426,588.32579809514,427.44902114936,440.423515613924
48,33,120240,299.438464737192,653.650158017299,323.475681969395,547.933291749834
48,34,101631,244.45616986943,483.758794068739,417.840127520146,401.940116696677
48,35,90612,297.482132609367,706.796505981548,444.579735575862,463.953703703704
48,36,36789,299.052841882084,679.812090570551,701.981543396124,641.093479029058
48,37,95341,129.228988577842,373.950545935117,635.674861811812,466.941116623488
48,38,139604,215.342361250394,590.579388842727,563.81856537062,877.563665797542
48,39,60306,262.478476436839,450.75554671177,527.034905316221,404.157712333764
48,40,94146,312.615480211586,715.907824018015,371.629819641833,517.742623159773
48,41,77110,164.774918946959,354.264881338348,309.244806121126,567.074192711711
48,42,65290,191.347894011334,483.864650022974,358.255398989125,402.834048093123
48,43,124694,145.185622403644,473.950157986752,280.86856625018,770.184820440438
48,44,79329,174.811632568165,510.872518246795,465.904246870627,380.512044775555
48,45,93175,200.224588140596,295.299361416689,458.360847866917,518.280762006976
48,46,100361,269.042935004633,413.196092107492,736.109315371509,672.006257410747
48,47,161076,164.514036852169,499.769481487,400.35414959398,872.999230177059
48,48,97978,237.121251709567,529.104860274756,470.530772214171,417.424809651146
48,49,104420,188.978682244781,432.40120666539,429.953552959203,443.698075081402
48,50,126537,215.368524621257,558.354749994073,237.552051968989,647.361720287347
48,52,129491,263.496335652671,771.032303403325,557.095551042157,648.239514715308
48,54,95023,261.081327678562,293.681214021868,609.591604137946,687.891215810909
48,56,116186,218.533807859811,691.418819823387,351.137503657928,769.207167817121
48,57,94017,301.879000606273,611.226661135752,451.866130593403,416.903219630492
48,58,90778,144.272984643856,313.244354358986,394.406915772544,739.771233118156
48,59,70212,266.920341252208,682.191876032587,642.665384834501,769.552569361363
48,60,86564,256.877212236033,430.252114042789,634.072524375029,839.384386118941
48,61,77712,188.726876158122,385.168571134445,388.916988367305,437.852982808318
48,62,87482,229.755286801856,300.337486568666,574.223120184724,512.649356439039
48,63,33148,244.917189574032,544.005158682273,616.92159406299,403.692862314468
48,100,40267,249.331139642884,550.926142995505,406.010306206074,444.544565028435
48,101,55694,261.764606600352,688.030290516034,253.530900994721,608.939813983553
48,102,46237,185.123775331445,429.339684668123,275.789389450008,519.720072669075
48,996,11452,217.945860984981,406.477471184073,339.688176737688,472.180754453371
48,997,23558,433.168010866797,370.979752101197,372.202054503778,477.027549027931
48,998,20583,327.745275227129,445.743137540689,376.358451149006,456.937035417578
48,999,40745,524.626800834458,555.128457479445,509.024591974475,376.619830654068
49,1,76453,258.521431467699,564.287863131597,402.80270231384,451.120623127935
49,4,83023,170.934801199668,659.676812449562,285.910446502776,665.888043072402
49,5,45077,188.159460478736,465.483528185106,581.390420835459,432.842624841937
49,6,135751,295.69371864664,611.499598529661,317.969510353515,499.68493049775
49,7,118680,283.134563532187,523.254903943377,306.746789686552,554.703008088979
49,8,67311,244.355766516617,636.76953246869,398.55799200725,441.776351562152
49,9,89113,258.626406921549,561.590385241211,270.074343810667,544.174935194641
49,10,133387,187.608020271841,345.054930390518,455.434555091576,795.029313201436
49,11,126286,252.513318974391,544.101000902713,365.494892545492,432.596107248626
49,12,94451,139.061471027305,394.882150533081,484.790378079639,442.941567585309
49,13,116766,221.943793570046,557.50261206173,718.127888255143,709.958395423325
49,14,115817,273.280787794538,480.913570546638,350.771406615609,454.3705846292
49,15,113775,316.517152274225,655.860435069216,329.429250714129,551.876027246759
49,16,105365,270.195131210554,612.168680301808,376.086072225122,491.63738433066
49,17,121654,270.195275124534,602.681416147435,276.775362914495,615.233005079981
49,18,127887,267.192951590076,586.27837856858,329.041474113866,557.028587737612
49,19,99656,325.775648229911,680.15384924139,523.457844986754,457.420406197319
49,20,52223,315.192903509948,631.819332478027,679.112574919097,535.278249047355
49,21,77929,221.000320804835,542.421191084192,356.425310218276,507.087400069294
49,22,105563,260.172446785332,711.831162433807,330.67308621392,606.014626336879
49,23,93972,285.744838888179,560.823415485464,315.295673179245,462.161856723279
49,24,83571,276.813188785584,600.582869655742,430.280228787498,453.128896387503
49,25,100117,250.846989022843,546.401060758912,465.801382382612,433.331232458024
49,26,105754,235.529927945988,491.699245418613,416.58806286287,407.27392817293
49,27,93926,316.372154674957,713.271117688393,369.28532035858,528.715818836105
49,28,98648,242.529772524532,505.549539777796,262.438427540345,560.939157408158
49,29,105438,273.294504827482,601.57123617671,496.411597336824,400.770974411502
49,30,113021,358.140805690978,668.719193778147,391.871492908398,484.839702356199
49,31,21693,238.473793389573,479.012400313465,474.87253952888,410.612870511225
49,32,108645,158.283464494454,363.690514979981,316.624142850568,580.745878779511
49,33,176151,161.479560150099,496.451464936333,391.296444527706,859.74411726303
49,34,107724,263.117030559578,652.516143106457,272.717815899892,603.484543834243
49,35,88543,189.412534023017,389.524637746632,397.741018488192,451.507640355533
49,36,82852,316.559226089895,705.960688939314,449.743542702651,478.286631584029
49,37,118618,223.44140012477,550.533426630022,246.069837630039,643.483838877742
49,38,106174,256.488434079907,447.875440314955,428.605110479025,460.650451146232
49,39,53696,276.439753426698,675.811922675805,675.391463051251,644.267654946365
49,40,137558,146.460932842874,473.168481658646,287.363868331904,761.727802090754
49,41,131813,190.774589759735,503.255301070456,730.168640422417,590.852199707161
49,42,89065,257.917700555774,320.768214225566,607.802020995902,688.745242238814
49,43,109849,266.777285182387,433.572112627334,717.131216488088,672.651749219383
49,44,79832,173.911075759094,537.81182984267,459.161564284999,390.07664846177
49,45,102718,234.239188847135,619.505597850425,277.47351973364,544.075264315894
49,46,86488,134.058412727777,429.409108778096,270.413606511886,645.218908981593
49,47,112008,128.788184772516,391.626758802943,631.731117420184,481.896757374473
49,48,102608,174.849660845158,308.34387182286,465.520670902854,533.68710042102
49,49,101629,284.662035442639,620.000501825266,451.299697920869,426.192504108079
49,51,126972,216.909688750276,586.733610559808,549.544112087704,867.957872601834
49,52,75649,258.305384076458,559.655672910415,613.049557826277,430.646525400204
49,53,108149,234.625322471775,441.519810631629,625.889938880618,827.775892518655
49,54,105335,248.232809607443,504.615664309109,298.363905634405,459.952446954953
49,55,147876,253.009081933512,759.650308366469,550.166903351457,648.117679677568
49,56,104788,218.958878879261,677.903042333092,341.23663014849,762.276128946062
49,58,78295,253.841816207932,676.611469442493,618.398275751964,772.106775656172
49,59,97417,144.88677540881,320.553691860764,402.991603108287,725.47639529035
49,61,76829,248.356961563993,642.744445456794,340.731754936287,453.228702703406
49,62,105046,333.128105782229,526.289644536679,407.928098166518,474.26304666527
49,63,1,172,474,349,420
49,64,100671,169.500382433869,317.504584239751,571.69490717287,520.733577693675
49,100,49381,195.537575180738,487.250865717584,364.476114294972,399.204066341305
49,300,82012,262.553736038628,459.15149002585,302.311222747891,560.41978003219
49,301,38515,181.052083603791,434.742957289368,278.466311826561,529.30234973387
49,996,21656,507.405430365719,558.276643886221,516.843969338751,389.081409309198
49,997,24182,288.139483913655,376.328095277479,372.307418741212,493.81308411215
49,998,18462,274.653721156971,412.92796013433,345.816975408948,487.428447622143
49,999,17790,392.237492973581,437.751320966835,374.989094997189,461.811354693648
50,1,77613,178.74519732519,432.081906381663,287.410536894592,531.680414363573
50,2,98418,163.003972850495,656.605427868886,300.085756670528,672.724105346583
50,3,49000,272.477224489796,437.63987755102,381.414734693878,464.595714285714
50,4,79477,266.266253129836,558.553694779622,407.285390741976,455.809089422097
50,5,50573,298.662586755779,663.157119411544,664.937417198901,649.478852352046
50,6,87011,260.669582006873,566.259725781798,277.861235935686,536.421981128823
50,7,105928,331.740389698663,522.776640737104,412.919416962465,480.9470867004
50,8,76660,277.581867988521,634.306052700235,415.494560396556,460.568849465171
50,10,129596,188.041698817865,509.747191271336,722.660313589926,594.683238680206
50,11,118580,254.916174734357,538.955515263957,371.709124641592,432.467422836903
50,12,88452,189.983980011758,387.877956405734,398.414100302989,465.122122733234
50,13,136983,184.377163589643,347.515348619902,457.992648722834,787.349758729185
50,14,117022,270.707080719865,477.376706943993,346.565637230606,460.737604894806
50,15,114119,289.381899596036,526.639814579518,311.910172714447,557.633899701189
50,16,147184,251.641075116861,465.15753070986,304.116221871943,562.952698662898
50,17,117633,148.066962502019,472.394736170972,300.235027585797,762.531968070184
50,18,91715,280.797808428283,597.846110232786,441.5247233277,461.462378018863
50,19,113684,259.368838183034,438.515428732275,708.592906653531,677.290146370641
50,20,98139,248.907192859108,508.277035633133,266.78593627406,553.946056104097
50,21,78681,266.539278860208,629.791728625716,344.763615104028,445.666170994268
50,22,108148,259.113696046159,451.6684913267,425.943984169841,470.453582128195
50,23,114529,323.811733272796,665.180006810502,343.749696583398,550.726750430022
50,24,78654,164.673188903298,470.410824624304,584.408180130699,427.477623515651
50,25,134295,303.797475706467,612.672191816523,329.148278044603,504.154800997803
50,26,96478,317.723429175563,699.055888389063,463.792356806733,487.268423889384
50,27,89791,225.432125714158,547.012072479424,357.758483589669,520.915314452451
50,28,105013,242.341671983469,621.315380000571,287.217506403969,545.504528010818
50,29,103612,297.486536308536,565.414643091534,331.697795622129,464.221798633363
50,30,67087,275.02449058685,624.31745345596,671.059817848465,542.989834096025
50,31,111531,353.680940725,674.191749379096,401.559763653155,489.753189696138
50,32,76963,175.690877434611,543.383599911646,455.615763418786,389.970011563998
50,33,102091,235.92731974415,559.538872182661,705.885082916222,702.68997267144
50,34,105655,285.422204344328,659.099124509015,535.323515214614,482.535497610146
50,35,103796,272.205903888396,614.209680527188,386.843712667155,502.21441095996
50,36,123166,150.089326599873,359.098273874284,329.942183719533,581.480083789357
50,37,117126,266.145868551816,591.926344278811,340.208066526647,562.451257619999
50,38,81672,141.870959447546,395.255069056715,486.863208933294,456.56131844451
50,39,44554,310.602863940387,566.909570408942,655.572496296629,491.979889572205
50,40,24222,355.489926513087,553.096152258278,559.237882916357,439.351787631079
50,41,129495,226.406787906869,547.730128576393,254.467909957913,640.857840071045
50,42,114297,238.551633026239,489.965493407526,417.930435619483,411.223120466854
50,43,102938,261.436262604675,715.258534263343,351.440663311896,610.696438632964
50,44,102572,250.013570955036,513.378153882151,300.928518504075,455.84999805015
50,45,86174,339.587114442871,712.182166314666,385.151495810801,535.300334207534
50,46,94556,291.63805575532,650.846609416642,283.809160708998,592.776502813148
50,47,103206,280.958636125807,619.848070848594,454.509001414646,430.300224793132
50,48,106862,225.629933933484,666.544459209073,351.548324006663,763.954324268683
50,49,97895,272.589539813065,597.420562847949,497.815598345166,403.773389856479
50,50,94362,136.206619189928,408.404442466247,635.081717216676,481.128028231703
50,51,177351,161.19189065751,488.573929664902,394.890623678468,850.934141899397
50,52,95803,278.980825235118,541.47717712389,468.316555848982,439.200755717462
50,53,82406,133.096837608912,439.907785840837,273.265648132418,651.920940222799
50,54,127168,229.234949043785,577.52425924761,547.814253585808,858.540820017614
50,55,88529,237.496198985643,660.058105253646,614.829072959143,771.695749415446
50,56,118159,164.308668827597,318.992391607918,570.16129960477,535.159293832886
50,57,97233,239.719591085331,324.095327717956,601.532452973785,686.204179650942
50,58,53752,184.426067867242,490.995218782557,359.152217591904,402.827838964132
50,59,103349,231.301783278019,438.977174428393,626.409196025119,815.046483275116
50,60,95277,144.359509640312,323.176684824249,408.650576739402,721.825697702489
50,62,130979,267.889829667351,607.562563464372,288.706044480413,614.093724948274
50,63,47766,199.779948080224,469.665892057112,472.81030440062,423.352258928945
50,64,125322,245.267199693589,743.948644292303,551.944048132012,645.029093056287
50,66,57648,201.12945809048,308.337964890369,475.948705939495,557.520000693866
50,67,12,222.083333333333,387.166666666667,372.583333333333,491.75
50,68,12,229.5,617.5,334.416666666667,436.25
50,996,27731,368.471133388626,548.681980455086,512.069020230067,392.474018246727
50,998,15875,250.429858267717,375.458141732283,371.503244094488,495.646866141732
50,999,15411,253.618259684641,411.369606125495,350.131983648044,489.860619038349
51,1,143970,255.112467875252,466.590178509412,305.037493922345,561.45546988956
51,2,81598,234.705728081571,550.185004534425,355.614059168117,521.707112919434
51,3,92116,259.961917582179,570.105345434018,282.583666246906,539.026998567024
51,4,76092,258.702071176996,544.782920674972,408.142288282605,455.040267045156
51,5,112132,269.432195983305,524.946839439232,368.222675061535,437.768852780651
51,6,48492,245.204631691825,428.130186422503,373.435659490225,466.388600181473
51,7,110522,310.014042453086,504.262083567073,411.653643618465,475.680063697725
51,8,92653,163.390575588486,652.994452419242,306.890840015974,679.967113854921
51,9,118812,253.665867084133,469.101917314749,337.730229269771,466.910615089385
51,10,110518,310.456921044536,610.261758265622,452.584764472756,428.36803054706
51,11,54765,287.070300374327,645.245412215831,677.078133844609,641.989117136857
51,12,119313,276.682800700678,526.027348235314,316.871950248506,558.629621248313
51,13,121232,250.214704038538,445.980252738551,418.305191698561,472.283044080771
51,14,92133,256.201925477299,583.251820737412,498.304299219606,397.714521398413
51,15,49229,269.148205326129,541.098905116903,556.91045928213,402.101972414634
51,16,100450,269.517521154803,614.036495769039,385.250920856147,509.102040816327
51,17,11,170.090909090909,392.545454545455,382.181818181818,429.818181818182
51,18,135120,188.727479277679,335.732748667851,459.645500296033,783.629692125518
51,19,133509,291.148154806043,617.858631253324,334.369735373645,506.724303230494
51,20,121828,195.054486653315,486.371055914896,726.262657188824,590.233312538989
51,21,105047,298.662493931288,561.967167077594,332.868220891601,468.829514407836
51,22,97535,143.016455631312,380.867237401958,479.038642538576,450.840036909827
51,23,66800,214.114820359281,291.781676646707,483.270194610778,598.620194610778
51,24,94609,239.531217960236,509.464099609974,268.189421725206,545.041560528068
51,25,87193,233.234124298969,607.737650958219,684.681052378058,546.159313247623
51,26,127637,235.093099963177,566.472558897498,556.120889710664,852.883348872192
51,27,105072,239.357316887468,536.611494974874,712.856469849246,699.030540962388
51,28,133526,150.497918008478,346.114457109477,330.732741188982,581.580156673607
51,29,101692,374.086103134957,673.927496754907,413.906393816623,488.748869134249
51,30,55977,351.296996980903,624.623434624935,363.879664862354,449.784983118066
51,31,99156,244.903929162128,618.028379523176,296.085481463552,549.127092662068
51,32,91808,275.088096897874,536.183284681074,462.665650052283,428.49421619031
51,33,98871,282.103488383854,656.290439056953,295.986548128369,592.035662631105
51,34,110446,332.049345381453,668.294071310867,350.991470945077,552.423120801115
51,35,81966,349.59649122807,708.646975575238,400.660249371691,539.731254422565
51,36,108932,245.362134175449,519.419527778798,302.320374178387,452.786619175265
51,37,101418,244.692293281272,307.790293636238,596.222297816956,681.359393795973
51,38,84722,350.511295767333,693.26257642643,475.510504945587,485.512228228795
51,39,73197,291.409606951105,634.821263166523,434.843190294684,471.200295094061
51,40,129711,264.8006182976,586.554987626339,350.493905682633,562.091780959209
51,41,115021,233.847280061902,478.703810608498,413.986654610897,410.811347493066
51,42,52874,184.89777584446,457.187804970307,473.095718122329,415.578053485645
51,43,83393,133.34608420371,435.232477546077,274.557624740686,651.542935258355
51,44,124458,147.809035980009,468.594899484163,305.167976345434,766.290121968857
51,45,110688,232.534538522694,549.378595692397,260.419404090778,643.178718560278
51,46,75684,175.828259605729,426.812021034829,283.47021827599,536.02846044078
51,47,46873,361.463891792716,533.239391547373,502.812301324857,394.817613551512
51,48,102123,252.915699695465,416.751348863625,709.50260959823,671.711749556907
51,49,100521,320.774425244476,656.510002884969,548.271585041932,464.709831776445
51,50,120632,193.684155116387,305.620589893229,559.608229988726,528.325087870548
51,51,94626,145.23061315072,312.469976539218,410.810707416566,717.863272250756
51,52,78104,267.164741882618,585.30415855782,432.538192666189,466.081519512445
51,53,67871,171.85700814781,539.379410941345,445.188519397092,386.056916798043
51,55,84740,157.784564550389,461.312626858626,580.745846117536,413.474486665093
51,56,175465,166.18019548058,476.077439945288,406.335012680592,848.910939503605
51,57,103751,239.000693969215,417.833572688456,634.485151950343,802.479658027392
51,58,109387,259.778858548091,712.968094929014,367.04424657409,614.603270955415
51,59,63538,232.610186030407,547.982703264188,671.954845918978,481.512323334068
51,60,45503,145.328483836231,320.220666769224,458.449442893875,534.840977517966
51,61,117826,131.927910647905,390.460585948772,631.042825861864,474.66728905335
51,62,90039,242.765157320717,659.124068459223,367.390952809338,768.202090205355
51,63,74679,246.676937291608,638.366193976888,630.982471645309,765.513129527712
51,64,111726,272.859379195532,730.16120688112,564.436952902637,644.848271664608
51,65,132796,269.906141751258,610.168325853188,295.39375432995,619.202860025904
51,67,52967,186.419714161648,496.534615892914,347.002322200615,406.669114731814
51,100,83845,197.415755262687,381.127532947701,394.045262090763,461.301210567118
51,102,40006,232.027720841874,371.922286657001,363.935459681048,497.809303604459
51,999,13863,259.614008511866,403.559186323307,337.702012551396,488.201471542956
52,1,124421,294.246067785985,559.262978114627,330.689690647077,475.10535199042
52,3,112862,333.802599634952,602.808580390211,456.439430454892,441.204054509046
52,4,116835,244.735173535328,525.182299824539,298.439928103736,456.285128600163
52,5,117124,190.594788429357,384.404528533862,384.342150199788,460.96190362351
52,6,125455,276.909672791041,518.651532421984,362.41809413734,445.06469251923
52,7,122416,251.632417331068,464.580340805124,327.720779963403,472.889344530127
52,8,79154,263.43905551204,542.954354802032,406.516183642014,462.191917022513
52,9,26834,401.959156294254,633.675411791011,420.606730267571,437.750950286949
52,10,88158,265.406690260668,571.311905896232,284.23657523991,545.612547925316
52,11,90023,140.844150939204,390.035268764649,481.143452228875,443.180320584739
52,12,93767,165.429788731643,644.325594292235,311.168097518317,683.999840029008
52,13,119051,154.420273664228,344.718834785092,341.210951608974,571.421483229876
52,14,147795,256.868060489191,472.312209479346,310.055340167123,565.040650901587
52,15,116994,292.483443595398,525.439355864403,324.483435047951,555.246439988376
52,16,99366,243.873789827506,511.704305295574,269.097196224061,552.40458506934
52,17,99330,260.890697674419,580.366968690225,491.968015705225,401.69968790899
52,18,110312,239.831450794111,521.64383747915,712.465307491479,696.619470229893
52,19,129521,191.202700720347,478.077601315617,723.534685495016,590.42555261309
52,20,65416,234.885502017855,547.363244466186,549.378592393298,401.704842851902
52,21,97933,336.992923733573,495.378330082812,407.554389225287,476.056834774795
52,22,94455,285.058811074056,655.625091313324,298.267481869673,590.818209729501
52,23,61836,243.704751277573,561.406979752895,356.459344071415,516.141826767579
52,24,132661,191.310724327421,337.721282064812,461.78154092009,781.839447916117
52,25,123461,318.536185516074,626.713504669491,337.673743125359,513.522893869319
52,26,48216,300.484590177534,635.669010287042,679.158598805376,637.296540567447
52,27,102350,282.018358573522,617.281279921837,386.976980947728,518.130034196385
52,28,25927,308.78910016585,607.520846993482,325.743857754464,470.02445327265
52,29,48813,342.551471943949,529.652203306496,496.858685186323,397.272796181345
52,30,84654,349.454237248092,706.375197864247,404.023554705035,541.351111583623
52,31,57771,139.262051894549,329.929687905697,441.087085215766,502.347440757473
52,32,96247,306.892360281359,650.91487526884,546.933857678681,468.532120481677
52,33,133854,269.626354087289,582.365943490669,358.494411821836,564.736212589837
52,34,100385,383.552472979031,670.942610947851,412.417572346466,491.526732081486
52,35,69455,302.870405298395,629.667223382046,448.121776689943,485.569951767331
52,36,96798,247.780419016922,482.159869005558,409.482716585053,413.411620074795
52,37,89489,234.856496329158,605.091363184302,685.314697895831,548.370883572283
52,38,71696,273.10865320241,595.253082459272,413.063615822361,473.442730417318
52,39,115956,237.286677705337,548.950188002346,266.480225257856,647.457276898134
52,40,99514,253.239162328919,408.2236871194,703.538034849368,671.315915348594
52,41,123090,150.513811032578,466.107076123162,312.234616946949,768.381363230157
52,42,99691,275.70021366021,535.048108655746,454.1608068933,428.427200048149
52,43,103480,248.479657904909,616.383417085427,300.481465017395,557.019588326247
52,44,107893,263.162763107894,708.94140491042,371.681276820554,617.762375687023
52,45,123265,238.141840749605,564.461323165538,560.207877337444,846.21944590922
52,46,127725,192.988882364455,306.799522411431,552.804032100215,521.856739087884
52,47,117006,131.311360101191,389.575808078218,632.369143462728,480.552732338513
52,48,75724,177.456724420263,428.292113464688,280.433931118272,553.902025777825
52,49,68880,206.38256387921,282.475130662021,480.877395470383,619.345862369338
52,50,110250,335.552816326531,670.006430839002,353.888027210884,558.609541950113
52,51,85384,358.111156656985,690.966082638433,479.152698397826,487.737444954558
52,52,73196,133.819976501448,436.492909448604,277.098967156675,655.974971309908
52,53,103227,244.151094190473,307.229784843113,593.742770786713,679.100981332403
52,54,162029,168.678156379414,475.433076794895,411.891414499873,845.857895808775
52,55,100187,145.523421202352,313.559204287981,415.157695110144,718.739876431074
52,56,151816,261.16981741055,609.919955735891,302.420219212731,627.751883859409
52,57,88358,167.183741143982,467.075137508771,576.218621969714,406.684273070916
52,58,31702,234.732572077471,404.438079616428,328.971295186424,497.480158980506
52,59,77073,248.353547935075,630.059281460434,631.324484579554,762.41664396092
52,60,86022,248.403431680268,651.915207737556,369.776952407524,767.692462393341
52,62,101975,279.019887227262,724.340897278745,565.327707771513,638.72245158127
52,63,99558,255.841278450752,420.040810381888,635.048705277326,798.65029430081
52,64,50675,198.997770103601,457.956921558954,468.438815984213,405.583068574248
52,65,59676,219.074502312487,551.772337288022,664.663331992761,475.90259065621
52,66,53466,211.393334081472,375.142557887255,358.662851157745,512.582052145289
52,67,44134,189.302986359723,515.397426020755,339.243848280237,410.57246114107
52,100,31614,266.628076168786,430.070222053521,368.963528816347,461.314322768394
52,101,83620,262.882324802679,447.386187514949,398.972375029897,488.49842143028
52,103,41129,182.061392205014,538.617082836928,439.018600014588,391.295387682657
53,1,90607,307.059973291247,573.014259383933,330.454677894644,467.536834902381
53,2,114473,250.493216741066,622.629869052091,308.830571401116,561.730049880758
53,3,127193,279.241522725307,527.24956562075,357.310693198525,446.978135589223
53,4,112662,326.036338783263,489.747528004119,404.942367435338,467.864461841615
53,5,83203,141.253019722847,387.655024458253,480.150547456222,440.851183250604
53,6,153211,269.70856531189,471.470847393464,308.105912760833,559.319572354465
53,7,98952,177.089881962972,427.369967256852,280.668414989086,553.822974775649
53,8,59137,239.876524003585,614.637519657744,316.174273297597,473.59267463686
53,9,114942,319.175027405126,639.967835952045,347.601329366115,510.195080997373
53,10,125636,321.718671399917,609.450786398803,452.447523002961,443.756033302557
53,11,94831,299.276860942097,647.681433286583,292.599909312356,595.239816093893
53,12,122463,151.66426594155,339.165903170754,342.890734344251,568.886308517675
53,13,119761,262.376140813787,467.052437771896,325.626222225933,471.264409949817
53,14,77605,166.824895303138,644.288396366214,308.7931447716,683.084169834418
53,15,77482,272.612658423892,609.3670788054,408.112580986552,470.797256136909
53,16,132705,315.949715534456,669.688934101956,359.749248332768,563.233404920689
53,17,87569,263.627859173909,545.682638833377,405.734004042526,464.786625403967
53,18,114808,253.135818061459,530.247430492649,295.561685596823,460.108145773814
53,19,105405,262.877083629809,512.948057492529,713.131739481049,699.542545420047
53,20,96650,282.94662183135,618.200175892395,391.280900155199,520.346973616141
53,21,102573,238.412535462549,444.709114484318,381.178146295809,502.506595302857
53,22,84673,186.097350985556,386.716662926789,383.650856825671,453.378219739468
53,23,106973,260.723734026343,708.535995064175,373.486113318314,620.060379721986
53,24,100296,387.156775943208,672.529901491585,420.707386137034,490.004726011007
53,25,99591,264.552610175618,578.83124981173,492.891998272936,399.080187968792
53,26,45440,358.669652288732,527.658054577465,491.420730633803,397.90801056338
53,27,100936,316.568379963541,656.744551002615,553.420127605611,469.136898628834
53,28,75178,233.019074729309,546.638059006624,546.666750911171,399.196280826838
53,29,109220,200.726414576085,472.284233656839,724.774812305439,590.868705365318
53,30,79365,245.883928683929,604.699325899326,688.107226107226,552.500296100296
53,31,103904,257.313019710502,574.48207961195,283.52352171235,546.25446566061
53,32,114203,295.632190047547,521.299939581272,325.685262208523,547.935605894766
53,33,95916,230.071385378873,401.227699236832,703.634096501105,666.660046290504
53,34,143384,189.175124142164,333.253187245439,463.835832449925,781.291322602243
53,35,83891,362.314288779488,692.687689978663,485.691385249908,492.255903493819
53,36,78157,132.273910206379,436.618409099633,275.908120833707,655.958391442865
53,37,66303,133.66517352156,330.385638658884,439.437461351673,495.397402832451
53,38,45458,305.989528795812,628.508733336266,685.129372167715,638.11945092173
53,39,90968,128.302447014335,385.149920851288,635.949443760443,484.885531175798
53,40,128214,149.353838114402,466.298126569641,311.702879560734,769.770064111563
53,41,82387,347.486933618168,709.4410040419,408.09509995509,544.346608081372
53,42,104653,144.981758764679,310.009048952252,414.460751244589,718.500482547084
53,43,132906,187.774419514544,302.748769807232,549.835665808918,524.400094803846
53,44,59502,276.048872306813,612.475378978858,450.019175826023,493.101173069813
53,45,122598,235.200639488409,545.948620695281,263.815510856621,649.664333839051
53,46,93501,253.884193751938,485.608346434798,404.529962246393,412.234136533299
53,47,81386,194.200218710835,279.984284766422,478.210711916054,613.093013540412
53,48,74811,258.476440630389,578.558661159455,350.648728128216,511.753699322292
53,49,40197,272.899271089882,651.275244421225,429.863248501132,433.051844665025
53,50,103556,242.006595465256,301.92630074549,590.907972497972,679.959673992816
53,51,77913,245.931462015325,625.734190699883,636.720598616405,758.923902301285
53,52,99922,246.615620183743,510.244020335862,268.310081863854,559.491783591201
53,53,105653,209.403944989731,539.883183629428,437.939358087324,398.210954729161
53,54,124589,237.490163658108,557.93135830611,561.569199528048,846.263097063144
53,55,69087,198.067856470827,455.372747405445,464.907971108892,403.549625834093
53,56,94533,162.838416214444,471.848518506765,578.394528894672,404.272751314356
53,57,95589,249.212022303822,414.996966178117,634.405140758874,799.524192114155
53,58,105407,288.441460244576,722.197852135057,564.34946445682,645.529907880881
53,59,152839,169.721478156753,473.018077846623,415.529871302482,845.219217608071
53,61,85107,249.326917879845,655.841787397041,376.029504036096,766.078242682741
53,62,61566,224.526085826593,557.588198031381,661.538625215216,472.806013059156
53,63,28787,203.848542744989,525.567443637753,338.369437593358,411.062458748741
53,64,118544,285.803212309354,611.781355446079,303.12509279255,622.676938520718
53,65,42425,227.840023571008,403.646317030053,328.61581614614,495.218385385975
53,66,44546,269.927917209177,555.480671665245,450.145916580613,435.784043460692
53,100,94665,292.162700047536,573.857772143876,360.093128400148,555.331685416997
53,101,25630,290.650877877487,431.701482637534,364.044791260242,457.461100273117
53,102,22150,231.830158013544,372.139774266366,357.384334085779,498.665282167043
54,1,101087,242.182773254721,626.306854491675,310.79327707816,557.231998179786
54,2,112750,329.365232815965,501.536824833703,397.558243902439,474.625170731707
54,3,47955,294.260973829632,439.558481910124,364.97284954645,469.399061620269
54,4,150091,275.618411497025,473.741929895863,302.258010140515,561.715612528399
54,5,96352,296.535058950515,579.65991364995,330.336204749253,473.742060362006
54,6,70243,274.807710376835,655.684594906254,291.334111584072,583.102287772447
54,7,117873,151.458272886921,336.152520085176,345.805884299203,570.159069507012
54,8,64932,247.598764861701,492.319796094376,384.906486786176,405.035745087168
54,9,79313,163.870929103678,649.035025783919,305.045503259239,684.161171560778
54,10,106417,180.563462604659,426.132666773166,279.184848285518,556.751374310496
54,11,124467,293.452465312091,644.500911888292,349.407947488089,504.486956382013
54,12,84498,264.278657483017,551.189045894577,405.16816966082,468.273781627968
54,13,91936,271.959286895231,515.293323616429,710.897548294466,703.234021493213
54,14,105842,293.957644413371,610.615058294439,444.689546682791,433.82971788137
54,15,79299,244.690702278717,613.225538783591,398.016368428353,462.591798131124
54,16,95655,193.466781663269,459.978119282839,458.877946787936,403.448131305211
54,17,144623,281.360654944234,672.060785628842,357.986848564889,564.557311077768
54,18,120282,179.624582231755,391.011389900401,385.36741158278,458.178256098169
54,19,134998,182.011933510126,340.03280789345,466.223418124713,787.059445325116
54,20,100874,257.04670182604,582.662301485021,280.901629755933,547.525526894938
54,21,103415,254.761872068849,574.442933810376,489.419039791133,394.847971764251
54,22,99790,234.468483816014,401.653953301934,701.113558472793,670.310381801784
54,23,114934,303.993465815163,523.621791636939,314.770859797797,545.777019854873
54,24,108488,247.015762111939,531.113984956862,300.189126908045,450.242782611902
54,25,81593,246.477050727391,610.798708222519,689.952471412989,557.275072616524
54,26,114257,128.369911690312,388.580122005654,644.690399712928,488.112115669062
54,27,104889,247.872350770815,516.082935293501,264.518452840622,562.749649629608
54,28,130461,286.529108315895,523.512245038747,346.826952115958,465.8598661669
54,29,82639,145.891951741914,387.276346519198,478.337576688973,435.176659930541
54,30,103049,348.921542178963,669.404118429097,420.670952653592,482.347494881076
54,31,111060,277.032865117954,467.816045380875,322.239122996578,467.063056005763
54,32,32938,199.071406885664,529.397868723055,346.514087072682,411.985852207177
54,33,60221,214.998605137743,376.445426014181,352.786054698527,506.676010029724
54,34,51621,303.573971833169,521.21006954534,488.813079948083,395.949807248988
54,35,62269,133.23356726461,334.999004319967,440.069713661694,484.881722847645
54,36,126924,227.169810280168,568.699174309035,561.171078755791,845.539180927169
54,37,65256,213.309442809857,614.145059458134,311.449889665318,474.687507662131
54,38,119663,198.607857065258,474.047901189173,725.790227555719,596.688291284691
54,39,109738,234.476908636935,712.107537954036,366.32581238951,624.419854562686
54,40,141558,255.661163621978,562.03830232131,350.785494285028,565.367227567499
54,41,104404,141.522068119995,312.477596643807,417.001848588177,722.174935826214
54,42,127739,232.465081142016,552.275287891717,259.53145867746,649.626081306414
54,43,89205,238.163253180876,603.012432038563,436.180886721596,495.872854660613
54,44,99737,160.72330228501,472.441461042542,575.421458435686,402.650911898293
54,45,82148,319.306617324828,699.406351950139,480.904635535862,491.701015240785
54,46,105998,265.622228721297,622.497141455499,386.201664182343,524.63295533878
54,47,49408,288.107027202073,632.512447376943,687.11749109456,641.713285297927
54,48,85921,181.343664529044,280.681335179991,472.23001361716,611.060276300322
54,49,93407,297.611420985579,664.18809082831,552.420589463316,465.932756645648
54,50,84169,134.225154154142,442.871009516568,271.94806876641,660.623661918283
54,51,78450,229.150108349267,555.000216698534,544.79552581262,398.020599107712
54,52,116394,268.581035104902,727.520250184717,562.852990703988,649.062786741585
54,53,83344,313.325782299866,712.747576310232,405.78256383183,540.915410827414
54,55,98884,227.415567735933,306.233131750334,591.202823510376,681.649741110797
54,56,97272,254.569567809853,423.708909038572,631.169504071058,803.778610494284
54,57,37431,240.523549998664,404.315914616227,334.022334428682,480.991985252865
54,58,153068,150.613178456634,474.253743434291,310.861884913894,773.963205895419
54,59,160589,176.337731725087,482.686946179377,417.565966535691,847.857368811064
54,60,135720,176.756211317418,302.103684055408,548.802984084881,526.643339227822
54,61,83617,237.730856165612,638.021753949556,636.013466161187,753.134111484507
54,62,61299,178.486092758446,540.29183184065,434.097440415015,386.40684187344
54,63,42219,261.676685852341,657.00765058386,433.837300741372,436.690802719155
54,64,60172,224.1082895699,563.684354849432,660.614770989829,471.967892042811
54,65,86179,243.634284454449,663.089198064494,375.623330509753,765.719177525847
54,100,57745,240.232453026236,445.481323058273,366.827811931769,506.184951078015
54,101,110303,289.199378076752,619.453704794974,301.154075591779,614.95116179977
54,102,51476,253.401138394592,589.676645426995,350.971559561738,515.960816691274
54,234,53322,255.652788717603,553.985146843704,448.863939837215,417.821705862496
55,1,116472,233.200820798132,627.545049453946,313.591481214369,566.403178446322
55,2,122068,267.806501294361,538.32481895337,341.695800701248,462.842980961431
55,3,106413,239.871425483729,588.567815962335,286.463317451815,541.136571659478
55,4,154315,273.932054563717,474.228532547063,300.858568512458,566.015734050481
55,5,77805,269.374551764025,660.509093245935,295.083773536405,585.485572906626
55,6,88964,273.390742322737,513.329223056517,714.336697990198,707.235173778157
55,7,97524,139.756870103769,394.18229358927,488.313748410648,430.56507116197
55,8,126234,301.004166864712,476.717183959947,379.708065972717,476.811168148042
55,9,142759,280.709405361483,673.641003369315,360.497313654481,564.489832514938
55,10,94633,173.235869094291,415.733222026143,284.292139105809,558.069869918527
55,11,105729,269.36411958876,603.958043677704,443.157771283186,421.008171835542
55,12,119566,293.249803455832,647.830018567151,349.443512369737,505.907130789689
55,13,82342,227.685081732287,584.080202083991,357.623375677054,520.82012824561
55,14,35911,296.497479880816,454.359750494278,347.82420428281,460.724262760714
55,15,110987,234.768909872327,711.020452845829,367.128879958914,622.995278726337
55,16,42145,265.516763554396,512.249875430063,486.91348914462,396.391102147348
55,17,109556,254.312698528606,620.249397568367,382.314943955603,529.419767059769
55,18,122926,163.833094707385,464.101451279632,570.695760050762,398.114247596115
55,19,68721,243.208437013431,604.136464836076,391.13468954177,454.847455654021
55,20,85823,131.635144425154,339.029316150682,444.356035095487,474.705545133589
55,21,144439,186.257887412679,334.064698592485,471.084464722132,785.054458975761
55,22,81072,184.410351292678,277.294528320505,470.018724097099,602.767280935465
55,23,106517,156.772824995071,333.073706544495,351.227991775961,559.024775387966
55,24,174995,169.008651675762,476.300042858367,422.935678162233,849.213228949399
55,25,63134,222.159090189122,618.169464947572,309.835967941204,485.4359774448
55,26,109017,235.782235798087,571.162515937881,490.467505068017,391.306447618261
55,27,86706,230.732371462183,611.260293405301,695.874137891265,559.494913846793
55,28,117726,266.42461308462,586.457766338787,326.214098839679,469.518152319793
55,29,100862,358.139646249331,657.51730086653,415.05259661716,474.403313438163
55,30,101635,140.701648054312,307.692448467555,418.788025778521,721.747163870714
55,31,109955,239.599336092038,517.266181619754,265.536501295985,566.570806238916
55,32,87247,320.520098112256,710.292697743189,409.303941682809,535.229337398421
55,33,129849,221.751811719767,549.965205738974,257.190991074248,650.366656655038
55,34,62954,205.290529593036,465.484893731931,462.482590462878,397.313451091273
55,35,58532,210.692117132509,375.083339028224,364.519322763616,490.273867286271
55,36,43187,175.526848357145,532.574779447519,358.946164355014,408.569268529882
55,37,67540,215.852976014214,550.157965649985,540.810127331951,388.192374888955
55,38,121718,195.885620861335,470.154841518921,729.794722226786,598.791616687754
55,39,116784,264.088342581175,479.954617070832,315.494656802302,464.950977873681
55,40,85356,310.441656122592,697.64567224331,480.390318196729,485.108264211069
55,41,95669,238.377175469588,584.142010473612,422.363273369639,505.571240422707
55,42,53894,425.903774075036,660.47595279623,558.450866515753,459.338238022785
55,43,145410,150.726139880338,463.687614331889,318.16998830892,782.232315521628
55,44,56761,260.103539402054,631.786261693769,693.172054755906,642.270308838815
55,45,129831,216.53116744075,568.172277807303,565.740062080705,847.091534379309
55,46,122866,268.547612846516,729.575122491169,563.122572558722,649.621376133349
55,47,99749,231.598101234098,303.730363211661,597.361908390059,682.393337276564
55,48,110060,220.827739414865,529.813238233691,299.335971288388,445.62542249682
55,49,91994,232.782888014436,394.97861817075,703.683142378851,668.759256038437
55,50,72194,136.80685375516,387.033423830235,642.979181095382,491.215253345153
55,52,69978,159.531852868044,651.957172254137,305.877718711595,686.710966303695
55,53,112078,243.236736915363,544.407903424401,347.998643801638,571.378102749871
55,54,98739,242.017703237829,539.828041604634,441.333232056229,424.713932691236
55,55,123011,185.270081537423,304.761078277552,551.273804781686,513.256310411264
55,56,35368,240.920691020131,512.812090024881,446.735919475232,484.904546482696
55,57,78981,226.100087362783,637.019029893265,640.909054076297,753.548587635001
55,58,94143,269.358720244734,423.009464325547,634.067896710324,805.887692127933
55,59,83747,134.181522920224,441.45076241537,271.036920725519,663.078152053208
55,60,126712,217.164009722836,452.010890839068,342.469797651367,519.81465054612
55,61,91377,232.915077098176,661.282861113847,378.017728750123,769.753822077766
55,62,133408,258.503313144639,616.599064523867,296.858374310386,622.310850923483
55,63,20008,397.536735305878,460.551029588165,438.849610155938,442.666933226709
55,64,60416,217.406283103814,566.195064221398,668.881438691737,473.07961467161
55,65,59258,228.082216747106,402.236305646495,374.921732086807,454.45921225826
55,66,36105,267.348899044454,474.661265752666,418.288048746711,398.024096385542
55,67,33589,235.807377415225,401.102206079371,342.338622763405,488.838756735836
55,105,83157,307.062159529565,526.359019685655,318.638731555972,537.537320971175
55,106,30447,249.402995369002,654.497848720728,442.340624692088,430.468748973626
55,123,62156,155.65046013257,541.18712594118,427.238351888796,379.963173305876
55,125,19190,268.04919228765,582.188275143304,435.114278269932,460.854090672225
56,2,112460,299.246647696959,580.174630979904,347.792326160413,478.618708874266
56,3,171835,250.702167777228,476.327075392091,292.253027613699,580.285436610702
56,4,114134,305.206897155975,647.123749277165,351.102607461405,514.117624897051
56,5,98312,239.746002522581,581.676529823419,430.886199039792,500.829339246481
56,6,78779,126.66262582668,380.029322535193,657.032610213382,503.633988753348
56,7,73090,228.573197427829,613.699808455329,306.703105760022,484.600519906964
56,8,130112,247.087855078701,486.111757562715,318.437984198229,454.244066650271
56,9,75667,249.831419244849,612.4429936432,391.40049162779,467.98176219488
56,10,126275,267.902585626609,610.118424074441,434.776978816076,422.097786576915
56,11,133128,205.492931614687,561.095577188871,579.208806562106,843.002035634878
56,13,104118,143.94631091646,385.277185501066,493.118250446609,425.578900862483
56,15,101920,170.613569466248,409.001265698587,285.274342621664,554.02181122449
56,16,102880,253.632367807154,619.042962674961,390.0358281493,527.776953732504
56,17,126766,304.615314832053,680.877806351861,369.953638988372,563.890301815944
56,18,69251,296.354955163102,511.337886817519,719.256963798357,697.603197065746
56,19,142470,195.350782620903,326.871144802415,483.656039868042,783.498666385906
56,20,163655,167.98432067459,472.673037792918,433.226458097828,850.745220127708
56,21,56461,196.558987619773,460.329129841838,457.467986751917,390.279059882042
56,22,116258,217.163558636825,552.039876825681,260.353687488173,646.949612069707
56,23,115702,188.960562479473,439.411012774196,318.954097595547,530.219978911341
56,25,80707,162.381503463144,645.784838985466,307.257288711016,680.982901111428
56,26,146362,256.265041472513,471.150626528744,360.283441057105,505.0275959607
56,27,104612,203.570880969678,384.075450235155,708.709966351853,653.754425878484
56,28,73389,224.457289239532,587.873632288218,354.921282481026,540.369973701781
56,29,106948,244.547050903243,708.68500579721,371.064610838912,624.430003366122
56,30,106385,142.446858109696,301.549720355313,422.542050101048,721.285284579593
56,31,120261,269.821280381836,526.152485011766,331.060219023624,471.647192356624
56,33,119256,276.368727778896,723.047729254713,576.53614073925,649.082511571745
56,35,86128,188.785400798811,269.936838194315,472.717513468326,592.523801783392
56,36,98453,229.552029902593,517.792997674017,264.542116542919,566.441367962378
56,37,46388,369.511576269725,649.952250582047,588.286625851513,464.939251530568
56,38,87026,206.747075586606,601.932594856709,704.9196561947,556.267988876887
56,39,152952,148.929526910403,457.740264919713,325.747803232387,784.06954469376
56,40,85815,235.131002738449,547.180353085125,544.624284798695,380.867738740313
56,41,54871,203.075212771774,386.694629221264,364.834539191923,458.327349601793
56,42,86885,323.941589457329,710.294768947459,414.532750187029,533.534246417679
56,43,56714,136.037274746976,332.400465493529,452.192862432556,467.35569700603
56,44,124336,163.702877686269,458.013350920088,569.225172114271,394.219003345773
56,46,96456,157.211941195986,332.415505515468,348.994515634071,549.806263996019
56,47,113887,181.237770772784,456.612501865885,733.92622511788,594.58444774206
56,48,33023,183.98549495806,393.716561184629,414.850286164189,443.150440602005
56,50,33524,181.731625104403,538.129787614843,352.982251521298,412.809957045699
56,51,49936,257.5854493752,619.747176385774,702.965235501442,638.318848125601
56,52,80852,238.419507247811,407.516449809529,333.289838222926,486.197570870232
56,53,95948,239.612894484512,294.524440321841,605.420707049652,667.361247759203
56,54,78772,133.294622454679,432.993779515564,272.66466510943,667.369331742243
56,55,74113,227.739613832931,622.291433351774,652.809574568564,755.699472427239
56,56,76512,324.515788373066,694.80886658302,484.30680154747,477.510129130071
56,57,91958,275.733139041736,414.283585984906,647.484666913156,796.014702364123
56,58,111160,204.166696653472,298.403751349406,558.246356603095,509.002968693775
56,59,87330,235.799919844269,656.375850223291,384.097515172335,771.802152753922
56,61,80503,170.091313367204,552.488702284387,674.979988323416,463.001875706495
56,62,31591,253.435092273116,455.566142255706,358.145009654649,454.5499351081
56,64,9,173.333333333333,637.333333333333,300,502.111111111111
56,65,20961,257.163684938696,511.504222126807,442.095176756834,495.645389055866
56,66,2,147.5,516.5,284.5,436.5
56,100,28286,336.156755992364,519.951389379905,477.25949232836,382.214417026091
56,101,60479,293.188825873444,565.34392103044,475.64614163594,385.408869194266
56,102,44737,162.766412589132,536.486219460402,410.989471801864,401.629724836265
56,103,110018,244.750731698449,539.231671181079,424.588949081059,432.919358650403
56,104,12829,390.166341881674,455.819237664666,429.37882921506,426.677215683218
56,105,29162,358.08829984226,467.834064878952,417.139085110761,400.440333310473
56,107,81245,214.661000676965,543.72987876177,304.413243891932,436.442784171334
56,108,39580,238.538175846387,655.324936836786,447.408615462355,427.517685699848
56,109,112481,335.741245188076,661.747112845725,413.33623456406,470.779216045377
56,110,107952,272.854351934193,528.907375500222,315.064565732918,544.46299281162
56,111,116434,254.608567944071,542.440421182816,352.898801037498,569.721378635107
56,112,126030,268.230500674443,613.862270887884,299.861929699278,615.018313100056
56,113,101603,237.849305630739,631.228054289735,329.783156009173,574.446847041918
56,114,69563,283.328507971192,644.330592412633,289.165490275003,568.776835386628
56,116,36581,264.695470326126,602.988108580957,278.761679560428,528.800825565184
56,145,11840,225.42339527027,639.981165540541,298.160304054054,520.892905405405
56,146,33463,158.470280608433,473.011804082121,382.933658070107,431.700086662881
56,204,18186,354.63477400198,596.788243703948,446.494501264709,466.824150445398
57,3,30450,417.975796387521,677.73960591133,617.249359605911,520.626371100164
57,4,107064,236.233187626093,509.665162893223,265.174465740118,569.691950608982
57,5,81329,240.916598015468,602.155860763073,382.087422690553,470.549533376778
57,6,122297,278.606114622599,605.856431474198,428.674284733068,426.61783199915
57,7,29537,309.563598198869,591.629007685276,484.434438162305,402.745505636998
57,8,89723,222.251507417273,589.702896693156,355.111565596335,551.616096207215
57,9,127747,169.817216842666,415.36933156943,280.708642864412,558.288507753607
57,10,114773,347.315335488312,658.031374974951,410.914675054237,477.647547768203
57,12,159449,252.837038802376,481.633331033747,350.372062540373,512.61994744401
57,13,167504,163.491367370331,469.901041169166,436.071287849842,853.419010889292
57,15,137748,254.06290472457,495.327053750327,320.756112611435,454.884883991056
57,16,45363,239.499349690276,448.260057756321,355.840552873487,459.423054030818
57,17,38887,291.762979916167,643.002185820454,367.146244246149,469.787023941163
57,19,107622,147.871253089517,386.775092453216,497.025403727862,416.089024548884
57,20,120804,265.403322737658,538.249486771961,408.550246680573,443.446814675011
57,21,121476,315.73654055122,690.199710230827,379.680348381573,566.515517468471
57,23,62227,198.780175807929,461.124222604336,447.419383868739,389.867742298359
57,24,117356,269.9753570333,525.053861753979,314.680314598316,491.516564981765
57,25,116080,238.566962439697,557.196915920055,316.542272570641,441.745684011027
57,26,109111,284.539029062148,533.707536362053,319.02402140939,553.470456690893
57,27,62277,151.862469290428,394.672013745042,413.084927019606,428.172776466432
57,28,151391,187.043807095534,323.028000343481,481.477029678118,782.91686427859
57,29,124216,242.603947961615,619.950288207638,395.677577767759,538.574483158369
57,30,105021,192.599337275402,379.078508107902,711.212309918969,652.14971291456
57,31,165174,241.11440662574,476.129033625147,293.887458074515,587.744814559192
57,32,136550,203.644247528378,559.944569754669,579.081288905163,846.295247162212
57,34,114747,235.667555578795,560.747121929114,267.040916102382,652.718049273619
57,36,73405,136.182725972345,334.06370138274,445.337088754172,462.960384170016
57,37,104952,242.974054806007,709.50781309551,371.491529461087,630.073138196509
57,38,88329,182.056357481688,266.428715370943,471.616966115319,587.936113847094
57,39,101912,190.941243425701,439.43675916477,316.053663945365,536.329058403328
57,40,125200,267.084960063898,724.387332268371,576.449305111821,652.944776357827
57,41,88700,316.229774520857,692.007970687711,486.263641488162,473.809334836528
57,42,118803,155.07477083912,335.665168388004,341.874860062456,548.751664520256
57,43,86536,328.54862716095,711.501375150227,419.026116298419,528.508701580845
57,44,1,277,622,311,538
57,45,109338,142.871718890047,299.373831604749,422.162294902047,719.535669209241
57,46,120190,164.354987935768,454.9414427157,736.228987436559,593.362542640819
57,47,48807,241.26955149876,651.969225725818,445.773188272174,430.064416989366
57,48,146125,145.922381522669,455.586374679213,324.721532934132,783.889368691189
57,49,57584,330.384099749931,501.543744790219,717.737930675187,703.13469019172
57,51,100138,173.347650242665,454.870658491282,568.746549761329,389.421188759512
57,52,61178,235.727483735984,614.511916048253,709.764653960574,642.38051260257
57,53,99843,231.19068938233,289.464559358192,603.392386046092,664.652644652104
57,54,84120,234.936043747028,544.238884926296,541.35559914408,377.708725630052
57,55,24067,225.456932729464,597.124735114472,266.759961773383,560.824573066855
57,56,77700,202.87861003861,600.501364221364,711.566576576577,560.431737451737
57,57,117154,199.878365228673,297.796788842037,566.124272325315,503.65066493675
57,58,81655,132.49448288531,441.198322209295,269.713942808156,664.667797440451
57,59,42889,137.547040033575,411.798223320665,642.678518967567,474.221035696799
57,60,75390,236.855338904364,621.938188088606,655.2864570898,756.855458283592
57,61,98014,273.705735915277,413.520854163691,648.053329116249,799.010478094966
57,62,91304,241.479464207483,653.032397266275,383.851780863927,774.883772890563
57,63,22545,172.288667110224,518.771434907962,341.679707252162,406.209580838323
57,64,73764,181.320739113931,553.668469714224,675.95149395369,458.951371942953
57,65,27234,307.016890651392,515.714107365793,444.582984504663,490.965998384372
57,66,14325,281.473717277487,620.554904013962,573.825340314136,430.723280977312
57,67,95952,284.972778055695,623.883900283475,306.962304068701,621.841764632316
57,100,38690,317.679245283019,518.791832514862,474.880485913673,372.670509175498
57,101,20615,331.148726655348,532.901770555421,444.168712102838,384.106475867087
57,102,19160,410.625626304802,469.753966597077,417.800730688935,424.19018789144
57,103,42329,244.340641167994,455.751116255995,398.361029081717,396.811618512131
57,104,48960,261.168545751634,424.22404003268,319.886458333333,470.226552287582
57,105,28263,203.102289212044,393.532179881824,333.13338994445,475.9630966281
57,106,120812,249.462437506208,544.681314770056,354.326548687217,584.902327583353
57,109,25601,285.67868442639,592.890941760087,316.53087770009,487.294324440452
57,110,73332,240.354592810778,573.578819614902,428.268900343643,488.842415316642
57,111,24699,268.34001376574,611.667152516296,437.50998016114,480.769018988623
57,112,79037,251.880562268305,642.099927881878,332.971405797285,578.704619355492
57,114,86749,314.115494126733,652.118664192094,352.994939422933,524.34819997925
57,116,55015,293.380987003544,644.906498227756,287.560919749159,570.602853767154
57,118,29266,403.156871454931,638.619285177339,302.007141392742,520.356898790405
57,119,29207,216.444482487075,619.433423494368,314.139076248844,473.807237990893
57,120,49058,175.992580211179,647.187635044233,306.86552651963,677.464042561866
57,134,54953,153.894473459138,534.870489327243,393.610521718559,394.929394209597
57,135,44448,165.945059395248,473.93439524838,377.183022858171,440.621175305975
58,1,25076,380.124022970171,479.694528632956,694.101411708406,746.904570106875
58,2,146872,179.06611879732,417.244743722425,279.873651887358,566.724937360423
58,3,102785,230.840686870652,510.939611811062,259.746957240843,569.8560295763
58,4,51110,232.506691449814,609.89448248875,481.011680688711,400.660966542751
58,5,121484,305.535527312239,599.946215139442,425.232261038491,427.78954430213
58,6,83564,188.166148102054,451.724570389163,445.095543535494,397.893758077641
58,7,152030,185.413964349142,333.3714266921,476.936841412879,793.266605275275
58,8,57070,228.057438233748,442.821973015595,394.644927282285,415.892553005081
58,9,70871,234.837394703052,597.619802175784,371.534788559495,475.978580801738
58,10,123614,254.595782031162,476.604648340803,340.201320238808,524.602091996052
58,11,51268,213.473004603261,614.51765233674,319.132421783569,466.616973550753
58,12,2,257,615,284.5,496
58,13,42197,240.0291015949,444.751427826623,348.549494039861,469.251060501931
58,15,60571,161.544567532317,392.421620907695,410.360981327698,437.007528355153
58,16,20578,230.30595781903,591.061424822626,258.805617649917,557.720040820294
58,17,53226,219.582478487957,648.900913087589,441.710423477248,432.075000939391
58,18,58598,134.36386907403,334.235144544182,443.146148332708,471.402351616096
58,19,159293,163.566729234806,480.013698028162,427.011343875751,859.046781716711
58,20,122971,358.823405518374,656.635597010677,403.314025257988,476.070764651828
58,22,124962,292.945935564412,665.249651894176,342.912901522063,523.307701541269
58,23,136114,242.609445024024,485.834256579044,316.349317483874,461.314111700486
58,24,22193,244.887802460235,632.935655386834,361.050781778038,452.965214256748
58,25,58542,215.339243619965,547.382972908339,264.348655666018,695.02830446517
58,26,76904,245.989142307292,414.372815458234,316.069645272027,492.056889108499
58,27,124317,315.519534737807,694.536587916375,380.15351882687,567.078163083086
58,28,30847,318.61552176873,511.304243524492,463.537588744448,377.288196583136
58,29,105435,245.66168729549,296.81941480533,604.579608289468,672.977815715844
58,30,63605,180.513670308938,336.183366087572,344.025453973744,556.799465450829
58,31,113852,235.585426694305,621.827047394863,383.57479886168,530.8169992622
58,32,100032,216.933071417147,387.68437100128,709.635906509917,666.615473048624
58,34,180866,231.20022558137,483.179143675428,294.470292924043,598.810014043546
58,35,129892,214.155536907585,577.864302651433,570.148908323838,850.880339050904
58,36,105212,141.114435615709,384.398528684941,503.894356157092,423.623864198
58,37,97983,312.209270995989,714.99182511252,415.536868640478,524.174703775145
58,38,70887,144.093331640498,418.507286244304,653.547392328636,462.430304569244
58,39,77197,165.694897470109,649.146132621734,296.491081259634,678.515589984067
58,40,90230,132.756278399645,447.859536739444,263.827995123573,667.927784550593
58,41,119543,242.202688572313,715.13078975766,366.939753896088,631.720259655521
58,42,111527,141.514090758292,307.946228267594,412.354541949483,726.865225461099
58,43,144604,145.542073524937,461.815668999474,314.747745567204,785.059659483832
58,44,129667,173.203583024208,464.365983635003,735.890519561646,602.241387554274
58,45,94673,242.407497385738,427.31982719466,641.071192420225,812.159538622416
58,46,48676,238.745952830964,562.956159092777,263.301770893253,610.833552469389
58,47,52914,250.383150017009,626.396001058321,704.435688097668,656.349680613826
58,48,118848,252.605958871836,537.186347267098,406.896716814755,438.845247711362
58,49,121782,251.462161895847,533.011906521489,318.901676766681,485.732735543841
58,50,113638,228.233187842095,662.137172424717,331.95106390468,587.99439448072
58,51,70025,219.770567654409,603.832088539807,346.591231702963,552.692652624063
58,52,88118,302.753739304115,702.928595746612,484.892587212601,480.717855602715
58,53,83339,176.530375934436,271.489014746997,465.329557590084,591.68341352788
58,54,38260,223.398667015159,635.408860428646,571.903423941453,430.483690538421
58,55,33307,340.254481040022,693.215570300537,620.603116462005,534.235776263248
58,56,100012,157.367035955685,462.109216893973,574.687557493101,395.017157941047
58,57,90207,224.745119558349,550.750529338078,534.876860997484,376.085403571785
58,59,110539,301.693158070907,737.090176317861,566.487447869078,660.935769276002
58,60,122496,183.306924307732,297.801487395507,566.397621146813,521.774792646291
58,61,131505,221.581232652751,553.777841146724,320.381681304893,434.303942815863
58,62,71121,243.941817466009,638.094332194429,643.189986080061,766.173858635284
58,63,71511,201.062368027296,617.805512438646,705.790731495854,563.837563451777
58,64,33985,215.285420038252,380.742121524202,336.193820803296,505.310637045755
58,65,26552,401.253163603495,462.490358541729,418.045420307321,435.381402530883
58,66,16314,245.538739732745,509.808569326958,445.729496138286,503.708287360549
58,67,73414,194.573650802299,429.194268123246,321.382583703381,541.037458795325
58,68,80615,243.601897909818,662.936699125473,371.878943124729,773.654133846058
58,69,71165,191.082104967329,569.726312091618,678.079758308157,468.564870371671
58,70,38506,126.990209318028,344.509608892121,666.806835298395,573.130577052927
58,72,19014,401.031608288629,555.978699905333,716.850531187546,681.148153991796
58,134,27151,260.531287982026,607.691760892785,426.070899782697,480.01771573791
58,135,71225,227.492299052299,566.795015795016,414.382351702352,486.902983502983
58,136,26955,225.521758486366,516.700797625672,430.01394917455,374.2217770358
58,137,87447,275.437716559745,544.3020801171,314.135762233124,546.096229716285
58,138,112708,247.797050786102,553.337252014054,350.185958405792,574.477215459417
58,139,59626,274.101080065743,637.739509609902,275.442608928991,573.481467816053
58,140,105930,264.941055413953,627.695185499858,300.370140658926,617.02328896441
58,141,20420,446.618217433888,630.775465230167,291.931586679726,519.732810969638
58,142,11410,246.774057843997,611.304206836109,290.538299737073,483.913672217353
58,150,45780,157.744713848842,514.940454346876,383.058169506335,411.701987767584
58,151,49404,159.443324427172,471.336814832807,371.196158205813,450.803922759291
59,2,150526,360.930045307787,644.117195700411,405.12199221397,463.370235042451
59,3,38801,269.305198319631,459.320661838612,699.46998788691,753.656168655447
59,5,129488,235.412733226245,606.419127641171,391.093638020512,517.103986469789
59,6,160132,240.398883421178,566.500268528464,356.300433392451,574.452095770989
59,7,179024,238.584474707302,516.149019125927,289.568108186612,599.723936455447
59,8,50348,209.930781758958,431.827877969333,399.028521490427,416.881822515294
59,9,64271,232.998755270651,595.629584104806,369.086882108572,472.882762054426
59,10,139648,276.837269420257,553.20240891384,321.332221012832,536.816524404216
59,11,93029,172.641359146073,325.547915166239,352.13640907674,563.783680357738
59,12,157544,178.838851368507,338.785888386736,467.261393642411,798.350346569847
59,13,49311,248.828050536391,555.266046115471,724.345156253169,677.190119851554
59,14,129836,310.005291290551,686.170353368865,395.984218552636,554.047683231153
59,15,60386,216.828254893518,605.277183453118,484.687129467095,396.579091180075
59,16,55048,134.649233396309,332.201206220026,437.350039965121,468.807495276849
59,18,141794,255.331339831022,477.972735094574,336.251456338068,522.449934411893
59,19,145746,268.273722777984,638.323336489509,307.112572557737,615.646775897795
59,20,134093,283.861379788654,658.196341345186,352.039808192821,513.170374292469
59,21,118235,209.680255423521,581.5811223411,576.506660464329,847.959495919144
59,22,80406,188.05222247096,440.623572867696,450.733564659354,394.74179787578
59,23,168220,163.264659374628,490.568564974438,429.31097966948,859.135667578171
59,24,63500,211.375448818898,564.405559055118,272.924456692913,709.750992125984
59,25,53898,227.169431147723,640.939459720212,452.106961297265,427.080132843519
59,26,109866,186.972957966978,540.9545173211,541.859073780788,371.426455864417
59,27,62478,161.80591568232,386.019094721342,405.966804315119,439.565110919043
59,28,57435,232.5597457996,619.588056063376,712.47657351789,654.613354226517
59,29,63106,208.536018762083,440.587360948246,272.636833264666,554.63684911102
59,30,109379,248.215141846241,715.481884091096,380.38501906216,620.750089139597
59,31,39677,234.870806764624,433.034705244852,348.536028429569,474.573884114222
59,32,106797,260.356320870436,530.053690646741,425.845407642537,424.335627405264
59,33,117551,140.053023793928,371.881855535044,508.506086719807,423.51198203333
59,34,85883,172.639323265373,265.166773401022,455.362795896743,594.572464864991
59,35,115808,299.03612012987,588.311593326886,429.244594501243,420.002193285438
59,36,88707,223.716888182443,520.826045295185,270.831772013483,542.968119765069
59,37,117205,239.289023505823,477.167612303229,326.403267778678,464.136657992406
59,38,24981,221.241623633962,600.613786477723,269.483527480885,546.620071254153
59,39,119496,161.333626230167,454.137443931178,742.836145142934,611.490886724242
59,40,61873,223.996444329514,576.036235514683,266.346483926753,596.255070870978
59,41,133151,228.939827714399,539.008306358946,324.301364616113,432.391525411
59,42,87035,181.838409835124,608.546584707302,715.360739932211,565.852197391854
59,43,76132,127.902682183576,402.670178111701,658.276637944623,463.421806861766
59,44,70249,370.921721305641,708.938789164259,426.519765405913,506.344175717804
59,45,102905,258.495923424518,287.483134930275,602.858267333949,678.337942762742
59,46,63280,219.125837547408,411.867778128951,312.197345132743,486.763637800253
59,47,138899,146.170533985126,469.970971713259,315.709061980288,785.257662042203
59,48,127331,227.480503569437,671.924370341865,348.568746024142,581.904037508541
59,49,100023,254.410755526229,429.217130060086,643.476880317527,817.766583685752
59,50,35105,308.839225181598,501.093804301382,463.332516735508,374.418544366899
59,51,115731,140.471386231865,311.951715616386,406.615012399444,736.17235658553
59,52,26350,296.800986717268,450.984554079696,425.313282732448,432.761935483871
59,53,81634,132.255212288997,460.155719430629,261.465333072004,661.502805203714
59,55,35126,639.024568695553,705.217701987132,531.927147981552,489.592125491089
59,56,91116,182.763312700294,427.172494402739,333.370681329295,529.508231265639
59,57,57876,210.7793904209,637.078564517244,567.929919137466,420.705732946299
59,58,60973,237.662276745445,614.4760303741,348.38948386991,545.564413756909
59,59,122069,194.064529077817,291.827957958204,574.710917595786,523.736681712802
59,60,112682,306.505759571183,733.059477112582,575.596235423581,647.26536625193
59,61,64944,226.280672579453,646.248321630944,647.262826435083,755.039356984479
59,62,26813,207.564949837765,378.999850818633,333.294222951553,505.512065043076
59,63,96004,254.17120119995,533.227823840673,332.966438898379,479.864380650806
59,64,37229,292.741464986973,688.064331569475,628.23527357705,527.040667221789
59,65,87291,215.189148938608,380.404623615264,713.288403157256,671.220710038836
59,66,101618,151.112253734575,449.848432364345,590.271713672774,393.991497569328
59,67,88137,239.598216413084,668.642408976934,378.644008759091,764.936893699581
59,68,66293,188.793643371095,561.34436516676,687.536512150604,467.1784049598
59,69,34876,218.030278701686,498.586047711894,448.278357609818,507.780565431816
59,70,32175,135.182004662005,331.307132867133,668.801336441336,582.175944055944
59,71,65030,167.344364139628,651.761033369214,302.76870675073,673.450699677072
59,105,33218,185.386206273707,499.605063519778,430.504515624059,368.969263652237
59,106,47775,154.778356881214,505.412977498692,388.414589220304,405.004960753532
59,107,50934,151.905995994817,467.069756940354,375.94628342561,445.255232261358
59,108,63408,278.083617209185,642.756261039616,281.257144208933,567.299851753722
59,109,24829,375.377985420275,635.56985782754,297.372749607314,519.664263562769
59,110,15396,258.443816575734,599.68816575734,298.84671343206,483.148415172772
59,170,46303,206.580869490098,612.14526056627,328.092585793577,453.108329913828
59,180,52384,236.274244043983,557.510346670739,423.597797037263,475.072674862553
59,181,24311,284.949940356217,593.098062605405,436.363292336802,462.444942618568
60,1,61393,210.950906455133,594.35539882397,305.958676070562,502.452103660026
60,2,106220,254.589032197326,660.264761815101,444.269403125588,625.2972039164
60,3,114711,247.934199858776,585.191681704457,407.24602697213,541.171387225288
60,4,140511,231.484688031542,637.09324536869,403.668851548989,607.802100903132
60,5,128127,266.048670459778,472.334995746408,358.463266914858,540.154698073006
60,6,98158,273.594928584527,520.148576784368,312.329468815583,453.892764726258
60,7,64324,290.038430445868,621.640445245942,307.799095205522,561.594101734967
60,8,43573,213.599017740344,455.87157184495,378.329538934661,466.708167902141
60,9,84590,216.990057926469,462.61592386807,440.19332072349,392.434070221066
60,10,92413,168.073928992674,598.287719260277,372.558449568784,687.09578738922
60,11,116206,243.458410064885,586.763652479218,679.920486033423,703.665507805105
60,12,56413,160.52771524294,488.414833460373,397.816017584599,467.122347685817
60,13,139113,290.896292941709,543.076944642125,341.814294853824,555.26047170286
60,14,34623,409.918233544176,658.960690870231,480.173786211478,551.541143170725
60,15,61833,187.605388708295,517.72094189187,736.027444891886,627.84331991008
60,16,64394,241.382240581421,600.384771873156,369.642062925117,500.553126067646
60,17,44196,400.037559960177,659.37845053851,596.945492804779,637.007715630374
60,18,115601,317.434036037751,635.733012690202,437.484520030104,562.810633126011
60,19,76068,202.356615133828,513.025411473944,344.708892043961,723.490311300415
60,20,131508,149.952763329988,424.494091614198,389.215865194513,774.034720321197
60,21,117818,248.850158719381,469.323074572646,339.407416523791,483.47428236772
60,22,61593,212.0528144432,453.305002191807,396.167811277256,415.107479746075
60,23,72509,160.42706422651,420.198444331049,418.539408900964,438.146988649685
60,24,49937,222.140837455194,422.58431623846,722.955343733104,678.546248272824
60,25,97920,221.065247140523,329.584344362745,498.054840686275,758.397630718954
60,26,48944,238.236433474992,597.24942791762,476.321755475646,411.806799607715
60,27,147918,340.874295217621,627.279519733907,416.379865871632,477.663015995349
60,28,99740,139.085712853419,398.592911570082,492.147002205735,428.295498295568
60,29,110671,251.951206729857,608.948378527347,452.004183571125,753.080734790505
60,30,76910,177.929866077233,587.201183201144,713.065089065141,607.672734364842
60,31,137961,264.419981009126,594.192851602989,355.817470154609,637.040917360703
60,32,185939,238.031386637553,507.495157013859,333.523601826405,618.969861083474
60,33,98028,205.172685355205,437.923440241564,388.126066021953,519.894366915575
60,34,134375,283.166005581395,643.671947906977,361.063635348837,539.638325581395
60,35,104787,193.92479983204,411.401958258181,339.960710775192,493.963936366152
60,36,34398,382.109948252805,664.633903133903,423.156171870458,503.976859119716
60,38,73485,187.754140300742,279.820875008505,468.248227529428,561.316690481051
60,39,52137,555.215566680093,662.991752498226,534.071695724725,509.712910217312
60,40,78789,143.777367399002,363.200294457348,446.37242508472,459.728363096371
60,41,63546,228.315283416737,593.713451672804,366.832751077959,569.331492147421
60,42,48127,271.875205186278,635.52747937748,316.452074718973,604.04783177842
60,43,88038,254.695267952475,283.068629455462,595.114825416298,620.451941207206
60,44,112547,131.511537402152,391.038010786605,637.409970945472,419.853696677832
60,45,127806,141.749244949376,442.363809210835,738.809398619783,547.144993192808
60,46,100758,148.840369995435,288.191617539054,452.871176482264,690.470573056234
60,47,120355,265.182460221844,537.687998005899,425.751443645881,427.617398529351
60,48,71230,157.467429453882,513.285483644532,376.994398427629,414.916495858487
60,49,83336,260.508519727369,377.245284150907,680.962969184986,739.431218201018
60,50,141811,258.183236843404,535.507710967414,396.006191339177,578.926733469195
60,51,127533,160.104059341504,317.472066053492,549.852940023367,494.88616279708
60,52,82644,207.295399545037,587.737948308407,705.990235225788,512.621484923285
60,53,30599,241.884734795255,463.896107715938,284.398379031995,556.735612274911
60,54,44242,386.602029745491,662.572623299127,609.231657700827,509.677568826002
60,55,97703,143.963296930493,356.956889757735,713.422740345742,615.197885428288
60,56,113138,227.446719934947,514.151779243048,289.248307376832,559.699358305786
60,57,56686,146.080055040045,329.732667678086,393.739089016688,619.826712062943
60,58,118661,277.642848113533,584.251607520584,411.965523634556,435.329577536006
60,59,64629,150.99716845379,372.292701418868,398.111405096783,536.901437435207
60,60,60050,187.344063280599,463.787010824313,559.678934221482,369.750291423814
60,62,123028,179.858454985857,430.037649965861,507.857260135904,818.542299313977
60,63,21983,363.26525042078,639.739298548879,373.184187781467,487.180685074831
60,64,80256,213.446408991228,543.970357356459,291.412878787879,623.104727372408
60,65,48867,182.864346082223,623.917244766407,541.687580575849,418.61053471668
60,66,105023,132.100282795197,424.158908048713,316.982603810594,667.045161536044
60,67,47879,167.628981390589,399.08032749222,336.808308444203,577.212828171014
60,68,63187,169.333343884027,545.155253454033,508.46196211246,372.162264389827
60,69,79748,212.817437427898,515.196105231479,652.926857099865,783.238463660531
60,71,75296,162.031621865703,559.363671376966,667.954220675733,430.6668880153
60,72,54732,202.815793320178,630.118102755244,446.132682891179,437.084027625521
60,74,27787,134.572965775363,318.923237485155,656.188901284773,514.719005290244
60,75,24249,254.422615365582,476.818425502083,431.995628685719,437.106272423605
60,76,46195,199.667648013854,609.124493992856,332.656781036909,468.40248944691
60,77,83,165.012048192771,401.168674698795,347.518072289157,507.10843373494
60,100,23059,351.723101608916,515.490003903031,455.421397285225,373.883993234746
60,101,51226,216.160231132628,514.069788779136,419.064322804826,377.453792995744
60,105,86466,266.188050794532,533.444348067448,340.80854902505,501.00813036338
60,110,49779,244.592438578517,556.827919403765,430.390847546154,482.658912392776
60,111,17955,296.989083820663,581.446839320524,443.91372876636,479.157449178502
61,2,86617,235.81966588545,598.366787120311,350.621171363589,589.390997148366
61,3,75200,233.178271276596,596.799680851064,333.97267287234,525.696675531915
61,4,45888,357.591134937239,668.062717921897,465.857479079498,572.300797594142
61,5,28214,320.888105196002,694.822109590983,527.68104487134,576.802863826469
61,6,105351,234.505699993356,442.501352621238,371.450845269623,524.900750823438
61,7,83013,164.338272318793,579.417392456603,374.683784467493,716.772156168311
61,8,77091,245.643123062355,312.02408841499,548.008976404509,709.286920652216
61,9,84305,301.684965304549,540.446711345709,328.782385386395,569.376347784829
61,10,81735,163.972141677372,426.257282681838,386.751587447238,436.687722517893
61,11,139674,289.605538611338,598.872875409883,379.368987785844,451.395513839369
61,12,136507,289.714065945336,553.022709458123,397.682038283751,440.584614708403
61,13,168706,252.466847652129,498.791447844179,326.366122129622,643.604981447014
61,14,76344,183.506156344965,410.085009954941,324.315270355234,504.502842397569
61,15,34614,425.912116484659,666.438695325591,609.902756110244,610.39957820535
61,16,134494,276.048031882463,638.866826772942,345.30471247788,568.78961143248
61,17,151584,307.419668302723,637.380732795018,376.831380620646,502.978348638379
61,18,87185,221.413660606756,470.265905832425,402.92856569364,393.436565923037
61,19,140448,264.468422476646,469.027803884712,324.238906926407,505.148261278195
61,20,72079,253.47897445858,630.882961750302,312.295814314849,628.139638452254
61,21,65916,161.706975544633,518.222131197281,348.671597184295,429.137083560896
61,22,103962,261.042775244801,659.552903945672,438.226063369308,642.974625343876
61,23,113900,253.166303775241,592.2095785777,391.117120280948,565.279982440738
61,24,43307,159.826517653035,436.174913986192,736.670976978318,637.467845844783
61,25,27879,419.623623515908,647.562107679615,551.840417518562,684.677140500018
61,26,81958,199.17840845311,481.010310158862,358.223419312331,744.487591205251
61,27,59644,160.724616055261,494.762222520287,374.345365837301,480.00818187915
61,28,49985,197.767930379114,534.362268680604,732.8411123337,580.564069220766
61,29,78289,233.558609766378,507.950887097804,672.219456117718,762.806946058833
61,30,124458,337.268452007906,644.02090665124,425.548900030532,562.866758263832
61,31,27791,240.945629880177,601.469756395956,412.659062286352,484.627793170451
61,32,63461,232.687697956225,619.814941460109,435.644143647279,427.71291029136
61,33,55654,252.746864556007,485.292288065548,277.917454271032,522.749380098466
61,34,126421,152.985374265351,397.12755001147,421.853813844219,776.029536232113
61,35,61449,216.610115705707,461.110221484483,360.546209051408,418.623460105128
61,36,143056,227.61102645118,636.362822950453,400.414662789397,627.30251090482
61,37,70179,239.357143874948,572.53288020633,403.783425241169,513.494877384973
61,38,54808,254.762078528682,605.458418479054,704.690939278937,574.724018391476
61,39,137639,265.233734624634,583.805956160681,351.592462892058,659.731972769346
61,40,42255,295.240066264347,554.352952313336,317.135368595433,459.11979647379
61,41,106603,153.211645075655,276.37937018658,488.703319794002,660.790662551711
61,43,50941,133.374433167782,377.651655837145,718.944033293418,576.50193360947
61,44,105534,193.588767600963,494.554058407717,529.472681789755,355.715816703622
61,45,99792,166.627605419272,464.739478114478,719.566107503608,490.340067340067
61,47,98993,241.513995939107,595.958613235279,681.193629852616,693.165648076127
61,48,52514,151.686102753551,324.312926076856,503.862246258141,486.966637468104
61,49,118186,157.776344067825,421.6343137089,624.917655221431,388.877785862962
61,50,70482,168.399137368406,350.438977327545,375.247141114043,504.892114298686
61,51,100335,261.809458314646,591.16326306872,463.665729805153,773.530682214581
61,52,49555,193.854666532136,442.36371708203,275.948198970841,585.570013116739
61,53,32332,265.279630087839,671.926512433502,472.606086848942,476.056538413955
61,54,121776,193.486935028249,413.377085796873,541.661903823413,804.4336733018
61,55,48039,152.698203542955,352.909177959574,595.955015716397,458.101542496721
61,56,85576,251.324950920819,376.600285126671,698.989214265682,696.459591474245
61,57,97348,202.727934831738,576.029543493446,466.800982043802,377.128785388503
61,58,45512,198.103203550712,605.258063807348,300.716140798031,490.306402706978
61,59,126325,262.968470215713,539.658579061943,387.502877498516,600.769633880863
61,60,57770,181.535727886446,290.170971092262,411.44149212394,603.179210662974
61,61,121368,269.675293322787,467.425169731725,349.40984444005,569.179816755652
61,62,54150,202.51351800554,653.262142197599,492.570397045245,430.207940904894
61,63,51472,177.43349782406,432.52444047249,460.068814112527,397.651266708113
61,64,58936,132.956478213655,354.026486358083,656.350363105742,466.431230487308
61,65,69857,202.682164994202,287.919778977053,603.839114190418,572.513949926278
61,66,37206,330.872063645649,680.824517550933,392.792587217116,522.530586464549
61,67,132593,222.274886306215,505.546786029428,278.428883877731,588.517161539448
61,68,79255,211.883401678128,524.297520661157,288.455605324585,654.767244968772
61,69,59535,210.657848324515,649.680557655161,402.631124548585,453.047031158142
61,70,49702,153.185948251579,359.354854935415,342.623475916462,593.447366303167
61,71,85950,139.827364746946,365.566910994764,430.930983129727,439.54872600349
61,72,83004,188.863139125825,275.343031661125,486.076622813358,526.277058936919
61,73,57415,147.538204302012,396.621440390142,350.769189236262,676.945711051119
61,74,68815,197.697725786529,613.245208166824,687.558541015767,501.321717648768
61,75,81152,174.580355382492,596.166021786278,636.207943119085,417.387174684543
61,76,4,167.5,407.5,316,529
61,77,52544,149.888740864799,393.805077649208,502.973584043849,416.152063032887
61,78,35120,261.554214123007,687.36756833713,579.32895785877,517.075654897494
61,79,23503,343.699272433306,485.2010807131,397.571246223886,437.108326596605
61,81,28621,218.487089899025,455.007686663639,353.849201635163,471.690996121729
61,82,4,123.75,367,722.5,559
61,100,26177,317.443671925736,533.860182603048,416.869503762845,385.672002139283
61,101,54611,239.373642672722,531.351321162403,384.023530058047,390.031385618282
61,567,19567,216.910870342924,575.232585475546,280.975928859815,521.196504318495
61,568,50184,273.193487964291,605.267515542802,290.633369201339,594.29951777459
61,678,115167,250.549211145554,528.905893181206,325.019328453463,526.838156763656
61,745,15838,364.772824851623,640.274087637328,337.239550448289,498.514585174896
62,3,158646,270.525049481235,536.227033773307,305.887018897419,620.112086028012
62,4,79293,213.883091823995,503.915515871515,670.173180482514,754.341946956226
62,5,101538,171.574976855955,544.57230790443,373.1957099805,743.516801591522
62,6,87585,219.047279785351,487.100165553462,364.517919735114,405.701273049038
62,7,138195,224.58799522414,475.840500741706,277.345584138355,602.052997575889
62,8,45780,309.890104849279,680.45498034076,438.227675840979,613.734076015727
62,9,61949,203.929893945019,315.328205459329,546.895042696412,724.976771215032
62,10,47558,231.945119643383,572.247508305648,715.845872408428,574.580512216662
62,11,115062,329.369670264727,649.549842693504,400.320913942049,594.384922911126
62,12,116852,266.545424982029,556.822339369459,468.347482285284,792.329690548728
62,13,110547,257.651397143296,525.670131256389,366.642296941572,638.124119152939
62,14,71750,164.997073170732,425.152390243902,363.7873728223,437.762578397213
62,15,139467,248.348426509497,482.265044777618,301.316354406419,524.101959603347
62,16,107643,266.249723623459,642.69619018422,420.258409743318,683.940284087214
62,17,96978,243.739538864485,605.231691723896,296.662263606179,673.485759656829
62,18,125726,273.063105483353,634.086227192466,324.650493931247,612.9752398072
62,19,61445,193.084303035235,419.943705753113,311.382683700871,519.993571486695
62,20,75954,234.506767253864,564.262988124391,281.158714485083,494.413013139532
62,21,54238,209.502433718057,326.498064087909,488.880913750507,453.626387403665
62,22,78616,200.314109087209,382.967347613717,600.687544520199,417.135341406329
62,23,117480,268.990687776643,558.68556350017,341.61044433095,698.762853251617
62,24,107443,254.3133754642,598.444942899956,375.399328015785,604.591485718009
62,25,48512,176.848841523747,386.628463060686,504.492723449868,402.262904023747
62,26,50463,273.34988011018,649.595822681965,536.132929076749,724.945227196164
62,27,150425,291.767611766661,642.432886820675,337.286056174173,546.014731593817
62,28,11658,342.956253216675,491.571881969463,361.432750042889,449.100188711614
62,29,66032,245.557608432275,584.200099951539,367.832566028592,541.405242912527
62,30,158313,252.598523178766,458.722423300676,370.953762483182,552.267514354475
62,32,46088,215.21858184343,465.013712897066,335.42049991321,440.392141121333
62,33,82655,187.269711451213,420.01872844958,291.530470026012,604.44269554171
62,34,78184,199.018725058836,445.85741328149,368.735086462703,755.651539957025
62,35,52517,310.556067559076,424.870670449569,363.776586629092,515.391187615439
62,36,41404,390.789899526616,702.435368563424,587.647811805623,605.430199980678
62,37,44624,307.740856937971,636.893353352456,679.512795804948,574.849408390104
62,38,76430,153.342077718173,374.606725107942,423.24014130577,432.265785686249
62,39,91258,157.62620263429,425.708913191172,721.707576322076,522.289421201429
62,40,55271,257.273796385084,583.622315499991,271.591449403847,641.817589694415
62,41,37825,276.803648380701,706.372584269663,504.635214805023,614.324864507601
62,42,100521,201.651953323186,514.719342226997,496.632245998349,357.875458859343
62,43,88726,275.891677749476,533.14657484841,297.894856073755,554.274023397877
62,44,62112,196.081932637816,676.379330886141,451.614921432251,456.816814786193
62,45,55322,237.786576768736,588.671107335237,333.290607714833,638.363110516612
62,46,57043,246.041898217134,628.538961835808,397.110600774854,456.280402503375
62,47,149990,282.024034935662,566.187099139943,365.778411894126,475.852470164678
62,48,67390,228.233595488945,591.616367413563,301.962932185784,567.138581391898
62,49,48021,142.940609316757,306.650153058037,612.141229878595,642.642593865184
62,50,125192,266.144154578567,610.347210684389,665.703966707138,696.276159818519
62,51,86588,174.992493186123,283.261248671871,491.484351180302,516.191770222202
62,52,59824,131.057836319872,415.352801551217,667.535453998395,449.457408397967
62,53,102253,144.4195573724,277.526018796515,527.592305360234,642.096711098941
62,54,65560,175.553264185479,342.888880414887,367.971751067724,503.452333740085
62,55,80132,222.028527928917,599.523036988968,425.831740128787,396.355151500025
62,56,89362,193.73599516573,466.358910946487,614.479745305611,383.150164499452
62,57,122356,286.257355585341,608.41124260355,336.721738206545,490.354065186832
62,58,130252,225.113856217179,624.635675459878,382.553227589596,667.787342996653
62,59,58439,230.348773935214,659.394856174815,361.17385649994,489.536679272404
62,60,123960,154.383260729268,367.4653678606,447.814085188771,770.707663762504
62,61,66174,148.576721975398,478.120288935231,733.850651313205,613.58920421918
62,62,53876,230.334378944242,693.824931323781,422.717740737991,524.174363352884
62,63,44677,190.415896322493,457.499227790586,409.434138370974,392.386798576449
62,64,47263,269.394917800394,681.949029896536,358.674586886148,567.66371157142
62,65,32463,145.848750885624,342.972152912547,400.476696546838,684.067245787512
62,66,147074,189.226409834505,391.718726627412,564.625032296667,789.15886560507
62,68,62638,160.771799865896,532.63617931607,318.042242728056,451.162664836042
62,69,63124,143.328844813383,346.710633039731,346.547747291046,598.700906152969
62,70,28229,145.948598958518,395.213114173368,368.640440681569,697.337029296114
62,71,85565,241.903371705721,388.778040086484,703.231648454391,668.768725530299
62,72,67820,160.658080212327,283.954054851076,431.863963432616,607.783765850781
62,73,99170,125.649379852778,329.450287385298,615.531279620853,527.178935161843
62,74,62618,226.678766488869,469.535341275672,261.703631543646,545.660289373663
62,75,70556,237.379386586541,646.71051363456,656.431359487499,500.384488916605
62,76,81396,176.831379920389,522.555555555556,697.868814192344,483.760700771537
62,77,87373,201.69172398796,624.490082748675,595.141393794422,407.418355784968
62,78,20232,205.585112692764,463.598309608541,334.855921312772,491.477807433768
62,79,46298,298.64043803188,705.936347142425,536.728411594453,527.422631647155
62,100,107334,264.125449531369,479.063577244862,323.371289619319,665.780628691747
62,101,39520,222.342510121457,496.143901821862,286.763714574899,682.815991902834
62,102,16363,285.644197274338,625.682882112082,302.098331601785,528.569394365336
62,103,23767,270.150166196828,552.286784196575,380.554340051332,399.710354693483
62,104,60678,226.807360163486,555.465374600349,353.634842941429,416.057632090708
62,389,40073,162.819204950964,499.822249394854,350.498590073117,482.541137424201
62,657,16486,213.819240567754,564.023413805653,253.091835496785,555.771199805896
62,658,31332,204.384271671135,595.405432146049,268.952795863654,523.588631431125
62,659,17227,216.837754687409,412.038486097405,315.725953445173,560.160619957044
63,1,57174,302.787770664988,675.062405988736,438.114702487144,618.13401196348
63,3,48656,152.2013934561,414.155664255179,333.417687438343,519.909281486353
63,5,142796,182.521863357517,384.583769853497,579.735132636769,777.147518137763
63,6,99301,288.915882015287,527.135517265687,311.285092798663,561.640275525926
63,7,37415,207.044901777362,476.31591607644,345.904797541093,445.523533342242
63,9,114050,334.251766768961,646.892161332749,401.627145988602,599.431223147742
63,10,115250,271.821952277657,504.243271149675,370.765986984816,638.514255965293
63,11,64415,167.029046029651,409.339812155554,503.592082589459,389.529333229838
63,12,95433,267.238104219714,631.193727536596,420.91653830436,694.98319239676
63,13,46828,254.08793884001,593.131054070214,711.323438968139,589.329845391646
63,14,111040,284.794326368876,619.751260806916,653.954475864553,705.996875
63,15,71561,227.334413996451,564.218932099887,337.137910314277,647.403124606979
63,16,148107,263.270189795216,542.378766702452,352.182901550906,700.938780746352
63,17,111865,262.047253385777,530.958145979529,468.963366557905,785.850712912886
63,19,60673,213.173932391673,312.329339244804,579.512880523462,706.657640136469
63,20,52022,247.333012956057,701.947118526777,499.915670293337,627.363019491753
63,21,51295,332.094356175066,703.404873769373,579.855892387172,619.663436982162
63,22,131996,256.949968180854,618.916239886057,341.237514773175,506.585093487681
63,23,60877,246.724395091742,641.683607930746,527.598288351923,731.957175944938
63,24,140574,221.486704511503,608.625293439754,379.204091795069,676.764593737106
63,25,83874,198.529341631495,500.63470205308,370.898752891242,408.991499153492
63,26,73985,172.513793336487,506.498303710212,737.34982766777,610.948300331148
63,27,93469,177.868640939777,438.319121847885,375.2150980539,437.936781178787
63,28,93226,165.52429579731,519.534754253105,385.700695085062,741.30844399631
63,29,75513,205.99333889529,431.249069696609,387.701640777085,753.40542688014
63,30,45535,154.088415504557,402.89074338421,403.306840891622,555.761611946854
63,31,95150,291.126778770363,483.576994219653,310.971508145034,521.109196006306
63,32,68820,213.346963092124,688.609357744842,429.78634117989,546.56224934612
63,33,68543,244.333236070788,582.001079614257,375.126723370731,568.779875406679
63,34,114162,164.347059441846,456.068052416741,726.640975105552,519.234999386836
63,36,76597,239.957687637897,573.288993041503,283.897189184955,496.107471571994
63,38,26762,169.889283312159,391.263096928481,340.606456916523,566.678424631941
63,39,107961,196.015876103408,538.637406100351,499.9945628514,363.422217282167
63,40,124242,284.711925113891,457.97281917548,370.065943883711,591.817501328053
63,41,57797,182.813190996072,473.25802377286,418.662248905653,386.626831842483
63,42,81858,233.634940995382,279.871032764055,466.97156050722,580.000232109262
63,43,71331,174.840069534985,350.405686167305,496.077806283383,431.992163295061
63,44,147497,292.139826572744,579.41519488532,372.105303836688,487.15411160905
63,45,69730,171.91870070271,414.675993116306,615.168291983364,405.274243510684
63,46,54613,146.834398403311,345.376540384158,594.261366341347,467.141028692802
63,48,51823,300.069756671748,653.309109854698,669.955405900855,591.161376222913
63,49,48334,154.059626763769,301.137687756031,440.838084991931,652.597902097902
63,50,84829,161.452474979076,343.170484150467,392.057680745971,493.951431703781
63,51,118262,164.310657692243,345.050354298084,470.837098983613,749.548654681977
63,52,97046,190.530717391752,495.27835253385,615.162984564021,375.519145559838
63,54,40811,176.65325524981,515.469064712945,680.965989561638,444.662051897773
63,55,82284,148.883537504254,285.553023674104,574.858623790773,605.993546740557
63,56,21478,281.638793183723,568.299003631623,708.133159512059,538.722460191824
63,57,75310,159.656048333555,298.853844111008,513.135865090957,492.014460231045
63,58,46003,132.331608808121,326.783535856357,651.015759841749,621.735799839141
63,59,108644,255.937014469276,591.263033393469,382.801139501491,619.128437833659
63,60,122322,169.543140236425,410.833660339105,722.018434950377,658.322983600661
63,62,63215,163.946974610456,398.929273115558,311.187297318674,611.971810488017
63,63,95310,216.732861189802,510.865092854895,670.093547371734,755.430825726576
63,64,56435,157.024133959422,434.901621334278,676.503729954815,449.423088508904
63,65,79986,222.938814292501,615.166641662291,431.224001700298,407.049271122446
63,66,60412,244.169866913858,637.83188770443,402.975584320996,465.002582268424
63,67,74442,259.635783563042,657.504110582736,653.994317723866,508.77890169528
63,68,77816,139.634136938419,392.353423460471,431.572568623419,421.621928652205
63,69,66816,138.222177322797,336.222641283525,377.396267361111,592.646641522988
63,70,66978,188.877885275762,681.70232016483,461.230508525187,475.766445698588
63,71,62780,222.614192417968,664.035600509716,365.020133800573,508.061946479771
63,72,76675,219.599960873818,638.328829475057,603.297658950114,423.688672970329
63,73,24152,141.422201059954,392.607692944684,360.9696091421,698.149014574362
63,74,45172,261.358341450456,678.641149384575,358.082263348977,588.29347826087
63,76,56763,159.048728925532,548.230097070275,326.280781494988,456.826612405969
63,78,36713,261.182224280228,703.413613706317,534.377686378122,539.199084792853
63,79,30362,296.398260984125,617.535768394704,302.010111323365,551.6826625387
63,80,1,173,502,344,481
63,100,10862,209.796354262567,569.337138648499,385.470171239182,408.240287239919
63,101,48361,196.649738425591,578.813031161473,358.559934658092,419.79196046401
63,102,25022,355.531532251619,500.048916953081,369.316481496283,447.339221485093
63,103,10464,192.897362385321,469.52628058104,342.517201834862,484.129778287462
63,105,93522,318.775902996086,640.245182951605,337.706047774855,563.570582322876
63,200,57479,226.266601715409,586.29040171193,312.814697541711,574.783764505298
63,201,99052,276.994356499616,616.716563017405,322.823577514841,623.391208658079
63,203,19410,263.482431736218,565.989541473467,273.545646573931,638.390520350335
63,204,67783,250.676954398596,586.744773763333,304.469867075815,690.585545048168
63,210,39372,203.733617799451,585.483211419283,267.762851772833,540.219369094788
63,211,18900,204.668783068783,552.039682539683,258.887936507937,573.339523809524
63,212,145813,273.130111855596,514.034990021466,312.16688498282,626.419743095609
63,214,41428,213.038693637154,484.37694313025,301.843173698948,690.59039779859
63,215,97091,255.706306454769,455.558218578447,327.625454470548,659.239723558311
63,300,43311,218.275449654822,467.117406663434,266.471589203666,551.055159197433
63,301,74210,235.288599919148,460.589085028972,288.463764991241,583.463360733055
64,2,109498,260.284982374107,628.424610495169,413.054302361687,690.877057115198
64,3,56313,291.571395592492,673.554259229663,430.41530374869,615.134569282404
64,4,64514,240.808677186347,583.052081718697,384.619198933565,574.816814954894
64,5,116377,329.25917492288,643.767325158751,396.797709169338,597.327710801963
64,6,136477,242.467360800721,579.55552950314,380.924756552386,631.916550041399
64,8,57986,252.415307143104,594.57051702135,709.681578312006,600.005466836823
64,10,32368,124.419488383589,363.152959713297,685.388130252101,567.052953534355
64,11,133908,253.808771693999,621.041177524868,337.485086775995,512.033381127341
64,12,63917,305.190543986733,654.923447596101,667.853325406386,599.721169641879
64,13,65734,223.177183801381,686.302157178933,429.438540177077,551.856512611434
64,14,45499,210.451460471659,575.842106419921,713.091012989296,542.711532121585
64,15,114827,242.452916125998,524.288224894842,466.477631567488,773.930643489772
64,16,76377,191.907878026107,498.796391583854,368.874713591788,411.289668355657
64,17,128181,309.128357556892,635.109813466894,339.280486187501,571.653755236736
64,18,150994,248.809389777077,440.036610726254,340.106361842192,658.891366544366
64,20,52461,290.523874878481,492.813480490269,372.70700139151,459.687615562037
64,21,105573,246.579144288786,581.201756130829,299.75921873964,681.190891610544
64,22,135987,218.509997279152,601.849309125137,366.094178119967,679.989425459787
64,23,70416,237.123764485344,564.879970461259,282.473954783004,499.553212338105
64,24,111838,162.619109783794,460.314043527245,728.610919365511,523.546942899551
64,25,84567,321.097070961486,490.306277862523,384.423888750931,580.850934761787
64,26,70529,201.083681889719,313.127536190787,574.352096300812,699.055012831601
64,27,78953,201.76475878054,419.087381100148,393.791508872367,746.619165832837
64,28,96030,216.669072164948,576.430886181402,362.497750702905,433.238592106633
64,29,110014,172.779182649481,340.259048848328,475.31141491083,735.483056701874
64,30,172828,245.357870252505,527.627184252552,351.326775753929,707.409372323929
64,31,89019,294.646558599849,596.685179568407,319.426639256788,628.881351172222
64,32,84186,237.399436961015,280.270009265198,485.009894756848,585.675931865156
64,33,102380,198.065969915999,539.573754639578,501.015501074429,366.02724164876
64,34,74477,228.613759952737,643.194395585214,515.823086321952,724.465324865395
64,35,55835,333.305525208203,704.336939195845,580.647783648249,615.305847586639
64,36,49319,248.665118919686,703.463472495387,500.127881749427,625.529309191184
64,37,79393,173.096948093661,518.218885795977,736.885896741526,619.798710213747
64,39,64087,151.792454007833,424.920373866775,675.715979839905,454.604116279433
64,41,113112,174.034479100361,492.398127519627,608.547422024188,374.974043425985
64,43,66354,238.014784338548,629.999005335021,399.761566748048,467.942460138047
64,44,89878,164.448252075035,404.301141547431,604.607957453437,404.636217984379
64,45,86285,184.890850089819,437.236611230225,379.603928840471,443.926116938054
64,46,50337,151.453523253273,297.342729999801,453.375191211236,644.091185410334
64,47,78042,132.898554624433,337.49259373158,602.869608672253,483.374311268291
64,48,69488,146.799562514391,510.447400990099,681.868653580474,440.847729104306
64,49,75103,160.120221562388,357.331291692742,494.312797091994,431.875970334075
64,50,67797,158.899081080284,412.963626709146,496.927946664307,393.469873298229
64,51,48099,271.752572818562,544.53495914676,339.554148734901,547.602341005011
64,52,86219,195.88982706828,636.69847713381,603.788956030573,426.550203551421
64,53,43583,245.945712777918,704.345180460271,538.530413234518,533.976711102953
64,55,55470,138.20850910402,324.599441139355,393.294916170903,606.870236163692
64,56,53389,249.125437824271,501.240779935942,289.89289928637,587.055741819476
64,57,66076,186.525077183849,678.631015799988,463.455763060718,475.555859918881
64,58,120274,255.645135274457,622.913746944477,645.519231089013,713.31319320884
64,59,139436,185.110172408847,385.324951949281,579.528593763447,773.5233081844
64,60,69964,353.30802984392,571.739523183351,370.678091589961,502.789806186039
64,61,82433,224.79826040542,609.97707228901,434.13999247874,408.613322334502
64,62,82828,135.308639590477,393.588375911528,434.769449944463,421.967523059835
64,63,60685,178.681156793277,476.218043997693,417.399274944385,395.706929224685
64,64,65394,345.005183961831,478.022616753831,308.654937761874,533.146527204331
64,65,78484,192.229651903573,471.247948626472,304.98220019367,696.826155649559
64,66,121996,172.620012131545,414.848167153021,718.768738319289,669.095568707171
64,67,82882,153.656318621655,339.954091358799,398.075058516928,500.307859366328
64,68,75656,260.983728983821,653.962937506609,656.131965739664,506.654501956223
64,69,67444,163.631234802206,297.001052725224,517.138870766858,500.307544036534
64,70,132818,262.06846963514,501.285172190516,385.337778012016,655.869068951498
64,71,46577,262.950877042317,672.935182600855,352.258711381154,597.388324709621
64,72,28937,172.07955213049,469.467774821163,347.071189135017,450.141030514566
64,73,31494,287.145519781546,452.673048834699,376.334158887407,611.749539594843
64,74,83661,164.22074801879,503.114390217664,385.839674400258,745.244367148373
64,75,44863,137.811938568531,324.064284599782,646.911062568263,627.47879098589
64,76,140562,179.769226391201,515.625702536959,660.427106899446,765.372931517764
64,77,6,276.666666666667,625.333333333333,334.5,522.5
64,78,62756,223.056074319587,662.152304162152,366.304735802154,507.464369940723
64,79,72128,138.302226597161,292.434685559006,578.91992014197,606.543658496007
64,80,28866,244.570706020924,422.079470657521,409.94640753828,560.184680939514
64,81,54625,158.366828375286,547.471578947368,323.397235697941,461.061894736842
64,82,31858,135.3659991211,384.131207232092,371.887249670412,696.062025236989
64,83,4,190.75,632.25,323.75,485.75
64,84,50033,229.583175104431,542.431535186777,339.418703655587,654.741010932784
64,400,92587,281.384157603119,503.884497823669,324.946126346031,622.237527946688
64,401,44674,218.342055781887,462.339862112191,268.061064601334,555.804629090746
64,402,71639,235.684696882983,451.38151007133,298.048590851352,602.165217269923
64,403,53517,204.367359904329,577.087355419773,267.083935945587,540.997851150102
64,404,62014,222.485858032057,567.549375947367,318.991824426742,571.722369142452
64,405,13926,202.043731150366,544.769495906937,261.347048685911,576.28457561396
64,406,16781,266.692747750432,559.735951373577,273.220785412073,636.78749776533
64,407,15142,333.379936600185,616.440760797781,297.82974507991,559.35781270638
64,408,29967,163.111355824741,394.070844595722,330.447158541062,610.501284746555
64,409,27722,151.622177332083,418.600317437414,336.901017242623,520.386155400043
64,410,17439,166.148345662022,386.509662251276,346.212741556282,565.978095074259
64,467,16611,221.009511769309,569.57377641322,383.82806573957,409.649208355909
64,468,8893,167.718542674013,467.096030585854,347.376925671877,486.345890025863
65,1,145359,305.087397409173,622.349080552288,326.75311470222,584.646750459208
65,2,47681,267.542878714792,597.97869172207,710.41377068434,605.592730857155
65,3,114009,202.500092097992,582.048522485067,352.314589199098,436.489452587076
65,4,108453,255.932505324887,625.113874212793,406.967294588439,694.937115616903
65,5,78646,219.939145029626,577.403428019225,382.177237240292,576.899778755436
65,6,120786,228.198102429089,561.103646117928,298.875117977249,695.830667461461
65,7,80393,214.104486709042,551.019777841354,305.891234311445,573.980048014131
65,8,50088,357.24924133525,660.117912474046,661.910038332535,606.503214342757
65,9,48315,187.232702059402,591.765890510194,708.878754010142,544.956141984891
65,10,66170,229.858833308146,493.293834063775,293.328849931993,590.154964485416
65,11,82618,235.485063787552,278.149386332276,495.000593091094,574.106066474618
65,12,58182,269.71070090406,670.482107868413,417.099515314015,622.458457942319
65,13,82153,200.294292356944,402.326926588195,391.941036845885,737.673730721946
65,14,123739,262.696748801914,627.082043656406,632.315777564066,724.042565399753
65,15,57140,171.258277913896,486.459100455023,410.236419320966,393.02990899545
65,16,139090,214.215170033791,444.82749299015,292.575461931124,607.731368178877
65,17,79172,189.005292275047,307.357487495579,582.713989794372,688.59494518264
65,18,130562,310.56373217322,627.648059925553,382.347735175625,608.628008149385
65,19,84368,194.28139816044,558.111961881282,262.201142613313,573.909740659966
65,20,68078,167.170569053145,427.35560680396,486.696274861189,385.246261641059
65,22,57450,244.60273281114,487.182767624021,391.057476066144,601.835961705831
65,23,154103,248.628371933058,423.499899417922,336.962538042738,647.453086571968
65,24,88091,189.48169506533,505.024088726431,359.750723683464,409.469786924884
65,25,58797,206.468459275133,543.148885147201,730.514056839635,622.940184022994
65,26,72577,237.287432657729,634.365708144453,386.595050773661,470.218402524216
65,27,65084,216.950172085305,685.263659271096,416.064316882798,560.187603712126
65,28,85350,203.487451669596,645.115840656122,594.294130052724,426.374118336262
65,29,67011,171.363895479847,533.195923057408,675.990882093985,432.501111757771
65,31,101078,181.806218959615,415.176893092463,596.382160311838,396.213815073508
65,32,69350,231.119048305696,562.118630136986,281.392415284787,506.099221341024
65,33,126876,249.127321163971,471.329510703364,380.207509694505,667.765810712822
65,34,59387,341.855928065065,705.962365500867,571.657568154647,628.29821341371
65,35,145402,208.66560982655,587.109915957139,362.755746138292,689.30316639386
65,36,54584,142.949069324344,407.846346914847,432.785852997215,412.149164590356
65,37,103290,253.681440604124,520.835250266241,457.57153645077,770.251931455126
65,38,121678,167.245894902941,333.465153930867,485.778332977202,734.042217985174
65,39,76033,192.730419686189,685.134270645641,448.156681967041,482.150618810253
65,40,47330,126.058187196281,373.848130150011,691.659011197972,564.562645256708
65,41,84715,184.9060024789,440.07941922918,371.170241397627,444.755427020008
65,42,70831,215.87854188138,660.160028800949,359.583416865497,514.445045248549
65,43,86701,189.063770890762,453.047623441483,307.493512185557,693.692091210021
65,44,129273,161.916595112669,468.581645045756,730.366936637968,518.472117147432
65,45,85685,134.551811869055,341.24859660384,612.217494310556,480.132847056077
65,46,63701,249.105021899185,642.2542346274,506.76224863032,736.185868353715
65,47,128653,268.843004049653,485.346326941463,340.220896520097,604.785795900601
65,48,100162,202.918621832631,557.7314051237,489.700674906651,366.020626584932
65,49,27574,215.459309494451,535.61260607819,267.900993689708,637.861971422354
65,50,72594,144.423244345263,438.153153153153,676.741562663581,448.570102212304
65,51,95494,174.558495821727,506.836827444656,599.68184388548,372.838565773766
65,52,36527,203.807347989159,430.615654173625,309.718947627782,519.964957428751
65,53,78696,170.147656805937,368.320168750635,499.264104910034,421.490914404798
65,54,140189,179.80298026236,522.058192868199,645.339662883678,773.1709977245
65,55,49762,251.726779470279,665.201941240304,346.233873236606,602.242655037981
65,56,94407,226.894711197263,623.100988274175,425.214973465951,410.305496414461
65,57,88819,276.396165234916,625.931084565239,329.341604836803,528.507830531756
65,58,77198,281.932368714215,661.23358118086,648.811717920153,509.275343920827
65,59,50468,171.761571688991,310.716969168582,398.005865102639,595.46062851708
65,60,62546,191.339254308829,456.665478208039,266.046317910018,559.041537428453
65,61,32669,186.192169947045,377.159968165539,393.30873304968,544.318528268389
65,62,45212,244.436676103689,710.410289303725,532.700389277183,541.22805892241
65,63,68041,165.391337575873,302.022559927103,524.6182007907,489.61900912685
65,64,56735,149.602502864193,292.149449193619,460.502723186745,637.500308451573
65,65,36870,140.640927583401,328.257255221047,654.550583129916,626.587794955248
65,66,135774,276.753730463859,568.355377318191,316.956508609896,638.795454210674
65,68,42948,256.106687156561,509.336686225203,275.290793517742,540.969428145665
65,69,49173,259.595550403677,706.869704919366,488.805238647225,632.152583734976
65,70,38116,256.195482212194,497.817609402875,366.947371182705,462.283870290692
65,71,127908,189.282062107139,388.854379710417,581.445836069675,772.72288676236
65,72,73297,169.594962958921,336.806663301363,397.317530048979,482.414000573011
65,73,126710,172.899005603346,423.327046010575,720.972496251282,672.349498855655
65,75,112676,286.430544215272,572.537807518904,350.466683233342,512.088137669069
65,76,81883,153.665596033365,542.074533175384,320.14966476558,461.79594054932
65,78,45387,286.531936457576,546.574635908961,372.685438561703,623.86934584793
65,79,19363,188.752982492382,368.933068222899,336.823167897537,561.69235139183
65,80,89123,168.865489267641,500.261470103116,385.961794374067,745.690730787788
65,81,63154,140.482313075973,295.533917091554,578.201000728378,599.016847705608
65,82,40171,285.634313310597,600.327748873565,293.61912822683,573.532498568619
65,83,24140,263.622203811102,571.541466445733,387.445153272577,634.020298260149
65,84,16200,154.28037037037,473.630679012346,338.588333333333,440.525308641975
65,85,8,194.875,528.25,276,645.5
65,86,27536,156.554437826845,378.175624636839,323.900457582801,610.266560139454
65,401,113620,270.635381094878,511.752138707974,347.511952121105,707.499102270727
65,402,52381,227.881541016781,521.749145682595,357.548805864722,660.737003875451
65,405,36060,217.466833056018,521.461508596783,331.645923460899,535.153189129229
65,406,27231,187.589034556204,427.959421247843,355.215563144945,538.142447945356
65,407,19169,194.914132192603,400.441650581668,357.147529865929,564.341749700037
65,408,20580,155.149465500486,400.166423712342,326.038678328474,517.410301263362
65,409,8066,164.692536573271,467.779816513761,340.480411604265,491.829779320605
65,532,24089,204.136908962597,578.241521026195,373.349952260368,412.611523932085
65,631,22671,131.917692205902,373.326319968241,379.321159190155,689.152044462088
66,1,142647,319.952792557853,614.552671980483,325.084376117269,542.795046513421
66,2,174663,254.030739194907,590.731248175057,332.338199847707,482.646267383476
66,4,139726,319.171499935588,630.714913473512,368.861342913989,572.887451154402
66,5,102334,335.178562354643,492.485107588876,342.999980456153,588.344362577442
66,6,46582,272.909900820059,611.549697307973,702.994225237216,612.243763685544
66,7,51536,249.539758615337,569.311161130084,721.617762340888,638.042746817758
66,9,145054,208.497752561115,468.649792491072,549.151047196217,803.895631971542
66,10,63480,254.29918084436,681.410979836169,401.780466288595,580.781206679269
66,11,83939,172.090792122851,360.958100525382,571.048547159247,756.274925839002
66,12,77547,245.413787767418,585.857028640695,378.105948650496,543.29317704102
66,13,34174,167.162287118862,333.793527242933,551.827120032773,713.8097091356
66,14,72792,225.354860424222,502.89689801077,275.12967084295,510.164166391911
66,15,51810,253.839046516117,593.35475776877,709.119899633275,550.129144952712
66,16,67623,149.092483326679,438.494949943067,427.859589193026,395.42914393032
66,18,83130,279.801046553591,571.950535306147,378.694767232046,442.740105858294
66,19,125184,250.537145322086,483.872307962679,363.264290963701,670.468254729039
66,20,83240,199.613635271504,470.013683325324,363.510175396444,743.244329649207
66,21,68638,318.908272385559,647.401322882368,389.35953844809,665.394883300796
66,22,46860,279.525288092189,533.90731967563,362.259240290226,567.017306871532
66,23,124571,261.27076928017,536.761437252651,332.436883383773,696.291897793226
66,24,80292,226.661510486723,580.361418323121,440.346435510387,382.85293678075
66,25,86844,233.484581548524,553.48645847727,375.86927133711,666.592729491963
66,26,111603,218.688906212199,587.697624615826,606.665501823428,775.366800175623
66,27,96451,197.792723766472,463.297353060103,704.907351919628,715.103109350862
66,28,119943,242.466755041978,572.752090576357,281.008120523916,651.162168696798
66,29,93320,241.017466780969,285.239873553365,503.69885340763,640.93179382769
66,30,41363,329.415371225491,672.616347943815,651.118946884897,585.407006261635
66,31,114095,159.168710285289,410.116744817915,457.678346991542,783.921223541785
66,32,110420,189.390047092918,501.702508603514,507.090382177142,360.481959789893
66,33,78611,162.46689394614,373.95047766852,335.7341847833,534.744666776914
66,34,76989,141.404759121433,381.447258699295,511.201704139552,410.588460689189
66,35,61152,144.688824568289,319.783212323391,398.658179618001,531.721104788069
66,36,46287,247.756173439627,699.760602328948,528.337762222654,496.320694795515
66,37,85567,183.045239403041,460.247817499737,371.920705412133,403.700959482043
66,38,69052,199.334573944274,661.391777211377,452.806363320396,438.450370735098
66,39,78218,216.914763865095,533.62301516275,287.295354010586,467.895561124038
66,40,1,224,566,376,404
66,41,118048,252.756361818921,670.716581390621,603.097002914069,703.267281105991
66,42,74702,245.424513399909,610.955463039812,357.792000214184,640.29897459238
66,43,100936,157.733524213363,511.93874336213,337.946451216613,446.33431085044
66,44,60517,231.283507113704,684.82973379381,409.001206272618,514.095493828181
66,45,54544,323.783477559402,590.390033734233,331.892398797301,657.072308594896
66,46,54917,167.869803521678,418.303348689841,313.285758508294,520.745488646503
66,47,68168,164.562580683018,383.203247858233,320.461770918906,621.363880413097
66,48,55609,354.404394972037,718.835602150731,560.452049128738,584.09971407506
66,49,62872,201.258191245706,558.49392416338,261.099296984349,544.584791322051
66,50,77162,153.320909255851,283.659871439309,532.08182784272,547.078769342422
66,51,59977,253.99306400787,679.742084465712,473.470480350801,704.421878386715
66,52,146784,172.525970132985,466.515900915631,733.881390342272,551.393959832134
66,53,61106,126.969692010605,322.499738159919,626.712221385789,542.912136287762
66,54,96549,216.547991175465,495.92053775803,335.063636081161,522.081440512072
66,55,55619,148.507578345529,349.748269476258,646.542116902497,682.689045110484
66,56,55536,133.832487035436,375.290046096226,691.202193171997,624.990078507635
66,57,91826,196.015692723194,487.189271012567,289.152081109925,677.586075839087
66,58,105846,147.082912911211,397.711883302156,378.355762145003,451.110755248191
66,59,70167,273.89040432112,648.89914062166,649.65423917226,489.167357874784
66,60,62319,187.200243906353,444.455816043261,269.6606492402,547.457083714437
66,61,130316,247.088377482427,436.199921728721,327.422910463796,640.158238435802
66,62,83278,157.25107471361,327.126311871082,514.981027402195,461.108768222099
66,63,42756,274.746328000748,662.955234353073,336.929249695949,563.419239404996
66,64,56880,139.0435302391,419.102232770745,690.079360056259,475.354694092827
66,66,81501,220.69410191286,631.415123740813,359.245530729684,467.606507895609
66,67,62560,189.116224424552,317.297538363171,393.318606138107,633.876982097187
66,68,72137,147.329747563664,510.865131624548,686.087209060538,440.978804219749
66,69,65066,139.765561122552,320.075692373897,450.389127962377,699.081163741432
66,70,74966,143.75386175066,359.579969586212,448.40186217752,433.739535255983
66,71,30141,295.976178627119,565.031983013171,377.244981918317,619.465113964367
66,72,68475,239.832887915298,612.170777656079,395.551310697335,430.81715954728
66,73,78036,301.142395817315,588.764083243631,432.937926085396,759.863665487724
66,74,90774,137.14045872166,370.716559807874,606.465331482583,431.111144160222
66,75,43775,131.251513420902,313.722055968018,610.290097087379,601.112164477441
66,76,111799,147.255887798639,462.378652760758,618.301040259752,388.272721580694
66,77,90405,162.877396161717,402.291831204026,359.346208727393,551.968807035009
66,78,39453,287.254226548045,719.781106633209,476.010594885053,588.201378855854
66,79,62152,246.060689921483,486.868564165272,384.44632513837,581.733057665079
66,81,28826,212.999549018247,355.50145701797,414.939776590578,589.906334559079
66,82,38376,132.391859495518,408.695877631853,353.003153012299,716.683239524703
66,83,77565,220.502984593567,612.139663508025,603.825526977374,404.928124798556
66,84,95271,164.875366061026,559.871492899203,360.559572167816,735.547637791143
66,85,23899,304.80781622662,600.044855433282,289.17460981631,536.680237666848
66,100,31784,305.340989176944,549.260823055625,308.46460483262,502.709413541405
66,101,31194,375.473648778611,555.195037507213,311.465313842406,564.043469898057
66,102,11727,191.114948409653,535.71007077684,390.401551974077,391.938262130127
66,103,49651,175.571791101891,545.591971964311,357.290689009285,398.291655757185
66,104,44366,254.022359464455,498.40607672542,295.160122616418,551.78294189244
66,105,68637,241.240963328817,474.6236432245,280.701720646299,599.866442297886
66,106,12555,334.666746316209,463.996176821983,376.363918757467,441.580963759458
66,108,39808,151.900849075563,464.566092242765,335.262510048231,475.167478898714
66,110,9471,194.612501319818,548.806461830852,256.718192376729,585.446204202302
66,654,20294,163.429289445156,394.209667882133,352.607815117769,587.082142505174
66,677,4794,186.77868168544,364.455569461827,334.641843971631,578.283270755111
66,832,46242,273.09787638943,546.383893430215,306.916785606159,532.172051381861
67,1,142472,266.179340501993,578.175311640182,339.328387332248,489.631906620248
67,2,134067,317.646303713815,618.044313664063,331.719364198498,532.138624717492
67,3,50225,282.433091090095,613.590881035341,702.67824788452,620.511657541065
67,4,109067,159.878350005043,508.562159039856,350.031338535029,432.95879596945
67,5,136776,206.755417617126,489.263774346377,539.416220681991,805.418180090074
67,6,79604,258.138586000703,575.515727852872,308.622054168132,556.943193809356
67,7,50245,265.623106776794,595.58931236939,713.343437157926,558.740949348194
67,8,54795,259.13024911032,578.442558627612,719.042376129209,646.000164248563
67,9,79639,239.460101206695,580.543201195394,381.196411306018,547.667524705232
67,10,28899,352.180179244957,579.60995190145,465.611197619295,775.892626042424
67,11,89891,167.317039525648,367.012170295135,339.314402999188,531.789945600783
67,12,49829,303.143611150133,616.773906761123,404.518934756868,728.889943607136
67,13,96290,171.641593104165,384.735164606917,567.289542008516,776.120469415308
67,14,70297,244.768923282644,685.412891019531,397.025662546055,570.621776178215
67,15,140685,316.352354550947,635.684188079753,372.3070689839,561.951366528059
67,16,63631,165.583064858324,420.886800458896,316.321368515346,510.252486995332
67,17,73227,284.469239488167,655.218867357669,383.601117074303,656.070957433733
67,18,59659,160.373304949798,414.564776479659,360.996060946379,543.21569251915
67,19,59346,150.042041586628,344.633404104742,556.89706130152,732.669413271324
67,20,68406,141.858915884572,376.543651141713,521.041984621232,409.134564219513
67,21,77239,225.144253550667,488.454537215655,338.259467367522,513.928261629488
67,22,51007,136.217362322818,312.80710490717,622.861979728273,620.156762797263
67,23,120701,242.293170727666,678.995459855345,596.347022808427,701.773266170123
67,24,104818,228.883474212444,288.647636856265,508.405645976836,655.715125264745
67,25,120766,307.90368149976,487.041394100989,339.142391070334,582.284666214001
67,26,88210,171.959097607981,449.368801723161,378.023194649133,398.834338510373
67,27,41296,244.176845215033,542.828046299884,319.095384540876,533.161492638512
67,28,58884,333.68719855988,720.957526662591,562.597140139936,578.965083893757
67,29,68892,191.428612901353,562.192446147593,266.203216628926,527.859896649829
67,30,66496,147.320861405197,431.314846005775,437.577538498556,391.105028873917
67,31,91117,192.805700363269,485.64769472217,350.480843311347,740.690277335733
67,32,80323,161.392477870597,281.963659225876,542.645282173226,554.319373031386
67,33,65854,245.412518601755,498.497615938288,293.852689282352,541.246849090412
67,34,96920,210.81774659513,478.563258357408,696.423576145274,732.284203466777
67,35,66881,154.411297677965,361.044138096021,643.895605627906,702.642290037529
67,36,75552,147.72845192715,314.492879076662,400.316894324439,535.035300190597
67,37,63188,136.941919351776,332.031746534152,445.771238209787,714.813793758309
67,38,123208,245.620560353224,480.018375430167,355.541247321602,655.231121355756
67,39,41193,318.899570315345,676.383147622169,651.00869079698,587.27754715607
67,40,60581,161.307340585332,389.251663062676,347.270002145887,579.091348772718
67,41,87307,258.01572611589,600.809579987859,355.956360887443,636.48689108548
67,42,69115,162.568458366491,322.649410402952,528.592794617666,460.764103306084
67,43,69266,200.019287962348,657.629876129703,453.398348396038,434.770839950336
67,44,112865,234.940805386967,602.053665884021,594.731821202321,776.281026004519
67,45,149344,182.852427951575,472.938377169488,738.538823119777,560.947014945361
67,46,99299,154.144815154231,383.338382058228,384.961872727822,447.513046455654
67,47,81793,150.224163436969,459.611873876738,335.567004511389,468.945374298534
67,48,60252,140.894509725818,378.748041558786,695.686300869681,637.938126535219
67,49,48114,190.677952363138,440.729434260298,274.296421000125,537.981419129567
67,50,104657,187.025263479748,493.54049896328,513.305550512627,356.48083740218
67,51,46717,131.774964145814,422.534816019864,341.362459062012,711.090224115418
67,52,127688,157.173955265961,443.047788359125,444.497399912286,790.493672075684
67,53,70375,313.69156660746,589.912667850799,289.167857904085,637.144838365897
67,54,89415,235.90998154672,540.245898339205,364.579925068501,681.017726332271
67,55,46713,240.329201721148,530.038832873076,372.571768030313,567.645773125254
67,56,100922,210.19404094251,626.053120231466,361.839212461109,462.326787023642
67,57,94360,214.772467147096,571.316097922849,444.58364773209,376.130192878338
67,58,110560,143.40114869754,461.512337192475,624.661514109986,391.735347322721
67,59,85573,214.920150047328,492.921213466865,279.488425087352,497.859523447816
67,60,66888,156.796077024279,519.181258222701,695.313150340868,449.454177131922
67,61,48718,129.698427685866,323.307976517919,638.314442300587,554.671394556427
67,62,70939,266.334667813192,652.167453727851,652.063068269922,490.90125318936
67,63,82338,198.006704073453,317.529633947873,394.158699506911,635.771757876072
67,64,76266,231.076193847848,477.275614297328,382.809272808329,558.333648021399
67,65,58097,248.156600168683,698.454980463707,530.322340224108,489.54109506515
67,66,79217,217.339169622682,680.233977555323,404.169344963834,508.662307333022
67,67,147896,260.636501325256,542.358481635744,319.865736733921,684.88468247958
67,68,74307,235.359239371795,607.813463065391,403.690580968146,420.394848399209
67,69,76323,142.879892037787,352.182068314925,456.671973061856,434.53918216003
67,70,87062,137.704038501298,366.65078909283,613.479060899129,440.688911350532
67,71,52489,265.608946636438,661.328621234925,334.055040103641,556.474956657585
67,72,125928,241.648322851153,429.811066641255,320.45635601296,621.896456705419
67,73,116834,241.828311963983,567.978978721947,382.750192580927,435.78887994933
67,74,84275,221.880949273213,534.022972411747,296.156808068822,457.949178285375
67,75,37883,277.20827284006,722.174458200248,472.541007839928,578.405907663068
67,76,79716,196.711400471674,489.30366551257,284.637713884289,668.450850519344
67,77,56103,256.577259683083,685.555531789744,461.113879828173,700.707662691835
67,78,96577,158.493212669683,574.901529349638,351.263634198619,730.201383352144
67,80,45144,153.125022151338,377.225699982279,323.107965621124,614.32476076555
67,81,48000,136.988625,424.578,701.467541666667,484.297479166667
67,82,76249,229.385172264554,608.336437199176,610.931736809663,405.991147424884
67,83,67508,183.676008769331,544.146041950584,374.568880725247,394.860431356284
67,84,71644,279.967478086092,481.003363854614,278.139006755625,596.669002289096
67,85,34366,178.319792818483,342.301460746086,417.728947215271,569.295117267066
67,86,24264,323.440611605671,605.459528519617,298.432080448401,521.562314540059
67,87,10,156.5,539.1,262.4,488.4
67,102,13821,172.110411692352,529.191158382172,400.360683018595,385.435641415238
67,105,20842,365.917810190961,460.568467517513,383.443767392765,434.078303425775
67,107,21010,253.22508329367,544.2782960495,382.344645406949,632.800428367444
67,108,28263,319.390510561512,555.71542299119,325.401903548809,629.561511516824
67,786,3910,165.293094629156,352.435038363171,339.157544757033,580.789769820972
67,875,39215,294.80708912406,534.706336860895,312.396378936631,496.065230141527
68,1,74645,377.175028468082,573.783294259495,347.028441288767,488.244584365999
68,3,60818,203.154674602914,593.322832056299,359.11171034891,670.843944227038
68,4,47466,287.597712046518,613.68849281591,710.874331100156,619.519908987486
68,5,57863,261.140936349653,579.103554948758,724.955394639061,643.221264020186
68,6,73929,199.093887378431,563.509542939848,269.732784157773,529.383692461686
68,7,49237,297.825253366371,681.193634868087,397.389910027012,597.01153603997
68,9,51671,265.725803642275,596.897369898009,721.492829633644,556.397360221401
68,10,74826,243.195667281426,572.967083634031,382.925012696122,540.696803250207
68,11,84378,240.547678304771,541.107622840077,324.228436322264,538.592547820522
68,12,51972,277.910586469638,581.340625721542,483.466174093743,789.507657969676
68,13,118692,313.671890270616,480.733073838169,337.336560172547,581.982787382469
68,14,81804,277.196481834629,577.008948217691,303.203730868906,552.497041709452
68,15,82148,247.605163850611,491.395456980085,344.159796951843,516.00908117057
68,16,93922,173.034613828496,389.791039373097,573.600636698537,780.212974595941
68,17,57568,241.605058365759,526.151004030017,375.501615480823,562.949468454697
68,18,61010,152.916423537125,350.242009506638,563.333076544829,741.406834945091
68,19,123595,272.033350863708,680.229952667988,595.661984708119,700.287899995954
68,20,77074,244.440356021486,613.137854529413,400.836416949944,737.880621221164
68,21,130999,319.452247727082,618.372292918267,334.902655745464,526.171863907358
68,22,55708,151.948283908954,375.566202340777,700.465373016443,639.138597687944
68,23,40202,272.31995920601,639.084423660514,377.753047112084,697.233545594746
68,24,62607,170.265800948776,421.913412238248,311.417173798457,501.790790167234
68,25,76786,144.228908915688,371.023624098143,521.671268199932,403.53333941083
68,26,112984,195.626814416201,487.247725341641,520.204250159315,349.995574594633
68,27,56449,170.919183687931,360.86369997697,646.392885613563,706.074616025085
68,28,143967,328.50540054318,634.740002917335,377.438565782436,542.433529906159
68,29,99573,158.27856949173,375.232091028693,384.941801492372,439.150261617105
68,30,81229,233.91815730835,538.522559676963,302.887614029472,450.993475236677
68,31,64717,227.38601912944,492.490350294359,280.636726053433,493.395027581625
68,32,53436,343.517909274646,723.090800209597,572.168594206153,575.538737929486
68,33,143141,235.98836811256,603.19515023648,603.682068729435,775.395966215131
68,34,93459,195.435271081437,500.771707379707,351.771279384543,740.079703399352
68,35,40170,381.538013442868,676.960393328354,659.002987303958,585.360169280558
68,36,99880,165.880356427713,506.365168201842,354.389187024429,432.307899479375
68,37,72460,200.59696384212,457.746798233508,377.386558101021,532.115843223848
68,38,59397,139.452261898749,311.810899540381,630.330723773928,616.774719261916
68,39,68324,260.328888823839,690.504229846028,403.24241847667,544.10112112874
68,40,142812,236.796837800745,466.803300843066,355.737529059183,640.052684648349
68,41,65813,155.035251394101,427.08750550803,438.684439244526,383.94783705347
68,42,94773,231.910006014371,292.422145547783,508.700885273232,665.720574425206
68,43,94397,156.629342034175,460.765935358115,337.088731633421,473.174179264172
68,44,105102,187.861191984929,449.204068428764,378.540950695515,398.088494985823
68,45,148696,186.06099020821,468.628241512885,745.470496852639,558.426601926077
68,46,79255,170.679061257965,279.334489937543,549.571105923916,556.491224528421
68,47,58612,253.448252917491,556.46280625128,370.031427011533,628.422114925271
68,48,133097,230.228096801581,419.602650698363,322.35768649932,601.139139124097
68,49,70254,137.737836991488,342.287770091383,443.90850343041,722.238007800268
68,50,55929,134.34972912085,421.376191242468,707.624380911513,479.870049527079
68,51,90082,162.511234208832,377.489764880886,352.014209275993,567.285861770387
68,52,76668,266.104685135911,651.100746073981,660.066246673971,485.862954557312
68,53,71764,236.900130984895,602.72582353269,408.421520539546,408.30140460398
68,54,62157,202.793989413903,656.256399118362,458.821130363435,424.86268642309
68,55,109638,183.886553932031,540.231124245243,381.086375161896,395.366323719878
68,56,77624,195.390897145213,448.119280119551,272.77299546532,538.361821086262
68,57,81036,192.217705711042,327.413655659213,386.486117281208,641.485512611679
68,58,104576,160.196947674419,572.604890223378,352.155934440024,731.186553320073
68,59,86314,230.261973723846,481.754848576129,699.16733090808,732.978636142457
68,60,78186,151.457191824623,362.090054485458,343.515450336377,513.076919141534
68,61,99153,137.045051586941,360.411081863383,617.424646758041,438.546670297419
68,62,70410,229.503380201676,681.23685556029,410.289688964636,493.551810822326
68,63,75495,223.780886151401,629.605497052785,367.079475461951,457.823445261276
68,64,106543,220.433881155965,517.810714922613,526.897524942981,804.157936232319
68,65,73339,173.076562265643,316.687751401028,530.007199443679,456.160814846126
68,66,59680,126.702463136729,319.407188337802,647.293414879357,558.002513404826
68,67,66118,269.986493844339,532.69737439124,309.025212498866,495.444069693578
68,68,39972,313.087636345442,564.069023316321,279.776743720604,619.717702391674
68,69,99899,239.24159400995,568.279612408533,382.476721488704,438.055275828587
68,70,43580,262.419206057825,618.170009178522,351.24378155117,590.129004130335
68,71,95549,212.271065107955,569.058367957802,447.239992045966,369.515913301029
68,72,81982,141.957637042278,344.718755336537,460.032677904906,432.745871044864
68,73,41294,131.930425727709,434.979561195331,340.521552767957,713.332445391582
68,74,111313,152.556978969213,457.176753838276,630.110364467762,384.766999362159
68,75,61966,236.859277668399,680.349320595165,452.697301746119,706.568569860891
68,76,86950,193.013548016101,492.749844738355,287.368200115009,666.370362277171
68,77,7,191.142857142857,527.857142857143,278.857142857143,465.285714285714
68,78,66448,155.081040813869,519.120515290152,700.221255718758,437.243859860342
68,79,121291,157.594413435457,462.861267530155,453.377810389889,797.972957597843
68,80,51847,267.664493606187,698.437074469111,538.049337473721,478.331321002179
68,81,22644,403.70084790673,643.369678502031,345.24377318495,635.220588235294
68,82,36052,290.468046155553,528.625846000222,283.909436369688,606.506962165761
68,83,43990,272.402864287338,663.356217322119,336.846442373267,553.606637872244
68,84,42082,279.045031129699,725.439261441947,483.119100803194,571.476094292096
68,86,71819,218.024700984419,607.170985393837,612.787549255768,395.418399030897
68,87,36713,334.321820608504,314.955955656035,423.270122300003,561.167215972544
68,88,39084,154.294852113397,303.590522976154,417.57473646505,521.665182683451
68,89,701,167.902995720399,572.557774607703,262.313837375178,522.335235378031
68,100,11269,419.618244742213,451.690123347236,378.964770609637,438.704587807259
68,101,16811,162.73838558087,522.770626375587,401.148474213313,378.751293795729
68,102,34107,256.892485413551,438.454833318674,288.970651185974,598.740991585305
68,110,104366,276.519096257402,543.526589119062,322.402180786846,676.327855815112
68,111,60929,245.843539201366,526.188908401582,354.577770848036,658.936220847216
68,112,39438,306.010370708454,567.322531568538,332.533216694559,629.755286779248
68,115,15231,324.113452826472,597.097170244895,303.52813341212,518.294268268663
68,543,18459,162.141719486429,387.424237499323,327.17612004984,629.180779023782
68,678,6829,164.288768487333,347.991213940548,346.624835261385,591.867916239567
68,681,36891,154.314900653276,403.751375674284,359.549293865713,521.929522105663
68,900,63101,258.415492622938,487.642525475032,292.687025562194,538.30018541703
69,1,77609,265.677331237356,574.819286422966,324.68427630816,634.395108814699
69,2,65575,261.315669081205,586.97563095692,720.538162409455,648.235745329775
69,3,60741,228.225811231294,523.693337284536,276.364251494049,608.315602311454
69,4,135862,304.048468298715,616.444730682604,331.12340463117,532.543161443229
69,5,79344,234.451855212745,579.445843416011,376.404479229683,562.073301068764
69,6,67636,258.697187888107,655.063723460879,344.651753504051,640.107561062156
69,7,69999,267.898327118959,504.770796725668,323.061558022257,633.130601865741
69,8,99096,164.489222572051,508.289920884799,347.670138047954,435.317419472027
69,9,52513,274.867004360825,600.386837544989,720.209167253823,564.818787728753
69,10,74818,237.846507524927,559.171108556764,274.098773022535,626.745395493063
69,11,70380,325.596192100028,675.850440466042,595.764364876385,703.826257459506
69,12,64744,315.584502038799,570.726661930063,313.373223773632,521.273755096997
69,13,69966,186.441771717691,543.659091558757,370.117342709316,398.801860903868
69,14,145890,314.425642607444,640.592624580163,371.94346425389,543.824868051272
69,15,74808,257.425181798738,697.076261897123,404.592383167576,543.592196021816
69,16,144280,239.001746603826,431.672539506515,317.248315774882,596.547643471029
69,17,69582,149.523339369377,369.470020982438,522.775214854416,400.291440315024
69,18,65221,243.830468714064,582.081384830039,468.708744116159,791.836755032888
69,19,60171,282.786774359741,724.166325970983,578.587193166143,582.670871349986
69,20,66115,151.625637147395,391.279270967254,315.993647432504,633.359313317704
69,21,100589,191.200936484109,499.753859765978,346.229458489497,743.905446917655
69,22,84143,183.853095325814,392.648693295937,569.158468321786,785.199517488086
69,23,86591,262.553914379093,579.469044126988,291.317608065503,561.784746682681
69,24,56463,159.056762835839,372.585002568053,699.371907266706,642.007544763828
69,25,73427,236.028518120038,616.264112656107,399.707791411878,744.167567788416
69,27,61579,254.315756995079,689.668101138375,392.06854609526,601.12773835236
69,28,68778,235.981011369915,496.242214080084,277.402570589433,504.066591061095
69,29,74212,168.206354767423,393.336481970571,347.913922276721,560.281342640004
69,30,150165,248.239030399893,546.273858755369,321.037658575567,684.35270535744
69,31,58474,154.58383213052,462.492834422136,326.871498443753,472.537811676985
69,32,95529,233.20805200515,291.828680296036,506.095834772687,671.900082697401
69,33,55864,141.020335099527,306.86617499642,627.201238722612,617.900150365173
69,34,79365,261.660832860833,530.758142758143,313.967781767782,492.373602973603
69,35,63985,227.255888098773,646.815331718371,372.485926388997,695.788934906619
69,36,66756,148.160240278027,347.23879501468,555.103900772964,745.695443106238
69,37,72501,153.693880084413,426.709355733024,438.229583040234,380.035599508972
69,38,147621,221.421200235739,604.091416532878,599.308445275401,776.382208493372
69,39,115050,154.77643633203,371.164676227727,382.823476749239,436.755306388527
69,40,63311,231.482886070351,682.296014910521,408.212001074063,486.810285732337
69,41,117109,199.268655696829,489.672988412505,517.203067227967,349.009333185323
69,42,59620,204.020161019792,654.525981214358,451.922593089567,423.720429386112
69,43,104513,157.860572368988,574.743180274224,347.279142307655,735.31179853224
69,44,75278,174.790629400356,276.611068306809,549.950211217089,558.127846117059
69,45,62657,232.205132706641,629.221044735624,359.32693872991,463.089726606764
69,46,40687,400.405731560449,677.242165802345,660.257084572468,596.524246073684
69,47,82148,224.258216876856,570.40094707114,432.54620928081,371.800421191021
69,48,102133,131.824885198711,360.625928935799,617.775900051893,437.849862434277
69,49,39396,131.952964767997,437.570032490608,332.806325515281,714.946339729922
69,50,71222,196.188256437618,435.544607003454,292.935904636208,506.67042486872
69,51,87431,215.557548238039,483.203863618167,698.236952568311,737.197481442509
69,52,169132,163.41416171984,470.023165338316,746.702587328241,566.145247498995
69,53,67883,178.215915619522,358.630143040231,642.961404180723,710.830458288526
69,54,83068,188.982279578177,551.034850965474,258.900683777146,531.810564838446
69,55,15129,471.482054332738,557.814924978518,371.219181704012,457.913609623901
69,56,79312,195.216020274359,328.164237442001,375.998814807343,639.33786816623
69,57,136340,155.454650139357,474.850557429955,448.852603784656,803.651620947631
69,58,72804,237.470633481677,601.170787319378,400.294008570958,416.002019119829
69,59,74127,186.828348644893,310.383800774347,531.167685188933,460.525908238564
69,60,76854,150.199130819476,360.703450698727,334.389686938871,525.365016785073
69,61,27312,492.920401288811,312.798183948448,423.059094903339,586.220123022847
69,62,60946,253.31993896236,662.139779476914,330.507416401404,562.19911068815
69,63,98525,174.55116975387,447.135549352956,373.378513067749,398.953960923623
69,64,73060,267.478880372297,650.325828086504,662.593512181768,488.290432521215
69,65,51487,133.614834812671,420.099306621089,710.855575193738,485.574533377357
69,66,110533,194.313779595234,484.695719830277,284.031429527833,663.304551581881
69,67,80047,136.662348370332,343.591489999625,439.055105125739,728.71521730983
69,68,146312,233.260108535185,469.942062168517,355.949949423151,639.964548362404
69,69,52266,291.94246737841,505.512704243677,536.906344468679,805.947537596143
69,70,102699,152.927935033447,454.785168307384,628.993242387949,384.62993797408
69,71,90733,143.071330166533,337.072068596872,460.330221639315,437.512305335435
69,72,64907,130.280709322569,317.122221023927,646.870275933258,562.935168779947
69,73,60271,228.818967662723,679.100263808465,463.673292296461,721.345207479551
69,74,71989,235.758560335607,553.762741529956,299.614316076067,456.553223409132
69,76,49048,264.299135540695,699.967378894145,545.552479204045,477.324274180395
69,77,58598,154.415201884023,524.358425202225,701.227379774054,439.433035257176
69,78,55495,168.117091629877,300.612181277593,415.731939814398,528.307144787819
69,79,7,227.428571428571,503.857142857143,369.428571428571,539
69,80,46707,308.068340933907,728.877834157621,493.628984948723,574.394116513585
69,82,14,197.785714285714,517.142857142857,324.214285714286,598.285714285714
69,83,97681,217.692673088932,546.67674368608,366.20985657395,681.710783059141
69,84,73464,219.441835456822,607.005989328106,614.92497005336,397.402033649134
69,85,50467,207.761210295837,438.764241979908,280.060732756058,595.219648483167
69,86,57476,208.021191453824,463.584296054005,378.235820168418,531.406395712993
69,87,60953,213.170574048857,617.256115367578,327.31731005857,594.784424064443
69,88,14784,157.200351731602,357.41443452381,334.801812770563,601.770833333333
69,89,16591,289.135434874329,603.791392923874,295.185401723826,520.331746127418
69,91,34114,253.565603564519,564.117400480741,372.517939848742,423.529518672686
69,92,31097,243.560697173361,541.337202945622,282.886837958646,559.541306235328
69,100,33813,254.660367314347,584.20015970189,360.917930973294,623.320438884453
69,102,42495,282.984468761031,617.659371690787,707.125332392046,618.236945523003
69,104,32807,250.001493583686,504.221751455482,371.703112140702,580.227390495931
69,105,16644,341.600516702716,454.366798846431,367.838560442201,436.060382119683
69,106,8691,159.940052928317,525.152111379588,394.540674260729,378.721320906685
69,107,49700,243.811710261569,490.928189134809,347.858531187123,500.639496981891
69,108,24278,225.983359420051,604.135431254634,353.425199769339,666.823667517917
69,109,37790,313.086636676369,484.787827467584,345.591002910823,534.038264091029
69,110,15496,263.178820340733,529.250064532783,343.017811048012,567.237157976252
69,681,9170,155.353762268266,405.372082878953,350.848636859324,518.820501635769
69,743,26256,219.941879951249,454.095749542962,267.002666057282,536.88349329677
69,907,11436,189.237145855194,481.706890521161,269.871108779293,614.178558936691
70,1,97896,160.548040777968,497.912733921713,347.806079921549,431.512666503228
70,2,136269,312.380013062399,602.422253043612,327.108095017942,515.348303722784
70,3,56275,211.007996446024,623.319680142159,324.066406041759,598.961528209685
70,4,156520,236.405500894454,441.934666496294,316.015844620496,604.672201635574
70,6,54770,152.799178382326,464.246576593025,333.124465948512,475.985101332846
70,7,154996,248.432888590673,555.850363880358,318.317892074634,679.698282536324
70,8,112858,158.062521044144,581.251395559021,351.124599053678,735.068377961686
70,9,143793,316.231798488104,647.134693622082,372.206366095707,535.364190190065
70,10,84812,264.137586662265,586.120761213036,332.41214686601,629.082394000849
70,11,54372,236.213841683219,597.151272713897,365.221566247333,621.89066063415
70,12,128027,185.321291602553,477.927733993611,531.411460082639,352.087981441415
70,13,75831,380.253352850417,665.928063720642,608.648494678957,708.450541335338
70,14,47143,266.765012833294,591.467174341896,727.133402626053,576.395710922088
70,15,63138,304.526576704995,545.365231714657,367.57665748044,448.369460546739
70,16,72462,176.997101929287,364.744762772212,699.07238276614,653.148146614777
70,17,56111,145.329347186826,391.390173049848,312.837536311953,634.930494911871
70,18,90112,187.430630770597,543.701293945312,377.353426846591,394.394830877131
70,19,63365,252.907188511008,664.71462163655,356.198753254951,629.258328730372
70,20,74258,220.459708044924,656.988499555603,380.754827762665,689.960327506801
70,21,97322,143.710692340889,360.188713754341,531.02586260044,406.927971065124
70,22,63698,249.522182800088,698.233037144023,402.389180194041,592.760447737763
70,23,82580,221.12883264713,563.245483167837,443.484294017922,368.49939452652
70,24,70276,229.303844840344,584.634697478513,474.351926689055,793.954963287609
70,25,98069,215.803699436111,289.224607164343,501.637041266863,684.536999459564
70,26,70428,232.957999659226,492.547339126484,280.555205316067,499.059408189924
70,27,74791,193.663983634395,453.741559813346,268.540332392935,537.069981682288
70,29,69338,145.573956560616,351.959618102628,549.62801061467,760.614352880095
70,30,52281,184.767334213194,426.559304527457,280.957747556474,584.601078785792
70,31,65190,242.784890320601,597.928056450376,405.339791379046,410.455223193741
70,32,60381,204.939434590351,615.641079147414,355.464268561302,670.531276394892
70,33,61712,144.568058076225,299.298629115893,626.732742416386,630.980279362199
70,34,75558,152.581037084094,418.016570052145,448.952208899124,379.959342491861
70,35,77698,229.538752606245,557.04825092023,273.720340291899,620.389121985122
70,36,59414,305.904803581647,716.405359006295,598.132275221328,585.077725788535
70,37,55844,130.094441658907,439.611542869422,332.786279636129,724.025642862259
70,38,50473,209.477146196977,649.819527272007,461.572761674559,417.258613516137
70,39,70063,238.674236044703,600.703709518576,378.314074475829,556.981459543554
70,40,57467,245.808289975116,682.683627125133,416.49252614544,480.770111542276
70,41,59956,234.450196810995,629.469911268263,365.039278804457,459.241010074054
70,42,69136,266.423382897477,702.690870168942,419.581621731081,537.395351191854
70,43,85101,183.0658276636,268.486950799638,552.79862751319,567.86445517679
70,44,32307,267.986256848361,535.829634444548,494.438914167208,804.915807719689
70,45,43081,367.157726143776,669.896241962814,668.833313989926,599.539031127411
70,46,96599,192.376049441506,507.872679841406,349.240737481754,751.867617677202
70,47,55505,168.764543734799,401.608719935141,351.216557066931,570.08276731826
70,48,82024,252.302423680874,640.816261094314,674.815675899737,494.231151857993
70,49,49127,235.193132086225,505.663158751807,432.233272945631,582.709935473365
70,50,83537,242.681314866466,550.886661000515,305.795898823276,453.417731065276
70,51,50550,260.745835806133,659.374698318496,331.384451038576,552.297072205737
70,52,94883,283.60980365292,591.012815783649,603.868964935763,776.316853387857
70,53,111343,152.995042346623,369.326010615845,384.906657805161,436.650135167905
70,54,28254,217.711085156084,485.159021731436,581.669675090253,799.325794577759
70,55,87979,171.748474067675,402.203082553791,565.043396719672,797.501608338353
70,56,85641,194.751228967434,322.624338809682,377.269567146577,648.297544400462
70,57,80191,140.73477073487,310.276415059047,651.935666097193,574.487136960507
70,58,78119,175.21899921914,355.745554858613,642.028085356955,723.444040502311
70,59,72501,227.145818678363,622.420256272327,411.719424559661,748.736100191721
70,60,82295,162.025821738866,515.277088522997,712.95041010997,454.927601919922
70,61,104739,191.29753959843,485.564994892065,286.455140873982,673.776940776597
70,62,66931,182.080575518071,424.105048482766,299.937069519356,502.338004810925
70,63,84985,134.692922280402,344.058763311173,438.227510737189,739.298793904807
70,64,159616,161.769239925822,462.143957999198,750.387949829591,577.391132467923
70,65,76143,145.312937499179,355.999829268613,332.389989887449,529.132947217735
70,66,57849,301.88342062957,728.890922920016,519.942211619907,574.895607529949
70,67,73737,227.3921911659,486.085832078875,700.22125934063,740.192928923064
70,68,119319,156.028671041494,481.627159128052,454.160971848574,808.94190363647
70,69,72141,204.723541398095,299.467750654967,534.397208244965,471.253226320678
70,70,99297,215.376073798806,553.54767012095,364.424615043758,682.782289495151
70,71,79706,259.482259804783,559.630404235566,301.950806714676,559.907685745113
70,72,100589,172.381274294406,438.088230323395,377.925578343556,401.107944208611
70,73,83308,132.361357852787,350.304016420992,625.211312238921,447.741945551448
70,74,53999,187.191873923591,291.778292190596,416.822015222504,533.838404414897
70,75,32460,458.406561922366,311.685520640789,413.630683918669,586.652402957486
70,76,82495,147.541196436148,326.940469119341,470.22876537972,440.403539608461
70,79,74595,253.736751793016,677.398056169985,489.973630940412,726.806930759434
70,80,104603,143.592325267918,445.370744624915,636.32983757636,392.926139785666
70,82,92123,262.284228694246,522.80463076539,319.883840083367,500.252531940992
70,83,93983,225.035070172265,468.334709468734,376.953065980018,547.870827702882
70,84,59439,248.659684718787,581.225441208634,371.292854859604,446.11976984808
70,85,44978,258.238872337587,695.044399484192,565.423962826271,474.71775090044
70,86,78770,209.594909229402,562.415500825187,269.093068427066,527.081236511362
70,87,44160,126.604076086957,412.003509963768,716.783129528985,494.965919384058
70,88,57666,321.766604238199,554.19423923976,302.064197273957,505.468595012659
70,89,70516,236.455201656362,486.080931987067,354.961242838505,514.750893414261
70,90,16528,200.970776863504,475.126028557599,391.826657792836,604.91378267183
70,91,78436,215.151983782957,591.939211586516,629.520131062267,401.521342240808
70,100,24989,282.051862819641,453.517467685782,373.754211853215,432.734243066949
70,102,4603,152.740821203563,521.31436019987,398.134260265045,372.542255051054
70,103,49230,314.691671744871,503.380520008125,365.028316067439,630.841316270567
70,104,41524,279.927054233696,512.063963009344,315.506670840959,629.166385704653
70,105,37021,238.429864131169,521.272575024986,286.145809135356,589.652170389779
70,106,45734,275.680434687541,474.733174443521,331.496020466174,548.429286745091
70,107,23649,256.722271554823,504.423781132395,365.387669668908,573.423442851706
70,108,10562,300.524995266048,535.210376822571,286.501609543647,551.056712743798
70,109,11237,218.233425291448,480.630417371184,270.16855032482,621.861973836433
70,326,40555,265.665713228948,580.164689927259,724.814770065343,658.769794106769
70,327,33611,293.906399690577,610.842581297789,713.726339591205,627.245247091726
70,498,33258,153.110860544831,407.851163629803,352.040982620723,526.328131577365
71,3,123874,354.009654971988,605.843389250367,345.872297657297,476.530845859502
71,4,69120,221.488208912037,581.931626157407,728.117346643519,671.61986400463
71,5,72534,211.961287120523,632.435450960929,338.731077839358,554.828880249262
71,6,39298,276.729808132729,609.733803246985,722.523258181078,638.651636215583
71,8,49949,279.625978498068,663.048629602194,348.335482191836,512.858715890208
71,9,97655,296.243807280733,550.235645896267,324.77815780042,467.931165838923
71,11,145606,164.337795145804,448.286059640399,561.086067881818,358.775009271596
71,12,61818,230.619819470057,514.055550163383,579.826296547931,814.406904137953
71,13,141581,316.486936806492,653.587663598929,390.485474745905,511.870738305281
71,14,80724,226.249578811754,484.046912937912,297.818368762698,478.821862147565
71,15,28197,481.978047309998,319.360818526794,403.110401815796,604.816221583856
71,16,95837,186.349750096518,524.019157527886,407.507601448292,379.20371046673
71,17,78038,192.635882518773,455.602296317179,281.208513800969,518.711115097773
71,18,53919,257.623156957659,563.951148945641,317.944527902966,520.301748919676
71,19,65013,230.781136080476,678.72959254303,381.634857643856,654.259624998077
71,20,67607,242.3253509252,371.047879657432,695.699040040232,684.512387770497
71,21,79108,236.807149719371,601.380378722759,395.662575213632,525.829852859382
71,22,129088,155.661052925136,511.261170674269,449.381538175508,809.378733886961
71,23,54956,302.259443918771,546.364637164277,369.464426086324,569.583139238664
71,24,24766,273.182266009852,519.397601550513,401.758499555843,604.966445933942
71,25,69961,178.860007718586,417.393018967711,317.715755921156,490.730607052501
71,26,59709,296.36344604666,536.994054497647,394.305866787251,431.53633455593
71,27,100860,155.172337894111,356.995478881618,398.534870116994,440.566369224668
71,28,61031,175.078435549147,425.683242942111,292.147449656732,566.326620897577
71,29,67813,226.931443823456,623.916800613452,395.85955495259,429.178476103402
71,31,83867,197.400038155651,545.912945497037,342.165094733328,736.998700323131
71,32,79853,228.19752545302,581.767597961254,436.270008640878,388.021865177263
71,33,95267,213.073992043415,543.013194495471,476.018107004524,357.370841949468
71,34,63367,252.851720927297,681.022929916202,366.980778638724,595.967711900516
71,35,63965,239.696474634566,673.947049167513,446.500680059408,448.233674665833
71,36,89012,185.760335685076,372.2904215162,629.948950703276,755.165000224689
71,37,65971,196.27795546528,635.473101817465,349.974352366949,641.227675796941
71,38,89490,147.426729243491,357.619856967259,336.551000111744,538.901396804112
71,39,138347,161.823805358989,457.238436684569,757.75028009281,611.422394414046
71,40,61697,263.24432306271,623.659870009887,482.587467786116,780.130800525147
71,41,88495,255.755669811854,518.327849031019,340.284727950732,484.375727442228
71,42,54351,290.646777428198,703.887968942614,445.864013541609,500.124063954665
71,43,58395,209.120900762052,569.980734651939,492.964568884322,805.258292662043
71,44,49910,213.731997595672,581.306692045682,742.816469645362,589.444520136245
71,45,64863,237.022863573994,575.212694448299,280.353252239335,585.358679062023
71,46,79726,189.26796778968,266.130710182375,551.192822918496,605.168916037428
71,47,83256,185.066793984818,340.580738925723,368.00867204766,663.331375516479
71,48,72695,244.661737395969,282.131370795791,545.607579613453,503.963793933558
71,49,88443,202.910948294382,307.454292595231,491.411496670172,715.795574550841
71,50,52263,272.562730803819,496.031264948434,342.409123088992,633.708149168628
71,51,92654,142.891812549917,335.670343428238,550.515865478015,429.349720465387
71,52,83801,197.393503657474,432.655839429124,550.815145403993,811.715516521283
71,53,69634,241.922336789499,709.509980756527,418.653344630497,555.958870666628
71,54,93282,177.506485709998,305.056087991252,654.792210715894,604.886119508587
71,55,53322,471.157177150144,674.231592963505,622.391170623758,694.568583323956
71,56,58886,150.81248514078,403.358930815474,312.550419454539,628.939714023707
71,57,87726,160.642568907735,612.345439208444,346.452078061236,706.10359528532
71,58,40283,327.247796837376,664.179331231537,688.345033885262,599.957177965891
71,59,79928,248.525910819738,505.353718346512,694.721799619658,758.795278250425
71,60,63799,245.009482907256,661.434473894575,421.395727205756,725.516136616561
71,61,61224,150.854419835359,395.627335685352,474.886319090553,386.178737096563
71,62,47490,158.649989471468,411.136428721836,365.02851126553,528.156453990314
71,63,47529,354.145868837973,730.326074607082,552.525594899956,550.198363104631
71,64,110875,166.233001127396,422.594326944758,399.334719278467,396.130651634724
71,65,71591,155.319621181433,493.191755946977,733.874188096269,474.968976547331
71,66,77759,249.569078820458,624.457451870523,698.963103949382,493.828830103268
71,67,56000,144.990821428571,381.321982142857,535.410535714286,783.605303571429
71,68,53010,141.772533484248,303.159366157329,622.093340879079,663.684040747029
71,69,47636,321.743219413889,603.138760601226,606.157569905114,762.640020152826
71,70,59886,200.456717763751,629.832648699195,492.706926493671,392.781150853288
71,71,74974,134.912929815669,373.176621228693,424.127190759463,753.505228479206
71,72,44910,312.615453128479,709.079314183923,627.127120908484,569.602761077711
71,73,95291,186.16656347399,502.017084509555,288.512063048976,661.394958600497
71,74,66412,128.267331205204,325.246130217431,636.56851171475,474.022766969825
71,75,74966,241.052997358803,574.540578395539,399.877877971347,434.388509457621
71,76,62629,198.783774289866,578.145507672165,288.534033754331,494.985374187677
71,77,73336,274.86915021272,700.644758372423,507.59025580888,705.195688338606
71,78,73486,141.523990964265,414.61430748714,661.655920855673,415.855523501075
71,79,24814,202.890142661401,480.278592729911,389.152293060369,597.217739985492
71,80,72317,211.202995146369,290.982493742827,413.982963895073,557.649363220266
71,81,43325,265.091909982689,679.004085401039,602.623381419504,457.853618003462
71,83,68376,157.629665379665,306.023195273195,482.491356616357,459.252427752428
71,85,76053,179.704837416013,565.561227039039,660.73285734948,406.15735079484
71,86,60264,228.52727996814,529.694095977698,330.881504712598,422.050444709943
71,87,45929,273.573101961724,480.723529795989,333.900019595463,537.592719197021
71,88,26176,219.460268948655,489.36934596577,270.667863691932,603.946019254279
71,90,36538,132.381712190049,475.53949313044,323.19727407083,711.140045979528
71,93,5364,198.487509321402,529.130499627144,302.882363907532,451.090231170768
71,94,29243,222.369661115481,520.198816810861,365.115617412714,533.081318606162
71,100,89344,268.791245075215,564.763274534384,308.349212034384,634.80521355659
71,105,116069,154.326245595292,486.798120083743,372.561752061274,418.813266246801
71,106,6557,138.894463931676,499.528290376697,430.759036144578,358.917492755833
71,107,18330,271.383142389525,439.424768139662,390.675231860338,424.716475722859
71,108,46410,266.443094160741,598.731286360698,327.365007541478,583.5604826546
71,109,48291,243.653103062682,603.712555134497,364.140709448966,577.499720444803
71,110,61393,219.365025328621,572.346961379962,352.319743293209,631.316795074357
71,111,38016,234.49031986532,528.434580176768,289.442734638047,550.52564709596
71,112,50010,249.791481703659,486.351609678064,396.533853229354,542.40323935213
71,113,40375,272.070489164087,509.97986377709,309.175876160991,593.513164086687
71,114,89759,251.794739246204,458.787843001816,316.272162123018,586.7142459252
71,115,36561,263.570908891989,481.593118350155,370.275348048467,508.58671808758
71,118,14970,302.51910487642,543.184034736139,298.188176352705,518.073680694723
71,459,40745,161.460179163088,404.956043686342,355.390428273408,563.311081114247
71,843,26055,147.118096334677,462.050163116484,347.824832085972,456.254653617348
71,845,9936,122.192934782609,408.412338969404,733.029589371981,508.481280193237
72,1,67395,225.579583055123,632.147191928185,342.581571333185,530.666399584539
72,2,80480,237.813593439364,610.399030815109,358.806187872763,574.196272365805
72,3,69203,264.868416109128,605.291259049463,321.667947921333,571.829617213127
72,4,45986,368.435154177358,684.72991780107,581.034206062715,723.128386900361
72,5,49916,266.915758474237,382.013342415258,693.462036220851,706.08472233352
72,6,72953,240.137732512714,477.162460762409,313.890902361795,459.479500500322
72,7,45178,297.315905971933,554.443401655673,367.608791889858,559.878414272433
72,8,67532,236.131048984185,593.502798673222,729.693730379672,675.290751051353
72,9,106156,163.249670296545,411.272551716342,413.825944835902,397.247428313049
72,10,23451,540.162551703552,677.200332608418,662.016417210354,653.442625047972
72,11,75920,309.390252897787,581.178609062171,327.275579557429,502.412855637513
72,12,73926,261.975475475475,481.375605335065,333.323877931986,527.797162026892
72,13,80418,225.043671814768,598.956477405556,396.008418513268,506.840980874929
72,14,59344,200.46801698571,579.477268131572,749.627696144513,598.663790779186
72,15,149383,319.504669206001,653.820729266382,391.750754771293,500.974776246293
72,17,47641,427.760227535106,625.220692260868,376.515459373229,437.013601729603
72,18,50998,308.679575669634,601.663594650771,570.189105455116,795.739342719322
72,19,94051,174.770316105092,510.076224601546,424.122348513041,371.158743660355
72,20,99339,157.13890818309,480.422341678495,383.127381994987,413.338920262938
72,21,57783,240.869788692176,612.92175899486,412.612290812177,407.604053095201
72,22,38509,334.252200784232,664.445038822094,698.615518450232,598.304889766029
72,23,124054,157.078417463363,534.741112741226,437.02041046641,808.455583858642
72,24,188962,223.457139530699,458.062139477779,305.484875265926,582.933954975074
72,25,47926,302.156032216334,704.503442807662,455.739473354755,482.343446146142
72,26,68673,258.950985103316,276.244215339362,553.682655483232,529.211669797446
72,27,52932,209.812740875085,595.899682611653,495.173807904481,805.924941434293
72,28,100827,260.112172334791,516.370406736291,301.166572445873,574.433028851399
72,29,90963,146.906720314853,354.858316018601,343.317964447083,540.638314479514
72,30,145122,144.141508523863,427.246303110486,580.338577197117,372.642866002398
72,31,68599,227.169944168282,695.801032085016,379.314931704544,634.608274173093
72,32,99075,199.126560686349,525.669422154933,494.210456724704,353.184193792581
72,33,82447,207.36712069572,498.462127184737,327.809004572635,630.789816488168
72,34,79584,188.35881584238,454.894740148774,284.925738841978,504.664392340169
72,35,93669,196.155110015053,571.448803766454,331.088332319124,723.776895237485
72,36,78330,174.6890974084,415.535350440444,301.95672156262,556.764751691561
72,37,79631,209.739561226156,567.88685310997,451.190189750223,377.391229546282
72,39,34782,282.472600770514,648.160715312518,636.257202001035,725.26459088034
72,40,56082,252.263310866232,667.31639385186,455.973164295139,431.229217930887
72,41,52080,141.001900921659,310.626862519201,614.754397081413,687.962058371736
72,42,90890,205.535460446694,310.746825833425,655.84421828584,632.971900099021
72,43,67695,247.62139005835,716.176010045055,426.311677376468,534.251244552773
72,44,102370,189.245618833643,323.013138614829,481.1397772785,735.351020806877
72,45,25549,205.207640220752,499.193745352069,267.70409800775,605.142432189127
72,46,94427,162.129052071971,388.594183866902,622.671640526544,777.661082105754
72,47,70302,247.11998236181,688.698031350459,423.796122443174,708.144988762766
72,48,32161,252.637013774447,615.877771213582,727.824787786449,639.813438636858
72,49,61967,261.168993173786,693.593525586199,370.208288282473,570.133232204238
72,50,24412,312.226855644765,533.511142061281,396.175159757496,620.903490086843
72,51,72388,264.356951428414,652.772227441012,489.674241587003,770.774465381002
72,52,79109,186.931979926431,410.319344195983,337.794119505998,478.535349960182
72,53,67774,196.178224687933,648.586493345531,343.975285507717,617.023194735444
72,54,69425,193.694346416997,616.575830032409,510.211739287,381.68612171408
72,55,19292,162.024673439768,397.981961434792,354.956095791001,563.554685880158
72,56,77766,204.308373839467,451.027544170974,541.186366792686,820.726319985598
72,57,88017,181.674108410875,351.423122805822,360.749059840713,666.597430041924
72,58,53915,143.541185198924,399.990726143003,517.63199480664,796.747213205972
72,59,73742,160.161522605842,411.608649073798,306.450340375905,628.284288465189
72,60,70538,255.567963367263,617.900876123508,712.014063341745,496.981556040716
72,61,54034,236.017618536477,506.880168042344,352.885738609024,569.346985231521
72,62,74756,263.4031783402,523.396061854567,347.589598159345,474.757450906951
72,63,75930,152.258843671803,483.903700777031,745.175069142631,495.840734887396
72,64,70868,309.697169385336,537.348634080262,404.211520009031,417.723048484506
72,65,21848,196.28469425119,479.177270230685,383.586552544855,609.238786158916
72,66,144768,176.976417440318,456.411603393015,757.410705404509,629.314606819187
72,67,93101,162.179042115552,635.65936993158,340.313745287376,684.826156539672
72,68,90659,158.893821904058,350.291487883167,410.492537971961,444.249197542439
72,69,79274,189.722153543406,270.576771703207,548.683099124555,631.092136135429
72,70,82209,140.623398897931,321.654186281307,563.191986278875,450.827707428627
72,71,45564,307.865288385568,709.573983846897,640.10192257045,558.176433148977
72,72,59040,268.217750677507,545.303624661247,315.002625338753,504.053184281843
72,73,68056,134.754055483719,391.788042200541,412.073013400729,760.890913365464
72,75,64734,166.791284332808,296.002873296876,497.133700991751,478.981586183458
72,76,66684,198.499160218343,591.561918901086,293.187481254874,500.445204246896
72,77,45459,274.559163202006,667.939637915484,623.057480366924,451.536791394443
72,78,55696,279.188631140477,567.505583883941,404.045227664464,440.269803935651
72,79,58228,251.189221680291,578.084220649859,279.05548876829,566.806107027547
72,80,73452,290.290393726515,718.57666231008,521.711117464467,691.860167184011
72,81,71821,246.413959705379,534.276492947745,695.170757856337,761.64081536041
72,82,77861,134.955741642157,400.936938903944,675.396822542736,440.327442493675
72,83,67751,230.253915071364,294.38149990406,413.046169060235,577.248365337781
72,84,52078,270.86579745766,664.292733975959,350.693920657475,497.744172203234
72,85,67364,212.23215664153,533.829033311561,579.512766462799,824.271895968173
72,86,48144,126.412470920572,397.572490860751,736.30182369558,565.140183615819
72,87,35179,266.073538190398,521.127547684698,294.80002274084,507.922993831547
72,88,75652,140.173782583408,378.33507375879,491.352085866864,400.376103738169
72,89,47297,350.867666025329,735.408841998435,568.026978455293,540.829756644185
72,90,15207,242.113105806536,309.207601762346,392.496876438482,620.937002696127
72,92,60621,129.53923557843,315.279276158427,645.736592929843,506.048679500503
72,94,76380,180.101819848128,555.908261324954,683.078567687876,421.765697826656
72,95,38136,133.940187749108,498.447057898049,312.657279211244,708.092799454584
72,96,10550,279.290331753554,427.142843601896,392.371090047393,436.523886255924
72,97,12955,292.326669239676,339.928135854882,421.124739482825,617.630721729062
72,100,43807,251.318875978725,486.398543611752,380.85317415025,546.371515967768
72,101,36157,268.124070027934,481.404596620295,377.295267859612,509.546560831927
72,102,80931,292.913061743955,574.155675822614,301.366793935575,615.434431799928
72,103,53553,234.40066849663,570.234963494109,351.462215001961,612.864377345807
72,104,49616,206.880421638181,515.069110770719,279.908154627539,635.69590454692
72,105,44938,236.1010725889,528.224309048022,344.075548533535,405.734767902443
72,106,44651,301.058408546281,550.513784685673,338.324919934604,436.90246579024
72,459,51693,163.785638287582,399.164142146906,364.844388988838,523.01251620142
72,521,25917,233.018366323263,522.895898445036,282.677817648648,535.438245167265
72,843,29383,152.673246435013,468.97644896709,361.717523738216,452.686417316135
73,1,80178,223.829978298286,622.953278954327,339.127566165282,530.950422809249
73,3,72298,286.928711720933,572.40501811945,323.329787822623,514.152991784005
73,4,90902,243.78033486612,538.771435171943,302.510307804009,496.805295813073
73,5,164287,305.206522731561,653.769811366694,381.460523352426,508.322575736364
73,6,68574,219.188132528364,602.413494910607,355.223262460991,580.744888733339
73,7,38460,363.885855434217,672.398465938638,675.96890275611,653.186791471659
73,8,71178,247.692587597291,479.611326533479,312.111143892776,457.622551912108
73,9,66874,257.543140832012,595.764960971379,315.143000269163,583.835661093998
73,10,88568,222.306860265559,600.403655947972,392.232600939391,501.404299521272
73,12,71649,252.943907102681,589.257030802942,575.718167734372,807.874317855099
73,13,35016,228.98474982865,506.211617546265,288.517649074709,505.944796664382
73,14,94803,174.884307458625,512.094469584296,424.60526565615,370.177462738521
73,15,69168,254.064842123525,475.248771108027,326.222718598196,527.46029956049
73,16,61429,307.8528056781,687.356541698546,587.747350599879,728.747952921259
73,19,61868,211.974445593845,519.462775586733,586.132524083533,828.575547940777
73,20,85828,196.551381833434,562.646420748474,330.415482127045,731.073262804679
73,21,69916,221.173808570284,578.712669489101,738.737756736655,672.675553521369
73,22,58477,250.317954067411,574.86899122732,275.444687654975,572.504779656959
73,23,50894,199.057708177781,559.548119621173,756.066864463394,595.540299445907
73,24,77884,248.041150942427,270.181102665503,556.23866262647,529.025191310154
73,25,66064,249.439134778397,371.043245943328,698.457465488012,695.001559094212
73,26,72110,255.184606850645,521.501844404382,341.040174733047,479.420274580502
73,27,64943,332.115917034938,617.45138044131,378.226999060715,434.144326563294
73,28,38980,312.940174448435,652.43145202668,709.00864545921,594.509415084659
73,29,38147,263.886675230031,598.076310063701,738.127559178966,637.586415707657
73,30,131757,152.064307778714,485.891937430269,381.357172673938,410.247053287491
73,31,111527,160.548270822312,409.269217319573,408.961094622827,399.393967380096
73,32,83679,197.797093655517,434.334647880591,545.579882646781,820.939757884296
73,33,81209,148.545752318093,476.706522676058,746.241143223042,496.390547845682
73,34,54815,283.94620085743,704.502800328377,456.594399343245,482.920167837271
73,35,85950,192.915578824898,598.914299011053,293.342827225131,507.772181500873
73,36,102990,198.051208855229,528.763802310904,495.938168754248,350.968181376833
73,37,63685,236.221700557431,669.105519353066,454.900196278559,435.492973227605
73,38,76925,170.926460838479,397.88054598635,321.276087097823,541.402378940526
73,39,70393,146.921767789411,349.074297160229,342.604278834543,540.232835651272
73,40,78130,162.338627927813,408.856214002304,367.874580826827,532.138691923717
73,42,39470,236.707119331138,652.025487712186,651.946617684317,715.376083101089
73,43,77705,187.822611157583,339.026652081591,360.989473006885,660.897895888295
73,44,70668,266.996518933605,559.886653082017,363.986754966887,554.839686987038
73,45,76405,219.398036777698,571.845978666318,451.634814475492,375.520803612329
73,46,74866,250.189418427591,445.703203056127,754.892180696177,621.630366254375
73,47,63813,230.19014934261,610.247175340448,415.566890758936,405.52646012568
73,48,75764,182.911910669975,449.519534343488,286.023731587561,497.799139432976
73,49,82034,186.020101421362,645.268839749372,338.863203062145,620.1153789892
73,50,140905,147.601412299067,423.115453674461,580.528526312054,371.164082183031
73,52,89500,221.076089385475,478.51348603352,371.749631284916,505.62251396648
73,53,125979,157.293906127212,520.469879900618,437.267036569587,813.070321244017
73,54,66280,249.885274592637,693.212085093543,367.70608026554,576.863065781533
73,55,104243,189.08022601038,312.616626536074,478.920445497539,730.843327609528
73,56,51317,299.797708361751,704.140811037278,647.305610226631,556.317653019467
73,57,55537,143.795541710931,387.047355816843,519.85159443254,795.084322163603
73,58,82907,159.51557769549,402.967566068004,308.242862484471,625.322240582822
73,59,74901,251.145805796985,608.111280223228,716.140478765304,493.468017783474
73,60,91107,203.161096293369,307.438791750359,661.997870635626,630.424983810245
73,61,100241,159.015223311819,626.361209485141,339.22857912431,696.144461846949
73,62,52232,142.735851585235,301.926252105989,618.198786184714,684.208875784959
73,63,81861,216.357972660974,695.639718547294,378.90642674778,639.432904557726
73,64,79076,234.276480853862,300.208179472912,393.536458596793,585.973304163084
73,65,66465,240.514676897615,717.520153464229,426.499134883021,536.711035883548
73,66,73941,192.906236053069,618.193248671238,512.895389567358,381.957398466345
73,67,83616,169.065107156525,376.305443934175,629.446780520475,769.589217374665
73,68,80618,195.818440050609,408.641295988489,347.04207497085,471.410441836811
73,69,79228,188.63919321452,264.034369162417,547.195966072601,627.11586812743
73,71,71114,143.416486205248,316.89702449588,566.304145456591,447.571856455831
73,72,53213,314.529926897563,733.833762426475,572.630221938248,546.619115629639
73,73,57100,199.581453590193,583.734010507881,497.084991243433,814.458756567426
73,74,60068,288.094176599853,645.188736099088,490.869814210561,777.257374975028
73,75,87228,249.26610721328,527.82562938506,702.697929563902,759.130015591324
73,76,24217,315.799149357889,530.892678696783,380.92930585952,611.799520997646
73,77,72764,134.188939585509,381.277692265406,412.113558902754,762.265790775658
73,79,95740,157.697346981408,348.402715688323,403.868926258617,445.901013160643
73,80,58100,255.359845094664,683.720843373494,429.785576592083,720.758760757315
73,81,51676,258.736686276028,668.046481925846,625.99169827386,454.222598498336
73,82,72312,298.74431629605,716.519485009404,530.203507025113,696.261159973448
73,83,63482,125.127926026275,393.598248322359,738.34712201884,561.679704483161
73,84,59238,178.285458658294,293.506347277086,499.740200546946,472.962473412337
73,85,92281,167.762573010696,551.282853458458,681.677311689297,418.4351383275
73,86,66033,139.601714294368,403.993594112035,678.242075931731,436.097118107613
73,87,70960,147.168714768884,373.353819052988,485.766403607666,398.354918263811
73,88,56061,133.239863719877,310.759886552149,644.112770018373,501.475107472218
73,89,36515,133.145638778584,485.484184581679,311.767054635081,717.628399287964
73,91,11676,214.377783487496,430.517557382665,389.624272010963,432.445529290853
73,92,15,179,447.8,310.6,621.266666666667
73,93,8354,256.86437634666,349.019511611204,390.638975341154,613.596361024659
73,100,51708,270.59050823857,544.419393517444,406.544403187128,407.400073489595
73,101,60256,278.865789298991,559.590580191184,394.198287307488,447.213323154541
73,102,48676,219.449585011094,537.077245459775,339.163797353932,406.041005834497
73,103,62317,283.751432193462,559.669913506748,340.920519280453,442.031147198999
73,105,51905,251.395742221366,667.734129659956,348.152470860225,494.689490415182
73,106,38759,223.741195593282,516.644985680745,277.283211641167,543.275987512578
73,107,117075,210.602289130899,449.426427503737,295.904471492633,567.699671150972
73,108,100552,279.800391837059,562.694217917098,300.08746718116,623.943680881534
73,109,76372,227.290616980045,561.04386424344,341.94513696119,624.928088828366
73,110,57505,231.621511172941,500.376802017216,370.699765237805,552.986105556039
73,111,49776,228.155094824815,516.040642076503,342.420885567342,559.599465605914
73,112,59692,267.002378878242,507.445135026469,297.045399718555,576.597232459961
73,113,62473,198.028380260272,513.530661245658,280.646791413891,653.393674067197
73,114,15027,209.386038464098,492.821587808611,271.601583815798,621.639715179344
73,115,58998,212.804315400522,468.202278043323,316.110071527848,624.977253466219
73,116,25490,222.630561004315,456.734131031777,335.061945861122,597.179835229502
73,118,4894,252.18430731508,512.138536984062,369.327135267675,487.681446669391
74,2,100079,277.493130426963,561.54193187382,336.610018085712,450.168217108484
74,3,71336,213.37494392733,598.983066053606,348.22835594931,595.762153751262
74,4,60498,219.418443584912,621.227495123806,332.542265860028,529.628417468346
74,5,84348,262.03970455731,573.88197704747,315.174704794423,518.430905297103
74,6,83551,240.788979186365,486.685485511843,307.047635575876,462.810881976278
74,7,87849,168.890391467177,392.570080479004,330.926828990654,532.621873897256
74,8,34386,189.419007735706,475.919007735706,276.223230384459,642.046356075147
74,9,47599,318.61608437152,671.469841803399,682.70925859787,651.722263072754
74,10,99641,167.69277706968,401.596140143114,308.147098082115,623.831685751849
74,11,71492,162.935167571197,417.625958149164,368.673278129021,526.224892295641
74,12,68595,229.625468328595,571.596253371237,743.627013630731,672.304599460602
74,13,60273,195.059678462993,547.130207555622,761.008892870771,597.842533140876
74,14,99037,222.420620576148,507.036965982411,373.117269303392,543.302079020972
74,15,167524,292.309466106349,652.098284424918,375.085360903512,511.86518946539
74,16,95015,174.917023627848,514.517402515392,427.673935694364,369.052086512656
74,17,63342,247.877964068075,364.602743835054,701.918758485681,692.720090934925
74,18,96418,217.188636976498,442.061586010911,754.212263270344,624.560922234437
74,19,58456,147.719481319283,344.693667031614,342.465238812098,537.323850417408
74,20,96456,254.509724641287,560.651125901966,383.719239860662,458.570819855685
74,21,75968,254.192436288964,523.922125105307,336.24852569503,488.237284119629
74,22,82810,196.890556696051,556.937773215795,323.710047095761,731.056780582055
74,23,101904,214.328495446695,481.849318966871,370.531097896059,496.020862772806
74,24,69192,279.104737541912,689.38183605041,592.132168458781,732.53094288357
74,25,47053,226.727456272714,651.42541389497,659.138014579304,719.308290650968
74,26,110876,160.215168296115,406.354855875032,408.059282441647,397.307677044626
74,27,53520,281.30696935725,704.720272795217,452.678344544096,483.91913303438
74,28,66047,241.492467485276,690.814843974745,362.508456099444,576.972353021333
74,29,89572,212.736055910329,602.554760416201,386.476744964944,505.990566248381
74,30,63144,238.252232991258,669.253499936653,451.343912327379,436.207034714304
74,31,81770,238.421548245078,265.02394521218,558.024177571236,531.64577473401
74,32,84652,250.744388791759,567.297429475972,363.498854132212,561.558734583944
74,33,125463,152.656974566207,492.74370930075,377.625849852148,402.310625443358
74,34,70460,295.358912858359,608.257067839909,377.292534771502,435.428086857792
74,35,111554,156.948760241677,617.764858274916,335.668492389336,701.518161607831
74,36,84600,226.285023640662,588.429609929078,577.985508274232,814.959302600473
74,37,76728,213.057684287353,572.784889479721,452.814422375143,374.7245725159
74,38,96426,233.390672640159,526.180718893245,293.124437392405,510.620558770456
74,39,73080,237.686261631089,301.645347564313,385.135166940339,588.849370552819
74,40,31282,266.361805511157,530.432101528035,382.567770602903,605.583338661211
74,41,67543,250.666997320226,469.035695778985,321.182046992286,523.305997660749
74,42,83710,148.855489188866,469.775379285629,749.103285151117,498.58326364831
74,43,67177,219.203239203894,608.431725144022,415.641112285455,403.436429134972
74,44,34081,265.831254951439,588.701387870074,744.19556351046,636.696751855873
74,45,96740,185.669578250982,305.499421128799,473.340448625181,727.988505271863
74,46,199326,213.870749425564,447.630369344692,300.205778473456,580.243696256384
74,47,83376,198.5030824218,426.453032047592,545.791174918442,822.511933889848
74,48,72533,205.897508720169,509.455833896295,590.636537851736,831.344767209408
74,49,36455,314.365491702098,646.023535866136,715.526100672061,592.384803182005
74,50,63786,269.517746841,645.002430000314,487.558100523626,783.159517762518
74,51,92848,194.331444942271,301.247210494572,662.706746510426,629.885371790453
74,52,49097,137.948163838931,480.718271992179,307.869095871438,717.094486424832
74,53,68698,264.743820780809,542.151212553495,403.659626189991,414.492095839762
74,54,99731,200.147917899149,533.762531208952,497.878282580141,350.288415838606
74,55,105158,247.323066243177,501.204910705795,297.689162973811,589.813271458187
74,56,78862,179.645520022317,448.002954528163,285.715680555908,494.737110395374
74,57,64687,193.707452811229,337.149102601759,358.471563065222,661.899547049639
74,58,149657,147.972831207361,419.750623091469,583.526530666791,370.408781413499
74,59,95369,155.678774025102,344.380501001374,405.631158971993,444.041061560885
74,60,53577,141.278533699162,297.337943520541,617.851895402878,686.416428691416
74,61,130846,158.024257524112,506.747818045641,432.685867355517,815.924407318527
74,62,87855,167.138876557965,367.65626316089,632.747515793068,766.437015536964
74,63,81363,181.043447267185,634.089623047331,326.99567370918,624.842090385064
74,64,75415,151.093177749785,309.805529403965,565.750155804548,446.965961678711
74,65,74897,190.931586044835,615.803837269851,516.112487816602,380.513184773756
74,66,80600,133.421377171216,375.646712158809,410.234615384615,763.376935483871
74,67,80447,237.499596007309,602.731065173344,720.613720834835,493.14809750519
74,68,88033,216.053332273125,414.39974782184,353.156736678291,465.45052423523
74,69,64711,216.344871814684,694.143978612601,377.084823291249,650.448316360433
74,70,55818,141.265989465764,376.940503063528,516.964581317854,794.203966462431
74,71,56073,306.548517111622,732.584862589838,575.981702423626,546.645462165392
74,72,54572,298.088232060397,701.310598841897,652.131477680862,554.392197463901
74,73,68667,241.257911369362,715.08809180538,423.299867476371,533.590356357493
74,74,69089,186.000376326188,258.884931030989,546.784915109496,626.940439143713
74,75,2,239,570.5,280.5,627.5
74,76,91683,261.6763740279,521.262131474755,708.270682678359,759.917618315282
74,77,71613,190.265496488068,601.206959630235,289.229134375044,517.418694929692
74,78,150589,219.654855268313,543.097370989913,333.887860335084,625.614580082211
74,79,71876,280.473607323724,718.311773053592,533.222925594079,695.949858088931
74,80,60246,241.121452046609,684.753095641204,428.526624174219,723.510208146599
74,81,59656,193.634303339144,582.178003888963,493.563732063833,819.589479683519
74,82,78138,178.575277073895,440.048951854411,328.010954977092,631.917863267552
74,83,50152,254.570705056628,666.736899824533,629.240987398309,454.792789918647
74,85,64973,125.723900697213,391.03655364536,740.794868637742,562.541024733351
74,86,78201,136.253168118055,398.823020165983,682.219306658483,439.357297221263
74,87,52958,233.587257826957,500.341176026285,342.541202462329,567.691321424525
74,88,56880,192.275632911392,287.348909985935,497.400632911392,473.669092827004
74,89,56299,141.237926073287,305.922130055596,646.272775715377,504.996039006021
74,90,69553,152.808937069573,370.151654134257,489.275703420413,394.286328411427
74,91,15653,189.764262441704,438.451798377308,394.311314125088,420.703379543857
74,92,90395,163.345539023176,551.461861828641,682.497405829968,416.76330549256
74,93,5394,283.581386725992,358.744901742677,378.316091954023,618.0730441231
74,100,96443,268.778594610288,550.459110562716,296.637433509949,623.464585299089
74,101,35335,275.270468374133,569.572039054762,272.974020093392,574.280543370596
74,102,47793,260.25390747599,581.255644131986,308.716715837047,576.902998347038
74,103,50694,199.434666824476,510.125221919754,280.989584566221,659.090839152562
74,104,53657,245.985630952159,668.831410626759,345.219803567102,501.665132228787
74,105,51618,210.636347785656,544.968693091557,339.924599945755,402.548355224922
74,107,16809,239.734665952763,496.733000178476,287.279314652865,513.386281158903
74,108,29488,218.550155995659,508.362249050461,278.959542864894,554.780012208356
75,1,198273,264.864721873377,544.284093144301,296.058681716623,630.555385756003
75,2,87652,247.406299913293,493.965397252772,351.506674120385,566.339125176836
75,3,49536,281.019016472868,592.459484011628,743.05010497416,646.758377745478
75,4,50817,228.603695613673,555.162701458174,759.574748607749,599.751185626857
75,5,6617,301.8343660269,481.34819404564,294.016926099441,492.207798095814
75,6,78073,205.444033148464,555.371921150718,318.700178038502,734.757483380938
75,7,94006,290.131874561198,560.241569687041,333.090164457588,453.955024147395
75,8,87304,276.568851369926,569.690094382846,378.097234949143,460.454698524695
75,9,102057,223.909481956162,597.59917497085,381.732737587819,509.77777124548
75,10,95632,216.830924795048,591.513436924879,579.501035218337,819.475907645976
75,11,45731,237.595438542783,567.25013666878,746.309986661127,678.284905206534
75,12,65847,228.762980849545,670.227694503926,452.344586693395,432.458973073944
75,13,53245,276.692234012583,365.216414686825,698.817165931073,697.105305662503
75,14,99117,242.404067919731,490.774085172069,375.047862626996,493.446270569125
75,15,78468,265.158268338686,524.531554264159,325.370469490748,498.247209053372
75,16,119430,258.991358955036,578.197940216026,306.439504312149,513.748296073014
75,17,142074,155.309078367611,504.490870954573,429.384102650731,820.748813998339
75,18,99698,193.210415454673,438.755421372545,329.154917851913,615.590282653614
75,19,81464,174.476345379554,379.733366885986,333.67666699401,533.509206520672
75,20,38762,289.871368866416,400.210618647129,736.198596563645,650.016923791342
75,21,72581,226.890990755156,302.414736639065,380.146250396109,592.453851558948
75,22,99444,166.648847592615,490.538835927758,379.303406942601,397.553949961788
75,23,47169,322.418219593377,676.72969535076,684.868345735547,651.972863533253
75,24,71559,164.800360541651,414.428164172221,371.578976788384,515.540672731592
75,25,60802,141.769843097267,373.875579750666,514.027268839841,797.093779809875
75,26,105342,159.040582104004,616.527330029808,327.053065254125,705.214624746065
75,27,102381,188.492991863725,514.995663257831,430.645402955627,368.582442054678
75,28,77889,279.18311956759,697.121031211082,591.811642208784,735.200554635443
75,29,79579,193.620239007778,507.10629688737,587.700448610814,838.981565488383
75,30,114573,189.969451790561,506.6387543313,280.831600813455,673.276286734222
75,31,82059,214.144310800765,621.749606990093,323.890213139327,528.971386441463
75,32,106555,208.062624935479,532.341917319694,502.587612031345,350.419595514054
75,33,86195,163.648193050641,403.184453854632,295.083844770578,625.204652242009
75,34,81956,211.472729269364,574.954170530529,456.153057738299,373.47098443067
75,35,53610,220.97815706025,658.418559970155,659.845849654915,722.317590001865
75,36,58361,270.392470999469,706.448467298367,452.143589040626,479.099158684738
75,37,59409,144.449628844115,296.926963928024,613.938443670151,691.56533521857
75,38,97738,266.636425955104,499.838425177515,299.909339253924,588.539677505167
75,39,167749,292.446089097401,650.503985120627,372.28699425928,503.417153008364
75,40,28470,284.600245872849,490.795785036881,392.170425008781,593.620723568669
75,41,67810,217.962188467778,693.753502433269,367.023742810795,652.927459076832
75,42,67250,259.099211895911,470.552758364312,328.852505576208,518.818676579926
75,43,76966,237.064119221474,263.216810020009,559.441922407297,536.827534235896
75,44,39285,298.104289168894,648.487947053583,718.523914980272,591.390938017055
75,45,68400,288.614985380117,601.340014619883,390.633698830409,427.595453216374
75,46,81894,221.928028915427,596.830988839231,342.172369160134,598.043873788067
75,47,93184,205.125933636676,300.65378176511,660.680181146978,635.434366414835
75,48,83834,186.370684924971,632.181298757068,318.715902855643,618.709723978338
75,49,68914,260.989885944801,491.591476332821,764.210842499347,597.830092579157
75,50,64846,253.425500416371,687.84285846467,424.827329364957,727.417311784844
75,51,54281,151.89272489453,341.239918203423,340.286509091579,540.580092481715
75,52,140041,152.462278904035,415.606743739333,587.228190315693,370.926899979292
75,53,75862,219.387321715747,610.172062429148,416.53030502755,398.488202262002
75,54,89446,192.181394360843,425.225722782461,547.381380944928,826.49309080339
75,55,103359,194.887682736869,304.924002747705,467.556932632862,729.614740854691
75,56,56186,286.098814651337,705.949346812373,649.512280639305,552.854145160716
75,57,62854,278.026283132338,649.373436853661,481.290116778566,785.534651732587
75,58,92842,279.760507098081,515.794155662308,713.498115077228,759.03249606859
75,59,78859,255.932943608212,604.924941985062,720.854347633117,491.984478626409
75,60,21101,193.834083692716,465.0518932752,277.619117577366,645.646604426331
75,61,106493,153.353159362587,343.681763120581,407.89749561004,442.512071215948
75,62,124349,165.751168083378,409.658163716636,409.167214854965,395.590000723769
75,63,72178,239.237038986949,692.52768156502,356.283008673003,576.09295076062
75,64,77021,193.814050713442,619.059944690409,521.777086768544,379.363043845185
75,65,69567,186.09704313827,582.949573792172,488.5266146305,825.092371382983
75,66,62713,200.228549104651,331.609570583452,357.436847224658,656.806403775932
75,67,81635,176.402523427451,368.699283395602,633.877773014026,769.187799350769
75,68,90368,260.467588084278,570.524931391643,362.315952549575,562.283086933428
75,69,170674,205.067010792505,430.224099745714,299.768107620376,563.667020167102
75,70,69738,164.466288106914,469.433035074135,752.081634116264,503.185092775818
75,71,56215,291.013644045184,737.484657119986,575.13756114916,543.194467668772
75,72,79850,245.985322479649,545.573813400125,401.337257357545,409.779474013776
75,73,83900,248.10547079857,516.391275327771,286.365756853397,505.306817640048
75,74,68849,235.428953216459,718.844122645209,420.101642725385,525.043733387558
75,75,106824,225.097665318655,540.475791956864,341.799801542724,606.774020819292
75,76,64933,152.561363251351,307.859793941447,569.301017972371,448.520582754532
75,77,63739,191.783554809457,259.332590721536,545.852460816768,631.814775882897
75,78,75734,135.031993556395,376.25621253334,409.554453746006,766.72174980854
75,79,79395,235.09925058253,413.000743119844,352.148535802003,464.212658227848
75,80,68832,153.479341004184,367.306485355649,494.292669107392,397.146196536495
75,81,49619,238.596263528084,669.975755255043,630.496906426974,455.934460589693
75,83,51390,135.93749756762,400.91097489784,746.167406110138,583.665304533956
75,84,71000,295.147647887324,728.00438028169,527.642830985915,688.525028169014
75,86,84921,183.100893771859,439.214528797353,286.243920820527,494.19773672001
75,87,68633,135.018096251075,398.132414436204,685.030816079728,442.417452246004
75,88,70423,190.740709711316,283.963364241796,502.803132499325,479.382147877824
75,89,56635,140.814037256114,308.008722521409,650.431076189635,507.178988258144
75,90,82807,166.519352228676,551.817696571546,685.788314997524,418.319985025421
75,92,24557,134.349513377041,484.751639043857,304.50437757055,722.487152339455
75,93,54277,191.105256370102,606.291799473073,286.991248595169,515.62731912228
75,100,72209,236.818789901536,511.073564237145,275.542716281904,553.701283773491
75,101,65607,235.658313899431,517.031353361684,372.975505662505,534.257609706281
75,102,77086,217.257504605246,548.462703992943,339.769711750512,407.725644085826
75,103,59674,277.898180111942,576.208801152931,299.615862854845,579.177145825653
75,104,45708,272.610287039468,574.187932090662,266.316924827164,571.841056270237
75,105,39443,258.610323758335,673.549577871866,343.289937377989,506.706817432751
75,107,86555,248.232915487262,486.347258968286,308.69562705794,456.153336029114
75,200,4569,149.974830378639,479.342087984242,448.556358065222,356.098489822718
76,1,45706,247.003478755524,576.302323546143,728.111648361265,561.97840546099
76,2,50328,276.536142902559,598.591062629153,719.441205690669,610.341618979495
76,3,57285,189.667260190277,377.611207122283,693.061604259405,652.5599546129
76,4,107240,316.181266318538,508.604606490116,323.515973517344,645.022137262216
76,5,76155,262.73577572057,519.951283566411,320.034718665879,512.467887860285
76,6,101828,280.830017284048,566.809246965471,315.615636170798,475.371322229642
76,7,56823,223.128891470003,659.731305985252,366.582299421009,674.564771307393
76,8,96687,199.780218643665,574.556724275239,587.106756854593,791.882900493345
76,9,156546,291.713573007295,637.051633385714,361.383567769218,535.600539138656
76,10,87036,215.537754492394,516.755928581277,350.171538214072,735
76,11,55729,256.709558757559,648.688977013763,417.780886073678,732.395682678677
76,12,47909,309.742219624705,672.86797887662,658.816986369993,635.256841094575
76,13,49917,276.179538033135,468.463789891219,337.054610653685,542.947793336939
76,14,91811,260.198832383919,549.813834943525,271.604568080078,616.308285499559
76,15,67383,246.666711188282,612.253654482585,476.715358473205,782.560586498078
76,16,71714,277.850112948657,568.397746604568,375.259084697549,595.21372395906
76,17,117595,172.937556868914,438.581521323185,391.3572345763,404.224490837195
76,18,56511,144.608093999398,313.015766841854,619.967263010741,639.389287041461
76,19,62308,216.883289465237,604.334884766001,317.02277396161,558.041904731335
76,20,64070,232.078913688154,512.111737162479,738.307491805837,553.176822225691
76,21,95873,200.117467900243,301.237053184943,494.772031750336,683.588799766358
76,22,112913,179.783674156209,535.943310336277,399.055857164365,387.955585273618
76,23,84786,215.592739367348,590.192260514708,422.737963814781,398.327235628524
76,24,79004,198.930750341755,483.886499417751,603.800845526809,796.805402258114
76,25,62516,163.948141275833,415.423539573869,721.810400537462,603.338841256638
76,26,52256,338.172592620943,656.24975122474,682.853739283527,568.907685241886
76,27,61323,247.832933809501,705.248976729775,405.948339122352,558.777913670238
76,28,66512,142.373090570123,361.015019846043,543.37142169834,754.116715780611
76,29,56766,284.092995807349,703.813444667583,431.979811859212,508.262921467075
76,30,97760,205.367358837971,560.476360474632,471.948404255319,364.949918166939
76,31,66765,169.840994533064,431.44951696248,386.78175690856,512.427409570883
76,32,70527,172.571313114126,502.008323053582,718.332581848087,473.095084152169
76,33,74772,263.119790830792,561.23226608891,305.830712031242,543.652677472851
76,34,67306,150.733887023445,325.225982824711,655.21570142335,584.966540873028
76,35,77581,261.544888568077,673.186308503371,576.442556811591,729.325015145461
76,36,69445,235.860249118007,670.58518251854,422.766102671179,458.347426020592
76,37,75886,175.094497008671,368.451295364099,641.438170413515,717.522929130538
76,38,99188,158.989686252369,365.863713352422,404.605002621285,432.246743557688
76,39,85099,136.025981503895,357.035394070436,441.302917778117,736.083349980611
76,40,109059,238.230544934393,524.133606579925,366.144765677294,605.644486012159
76,41,60916,164.578534375205,404.941575283998,468.144329896907,388.930773524197
76,42,94498,184.123092552223,407.613441554319,571.703475205824,785.712438358484
76,43,66685,255.179770563095,668.678248481668,352.213181375122,606.064827172528
76,44,92171,279.867810916666,508.103188638509,706.825357216478,719.542654414078
76,45,131594,176.675973068681,462.153517637582,551.611654026779,361.036681003693
76,46,83536,251.090152748516,502.672177264892,280.611867937177,513.948800517142
76,47,56745,269.093347431492,411.341457397127,326.419966516874,612.989426381179
76,48,67721,216.284372646594,326.178615200602,390.125455914709,642.030684721135
76,49,37141,170.256939770065,390.877816967771,352.274736813764,527.923157696346
76,50,81146,182.606055751362,280.1632736056,554.209277105464,586.129667512878
76,51,104602,263.052675857058,477.339830978375,315.741448538269,594.90665570448
76,52,54782,201.074020663722,581.899638567413,270.655452520901,550.652878682779
76,53,69180,191.210595547846,639.695938132408,492.801315409078,399.859366869037
76,54,70172,212.544291170267,309.023143134014,405.076013224648,570.12475061278
76,55,85508,246.608200402302,421.812555550358,357.275611638677,468.975943771343
76,56,82854,260.420643541652,628.092994906703,675.791283462476,477.004731213943
76,57,74939,277.505144183936,701.431791190168,510.015185684357,696.686771907818
76,58,48395,226.389296414919,641.594441574543,648.643537555533,707.480648827358
76,59,69155,223.009384715494,500.053676523751,300.513701106211,458.196486154291
76,60,24500,289.579632653061,473.156979591837,411.878244897959,597.359142857143
76,61,85126,253.551323919836,566.345006226065,374.313817165143,449.580833117966
76,62,86161,238.386543795917,590.978621418043,379.901614419517,538.31727811887
76,63,28226,279.141288174024,471.80202650039,293.272691844399,492.582016580458
76,64,82110,145.440579710145,347.130909755206,552.774789915966,424.169711362806
76,65,54051,252.014319809069,707.316423377921,616.194853009195,555.184788440547
76,67,68498,226.970670676516,621.606265876376,382.45106426465,426.689742766212
76,68,62100,270.621497584541,439.547053140097,295.493526570048,528.104573268921
76,69,30943,193.228516950522,452.404808842064,293.726691012507,652.173609540122
76,70,68663,139.47476807014,430.647728762215,727.563170848929,534.469612455034
76,71,66342,194.770733472009,297.596243706852,557.662536553013,499.743872659853
76,72,59148,233.69982078853,438.059613173734,375.057026442145,594.638347873132
76,73,76040,150.522435560231,437.991491320358,658.456654392425,413.571015255129
76,74,80063,163.209422579718,578.153054469605,341.64003347364,696.832219627044
76,75,72452,200.277770109866,601.91275603158,335.826284988682,634.1467592337
76,76,50312,308.763157894737,729.272121958976,542.108522817618,556.002623628558
76,77,69388,194.96356718741,549.483023001095,500.53084106762,809.112151957111
76,78,120778,169.485485767275,477.329836559638,449.096582159002,800.080271241451
76,79,62800,136.901464968153,353.046178343949,638.562563694268,468.93178343949
76,80,99971,245.164507707235,512.693951245861,380.759920376909,543.395494693461
76,81,56128,249.733163483466,659.523161345496,326.917581242873,550.74538554732
76,82,68046,156.024968403727,313.866061193898,495.77516679893,457.088146254005
76,83,41796,194.483204134367,517.835558426644,362.259689922481,421.743300794334
76,84,54755,225.385882567802,683.109487718017,582.928737101635,463.025787599306
76,85,76327,202.079395233666,580.172625676366,638.285036749774,397.68507867465
76,87,61610,264.436617432235,582.707352702483,367.63109884759,492.197549099172
76,88,66750,255.042202247191,492.910876404494,357.324,572.409453183521
76,100,64558,322.999953530159,609.148161343288,376.107902970972,455.840840794324
76,101,47932,247.24470082617,581.438391888509,354.172473504131,612.23689810565
76,102,36976,251.847820207702,505.890794028559,379.782291215924,497.276503678061
76,103,51024,187.416392285983,556.136386798369,313.171879899655,426.637366729382
76,104,49359,236.445977430661,495.342571770093,286.349135922527,580.567393990964
76,207,106412,204.034375822276,480.708754651731,302.130483404127,677.849124158929
76,492,36894,148.301675069117,355.763864042934,355.284436493739,526.186100720984
76,494,27093,184.476765216107,402.577086332263,325.062525375558,642.465027866977
76,496,26609,142.200571235296,459.765981434853,338.376301251456,709.036641737758
76,567,45340,257.888707543008,573.118857520953,728.080524922805,642.527326863697
76,621,24108,237.903227144516,602.197195951551,288.05574912892,582.962502074
76,689,54312,205.105114891737,432.252062159375,286.954043305347,492.393835616438
77,1,122639,246.909237681325,566.418912417746,290.623912458516,547.793352848604
77,2,50579,306.278040293402,598.53231578323,717.97775756737,611.502145159058
77,3,60724,233.432942493907,570.951748896647,728.072080231869,645.588498781371
77,4,42829,263.133951294684,584.165938966588,725.390786616545,560.964229844264
77,5,120346,260.103667757965,586.235512605321,361.924816778289,499.370872318149
77,6,122976,172.298985167838,434.76300253708,381.504472417382,404.304839968774
77,7,72034,221.813796262876,516.458200294305,741.040022767027,554.606769025738
77,8,116426,231.985432807105,524.121922938175,350.09131980829,595.370716163056
77,9,87720,257.478875968992,672.66084131327,571.555141358869,738.928248974008
77,10,48207,194.071130748646,370.779264422179,689.468521169125,657.243014499969
77,11,88805,271.180507854287,469.400900850177,328.710973481223,548.053127639209
77,12,59747,265.506385257837,664.258992083285,329.983831824192,560.83922205299
77,13,67390,235.208606618193,436.534693574714,358.288321709452,586.919557797893
77,14,110835,245.624261289304,502.573844002346,275.502124780078,519.27843190328
77,15,61178,210.044149857792,616.570924188434,308.292343652947,556.944162934388
77,16,90203,267.936787024822,539.768444508498,265.697116503886,633.380641442081
77,17,76293,222.460409211854,591.982934214148,413.037041406158,401.912141349796
77,18,64646,216.473811218018,650.469062277635,355.865560127463,684.889753426353
77,19,86871,219.080049728908,507.189177055634,339.601903972557,733.049487170632
77,20,94654,273.763338052275,576.591955965939,314.916770553806,479.879476831407
77,21,89593,217.135948120947,562.156094784191,456.555880481734,367.550210395901
77,22,44755,293.030499385544,673.796313261088,655.788805720031,645.898067255055
77,23,84588,208.565470279472,299.495046578711,486.575117037878,684.002612663735
77,24,104146,199.742668945519,574.701832043477,581.654004954583,798.92246461698
77,25,90023,262.60097974962,524.469213423236,317.143341146152,511.534274574275
77,26,75474,237.944841932321,558.960224713146,370.972864827623,446.359448286827
77,27,96145,366.580186177128,635.467502210203,358.547891205991,536.996411669874
77,28,99953,192.069802807319,545.135453663222,389.251508208858,390.850719838324
77,29,82723,136.705511163763,352.54469736349,435.703395669886,735.535002357265
77,30,67488,238.049193930773,640.689441085823,403.86707266477,742.149063537221
77,31,137741,187.176606820046,465.836577344436,540.872332856593,356.122396381615
77,32,70134,270.557718082528,566.264351099324,368.203995209171,600.366555450994
77,33,55537,138.698291229271,306.846660784702,613.156886400058,639.781100887697
77,34,58936,170.118518392833,409.328525858558,459.44636554907,385.453983982625
77,35,93065,264.386342878633,421.615301133616,356.644399075915,460.16547574276
77,36,107947,267.629401465534,508.632551159365,710.59449544684,718.203655497605
77,37,74052,233.80817533625,609.400151245071,463.336695835359,787.471776589424
77,38,29713,183.815400666375,564.920876384074,372.185137818463,740.769360212701
77,39,64901,141.657077702963,353.907705582349,536.201999969184,754.813993621054
77,40,72181,210.882559122207,477.259458860365,595.197198708801,803.628531053878
77,41,73027,182.455091952292,429.338641872184,379.469620825174,503.575252988621
77,42,69506,234.572741921561,671.330043449486,415.871521883003,463.272235490461
77,43,67643,153.293245420812,320.020844728945,651.620197211833,584.994367488136
77,44,110564,217.09935422018,407.991859918237,322.540619007995,615.894423139539
77,45,70320,170.073492605233,409.391951080774,720.71002559727,598.994994311718
77,46,96769,189.089646477694,402.440058283128,565.834626791638,790.986565945706
77,47,60743,265.315476680441,705.591574337784,426.826696080207,513.873697380768
77,48,110158,224.709235824906,427.043128960221,291.611612411264,515.246491403257
77,49,76997,181.899853241035,362.866488304739,634.520370923542,721.355260594569
77,50,131865,164.36386455845,469.482129450574,440.147514503469,802.662033139954
77,51,77751,206.144602641767,309.580455556842,392.141052848195,573.34330105079
77,52,79630,182.568215496672,277.016049227678,549.390707019967,585.148624890117
77,53,49315,283.484659839805,708.853127851566,613.305180979418,565.885308729595
77,54,82145,169.111327530586,383.977344938828,346.170113823118,532.716805648548
77,55,46970,341.713093463913,658.25782414307,678.802703853524,573.414945710028
77,56,84572,259.900144255782,630.86320531618,670.883483895379,475.531688975074
77,57,58400,196.08904109589,641.298510273973,478.161301369863,402.234606164384
77,58,57339,304.368858891854,730.825650953103,537.844102617765,561.488114546818
77,59,42028,248.835228895022,504.079732559246,368.635552488817,547.194513181688
77,60,99591,159.732054101274,365.328664236728,395.809089174725,433.532989928809
77,62,73192,168.472059787955,502.830828505848,715.63206361351,468.01016504536
77,63,85335,191.116294603621,587.935653600516,320.431499384778,662.782398781274
77,64,46274,166.949950296063,505.538466525479,378.71381337252,416.315641613001
77,65,79862,206.763204026946,323.898637649946,382.451416192933,637.548709023065
77,66,60672,241.263235100211,709.714613001055,402.102716244726,568.458877241561
77,67,52315,239.402542291886,641.817910733059,645.64096339482,715.119487718628
77,68,98616,332.997231686542,500.010109921311,320.628721505638,657.314492577269
77,69,65920,229.466990291262,567.101289441748,336.738895631068,633.017854975728
77,70,69244,222.542155276992,500.205562936861,277.517878805384,585.705375194963
77,71,98438,194.599280765558,470.472266807534,298.542778195412,687.252879985371
77,72,65699,291.837364343445,702.082101706266,504.132665641791,701.183914519247
77,73,76061,148.886078279276,348.493801028122,550.212066630731,419.126451137902
77,74,56568,239.824847970584,686.386366850516,577.798331211993,463.183584358648
77,75,69515,138.131352945407,354.706869021075,636.350960224412,466.869265626124
77,76,105544,238.752046539832,461.979809368605,299.293858485561,594.46579625559
77,77,68551,250.352525856661,666.629341658036,339.222053653484,612.238450204957
77,78,69733,235.260020363386,501.712517746261,299.664792852738,456.753818134886
77,79,78033,193.15554957518,544.801353273615,492.426178667999,816.276459959248
77,80,77346,147.513730509658,437.687443435989,654.464665270344,412.702983994001
77,81,59967,212.376473727217,294.282055130322,552.797188453649,500.291460303167
77,82,53612,208.886573901365,621.667126762665,374.717040960979,423.724707155115
77,83,62039,139.078885862119,430.813488289624,727.407405019423,525.578958397137
77,84,73960,158.313439697134,313.463899405084,494.061114115738,456.015873445105
77,85,78288,203.702981299816,579.451435724504,631.664980584508,396.495746474555
77,86,15849,240.586977096347,463.329358319137,399.19446021831,592.667676194082
77,87,58043,230.719862860293,582.72701273194,356.727116103578,555.883310649002
77,88,28231,231.506358258652,605.285891395983,282.663561333286,600.108143530162
77,89,19807,281.985712121977,478.635431918009,296.734588781744,494.906144292422
77,90,27078,252.101336878647,501.778713346628,329.469126227934,567.485486372701
77,100,71962,311.021414079653,609.88361913232,379.507490064201,458.806050415497
77,101,60817,190.303845964122,583.721179933242,264.949997533584,545.663367150632
77,102,40079,210.287207764665,569.017166096958,309.415753886075,437.215773846653
77,104,110744,235.29276529654,501.867414938958,372.831277540995,503.29837282381
77,200,19553,168.347363575922,530.903493070117,328.04889275303,429.77087914898
77,343,25033,207.432389246195,605.473734670235,318.735908600647,615.766628050973
77,492,63408,145.891338632349,352.080415720414,344.198034948272,539.421792202877
77,494,32037,161.584511658395,383.795143115772,319.827168586322,642.655398445547
77,496,6549,139.654756451367,453.389067033135,333.088715834479,724
77,689,37185,189.995724082291,449.123705795348,277.029339787549,479.89839989243
77,776,9001,182.003999555605,445.541384290634,290.143984001778,649.5676035996
78,1,94074,279.324021514978,576.096285902587,322.424910177095,482.431521993324
78,2,54562,275.393387339174,589.284666984348,724.74584875921,623.376434148308
78,3,88023,219.121945400634,511.217761266942,334.001181509378,738.612146825262
78,4,63964,220.31477080858,578.433493840285,731.576965167907,568.994074792071
78,5,73301,215.278099889497,616.142835704833,313.429257445328,551.927859101513
78,6,60877,234.255909456773,559.999129392053,733.652216764952,655.078091890205
78,7,127212,343.276137471308,631.790365688772,363.336572021507,536.420479200075
78,9,115877,245.286165503077,468.904243292457,297.529207694366,590.153429930012
78,10,119494,196.988476408857,485.24622156761,297.369022712437,691.899718814334
78,11,90135,261.110689521274,524.077239696012,318.888445110113,501.536661674155
78,12,92231,281.065856382344,599.585085275016,385.571163708515,450.742743762943
78,13,118776,176.369771671045,425.556627601536,384.715548595676,403.04702970297
78,14,90051,232.778614340762,418.2685478229,314.458673418396,616.794694117778
78,15,73988,215.81905173812,473.17633940639,595.562888576526,809.762028977672
78,16,82726,263.296569397771,669.406824940164,578.163310204772,742.376012378212
78,17,92073,205.309949713814,571.881941502938,586.845904879824,805.098400182464
78,18,90013,259.440603024008,563.629975670181,300.823081110506,538.27104973726
78,19,39831,164.434008686701,563.726444226858,365.581732821169,755.503276342547
78,20,64084,231.623447350353,511.271144123338,748.534626427813,565.014605829848
78,21,139723,181.058916570643,453.995426665617,553.396727811456,358.906565132441
78,22,77783,279.788797037913,464.796767931296,328.560122391782,547.476903693609
78,23,66711,138.912188394718,348.418596633239,528.348773065911,760.871115708054
78,24,89493,216.301599007744,590.223224162784,424.971774328718,394.400143027946
78,25,61552,229.703047829478,361.593725630361,686.700204704965,668.980325578373
78,26,93633,274.017985112087,543.180214240706,265.804833765873,624.481678468061
78,27,72548,206.990985278712,646.779911231185,353.459626729889,690.613318079065
78,28,82095,165.303002618917,491.535209208843,721.746440099884,476.713015408977
78,29,87857,205.425748659754,295.448080403383,478.233174362885,687.08387493313
78,30,104131,194.547704333964,539.856008297241,396.874552246689,388.632107633654
78,31,91531,199.426249030383,321.301875867193,377.048672034611,641.526990855557
78,32,87830,200.899237162701,306.259068655357,387.350757144484,577.666617328931
78,33,63600,137.979575471698,297.75786163522,609.210251572327,649.807028301887
78,34,113427,251.578363176316,499.625662320259,282.835744575806,510.048797905261
78,35,81763,226.494184411042,435.776353607377,353.523879994619,592.84973643335
78,36,74866,238.142841877488,548.928485560869,376.206275211712,444.914340287981
78,37,61768,168.502412252299,401.991322367569,725.533561067219,620.527635668955
78,38,49393,302.467434656733,668.475917640151,663.625048083737,649.788107626587
78,39,88276,214.55391046264,423.211427794644,295.110732248856,511.785264398024
78,40,54608,325.985789627893,651.867638441254,688.119066803399,580.969986082625
78,41,87588,173.782207608348,376.73618532219,343.729609078869,532.709594921679
78,42,92401,217.050367420266,556.85667904027,470.23576584669,363.309282367074
78,43,57297,167.650889226312,428.500724296211,383.803305583189,511.834441593801
78,44,72930,243.342122583299,607.5840532017,472.0121349239,794.355340737694
78,45,74579,167.767856903418,592.358076670376,311.37813593639,667.839592914896
78,46,100121,186.807083429051,395.425425235465,562.584552691244,796.922463818779
78,47,60402,315.064352173769,729.921161550942,543.882917784179,563.877404721698
78,48,67019,236.023650009699,669.786150196213,422.960757397156,459.238708425969
78,49,80179,183.892590329139,269.014255603088,545.116851045785,592.369635440701
78,50,63863,239.915898094358,638.687565570048,407.32871928973,747.442400137795
78,51,70747,243.223472373387,668.046744031549,340.004848262117,613.260180643702
78,52,58793,170.56811185005,400.133332199411,469.574558195704,385.729763747385
78,53,96958,257.062243445616,498.094700798284,379.996029208523,505.562233131872
78,54,97023,303.136565556621,498.727940797543,710.463116992878,728.827927398658
78,55,74438,232.440057497515,497.13619387947,306.185778768908,448.344205916333
78,56,76391,135.813721511696,349.524590593133,429.824128496812,740.823578693825
78,57,84431,174.50715969253,310.75246058912,652.392450640168,590.684499769042
78,58,62850,162.10399363564,485.729085123309,379.052124105012,405.254033412888
78,59,95810,162.291107400063,362.438284103956,393.438023170859,435.020290157604
78,60,81637,252.121403285275,585.47582591227,369.210113061479,493.556157134633
78,61,133773,165.111180881045,462.864232692696,442.477630015025,806.499637445523
78,62,50216,282.584893261112,706.121196431416,619.26951569221,572.226780309065
78,63,81557,189.161580244492,356.499871255686,631.721875498118,731.672511249801
78,64,45170,160.512796103609,529.914567190613,340.538786805402,423.828160283374
78,65,79262,201.493250233403,583.764124044309,269.379046705862,551.097537281421
78,66,55150,274.15060743427,705.696029011786,429.974922937443,514.290716228468
78,67,114992,235.361190343676,520.030880409072,344.348728607207,596.067839501878
78,68,68732,190.749592620613,636.524486410988,488.001469475645,400.478088808706
78,69,68903,228.533024686879,513.407732609611,278.962396412348,581.615836756019
78,70,68625,221.867162112933,285.226316939891,554.175825136612,508.560422586521
78,71,77792,149.844611271082,336.397071678322,554.129576306047,427.55342451666
78,72,1,172,572,360,636
78,73,90565,144.28189698007,425.424766742119,656.99040468172,416.022779219345
78,74,90714,243.604493242498,415.56237184999,359.91314460833,464.531582776639
78,75,61549,237.579700726251,708.180636565988,403.7567141627,568.091861768672
78,76,83857,256.305973264009,624.233611982303,678.751493614129,480.984187366588
78,77,50302,237.015108743191,638.216492385989,651.538984533418,716.772633294899
78,79,21235,327.949376030139,476.268613138686,305.52540616906,476.657122674829
78,80,51417,232.031040317405,683.259233327499,586.987805589591,467.435070112998
78,81,73866,205.475455554653,542.893888934016,500.083908699537,818.852936398343
78,82,59990,299.077646274379,700.690765127521,508.365477579597,704.243757292882
78,83,56907,244.307624721036,497.104890435272,372.763825188465,553.307238125362
78,84,57635,132.758861802724,343.652745727423,640.596946299991,471.680836297389
78,85,62114,199.07428277039,607.0682937824,313.386466819075,619.372685706926
78,86,65257,172.563265243575,305.76997103759,495.707203824877,459.237629679575
78,87,60551,133.583392512097,420.313240078611,730.341794520322,549.561741342009
78,88,47681,251.138231161259,666.685849709528,332.44239843963,558.552693945177
78,89,81088,193.722671665351,573.359510655091,642.737569060773,403.396963792423
78,90,28081,160.349061643104,391.683024108828,312.750970407037,648.968127915673
78,91,13718,255.794066190407,613.185814258638,284.853914564805,587.656072313748
78,92,43296,144.787832594235,344.166227827051,347.983531966001,537.091763673318
78,93,11983,265.500542435116,466.168071434532,392.575982642076,602.967203538346
78,94,59209,199.681653127058,450.840277660491,278.405394450168,485.117752368728
78,100,82974,315.987393641382,502.04666522043,308.855617422325,648.345228625835
78,105,55779,205.931354093835,625.587873572491,381.882948780007,422.435934670754
78,106,56110,215.916289431474,571.282356086259,313.47774015327,437.325966850829
78,107,58573,225.246427534871,576.491113653048,360.418196097178,550.465026548068
78,108,54277,286.648156677782,562.47885844833,362.479576984727,598.175046520626
78,109,44492,236.619841769307,571.216825496718,330.143463993527,611.394767598669
78,110,18048,250.639572251773,491.47695035461,335.787289450355,544.326296542553
78,496,13891,140.944496436542,453.897199625657,329.126268807141,724.627384637535
79,1,55875,219.64851901566,616.192214765101,315.396295302013,544.611543624161
79,2,89445,230.494337302253,419.204773883392,309.221309184415,623.698786964056
79,3,89421,219.278301517541,406.223694657854,355.796926896367,464.847530222207
79,4,62834,257.69115447051,586.781233090365,730.658528821975,626.916128210841
79,5,114404,267.930334603685,551.308520681095,363.159837068634,587.77756896612
79,6,57410,166.834767462115,424.578644835395,381.855373628288,514.410695000871
79,7,126800,169.951309148265,421.231869085174,386.532847003155,403.994605678233
79,8,82234,267.529245810735,590.795631977041,388.479959627405,453.866442104239
79,9,105512,249.134989385094,468.258956327242,294.345126620669,593.510254757753
79,10,55904,226.132316113337,556.961648540355,739.556453921007,656.867701774471
79,11,88493,260.914343507396,670.085871198852,581.720508966811,745.366108053744
79,12,94091,196.540179188233,321.295277975577,372.883708324919,643.905814583754
79,13,65718,218.272665023281,578.250022824797,736.046410420281,570.649243738397
79,14,83740,255.146357774063,544.48058275615,382.153761643181,444.727048005732
79,15,89716,209.459416380579,290.810279102947,478.453141022783,688.275658745374
79,16,114135,371.077014062295,626.281605116748,365.33656634687,538.698777763175
79,17,101345,215.995707731018,511.289239725689,332.945502984854,740.628398046278
79,18,61667,216.650753239172,640.18813952357,350.314463165064,698.977589310328
79,19,59605,154.066890361547,557.646539719822,365.654911500713,770.425132119789
79,20,75171,220.441899136635,468.480690691889,602.875404078701,808.322158811244
79,21,59629,237.375639370105,356.085411460866,689.887537942947,672.320850592832
79,22,65414,139.975632127679,345.395251780964,529.985446540496,764.885345644663
79,23,62957,171.221087408866,395.03079879918,468.198818241022,386.221214479724
79,24,65004,237.604762783829,517.061134699403,282.012691526675,575.362454618177
79,25,99612,253.719421354857,496.828253624061,283.499829337831,514.373659800024
79,26,108369,273.421236700532,572.455406989084,327.058679142559,480.404202308778
79,27,67634,235.547786616199,670.813954519916,423.766848035012,460.857778632049
79,28,102110,189.64515718343,390.83171090001,565.150190970522,799.785750661052
79,29,75433,172.498468839898,588.234181326475,311.127066403298,666.396895258044
79,30,77760,222.818634259259,588.816229423868,427.801568930041,393.060416666667
79,31,59780,139.239026430244,291.212830378053,610.65143860823,651.977634660422
79,32,56805,307.467229997359,654.049942786727,690.566076929848,580.615139512367
79,33,139252,184.507080688249,450.458312986528,557.274811133772,357.718316433516
79,34,92393,211.219713614668,425.898715270637,296.197049560032,515.494907622872
79,35,91947,261.711703481353,523.0576419024,318.35243129194,503.34836373128
79,36,89092,221.312373726036,506.740593992727,754.904211377004,561.100648767566
79,37,65474,267.981580474692,606.650181751535,479.510446894951,799.975440632923
79,38,45986,199.286000086983,458.886574174749,269.721328230331,497.318466489801
79,39,112686,239.500417088192,494.196901123476,384.133060007454,501.372663862414
79,40,79991,217.34036329087,428.078458826618,350.412371391782,593.619382180495
79,41,92930,264.662014419455,561.78239535134,301.642601958463,539.613354137523
79,42,86855,158.862402855334,487.445984687122,726.190789246445,474.213482240516
79,43,83930,241.282854759919,496.886643631598,306.7215298463,448.995103062076
79,44,80172,228.069338422392,568.62551763708,329.007009928653,623.894826123834
79,45,90690,210.766126364539,570.135935604808,596.272323299151,808.808964604697
79,46,59862,163.023888276369,396.08444422171,731.262821155324,624.658748454779
79,47,73012,238.081274311072,666.66404152742,338.831767380705,617.332137182929
79,48,93341,218.968041910843,554.131367780504,473.629466150995,361.179299557536
79,49,46946,304.073339581647,667.753653133387,667.960188301453,652.389255740638
79,50,87110,171.257674205028,307.003535759385,657.591436115257,591.694902996212
79,51,90258,316.956989962109,493.875069245939,716.594983270181,730.457532850274
79,52,120973,250.553677266828,545.275152306713,270.813677432154,628.911104130674
79,53,57417,250.489976836129,642.013967988575,416.112022571712,751.969590887716
79,54,88177,198.554237499575,301.521553239507,386.429658527734,584.693423455096
79,55,84223,184.666361920141,353.769065457179,633.805124490935,737.147311304513
79,56,94344,191.920832273383,537.514457729161,400.100568133639,386.134751547528
79,58,63002,155.959699692073,480.131979937145,377.007253737977,398.51176153138
79,59,56956,308.96391951682,730.614368986586,548.177119179718,564.929963480581
79,60,98428,162.378449221766,354.866369325802,392.926220181249,442.991618238713
79,61,61422,264.927241053694,705.248445182508,429.079580606297,514.168490117547
79,62,81754,135.005051740588,342.922768304915,430.003999804291,740.548523619639
79,63,87467,252.434609624201,623.403809436702,684.041066916666,481.438188116661
79,64,63278,231.824156894971,705.841066405386,397.57579253453,570.30274344954
79,66,95093,176.694793517925,373.249818598635,338.051444375506,533.740685434259
79,67,62035,238.222970903522,280.003530265173,557.180801160635,509.448585475941
79,68,126992,167.539199319642,456.545412309437,446.021166687665,810.214226092982
79,69,52625,272.272494061758,706.891420427553,623.331135391924,574.155306413302
79,70,67407,189.484207871586,635.403548592876,488.173260937291,399.263889507024
79,71,83204,182.860295178116,263.809864910341,548.495144464208,596.751177827989
79,72,68716,210.055125443856,627.829806740788,383.976322836021,431.499214156819
79,73,47866,243.251702669954,669.054569005139,336.463627627126,555.644800066853
79,74,66227,216.027602035424,535.88486568922,508.631358811361,826.087683271173
79,75,89722,142.690967655647,421.814426784958,660.725073003277,417.578119078933
79,76,82321,256.939152828561,585.224171232128,368.194591902431,495.102537627094
79,77,48521,232.164135116754,639.072793223553,656.069619340079,717.487252942025
79,78,46300,242.698423326134,682.313930885529,593.848250539957,465.730280777538
79,79,57377,131.929013367726,338.348449727243,643.596388796905,472.369486030988
79,80,51870,207.935916714864,608.635935993831,313.988606130711,614.870348949296
79,81,64272,273.046272093602,459.750062235499,332.72214961414,540.988455314912
79,82,66865,298.378523891423,700.83110745532,512.244971210648,707.344485156659
79,83,68466,157.002030204773,329.513115999182,556.339891332924,428.301609558029
79,85,63944,180.623154635306,300.161969848618,495.823752033029,461.132584761666
79,86,82078,203.692694753771,569.120750992958,648.550914983309,403.913167962182
79,87,62122,132.461623901355,416.03864975371,734.92785164676,546.630211519269
79,88,12878,250.685820779624,455.796008697003,389.839105451157,603.878630222084
79,89,31377,164.410141186219,527.072505338305,349.045606654556,425.178028492208
79,90,60300,199.817446102819,588.687495854063,274.721641791045,549.315887230514
79,91,19783,199.803315978365,443.005257038872,293.242076530354,466.216195723601
79,92,53229,238.324804148115,493.637209040185,376.116853594845,555.313926618948
79,93,54590,216.544165598095,571.371221835501,361.945924161934,552.12619527386
79,100,29921,145.900237291534,340.207813909963,345.729120016042,533.776745429631
79,101,23044,424.593646936296,516.125151883354,330.038925533761,615.110918243361
79,104,52406,251.1216082128,511.660840361791,346.31990611762,580.880967828111
79,105,44144,244.950344327655,484.760239217108,288.66534523378,685.55198894527
79,106,27263,330.849723067894,487.590030444192,312.162124491068,676.384660528922
79,108,21421,158.963120302507,385.111199290416,313.1484524532,634.125344288315
79,231,30396,273.573200421108,469.417785234899,326.816094222924,572.529181471246
79,233,49614,213.368323457089,568.983028983755,316.197988470996,433.858709235296
79,496,16086,143.191595175929,448.585415889593,326.210928757926,719.170396618177
80,2,65378,353.914298387837,619.70800575117,340.518018293616,587.829606289578
80,3,98112,267.968984425962,568.100303734508,300.921864807567,539.178000652316
80,4,48990,208.264911206369,621.377791385997,320.813472137171,541.339987752603
80,5,120910,167.552377801671,419.538243321479,384.804490943677,407.756149201886
80,6,94430,273.015450598327,539.18436937414,377.584867097321,450.227311235836
80,7,63527,152.601964519023,554.590331669999,365.863129063233,781.262896091426
80,8,117002,221.496572708159,421.061127160219,300.021674843165,621.359455393925
80,9,80719,213.05536490789,568.480803776063,596.464054311872,815.417039358763
80,10,96871,213.722238853733,510.794520547945,329.494038463524,747.89917519175
80,11,82870,252.732001930735,672.291939181851,581.462483407747,752.903921805237
80,12,83117,207.4817065101,469.637065822876,599.3084086288,822.281001479842
80,13,83706,269.277244164098,590.063089862137,387.047535421595,451.763469763219
80,14,100290,214.593498853325,568.369438627979,321.147352677236,634.949935187955
80,15,57229,234.256583200825,360.539569099582,690.524576700624,684.787275681909
80,16,103930,283.753853555278,574.146627537766,327.175666313865,480.483469643029
80,17,50439,263.568984317691,590.218759293404,732.177243799441,638.605364896211
80,18,65318,225.834578523531,581.52230625555,738.540815701644,578.922517529624
80,19,70694,255.41857866297,474.352024217048,311.899977367245,686.141440574872
80,20,51512,241.160428637987,557.237517471657,738.742681316975,669.255396800745
80,21,79839,221.328473553025,588.01990255389,429.956023998297,391.144954220369
80,22,75782,226.479757726109,672.660011612256,422.993784803779,460.808859623657
80,23,90873,216.725286938915,404.309354813861,350.542339308706,474.406655442211
80,24,65006,167.091729994154,422.267898347845,373.957373165554,522.195458880719
80,26,66511,347.575649140744,617.356317000195,384.853422742103,507.886545082768
80,27,122003,247.443103858102,500.234322106833,281.524200224585,512.498774620296
80,28,66792,241.323556713379,508.191295364714,757.171951730746,580.546996646305
80,29,84107,163.423401143781,486.6036239552,729.300854863448,483.108813772932
80,30,118674,227.925636617962,567.036528641488,358.355183106662,554.188322631747
80,31,86278,171.275898838638,308.269883400172,660.679362062171,603.863151672501
80,32,75488,180.099684718101,375.788019287834,333.28815175922,535.77885226791
80,33,63660,241.218300345586,668.090260760289,335.538705623626,625.512928055294
80,34,89511,232.183675749349,503.586453061635,309.407234864989,447.040274379685
80,35,70146,213.588101958772,627.532047443903,382.737775496821,431.448592934736
80,36,90085,206.539412776822,289.819614808237,473.055836154743,695.650962979408
80,37,66867,140.215637010783,290.039466403458,606.006415720759,665.134550675221
80,38,62394,167.337740808411,583.948761098824,301.104385037023,678.442462416258
80,39,112682,253.741209776184,470.528842228572,290.291377504837,594.950444614047
80,40,62080,172.525467139175,397.333166881443,732.535083762887,636.578543814433
80,41,59686,144.643953355896,338.507204369534,345.894849713501,546.351204637603
80,42,57484,197.979037645258,459.246955674622,268.742119546309,496.176118572124
80,43,125845,247.651031030236,540.671786721761,266.252477253765,628.583042631809
80,44,71391,213.783249989494,647.604543990139,348.662898684708,701.372049698141
80,45,54789,206.553815546916,462.637901768603,443.558725291573,813.140028107832
80,46,67986,154.491101109052,480.479201600329,371.285529373695,404.818433206837
80,47,88252,193.338519240357,321.424273670852,368.657877441871,652.722102615238
80,48,144808,179.096127285785,446.249972377217,561.93059775703,365.209546433899
80,49,86439,185.245398489108,262.57415055704,550.737572160715,605.212242159211
80,50,61890,256.885603490063,709.633511068024,428.099822265309,511.930683470674
80,51,66154,168.738262236599,393.199398373492,475.198839072467,388.552105692777
80,52,95803,191.52856382368,536.169984238489,401.604772293143,385.410759579554
80,53,99224,212.204758929291,553.79543255664,479.254938321374,362.22864427961
80,54,73907,184.213389800695,636.729782023354,494.031471985062,399.699541315437
80,55,63139,235.932482300955,517.766388444543,282.989911148419,580.30711604555
80,56,93462,245.135830604952,496.941398643299,347.636697267339,597.537758661274
80,57,47568,303.151530440632,669.423288765557,669.447990245543,662.51795324588
80,58,63375,300.220465483235,510.312599605523,319.366280078895,632.30908086785
80,59,71080,208.138365222285,418.780191333709,343.686986494091,590.984158694429
80,60,81186,178.568152144458,355.819242233883,634.099869435617,746.699972901732
80,61,67286,243.275718574443,642.589082424278,414.666840055881,762.431620247897
80,62,89819,198.647023458288,537.0666674089,509.368463242744,831.429363497701
80,63,67403,251.60635283296,606.458347551296,480.370191237779,806.507010073736
80,64,88847,208.808040789222,298.347541278828,386.824057086902,597.466678672324
80,65,48849,181.676431452026,462.383815431227,338.959610227436,468.381317938955
80,66,56371,197.479395433822,607.399354277909,306.43169360132,626.42883752284
80,67,94814,160.196226295695,351.503839095492,390.936095935199,447.463254371717
80,68,50803,440.323563569081,499.689663996221,702.138259551601,750.768143613566
80,69,54310,316.525225556988,735.379893205671,547.516608359418,567.015908672436
80,70,93597,259.498947615842,528.767182708847,317.640084618097,502.557849076359
80,71,66620,136.684944461123,348.623656559592,524.963614530171,774.975773041129
80,72,50324,275.990143867737,711.110384707098,621.560309196407,580.559136793578
80,73,47572,218.812011267132,560.634659043135,313.303161523585,436.513873707223
80,74,44868,241.495052152982,684.957319247571,594.909712935723,468.713448337345
80,75,51836,226.481595802145,637.41820356509,659.080889729146,728.103653831314
80,76,28286,168.517924061373,534.866188220321,353.402601993919,424.02870678074
80,77,55050,140.901525885559,415.913224341508,738.040363306085,558.981071752952
80,78,58223,239.042869656321,671.514023667623,339.648248973773,545.44642151727
80,79,46021,336.217531127094,653.503400621455,695.208817713652,591.518871819387
80,80,81142,145.130918636464,423.180140987405,667.174558181953,425.240553597397
80,81,70893,154.351741356692,324.842621979603,562.47454614701,435.391068229585
80,82,68612,134.570206377893,346.661546085233,426.647700110768,749.916967877339
80,83,59332,304.285731140026,706.284534483921,510.655615856536,711.614895840356
80,84,65557,266.166755647757,583.471498085635,366.852723584057,494.974236160898
80,86,62027,228.753671788092,708.761845647863,389.483128315089,572.650200719042
80,87,69068,211.477008165866,275.73972027567,562.441912318295,518.160986274396
80,88,68939,202.51325084495,589.682023237935,271.482382976254,547.529206980084
80,89,79794,263.376958167281,626.470361180039,686.357132115197,487.459934330902
80,90,77068,198.782296154046,509.986038303836,284.928258161623,696.138501063995
80,91,65455,129.212558246123,330.769887709113,646.900832633107,485.724390802842
80,92,82304,181.409421170296,395.262101477449,556.932992321151,809.344843506998
80,93,66928,181.289041955534,297.740781137939,499.232921945972,465.219056299307
80,94,15876,254.398715041572,453.862622826909,383.232174351222,609.500755857899
80,95,82289,207.155087557268,570.883653951318,650.071698525927,408.201983254141
80,97,3,197,619,280.333333333333,555.666666666667
80,99,65930,265.352085545275,539.314105869862,355.319702715001,605.774503261034
80,100,59618,244.872270119762,489.815575832802,368.279009695059,536.227280351572
80,102,81421,241.576227263237,495.757519558836,378.467238181796,492.32532147726
80,107,55325,223.349896068685,429.739014911884,296.208856755535,513.635770447357
80,108,21862,154.971594547617,385.300018296588,308.2846949044,639.44629951514
80,109,45273,251.728226536788,452.732577916197,324.907295739182,529.520641441919
80,496,14538,139.381620580548,448.803962030541,324.376599257119,730.385816480946
80,652,36535,269.420062953332,458.881374024908,311.91233064185,555.841384973313
