'001_001','002_003'
'001_002','002_004'
'001_003','002_017'
'001_004','002_007'
'001_005','002_015'
'001_006','002_002'
'001_007','002_019'
'001_008','002_010'
'001_009','002_030'
'001_010','002_006'
'001_011','002_018'
'001_012','002_013'
'001_013','002_011'
'001_014','002_005'
'001_015','002_028'
'001_016','002_008'
'001_017','002_014'
'001_018','002_001'
'001_019','002_026'
'001_020','002_009'
'001_021','002_027'
'001_022','002_029'
'001_023','002_021'
'001_024','002_023'
'001_025','002_031'
'001_026','002_016'
'001_027','002_012'
'001_028','002_020'
'001_029','002_025'
'001_030','002_024'
'001_031','002_022'
'001_032','002_032'
'002_001','003_015'
'002_002','003_001'
'002_003','003_004'
'002_004','003_003'
'002_005','003_012'
'002_006','003_006'
'002_007','003_008'
'002_008','003_019'
'002_009','003_016'
'002_010','003_013'
'002_011','003_009'
'002_012','003_017'
'002_013','003_010'
'002_014','003_005'
'002_015','003_002'
'002_016','003_021'
'002_017','003_011'
'002_018','003_007'
'002_019','003_022'
'002_020','003_018'
'002_021','003_027'
'002_022','003_025'
'002_023','003_023'
'002_024','003_026'
'002_025','003_024'
'002_026','003_014'
'002_027','003_029'
'002_028','003_028'
'002_029','003_030'
'002_030','003_020'
'002_031','003_031'
'002_032','003_032'
'003_001','004_002'
'003_002','004_001'
'003_003','004_011'
'003_004','004_005'
'003_005','004_015'
'003_006','004_021'
'003_007','004_008'
'003_008','004_004'
'003_009','004_012'
'003_010','004_026'
'003_011','004_014'
'003_012','004_007'
'003_013','004_010'
'003_014','004_009'
'003_015','004_006'
'003_016','004_018'
'003_017','004_019'
'003_018','004_013'
'003_019','004_003'
'003_020','004_024'
'003_021','004_023'
'003_022','004_017'
'003_023','004_025'
'003_024','004_031'
'003_025','004_030'
'003_026','004_027'
'003_027','004_016'
'003_028','004_022'
'003_029','004_020'
'003_030','004_028'
'003_031','004_032'
'003_032','004_029'
'004_001','005_012'
'004_002','005_015'
'004_003','005_003'
'004_004','005_006'
'004_005','005_008'
'004_006','005_010'
'004_007','005_016'
'004_008','005_013'
'004_009','005_014'
'004_010','005_009'
'004_011','005_002'
'004_012','005_001'
'004_013','005_007'
'004_014','005_005'
'004_015','005_004'
'004_016','005_030'
'004_017','005_017'
'004_018','005_019'
'004_019','005_027'
'004_020','005_021'
'004_021','005_025'
'004_022','005_011'
'004_023','005_024'
'004_024','005_028'
'004_025','005_020'
'004_026','005_018'
'004_027','005_022'
'004_028','005_023'
'004_029','005_026'
'004_030','005_029'
'004_031','005_032'
'004_032','005_031'
'005_001','006_001'
'005_002','006_002'
'005_003','006_026'
'005_004','006_003'
'005_005','006_005'
'005_006','006_031'
'005_007','006_007'
'005_008','006_006'
'005_009','006_022'
'005_010','006_009'
'005_011','006_024'
'005_012','006_004'
'005_013','006_008'
'005_014','006_013'
'005_015','006_019'
'005_016','006_010'
'005_017','006_017'
'005_018','006_015'
'005_019','006_016'
'005_020','006_018'
'005_021','006_011'
'005_022','006_014'
'005_023','006_021'
'005_024','006_020'
'005_025','006_027'
'005_026','006_028'
'005_027','006_012'
'005_028','006_023'
'005_029','006_030'
'005_030','006_029'
'005_031','006_025'
'005_032','006_032'
'006_001','007_013'
'006_002','007_007'
'006_003','007_016'
'006_004','007_003'
'006_005','007_026'
'006_006','007_002'
'006_007','007_021'
'006_008','007_006'
'006_009','007_012'
'006_010','007_008'
'006_011','007_010'
'006_012','007_001'
'006_013','007_023'
'006_014','007_004'
'006_015','007_014'
'006_016','007_018'
'006_017','007_015'
'006_018','007_005'
'006_019','007_009'
'006_020','007_011'
'006_021','007_017'
'006_022','007_022'
'006_023','007_028'
'006_024','007_027'
'006_025','007_019'
'006_026','007_029'
'006_027','007_024'
'006_028','007_030'
'006_029','007_025'
'006_030','007_020'
'006_031','007_031'
'006_032','007_032'
'007_001','008_010'
'007_002','008_008'
'007_003','008_011'
'007_004','008_020'
'007_005','008_007'
'007_006','008_012'
'007_007','008_004'
'007_008','008_006'
'007_009','008_001'
'007_010','008_023'
'007_011','008_002'
'007_012','008_003'
'007_013','008_014'
'007_014','008_009'
'007_015','008_018'
'007_016','008_019'
'007_017','008_015'
'007_018','008_013'
'007_019','008_028'
'007_020','008_034'
'007_021','008_031'
'007_022','008_022'
'007_023','008_026'
'007_024','008_029'
'007_025','008_025'
'007_026','008_030'
'007_027','008_021'
'007_028','008_024'
'007_029','008_005'
'007_029','008_027'
'007_030','008_032'
'007_031','008_017'
'007_031','008_033'
'007_032','008_016'
'008_001','009_006'
'008_002','009_008'
'008_003','009_010'
'008_004','009_013'
'008_005','009_022'
'008_006','009_004'
'008_007','009_002'
'008_008','009_009'
'008_009','009_011'
'008_010','009_007'
'008_011','009_021'
'008_012','009_014'
'008_013','009_023'
'008_014','009_005'
'008_015','009_012'
'008_016','009_033'
'008_017','009_025'
'008_018','009_028'
'008_019','009_019'
'008_020','009_020'
'008_021','009_032'
'008_022','009_001'
'008_023','009_015'
'008_024','009_027'
'008_025','009_016'
'008_026','009_029'
'008_027','009_026'
'008_028','009_035'
'008_029','009_031'
'008_030','009_030'
'008_031','009_024'
'008_032','009_034'
'008_033','009_003'
'008_034','009_017'
'008_034','009_018'
'009_001','010_013'
'009_002','010_003'
'009_003','010_023'
'009_004','010_002'
'009_005','010_005'
'009_006','010_006'
'009_007','010_012'
'009_008','010_027'
'009_009','010_004'
'009_010','010_009'
'009_011','010_016'
'009_012','010_022'
'009_013','010_025'
'009_014','010_007'
'009_015','010_030'
'009_016','010_018'
'009_017','010_032'
'009_018','010_021'
'009_019','010_017'
'009_020','010_010'
'009_021','010_020'
'009_022','010_014'
'009_023','010_008'
'009_024','010_034'
'009_025','010_011'
'009_026','010_033'
'009_027','010_029'
'009_028','010_019'
'009_029','010_031'
'009_030','010_028'
'009_031','010_026'
'009_032','010_015'
'009_032','010_024'
'009_033','010_001'
'009_034','010_036'
'009_035','010_035'
'010_001','011_001'
'010_002','011_014'
'010_003','011_017'
'010_004','011_005'
'010_005','011_003'
'010_006','011_004'
'010_007','011_016'
'010_008','011_018'
'010_009','011_009'
'010_010','011_007'
'010_011','011_013'
'010_012','011_021'
'010_013','011_025'
'010_014','011_023'
'010_015','011_002'
'010_016','011_012'
'010_017','011_031'
'010_018','011_036'
'010_019','011_024'
'010_020','011_027'
'010_021','011_010'
'010_022','011_020'
'010_023','011_015'
'010_024','011_022'
'010_025','011_030'
'010_026','011_029'
'010_027','011_019'
'010_028','011_037'
'010_029','011_026'
'010_030','011_008'
'010_031','011_035'
'010_032','011_006'
'010_033','011_028'
'010_034','011_011'
'010_034','011_033'
'010_035','011_032'
'010_036','011_034'
'011_001','012_001'
'011_001','012_002'
'011_002','012_031'
'011_003','012_007'
'011_004','012_014'
'011_005','012_006'
'011_006','012_012'
'011_007','012_009'
'011_008','012_017'
'011_009','012_023'
'011_010','012_008'
'011_011','012_005'
'011_012','012_016'
'011_013','012_010'
'011_014','012_013'
'011_015','012_039'
'011_016','012_020'
'011_017','012_036'
'011_018','012_029'
'011_019','012_019'
'011_020','012_030'
'011_021','012_011'
'011_022','012_021'
'011_023','012_024'
'011_024','012_033'
'011_025','012_026'
'011_026','012_027'
'011_027','012_022'
'011_028','012_025'
'011_029','012_034'
'011_030','012_032'
'011_031','012_028'
'011_032','012_037'
'011_033','012_018'
'011_034','012_038'
'011_035','012_035'
'011_036','012_003'
'011_036','012_015'
'011_037','012_004'
'012_001','013_002'
'012_002','013_018'
'012_003','013_027'
'012_004','013_015'
'012_005','013_031'
'012_006','013_004'
'012_007','013_011'
'012_008','013_016'
'012_009','013_007'
'012_010','013_005'
'012_011','013_014'
'012_012','013_017'
'012_013','013_026'
'012_014','013_013'
'012_015','013_030'
'012_016','013_006'
'012_017','013_037'
'012_018','013_003'
'012_019','013_022'
'012_020','013_012'
'012_021','013_024'
'012_022','013_010'
'012_023','013_019'
'012_024','013_028'
'012_025','013_033'
'012_026','013_032'
'012_027','013_008'
'012_028','013_023'
'012_029','013_035'
'012_030','013_001'
'012_031','013_038'
'012_032','013_009'
'012_033','013_020'
'012_034','013_021'
'012_035','013_025'
'012_036','013_029'
'012_037','013_036'
'012_038','013_034'
'012_039','013_039'
'013_001','014_039'
'013_002','014_012'
'013_003','014_010'
'013_004','014_009'
'013_005','014_004'
'013_006','014_030'
'013_007','014_013'
'013_008','014_028'
'013_009','014_037'
'013_010','014_024'
'013_011','014_032'
'013_012','014_003'
'013_013','014_002'
'013_014','014_017'
'013_015','014_005'
'013_015','014_007'
'013_016','014_018'
'013_017','014_016'
'013_018','014_035'
'013_019','014_011'
'013_020','014_001'
'013_021','014_020'
'013_022','014_008'
'013_023','014_023'
'013_024','014_014'
'013_025','014_025'
'013_026','014_031'
'013_027','014_006'
'013_028','014_027'
'013_029','014_038'
'013_030','014_021'
'013_031','014_036'
'013_032','014_019'
'013_033','014_029'
'013_034','014_033'
'013_035','014_022'
'013_036','014_026'
'013_037','014_034'
'013_038','014_040'
'013_039','014_015'
'014_001','015_015'
'014_002','015_012'
'014_003','015_006'
'014_004','015_011'
'014_005','015_008'
'014_006','015_018'
'014_007','015_003'
'014_008','015_040'
'014_009','015_005'
'014_010','015_024'
'014_011','015_031'
'014_012','015_004'
'014_013','015_033'
'014_014','015_022'
'014_015','015_038'
'014_016','015_013'
'014_017','015_014'
'014_018','015_010'
'014_019','015_009'
'014_020','015_020'
'014_021','015_019'
'014_022','015_021'
'014_023','015_023'
'014_024','015_036'
'014_025','015_028'
'014_026','015_027'
'014_027','015_035'
'014_028','015_017'
'014_029','015_029'
'014_030','015_016'
'014_031','015_007'
'014_031','015_039'
'014_032','015_026'
'014_033','015_034'
'014_034','015_025'
'014_035','015_032'
'014_036','015_042'
'014_037','015_037'
'014_038','015_030'
'014_039','015_001'
'014_039','015_002'
'014_040','015_041'
'015_001','016_002'
'015_002','016_001'
'015_003','016_031'
'015_004','016_014'
'015_005','016_011'
'015_006','016_006'
'015_007','016_044'
'015_008','016_003'
'015_009','016_013'
'015_010','016_009'
'015_011','016_008'
'015_012','016_012'
'015_013','016_010'
'015_014','016_040'
'015_015','016_004'
'015_015','016_017'
'015_016','016_023'
'015_017','016_015'
'015_018','016_020'
'015_019','016_022'
'015_020','016_021'
'015_021','016_025'
'015_022','016_026'
'015_023','016_027'
'015_024','016_028'
'015_025','016_024'
'015_026','016_005'
'015_027','016_030'
'015_028','016_032'
'015_029','016_037'
'015_030','016_029'
'015_031','016_034'
'015_031','016_036'
'015_032','016_007'
'015_033','016_019'
'015_034','016_038'
'015_035','016_039'
'015_036','016_016'
'015_037','016_018'
'015_038','016_041'
'015_039','016_035'
'015_040','016_033'
'015_040','016_042'
'015_041','016_045'
'015_042','016_043'
'016_001','017_003'
'016_002','017_038'
'016_003','017_010'
'016_004','017_007'
'016_005','017_019'
'016_006','017_022'
'016_007','017_004'
'016_008','017_015'
'016_009','017_005'
'016_010','017_017'
'016_011','017_009'
'016_012','017_001'
'016_013','017_002'
'016_014','017_006'
'016_015','017_035'
'016_016','017_008'
'016_017','017_018'
'016_018','017_025'
'016_019','017_044'
'016_020','017_013'
'016_021','017_027'
'016_022','017_032'
'016_023','017_040'
'016_023','017_046'
'016_024','017_021'
'016_025','017_020'
'016_026','017_026'
'016_027','017_011'
'016_028','017_016'
'016_029','017_043'
'016_030','017_012'
'016_030','017_037'
'016_031','017_028'
'016_032','017_014'
'016_032','017_041'
'016_033','017_030'
'016_034','017_023'
'016_035','017_034'
'016_036','017_047'
'016_037','017_039'
'016_038','017_036'
'016_039','017_042'
'016_040','017_024'
'016_041','017_045'
'016_042','017_031'
'016_043','017_033'
'016_044','017_029'
'016_045','017_048'
'017_001','018_005'
'017_002','018_027'
'017_003','018_021'
'017_004','018_037'
'017_005','018_015'
'017_006','018_031'
'017_007','018_016'
'017_008','018_024'
'017_009','018_026'
'017_010','018_023'
'017_011','018_048'
'017_012','018_008'
'017_013','018_006'
'017_014','018_028'
'017_015','018_002'
'017_016','018_014'
'017_017','018_012'
'017_018','018_019'
'017_019','018_017'
'017_020','018_003'
'017_021','018_007'
'017_022','018_004'
'017_023','018_034'
'017_024','018_010'
'017_025','018_018'
'017_026','018_036'
'017_027','018_043'
'017_028','018_041'
'017_029','018_020'
'017_030','018_033'
'017_031','018_011'
'017_032','018_029'
'017_033','018_025'
'017_034','018_013'
'017_035','018_030'
'017_036','018_009'
'017_037','018_047'
'017_038','018_044'
'017_039','018_040'
'017_040','018_039'
'017_041','018_022'
'017_042','018_038'
'017_043','018_035'
'017_044','018_046'
'017_045','018_042'
'017_046','018_032'
'017_047','018_001'
'017_048','018_045'
'018_001','019_010'
'018_002','019_020'
'018_003','019_024'
'018_004','019_014'
'018_005','019_004'
'018_006','019_008'
'018_007','019_002'
'018_008','019_025'
'018_009','019_022'
'018_010','019_031'
'018_011','019_016'
'018_012','019_015'
'018_013','019_026'
'018_014','019_041'
'018_015','019_005'
'018_016','019_035'
'018_017','019_001'
'018_018','019_032'
'018_019','019_023'
'018_020','019_039'
'018_021','019_009'
'018_022','019_027'
'018_023','019_043'
'018_024','019_021'
'018_025','019_011'
'018_026','019_017'
'018_027','019_037'
'018_028','019_028'
'018_029','019_048'
'018_030','019_046'
'018_031','019_036'
'018_032','019_019'
'018_033','019_034'
'018_034','019_012'
'018_035','019_050'
'018_036','019_003'
'018_037','019_038'
'018_038','019_047'
'018_039','019_045'
'018_040','019_029'
'018_041','019_042'
'018_042','019_018'
'018_043','019_013'
'018_044','019_040'
'018_045','019_007'
'018_046','019_030'
'018_046','019_044'
'018_047','019_006'
'018_048','019_033'
'019_001','020_007'
'019_002','020_008'
'019_003','020_009'
'019_004','020_005'
'019_005','020_027'
'019_006','020_025'
'019_007','020_013'
'019_008','020_016'
'019_009','020_026'
'019_010','020_038'
'019_011','020_004'
'019_012','020_019'
'019_013','020_041'
'019_014','020_010'
'019_015','020_024'
'019_016','020_022'
'019_017','020_003'
'019_018','020_012'
'019_019','020_035'
'019_020','020_006'
'019_021','020_023'
'019_022','020_001'
'019_022','020_002'
'019_023','020_021'
'019_024','020_045'
'019_025','020_014'
'019_026','020_033'
'019_027','020_042'
'019_028','020_048'
'019_029','020_028'
'019_030','020_011'
'019_031','020_037'
'019_032','020_029'
'019_033','020_050'
'019_034','020_017'
'019_035','020_044'
'019_036','020_039'
'019_037','020_034'
'019_038','020_036'
'019_039','020_043'
'019_040','020_046'
'019_041','020_051'
'019_042','020_030'
'019_043','020_020'
'019_044','020_032'
'019_045','020_040'
'019_046','020_018'
'019_046','020_031'
'019_047','020_049'
'019_048','020_047'
'019_050','020_015'
'020_001','021_007'
'020_002','021_003'
'020_003','021_012'
'020_004','021_002'
'020_005','021_008'
'020_006','021_004'
'020_007','021_006'
'020_008','021_001'
'020_009','021_019'
'020_010','021_030'
'020_011','021_015'
'020_012','021_017'
'020_013','021_018'
'020_014','021_010'
'020_015','021_024'
'020_016','021_005'
'020_017','021_037'
'020_018','021_009'
'020_019','021_023'
'020_020','021_042'
'020_021','021_029'
'020_022','021_035'
'020_023','021_027'
'020_024','021_040'
'020_025','021_013'
'020_026','021_034'
'020_027','021_022'
'020_028','021_028'
'020_029','021_011'
'020_030','021_032'
'020_031','021_021'
'020_032','021_038'
'020_033','021_020'
'020_034','021_041'
'020_035','021_016'
'020_036','021_043'
'020_037','021_025'
'020_038','021_031'
'020_039','021_044'
'020_040','021_026'
'020_041','021_048'
'020_042','021_039'
'020_043','021_014'
'020_044','021_049'
'020_045','021_033'
'020_046','021_047'
'020_047','021_046'
'020_048','021_045'
'020_049','021_050'
'020_050','021_036'
'020_051','021_051'
'021_001','022_011'
'021_002','022_001'
'021_003','022_016'
'021_004','022_010'
'021_005','022_013'
'021_006','022_002'
'021_007','022_004'
'021_008','022_019'
'021_009','022_200'
'021_010','022_006'
'021_011','022_045'
'021_012','022_003'
'021_013','022_020'
'021_014','022_022'
'021_015','022_041'
'021_016','022_025'
'021_017','022_015'
'021_018','022_034'
'021_019','022_024'
'021_020','022_009'
'021_021','022_030'
'021_022','022_008'
'021_023','022_021'
'021_024','022_029'
'021_025','022_027'
'021_026','022_026'
'021_027','022_032'
'021_028','022_018'
'021_029','022_014'
'021_030','022_050'
'021_031','022_017'
'021_032','022_039'
'021_033','022_007'
'021_034','022_033'
'021_035','022_012'
'021_036','022_048'
'021_037','022_044'
'021_038','022_035'
'021_039','022_028'
'021_040','022_023'
'021_041','022_046'
'021_042','022_043'
'021_043','022_040'
'021_044','022_036'
'021_045','022_037'
'021_046','022_031'
'021_047','022_038'
'021_048','022_005'
'021_049','022_049'
'021_050','022_042'
'021_051','022_047'
'022_001','023_001'
'022_002','023_053'
'022_003','023_009'
'022_004','023_043'
'022_005','023_050'
'022_006','023_025'
'022_007','023_019'
'022_008','023_022'
'022_009','023_054'
'022_010','023_018'
'022_011','023_010'
'022_012','023_007'
'022_013','023_011'
'022_014','023_006'
'022_015','023_024'
'022_016','023_016'
'022_017','023_005'
'022_018','023_045'
'022_019','023_021'
'022_020','023_038'
'022_021','023_014'
'022_022','023_029'
'022_023','023_036'
'022_024','023_008'
'022_025','023_033'
'022_026','023_030'
'022_027','023_032'
'022_028','023_020'
'022_029','023_031'
'022_030','023_017'
'022_031','023_052'
'022_032','023_051'
'022_033','023_023'
'022_034','023_002'
'022_035','023_026'
'022_036','023_034'
'022_037','023_041'
'022_038','023_037'
'022_039','023_015'
'022_040','023_035'
'022_041','023_028'
'022_042','023_039'
'022_043','023_044'
'022_044','023_048'
'022_045','023_004'
'022_046','023_040'
'022_047','023_042'
'022_048','023_049'
'022_049','023_047'
'022_050','023_027'
'022_200','023_013'
'023_001','024_001'
'023_002','024_010'
'023_004','024_045'
'023_004','024_053'
'023_005','024_006'
'023_006','024_020'
'023_007','024_007'
'023_008','024_012'
'023_009','024_027'
'023_010','024_100'
'023_011','024_017'
'023_013','024_034'
'023_014','024_008'
'023_015','024_009'
'023_016','024_011'
'023_017','024_032'
'023_018','024_005'
'023_019','024_021'
'023_020','024_013'
'023_021','024_030'
'023_022','024_014'
'023_023','024_044'
'023_024','024_036'
'023_025','024_025'
'023_026','024_029'
'023_027','024_051'
'023_028','024_040'
'023_029','024_002'
'023_030','024_016'
'023_031','024_022'
'023_032','024_049'
'023_033','024_028'
'023_034','024_031'
'023_035','024_026'
'023_036','024_024'
'023_037','024_033'
'023_038','024_023'
'023_039','024_019'
'023_040','024_048'
'023_041','024_015'
'023_042','024_046'
'023_043','024_038'
'023_044','024_042'
'023_045','024_047'
'023_047','024_043'
'023_048','024_035'
'023_049','024_018'
'023_050','024_003'
'023_051','024_052'
'023_052','024_101'
'023_053','024_102'
'023_054','024_041'
'024_001','025_003'
'024_002','025_019'
'024_003','025_009'
'024_003','025_042'
'024_005','025_001'
'024_006','025_007'
'024_007','025_047'
'024_008','025_004'
'024_009','025_037'
'024_010','025_043'
'024_011','025_006'
'024_012','025_030'
'024_013','025_025'
'024_014','025_018'
'024_015','025_015'
'024_016','025_012'
'024_017','025_028'
'024_018','025_016'
'024_018','025_024'
'024_019','025_055'
'024_020','025_023'
'024_021','025_033'
'024_021','025_057'
'024_022','025_027'
'024_023','025_032'
'024_024','025_020'
'024_025','025_053'
'024_026','025_038'
'024_027','025_021'
'024_028','025_014'
'024_029','025_031'
'024_030','025_002'
'024_031','025_045'
'024_032','025_041'
'024_033','025_050'
'024_034','025_010'
'024_035','025_036'
'024_036','025_035'
'024_038','025_054'
'024_040','025_026'
'024_041','025_034'
'024_042','025_051'
'024_043','025_048'
'024_044','025_040'
'024_045','025_058'
'024_046','025_029'
'024_047','025_505'
'024_048','025_022'
'024_049','025_044'
'024_051','025_017'
'024_051','025_039'
'024_052','025_011'
'024_052','025_013'
'024_053','025_056'
'024_100','025_005'
'024_101','025_100'
'024_102','025_101'
'025_001','026_002'
'025_002','026_031'
'025_003','026_004'
'025_004','026_007'
'025_005','026_008'
'025_006','026_016'
'025_007','026_010'
'025_009','026_044'
'025_010','026_030'
'025_011','026_003'
'025_012','026_013'
'025_013','026_028'
'025_014','026_015'
'025_015','026_024'
'025_016','026_006'
'025_017','026_009'
'025_018','026_011'
'025_019','026_023'
'025_020','026_027'
'025_021','026_005'
'025_021','026_045'
'025_022','026_035'
'025_023','026_026'
'025_024','026_012'
'025_025','026_036'
'025_026','026_020'
'025_027','026_058'
'025_028','026_017'
'025_029','026_038'
'025_030','026_018'
'025_031','026_040'
'025_032','026_014'
'025_033','026_052'
'025_034','026_025'
'025_035','026_022'
'025_036','026_034'
'025_037','026_054'
'025_038','026_042'
'025_039','026_032'
'025_040','026_029'
'025_041','026_047'
'025_042','026_019'
'025_043','026_050'
'025_044','026_059'
'025_045','026_048'
'025_047','026_033'
'025_048','026_039'
'025_050','026_051'
'025_051','026_053'
'025_053','026_049'
'025_054','026_056'
'025_055','026_055'
'025_056','026_037'
'025_057','026_046'
'025_058','026_043'
'025_100','026_021'
'025_101','026_001'
'025_505','026_057'
'026_001','027_006'
'026_002','027_002'
'026_003','027_004'
'026_004','027_001'
'026_005','027_008'
'026_006','027_013'
'026_007','027_003'
'026_008','027_018'
'026_009','027_030'
'026_010','027_005'
'026_011','027_029'
'026_012','027_009'
'026_013','027_024'
'026_014','027_049'
'026_015','027_019'
'026_016','027_016'
'026_017','027_007'
'026_018','027_010'
'026_019','027_025'
'026_020','027_035'
'026_021','027_052'
'026_022','027_027'
'026_023','027_034'
'026_024','027_037'
'026_025','027_012'
'026_026','027_023'
'026_027','027_021'
'026_028','027_041'
'026_029','027_028'
'026_030','027_017'
'026_031','027_014'
'026_032','027_039'
'026_033','027_042'
'026_034','027_022'
'026_035','027_033'
'026_036','027_500'
'026_037','027_011'
'026_038','027_040'
'026_039','027_046'
'026_040','027_050'
'026_042','027_043'
'026_043','027_058'
'026_044','027_031'
'026_045','027_045'
'026_046','027_056'
'026_047','027_055'
'026_048','027_038'
'026_049','027_020'
'026_050','027_032'
'026_051','027_051'
'026_052','027_015'
'026_053','027_054'
'026_054','027_044'
'026_055','027_057'
'026_056','027_053'
'026_057','027_047'
'026_058','027_059'
'026_059','027_026'
'026_059','027_036'
'027_001','028_004'
'027_002','028_003'
'027_003','028_005'
'027_004','028_001'
'027_005','028_006'
'027_006','028_059'
'027_007','028_039'
'027_008','028_023'
'027_009','028_024'
'027_010','028_012'
'027_011','028_042'
'027_012','028_002'
'027_013','028_019'
'027_014','028_041'
'027_015','028_018'
'027_016','028_010'
'027_017','028_030'
'027_018','028_056'
'027_019','028_021'
'027_020','028_008'
'027_021','028_013'
'027_022','028_028'
'027_023','028_016'
'027_024','028_017'
'027_025','028_034'
'027_026','028_057'
'027_027','028_009'
'027_028','028_025'
'027_029','028_046'
'027_030','028_029'
'027_031','028_015'
'027_032','028_020'
'027_033','028_011'
'027_034','028_022'
'027_035','028_035'
'027_036','028_048'
'027_037','028_037'
'027_038','028_040'
'027_039','028_031'
'027_040','028_036'
'027_041','028_014'
'027_042','028_026'
'027_043','028_038'
'027_044','028_043'
'027_045','028_033'
'027_046','028_053'
'027_047','028_052'
'027_049','028_027'
'027_050','028_047'
'027_051','028_049'
'027_052','028_032'
'027_053','028_045'
'027_054','028_044'
'027_055','028_055'
'027_056','028_050'
'027_057','028_058'
'027_058','028_051'
'027_059','028_060'
'027_500','028_007'
'028_001','029_010'
'028_002','029_001'
'028_003','029_004'
'028_004','029_005'
'028_005','029_006'
'028_006','029_002'
'028_007','029_019'
'028_008','029_003'
'028_009','029_021'
'028_010','029_007'
'028_011','029_012'
'028_012','029_022'
'028_013','029_011'
'028_014','029_055'
'028_015','029_015'
'028_016','029_018'
'028_017','029_040'
'028_018','029_017'
'028_019','029_009'
'028_020','029_044'
'028_021','029_026'
'028_022','029_025'
'028_023','029_345'
'028_024','029_008'
'028_025','029_034'
'028_026','029_016'
'028_027','029_032'
'028_028','029_046'
'028_029','029_020'
'028_030','029_037'
'028_031','029_023'
'028_032','029_053'
'028_033','029_013'
'028_034','029_014'
'028_035','029_028'
'028_036','029_024'
'028_037','029_042'
'028_038','029_035'
'028_039','029_027'
'028_040','029_039'
'028_041','029_047'
'028_042','029_031'
'028_043','029_036'
'028_044','029_041'
'028_045','029_033'
'028_046','029_043'
'028_047','029_049'
'028_048','029_050'
'028_049','029_051'
'028_050','029_048'
'028_051','029_030'
'028_052','029_052'
'028_053','029_045'
'028_055','029_056'
'028_056','029_059'
'028_057','029_054'
'028_058','029_058'
'028_059','029_029'
'028_060','029_038'
'028_060','029_789'
'029_001','030_007'
'029_002','030_004'
'029_003','030_012'
'029_004','030_001'
'029_005','030_019'
'029_006','030_009'
'029_007','030_003'
'029_008','030_005'
'029_009','030_030'
'029_010','030_002'
'029_011','030_018'
'029_012','030_017'
'029_013','030_010'
'029_014','030_027'
'029_015','030_013'
'029_016','030_032'
'029_017','030_011'
'029_018','030_025'
'029_019','030_500'
'029_020','030_008'
'029_021','030_049'
'029_022','030_023'
'029_023','030_024'
'029_024','030_037'
'029_025','030_021'
'029_026','030_020'
'029_027','030_022'
'029_028','030_043'
'029_029','030_016'
'029_030','030_041'
'029_031','030_026'
'029_032','030_044'
'029_033','030_035'
'029_034','030_028'
'029_035','030_038'
'029_036','030_042'
'029_037','030_034'
'029_038','030_006'
'029_039','030_036'
'029_040','030_040'
'029_041','030_033'
'029_042','030_039'
'029_043','030_029'
'029_044','030_053'
'029_045','030_051'
'029_046','030_014'
'029_047','030_031'
'029_047','030_056'
'029_048','030_045'
'029_049','030_047'
'029_050','030_057'
'029_051','030_048'
'029_052','030_055'
'029_053','030_046'
'029_054','030_052'
'029_055','030_059'
'029_056','030_050'
'029_058','030_061'
'029_059','030_060'
'029_345','030_015'
'029_789','030_101'
'030_001','031_015'
'030_002','031_005'
'030_003','031_010'
'030_004','031_004'
'030_005','031_022'
'030_006','031_016'
'030_007','031_001'
'030_008','031_006'
'030_009','031_003'
'030_010','031_018'
'030_011','031_013'
'030_012','031_017'
'030_013','031_007'
'030_014','031_020'
'030_015','031_405'
'030_016','031_009'
'030_017','031_062'
'030_018','031_008'
'030_019','031_014'
'030_020','031_037'
'030_021','031_032'
'030_022','031_046'
'030_023','031_030'
'030_024','031_012'
'030_025','031_019'
'030_026','031_023'
'030_027','031_026'
'030_028','031_036'
'030_029','031_028'
'030_030','031_002'
'030_031','031_031'
'030_032','031_039'
'030_033','031_045'
'030_034','031_040'
'030_035','031_049'
'030_036','031_044'
'030_037','031_042'
'030_038','031_051'
'030_039','031_029'
'030_040','031_041'
'030_041','031_024'
'030_042','031_035'
'030_043','031_052'
'030_044','031_021'
'030_045','031_053'
'030_046','031_055'
'030_047','031_050'
'030_048','031_054'
'030_049','031_047'
'030_050','031_048'
'030_051','031_060'
'030_052','031_025'
'030_053','031_061'
'030_055','031_059'
'030_056','031_027'
'030_057','031_038'
'030_059','031_034'
'030_060','031_043'
'030_060','031_058'
'030_061','031_057'
'030_101','031_011'
'030_500','031_033'
'031_001','032_037'
'031_002','032_004'
'031_003','032_016'
'031_004','032_007'
'031_005','032_060'
'031_006','032_005'
'031_007','032_003'
'031_008','032_014'
'031_009','032_001'
'031_010','032_002'
'031_011','032_656'
'031_012','032_013'
'031_013','032_023'
'031_014','032_029'
'031_015','032_009'
'031_016','032_042'
'031_017','032_021'
'031_018','032_020'
'031_019','032_010'
'031_020','032_019'
'031_021','032_015'
'031_022','032_024'
'031_023','032_008'
'031_024','032_006'
'031_025','032_017'
'031_026','032_027'
'031_027','032_567'
'031_028','032_050'
'031_029','032_036'
'031_030','032_028'
'031_031','032_011'
'031_032','032_025'
'031_033','032_101'
'031_034','032_058'
'031_035','032_030'
'031_036','032_041'
'031_037','032_040'
'031_038','032_039'
'031_039','032_035'
'031_040','032_046'
'031_041','032_033'
'031_042','032_043'
'031_043','032_031'
'031_044','032_034'
'031_045','032_022'
'031_046','032_026'
'031_047','032_018'
'031_048','032_051'
'031_049','032_032'
'031_050','032_045'
'031_051','032_049'
'031_052','032_048'
'031_053','032_053'
'031_054','032_052'
'031_055','032_055'
'031_057','032_056'
'031_058','032_059'
'031_059','032_038'
'031_060','032_047'
'031_061','032_054'
'031_062','032_044'
'031_405','032_012'
'032_001','033_003'
'032_002','033_034'
'032_003','033_013'
'032_004','033_005'
'032_005','033_007'
'032_006','033_045'
'032_007','033_004'
'032_008','033_016'
'032_009','033_024'
'032_010','033_008'
'032_011','033_036'
'032_012','033_201'
'032_013','033_010'
'032_014','033_017'
'032_015','033_200'
'032_016','033_011'
'032_017','033_020'
'032_018','033_014'
'032_019','033_033'
'032_020','033_006'
'032_021','033_025'
'032_022','033_028'
'032_023','033_029'
'032_024','033_021'
'032_025','033_018'
'032_026','033_012'
'032_027','033_023'
'032_028','033_022'
'032_029','033_009'
'032_030','033_047'
'032_031','033_019'
'032_032','033_042'
'032_033','033_035'
'032_034','033_026'
'032_035','033_031'
'032_036','033_037'
'032_037','033_049'
'032_038','033_055'
'032_039','033_027'
'032_040','033_001'
'032_041','033_032'
'032_042','033_030'
'032_043','033_044'
'032_044','033_002'
'032_044','033_048'
'032_045','033_052'
'032_046','033_053'
'032_047','033_050'
'032_048','033_039'
'032_049','033_051'
'032_050','033_040'
'032_051','033_043'
'032_052','033_046'
'032_053','033_058'
'032_054','033_059'
'032_055','033_060'
'032_056','033_057'
'032_058','033_054'
'032_059','033_061'
'032_060','033_900'
'032_101','033_202'
'032_567','033_015'
'032_656','033_041'
'033_001','034_010'
'033_002','034_005'
'033_003','034_061'
'033_004','034_011'
'033_005','034_020'
'033_006','034_016'
'033_007','034_037'
'033_008','034_012'
'033_009','034_007'
'033_010','034_003'
'033_011','034_026'
'033_012','034_014'
'033_013','034_002'
'033_014','034_024'
'033_015','034_028'
'033_016','034_033'
'033_017','034_006'
'033_018','034_025'
'033_019','034_001'
'033_020','034_039'
'033_021','034_019'
'033_022','034_042'
'033_023','034_049'
'033_024','034_015'
'033_025','034_035'
'033_026','034_030'
'033_027','034_009'
'033_028','034_023'
'033_029','034_027'
'033_030','034_017'
'033_031','034_044'
'033_032','034_038'
'033_033','034_031'
'033_034','034_013'
'033_035','034_021'
'033_036','034_022'
'033_037','034_040'
'033_039','034_045'
'033_040','034_047'
'033_041','034_008'
'033_042','034_046'
'033_043','034_036'
'033_044','034_053'
'033_045','034_034'
'033_046','034_052'
'033_047','034_048'
'033_048','034_056'
'033_049','034_029'
'033_050','034_050'
'033_051','034_051'
'033_052','034_054'
'033_053','034_058'
'033_054','034_018'
'033_055','034_043'
'033_057','034_063'
'033_058','034_060'
'033_059','034_059'
'033_060','034_062'
'033_061','034_004'
'033_200','034_300'
'033_201','034_032'
'033_202','034_055'
'033_900','034_456'
'034_001','035_016'
'034_002','035_006'
'034_003','035_020'
'034_004','035_008'
'034_005','035_015'
'034_006','035_005'
'034_007','035_013'
'034_008','035_002'
'034_009','035_007'
'034_010','035_022'
'034_011','035_203'
'034_012','035_017'
'034_013','035_014'
'034_014','035_010'
'034_015','035_004'
'034_016','035_009'
'034_017','035_547'
'034_018','035_061'
'034_019','035_042'
'034_020','035_033'
'034_021','035_029'
'034_022','035_045'
'034_023','035_023'
'034_024','035_024'
'034_025','035_027'
'034_026','035_036'
'034_027','035_025'
'034_028','035_018'
'034_029','035_019'
'034_030','035_026'
'034_031','035_021'
'034_032','035_012'
'034_033','035_001'
'034_034','035_034'
'034_035','035_028'
'034_036','035_030'
'034_037','035_011'
'034_038','035_043'
'034_039','035_039'
'034_040','035_041'
'034_042','035_038'
'034_043','035_031'
'034_044','035_049'
'034_045','035_035'
'034_046','035_044'
'034_047','035_047'
'034_048','035_037'
'034_049','035_204'
'034_050','035_040'
'034_051','035_052'
'034_052','035_048'
'034_053','035_050'
'034_054','035_054'
'034_055','035_053'
'034_056','035_046'
'034_058','035_056'
'034_059','035_057'
'034_060','035_055'
'034_061','035_051'
'034_062','035_032'
'034_063','035_060'
'034_300','035_202'
'034_456','035_876'
'035_001','036_016'
'035_002','036_004'
'035_004','036_001'
'035_005','036_013'
'035_006','036_021'
'035_007','036_006'
'035_008','036_023'
'035_009','036_018'
'035_010','036_012'
'035_011','036_019'
'035_012','036_009'
'035_013','036_010'
'035_014','036_014'
'035_015','036_002'
'035_016','036_025'
'035_017','036_008'
'035_018','036_022'
'035_019','036_027'
'035_020','036_015'
'035_021','036_017'
'035_022','036_033'
'035_023','036_034'
'035_024','036_035'
'035_025','036_044'
'035_026','036_038'
'035_027','036_011'
'035_028','036_032'
'035_029','036_030'
'035_030','036_045'
'035_031','036_037'
'035_032','036_060'
'035_033','036_029'
'035_034','036_031'
'035_035','036_043'
'035_036','036_024'
'035_037','036_042'
'035_038','036_020'
'035_039','036_028'
'035_040','036_046'
'035_041','036_036'
'035_042','036_039'
'035_043','036_040'
'035_044','036_047'
'035_045','036_300'
'035_046','036_026'
'035_047','036_053'
'035_048','036_057'
'035_049','036_041'
'035_050','036_051'
'035_051','036_050'
'035_051','036_052'
'035_052','036_049'
'035_053','036_058'
'035_054','036_055'
'035_055','036_048'
'035_056','036_056'
'035_057','036_061'
'035_060','036_062'
'035_061','036_003'
'035_202','036_054'
'035_203','036_303'
'035_204','036_005'
'035_547','036_007'
'035_876','036_876'
'036_001','037_004'
'036_002','037_015'
'036_003','037_001'
'036_004','037_012'
'036_005','037_003'
'036_006','037_009'
'036_007','037_064'
'036_008','037_020'
'036_009','037_006'
'036_010','037_005'
'036_011','037_008'
'036_012','037_029'
'036_013','037_022'
'036_014','037_030'
'036_015','037_013'
'036_016','037_002'
'036_017','037_025'
'036_018','037_007'
'036_019','037_018'
'036_020','037_048'
'036_021','037_026'
'036_022','037_036'
'036_023','037_038'
'036_024','037_011'
'036_025','037_016'
'036_026','037_028'
'036_027','037_019'
'036_028','037_024'
'036_029','037_027'
'036_030','037_021'
'036_031','037_039'
'036_032','037_034'
'036_033','037_017'
'036_034','037_010'
'036_035','037_031'
'036_036','037_023'
'036_037','037_032'
'036_038','037_040'
'036_039','037_043'
'036_040','037_044'
'036_041','037_033'
'036_042','037_041'
'036_043','037_046'
'036_044','037_035'
'036_045','037_055'
'036_046','037_053'
'036_047','037_047'
'036_048','037_056'
'036_049','037_057'
'036_050','037_014'
'036_051','037_051'
'036_052','037_062'
'036_053','037_037'
'036_054','037_049'
'036_055','037_054'
'036_056','037_058'
'036_057','037_045'
'036_058','037_052'
'036_060','037_042'
'036_061','037_061'
'036_062','037_063'
'036_300','037_059'
'036_303','037_100'
'036_876','037_050'
'037_001','038_002'
'037_002','038_007'
'037_003','038_101'
'037_004','038_016'
'037_005','038_013'
'037_006','038_008'
'037_007','038_011'
'037_008','038_014'
'037_009','038_015'
'037_010','038_027'
'037_011','038_010'
'037_012','038_005'
'037_013','038_012'
'037_014','038_004'
'037_015','038_003'
'037_016','038_033'
'037_017','038_018'
'037_018','038_022'
'037_019','038_017'
'037_020','038_026'
'037_021','038_043'
'037_022','038_006'
'037_023','038_019'
'037_024','038_029'
'037_025','038_030'
'037_026','038_020'
'037_027','038_056'
'037_028','038_032'
'037_029','038_025'
'037_030','038_023'
'037_031','038_036'
'037_032','038_031'
'037_033','038_054'
'037_034','038_024'
'037_035','038_028'
'037_036','038_021'
'037_037','038_051'
'037_038','038_001'
'037_039','038_039'
'037_040','038_041'
'037_041','038_055'
'037_042','038_057'
'037_043','038_035'
'037_044','038_046'
'037_045','038_049'
'037_046','038_034'
'037_047','038_044'
'037_048','038_040'
'037_049','038_037'
'037_050','038_050'
'037_051','038_048'
'037_052','038_045'
'037_053','038_052'
'037_054','038_059'
'037_055','038_053'
'037_056','038_061'
'037_057','038_042'
'037_058','038_060'
'037_059','038_047'
'037_061','038_062'
'037_062','038_038'
'037_063','038_063'
'037_064','038_245'
'037_100','038_100'
'038_001','039_013'
'038_002','039_002'
'038_003','039_005'
'038_004','039_051'
'038_005','039_009'
'038_006','039_019'
'038_007','039_016'
'038_008','039_026'
'038_010','039_015'
'038_011','039_004'
'038_012','039_011'
'038_013','039_023'
'038_014','039_006'
'038_015','039_007'
'038_016','039_001'
'038_017','039_003'
'038_018','039_033'
'038_019','039_018'
'038_020','039_038'
'038_021','039_037'
'038_022','039_029'
'038_023','039_032'
'038_024','039_010'
'038_025','039_012'
'038_026','039_043'
'038_027','039_027'
'038_028','039_025'
'038_029','039_017'
'038_030','039_008'
'038_031','039_028'
'038_032','039_040'
'038_033','039_031'
'038_034','039_036'
'038_035','039_053'
'038_036','039_047'
'038_037','039_041'
'038_038','039_060'
'038_039','039_024'
'038_040','039_014'
'038_041','039_034'
'038_042','039_039'
'038_043','039_035'
'038_044','039_050'
'038_045','039_042'
'038_046','039_044'
'038_047','039_052'
'038_048','039_046'
'038_049','039_048'
'038_050','039_045'
'038_051','039_030'
'038_052','039_055'
'038_053','039_056'
'038_054','039_057'
'038_055','039_058'
'038_056','039_049'
'038_057','039_021'
'038_059','039_061'
'038_060','039_054'
'038_061','039_059'
'038_062','039_062'
'038_063','039_064'
'038_100','039_200'
'038_101','039_020'
'038_245','039_022'
'039_001','040_013'
'039_002','040_007'
'039_003','040_014'
'039_004','040_003'
'039_005','040_034'
'039_006','040_020'
'039_007','040_027'
'039_008','040_028'
'039_009','040_023'
'039_010','040_042'
'039_011','040_026'
'039_012','040_010'
'039_013','040_001'
'039_014','040_033'
'039_015','040_004'
'039_016','040_011'
'039_017','040_015'
'039_018','040_005'
'039_019','040_021'
'039_020','040_018'
'039_021','040_031'
'039_022','040_058'
'039_023','040_009'
'039_024','040_053'
'039_025','040_025'
'039_026','040_008'
'039_027','040_017'
'039_028','040_030'
'039_029','040_016'
'039_030','040_024'
'039_031','040_022'
'039_032','040_047'
'039_033','040_032'
'039_034','040_041'
'039_035','040_048'
'039_036','040_019'
'039_037','040_029'
'039_038','040_006'
'039_039','040_045'
'039_040','040_012'
'039_041','040_064'
'039_042','040_050'
'039_043','040_039'
'039_044','040_035'
'039_045','040_046'
'039_046','040_038'
'039_047','040_037'
'039_048','040_036'
'039_049','040_051'
'039_050','040_054'
'039_051','040_002'
'039_052','040_063'
'039_053','040_040'
'039_054','040_049'
'039_055','040_043'
'039_056','040_055'
'039_057','040_056'
'039_058','040_057'
'039_059','040_059'
'039_060','040_044'
'039_061','040_060'
'039_062','040_052'
'039_064','040_062'
'039_200','040_100'
'040_001','041_008'
'040_002','041_031'
'040_003','041_001'
'040_004','041_003'
'040_005','041_007'
'040_006','041_014'
'040_007','041_017'
'040_008','041_006'
'040_009','041_022'
'040_010','041_028'
'040_011','041_012'
'040_012','041_044'
'040_013','041_011'
'040_014','041_023'
'040_015','041_002'
'040_016','041_018'
'040_017','041_038'
'040_018','041_010'
'040_019','041_021'
'040_020','041_030'
'040_021','041_016'
'040_022','041_013'
'040_023','041_033'
'040_024','041_120'
'040_025','041_029'
'040_026','041_005'
'040_027','041_009'
'040_028','041_026'
'040_029','041_019'
'040_030','041_043'
'040_031','041_042'
'040_032','041_024'
'040_033','041_015'
'040_034','041_004'
'040_035','041_040'
'040_036','041_047'
'040_037','041_020'
'040_038','041_025'
'040_039','041_034'
'040_040','041_027'
'040_041','041_037'
'040_042','041_046'
'040_043','041_045'
'040_044','041_041'
'040_045','041_036'
'040_046','041_061'
'040_047','041_039'
'040_048','041_050'
'040_049','041_054'
'040_050','041_032'
'040_051','041_049'
'040_052','041_058'
'040_053','041_048'
'040_054','041_051'
'040_055','041_052'
'040_056','041_035'
'040_057','041_053'
'040_058','041_987'
'040_059','041_056'
'040_060','041_057'
'040_062','041_059'
'040_063','041_122'
'040_064','041_123'
'040_100','041_100'
'041_001','042_013'
'041_002','042_027'
'041_003','042_004'
'041_004','042_020'
'041_005','042_044'
'041_006','042_012'
'041_007','042_032'
'041_008','042_002'
'041_009','042_009'
'041_010','042_018'
'041_011','042_033'
'041_012','042_026'
'041_013','042_005'
'041_014','042_017'
'041_015','042_007'
'041_016','042_031'
'041_017','042_050'
'041_018','042_014'
'041_019','042_021'
'041_020','042_030'
'041_021','042_046'
'041_022','042_034'
'041_023','042_023'
'041_024','042_025'
'041_025','042_010'
'041_026','042_400'
'041_027','042_006'
'041_028','042_019'
'041_029','042_011'
'041_030','042_041'
'041_031','042_035'
'041_032','042_024'
'041_033','042_016'
'041_034','042_036'
'041_035','042_029'
'041_036','042_058'
'041_037','042_054'
'041_038','042_028'
'041_039','042_053'
'041_040','042_015'
'041_041','042_038'
'041_042','042_047'
'041_043','042_040'
'041_044','042_008'
'041_045','042_051'
'041_046','042_048'
'041_047','042_037'
'041_048','042_039'
'041_049','042_022'
'041_050','042_045'
'041_051','042_043'
'041_052','042_055'
'041_053','042_052'
'041_054','042_049'
'041_056','042_056'
'041_057','042_057'
'041_058','042_060'
'041_059','042_062'
'041_061','042_003'
'041_100','042_042'
'041_120','042_059'
'041_122','042_001'
'041_123','042_063'
'041_987','042_500'
'042_001','043_106'
'042_002','043_006'
'042_003','043_026'
'042_004','043_021'
'042_005','043_029'
'042_006','043_002'
'042_007','043_007'
'042_008','043_034'
'042_009','043_012'
'042_010','043_039'
'042_011','043_015'
'042_012','043_024'
'042_013','043_014'
'042_014','043_220'
'042_015','043_049'
'042_016','043_001'
'042_017','043_005'
'042_018','043_003'
'042_019','043_051'
'042_020','043_054'
'042_021','043_009'
'042_022','043_027'
'042_023','043_031'
'042_024','043_025'
'042_025','043_017'
'042_026','043_037'
'042_027','043_011'
'042_028','043_046'
'042_029','043_013'
'042_030','043_038'
'042_031','043_030'
'042_032','043_042'
'042_033','043_041'
'042_034','043_052'
'042_035','043_345'
'042_036','043_035'
'042_037','043_010'
'042_038','043_018'
'042_039','043_022'
'042_040','043_016'
'042_041','043_044'
'042_042','043_023'
'042_043','043_019'
'042_044','043_020'
'042_045','043_033'
'042_046','043_056'
'042_047','043_032'
'042_048','043_050'
'042_049','043_036'
'042_050','043_008'
'042_051','043_043'
'042_052','043_055'
'042_053','043_060'
'042_054','043_028'
'042_055','043_061'
'042_056','043_045'
'042_057','043_058'
'042_058','043_053'
'042_059','043_047'
'042_060','043_048'
'042_062','043_057'
'042_063','043_105'
'042_400','043_004'
'042_500','043_062'
'043_001','044_003'
'043_002','044_001'
'043_003','044_005'
'043_004','044_018'
'043_005','044_012'
'043_006','044_327'
'043_007','044_011'
'043_008','044_040'
'043_009','044_014'
'043_010','044_017'
'043_011','044_008'
'043_012','044_010'
'043_013','044_009'
'043_014','044_037'
'043_015','044_015'
'043_016','044_032'
'043_017','044_025'
'043_018','044_004'
'043_019','044_023'
'043_020','044_024'
'043_021','044_022'
'043_022','044_039'
'043_023','044_048'
'043_024','044_038'
'043_025','044_007'
'043_026','044_021'
'043_027','044_013'
'043_028','044_016'
'043_029','044_036'
'043_030','044_034'
'043_031','044_020'
'043_032','044_329'
'043_033','044_029'
'043_034','044_019'
'043_035','044_028'
'043_036','044_026'
'043_037','044_033'
'043_038','044_045'
'043_039','044_030'
'043_041','044_042'
'043_042','044_043'
'043_043','044_047'
'043_044','044_027'
'043_045','044_044'
'043_046','044_041'
'043_047','044_051'
'043_048','044_059'
'043_049','044_055'
'043_050','044_054'
'043_051','044_006'
'043_052','044_046'
'043_053','044_049'
'043_054','044_058'
'043_055','044_050'
'043_056','044_057'
'043_057','044_053'
'043_058','044_056'
'043_060','044_060'
'043_061','044_062'
'043_062','044_063'
'043_105','044_002'
'043_106','044_052'
'043_220','044_035'
'043_345','044_328'
'044_001','045_001'
'044_002','045_060'
'044_003','045_005'
'044_004','045_042'
'044_005','045_010'
'044_006','045_033'
'044_007','045_013'
'044_008','045_027'
'044_009','045_032'
'044_010','045_023'
'044_011','045_011'
'044_012','045_014'
'044_013','045_022'
'044_014','045_019'
'044_015','045_015'
'044_016','045_021'
'044_017','045_009'
'044_018','045_028'
'044_019','045_029'
'044_020','045_020'
'044_021','045_002'
'044_022','045_100'
'044_023','045_039'
'044_024','045_044'
'044_025','045_018'
'044_026','045_024'
'044_027','045_004'
'044_028','045_050'
'044_029','045_034'
'044_030','045_030'
'044_032','045_008'
'044_033','045_016'
'044_034','045_025'
'044_035','045_012'
'044_036','045_026'
'044_037','045_007'
'044_038','045_006'
'044_039','045_049'
'044_040','045_037'
'044_041','045_036'
'044_042','045_051'
'044_043','045_035'
'044_044','045_048'
'044_045','045_031'
'044_046','045_053'
'044_047','045_054'
'044_048','045_056'
'044_049','045_047'
'044_050','045_058'
'044_051','045_041'
'044_052','045_017'
'044_053','045_038'
'044_054','045_052'
'044_055','045_055'
'044_056','045_057'
'044_057','045_043'
'044_058','045_003'
'044_059','045_040'
'044_060','045_059'
'044_062','045_061'
'044_063','045_064'
'044_327','045_101'
'044_328','045_203'
'044_329','045_046'
'045_001','046_002'
'045_002','046_011'
'045_003','046_005'
'045_004','046_022'
'045_005','046_001'
'045_006','046_024'
'045_007','046_012'
'045_008','046_017'
'045_009','046_035'
'045_010','046_006'
'045_011','046_015'
'045_012','046_008'
'045_013','046_052'
'045_014','046_105'
'045_015','046_013'
'045_016','046_027'
'045_017','046_010'
'045_018','046_042'
'045_019','046_021'
'045_020','046_050'
'045_021','046_025'
'045_022','046_029'
'045_023','046_033'
'045_024','046_028'
'045_025','046_004'
'045_026','046_601'
'045_027','046_999'
'045_028','046_020'
'045_029','046_038'
'045_030','046_014'
'045_031','046_009'
'045_032','046_018'
'045_033','046_030'
'045_034','046_045'
'045_035','046_019'
'045_036','046_049'
'045_037','046_059'
'045_038','046_053'
'045_039','046_041'
'045_040','046_048'
'045_041','046_026'
'045_042','046_996'
'045_043','046_036'
'045_044','046_007'
'045_046','046_039'
'045_047','046_037'
'045_048','046_047'
'045_049','046_032'
'045_050','046_055'
'045_051','046_023'
'045_052','046_034'
'045_053','046_040'
'045_054','046_046'
'045_055','046_054'
'045_056','046_043'
'045_057','046_056'
'045_058','046_060'
'045_059','046_051'
'045_060','046_058'
'045_061','046_061'
'045_064','046_044'
'045_100','046_003'
'045_101','046_600'
'045_203','046_997'
'046_001','047_050'
'046_002','047_016'
'046_003','047_102'
'046_004','047_004'
'046_005','047_001'
'046_006','047_103'
'046_007','047_008'
'046_008','047_006'
'046_009','047_010'
'046_010','047_005'
'046_011','047_002'
'046_012','047_021'
'046_013','047_033'
'046_014','047_022'
'046_015','047_011'
'046_017','047_032'
'046_018','047_007'
'046_019','047_039'
'046_020','047_018'
'046_021','047_009'
'046_022','047_104'
'046_023','047_031'
'046_024','047_035'
'046_025','047_037'
'046_026','047_017'
'046_027','047_015'
'046_028','047_029'
'046_029','047_012'
'046_030','047_014'
'046_032','047_100'
'046_033','047_019'
'046_034','047_044'
'046_035','047_026'
'046_036','047_030'
'046_037','047_046'
'046_038','047_013'
'046_039','047_053'
'046_040','047_036'
'046_041','047_038'
'046_042','047_040'
'046_043','047_020'
'046_044','047_101'
'046_045','047_024'
'046_046','047_043'
'046_047','047_048'
'046_048','047_049'
'046_049','047_055'
'046_050','047_034'
'046_051','047_061'
'046_052','047_052'
'046_053','047_041'
'046_054','047_051'
'046_055','047_047'
'046_056','047_059'
'046_058','047_028'
'046_059','047_998'
'046_060','047_056'
'046_061','047_057'
'046_105','047_025'
'046_600','047_042'
'046_601','047_062'
'046_996','047_996'
'046_997','047_997'
'046_999','047_999'
'047_001','048_026'
'047_002','048_044'
'047_004','048_006'
'047_005','048_007'
'047_006','048_017'
'047_007','048_027'
'047_008','048_009'
'047_009','048_034'
'047_010','048_013'
'047_010','048_036'
'047_011','048_039'
'047_012','048_028'
'047_013','048_032'
'047_014','048_003'
'047_015','048_049'
'047_016','048_016'
'047_017','048_030'
'047_018','048_019'
'047_019','048_014'
'047_020','048_012'
'047_021','048_015'
'047_022','048_025'
'047_024','048_057'
'047_025','048_005'
'047_026','048_038'
'047_029','048_011'
'047_030','048_022'
'047_031','048_063'
'047_032','048_021'
'047_033','048_010'
'047_034','048_041'
'047_035','048_033'
'047_036','048_031'
'047_037','048_020'
'047_038','048_046'
'047_039','048_040'
'047_040','048_048'
'047_041','048_045'
'047_042','048_024'
'047_043','048_052'
'047_044','048_050'
'047_046','048_047'
'047_047','048_035'
'047_048','048_043'
'047_049','048_037'
'047_050','048_018'
'047_051','048_059'
'047_052','048_101'
'047_053','048_061'
'047_055','048_054'
'047_056','048_062'
'047_057','048_056'
'047_059','048_058'
'047_061','048_060'
'047_062','048_100'
'047_100','048_004'
'047_101','048_042'
'047_102','048_023'
'047_103','048_008'
'047_104','048_102'
'047_996','048_996'
'047_997','048_997'
'047_998','048_998'
'047_999','048_999'
'048_003','049_029'
'048_004','049_011'
'048_005','049_007'
'048_006','049_019'
'048_007','049_023'
'048_008','049_300'
'048_009','049_062'
'048_010','049_004'
'048_011','049_022'
'048_012','049_028'
'048_013','049_020'
'048_014','049_009'
'048_015','049_017'
'048_016','049_045'
'048_017','049_018'
'048_018','049_054'
'048_019','049_006'
'048_020','049_010'
'048_021','049_012'
'048_022','049_046'
'048_023','049_014'
'048_024','049_021'
'048_025','049_013'
'048_026','049_008'
'048_027','049_030'
'048_028','049_016'
'048_030','049_061'
'048_031','049_041'
'048_032','049_024'
'048_033','049_015'
'048_034','049_026'
'048_035','049_036'
'048_036','049_039'
'048_037','049_047'
'048_038','049_051'
'048_039','049_005'
'048_039','049_031'
'048_040','049_027'
'048_041','049_032'
'048_042','049_100'
'048_043','049_040'
'048_044','049_044'
'048_045','049_048'
'048_046','049_043'
'048_047','049_033'
'048_048','049_025'
'048_049','049_038'
'048_050','049_037'
'048_052','049_055'
'048_054','049_042'
'048_056','049_056'
'048_057','049_049'
'048_058','049_059'
'048_059','049_058'
'048_060','049_053'
'048_061','049_035'
'048_062','049_064'
'048_063','049_052'
'048_100','049_001'
'048_101','049_034'
'048_102','049_301'
'048_996','049_998'
'048_997','049_997'
'048_998','049_999'
'048_999','049_996'
'049_001','050_004'
'049_004','050_002'
'049_005','050_024'
'049_006','050_025'
'049_007','050_015'
'049_008','050_008'
'049_009','050_006'
'049_010','050_013'
'049_011','050_011'
'049_012','050_038'
'049_013','050_033'
'049_014','050_014'
'049_015','050_023'
'049_016','050_035'
'049_017','050_062'
'049_018','050_037'
'049_019','050_034'
'049_020','050_030'
'049_021','050_027'
'049_022','050_043'
'049_023','050_029'
'049_024','050_018'
'049_025','050_052'
'049_026','050_042'
'049_027','050_045'
'049_028','050_020'
'049_029','050_049'
'049_030','050_031'
'049_031','050_063'
'049_032','050_036'
'049_033','050_051'
'049_034','050_046'
'049_035','050_012'
'049_036','050_026'
'049_037','050_041'
'049_038','050_022'
'049_039','050_005'
'049_040','050_017'
'049_041','050_010'
'049_042','050_057'
'049_043','050_019'
'049_044','050_032'
'049_045','050_028'
'049_046','050_053'
'049_047','050_050'
'049_048','050_066'
'049_049','050_047'
'049_051','050_054'
'049_052','050_039'
'049_052','050_040'
'049_053','050_059'
'049_054','050_044'
'049_055','050_064'
'049_056','050_048'
'049_058','050_055'
'049_059','050_060'
'049_061','050_021'
'049_062','050_007'
'049_064','050_056'
'049_100','050_058'
'049_300','050_016'
'049_301','050_001'
'049_996','050_996'
'049_997','050_998'
'049_998','050_999'
'049_999','050_003'
'050_001','051_046'
'050_002','051_008'
'050_003','051_006'
'050_004','051_004'
'050_005','051_011'
'050_006','051_003'
'050_007','051_007'
'050_008','051_039'
'050_010','051_020'
'050_011','051_005'
'050_012','051_100'
'050_013','051_018'
'050_014','051_009'
'050_015','051_012'
'050_016','051_001'
'050_017','051_044'
'050_018','051_052'
'050_019','051_048'
'050_020','051_024'
'050_021','051_030'
'050_022','051_013'
'050_023','051_034'
'050_024','051_055'
'050_025','051_019'
'050_026','051_038'
'050_027','051_002'
'050_028','051_031'
'050_029','051_021'
'050_030','051_025'
'050_031','051_029'
'050_032','051_053'
'050_033','051_027'
'050_034','051_049'
'050_035','051_016'
'050_036','051_028'
'050_037','051_040'
'050_038','051_022'
'050_039','051_059'
'050_040','051_015'
'050_041','051_045'
'050_042','051_041'
'050_043','051_058'
'050_044','051_036'
'050_045','051_035'
'050_046','051_033'
'050_047','051_010'
'050_048','051_062'
'050_049','051_014'
'050_050','051_061'
'050_051','051_056'
'050_052','051_032'
'050_053','051_043'
'050_054','051_026'
'050_055','051_063'
'050_056','051_050'
'050_057','051_037'
'050_058','051_067'
'050_059','051_057'
'050_060','051_051'
'050_062','051_065'
'050_063','051_042'
'050_064','051_064'
'050_066','051_023'
'050_066','051_060'
'050_996','051_047'
'050_998','051_102'
'050_999','051_999'
'051_001','052_014'
'051_002','052_023'
'051_003','052_010'
'051_004','052_008'
'051_005','052_006'
'051_006','052_100'
'051_007','052_021'
'051_008','052_012'
'051_009','052_007'
'051_010','052_003'
'051_011','052_026'
'051_012','052_015'
'051_013','052_101'
'051_014','052_017'
'051_015','052_020'
'051_016','052_027'
'051_018','052_024'
'051_019','052_025'
'051_020','052_019'
'051_021','052_001'
'051_022','052_011'
'051_023','052_049'
'051_024','052_016'
'051_025','052_037'
'051_026','052_045'
'051_027','052_018'
'051_028','052_013'
'051_029','052_034'
'051_030','052_009'
'051_030','052_028'
'051_031','052_043'
'051_032','052_042'
'051_033','052_022'
'051_034','052_050'
'051_035','052_030'
'051_036','052_004'
'051_037','052_053'
'051_038','052_051'
'051_039','052_035'
'051_040','052_033'
'051_041','052_036'
'051_042','052_064'
'051_043','052_052'
'051_044','052_041'
'051_045','052_039'
'051_046','052_048'
'051_047','052_029'
'051_048','052_040'
'051_049','052_032'
'051_050','052_046'
'051_051','052_055'
'051_052','052_038'
'051_053','052_103'
'051_055','052_057'
'051_056','052_054'
'051_057','052_063'
'051_058','052_044'
'051_059','052_065'
'051_060','052_031'
'051_061','052_047'
'051_062','052_060'
'051_063','052_059'
'051_064','052_062'
'051_065','052_056'
'051_067','052_067'
'051_100','052_005'
'051_102','052_066'
'051_999','052_058'
'052_001','053_001'
'052_003','053_010'
'052_004','053_018'
'052_005','053_022'
'052_006','053_003'
'052_007','053_013'
'052_008','053_017'
'052_009','053_049'
'052_010','053_031'
'052_011','053_005'
'052_012','053_014'
'052_013','053_012'
'052_014','053_006'
'052_015','053_032'
'052_016','053_052'
'052_017','053_025'
'052_018','053_019'
'052_019','053_029'
'052_020','053_028'
'052_021','053_004'
'052_022','053_011'
'052_023','053_048'
'052_024','053_034'
'052_025','053_009'
'052_026','053_038'
'052_027','053_020'
'052_028','053_008'
'052_029','053_026'
'052_030','053_041'
'052_031','053_037'
'052_032','053_027'
'052_033','053_100'
'052_034','053_024'
'052_035','053_044'
'052_036','053_046'
'052_037','053_030'
'052_038','053_015'
'052_039','053_045'
'052_040','053_033'
'052_041','053_040'
'052_042','053_066'
'052_043','053_002'
'052_044','053_023'
'052_045','053_054'
'052_046','053_043'
'052_047','053_039'
'052_048','053_007'
'052_049','053_047'
'052_050','053_016'
'052_051','053_035'
'052_052','053_036'
'052_053','053_050'
'052_054','053_059'
'052_055','053_042'
'052_056','053_064'
'052_057','053_056'
'052_058','053_065'
'052_059','053_051'
'052_060','053_061'
'052_062','053_058'
'052_063','053_057'
'052_064','053_055'
'052_065','053_062'
'052_066','053_102'
'052_067','053_063'
'052_100','053_101'
'052_101','053_021'
'052_103','053_053'
'053_001','054_005'
'053_002','054_001'
'053_003','054_028'
'053_004','054_002'
'053_005','054_029'
'053_006','054_004'
'053_007','054_010'
'053_008','054_037'
'053_009','054_011'
'053_010','054_014'
'053_011','054_006'
'053_012','054_007'
'053_013','054_031'
'053_014','054_009'
'053_015','054_015'
'053_016','054_017'
'053_017','054_012'
'053_018','054_024'
'053_019','054_013'
'053_020','054_046'
'053_021','054_100'
'053_022','054_018'
'053_023','054_039'
'053_024','054_030'
'053_025','054_021'
'053_026','054_034'
'053_027','054_049'
'053_028','054_051'
'053_029','054_038'
'053_030','054_025'
'053_031','054_020'
'053_032','054_023'
'053_033','054_022'
'053_034','054_019'
'053_035','054_045'
'053_036','054_050'
'053_037','054_035'
'053_038','054_047'
'053_039','054_026'
'053_040','054_058'
'053_041','054_053'
'053_042','054_041'
'053_043','054_060'
'053_044','054_043'
'053_045','054_042'
'053_046','054_008'
'053_047','054_048'
'053_048','054_102'
'053_049','054_063'
'053_050','054_055'
'053_051','054_061'
'053_052','054_027'
'053_053','054_062'
'053_054','054_036'
'053_055','054_016'
'053_056','054_044'
'053_057','054_056'
'053_058','054_052'
'053_059','054_059'
'053_061','054_065'
'053_062','054_064'
'053_063','054_032'
'053_064','054_101'
'053_065','054_057'
'053_066','054_234'
'053_100','054_040'
'053_101','054_003'
'053_102','054_033'
'054_001','055_001'
'054_002','055_008'
'054_003','055_014'
'054_004','055_004'
'054_005','055_028'
'054_006','055_005'
'054_007','055_023'
'054_008','055_066'
'054_009','055_052'
'054_010','055_010'
'054_011','055_012'
'054_012','055_056'
'054_013','055_006'
'054_014','055_011'
'054_015','055_019'
'054_016','055_034'
'054_017','055_009'
'054_018','055_065'
'054_019','055_021'
'054_020','055_003'
'054_021','055_026'
'054_022','055_049'
'054_023','055_105'
'054_024','055_048'
'054_025','055_027'
'054_026','055_050'
'054_027','055_031'
'054_028','055_002'
'054_029','055_007'
'054_030','055_029'
'054_031','055_039'
'054_032','055_036'
'054_033','055_035'
'054_034','055_016'
'054_035','055_020'
'054_036','055_045'
'054_037','055_025'
'054_038','055_038'
'054_039','055_015'
'054_040','055_053'
'054_041','055_030'
'054_042','055_033'
'054_043','055_041'
'054_044','055_018'
'054_045','055_040'
'054_046','055_017'
'054_047','055_044'
'054_048','055_022'
'054_049','055_042'
'054_050','055_059'
'054_051','055_037'
'054_052','055_046'
'054_053','055_032'
'054_055','055_047'
'054_056','055_058'
'054_057','055_067'
'054_058','055_043'
'054_059','055_024'
'054_060','055_055'
'054_061','055_057'
'054_062','055_123'
'054_063','055_106'
'054_064','055_064'
'054_065','055_061'
'054_100','055_060'
'054_101','055_062'
'054_102','055_013'
'054_234','055_054'
'055_001','056_113'
'055_002','056_031'
'055_003','056_116'
'055_004','056_003'
'055_005','056_114'
'055_006','056_018'
'055_007','056_013'
'055_008','056_026'
'055_009','056_017'
'055_010','056_015'
'055_011','056_010'
'055_012','056_004'
'055_013','056_028'
'055_014','056_062'
'055_015','056_029'
'055_016','056_100'
'055_017','056_016'
'055_018','056_044'
'055_019','056_009'
'055_020','056_043'
'055_021','056_019'
'055_022','056_035'
'055_023','056_046'
'055_024','056_020'
'055_025','056_007'
'055_026','056_101'
'055_027','056_038'
'055_028','056_002'
'055_029','056_109'
'055_030','056_030'
'055_031','056_036'
'055_032','056_042'
'055_033','056_022'
'055_034','056_021'
'055_035','056_041'
'055_036','056_050'
'055_037','056_040'
'055_038','056_047'
'055_039','056_008'
'055_040','056_056'
'055_041','056_005'
'055_042','056_037'
'055_043','056_039'
'055_044','056_051'
'055_045','056_011'
'055_046','056_033'
'055_047','056_053'
'055_048','056_107'
'055_049','056_027'
'055_050','056_006'
'055_052','056_025'
'055_053','056_111'
'055_054','056_103'
'055_055','056_058'
'055_056','056_065'
'055_057','056_055'
'055_058','056_057'
'055_059','056_054'
'055_060','056_023'
'055_061','056_059'
'055_062','056_112'
'055_063','056_104'
'055_064','056_061'
'055_065','056_048'
'055_066','056_105'
'055_067','056_052'
'055_105','056_110'
'055_106','056_108'
'055_123','056_102'
'055_125','056_204'
'056_002','057_109'
'056_003','057_031'
'056_004','057_114'
'056_005','057_110'
'056_006','057_059'
'056_007','057_119'
'056_008','057_015'
'056_009','057_005'
'056_010','057_006'
'056_011','057_032'
'056_013','057_019'
'056_015','057_009'
'056_016','057_029'
'056_017','057_021'
'056_018','057_049'
'056_019','057_028'
'056_020','057_013'
'056_021','057_023'
'056_022','057_034'
'056_023','057_039'
'056_025','057_120'
'056_026','057_012'
'056_027','057_030'
'056_028','057_008'
'056_029','057_037'
'056_030','057_045'
'056_031','057_024'
'056_033','057_040'
'056_035','057_038'
'056_036','057_004'
'056_037','057_003'
'056_037','057_066'
'056_038','057_056'
'056_039','057_048'
'056_040','057_054'
'056_041','057_105'
'056_042','057_043'
'056_043','057_036'
'056_044','057_051'
'056_046','057_042'
'056_047','057_046'
'056_048','057_027'
'056_050','057_063'
'056_051','057_052'
'056_052','057_104'
'056_053','057_053'
'056_054','057_058'
'056_055','057_060'
'056_056','057_041'
'056_057','057_061'
'056_058','057_057'
'056_059','057_062'
'056_061','057_064'
'056_062','057_016'
'056_065','057_065'
'056_100','057_100'
'056_101','057_007'
'056_101','057_101'
'056_102','057_134'
'056_103','057_020'
'056_104','057_102'
'056_105','057_103'
'056_107','057_025'
'056_108','057_047'
'056_109','057_010'
'056_110','057_026'
'056_111','057_106'
'056_112','057_067'
'056_113','057_112'
'056_114','057_116'
'056_116','057_055'
'056_145','057_118'
'056_146','057_135'
'056_204','057_111'
'057_003','058_055'
'057_004','058_003'
'057_005','058_009'
'057_006','058_005'
'057_007','058_004'
'057_008','058_051'
'057_009','058_002'
'057_010','058_020'
'057_012','058_010'
'057_013','058_019'
'057_015','058_023'
'057_016','058_013'
'057_017','058_024'
'057_019','058_036'
'057_020','058_048'
'057_021','058_027'
'057_023','058_006'
'057_024','058_049'
'057_025','058_061'
'057_026','058_137'
'057_027','058_015'
'057_028','058_007'
'057_029','058_031'
'057_030','058_032'
'057_031','058_034'
'057_032','058_035'
'057_034','058_025'
'057_034','058_046'
'057_036','058_018'
'057_037','058_041'
'057_038','058_053'
'057_039','058_067'
'057_040','058_059'
'057_041','058_052'
'057_042','058_030'
'057_043','058_037'
'057_045','058_042'
'057_046','058_044'
'057_047','058_017'
'057_048','058_043'
'057_049','058_001'
'057_049','058_072'
'057_051','058_056'
'057_052','058_047'
'057_053','058_029'
'057_054','058_057'
'057_055','058_016'
'057_056','058_063'
'057_057','058_060'
'057_058','058_040'
'057_059','058_038'
'057_060','058_062'
'057_061','058_045'
'057_062','058_068'
'057_064','058_069'
'057_065','058_066'
'057_066','058_054'
'057_067','058_140'
'057_100','058_028'
'057_101','058_136'
'057_102','058_065'
'057_103','058_008'
'057_104','058_026'
'057_105','058_064'
'057_106','058_138'
'057_109','058_011'
'057_110','058_135'
'057_111','058_134'
'057_112','058_050'
'057_114','058_022'
'057_116','058_139'
'057_118','058_141'
'057_119','058_142'
'057_120','058_039'
'057_134','058_150'
'057_135','058_151'
'058_001','059_003'
'058_002','059_029'
'058_003','059_036'
'058_004','059_015'
'058_005','059_035'
'058_006','059_022'
'058_007','059_012'
'058_008','059_008'
'058_009','059_009'
'058_010','059_018'
'058_011','059_170'
'058_013','059_031'
'058_015','059_027'
'058_016','059_038'
'058_017','059_025'
'058_018','059_016'
'058_019','059_023'
'058_020','059_002'
'058_022','059_020'
'058_023','059_037'
'058_025','059_024'
'058_026','059_046'
'058_027','059_014'
'058_028','059_050'
'058_029','059_045'
'058_030','059_011'
'058_031','059_005'
'058_032','059_065'
'058_034','059_007'
'058_035','059_021'
'058_036','059_033'
'058_037','059_044'
'058_038','059_043'
'058_039','059_071'
'058_040','059_053'
'058_041','059_030'
'058_042','059_051'
'058_043','059_047'
'058_044','059_039'
'058_045','059_049'
'058_046','059_040'
'058_047','059_028'
'058_048','059_032'
'058_049','059_063'
'058_050','059_048'
'058_051','059_058'
'058_052','059_055'
'058_053','059_034'
'058_054','059_057'
'058_055','059_064'
'058_056','059_066'
'058_057','059_026'
'058_059','059_060'
'058_060','059_059'
'058_061','059_041'
'058_062','059_061'
'058_063','059_042'
'058_064','059_062'
'058_065','059_052'
'058_066','059_069'
'058_067','059_056'
'058_068','059_067'
'058_069','059_068'
'058_070','059_070'
'058_072','059_013'
'058_134','059_181'
'058_135','059_180'
'058_136','059_105'
'058_137','059_010'
'058_138','059_006'
'058_139','059_108'
'058_140','059_019'
'058_141','059_109'
'058_142','059_110'
'058_150','059_106'
'058_151','059_107'
'059_002','060_027'
'059_003','060_024'
'059_005','060_003'
'059_006','060_050'
'059_007','060_032'
'059_008','060_022'
'059_009','060_016'
'059_010','060_013'
'059_011','060_057'
'059_011','060_059'
'059_012','060_025'
'059_013','060_015'
'059_014','060_018'
'059_015','060_026'
'059_016','060_040'
'059_018','060_005'
'059_019','060_031'
'059_020','060_034'
'059_021','060_069'
'059_022','060_009'
'059_023','060_062'
'059_024','060_019'
'059_025','060_072'
'059_026','060_068'
'059_027','060_023'
'059_028','060_030'
'059_029','060_053'
'059_029','060_067'
'059_030','060_002'
'059_031','060_008'
'059_032','060_047'
'059_033','060_028'
'059_034','060_038'
'059_035','060_058'
'059_036','060_056'
'059_037','060_021'
'059_038','060_073'
'059_039','060_045'
'059_040','060_064'
'059_041','060_006'
'059_042','060_052'
'059_043','060_044'
'059_044','060_014'
'059_044','060_036'
'059_045','060_043'
'059_046','060_035'
'059_047','060_020'
'059_048','060_004'
'059_049','060_049'
'059_050','060_100'
'059_051','060_046'
'059_052','060_075'
'059_053','060_066'
'059_055','060_039'
'059_056','060_033'
'059_057','060_065'
'059_058','060_041'
'059_059','060_051'
'059_060','060_017'
'059_061','060_011'
'059_063','060_105'
'059_064','060_054'
'059_065','060_055'
'059_066','060_060'
'059_067','060_029'
'059_068','060_071'
'059_070','060_074'
'059_071','060_010'
'059_105','060_101'
'059_106','060_048'
'059_107','060_012'
'059_108','060_042'
'059_109','060_007'
'059_110','060_001'
'059_170','060_076'
'059_180','060_110'
'059_181','060_111'
'060_001','061_567'
'060_002','061_022'
'060_003','061_023'
'060_004','061_036'
'060_005','061_061'
'060_006','061_033'
'060_006','061_040'
'060_007','061_568'
'060_008','061_081'
'060_009','061_018'
'060_010','061_007'
'060_011','061_047'
'060_012','061_027'
'060_013','061_009'
'060_014','061_004'
'060_015','061_028'
'060_016','061_003'
'060_017','061_015'
'060_017','061_025'
'060_018','061_030'
'060_019','061_026'
'060_020','061_034'
'060_021','061_019'
'060_022','061_035'
'060_023','061_010'
'060_024','061_024'
'060_025','061_008'
'060_026','061_032'
'060_027','061_017'
'060_028','061_063'
'060_028','061_077'
'060_029','061_051'
'060_030','061_038'
'060_031','061_039'
'060_032','061_013'
'060_033','061_006'
'060_034','061_016'
'060_035','061_014'
'060_036','061_066'
'060_038','061_072'
'060_039','061_005'
'060_039','061_053'
'060_040','061_071'
'060_041','061_002'
'060_042','061_020'
'060_043','061_065'
'060_044','061_049'
'060_045','061_045'
'060_046','061_041'
'060_047','061_012'
'060_048','061_021'
'060_049','061_056'
'060_050','061_059'
'060_051','061_048'
'060_051','061_055'
'060_052','061_074'
'060_053','061_052'
'060_054','061_078'
'060_055','061_043'
'060_056','061_067'
'060_057','061_060'
'060_058','061_011'
'060_059','061_050'
'060_060','061_044'
'060_062','061_054'
'060_063','061_745'
'060_064','061_068'
'060_065','061_062'
'060_066','061_073'
'060_067','061_070'
'060_068','061_057'
'060_069','061_029'
'060_071','061_075'
'060_072','061_069'
'060_074','061_064'
'060_075','061_079'
'060_076','061_058'
'060_100','061_100'
'060_101','061_101'
'060_105','061_678'
'060_110','061_037'
'060_111','061_031'
'061_002','062_045'
'061_003','062_048'
'061_004','062_008'
'061_005','062_041'
'061_006','062_035'
'061_007','062_005'
'061_008','062_009'
'061_008','062_065'
'061_009','062_003'
'061_010','062_014'
'061_011','062_057'
'061_012','062_047'
'061_013','062_100'
'061_014','062_019'
'061_015','062_036'
'061_016','062_018'
'061_017','062_027'
'061_018','062_006'
'061_019','062_015'
'061_020','062_017'
'061_021','062_068'
'061_022','062_016'
'061_023','062_024'
'061_024','062_061'
'061_025','062_026'
'061_026','062_034'
'061_027','062_389'
'061_028','062_010'
'061_029','062_004'
'061_030','062_011'
'061_032','062_046'
'061_033','062_074'
'061_034','062_060'
'061_035','062_032'
'061_036','062_058'
'061_037','062_029'
'061_038','062_037'
'061_039','062_023'
'061_040','062_020'
'061_041','062_053'
'061_043','062_039'
'061_044','062_042'
'061_045','062_076'
'061_047','062_050'
'061_048','062_021'
'061_049','062_056'
'061_050','062_054'
'061_051','062_012'
'061_052','062_033'
'061_053','062_062'
'061_054','062_066'
'061_055','062_022'
'061_056','062_071'
'061_057','062_055'
'061_058','062_658'
'061_059','062_013'
'061_060','062_072'
'061_061','062_030'
'061_062','062_044'
'061_063','062_063'
'061_064','062_052'
'061_065','062_049'
'061_065','062_073'
'061_066','062_064'
'061_067','062_007'
'061_068','062_101'
'061_069','062_059'
'061_070','062_069'
'061_071','062_038'
'061_072','062_051'
'061_073','062_070'
'061_074','062_075'
'061_075','062_077'
'061_077','062_025'
'061_078','062_079'
'061_079','062_028'
'061_081','062_078'
'061_100','062_103'
'061_101','062_104'
'061_567','062_657'
'061_568','062_040'
'061_678','062_043'
'061_745','062_102'
'062_003','063_212'
'062_004','063_063'
'062_005','063_028'
'062_006','063_025'
'062_007','063_301'
'062_008','063_001'
'062_009','063_019'
'062_010','063_013'
'062_011','063_009'
'062_012','063_017'
'062_013','063_010'
'062_014','063_027'
'062_015','063_031'
'062_016','063_012'
'062_017','063_204'
'062_018','063_201'
'062_019','063_003'
'062_020','063_036'
'062_021','063_043'
'062_022','063_045'
'062_023','063_016'
'062_024','063_059'
'062_025','063_011'
'062_026','063_023'
'062_027','063_105'
'062_028','063_102'
'062_029','063_033'
'062_030','063_040'
'062_032','063_007'
'062_033','063_062'
'062_034','063_029'
'062_035','063_030'
'062_036','063_021'
'062_037','063_048'
'062_038','063_068'
'062_039','063_034'
'062_040','063_203'
'062_041','063_020'
'062_042','063_039'
'062_043','063_006'
'062_044','063_070'
'062_045','063_015'
'062_046','063_066'
'062_047','063_044'
'062_048','063_200'
'062_049','063_058'
'062_050','063_014'
'062_051','063_057'
'062_052','063_064'
'062_053','063_055'
'062_054','063_050'
'062_055','063_065'
'062_056','063_052'
'062_057','063_022'
'062_058','063_024'
'062_059','063_071'
'062_060','063_051'
'062_061','063_026'
'062_062','063_032'
'062_063','063_041'
'062_064','063_074'
'062_065','063_049'
'062_066','063_005'
'062_068','063_076'
'062_069','063_069'
'062_070','063_073'
'062_071','063_060'
'062_072','063_042'
'062_073','063_046'
'062_074','063_300'
'062_075','063_067'
'062_076','063_054'
'062_076','063_056'
'062_077','063_072'
'062_078','063_103'
'062_079','063_078'
'062_100','063_215'
'062_101','063_214'
'062_102','063_079'
'062_103','063_100'
'062_104','063_101'
'062_657','063_211'
'062_658','063_210'
'062_659','063_038'
'063_001','064_003'
'063_003','064_409'
'063_005','064_059'
'063_006','064_051'
'063_006','064_056'
'063_007','064_072'
'063_009','064_005'
'063_010','064_070'
'063_011','064_050'
'063_012','064_002'
'063_013','064_008'
'063_014','064_058'
'063_015','064_084'
'063_016','064_030'
'063_017','064_015'
'063_019','064_026'
'063_020','064_036'
'063_021','064_035'
'063_022','064_011'
'063_023','064_034'
'063_024','064_022'
'063_025','064_016'
'063_026','064_037'
'063_027','064_045'
'063_028','064_074'
'063_029','064_027'
'063_030','064_080'
'063_031','064_064'
'063_032','064_013'
'063_033','064_004'
'063_034','064_024'
'063_036','064_023'
'063_038','064_410'
'063_039','064_033'
'063_040','064_025'
'063_040','064_073'
'063_041','064_063'
'063_042','064_032'
'063_043','064_049'
'063_044','064_060'
'063_045','064_044'
'063_046','064_047'
'063_048','064_012'
'063_049','064_046'
'063_050','064_067'
'063_051','064_029'
'063_052','064_041'
'063_054','064_048'
'063_055','064_079'
'063_056','064_014'
'063_057','064_069'
'063_058','064_075'
'063_059','064_006'
'063_060','064_066'
'063_062','064_408'
'063_063','064_076'
'063_064','064_039'
'063_065','064_061'
'063_066','064_043'
'063_067','064_068'
'063_068','064_062'
'063_069','064_055'
'063_070','064_057'
'063_071','064_078'
'063_072','064_052'
'063_073','064_082'
'063_074','064_071'
'063_076','064_081'
'063_078','064_053'
'063_079','064_407'
'063_100','064_467'
'063_101','064_028'
'063_102','064_020'
'063_103','064_468'
'063_105','064_017'
'063_200','064_404'
'063_201','064_031'
'063_203','064_406'
'063_204','064_021'
'063_210','064_403'
'063_211','064_405'
'063_212','064_400'
'063_214','064_065'
'063_215','064_018'
'063_300','064_401'
'063_301','064_402'
'064_002','065_004'
'064_003','065_012'
'064_004','065_005'
'064_005','065_018'
'064_006','065_078'
'064_006','065_083'
'064_008','065_002'
'064_010','065_040'
'064_011','065_057'
'064_012','065_008'
'064_013','065_027'
'064_014','065_009'
'064_015','065_037'
'064_016','065_024'
'064_017','065_001'
'064_018','065_023'
'064_020','065_070'
'064_021','065_006'
'064_022','065_035'
'064_023','065_032'
'064_024','065_044'
'064_025','065_022'
'064_026','065_017'
'064_027','065_013'
'064_028','065_003'
'064_029','065_038'
'064_030','065_401'
'064_031','065_066'
'064_032','065_011'
'064_033','065_048'
'064_034','065_046'
'064_035','065_034'
'064_036','065_069'
'064_037','065_025'
'064_039','065_050'
'064_041','065_051'
'064_043','065_026'
'064_044','065_031'
'064_045','065_041'
'064_046','065_064'
'064_047','065_045'
'064_048','065_029'
'064_049','065_053'
'064_050','065_020'
'064_051','065_405'
'064_052','065_028'
'064_053','065_062'
'064_055','065_059'
'064_056','065_010'
'064_057','065_039'
'064_058','065_014'
'064_059','065_071'
'064_060','065_075'
'064_061','065_056'
'064_062','065_036'
'064_063','065_015'
'064_064','065_052'
'064_064','065_068'
'064_065','065_043'
'064_066','065_073'
'064_067','065_072'
'064_068','065_058'
'064_069','065_063'
'064_070','065_033'
'064_071','065_055'
'064_072','065_084'
'064_073','065_406'
'064_074','065_080'
'064_075','065_065'
'064_076','065_054'
'064_078','065_042'
'064_079','065_081'
'064_080','065_061'
'064_081','065_076'
'064_082','065_631'
'064_084','065_402'
'064_400','065_047'
'064_401','065_060'
'064_402','065_016'
'064_403','065_019'
'064_404','065_007'
'064_406','065_049'
'064_407','065_082'
'064_408','065_086'
'064_409','065_408'
'064_410','065_079'
'064_467','065_532'
'064_468','065_409'
'065_001','066_001'
'065_002','066_006'
'065_003','066_103'
'065_004','066_021'
'065_005','066_012'
'065_006','066_028'
'065_007','066_832'
'065_008','066_030'
'065_009','066_015'
'065_010','066_104'
'065_011','066_029'
'065_012','066_010'
'065_013','066_020'
'065_014','066_041'
'065_015','066_016'
'065_016','066_105'
'065_017','066_011'
'065_018','066_004'
'065_019','066_049'
'065_020','066_034'
'065_022','066_079'
'065_023','066_061'
'065_024','066_037'
'065_025','066_007'
'065_026','066_072'
'065_027','066_044'
'065_028','066_083'
'065_029','066_068'
'065_031','066_074'
'065_032','066_039'
'065_033','066_019'
'065_034','066_048'
'065_035','066_042'
'065_036','066_070'
'065_037','066_073'
'065_038','066_031'
'065_039','066_038'
'065_040','066_056'
'065_041','066_058'
'065_042','066_066'
'065_043','066_057'
'065_044','066_052'
'065_045','066_053'
'065_046','066_051'
'065_047','066_005'
'065_048','066_032'
'065_049','066_110'
'065_050','066_064'
'065_051','066_076'
'065_052','066_046'
'065_053','066_062'
'065_054','066_026'
'065_055','066_063'
'065_056','066_024'
'065_057','066_002'
'065_058','066_059'
'065_059','066_067'
'065_060','066_060'
'065_061','066_081'
'065_062','066_036'
'065_063','066_050'
'065_064','066_069'
'065_065','066_055'
'065_066','066_045'
'065_066','066_101'
'065_068','066_014'
'065_069','066_078'
'065_070','066_106'
'065_071','066_009'
'065_072','066_035'
'065_073','066_027'
'065_075','066_018'
'065_075','066_100'
'065_076','066_043'
'065_078','066_022'
'065_079','066_677'
'065_080','066_084'
'065_081','066_013'
'065_081','066_075'
'065_082','066_085'
'065_083','066_071'
'065_086','066_047'
'065_401','066_023'
'065_402','066_025'
'065_405','066_054'
'065_406','066_077'
'065_407','066_654'
'065_408','066_033'
'065_409','066_108'
'065_532','066_102'
'065_631','066_082'
'066_001','067_002'
'066_002','067_001'
'066_004','067_015'
'066_005','067_025'
'066_006','067_003'
'066_007','067_008'
'066_009','067_005'
'066_010','067_014'
'066_011','067_013'
'066_012','067_009'
'066_013','067_019'
'066_014','067_059'
'066_015','067_007'
'066_016','067_030'
'066_018','067_073'
'066_019','067_038'
'066_020','067_031'
'066_021','067_017'
'066_022','067_055'
'066_023','067_067'
'066_024','067_057'
'066_025','067_054'
'066_026','067_044'
'066_027','067_034'
'066_028','067_053'
'066_029','067_024'
'066_030','067_039'
'066_031','067_052'
'066_032','067_050'
'066_033','067_011'
'066_034','067_020'
'066_035','067_036'
'066_036','067_065'
'066_037','067_026'
'066_038','067_043'
'066_039','067_074'
'066_041','067_023'
'066_042','067_041'
'066_043','067_004'
'066_044','067_066'
'066_045','067_108'
'066_046','067_016'
'066_047','067_080'
'066_048','067_028'
'066_049','067_029'
'066_050','067_032'
'066_051','067_077'
'066_052','067_045'
'066_053','067_061'
'066_054','067_021'
'066_055','067_035'
'066_056','067_048'
'066_057','067_076'
'066_058','067_046'
'066_059','067_062'
'066_060','067_049'
'066_061','067_072'
'066_062','067_042'
'066_063','067_071'
'066_064','067_081'
'066_066','067_056'
'066_067','067_063'
'066_068','067_060'
'066_069','067_037'
'066_070','067_069'
'066_071','067_107'
'066_072','067_068'
'066_073','067_010'
'066_073','067_012'
'066_074','067_070'
'066_075','067_022'
'066_076','067_058'
'066_077','067_018'
'066_078','067_075'
'066_079','067_064'
'066_081','067_085'
'066_082','067_051'
'066_083','067_082'
'066_084','067_078'
'066_085','067_086'
'066_100','067_875'
'066_101','067_006'
'066_102','067_102'
'066_103','067_083'
'066_104','067_033'
'066_105','067_084'
'066_106','067_105'
'066_108','067_047'
'066_654','067_040'
'066_677','067_786'
'066_832','067_027'
'067_001','068_001'
'067_002','068_021'
'067_003','068_004'
'067_004','068_036'
'067_005','068_064'
'067_006','068_014'
'067_007','068_009'
'067_008','068_005'
'067_009','068_010'
'067_010','068_012'
'067_011','068_060'
'067_012','068_020'
'067_013','068_016'
'067_014','068_039'
'067_015','068_028'
'067_016','068_024'
'067_017','068_007'
'067_017','068_023'
'067_018','068_681'
'067_019','068_018'
'067_020','068_025'
'067_021','068_015'
'067_022','068_038'
'067_023','068_019'
'067_024','068_042'
'067_025','068_013'
'067_026','068_044'
'067_027','068_011'
'067_028','068_032'
'067_029','068_006'
'067_030','068_041'
'067_031','068_034'
'067_032','068_046'
'067_033','068_900'
'067_034','068_059'
'067_035','068_027'
'067_036','068_088'
'067_037','068_049'
'067_038','068_040'
'067_039','068_035'
'067_040','068_051'
'067_041','068_003'
'067_041','068_070'
'067_042','068_065'
'067_043','068_054'
'067_044','068_033'
'067_045','068_045'
'067_046','068_029'
'067_047','068_043'
'067_048','068_022'
'067_049','068_056'
'067_050','068_026'
'067_051','068_073'
'067_052','068_079'
'067_053','068_068'
'067_053','068_081'
'067_054','068_111'
'067_055','068_017'
'067_056','068_063'
'067_057','068_071'
'067_058','068_074'
'067_059','068_031'
'067_060','068_078'
'067_061','068_066'
'067_062','068_052'
'067_063','068_057'
'067_064','068_037'
'067_065','068_080'
'067_066','068_062'
'067_067','068_110'
'067_068','068_053'
'067_069','068_072'
'067_070','068_061'
'067_071','068_083'
'067_072','068_048'
'067_073','068_069'
'067_074','068_030'
'067_075','068_084'
'067_076','068_076'
'067_077','068_075'
'067_078','068_058'
'067_080','068_543'
'067_081','068_050'
'067_082','068_086'
'067_083','068_055'
'067_084','068_082'
'067_084','068_102'
'067_085','068_087'
'067_086','068_115'
'067_102','068_101'
'067_105','068_100'
'067_107','068_047'
'067_108','068_112'
'067_786','068_678'
'067_875','068_067'
'068_001','069_012'
'068_001','069_055'
'068_003','069_108'
'068_004','069_102'
'068_005','069_002'
'068_006','069_054'
'068_007','069_027'
'068_009','069_009'
'068_010','069_005'
'068_011','069_092'
'068_012','069_018'
'068_013','069_007'
'068_013','069_109'
'068_014','069_023'
'068_015','069_107'
'068_016','069_022'
'068_017','069_104'
'068_018','069_036'
'068_019','069_011'
'068_020','069_025'
'068_021','069_004'
'068_022','069_024'
'068_023','069_035'
'068_024','069_050'
'068_025','069_017'
'068_026','069_041'
'068_027','069_053'
'068_028','069_014'
'068_029','069_039'
'068_030','069_074'
'068_031','069_028'
'068_032','069_019'
'068_033','069_038'
'068_034','069_021'
'068_035','069_046'
'068_036','069_008'
'068_037','069_086'
'068_038','069_033'
'068_039','069_015'
'068_040','069_068'
'068_041','069_037'
'068_042','069_032'
'068_043','069_031'
'068_044','069_063'
'068_045','069_052'
'068_046','069_044'
'068_047','069_100'
'068_048','069_016'
'068_049','069_067'
'068_050','069_065'
'068_051','069_029'
'068_052','069_064'
'068_053','069_058'
'068_054','069_042'
'068_055','069_013'
'068_056','069_743'
'068_057','069_056'
'068_058','069_043'
'068_059','069_051'
'068_060','069_060'
'068_061','069_048'
'068_062','069_040'
'068_063','069_045'
'068_064','069_069'
'068_065','069_059'
'068_066','069_072'
'068_067','069_034'
'068_068','069_010'
'068_069','069_091'
'068_070','069_087'
'068_071','069_047'
'068_072','069_071'
'068_073','069_049'
'068_074','069_070'
'068_075','069_073'
'068_076','069_066'
'068_078','069_077'
'068_079','069_057'
'068_080','069_076'
'068_081','069_006'
'068_082','069_003'
'068_083','069_062'
'068_084','069_080'
'068_086','069_084'
'068_087','069_061'
'068_088','069_078'
'068_100','069_105'
'068_101','069_106'
'068_102','069_085'
'068_110','069_030'
'068_111','069_083'
'068_112','069_001'
'068_115','069_089'
'068_543','069_020'
'068_678','069_088'
'068_681','069_681'
'068_900','069_907'
'069_001','070_010'
'069_002','070_326'
'069_003','070_105'
'069_004','070_002'
'069_005','070_039'
'069_006','070_019'
'069_007','070_104'
'069_008','070_001'
'069_009','070_014'
'069_010','070_035'
'069_011','070_013'
'069_012','070_088'
'069_013','070_018'
'069_014','070_009'
'069_015','070_042'
'069_016','070_004'
'069_017','070_021'
'069_018','070_024'
'069_019','070_036'
'069_020','070_017'
'069_021','070_046'
'069_022','070_055'
'069_023','070_071'
'069_024','070_016'
'069_025','070_059'
'069_027','070_022'
'069_028','070_026'
'069_029','070_047'
'069_030','070_007'
'069_031','070_006'
'069_032','070_025'
'069_033','070_033'
'069_034','070_082'
'069_035','070_020'
'069_036','070_029'
'069_037','070_034'
'069_038','070_052'
'069_039','070_053'
'069_040','070_040'
'069_041','070_012'
'069_042','070_038'
'069_043','070_008'
'069_044','070_043'
'069_045','070_041'
'069_046','070_045'
'069_047','070_023'
'069_048','070_073'
'069_049','070_037'
'069_050','070_062'
'069_051','070_067'
'069_052','070_064'
'069_053','070_058'
'069_054','070_086'
'069_055','070_015'
'069_056','070_056'
'069_057','070_068'
'069_058','070_031'
'069_059','070_069'
'069_060','070_065'
'069_061','070_075'
'069_062','070_051'
'069_063','070_072'
'069_064','070_048'
'069_065','070_087'
'069_066','070_061'
'069_067','070_063'
'069_068','070_103'
'069_069','070_044'
'069_069','070_054'
'069_070','070_080'
'069_071','070_076'
'069_072','070_057'
'069_073','070_079'
'069_074','070_050'
'069_076','070_085'
'069_077','070_060'
'069_078','070_074'
'069_080','070_066'
'069_083','070_070'
'069_084','070_091'
'069_085','070_030'
'069_086','070_083'
'069_087','070_003'
'069_091','070_084'
'069_092','070_108'
'069_100','070_011'
'069_102','070_327'
'069_104','070_107'
'069_105','070_100'
'069_106','070_102'
'069_107','070_089'
'069_108','070_032'
'069_109','070_106'
'069_110','070_049'
'069_681','070_498'
'069_743','070_027'
'069_907','070_109'
'070_001','071_105'
'070_002','071_003'
'070_003','071_005'
'070_004','071_114'
'070_006','071_843'
'070_007','071_100'
'070_008','071_057'
'070_009','071_013'
'070_010','071_108'
'070_011','071_109'
'070_012','071_011'
'070_013','071_055'
'070_014','071_044'
'070_015','071_026'
'070_016','071_020'
'070_017','071_056'
'070_018','071_016'
'070_019','071_034'
'070_020','071_019'
'070_021','071_051'
'070_022','071_053'
'070_023','071_033'
'070_024','071_040'
'070_025','071_049'
'070_026','071_014'
'070_027','071_017'
'070_029','071_067'
'070_030','071_028'
'070_031','071_032'
'070_032','071_037'
'070_033','071_068'
'070_034','071_061'
'070_035','071_045'
'070_036','071_072'
'070_037','071_090'
'070_038','071_070'
'070_039','071_021'
'070_040','071_035'
'070_041','071_029'
'070_042','071_042'
'070_043','071_046'
'070_044','071_043'
'070_045','071_058'
'070_046','071_031'
'070_047','071_459'
'070_048','071_066'
'070_049','071_024'
'070_050','071_086'
'070_051','071_008'
'070_052','071_069'
'070_053','071_027'
'070_054','071_012'
'070_055','071_052'
'070_056','071_047'
'070_057','071_054'
'070_058','071_036'
'070_059','071_060'
'070_060','071_065'
'070_061','071_073'
'070_062','071_025'
'070_063','071_071'
'070_064','071_039'
'070_065','071_038'
'070_066','071_063'
'070_067','071_059'
'070_068','071_022'
'070_069','071_048'
'070_070','071_110'
'070_071','071_018'
'070_072','071_064'
'070_073','071_074'
'070_074','071_080'
'070_075','071_015'
'070_076','071_083'
'070_079','071_077'
'070_080','071_078'
'070_082','071_041'
'070_083','071_112'
'070_084','071_075'
'070_085','071_081'
'070_086','071_076'
'070_087','071_845'
'070_088','071_009'
'070_089','071_115'
'070_090','071_079'
'070_091','071_085'
'070_100','071_107'
'070_102','071_106'
'070_103','071_023'
'070_103','071_050'
'070_104','071_113'
'070_105','071_111'
'070_106','071_087'
'070_107','071_094'
'070_108','071_118'
'070_109','071_088'
'070_326','071_004'
'070_327','071_006'
'070_498','071_062'
'071_003','072_011'
'071_003','072_017'
'071_004','072_008'
'071_005','072_001'
'071_006','072_048'
'071_008','072_084'
'071_009','072_106'
'071_011','072_030'
'071_012','072_085'
'071_013','072_015'
'071_014','072_006'
'071_015','072_090'
'071_015','072_097'
'071_016','072_019'
'071_017','072_034'
'071_018','072_072'
'071_019','072_031'
'071_020','072_005'
'071_021','072_013'
'071_022','072_023'
'071_023','072_007'
'071_024','072_050'
'071_025','072_052'
'071_026','072_064'
'071_027','072_068'
'071_028','072_036'
'071_029','072_021'
'071_031','072_035'
'071_032','072_037'
'071_033','072_032'
'071_034','072_049'
'071_035','072_040'
'071_036','072_046'
'071_037','072_053'
'071_038','072_029'
'071_039','072_066'
'071_040','072_051'
'071_041','072_062'
'071_042','072_025'
'071_043','072_027'
'071_044','072_014'
'071_045','072_079'
'071_046','072_069'
'071_047','072_057'
'071_048','072_026'
'071_049','072_044'
'071_050','072_033'
'071_051','072_070'
'071_052','072_056'
'071_053','072_043'
'071_054','072_042'
'071_055','072_004'
'071_055','072_010'
'071_056','072_059'
'071_057','072_067'
'071_058','072_022'
'071_059','072_081'
'071_060','072_047'
'071_061','072_088'
'071_062','072_459'
'071_063','072_089'
'071_064','072_009'
'071_065','072_063'
'071_066','072_060'
'071_067','072_058'
'071_068','072_041'
'071_069','072_018'
'071_069','072_039'
'071_070','072_054'
'071_071','072_073'
'071_072','072_071'
'071_073','072_104'
'071_074','072_092'
'071_075','072_078'
'071_076','072_076'
'071_077','072_080'
'071_078','072_082'
'071_079','072_065'
'071_080','072_083'
'071_081','072_077'
'071_083','072_075'
'071_085','072_094'
'071_086','072_105'
'071_087','072_012'
'071_088','072_045'
'071_090','072_095'
'071_094','072_061'
'071_100','072_102'
'071_105','072_020'
'071_107','072_096'
'071_108','072_003'
'071_109','072_002'
'071_110','072_103'
'071_111','072_521'
'071_112','072_100'
'071_113','072_028'
'071_114','072_024'
'071_115','072_101'
'071_118','072_087'
'071_459','072_055'
'071_843','072_843'
'071_845','072_086'
'072_001','073_001'
'072_002','073_006'
'072_003','073_009'
'072_004','073_016'
'072_005','073_025'
'072_006','073_008'
'072_007','073_044'
'072_008','073_021'
'072_009','073_031'
'072_010','073_007'
'072_011','073_003'
'072_012','073_015'
'072_013','073_010'
'072_014','073_023'
'072_015','073_005'
'072_017','073_027'
'072_018','073_012'
'072_019','073_014'
'072_020','073_030'
'072_021','073_047'
'072_022','073_028'
'072_023','073_053'
'072_024','073_107'
'072_025','073_034'
'072_026','073_024'
'072_027','073_073'
'072_028','073_112'
'072_029','073_039'
'072_030','073_050'
'072_031','073_063'
'072_032','073_036'
'072_033','073_115'
'072_034','073_048'
'072_035','073_020'
'072_036','073_038'
'072_037','073_045'
'072_039','073_042'
'072_040','073_037'
'072_041','073_062'
'072_042','073_060'
'072_043','073_065'
'072_044','073_055'
'072_045','073_114'
'072_046','073_067'
'072_047','073_080'
'072_048','073_029'
'072_049','073_054'
'072_050','073_076'
'072_051','073_074'
'072_052','073_068'
'072_053','073_049'
'072_054','073_066'
'072_056','073_032'
'072_057','073_043'
'072_058','073_057'
'072_059','073_058'
'072_060','073_059'
'072_061','073_111'
'072_062','073_026'
'072_063','073_033'
'072_064','073_100'
'072_065','073_116'
'072_066','073_046'
'072_067','073_061'
'072_068','073_079'
'072_069','073_069'
'072_070','073_071'
'072_071','073_056'
'072_072','073_004'
'072_073','073_077'
'072_075','073_084'
'072_076','073_035'
'072_077','073_081'
'072_078','073_101'
'072_079','073_022'
'072_080','073_082'
'072_081','073_075'
'072_082','073_086'
'072_083','073_064'
'072_084','073_105'
'072_085','073_019'
'072_086','073_083'
'072_087','073_013'
'072_088','073_087'
'072_089','073_072'
'072_092','073_088'
'072_094','073_085'
'072_095','073_089'
'072_096','073_091'
'072_097','073_093'
'072_100','073_110'
'072_101','073_052'
'072_102','073_108'
'072_103','073_109'
'072_104','073_113'
'072_105','073_102'
'072_106','073_103'
'072_459','073_040'
'072_521','073_106'
'072_843','073_118'
'073_001','074_004'
'073_003','074_005'
'073_004','074_038'
'073_005','074_015'
'073_006','074_003'
'073_007','074_009'
'073_008','074_006'
'073_009','074_102'
'073_010','074_029'
'073_012','074_036'
'073_013','074_107'
'073_014','074_016'
'073_015','074_041'
'073_016','074_024'
'073_019','074_048'
'073_020','074_022'
'073_021','074_012'
'073_022','074_101'
'073_023','074_013'
'073_024','074_031'
'073_025','074_017'
'073_026','074_021'
'073_027','074_034'
'073_028','074_049'
'073_029','074_044'
'073_030','074_033'
'073_031','074_026'
'073_032','074_047'
'073_033','074_042'
'073_034','074_027'
'073_035','074_077'
'073_036','074_054'
'073_037','074_030'
'073_038','074_007'
'073_039','074_019'
'073_040','074_011'
'073_042','074_025'
'073_043','074_057'
'073_044','074_032'
'073_045','074_037'
'073_046','074_018'
'073_047','074_043'
'073_048','074_056'
'073_049','074_063'
'073_050','074_058'
'073_052','074_023'
'073_053','074_061'
'073_054','074_028'
'073_055','074_045'
'073_056','074_072'
'073_057','074_070'
'073_058','074_010'
'073_059','074_067'
'073_060','074_051'
'073_061','074_035'
'073_062','074_060'
'073_063','074_069'
'073_064','074_039'
'073_065','074_073'
'073_066','074_065'
'073_067','074_062'
'073_068','074_068'
'073_069','074_074'
'073_071','074_064'
'073_072','074_071'
'073_073','074_081'
'073_074','074_050'
'073_075','074_076'
'073_076','074_040'
'073_077','074_066'
'073_079','074_059'
'073_080','074_080'
'073_081','074_083'
'073_082','074_079'
'073_083','074_085'
'073_084','074_088'
'073_085','074_092'
'073_086','074_086'
'073_087','074_090'
'073_088','074_089'
'073_089','074_052'
'073_091','074_091'
'073_093','074_093'
'073_100','074_053'
'073_101','074_020'
'073_102','074_105'
'073_103','074_002'
'073_105','074_104'
'073_106','074_108'
'073_107','074_046'
'073_108','074_100'
'073_109','074_078'
'073_110','074_014'
'073_111','074_087'
'073_112','074_055'
'073_113','074_103'
'073_114','074_008'
'073_115','074_082'
'074_002','075_007'
'074_003','075_046'
'074_004','075_031'
'074_005','075_016'
'074_006','075_107'
'074_007','075_019'
'074_008','075_060'
'074_009','075_023'
'074_010','075_033'
'074_011','075_024'
'074_012','075_011'
'074_013','075_004'
'074_014','075_101'
'074_015','075_039'
'074_016','075_027'
'074_017','075_013'
'074_018','075_020'
'074_018','075_049'
'074_019','075_051'
'074_020','075_008'
'074_021','075_015'
'074_022','075_006'
'074_023','075_014'
'074_024','075_028'
'074_025','075_035'
'074_026','075_062'
'074_027','075_036'
'074_028','075_063'
'074_029','075_009'
'074_030','075_012'
'074_031','075_043'
'074_032','075_068'
'074_033','075_022'
'074_034','075_045'
'074_035','075_026'
'074_036','075_010'
'074_037','075_034'
'074_038','075_073'
'074_039','075_021'
'074_040','075_040'
'074_041','075_042'
'074_042','075_070'
'074_043','075_053'
'074_044','075_003'
'074_045','075_055'
'074_046','075_069'
'074_047','075_054'
'074_048','075_029'
'074_049','075_044'
'074_050','075_057'
'074_051','075_047'
'074_052','075_092'
'074_053','075_072'
'074_054','075_032'
'074_055','075_038'
'074_056','075_086'
'074_057','075_066'
'074_058','075_052'
'074_059','075_061'
'074_060','075_037'
'074_061','075_017'
'074_062','075_067'
'074_063','075_048'
'074_064','075_076'
'074_065','075_064'
'074_066','075_078'
'074_067','075_059'
'074_068','075_079'
'074_069','075_041'
'074_070','075_025'
'074_071','075_071'
'074_072','075_056'
'074_073','075_074'
'074_074','075_077'
'074_076','075_058'
'074_077','075_093'
'074_078','075_075'
'074_079','075_084'
'074_080','075_050'
'074_081','075_065'
'074_082','075_018'
'074_083','075_081'
'074_085','075_083'
'074_086','075_087'
'074_087','075_002'
'074_088','075_088'
'074_089','075_089'
'074_090','075_080'
'074_092','075_090'
'074_100','075_001'
'074_101','075_104'
'074_102','075_103'
'074_103','075_030'
'074_104','075_105'
'074_105','075_102'
'074_107','075_005'
'074_108','075_100'
'075_001','076_004'
'075_002','076_088'
'075_003','076_002'
'075_004','076_001'
'075_005','076_063'
'075_006','076_010'
'075_007','076_006'
'075_008','076_087'
'075_009','076_062'
'075_010','076_008'
'075_011','076_567'
'075_012','076_036'
'075_013','076_003'
'075_014','076_102'
'075_015','076_005'
'075_016','076_033'
'075_017','076_078'
'075_018','076_072'
'075_019','076_049'
'075_020','076_025'
'075_021','076_054'
'075_022','076_083'
'075_023','076_012'
'075_024','076_031'
'075_025','076_028'
'075_026','076_074'
'075_027','076_022'
'075_028','076_035'
'075_029','076_024'
'075_030','076_207'
'075_031','076_019'
'075_032','076_030'
'075_033','076_494'
'075_034','076_023'
'075_035','076_058'
'075_036','076_029'
'075_037','076_018'
'075_038','076_051'
'075_039','076_009'
'075_040','076_060'
'075_041','076_007'
'075_042','076_013'
'075_043','076_071'
'075_044','076_026'
'075_045','076_100'
'075_046','076_101'
'075_047','076_034'
'075_048','076_075'
'075_049','076_020'
'075_050','076_011'
'075_051','076_492'
'075_052','076_045'
'075_053','076_067'
'075_054','076_042'
'075_055','076_021'
'075_056','076_065'
'075_057','076_015'
'075_058','076_044'
'075_059','076_056'
'075_060','076_069'
'075_061','076_038'
'075_062','076_017'
'075_063','076_043'
'075_064','076_053'
'075_065','076_077'
'075_066','076_048'
'075_067','076_037'
'075_068','076_016'
'075_069','076_047'
'075_069','076_068'
'075_070','076_032'
'075_071','076_076'
'075_072','076_061'
'075_073','076_046'
'075_074','076_027'
'075_075','076_040'
'075_076','076_064'
'075_077','076_050'
'075_078','076_039'
'075_079','076_055'
'075_080','076_041'
'075_081','076_084'
'075_083','076_070'
'075_084','076_057'
'075_086','076_689'
'075_087','076_073'
'075_088','076_082'
'075_089','076_079'
'075_090','076_085'
'075_092','076_496'
'075_093','076_052'
'075_100','076_104'
'075_101','076_080'
'075_102','076_103'
'075_103','076_621'
'075_104','076_014'
'075_105','076_081'
'075_107','076_059'
'076_001','077_004'
'076_002','077_002'
'076_003','077_010'
'076_004','077_068'
'076_005','077_025'
'076_006','077_020'
'076_007','077_018'
'076_008','077_024'
'076_009','077_027'
'076_010','077_019'
'076_011','077_030'
'076_012','077_022'
'076_013','077_011'
'076_014','077_016'
'076_015','077_037'
'076_016','077_032'
'076_017','077_006'
'076_018','077_033'
'076_019','077_015'
'076_020','077_007'
'076_021','077_023'
'076_022','077_028'
'076_023','077_017'
'076_024','077_040'
'076_025','077_045'
'076_026','077_055'
'076_027','077_066'
'076_028','077_039'
'076_029','077_047'
'076_030','077_021'
'076_031','077_041'
'076_032','077_062'
'076_033','077_001'
'076_034','077_043'
'076_035','077_009'
'076_036','077_042'
'076_037','077_049'
'076_038','077_060'
'076_039','077_029'
'076_040','077_008'
'076_041','077_034'
'076_042','077_046'
'076_043','077_077'
'076_044','077_036'
'076_045','077_031'
'076_046','077_014'
'076_047','077_044'
'076_048','077_065'
'076_049','077_054'
'076_050','077_052'
'076_051','077_076'
'076_052','077_101'
'076_053','077_057'
'076_054','077_051'
'076_055','077_035'
'076_056','077_056'
'076_057','077_072'
'076_058','077_067'
'076_059','077_078'
'076_060','077_086'
'076_061','077_026'
'076_062','077_087'
'076_063','077_089'
'076_064','077_073'
'076_065','077_053'
'076_067','077_082'
'076_068','077_048'
'076_069','077_776'
'076_070','077_083'
'076_071','077_081'
'076_072','077_013'
'076_073','077_080'
'076_074','077_038'
'076_074','077_063'
'076_075','077_343'
'076_076','077_058'
'076_077','077_079'
'076_078','077_050'
'076_079','077_075'
'076_080','077_059'
'076_081','077_012'
'076_082','077_084'
'076_083','077_064'
'076_083','077_200'
'076_084','077_074'
'076_085','077_085'
'076_087','077_005'
'076_088','077_090'
'076_100','077_100'
'076_101','077_069'
'076_102','077_104'
'076_103','077_102'
'076_104','077_070'
'076_207','077_071'
'076_492','077_492'
'076_494','077_494'
'076_496','077_496'
'076_567','077_003'
'076_621','077_088'
'076_689','077_689'
'077_001','078_018'
'077_002','078_002'
'077_003','078_006'
'077_004','078_004'
'077_005','078_060'
'077_006','078_013'
'077_007','078_020'
'077_008','078_067'
'077_009','078_016'
'077_010','078_025'
'077_011','078_022'
'077_012','078_088'
'077_013','078_035'
'077_014','078_034'
'077_015','078_005'
'077_016','078_026'
'077_017','078_024'
'077_018','078_027'
'077_019','078_003'
'077_020','078_001'
'077_021','078_042'
'077_022','078_038'
'077_023','078_029'
'077_024','078_017'
'077_025','078_011'
'077_026','078_036'
'077_027','078_007'
'077_028','078_030'
'077_029','078_056'
'077_030','078_050'
'077_031','078_021'
'077_032','078_108'
'077_033','078_033'
'077_034','078_052'
'077_035','078_074'
'077_036','078_054'
'077_037','078_044'
'077_038','078_019'
'077_039','078_023'
'077_040','078_015'
'077_041','078_043'
'077_042','078_048'
'077_043','078_057'
'077_044','078_014'
'077_045','078_037'
'077_046','078_046'
'077_047','078_066'
'077_048','078_039'
'077_049','078_063'
'077_050','078_061'
'077_051','078_032'
'077_052','078_049'
'077_053','078_062'
'077_054','078_041'
'077_055','078_040'
'077_056','078_076'
'077_057','078_068'
'077_058','078_047'
'077_059','078_083'
'077_060','078_059'
'077_062','078_028'
'077_063','078_045'
'077_064','078_058'
'077_065','078_031'
'077_066','078_075'
'077_067','078_077'
'077_068','078_100'
'077_069','078_109'
'077_070','078_069'
'077_071','078_010'
'077_072','078_082'
'077_073','078_071'
'077_074','078_080'
'077_075','078_084'
'077_076','078_009'
'077_077','078_051'
'077_078','078_055'
'077_079','078_081'
'077_080','078_073'
'077_081','078_070'
'077_082','078_105'
'077_083','078_087'
'077_084','078_086'
'077_085','078_089'
'077_086','078_093'
'077_087','078_107'
'077_088','078_091'
'077_089','078_079'
'077_090','078_110'
'077_100','078_012'
'077_101','078_065'
'077_102','078_106'
'077_104','078_053'
'077_200','078_064'
'077_343','078_085'
'077_492','078_092'
'077_494','078_090'
'077_496','078_496'
'077_689','078_094'
'078_001','079_026'
'078_002','079_004'
'078_003','079_017'
'078_004','079_013'
'078_005','079_001'
'078_006','079_010'
'078_007','079_016'
'078_009','079_009'
'078_010','079_105'
'078_011','079_035'
'078_012','079_008'
'078_013','079_007'
'078_014','079_002'
'078_015','079_020'
'078_016','079_011'
'078_017','079_045'
'078_018','079_041'
'078_019','079_019'
'078_020','079_036'
'078_021','079_033'
'078_022','079_231'
'078_023','079_022'
'078_024','079_030'
'078_025','079_021'
'078_026','079_052'
'078_027','079_018'
'078_028','079_042'
'078_029','079_015'
'078_030','079_056'
'078_031','079_012'
'078_032','079_054'
'078_033','079_031'
'078_034','079_025'
'078_035','079_040'
'078_036','079_014'
'078_037','079_046'
'078_038','079_049'
'078_039','079_034'
'078_040','079_032'
'078_041','079_066'
'078_042','079_048'
'078_043','079_006'
'078_044','079_037'
'078_045','079_029'
'078_046','079_028'
'078_047','079_059'
'078_048','079_027'
'078_049','079_071'
'078_050','079_053'
'078_051','079_047'
'078_052','079_023'
'078_053','079_039'
'078_054','079_051'
'078_055','079_043'
'078_056','079_062'
'078_057','079_050'
'078_058','079_058'
'078_059','079_060'
'078_060','079_076'
'078_061','079_068'
'078_062','079_069'
'078_063','079_055'
'078_064','079_089'
'078_065','079_090'
'078_066','079_061'
'078_067','079_104'
'078_068','079_070'
'078_069','079_024'
'078_070','079_067'
'078_071','079_083'
'078_073','079_075'
'078_074','079_003'
'078_075','079_064'
'078_076','079_063'
'078_077','079_077'
'078_079','079_038'
'078_080','079_078'
'078_081','079_074'
'078_082','079_082'
'078_083','079_092'
'078_084','079_079'
'078_085','079_080'
'078_086','079_085'
'078_087','079_087'
'078_088','079_073'
'078_089','079_086'
'078_090','079_108'
'078_092','079_100'
'078_093','079_088'
'078_094','079_091'
'078_100','079_101'
'078_100','079_106'
'078_105','079_072'
'078_106','079_233'
'078_107','079_093'
'078_108','079_005'
'078_109','079_044'
'078_110','079_081'
'078_496','079_496'
'079_001','080_004'
'079_002','080_008'
'079_003','080_023'
'079_004','080_017'
'079_005','080_099'
'079_006','080_024'
'079_007','080_005'
'079_008','080_013'
'079_009','080_039'
'079_010','080_020'
'079_011','080_011'
'079_012','080_047'
'079_013','080_018'
'079_014','080_006'
'079_015','080_036'
'079_016','080_002'
'079_016','080_026'
'079_017','080_010'
'079_018','080_044'
'079_019','080_007'
'079_020','080_012'
'079_021','080_015'
'079_022','080_071'
'079_023','080_051'
'079_024','080_055'
'079_025','080_027'
'079_026','080_016'
'079_027','080_022'
'079_028','080_092'
'079_029','080_038'
'079_030','080_021'
'079_031','080_037'
'079_032','080_079'
'079_033','080_048'
'079_034','080_107'
'079_035','080_070'
'079_036','080_028'
'079_037','080_063'
'079_038','080_042'
'079_039','080_102'
'079_040','080_059'
'079_041','080_003'
'079_042','080_029'
'079_043','080_034'
'079_044','080_014'
'079_045','080_009'
'079_046','080_040'
'079_047','080_033'
'079_048','080_053'
'079_049','080_057'
'079_050','080_031'
'079_051','080_068'
'079_052','080_043'
'079_053','080_061'
'079_054','080_064'
'079_055','080_060'
'079_056','080_052'
'079_058','080_046'
'079_059','080_069'
'079_060','080_067'
'079_061','080_050'
'079_062','080_082'
'079_063','080_089'
'079_064','080_086'
'079_066','080_032'
'079_067','080_087'
'079_068','080_045'
'079_069','080_072'
'079_070','080_054'
'079_071','080_049'
'079_072','080_035'
'079_073','080_078'
'079_074','080_062'
'079_075','080_080'
'079_076','080_084'
'079_077','080_075'
'079_078','080_074'
'079_079','080_091'
'079_080','080_066'
'079_081','080_109'
'079_082','080_083'
'079_083','080_081'
'079_085','080_093'
'079_086','080_095'
'079_087','080_077'
'079_088','080_094'
'079_089','080_076'
'079_090','080_088'
'079_091','080_065'
'079_092','080_100'
'079_093','080_030'
'079_100','080_041'
'079_101','080_058'
'079_104','080_056'
'079_105','080_090'
'079_106','080_019'
'079_108','080_108'
'079_231','080_652'
'079_233','080_073'
'079_496','080_496'