Frame,ID,Volume_nowarp,MeanIntensity_nowarp,GMMIntensity_nowarp,Bimodality_nowarp,Centroid_1,Centroid_2,Centroid_3
1,1,23243,142.3750807,0,0,844.466377,957.7123005,53.74344964
1,2,26952,145.8042075,0,0,760.9176313,1028.794672,43.04040516
1,3,24212,136.3117462,0,0,671.346192,1009.054271,48.58148852
1,4,27451,148.0869914,0,0,872.2418491,1033.652217,62.92809005
1,5,22716,143.4411868,0,0,745.7809033,913.2850414,50.74753478
1,6,8056,171.6968719,0,0,837.2142502,1153.709161,39.92328699
1,7,11890,156.5155593,0,0,753.4368377,1114.966358,47.98561817
1,8,11730,143.8766411,0,0,813.4117647,1179.207587,61.8400682
1,9,9278,187.9399655,0,0,922.8483509,1016.429726,51.00754473
1,10,12695,156.9689642,0,0,772.1137456,1048.970933,57.94383616
1,11,14654,153.1330695,0,0,645.8750512,967.7258769,65.56742186
2,1,24886,141.4991562,0,0,840.964036,952.7871896,52.07900024
2,2,23532,141.6724035,0,0,740.4900986,911.0984192,51.40209077
2,3,30642,145.1322694,0,0,880.8023954,1027.098296,61.42702826
2,4,14762,156.6404959,0,0,768.2220566,1044.67877,57.74386939
2,5,12668,152.3810388,0,0,752.5783075,1111.879855,49.1038838
2,6,10923,179.689188,0,0,910.5392291,1015.262565,49.96374622
2,7,13073,141.3323644,0,0,828.9843953,1174.881588,61.53400138
2,8,9834,171.6900549,0,0,808.4912548,1165.426378,40.97518812
2,9,12454,163.3561105,0,0,755.0798137,1034.292436,39.79195439
2,10,17172,147.2800489,0,0,649.2539017,959.9696599,65.77836012
2,11,11073,150.0244739,0,0,628.1866703,1028.196966,49.25855685
3,1,22804,138.1659797,0,0,831.4885985,951.071084,50.75197334
3,2,23554,138.0790099,0,0,732.1428208,910.9902352,51.16451558
3,3,14438,151.466131,0,0,764.6433717,1041.982823,57.06905389
3,4,12458,145.8292663,0,0,749.5234388,1110.738401,49.03740568
3,5,11175,172.9001342,0,0,900.1439821,1015.874541,48.53154362
3,6,14831,145.8834199,0,0,743.552424,1027.508529,38.83129931
3,7,11652,133.8650875,0,0,817.5396498,1177.600755,60.59165808
3,8,17010,150.1761317,0,0,643.5773663,955.408642,65.38747795
3,9,11057,164.2087365,0,0,878.957493,1024.610111,61.1618884
3,10,11571,152.8549823,0,0,618.5005617,1022.971653,49.97969061
3,11,10213,145.9369431,0,0,798.6465289,1167.863507,41.57710761
4,1,12155,174.6618675,0,0,901.9104895,1004.415549,47.61892225
4,2,24206,140.646286,0,0,834.1940428,945.0815913,50.43542923
4,3,11298,146.8593556,0,0,810.0236325,1162.961232,42.38405027
4,4,13446,143.218578,0,0,777.767217,1115.772795,49.3632307
4,5,22193,137.6390303,0,0,735.6369125,912.6193845,52.81728473
4,6,18254,146.2593404,0,0,663.2995508,949.3308864,66.17760491
4,7,15932,155.2495606,0,0,893.8578961,1038.365554,61.12641225
4,8,15038,146.9211996,0,0,781.1187658,1048.951057,57.47865408
4,9,12786,136.7544971,0,0,820.4677773,1188.969185,59.77530111
4,10,5304,164.9343891,0,0,751.7251131,1008.957768,37.32202112
4,11,5800,152.7637931,0,0,722.3624138,1055.935,45.15413793
4,12,3870,180.5105943,0,0,585.2067183,974.5571059,46.74392765
4,14,3976,175.4424044,0,0,709.111167,1059.597334,56.22359155
5,1,12115,165.4929426,0,0,867.3038382,1010.869913,44.75096987
5,2,24314,142.0888788,0,0,731.1524636,914.0076088,53.75121329
5,3,13357,150.07045,0,0,763.0220858,1131.492925,49.78879988
5,4,24306,140.7315478,0,0,819.8039167,949.6234675,50.32580433
5,5,18253,150.9511313,0,0,671.3521065,941.848025,66.53317263
5,6,15079,145.4902182,0,0,826.6095895,1193.036607,58.80244048
5,7,15268,153.4805476,0,0,784.3848572,1058.63525,58.18135971
5,8,6150,200.2590244,0,0,878.4886179,1070.466016,52.78390244
5,9,5492,183.7864166,0,0,718.3814639,973.8539694,35.9528405
5,10,10053,168.5139759,0,0,763.4380782,1137.636228,40.36058888
5,11,4954,177.4854663,0,0,688.7139685,1090.894227,50.84497376
5,12,5580,170.5198925,0,0,592.0603943,976.8268817,46.52240143
5,14,5981,168.2691858,0,0,921.7791339,1024.183414,61.42785487
5,15,5076,156.6946414,0,0,695.9574468,1072.707841,60.12115839
6,1,15240,140.3235564,0,0,739.2211286,1115.219554,50.40767717
6,2,24187,136.1976682,0,0,747.726754,912.2730392,54.38640592
6,3,12552,145.0195985,0,0,875.2260198,962.7458572,52.51593372
6,4,17438,150.3628283,0,0,778.9116298,1056.961463,58.62277784
6,5,18817,145.4144656,0,0,697.8927034,924.5551363,67.55582718
6,6,9370,148.1062967,0,0,767.8096051,960.5975454,39.04493063
6,7,9995,138.4046023,0,0,688.3447724,1044.151476,60.7823912
6,8,9323,147.8082162,0,0,861.2713719,1130.958061,50.19124745
6,9,10536,130.3016325,0,0,804.6715072,1175.586845,61.74487472
6,10,11844,142.6639649,0,0,625.5864573,935.9200439,47.61288416
6,11,11272,149.2291519,0,0,859.7913414,1063.679915,45.62375798
6,12,13017,136.6811093,0,0,721.5901513,1112.39072,42.12706461
6,13,10846,141.9259635,0,0,856.9606306,1012.514752,67.95159506
6,14,10496,137.6455793,0,0,687.404154,1060.918255,52.09670351
7,1,25139,139.4719758,0,0,766.7795059,929.8096583,55.50359998
7,2,10636,150.7725649,0,0,763.1068071,947.2888304,39.44678451
7,3,13371,139.2123252,0,0,702.5514172,1094.120185,40.7307606
7,4,15887,146.5803487,0,0,807.6048341,1202.373387,55.60917731
7,5,11162,146.1334886,0,0,636.7370543,933.6592009,50.94911306
7,6,17176,150.8891476,0,0,793.4195389,1081.418083,56.44241966
7,7,11621,153.8025987,0,0,846.3362878,1073.961621,42.09362361
7,8,18205,144.955287,0,0,738.8622356,970.2118099,68.91073881
7,9,11575,143.7699352,0,0,695.5210367,1063.103585,51.27490281
7,10,9785,148.4829842,0,0,848.815534,1146.232499,45.31272356
7,11,11858,144.1409175,0,0,890.3589981,1067.943667,64.63543599
7,12,11188,139.7147837,0,0,734.4435109,1119.090543,48.34563818
7,13,11371,135.3429778,0,0,706.8900712,1068.96535,60.17395128
7,14,10185,159.0959254,0,0,877.0091311,975.4746195,50.6131566
8,1,24159,135.8116644,0,0,764.5613643,936.3452544,55.56740759
8,2,16960,142.8165684,0,0,784.8644458,1084.258844,57.37694575
8,3,16177,138.7615133,0,0,797.0058107,1203.19435,55.76225505
8,4,13278,155.7186323,0,0,824.465055,1089.57953,42.69392981
8,5,9828,155.4201262,0,0,833.2399267,1153.230362,45.72476597
8,6,13835,136.5399349,0,0,719.8219733,1126.286375,48.67697868
8,7,12089,137.5366862,0,0,684.6405823,1057.572587,51.64231946
8,8,12517,140.6997683,0,0,777.5203323,949.8927858,40.30526484
8,9,12183,131.9241566,0,0,706.8011163,1071.928999,60.28671099
8,10,18054,140.2724604,0,0,735.8824637,972.807688,68.77877479
8,11,13598,136.8995441,0,0,890.4212384,1064.288057,63.74635976
8,12,10816,146.4499815,0,0,684.9041235,1097.74926,41.29068047
8,13,12016,141.3911451,0,0,632.4941744,942.2917776,51.5286285
8,15,3897,182.3759302,0,0,935.5124455,942.2091352,53.82063125
8,16,4058,162.3982257,0,0,807.365451,1060.224248,48.29398719
9,1,25641,138.6304356,0,0,771.2146952,938.4498654,55.7990328
9,2,10057,164.5385304,0,0,830.4825495,1153.861291,45.67674257
9,3,16399,148.6610769,0,0,787.3636807,1084.470821,57.14330142
9,4,13932,164.2241602,0,0,821.6459231,1086.562661,42.85544071
9,5,12259,153.1651032,0,0,686.830655,1093.992577,41.04682274
9,6,13704,141.8338441,0,0,718.1984822,1123.602087,48.80399883
9,7,14909,143.0444027,0,0,790.4027768,1200.791535,55.14273258
9,8,12394,144.3367759,0,0,638.8177344,937.9874133,51.95925448
9,9,12900,147.2537984,0,0,781.1273643,950.0978295,40.59271318
9,10,11749,144.0646864,0,0,685.9541238,1055.213465,51.60549834
9,11,17842,145.8203677,0,0,735.6213429,976.7785562,68.94686694
9,12,12588,135.0550524,0,0,706.2449158,1071.038688,60.04790276
9,13,11595,140.4792583,0,0,891.545925,1069.760241,64.06580423
9,14,6495,155.7969207,0,0,806.7442648,1050.241878,49.21755196
9,15,6044,159.696724,0,0,922.4090007,945.2902052,55.6932495
10,1,26015,134.9552566,0,0,768.5678263,937.0290217,55.78689218
10,2,18170,142.9045129,0,0,787.1325261,1084.910292,57.5210787
10,3,14354,138.5995541,0,0,716.7988017,1124.102898,49.28807301
10,4,13865,139.197115,0,0,888.7074648,1079.887126,62.56199062
10,5,12406,153.5250685,0,0,814.9579236,1090.584072,43.60801225
10,6,12377,147.3438636,0,0,691.953866,1090.486548,40.75591824
10,7,12991,140.3819567,0,0,788.6800092,958.4988838,41.09852975
10,8,14557,138.1870578,0,0,780.7021364,1197.200728,54.77337363
10,9,11796,137.671414,0,0,919.1277552,946.7227026,57.34749067
10,10,12414,140.9967778,0,0,685.1023039,1053.27622,51.51490253
10,11,17250,144.6196522,0,0,727.4056232,980.3590725,68.98828986
10,12,11066,150.6124164,0,0,826.7757997,1155.726731,46.03379722
10,13,13176,133.3477535,0,0,702.747116,1070.920386,59.80054645
10,14,13503,141.0577649,0,0,640.8318892,942.2843812,51.87099163
10,15,9981,138.7986174,0,0,813.1767358,1052.245166,50.42981665
11,1,26659,136.3956638,0,0,769.5019693,928.1808395,55.7586181
11,2,14954,140.5674067,0,0,885.3275378,1083.40638,62.66276582
11,3,18461,145.8009317,0,0,787.0912735,1085.321976,57.719896
11,4,12855,153.14648,0,0,693.8307273,1093.675224,40.55215869
11,5,13830,142.1011569,0,0,715.0129429,1124.462184,49.48561099
11,6,13346,143.2752135,0,0,638.5628653,946.2307808,51.41795294
11,7,13785,132.9644541,0,0,698.0116794,1070.925934,59.34116794
11,8,12973,141.9377939,0,0,789.8096046,962.6064904,41.04678949
11,9,12251,144.8032814,0,0,685.3925394,1053.517672,51.04922047
11,10,18919,145.5613405,0,0,727.2068291,979.8152122,68.86870342
11,11,12744,154.2018205,0,0,812.2474105,1095.652778,44.0735248
11,12,10871,151.4585595,0,0,823.8932021,1157.729188,46.48716769
11,13,14887,139.3778464,0,0,777.3143011,1197.192383,55.20212266
11,14,12249,138.3757858,0,0,919.907421,952.3074537,57.64584864
11,15,10203,140.9606978,0,0,815.7411546,1051.993335,50.28344605
12,1,17908,144.352524,0,0,765.4713536,1075.24704,59.27518428
12,2,15344,132.4324166,0,0,723.5620438,1184.595738,57.2749609
12,3,15108,139.3155944,0,0,794.3108949,1167.381387,49.39316918
12,4,14631,131.161438,0,0,854.5586768,1106.935821,64.73364773
12,5,13263,140.9126894,0,0,816.4307472,992.5598281,41.48473196
12,6,13817,139.620178,0,0,655.3029601,936.2686546,48.98487371
12,7,12589,135.0691874,0,0,912.1781714,1002.075145,61.46882199
12,8,12480,149.0245994,0,0,694.5358974,1109.566026,50.65753205
12,9,20949,143.5853263,0,0,704.9206645,970.6169268,68.13652203
12,10,13006,141.9915424,0,0,688.1497001,1034.64255,50.01814547
12,11,10901,143.016604,0,0,800.6038896,1112.60022,46.15457297
12,12,14068,145.8224339,0,0,699.5501137,1097.241897,40.40069662
12,13,12109,136.8632422,0,0,816.1119828,1055.139813,52.13097696
12,14,12220,143.1684943,0,0,671.4972177,1047.826923,58.72381342
12,15,11337,148.4251566,0,0,788.1570962,909.9401958,55.394196
13,1,11538,154.7962385,0,0,804.0699428,1107.496187,45.50052002
13,2,12499,151.2038563,0,0,819.6286103,1154.295144,49.12961037
13,3,16302,136.9718439,0,0,708.0343516,1125.567415,51.42908846
13,4,13654,145.6215761,0,0,782.7886334,986.4671159,40.5504614
13,5,12319,144.2801364,0,0,819.4048218,1045.240847,50.94098547
13,6,20039,154.1801986,0,0,785.0877788,1072.869055,58.96911024
13,7,14186,143.7599041,0,0,887.4885098,1078.875229,62.62554631
13,8,14572,130.6570135,0,0,691.2864397,1061.445237,59.36885808
13,9,14119,140.7727176,0,0,632.8241377,966.2059636,50.59664282
13,10,13307,140.1683325,0,0,909.9948899,964.4214323,58.37003081
13,11,14523,145.4426083,0,0,696.0460649,1116.235489,41.41024582
13,12,21410,141.4537599,0,0,768.9034563,1186.030126,58.59570294
13,13,12637,142.558123,0,0,684.5430086,1052.979821,50.68188652
13,14,19903,145.0470783,0,0,717.5855399,976.2185098,68.42486057
13,15,4466,166.6012091,0,0,796.7178683,962.9216301,49.90326914
13,16,4642,168.5280052,0,0,747.2526928,858.2020681,58.32744507
14,1,16259,134.992312,0,0,701.8589704,1063.526047,57.52666216
14,2,11992,143.4467979,0,0,832.1903769,1151.626334,48.85056704
14,3,13151,141.1152764,0,0,652.0818949,969.8483005,51.88305072
14,4,16129,137.8066836,0,0,900.7209994,1083.393763,60.87531775
14,5,13727,138.4841553,0,0,797.3120128,989.0266628,40.43439936
14,6,14673,140.1448238,0,0,722.3282219,1125.215702,50.78729639
14,7,12706,143.520935,0,0,815.5133008,1109.858413,45.29647411
14,8,14715,139.756371,0,0,710.6300374,1110.943935,40.23425076
14,9,14682,140.1456205,0,0,797.6230078,1069.614153,58.00892249
14,10,16223,144.0449978,0,0,712.6899464,1016.085927,68.83695987
14,11,14287,136.6607405,0,0,788.3821656,1183.852033,56.83117519
14,12,13186,134.531852,0,0,906.9979524,971.492037,56.75944183
14,13,11073,136.2648785,0,0,837.9286553,1047.955568,50.33008218
14,14,8253,140.8996728,0,0,815.1907185,963.1109899,48.77002302
14,15,10111,140.2227277,0,0,704.1581446,876.0900999,63.05241816
14,16,13257,139.545674,0,0,706.742702,1050.329411,50.13072339
15,1,12555,151.6003186,0,0,822.8285145,1140.886818,48.56662684
15,2,12482,154.0082519,0,0,803.514581,1096.665999,45.00280404
15,3,15144,145.7014659,0,0,699.7898838,1093.308439,40.65002641
15,4,16452,142.259239,0,0,901.3880379,1087.585218,59.70143448
15,5,14538,149.1512588,0,0,713.7825698,1111.743706,50.68661439
15,6,13455,136.7823114,0,0,909.8371609,972.2413973,55.54544779
15,7,13959,142.8571531,0,0,654.2729422,956.7392363,53.64667956
15,8,15489,142.6398089,0,0,779.1315772,1176.727355,56.57143779
15,9,13604,145.1771538,0,0,786.4187004,971.8882682,41.24757424
15,10,16349,148.4867576,0,0,797.5177075,1064.270903,58.31188452
15,11,14809,144.2177054,0,0,703.5914646,1033.882571,51.14477682
15,12,17894,147.288756,0,0,716.9501509,1020.208003,69.60869565
15,13,9563,144.680435,0,0,814.4371013,950.5166789,49.78803723
15,14,13595,136.9611622,0,0,700.9896285,1053.250313,58.52909158
15,15,11150,142.72287,0,0,835.0350673,1039.470852,50.12215247
15,16,11453,139.5907622,0,0,713.1871125,877.2515498,65.54623243
16,1,24257,134.0916024,0,0,754.4420992,1080.717071,69.03265037
16,2,14018,143.9766015,0,0,676.128763,1042.287131,40.71857612
16,3,14035,136.2131101,0,0,715.1093694,1020.454364,52.26519416
16,4,13423,150.4020711,0,0,773.2031588,1081.854205,42.84839455
16,5,14568,144.212246,0,0,888.291804,1150.7662,52.776771
16,6,13422,141.0306959,0,0,925.9987334,1028.372448,52.58627626
16,7,12598,145.629465,0,0,786.3723607,1139.59311,44.77004286
16,8,16025,139.4867395,0,0,803.9072075,1093.498596,55.69223089
16,9,13761,134.9619214,0,0,718.0106824,1060.544292,58.57866434
16,10,14053,141.4414716,0,0,784.5112787,952.1258806,42.55390308
16,11,14091,135.1530764,0,0,694.9393939,946.4402101,57.97792917
16,12,12027,130.2731354,0,0,780.8218176,939.1234722,69.86962667
16,13,13657,139.6806034,0,0,695.5812404,1093.340485,49.99816944
16,14,10892,138.01065,0,0,832.5005509,967.5540764,50.87495409
16,15,13040,134.5671012,0,0,744.9009202,1182.616181,51.34961656
16,16,11011,141.7479793,0,0,834.2720915,1052.059577,48.06802289
17,1,23842,138.7389061,0,0,757.7638201,1080.321491,68.84653133
17,2,14128,152.3929785,0,0,676.7274207,1040.813986,40.50198188
17,3,14565,141.5666323,0,0,717.4462753,1018.265774,51.89914178
17,4,16305,142.441521,0,0,804.4026986,1090.852745,55.69855872
17,5,14138,152.6068044,0,0,771.1725845,1080.063941,42.7701938
17,6,13449,144.873894,0,0,786.7274147,1137.002454,44.80987434
17,7,13346,136.8526899,0,0,927.2207403,1029.409936,52.14985764
17,8,14289,139.3105186,0,0,719.960879,1058.359507,58.55840157
17,9,14490,141.3853692,0,0,786.1330573,951.8409248,42.64340925
17,10,14741,140.4672003,0,0,889.246659,1149.224476,52.20052914
17,11,11493,139.9793788,0,0,837.2827808,1051.718872,47.68868007
17,12,11643,136.8950442,0,0,835.2809413,966.9077557,50.81619857
17,13,14755,138.9680786,0,0,696.0141647,945.9059302,57.81077601
17,14,14381,146.824143,0,0,696.3508796,1090.801752,49.94026841
17,15,12944,132.9105377,0,0,776.8781675,940.9025031,69.71500309
17,16,13771,139.630891,0,0,745.1330332,1182.424297,51.51230847
18,1,14267,136.6576015,0,0,724.1574262,1014.69461,51.3264877
18,2,14057,144.5311233,0,0,770.2767305,1077.195063,42.57750587
18,3,14822,140.4913642,0,0,885.561935,1151.264539,51.04176225
18,4,24348,135.7408411,0,0,761.652415,1076.581896,68.55170856
18,5,15036,137.2378957,0,0,791.1624767,946.6256318,42.76556265
18,6,14197,145.1477777,0,0,683.3800099,1036.651335,39.44960203
18,7,13583,138.0263565,0,0,931.0826769,1031.636457,52.35743208
18,8,13839,139.4740227,0,0,788.4725052,1134.164246,44.80677795
18,9,14418,135.9499931,0,0,698.7725759,944.4771813,57.48009433
18,10,15696,139.3836646,0,0,805.8151758,1089.194827,55.45259939
18,11,13537,140.3627835,0,0,694.5117087,1086.918815,49.48984265
18,12,11617,137.3503486,0,0,848.4458983,1051.738315,47.6316605
18,13,14580,135.1387517,0,0,722.48738,1052.305556,57.75898491
18,14,13941,134.9852952,0,0,745.5749946,1178.15623,51.3255864
18,15,11714,133.5019635,0,0,840.4126686,964.6445279,51.37399693
18,16,13057,130.8227771,0,0,769.9264762,933.150494,68.10645631
19,1,25863,136.2541082,0,0,761.7428759,1074.980242,68.35401926
19,2,14545,138.1497422,0,0,723.2783087,1016.356617,51.33633551
19,3,13656,145.7174868,0,0,767.0359549,1077.884666,42.79693907
19,4,15198,138.7023293,0,0,882.7123306,1153.288656,51.01539676
19,5,14048,135.3515091,0,0,930.8895928,1033.845886,52.33570615
19,6,14781,148.0510791,0,0,681.1956566,1036.177322,39.41708951
19,7,15541,139.3362718,0,0,805.5429509,1087.693134,55.53928319
19,8,14662,137.5908471,0,0,788.6287,943.3193971,42.55394898
19,9,14446,141.5129448,0,0,691.6373391,1087.608334,49.67928838
19,10,11865,136.9556679,0,0,847.3989043,1053.0933,47.7270965
19,11,14157,138.9627746,0,0,786.7140637,1135.825175,45.09401709
19,12,12939,132.0447484,0,0,766.4351186,932.4616276,67.49424221
19,13,14417,136.8447666,0,0,697.7385725,943.5063467,57.1897066
19,14,14099,136.7817576,0,0,720.475211,1053.107951,57.71033407
19,15,13612,137.0539965,0,0,742.2970908,1178.832207,51.2643256
19,16,12017,133.4819006,0,0,842.3655654,964.8150953,51.66722144
20,1,14137,144.0022636,0,0,900.7732899,1066.614062,45.648511
20,2,15907,143.8988496,0,0,662.0347646,924.5104671,46.69755454
20,3,15855,144.8970041,0,0,674.9348471,1024.575781,52.84654683
20,4,14861,142.7677142,0,0,726.8415988,999.3645111,44.43092659
20,5,17095,140.5203276,0,0,783.9978941,1088.648611,52.59461831
20,6,21139,136.3588628,0,0,796.6242017,1131.09078,64.33081035
20,7,13019,142.2015516,0,0,818.4484215,1028.422997,45.44281435
20,8,15015,136.0574759,0,0,800.0955711,897.6949717,48.80619381
20,9,15443,139.855857,0,0,681.8995661,1127.805413,48.66593279
20,10,13883,135.7656126,0,0,737.3135489,981.4593388,55.44233955
20,11,14949,131.9738444,0,0,758.7757041,953.619707,64.15947555
20,12,13881,141.9010878,0,0,722.7750883,1066.7815,43.13637346
20,13,17203,141.9362902,0,0,801.6805208,1138.083125,41.71679358
20,14,11539,126.950169,0,0,847.3139787,1012.550828,68.5636537
20,15,12874,133.7411061,0,0,736.7341153,1047.346978,59.23978561
20,16,11354,136.3674476,0,0,861.5635899,980.7435265,52.63272855
21,1,16072,142.6756471,0,0,676.0857392,1067.231894,39.67440269
21,2,14583,149.4813139,0,0,630.8804773,1054.342934,52.85105945
21,3,20701,136.6588571,0,0,761.7346022,1187.661562,55.03753442
21,4,13646,150.725414,0,0,728.0233768,951.2542137,50.27671112
21,5,13987,139.993494,0,0,801.56002,1070.001215,36.96832773
21,6,15074,147.277763,0,0,712.3232055,1002.08644,58.63971076
21,7,15246,136.5608684,0,0,857.4925882,930.4593992,50.1780795
21,8,12384,153.1961402,0,0,676.0692022,992.7752745,47.81984819
21,9,14995,135.0474158,0,0,762.4939647,1082.780127,57.82534178
21,10,13852,138.2616951,0,0,791.6989604,1008.948166,56.65860526
21,11,15935,144.1555067,0,0,734.1019768,1085.149922,48.87631001
21,12,17303,145.9008264,0,0,744.3732879,887.8664971,58.15436629
21,13,12811,139.2729685,0,0,772.2878776,1011.686441,43.31059246
21,14,13097,137.1620218,0,0,856.3513018,1038.045354,46.14087196
21,15,12263,133.6200767,0,0,890.0927995,1151.198076,57.59463427
21,16,13074,131.1897659,0,0,854.4105094,1056.478966,62.1130488
22,1,14550,141.6125086,0,0,765.3843986,1034.007629,36.93945017
22,2,16282,138.0677435,0,0,651.1258445,1021.99048,42.81120255
22,3,13760,148.8654797,0,0,740.0954942,940.6227471,53.23430233
22,4,14519,132.9263723,0,0,769.9812659,1081.531235,57.29781665
22,5,15844,139.2564378,0,0,865.8057309,935.4637087,50.26483211
22,6,15756,140.2308962,0,0,734.6397563,1003.630553,60.406131
22,7,14299,143.515071,0,0,633.6713756,1032.162459,56.34589831
22,8,16276,143.2603834,0,0,781.2504301,894.7929467,61.19703858
22,9,15207,145.4038272,0,0,724.6915236,1066.844282,49.33826527
22,10,12544,146.7476881,0,0,680.5203284,973.5943878,51.15082908
22,11,17029,135.9173762,0,0,750.7865406,1181.572964,52.94902813
22,12,13926,137.6421801,0,0,839.7700704,1039.209464,45.12164297
22,13,14808,135.8479876,0,0,866.3655457,1076.44611,60.49662345
22,14,14650,136.7754949,0,0,807.5073038,1014.184642,56.75303754
22,15,12872,142.1901802,0,0,758.0609851,983.1945308,43.80546924
22,16,12963,141.2423822,0,0,882.0836226,1159.021909,53.10645684
23,1,14554,138.0188264,0,0,758.3895836,1017.380239,37.44310842
23,2,16288,142.0187868,0,0,644.5758841,1006.928659,43.63961198
23,3,13689,138.3285119,0,0,754.0802834,972.9126306,44.76134122
23,4,15558,144.7878905,0,0,739.2531174,933.2767708,53.87395552
23,5,15024,150.9894835,0,0,628.5361422,1026.150027,57.06469649
23,6,15603,145.6987118,0,0,715.7836954,1060.426969,49.52368134
23,7,17211,135.0794841,0,0,734.2674452,1177.045727,52.78298762
23,8,12767,151.1945641,0,0,676.5017624,964.2101512,52.01762356
23,9,16392,141.1606881,0,0,730.2129087,1001.410078,60.88677404
23,10,14012,133.0535255,0,0,869.2642735,1158.072438,52.87032544
23,11,14816,134.8233666,0,0,868.87554,937.1146058,50.99338553
23,12,13499,132.4151419,0,0,760.2063116,1081.661012,57.66664197
23,13,16820,140.1216409,0,0,784.1851367,894.550654,62.05630202
23,14,13067,132.5311089,0,0,832.4103467,1037.114028,45.48718145
23,15,14197,134.3066141,0,0,801.2117349,1012.95809,56.92040572
23,16,13961,133.3465368,0,0,856.8621159,1082.800516,60.27018122
24,1,16172,138.2532154,0,0,649.4685877,990.169676,43.67431363
24,2,15025,144.8055907,0,0,631.7072213,1021.153145,56.6469218
24,3,16649,134.2535888,0,0,725.7016638,1177.821491,50.78689411
24,4,16789,140.6920007,0,0,713.9590208,1060.023885,48.64369528
24,5,16715,132.2101705,0,0,850.9000897,1103.926413,58.74549806
24,6,14960,137.0329545,0,0,734.2453877,1010.766578,60.61864973
24,7,14341,137.1654696,0,0,760.7611045,965.7512028,44.88954745
24,8,16230,138.1886014,0,0,872.332594,945.7009858,51.58755391
24,9,13751,143.5396698,0,0,685.7144935,964.9907643,52.28245219
24,10,14400,141.4840972,0,0,751.0805556,941.7126389,54.50611111
24,11,14496,133.1267246,0,0,803.5246275,1025.668322,55.8723096
24,12,15069,137.6863096,0,0,760.9287942,1012.36877,37.1681598
24,13,13457,129.8767184,0,0,752.8964108,1093.434049,56.58482574
24,14,16313,137.866916,0,0,796.35297,910.3595905,63.21203948
24,15,14594,134.5252158,0,0,857.4512813,1163.774976,49.79923256
24,16,12920,136.9345201,0,0,831.3797214,1042.434675,44.71075851
25,1,19462,135.3535608,0,0,688.4995889,1166.609393,47.868513
25,2,14568,135.1495744,0,0,765.836285,959.1746293,45.66103789
25,3,17542,141.4655684,0,0,652.113556,951.2095542,47.57997948
25,4,15735,131.702701,0,0,813.9396886,1055.372545,53.71210677
25,5,16258,134.1979333,0,0,856.0466232,965.2149096,62.94021405
25,6,17391,143.629751,0,0,705.6369386,1046.905066,48.76079581
25,7,14515,140.0683431,0,0,786.9642439,959.7729935,55.33868412
25,8,14334,132.0202316,0,0,748.6047858,1109.511999,54.87023859
25,9,13486,144.2974195,0,0,711.693015,962.1732908,54.65349251
25,10,15610,138.8789238,0,0,891.5926329,980.6993594,49.371877
25,11,14871,148.3124874,0,0,655.3407303,1008.539237,59.29386053
25,12,15040,128.2684176,0,0,839.4623005,1142.998737,53.39986702
25,13,15054,136.4112528,0,0,734.8777069,981.4873123,38.16620167
25,14,15252,137.2556386,0,0,762.9045371,1034.980658,60.35005245
25,15,11737,136.0403851,0,0,810.3293005,1048.195621,42.24145864
25,16,12550,131.3442231,0,0,810.0114741,1175.739761,43.47306773
26,1,18757,133.2486538,0,0,652.6957936,1122.29477,47.72980754
26,2,14499,142.844472,0,0,807.2793296,965.2965722,55.53610594
26,3,14514,138.7704975,0,0,770.4551468,948.8321621,46.33188645
26,4,15947,141.91547,0,0,891.2029222,995.8243557,48.38439832
26,5,17865,135.8110831,0,0,882.63644,997.4510495,62.28642597
26,6,15769,137.0966453,0,0,718.6595853,956.9744435,39.81273384
26,7,16278,138.7437646,0,0,771.6322644,1036.874432,60.80562723
26,8,12365,142.0309745,0,0,794.2814395,1036.044885,41.70465022
26,9,13555,135.7642198,0,0,767.7350055,1159.906086,41.81350055
26,10,14599,135.6465511,0,0,807.0273306,1057.591753,52.73532434
26,11,14869,132.3122604,0,0,731.6551214,1098.028314,54.5540386
26,12,17323,143.4391849,0,0,697.5197714,1020.067598,50.41424695
26,13,14866,141.6252523,0,0,732.8921701,951.9786089,56.1550518
26,14,15308,131.6975438,0,0,808.8026522,1149.196695,51.54089365
26,15,15601,142.957695,0,0,678.0793539,979.1103775,62.26248317
26,16,18220,138.3956092,0,0,666.0924259,916.0130077,50.62700329
27,1,16895,136.2667061,0,0,780.4252737,1052.998994,60.44794318
27,2,15394,132.4359491,0,0,806.5922437,1064.34507,51.81096531
27,3,17488,129.3182754,0,0,746.6112191,1147.324851,40.25709058
27,4,15562,134.2484257,0,0,714.1723429,943.7002956,41.30349569
27,5,13686,135.0962297,0,0,773.5656145,945.1288178,47.23023528
27,6,14903,139.3700597,0,0,817.0752869,977.3709991,55.55633094
27,7,19850,131.1433249,0,0,639.124131,1106.705793,47.77602015
27,8,16880,142.394372,0,0,699.6770735,1016.190166,50.87541469
27,9,15355,143.238945,0,0,890.114295,1004.311885,47.26890264
27,10,14449,129.6367915,0,0,798.0769603,1154.651049,49.99743927
27,11,15506,142.1448472,0,0,694.8418677,990.8079453,63.60918354
27,12,16273,137.3390893,0,0,895.9253979,1022.697966,61.16776255
27,13,14675,131.8669165,0,0,727.3006474,1099.444634,53.78017036
27,14,17377,139.3622605,0,0,677.6162168,910.8685043,53.0765955
27,15,12840,136.7975857,0,0,787.7250779,1030.29486,41.31370717
27,16,14493,140.4587042,0,0,743.8973987,960.3400262,57.08652453
28,1,15009,134.0221867,0,0,805.7068426,1065.253381,50.76887201
28,2,16064,132.8763695,0,0,796.5087774,1147.02683,46.31287351
28,3,20253,133.323952,0,0,640.1904409,1083.585296,44.99130993
28,4,15738,134.9110433,0,0,719.6908756,919.4908502,43.72671242
28,5,13065,139.7448909,0,0,793.0095675,1003.777344,41.3634137
28,6,17783,136.421245,0,0,898.6253725,1051.792723,60.01996289
28,7,15569,138.5054275,0,0,818.7032565,991.9121331,56.23822982
28,8,14170,136.5508821,0,0,782.8963303,935.8490473,49.04622442
28,9,15531,142.1075913,0,0,895.718756,996.3986221,48.08930526
28,10,15721,137.3688061,0,0,778.4500986,1076.733668,58.95865403
28,11,17798,139.7903135,0,0,679.0569727,914.9876391,55.58085178
28,12,14917,130.8667963,0,0,722.9581685,1104.681907,51.58316015
28,13,15693,143.3246033,0,0,696.8458548,1015.341554,50.81520423
28,14,16736,141.1678418,0,0,696.2114603,1019.407266,63.64412046
28,15,12608,130.471526,0,0,754.1140546,1116.304806,37.73405774
28,16,14783,140.5159981,0,0,742.2918217,978.8843942,58.13393763
29,1,16774,131.7432932,0,0,792.1345535,1139.564505,45.78180517
29,2,15721,136.0170473,0,0,718.579098,913.0262706,44.11316074
29,3,13962,135.7091391,0,0,781.68579,930.4403381,49.27918636
29,4,16030,138.4798503,0,0,776.7708671,1074.281285,59.03643169
29,5,17075,134.9862372,0,0,898.7242167,1054.106764,59.77505124
29,6,15582,137.1063406,0,0,894.9475677,991.7826338,48.06398408
29,7,13497,135.6110247,0,0,790.9874787,997.8702675,41.46010224
29,8,15704,137.0841187,0,0,818.1874045,990.5340041,56.36793174
29,9,15086,133.2568607,0,0,802.8292457,1061.109903,50.69885987
29,10,20143,136.6361515,0,0,635.5371593,1071.659733,45.11741051
29,11,12036,130.8726321,0,0,746.9637753,1103.779163,37.51728149
29,12,14462,131.6765316,0,0,718.7459549,1098.681787,51.72154612
29,13,16398,145.3353458,0,0,694.1309916,1008.280949,51.11385535
29,14,16607,142.960619,0,0,701.2954778,1012.517432,64.36207623
29,15,17941,141.7326236,0,0,681.7365253,906.8224179,56.31609163
29,16,15312,141.1800549,0,0,742.4495167,974.1718913,58.25607367
30,1,17543,135.1596078,0,0,784.4671949,1124.022573,43.64264949
30,2,15689,138.8590732,0,0,790.9347313,1063.44732,51.03601249
30,3,15952,135.2750125,0,0,740.2497492,893.5483952,46.64361836
30,4,17989,136.9241759,0,0,747.3445439,1088.762966,58.33892935
30,5,15878,138.2114876,0,0,803.9726666,1011.085149,57.98715203
30,6,18096,142.0537688,0,0,675.8624558,1026.929653,63.86101901
30,7,13334,135.8360582,0,0,765.4069297,1059.399655,36.84835758
30,8,19067,138.370483,0,0,683.5968952,904.5797976,57.80484607
30,9,15509,130.2060094,0,0,702.1228964,1088.141789,49.68089496
30,10,16771,138.0313637,0,0,896.8803888,1011.719635,52.00578379
30,11,15501,140.7994323,0,0,727.2055996,982.7205342,58.74066189
30,12,19162,140.0645548,0,0,645.8629579,1025.666528,41.99269387
30,13,13375,138.7801121,0,0,812.455028,981.524486,43.60343925
30,14,17688,136.4643261,0,0,863.711047,1090.159882,61.99185889
30,15,16451,142.5713938,0,0,691.7694365,996.2844812,50.98930156
30,16,14752,137.2919604,0,0,793.6931941,928.5543655,52.28924892
31,1,18031,132.3870556,0,0,787.3299318,1134.671787,43.76351839
31,2,17633,137.1754097,0,0,752.0272784,1089.222537,58.46378949
31,3,18853,139.2285578,0,0,685.8900971,902.7766403,56.40672572
31,4,15990,134.0132583,0,0,743.2070044,902.5863665,45.41569731
31,5,15345,136.7710655,0,0,794.9612252,1069.188726,50.90935158
31,6,15667,136.6008808,0,0,807.5501372,1011.273505,57.50890407
31,7,15542,138.0070776,0,0,901.4361086,1018.165423,51.83316176
31,8,13160,132.4472644,0,0,769.981079,1074.674164,36.4218845
31,9,19496,141.098174,0,0,650.8233997,1037.76113,41.35309807
31,10,14752,134.9541757,0,0,798.9854935,933.4993899,51.25847343
31,11,16908,133.9473622,0,0,868.5808493,1087.878519,62.35320558
31,12,15215,131.035557,0,0,706.5137693,1094.554453,49.59901413
31,13,16129,140.0301941,0,0,729.6842334,983.4357989,57.86124372
31,14,13669,134.1621187,0,0,818.9482771,994.8131539,43.11588265
31,15,16536,142.7651185,0,0,678.765179,1025.459059,63.06918239
31,16,17428,143.2427129,0,0,695.613725,1001.224409,50.12055313
32,1,18313,137.2458363,0,0,695.4803145,887.4857751,57.22284716
32,2,18466,135.0323838,0,0,776.8739305,1127.631593,44.89819127
32,3,17300,135.5604624,0,0,729.5651445,896.0649711,45.32676301
32,4,18401,137.2808,0,0,873.9486984,1066.243139,61.81647737
32,5,14798,141.640492,0,0,790.9045817,1057.327342,51.49831058
32,6,16341,141.2521877,0,0,812.4964812,994.4180283,57.58552108
32,7,15890,140.3560101,0,0,896.3414097,1008.64078,50.95361863
32,8,18217,138.7109842,0,0,756.0187188,1073.128177,59.7564363
32,9,15583,139.6763781,0,0,792.6111147,925.2610537,50.78168517
32,10,13157,139.6585088,0,0,806.5358364,991.1973094,42.74796686
32,11,13247,135.723711,0,0,752.2716842,1069.502378,37.14856194
32,12,15722,130.5676123,0,0,699.4690879,1083.578044,51.55788068
32,13,17616,138.7222979,0,0,680.8073342,1009.411501,64.04189373
32,14,16154,142.5976848,0,0,688.166646,990.4561718,51.02599975
32,15,15469,140.0738897,0,0,729.8433641,967.871097,58.07014028
32,16,17041,139.2719324,0,0,636.1446511,1028.526554,43.27815269
33,1,18758,136.9605502,0,0,690.9738245,895.6524683,56.47222518
33,2,17925,132.0415063,0,0,781.3341702,1130.691325,45.1293166
33,3,18451,136.6515094,0,0,881.8742074,1066.960382,61.43417701
33,4,14358,135.4972141,0,0,789.3675999,930.1466778,50.18386962
33,5,16400,139.8193902,0,0,898.9568902,1007.706768,50.55243902
33,6,17913,137.1589907,0,0,764.1740635,1076.908614,59.49271479
33,7,16152,134.3106117,0,0,729.1727959,904.6149084,44.79036652
33,8,15242,135.3224642,0,0,796.148865,1061.464637,51.10792547
33,9,17656,139.675691,0,0,682.8731876,1018.663061,63.50707975
33,10,17466,139.89929,0,0,689.4347303,1000.405302,50.56727356
33,11,14795,129.7228118,0,0,701.3712741,1092.253937,51.30483271
33,12,16386,136.8184426,0,0,815.5847065,997.9882827,57.14683266
33,13,15737,138.3607422,0,0,730.2972612,976.4043337,57.64999682
33,14,12662,131.7862897,0,0,754.3380193,1079.703601,36.55915337
33,15,13309,135.6251409,0,0,808.9447742,998.4182884,42.34172365
33,16,17800,139.0561798,0,0,639.5460112,1040.610281,42.68325843
34,1,16765,139.1562183,0,0,735.201193,911.9983895,43.6060841
34,2,18462,136.8726032,0,0,709.9786047,886.4843462,55.97855054
34,3,15699,141.6125868,0,0,902.9396777,1014.622205,49.65246194
34,4,18213,133.7835063,0,0,777.0745072,1139.993082,46.44830615
34,5,17202,138.1580049,0,0,885.6957912,1070.408848,61.06807348
34,6,16876,140.8170775,0,0,819.430493,1001.172671,56.83396539
34,7,16061,130.8964573,0,0,694.7835129,1087.693543,51.93362804
34,8,17446,137.8241431,0,0,693.3683939,1003.502465,63.73632924
34,9,14521,140.8343778,0,0,797.5842573,938.6855588,49.04724193
34,10,16197,138.1286658,0,0,791.8619497,1066.660678,51.3438291
34,11,20042,137.7183415,0,0,767.1234408,1074.892625,60.13845924
34,12,18682,139.9255968,0,0,690.5352211,994.022428,50.14800343
34,13,14130,141.5012031,0,0,809.9666667,1015.586695,41.68683652
34,14,15880,138.6669395,0,0,738.8220403,969.9231738,57.65088161
34,15,17094,138.3295893,0,0,639.0399555,1037.240786,43.09371709
34,16,13022,135.0320995,0,0,752.1148825,1090.36254,37.05260329
35,1,16233,129.9478223,0,0,692.5116121,1085.586829,52.44939321
35,2,16179,134.77341,0,0,735.9992583,911.7693924,43.57654985
35,3,15388,141.5857161,0,0,900.0421107,1015.571029,49.30153366
35,4,19353,135.9040976,0,0,713.8556296,883.6841833,55.91210665
35,5,16922,138.344581,0,0,693.8230706,1001.955324,63.83211204
35,6,16956,136.7627389,0,0,739.3405284,968.1047417,57.72186837
35,7,17026,138.347821,0,0,820.7557853,999.7122636,56.76406672
35,8,19672,135.2162973,0,0,767.7984953,1073.724888,60.27836519
35,9,18169,139.1748032,0,0,690.5775772,991.9079751,50.14678849
35,10,14615,136.1655833,0,0,799.0520698,936.6535751,48.88238112
35,11,15837,132.8978342,0,0,790.6883248,1063.586222,51.45835701
35,12,17446,139.8883412,0,0,639.4499599,1036.755245,43.05514158
35,13,17925,136.943431,0,0,888.9023152,1064.67152,61.00027894
35,14,16187,130.6578736,0,0,776.0924198,1141.937913,46.94619139
35,15,13489,137.9829491,0,0,810.545185,1018.41797,41.61153533
35,16,12242,130.4870119,0,0,753.3513315,1094.786636,37.16263682
36,1,19592,137.2555635,0,0,893.8978154,1066.454573,59.47830747
36,2,16777,139.6184658,0,0,734.7168147,912.6407582,43.66716338
36,3,18812,132.9640123,0,0,763.4107485,1137.952371,46.35695301
36,4,16169,141.2496135,0,0,896.7987507,1018.044097,47.78075329
36,5,20187,136.8985486,0,0,719.0421558,882.6944073,56.40446822
36,6,16860,137.205694,0,0,706.9438909,1008.634875,64.15652432
36,7,16657,130.0519301,0,0,686.4143603,1082.803446,52.91721198
36,8,16550,139.5809063,0,0,741.449003,969.4091843,57.67081571
36,9,19024,140.7457948,0,0,824.5348507,997.603606,56.29094828
36,10,14973,137.4552194,0,0,785.5331597,1064.511254,51.03479597
36,11,15321,141.3365316,0,0,797.7947915,935.2867306,48.56314862
36,12,18735,141.1047772,0,0,690.9337603,988.2922872,50.43175874
36,13,20877,136.7215596,0,0,633.5667481,1033.0285,43.95051971
36,14,20332,139.7464588,0,0,776.305725,1075.914126,60.06182373
36,15,12972,134.1031452,0,0,742.8475948,1091.894311,36.95004625
36,16,13038,143.3057217,0,0,800.2061666,1018.489339,40.9929437
37,1,16470,143.2487553,0,0,893.5511233,1016.6085,47.77061324
37,2,17639,129.4077329,0,0,754.2224049,1127.408016,45.83031918
37,3,20537,134.8304037,0,0,722.6769733,879.905585,58.35940011
37,4,13966,139.9250322,0,0,795.476944,1008.554919,41.60496921
37,5,18028,139.9374307,0,0,893.4221211,1072.43266,59.1882627
37,6,15771,139.0525014,0,0,798.1204109,928.8351404,49.93988967
37,7,16676,134.9328376,0,0,735.2434637,900.4935236,45.31806189
37,8,16850,129.2980415,0,0,682.4648665,1077.592166,53.63590504
37,9,19170,138.9265519,0,0,689.5674491,979.7982264,51.71752739
37,10,17467,135.8731322,0,0,704.9237419,1012.093319,64.77431728
37,11,16024,135.8303794,0,0,782.9819646,1060.429606,51.27695956
37,12,17419,142.4749412,0,0,825.2012171,999.3313049,56.94483036
37,13,19430,138.5410705,0,0,628.8237777,1018.993824,44.95676788
37,14,17188,136.7131138,0,0,741.2913079,967.4695718,58.75756342
37,15,20207,136.2598604,0,0,776.4433117,1076.730242,60.30860593
37,16,12668,131.0006315,0,0,733.6643511,1072.64059,37.18945374
38,1,20141,142.4567797,0,0,690.1747679,987.0359466,52.44724691
38,2,17320,135.4412818,0,0,782.5025404,1064.448557,50.58654734
38,3,18916,142.9602982,0,0,835.9158913,999.4155741,54.36968704
38,4,17607,141.8786278,0,0,883.4138127,1030.632192,44.48139944
38,5,19371,130.9790408,0,0,752.620412,1134.973311,46.11253936
38,6,19392,140.2865615,0,0,737.0292904,880.5187191,57.17455652
38,7,18500,140.2083784,0,0,907.6723243,1070.861622,56.28118919
38,8,15892,140.0556255,0,0,796.2794488,930.6599547,47.92820287
38,9,14615,139.8502908,0,0,779.3235717,1015.241738,40.13465618
38,10,18003,139.6753874,0,0,726.101372,907.7169361,44.57173804
38,11,17738,141.9343218,0,0,753.8334649,965.2251663,57.81790506
38,12,21906,140.0949055,0,0,800.5396238,1071.667854,59.84807815
38,13,20209,138.8924737,0,0,624.2974417,1030.799842,47.13033797
38,14,13579,132.1117903,0,0,710.307681,1083.981957,37.77413653
38,15,17363,139.9771353,0,0,731.6794909,1006.000691,64.83988942
38,16,17227,131.7967145,0,0,693.7531782,1082.91345,55.55447844
39,1,18160,129.2214207,0,0,740.8876652,1131.727588,46.09790749
39,2,19997,137.813272,0,0,750.6893534,880.4528179,57.68670301
39,3,16580,136.1977081,0,0,778.4846803,1065.528347,50.33365501
39,4,17086,143.9928597,0,0,880.288833,1041.952827,44.065024
39,5,16122,140.7108919,0,0,804.1648679,931.9179382,48.22236695
39,6,20410,138.7604116,0,0,622.2955414,1019.627046,47.72729054
39,7,17898,145.5043022,0,0,839.8384736,1008.307632,54.03028271
39,8,21975,137.9550853,0,0,803.1728328,1078.052241,59.56227531
39,9,17452,143.0582741,0,0,908.3992093,1089.288849,55.27458171
39,10,13898,140.3301194,0,0,772.9120737,1013.708016,40.24334437
39,11,16967,137.5790063,0,0,741.2610361,1005.788,64.99345789
39,12,18080,139.5694137,0,0,763.6701881,967.3674779,58.18910398
39,13,17419,139.0824387,0,0,733.5587003,905.6570986,45.00574086
39,14,18794,140.5638502,0,0,695.3742152,980.8430882,53.1155688
39,15,12575,130.2890656,0,0,700.6151093,1080.401909,37.8883499
39,16,16545,129.0121487,0,0,693.8552433,1078.570021,55.92027803
40,1,18311,140.0434165,0,0,906.8644531,1083.561793,53.80410682
40,2,21446,139.1105101,0,0,758.8871584,876.6830178,57.53511144
40,3,18127,144.6970817,0,0,844.7597506,1004.011971,53.4061345
40,4,22088,143.2193499,0,0,625.7238772,1023.066416,47.73954183
40,5,17434,136.3846507,0,0,780.6463806,1063.828725,49.91046232
40,6,16230,140.3987061,0,0,804.1947628,929.2416513,47.7935305
40,7,17389,139.1119673,0,0,871.8705503,1039.727586,42.78802691
40,8,18987,139.6363301,0,0,743.165429,1009.295307,64.52630747
40,9,21841,143.1004075,0,0,698.6455748,981.9315965,53.49819147
40,10,14456,138.7574018,0,0,766.3301051,1014.133509,39.86524626
40,11,18364,139.3193204,0,0,730.2258223,908.1948377,44.84072098
40,12,19746,130.7639522,0,0,749.4321888,1135.223742,46.14878963
40,13,22305,139.2152432,0,0,812.8394979,1073.137906,59.70060525
40,14,18058,131.1702846,0,0,698.4158268,1084.575091,56.52752243
40,15,18531,140.9640063,0,0,770.9740435,966.212239,58.11564406
40,16,13379,131.6117049,0,0,698.3199043,1087.006727,38.18573884
41,1,18059,145.2422061,0,0,839.0160031,994.5500858,53.72036104
41,2,19783,140.2953546,0,0,748.802305,872.9440429,57.32441996
41,3,18895,140.030696,0,0,907.8591691,1074.782218,54.29626885
41,4,18434,140.2129218,0,0,724.7572421,905.9456439,44.67907128
41,5,14305,139.3554002,0,0,764.7212164,1010.159734,39.88535477
41,6,17943,136.1415594,0,0,779.9461628,1061.878225,50.0949674
41,7,20714,144.1727817,0,0,694.3568118,981.4505648,53.40697113
41,8,22213,140.012065,0,0,810.0968352,1065.488813,60.00391663
41,9,17757,141.4099228,0,0,871.1589796,1030.073999,43.15120797
41,10,21863,137.8491058,0,0,623.3955541,1023.417921,47.60586379
41,11,18452,132.9964232,0,0,756.3877628,1132.4509,45.89442879
41,12,18604,140.6505053,0,0,765.6825951,959.7024296,58.32611266
41,13,17648,140.6460789,0,0,738.9539325,1003.536095,64.72331142
41,14,16276,141.1324035,0,0,800.2233964,923.4690342,47.80363726
41,15,18142,131.8093374,0,0,700.7904862,1084.467313,56.80106934
41,16,13591,131.4430138,0,0,704.7287175,1084.534177,38.16849386
42,1,19488,138.8366174,0,0,717.4508929,915.3781301,44.21177135
42,2,19719,141.5728485,0,0,825.5804047,999.4413003,55.60707947
42,3,18551,132.4094658,0,0,756.9468492,1131.821411,45.82550806
42,4,19675,136.9387548,0,0,889.3452097,1088.765947,55.7049047
42,5,23100,139.018355,0,0,794.2773593,1068.79355,61.81627706
42,6,20966,139.4088524,0,0,731.2850329,868.2664791,57.29628923
42,7,15887,139.6679046,0,0,795.3693586,926.2517782,48.17448228
42,8,16773,135.422882,0,0,765.5496333,1066.123532,51.63500864
42,9,22372,144.9082335,0,0,687.3260772,976.8495441,54.29733596
42,10,17210,141.532946,0,0,712.6052295,1001.533876,65.55101685
42,11,18988,131.8189383,0,0,689.3965663,1089.73815,58.02722772
42,12,17926,140.6531295,0,0,753.7276024,955.2452304,59.18414593
42,13,15326,137.6912436,0,0,760.5292314,1014.343208,40.0208143
42,14,13710,131.7870168,0,0,703.5906637,1087.482567,38.19080963
42,15,16198,145.9677738,0,0,630.0611804,1035.376651,47.49672799
42,16,14038,140.2397777,0,0,857.9013392,1035.478416,44.84356746
43,1,19115,144.6786293,0,0,831.1944023,999.5639027,55.36861104
43,2,21861,139.4152143,0,0,751.0454234,864.98216,55.78157449
43,3,19964,133.8604488,0,0,762.8858946,1066.232819,52.36721098
43,4,16815,138.2650015,0,0,761.6921201,1030.020636,40.1313708
43,5,22976,144.9780205,0,0,696.8064067,968.9998259,54.32011664
43,6,18796,140.950149,0,0,731.0891679,928.0743775,43.12188764
43,7,20433,138.05589,0,0,887.7196202,1094.857583,56.86825234
43,8,22259,137.4382048,0,0,796.4196505,1056.326385,62.83417943
43,9,12792,146.2762664,0,0,634.5882583,1032.171513,48.75453408
43,10,19839,130.2668481,0,0,690.7789707,1076.89687,59.86677756
43,11,16417,141.4587927,0,0,808.3330694,939.9607724,47.15459585
43,12,18154,140.8115016,0,0,764.0050678,945.1948331,58.82637435
43,13,19277,140.8564092,0,0,723.6592312,977.7669243,65.83021217
43,14,14546,131.0094184,0,0,699.8528118,1099.882373,39.65179431
43,15,17657,130.5746729,0,0,752.2987484,1140.342923,47.91504786
43,16,10927,154.1619841,0,0,865.1454196,1059.621671,45.27555596
44,1,22661,137.8322228,0,0,777.4859009,866.2042275,51.41317682
44,2,19395,134.1311678,0,0,746.2686775,1074.113173,57.68569219
44,3,16908,129.7278803,0,0,741.7510054,1171.448308,55.63656257
44,4,23383,143.8323568,0,0,714.2218706,963.9050592,51.29222084
44,5,20384,139.2760498,0,0,828.8792681,994.4426511,59.62485283
44,6,18066,135.5984169,0,0,654.6758552,1043.177571,60.0672534
44,7,22137,135.7609884,0,0,754.6543795,1025.296788,66.58151511
44,8,16832,138.0319629,0,0,796.3238474,985.1184054,42.54604325
44,9,13710,153.8461707,0,0,691.8336251,948.6291028,62.25798687
44,10,17889,141.8179328,0,0,771.0276706,931.2640729,56.73290849
44,11,16784,138.5259771,0,0,853.9898117,979.1503813,50.55141802
44,12,15721,126.1388589,0,0,721.2365626,1150.679155,44.75007951
44,13,13988,136.6506291,0,0,842.3156992,1092.178081,64.98834715
44,14,4485,183.9317726,0,0,617.9088071,988.5906355,42.79643255
44,15,14844,132.7902183,0,0,799.5957963,1087.555645,45.20331447
44,16,6106,138.4692106,0,0,940.4932853,1076.70095,57.42351785
44,17,6292,137.2124921,0,0,803.6867451,1085.654959,53.09138589
44,19,4577,152.9641687,0,0,702.1835263,1087.903867,50.10356128
45,1,14521,155.5581572,0,0,680.390469,944.0630811,59.55333655
45,2,23994,138.5241727,0,0,792.5494707,876.5799367,49.44777861
45,3,18788,125.2737918,0,0,723.0958591,1164.2005,44.54124973
45,4,19113,133.7661278,0,0,740.5402082,1078.768011,56.53733061
45,5,18034,136.2352778,0,0,646.5592215,1041.255406,57.19773761
45,6,23311,137.5101454,0,0,736.9232551,1021.405946,64.83578568
45,7,16113,143.0520077,0,0,860.6769068,993.9348352,50.51815304
45,8,24619,141.9844429,0,0,722.5598521,972.2327877,49.03476989
45,9,16914,142.1206101,0,0,812.2866856,1005.160991,41.84515786
45,10,18695,140.8916288,0,0,823.6725863,997.9299813,59.15512169
45,11,6046,164.8312934,0,0,648.8479987,987.5664902,39.10535891
45,12,17466,128.6972976,0,0,731.2221459,1178.574087,56.40409939
45,13,17475,143.2921316,0,0,773.1300715,937.1854649,54.84755365
45,14,18156,135.2324301,0,0,808.9570941,1107.295935,45.76933245
45,15,5664,142.1979167,0,0,793.1534251,1130.500353,63.31461864
45,16,7357,135.1027593,0,0,929.7367133,1071.711295,60.60201169
45,17,8088,136.1353858,0,0,813.2497527,1092.482196,53.25136004
45,18,6463,145.8149466,0,0,701.929754,1108.179638,49.35927588
45,19,5467,139.5637461,0,0,844.492409,1044.220048,66.08999451
46,1,24555,135.3647322,0,0,760.7208715,870.830788,54.83897373
46,2,5976,163.2767738,0,0,640.54083,920.522423,60.9210174
46,3,20887,132.3712836,0,0,779.386652,1075.486618,51.57179107
46,4,16555,135.0958623,0,0,838.2344307,1045.065358,42.61316823
46,5,11132,144.9408911,0,0,674.3839382,926.4429572,41.82779375
46,6,17850,127.2022409,0,0,766.9588796,1162.943585,46.90890756
46,7,18319,136.6999836,0,0,812.4790655,943.0056772,43.90627218
46,8,18444,129.1383106,0,0,670.9099436,1094.013392,53.19952288
46,9,16715,135.3346096,0,0,860.052408,965.1893509,51.9045169
46,10,5657,152.323493,0,0,716.3989747,1048.214425,56.29538625
46,11,14822,130.0343408,0,0,760.0352179,1105.326272,37.89664013
46,12,18237,139.0118441,0,0,768.8722926,951.6514778,57.46186325
46,13,20373,135.1473519,0,0,843.9301036,1025.052226,59.9809061
46,14,11280,159.7492908,0,0,699.1914894,975.2815603,50.91755319
46,15,7742,136.324464,0,0,818.8118057,1178.826401,53.82265564
46,16,7940,131.6586902,0,0,859.07733,1055.874055,67.23287154
46,17,9268,129.1035822,0,0,926.0828658,1068.122249,60.15548123
46,18,8198,134.5472066,0,0,851.3255672,1086.058551,50.67235911
46,19,17452,143.1053747,0,0,758.1330507,1086.399782,62.60285354
46,20,8224,142.3881323,0,0,734.0175097,1068.597763,43.12621595
47,1,24443,136.9873174,0,0,770.8759972,870.0658675,56.31109111
47,2,16529,136.005687,0,0,829.7552786,1036.934297,42.53723758
47,3,8196,152.0100049,0,0,653.3426061,909.7113226,62.10968765
47,4,19464,140.2600699,0,0,768.083693,954.3753083,58.35547678
47,5,17099,135.5683373,0,0,858.1082519,963.9674835,52.42277326
47,6,17674,132.1005432,0,0,667.7912753,1089.136302,53.77967636
47,7,22023,133.5725378,0,0,777.5300368,1065.894701,52.01103392
47,8,21421,136.4838243,0,0,850.6878764,1029.32921,59.91396293
47,9,11207,146.6265727,0,0,677.6144374,917.3603105,43.12750959
47,10,15145,132.9123143,0,0,748.3336415,1088.667481,37.88319577
47,11,11683,133.8411367,0,0,760.5886331,1144.189934,46.74792433
47,12,17949,138.9849574,0,0,808.4959608,934.9402195,44.77775921
47,13,7483,144.8807965,0,0,715.2070025,1045.043565,56.49979955
47,14,8667,131.2208377,0,0,868.6673589,1071.07442,66.5710165
47,15,9213,129.7607728,0,0,931.2052534,1073.989797,58.23412569
47,16,8305,135.8354004,0,0,814.974714,1177.056592,52.48537026
47,17,9037,144.9339383,0,0,724.651765,1053.782561,44.0464756
47,18,11241,148.342941,0,0,771.3305756,1087.890223,63.43305756
47,19,8214,133.8817872,0,0,846.1353786,1085.556245,50.11188215
47,20,12446,159.0016069,0,0,693.10879,970.5077133,52.22272216
48,1,19273,130.1980491,0,0,683.1803041,1079.169616,54.21309604
48,2,26148,133.73432,0,0,771.2972694,866.8442711,53.01388251
48,3,18075,137.4262794,0,0,764.5471646,939.4526141,56.86821577
48,4,13209,140.6716633,0,0,690.7724279,947.1675373,40.0686653
48,5,16665,133.2359436,0,0,838.5379538,1050.531293,42.64764476
48,6,17475,128.8981402,0,0,767.9435765,1112.975794,38.39822604
48,7,17481,133.697729,0,0,857.548424,954.7123734,51.21097191
48,8,19595,135.1649911,0,0,805.3414136,949.5451901,42.83873437
48,9,10525,143.3713064,0,0,664.3231354,885.856152,59.34451306
48,10,11087,134.9056553,0,0,709.1205917,1028.492829,57.90908271
48,11,14925,126.7344724,0,0,779.5284422,1142.140503,49.15115578
48,12,20481,131.3127289,0,0,772.2553098,1046.560715,51.90845174
48,13,9896,128.3450889,0,0,936.3122474,1047.194927,57.61186338
48,14,6052,156.1174818,0,0,692.3159286,958.4487773,57.79775281
48,15,14884,134.4905939,0,0,851.5255308,1008.126982,60.01941682
48,16,10940,136.0367459,0,0,830.1447898,1153.504388,56.73427788
48,17,9710,127.0015448,0,0,860.5440783,1048.590628,67.86096807
48,18,10096,135.52813,0,0,736.8592512,1064.60311,43.09340333
48,19,8572,132.8897573,0,0,849.8567429,1074.042347,51.47293514
48,20,9335,138.5004821,0,0,780.1352973,1031.762935,58.76186395
48,21,8600,140.9943023,0,0,708.3496512,1086.109884,69.90895349
48,22,6316,156.3302723,0,0,677.360988,1016.44506,42.46263458
49,1,26437,135.1994931,0,0,753.981768,865.8915913,52.40814011
49,2,20313,130.2665781,0,0,688.8202629,1084.707183,55.05449712
49,3,17372,130.3246604,0,0,763.835137,1112.983997,38.81844347
49,4,19302,139.0794218,0,0,754.7322557,936.8121956,57.20635167
49,5,18071,133.9701179,0,0,758.3623485,1033.755243,53.49786951
49,6,16540,134.15,0,0,852.6213422,949.3473398,51.41692866
49,7,13460,142.1312036,0,0,683.8483655,955.7014859,40.20624071
49,8,16302,133.8995215,0,0,829.0988836,1051.744019,43.44055944
49,9,18849,137.0776168,0,0,794.8723009,948.5693671,43.21401666
49,10,9921,131.7693781,0,0,837.8759198,1140.410442,57.66737224
49,11,10436,137.9553469,0,0,707.2765427,1032.562189,59.91146033
49,12,9596,129.312005,0,0,932.5479366,1037.317528,56.94049604
49,13,10677,143.0917861,0,0,655.9900721,892.6223658,58.78608223
49,14,6927,152.3145662,0,0,684.5077234,962.2871373,57.94283239
49,15,8882,131.7270885,0,0,848.1143887,1059.195902,52.5149741
49,16,9241,138.8548858,0,0,774.4877178,1019.538362,61.41142733
49,17,11089,136.8785283,0,0,729.1276039,1072.446208,44.02930832
49,18,8055,151.9288641,0,0,677.5338299,1020.603228,42.69596524
49,19,9730,136.8734841,0,0,721.504111,1079.424666,70.25364851
49,20,9824,126.9888029,0,0,864.3441572,1041.417854,68.20541531
49,21,4285,135.7696616,0,0,795.981797,1106.290782,54.11528588
49,22,13374,135.9741289,0,0,852.8526993,994.4011515,60.83684761
49,275,2125,150.3731765,0,0,778.2945882,1201.901176,44.34305882
50,1,19056,133.0396201,0,0,673.3374265,1080.939442,57.86943745
50,2,20185,132.6175378,0,0,745.2496408,1045.950111,55.83220213
50,3,13014,140.2319809,0,0,674.0289688,964.3398648,42.03450131
50,4,18205,127.8748695,0,0,751.8441088,1121.535018,40.69008514
50,5,19663,135.5649697,0,0,746.903321,961.3136856,58.04439811
50,6,16233,132.356804,0,0,818.8334873,1079.646276,45.03443603
50,7,11659,142.0331932,0,0,690.9291534,1018.7613,62.41229951
50,8,11588,138.6340179,0,0,659.1977045,892.9150846,58.46755264
50,9,16519,132.8834675,0,0,842.4353774,963.1173195,50.68866154
50,10,9285,142.4048465,0,0,670.2288638,1026.701885,44.80570813
50,11,10327,130.1702334,0,0,927.9602982,1052.236564,55.39333785
50,12,8960,130.2104911,0,0,824.9234375,1131.998214,60.67790179
50,13,10808,133.8270725,0,0,714.5767024,1034.526739,70.55560696
50,14,10100,129.460396,0,0,836.5735644,1067.808119,54.16287129
50,15,11059,127.0951261,0,0,864.1015463,1038.954245,68.24577267
50,16,11509,132.8754019,0,0,704.4807542,1078.046051,46.13372144
50,17,11434,144.5882456,0,0,671.7781179,967.6855868,57.91507784
50,18,8000,130.880125,0,0,785.01725,1100.8075,56.41825
50,19,7490,127.1421896,0,0,743.8858478,1187.669025,45.5682243
50,20,15609,139.2634378,0,0,741.0033314,888.346723,52.47261195
50,21,9656,132.4456297,0,0,764.0560273,1018.211475,64.29183927
50,22,11237,144.5868114,0,0,790.6432322,962.5515707,43.35036042
50,23,5605,144.6169492,0,0,886.0736842,1012.466548,54.3264942
50,24,7055,134.4228207,0,0,807.1651311,984.1975904,67.34953933
51,1,21255,135.6763585,0,0,755.4057869,970.0938132,59.72646436
51,2,19142,135.9875144,0,0,669.1639327,1082.103803,58.72813708
51,3,17846,127.4870559,0,0,748.0992379,1116.934327,41.50812507
51,4,20304,134.4216411,0,0,744.6132782,1054.684594,57.20129039
51,5,14104,139.7632587,0,0,687.4203772,960.1723625,43.62790698
51,6,10149,130.376983,0,0,923.6409498,1063.753572,56.38328899
51,7,12110,140.36218,0,0,661.2562345,895.9890999,59.47877787
51,8,16258,132.5744249,0,0,817.6637348,1086.022389,45.9270513
51,9,10368,149.7444059,0,0,676.5917245,969.1910687,58.5943287
51,10,10078,143.5703513,0,0,680.3378647,1019.640603,46.09952372
51,11,16536,132.791969,0,0,849.293239,970.515179,52.65680939
51,12,11339,144.607461,0,0,692.3257783,1016.918247,63.34447482
51,13,8433,125.1299656,0,0,737.8387288,1181.214396,45.95683624
51,14,8614,129.3764801,0,0,778.6665893,1108.753889,57.28209891
51,15,10530,129.319943,0,0,815.1122507,1138.487844,62.19211776
51,16,11735,133.7454623,0,0,712.5916489,1032.651811,71.0769493
51,17,10572,127.9690692,0,0,860.174423,1046.236001,69.29143019
51,18,10151,129.0201951,0,0,833.8940006,1076.803271,55.34932519
51,19,11272,135.134049,0,0,704.9461498,1074.146469,47.16953513
51,20,7157,139.2446556,0,0,885.0792231,1026.556239,56.24423641
51,21,7761,133.2931323,0,0,808.2096379,991.189924,68.10926427
51,22,9929,133.0862121,0,0,765.3336691,1022.105852,65.61003122
51,23,12190,143.3756358,0,0,755.9855619,887.4531583,54.23273175
51,24,4117,156.250668,0,0,780.7466602,942.4870051,49.65338839
51,25,4244,158.4326107,0,0,812.2101791,996.5756362,38.6399623
52,1,17968,131.7966385,0,0,826.8581923,970.2528384,51.13390472
52,2,20826,131.2664938,0,0,773.5324114,980.588207,59.68452895
52,3,20997,132.2942801,0,0,678.9680907,1091.171263,59.7861123
52,4,11438,128.549659,0,0,886.0280643,1068.101154,65.78991082
52,5,16434,134.2155896,0,0,754.0926737,1070.051905,56.65474017
52,6,12777,135.5976364,0,0,683.6239336,958.7741254,45.44321828
52,7,11883,133.4517378,0,0,681.112682,1008.857107,48.54767315
52,8,12883,130.0058992,0,0,688.0835209,1070.725219,48.53846154
52,9,12993,137.0354037,0,0,688.4391595,921.3479566,61.91087509
52,10,10889,130.9470107,0,0,832.6896868,1142.929837,60.58067775
52,11,8776,133.2776892,0,0,761.1162261,933.8584777,66.85597083
52,12,10298,132.1115751,0,0,914.0743834,1059.978054,52.35434065
52,13,12001,141.0370802,0,0,691.1035747,988.3530539,60.00033331
52,14,15315,132.4031995,0,0,796.5543585,1091.905387,44.95279138
52,15,15352,127.8277749,0,0,721.1459745,1122.344125,42.00468994
52,16,10620,128.8833333,0,0,835.3521657,1088.366384,52.79152542
52,17,10769,133.7642307,0,0,790.5958771,1054.259448,65.57990528
52,18,11511,137.315698,0,0,705.2911997,1030.849622,65.34106507
52,19,9998,134.3853771,0,0,876.4527906,1030.516303,55.17123425
52,20,10331,123.2352144,0,0,712.0098732,1182.263866,46.87213242
52,21,9754,128.7924954,0,0,839.7041214,1021.961759,66.0353701
52,22,7072,130.1306561,0,0,771.4802036,1133.915583,55.23585973
52,23,7270,140.774553,0,0,755.4819807,929.6712517,51.74360385
52,24,7498,137.1591091,0,0,785.2755401,1031.65044,37.60576154
52,25,11127,128.3857284,0,0,754.3390851,1055.607351,71.59872382
52,26,8037,140.0138111,0,0,723.4048774,867.8001742,49.06806022
53,1,13013,135.2071774,0,0,704.2376085,920.178898,62.56435872
53,2,18374,131.7080657,0,0,824.3262218,973.6347012,50.15739632
53,3,21651,130.5644543,0,0,685.971133,1089.009699,60.04641818
53,4,12823,139.6541371,0,0,677.3047649,954.3633315,46.10200421
53,5,14546,136.3717861,0,0,780.9956002,967.6447821,59.62869517
53,6,10056,132.3081742,0,0,913.4290971,1066.733791,50.51879475
53,7,12741,133.9575387,0,0,719.6500275,1032.025273,65.353112
53,8,15561,131.1139387,0,0,788.3582032,1090.025962,44.06644817
53,9,11295,129.3211155,0,0,898.7355467,1078.924568,64.0124834
53,10,8950,135.6805587,0,0,771.3298324,1032.752067,37.26960894
53,11,16856,133.798944,0,0,759.0981846,1069.084777,56.10144756
53,12,11223,131.6630135,0,0,836.0526597,1149.331819,59.11708099
53,13,10399,130.8651793,0,0,778.2326185,942.3311857,67.16165016
53,14,16274,128.0266683,0,0,710.3879194,1120.982365,42.03447216
53,15,10228,129.1758897,0,0,836.3309542,1092.339656,51.65017599
53,16,12859,134.5282681,0,0,680.8709075,1001.80535,49.03102885
53,17,11937,132.5031415,0,0,680.169138,1064.718103,48.66038368
53,18,12083,139.1720599,0,0,699.0767194,986.1741289,59.77638004
53,19,10556,134.3044714,0,0,879.3899204,1040.72518,53.85913225
53,20,10490,129.1668255,0,0,853.7978074,1033.446425,64.67616778
53,21,10480,131.2083969,0,0,802.4126908,1059.213168,64.57347328
53,22,10611,123.3282443,0,0,705.9967015,1180.582038,47.36810857
53,23,8970,129.6289855,0,0,772.4078038,1134.944928,54.70245262
53,24,8077,138.5695184,0,0,757.4556147,925.5069952,51.3220255
53,25,9447,137.6638086,0,0,722.3144914,868.5544617,49.59521541
53,26,9950,127.7493467,0,0,773.9891457,1062.413568,70.6160804
54,1,12992,134.3304341,0,0,656.1242303,952.3350523,46.92295259
54,2,12184,133.0136244,0,0,707.6147406,923.777413,62.51994419
54,3,11323,135.0355913,0,0,908.0979422,1053.246666,49.82937384
54,4,21972,132.3971873,0,0,764.677089,1065.344575,54.1010832
54,5,11118,131.5697967,0,0,722.56458,1018.614229,64.8283864
54,6,15455,131.5307667,0,0,784.4702685,1069.042122,42.31459075
54,7,11745,129.1306088,0,0,889.3559813,1079.481311,63.42835249
54,8,10992,128.9620633,0,0,768.8487991,945.8065866,67.4639738
54,9,13019,133.4863661,0,0,671.1663722,1000.697903,49.46363008
54,10,11122,135.9603489,0,0,695.8914764,974.5588024,59.25067434
54,11,9558,133.6827788,0,0,756.0848504,1013.325696,37.81763967
54,12,10882,128.5788458,0,0,796.431814,1057.064694,63.87263371
54,13,10830,133.4935365,0,0,703.9891043,880.8057248,51.53591874
54,14,9726,129.5302283,0,0,830.5817397,1138.170368,57.34104462
54,15,10364,136.55934,0,0,870.6717484,1030.526341,53.94210729
54,16,8953,134.5897465,0,0,745.3710488,911.3684798,49.8224059
54,17,12075,131.5614079,0,0,664.9701035,1058.003644,48.01399586
54,18,11526,126.4967899,0,0,767.4899358,1069.495488,69.73130314
54,19,12872,130.3160348,0,0,686.8607831,1085.939714,59.01701367
54,20,15547,126.6315045,0,0,698.0132501,1110.70586,41.5684698
54,21,11296,122.8624292,0,0,699.9562677,1169.622964,47.46299575
54,22,9738,129.0456973,0,0,769.1432532,1131.174368,52.54826453
54,23,11286,131.5733652,0,0,833.8492823,1079.943824,49.46712741
54,24,10085,142.8230045,0,0,810.4487853,964.0815072,49.8705999
54,25,10657,133.3952332,0,0,845.7519002,1032.834381,62.31312752
54,26,4584,154.1363438,0,0,746.9144852,994.9799302,54.81282723
54,28,4666,140.5222889,0,0,814.9841406,928.1030862,64.1941706
55,1,12867,132.3451465,0,0,690.5329914,1095.201446,58.00792726
55,2,12078,131.4257327,0,0,724.9947011,1029.935503,64.89203511
55,3,12829,137.7366903,0,0,658.0010913,928.7652974,49.00701536
55,4,16608,130.3486874,0,0,782.8727722,1035.148362,41.69448459
55,5,11776,132.6554857,0,0,714.8735564,929.4865829,64.48369565
55,6,10384,132.6098806,0,0,756.6860555,969.8552581,39.02532743
55,7,11263,135.8434698,0,0,692.8107076,978.8622925,59.99422889
55,8,22568,132.0250354,0,0,767.5599078,1056.703695,53.70555654
55,9,12383,133.4138739,0,0,905.7363321,1039.271986,49.31559396
55,10,12598,131.6386728,0,0,831.7939355,1134.274409,54.818622
55,11,12587,134.9705251,0,0,669.7877969,985.0801621,50.75005959
55,12,10902,131.6853788,0,0,832.8078334,1062.741424,48.47688498
55,13,10360,129.0421815,0,0,889.3993243,1097.051931,62.00222008
55,14,12009,133.5196103,0,0,708.9661088,871.7318678,54.83145974
55,15,8599,135.1702524,0,0,746.4807536,892.62798,51.95022677
55,16,12013,126.8663947,0,0,769.2629651,1119.779572,50.06534588
55,17,11081,138.4545619,0,0,660.5396625,1033.66438,47.83440123
55,18,10533,128.7742334,0,0,770.6537549,961.2305136,68.46140701
55,19,16980,126.4530035,0,0,697.3573616,1074.576855,40.37656066
55,20,10210,135.9894221,0,0,869.7181195,1022.685015,53.90989226
55,21,10256,133.1211973,0,0,845.7936817,1048.772036,62.00926287
55,22,14092,125.9561453,0,0,770.6030372,1092.042719,68.9255606
55,23,8418,125.6330482,0,0,694.0306486,1141.462343,44.64053219
55,24,7500,132.464,0,0,822.0322667,948.9657333,66.0856
55,25,9025,128.0072022,0,0,793.8119668,1073.862161,62.63833795
55,26,4647,140.8194534,0,0,821.3417258,915.716161,55.81063051
55,27,7147,141.3229327,0,0,736.4983909,974.5684903,55.85504407
55,28,4248,157.6158192,0,0,802.2149247,983.780838,47.85993409
56,1,18489,135.8715452,0,0,795.8015577,1051.666558,40.46189626
56,2,11795,138.3642221,0,0,682.9224248,976.7617635,57.82848665
56,3,12195,133.8201722,0,0,680.7088151,943.0055761,63.18130381
56,4,12051,131.9866401,0,0,864.4524936,1112.810721,54.82922579
56,5,11912,131.4213398,0,0,898.5644728,1058.752015,60.98245467
56,6,11098,135.8399712,0,0,753.8938547,991.2997837,37.96738151
56,7,11409,130.8328513,0,0,719.3968797,1028.154439,63.72986239
56,8,18370,128.6401742,0,0,727.9817093,1101.972673,39.34719652
56,9,11455,133.0658228,0,0,848.6568311,1008.350415,60.63858577
56,10,13904,134.901683,0,0,681.5438723,1010.293369,49.14636076
56,11,11720,135.3348976,0,0,912.7447952,1006.694113,49.40452218
56,12,11117,130.0540613,0,0,738.845282,949.8222542,67.40217685
56,13,10137,132.1964092,0,0,803.0263392,1128.450922,48.36440762
56,14,11521,132.8288343,0,0,685.5892718,894.1859214,53.29059977
56,15,10906,137.4597469,0,0,864.4125252,981.6629378,53.94360902
56,16,10374,133.9918064,0,0,746.1189512,906.0206285,49.42664353
56,17,12441,133.2228921,0,0,684.3900008,1062.181175,46.94614581
56,18,17539,128.5801357,0,0,791.8885911,1084.402246,67.26603569
56,19,10454,131.4091257,0,0,791.1614693,962.2202028,65.27166635
56,20,13165,134.8718572,0,0,653.466616,961.5902013,47.38404861
56,21,8529,133.3693282,0,0,772.9665846,902.1418689,56.93047251
56,22,7410,140.4192982,0,0,812.5010796,1001.116329,45.54439946
56,23,12013,130.6668609,0,0,808.3059186,1061.148589,61.26013485
56,24,9153,125.9549874,0,0,747.3551841,1165.815033,44.25805747
56,25,9924,134.6851068,0,0,739.4572753,959.4250302,53.2541314
56,26,10385,132.3807415,0,0,864.1596533,1057.249013,48.44795378
56,27,4209,139.0266096,0,0,743.1522927,1154.705393,54.78118318
56,28,13236,142.2595195,0,0,781.763146,1057.070338,52.94567845
56,30,4272,147.0021067,0,0,689.9894663,1046.831695,58.0159176
57,1,16780,130.5860548,0,0,779.2777712,1068.09857,40.00625745
57,2,12046,133.0916487,0,0,696.1240246,918.5846754,62.50954674
57,3,12076,137.7379099,0,0,693.7583637,952.6305896,57.43499503
57,4,11321,134.6791803,0,0,853.4466037,1114.738274,54.46515326
57,5,11825,136.6861734,0,0,908.7472304,1022.380888,47.53564482
57,6,10847,131.663317,0,0,734.8164469,1008.454688,37.8489905
57,7,11739,129.7950422,0,0,803.3024108,1052.477128,59.62969589
57,8,11868,131.9821368,0,0,896.6988541,1060.313111,59.4549208
57,9,13293,135.5501392,0,0,675.6412398,1007.335966,49.45008651
57,10,11377,129.6672233,0,0,759.1509185,928.0810407,65.929419
57,11,7904,136.7648026,0,0,804.9487601,1007.200278,43.92712551
57,12,12261,132.209363,0,0,696.9971454,886.0791126,51.92366039
57,13,13335,134.4836895,0,0,649.9852268,957.7907762,47.51136108
57,14,10280,133.2576848,0,0,755.6174125,913.7755837,47.66381323
57,15,10633,131.7092072,0,0,726.0064892,1010.434684,64.16082009
57,16,10535,128.0350261,0,0,791.3750356,1129.105743,48.90726151
57,17,16675,128.6227286,0,0,797.9910645,1072.932294,66.75364318
57,18,11672,136.9074709,0,0,866.5345271,985.2446881,52.28949623
57,19,14421,127.1036683,0,0,705.6385133,1112.582969,40.72720338
57,20,7110,131.4428973,0,0,749.6126582,1153.330661,55.71111111
57,21,12096,132.8528439,0,0,851.8155589,1008.296048,59.05844907
57,22,9051,132.8297426,0,0,785.9932604,901.1192133,54.67661032
57,23,10602,131.3901151,0,0,804.1079985,958.087059,63.2956046
57,24,11930,133.9969824,0,0,675.2303437,1066.05306,48.18122381
57,25,10390,133.3252166,0,0,855.9610202,1069.585371,47.15043311
57,26,9481,134.8467461,0,0,747.0448265,961.8283936,51.90169813
57,27,4195,150.1194279,0,0,726.327056,1072.700358,56.90083433
57,28,9723,123.968014,0,0,730.2971305,1175.845829,46.10809421
57,29,3234,158.6141002,0,0,812.305504,1031.823438,48.97093383
57,30,6174,136.3202138,0,0,693.0670554,1016.986395,59.29737609
58,1,14671,134.9239997,0,0,660.2038034,1018.260037,50.11444346
58,2,12648,136.9775459,0,0,692.7991777,958.3831436,56.36701455
58,3,11611,133.0266127,0,0,715.5566273,1011.157179,37.51072259
58,4,11839,134.0585353,0,0,861.7027621,1108.985049,52.39200946
58,5,12869,136.5173673,0,0,898.6583262,1012.180822,44.69554744
58,6,10878,133.8804008,0,0,747.9362015,911.1978305,45.8451002
58,7,12797,132.9385794,0,0,696.7754161,917.7754943,61.22833477
58,8,12245,132.6544712,0,0,683.2117599,889.6115966,50.88076766
58,9,11422,131.1295745,0,0,731.435738,1015.136666,63.31553143
58,10,14699,132.8358392,0,0,666.4424791,1079.052589,49.09143479
58,11,11255,138.766948,0,0,863.0891159,967.6248778,50.32509996
58,12,10288,129.0390747,0,0,784.8934681,1116.303849,48.44158243
58,13,10547,132.0959515,0,0,800.9147625,951.5494453,60.62093486
58,14,10838,132.435966,0,0,773.8541244,898.0329397,52.59660454
58,15,13372,137.0402333,0,0,759.8481155,1058.292851,41.18561173
58,16,14706,125.4855161,0,0,698.6721746,1120.192914,41.20365837
58,17,12507,132.8631167,0,0,898.9084513,1048.930999,57.3932198
58,18,12020,133.422629,0,0,852.1299501,994.2042429,57.4406822
58,19,14105,133.2133286,0,0,635.414463,975.0458703,47.5528536
58,20,11249,131.3562983,0,0,807.1522802,1044.877056,57.18472753
58,21,12355,130.0818292,0,0,764.4100364,915.8580332,63.52432214
58,22,8775,127.334245,0,0,764.5188604,1147.815385,54.64991453
58,23,11257,137.5651595,0,0,791.4806787,985.9747713,42.97104024
58,24,16100,129.285528,0,0,806.0665217,1065.678261,64.88465839
58,25,10605,125.7254125,0,0,748.9801037,1178.067515,46.29363508
58,26,8933,132.0816075,0,0,694.8747341,1028.80309,57.6687563
58,27,9196,129.3900609,0,0,745.9430187,1093.317421,57.99271422
58,28,10369,135.2758222,0,0,848.3214389,1061.197126,46.31468801
58,29,9643,134.6301981,0,0,731.3815203,967.1368869,50.60717619
58,30,8615,141.4731283,0,0,811.7622751,1006.05444,47.78966918
59,1,15671,132.9186395,0,0,662.7383702,1025.682407,49.48414268
59,2,13044,132.8153174,0,0,865.0680006,1115.624195,51.45545845
59,3,12209,132.7712343,0,0,702.3078057,918.8624785,60.62814317
59,4,11969,133.1561534,0,0,902.015373,1059.020971,56.7739995
59,5,13299,136.1362508,0,0,699.083089,959.4206331,55.55267313
59,6,12605,136.4706069,0,0,900.3457358,1020.233955,43.83546212
59,7,12144,136.2809618,0,0,866.5130929,972.3022069,49.63438735
59,8,11704,130.9310492,0,0,713.7807587,1011.637303,36.74846206
59,9,12322,132.0060867,0,0,688.9642915,892.4064275,50.47646486
59,10,16225,128.8467797,0,0,812.2205239,1072.250786,64.07346687
59,11,9740,129.611499,0,0,747.1570842,1102.533265,57.03449692
59,12,11390,130.929324,0,0,803.6294118,958.8835821,60.2357331
59,13,13022,132.0351712,0,0,669.3903394,1084.400092,48.24727384
59,14,10343,133.6346321,0,0,756.1352606,914.4406845,45.41312965
59,15,12066,132.5145864,0,0,859.7171391,999.6386541,57.07964528
59,16,13562,129.3181684,0,0,771.9665241,919.8054122,63.10227105
59,17,9295,127.9088757,0,0,788.5752555,1121.842711,48.08639053
59,18,8745,126.948542,0,0,763.8327044,1155.929903,53.9782733
59,19,10661,131.3174186,0,0,739.2648907,1021.673108,62.40446487
59,20,13907,134.3201266,0,0,641.3893004,978.9127777,46.76083986
59,21,10225,133.6617115,0,0,733.087824,971.7940342,49.72479218
59,22,11107,130.1495453,0,0,781.1424327,904.6342847,52.13504997
59,23,11541,128.9716662,0,0,808.6547959,1051.462438,56.34641712
59,24,9622,135.6465392,0,0,813.2293702,1011.779048,47.4664311
59,25,13225,126.1934216,0,0,691.6229868,1123.17482,40.35879017
59,26,11409,124.308879,0,0,745.7209221,1181.784819,45.42098343
59,27,8889,132.1165485,0,0,700.0976488,1034.251322,57.18056024
59,28,10867,133.3882396,0,0,851.6476488,1066.95583,45.8368455
59,29,9899,134.8297808,0,0,795.323265,986.6675422,42.33690272
59,30,9895,136.0374937,0,0,758.7413845,1061.54189,41.04204144
60,1,13856,132.6314954,0,0,679.8643909,1096.939088,48.99133949
60,2,13269,137.6498606,0,0,702.639385,958.6116512,55.67126385
60,3,16719,123.9209283,0,0,695.1255458,1131.811173,41.92726838
60,4,13482,133.5271473,0,0,877.5534045,1116.840231,50.62750334
60,5,13185,132.150474,0,0,685.6530906,894.0642397,50.67887751
60,6,12001,133.2551454,0,0,714.8294309,914.4974585,60.4139655
60,7,14338,129.0520296,0,0,785.6791045,911.9765658,62.14318594
60,8,13464,131.616533,0,0,867.7635175,991.7528223,55.90173797
60,9,12823,133.4595648,0,0,908.6715277,1057.608984,55.24292287
60,10,10891,130.99394,0,0,701.2844551,1031.309338,36.96042604
60,11,11716,138.0104985,0,0,868.3708604,965.5905599,48.67719358
60,12,11951,129.692327,0,0,810.5048113,953.0558949,59.21906117
60,13,14430,133.8793486,0,0,661.9482328,1036.165974,51.53645184
60,14,12285,132.7373219,0,0,847.0908425,1069.657875,45.83028083
60,15,10529,124.8767214,0,0,773.5655808,1160.250831,55.09032197
60,16,10247,131.4521323,0,0,748.6922026,1019.53684,62.21752708
60,17,16579,128.1968152,0,0,822.053803,1067.606008,63.61324567
60,18,12473,137.9918223,0,0,889.6061894,1022.993105,42.27852161
60,19,10022,124.3258831,0,0,758.6106566,1188.3181,46.4995011
60,20,12259,127.9344971,0,0,814.6806428,1047.361775,55.78456644
60,21,11306,130.1034849,0,0,788.2440297,902.2571201,51.11745976
60,22,10625,125.3543529,0,0,796.4268235,1125.370729,48.87171765
60,23,10330,133.6818974,0,0,756.7524685,909.7701839,44.19728945
60,24,14399,132.4635044,0,0,642.0584068,989.4641295,47.01104243
60,25,11469,132.7108728,0,0,735.3903566,967.766501,49.49394019
60,26,10205,134.7008329,0,0,816.4182264,1012.055855,48.37756002
60,27,9941,136.0948597,0,0,792.4062972,978.892365,42.19957751
60,28,10641,128.5650785,0,0,753.7620524,1103.068697,57.5444977
60,29,8914,130.7144941,0,0,707.6975544,1048.699013,57.11397801
60,30,4255,137.4923619,0,0,738.2611046,1007.882021,43.19083431
60,32,3595,138.3137691,0,0,782.7390821,1119.344924,38.25201669
61,1,13402,137.9931354,0,0,706.1945978,954.2822713,56.17101925
61,2,13515,130.8662227,0,0,879.3681095,1116.938365,49.64624491
61,3,14187,133.0469444,0,0,681.7128357,1095.325439,48.91830549
61,4,14299,135.2570809,0,0,662.1393804,1033.411357,52.16099028
61,5,11696,135.1223495,0,0,870.557028,965.7651334,48.64586183
61,6,14761,129.1252625,0,0,793.2874466,912.9437707,62.74168417
61,7,13028,133.2016426,0,0,884.6898987,1019.96592,41.8395763
61,8,11909,131.5840961,0,0,708.0151146,1023.930641,37.26551348
61,9,12716,133.4532086,0,0,719.0595313,912.2096571,60.8650519
61,10,12760,131.176489,0,0,911.3958464,1057.483542,54.9130094
61,11,13804,132.8141843,0,0,689.2688351,889.6243118,51.1532889
61,12,11757,130.1049587,0,0,814.7876159,953.57251,59.20370843
61,13,9710,126.0723996,0,0,797.8786818,1123.512461,48.73511843
61,14,13107,130.0835431,0,0,873.9956512,990.9567407,56.1778439
61,15,11140,131.5658887,0,0,755.2381508,1019.87298,62.08105925
61,16,10874,133.9842744,0,0,758.186316,901.3692294,44.78673901
61,17,17115,128.8410167,0,0,827.7038855,1069.110429,63.60222027
61,18,10983,133.3496312,0,0,845.844669,1066.413366,45.58809069
61,19,10307,131.2072378,0,0,715.3084312,1047.127486,57.36295721
61,20,11134,130.7477097,0,0,795.9048859,897.7442967,51.72094485
61,21,11076,133.4313832,0,0,737.2674251,961.2841278,50.00884796
61,22,12457,124.3290519,0,0,764.5164967,1189.155816,47.02175484
61,23,10612,129.5907463,0,0,754.7371843,1098.620241,57.27581983
61,24,19309,123.9237143,0,0,694.1528303,1135.268735,42.63214045
61,25,14459,135.2110104,0,0,645.8377481,985.7000484,46.93879245
61,26,12647,127.8205899,0,0,816.6957381,1045.613031,55.5578398
61,27,10292,134.3200544,0,0,814.0736494,1006.61611,48.6508939
61,28,10745,134.5568171,0,0,795.0180549,972.7777571,42.67091671
61,29,9574,126.1461249,0,0,774.7363693,1159.744621,55.40233967
61,30,6161,133.7873722,0,0,731.6619055,992.5901639,44.1936374
61,31,6801,135.1016027,0,0,773.6754889,1132.353036,39.37670931
62,1,14285,136.2102905,0,0,702.7744487,955.6697935,56.79642982
62,2,14226,132.5586251,0,0,646.6332771,1023.443484,53.18571629
62,3,11168,133.5068052,0,0,792.2385387,967.516207,42.96319842
62,4,12087,134.0175395,0,0,868.2539092,963.3541822,49.53586498
62,5,15060,130.1843958,0,0,674.4528552,1079.265139,48.92158035
62,6,11516,129.9850643,0,0,740.182355,1099.317211,56.64527614
62,7,17235,125.5366406,0,0,813.4564549,1083.832724,63.3416304
62,8,12099,131.1345566,0,0,707.8564344,1003.981982,37.54566493
62,9,12197,130.2171846,0,0,868.4328933,1000.205706,56.58899729
62,10,13465,130.4037133,0,0,902.4834014,1068.56814,55.07939101
62,11,11332,130.4239322,0,0,700.0925697,1051.579156,57.71805507
62,12,12473,136.6716909,0,0,884.502766,1012.915818,42.33015313
62,13,14029,131.6689714,0,0,691.9337087,884.0479721,53.01839048
62,14,13479,131.9402775,0,0,870.891164,1117.690333,48.22190073
62,15,11329,128.0321299,0,0,807.7173625,1050.397652,55.74296054
62,16,13229,131.5929398,0,0,716.7440472,918.3520296,62.08919797
62,17,11843,129.1756312,0,0,812.2978131,964.5223339,59.88440429
62,18,8823,129.9803922,0,0,779.961691,1093.725377,39.71925649
62,19,10403,127.1842738,0,0,790.9346342,1118.641738,48.21945593
62,20,11570,132.1880726,0,0,838.6060501,1059.246413,45.73975799
62,21,11991,124.3470937,0,0,756.5128847,1186.51155,46.68743224
62,22,11013,126.4116953,0,0,762.0147099,1161.886498,54.97067103
62,23,13662,128.5212268,0,0,792.9648661,927.9655248,64.31569316
62,24,10908,132.5914925,0,0,765.9916575,894.0974514,46.31967363
62,25,10141,132.9558229,0,0,803.0227788,1002.267725,48.82082635
62,26,8953,127.9508545,0,0,718.0935999,983.3730593,44.58315648
62,27,10919,131.5812803,0,0,740.2299661,1030.325213,62.25203773
62,28,11459,130.0300201,0,0,801.2837944,900.3129418,52.79500829
62,29,13729,135.2398572,0,0,641.0821618,974.6523418,46.93182315
62,30,11285,132.4685866,0,0,739.651307,950.6418254,50.40141781
62,31,9006,129.2542749,0,0,687.3778592,1113.914946,41.66711082
63,1,14067,135.2312504,0,0,646.2107059,1017.633539,54.47415938
63,2,11277,132.3937217,0,0,701.2314445,1046.892081,58.39877627
63,3,14559,132.514321,0,0,672.5348582,1073.006663,49.54866406
63,4,15237,138.2321323,0,0,706.0819059,951.2169718,57.47673427
63,5,12093,130.3535103,0,0,869.7284379,996.2373274,56.90821136
63,6,16311,125.7582,0,0,814.0181473,1079.966096,63.40671939
63,7,10583,127.2842294,0,0,790.2862137,1112.69451,48.04828499
63,8,13232,132.9612304,0,0,720.5532799,915.8187727,62.91210701
63,9,13049,131.0225305,0,0,866.181853,1109.620124,47.78642042
63,10,14350,128.5767944,0,0,796.1818815,922.6552613,64.72097561
63,11,12554,133.3979608,0,0,866.3101004,955.9442409,49.69523658
63,12,9520,129.9961134,0,0,774.2408613,1082.79916,39.98960084
63,13,11492,133.7727985,0,0,762.5214932,887.9093282,46.48076923
63,14,13570,132.9606485,0,0,876.7831982,1004.626308,41.97103906
63,15,11801,131.0423693,0,0,739.673587,1095.595882,56.71561732
63,16,12012,134.8827839,0,0,701.8061938,998.2189477,38.25391275
63,17,14910,133.1448021,0,0,689.5545272,878.793226,54.05586854
63,18,10949,134.3232259,0,0,786.8237282,963.1014705,42.99799068
63,19,10861,132.5505018,0,0,743.940337,1026.638063,62.81880122
63,20,11762,129.5412345,0,0,813.7297228,957.4031627,60.121748
63,21,11750,132.5080851,0,0,837.0748936,1051.195574,45.90731915
63,22,12978,124.1725998,0,0,756.1299892,1180.365156,47.45030051
63,23,13163,130.4675986,0,0,903.0738433,1063.63443,55.06647421
63,24,11456,130.1625349,0,0,799.9433485,896.4198673,53.45024441
63,25,11463,128.4702085,0,0,810.2866614,1043.825089,56.25752421
63,26,10913,133.5014203,0,0,737.7618437,943.8764776,50.70310639
63,27,9500,128.3631579,0,0,713.7515789,982.3863158,45.04915789
63,28,11100,126.9172072,0,0,763.9293694,1155.771351,55.38216216
63,29,15051,138.1836423,0,0,639.3585808,968.2182579,47.81416517
63,30,10617,132.4074597,0,0,799.9546953,996.0515211,49.25072996
63,31,10189,130.5846501,0,0,684.6719992,1116.163117,42.24585337
64,1,13576,128.8069387,0,0,813.3492929,956.7614172,61.66433412
64,2,13985,132.9915624,0,0,713.7234179,919.6988202,63.40071505
64,3,10183,127.2341157,0,0,725.9736816,995.6229991,45.52361779
64,4,14285,138.4338817,0,0,705.4629331,956.3971999,57.64382219
64,5,11525,126.8701952,0,0,795.277397,1114.223341,48.51826464
64,6,14517,132.5323414,0,0,691.5795275,883.9363505,54.37170214
64,7,14546,123.6096521,0,0,756.2743022,1171.757115,47.40230991
64,8,12093,129.6989994,0,0,873.6906475,996.3083602,58.56156454
64,9,13922,131.4052579,0,0,682.3867979,1078.362663,49.2000431
64,10,13348,130.7089452,0,0,876.4313006,1109.031091,48.7853611
64,11,12908,132.3191044,0,0,872.7263712,952.9920979,51.37449644
64,12,11387,131.6506543,0,0,722.9257926,1003.026434,38.60086063
64,13,13486,133.3397598,0,0,890.5240249,998.3749815,43.51282812
64,14,14222,128.4009281,0,0,790.9667417,927.9718042,66.02861763
64,15,16513,126.0967722,0,0,817.5628898,1083.25483,64.21782838
64,16,11260,126.10746,0,0,763.0344583,1158.334103,55.77628774
64,17,14579,132.750806,0,0,644.8739283,1024.088964,55.56389327
64,18,13337,129.7789608,0,0,903.3068156,1066.742971,56.35720177
64,19,10788,133.7170931,0,0,797.1675009,963.0831479,43.65600667
64,20,12024,128.1234198,0,0,809.3161178,1046.835413,57.17639721
64,21,11901,130.3787077,0,0,737.1221746,1099.459121,57.53281237
64,22,10418,131.8632175,0,0,692.773757,1056.491553,59.46573239
64,23,11960,132.4498328,0,0,738.5271739,948.7286789,50.97190635
64,24,11213,132.7849817,0,0,766.5881566,893.5625613,46.68313565
64,25,11466,129.7476888,0,0,803.7962672,898.8636839,53.91732077
64,26,11001,132.3557858,0,0,846.0059995,1048.503772,47.71238978
64,27,13934,135.9998565,0,0,654.2416392,979.1943448,47.03667289
64,28,9864,129.1109084,0,0,804.1345296,1059.396391,39.97181671
64,29,11051,131.9806352,0,0,805.3549,995.7955841,50.55895394
64,30,10855,132.4112391,0,0,740.6391525,1030.731184,63.70409949
64,31,4464,135.8221326,0,0,758.3758961,1077.906138,39.08243728
64,32,5322,131.9618564,0,0,645.4688087,1138.425028,46.49793311
65,1,14297,141.1033783,0,0,703.0269287,964.7595999,56.82136112
65,2,13987,124.6272253,0,0,761.8983342,1176.116394,46.64045185
65,3,15189,129.1226546,0,0,783.4273487,935.1522154,65.88952531
65,4,13080,130.4603976,0,0,902.4989297,1067.466437,56.77492355
65,5,13237,130.4442094,0,0,877.8934804,1113.055073,49.36465967
65,6,14630,134.961039,0,0,690.1590567,890.4941217,53.64524949
65,7,13990,134.6886347,0,0,704.6987848,925.0188706,62.73559685
65,8,13275,129.6927307,0,0,808.2513748,962.6238795,61.6160452
65,9,11800,133.7989831,0,0,733.2966949,1007.125424,37.96347458
65,10,12747,129.1004942,0,0,870.303287,999.0720169,58.78457676
65,11,14588,134.8397998,0,0,644.4110913,1034.119002,54.47648752
65,12,16718,125.8962196,0,0,810.2091159,1087.369303,64.25098696
65,13,11715,133.6010243,0,0,767.373965,900.3735382,46.60597525
65,14,11398,127.7703106,0,0,798.571416,1116.044569,47.90200035
65,15,12138,129.1579338,0,0,806.8026858,1050.98204,57.08255067
65,16,13428,134.2476914,0,0,686.3531427,1089.76899,48.11379208
65,17,12993,132.4159163,0,0,873.8427615,954.3456477,51.75810052
65,18,11105,130.7656911,0,0,804.2416929,901.4574516,54.12237731
65,19,11053,128.9511445,0,0,732.1452094,1003.115263,44.81778703
65,20,10069,129.2269342,0,0,813.72609,1060.088887,40.02681498
65,21,11646,126.7125193,0,0,767.2958956,1166.537008,55.36123991
65,22,14320,138.4292598,0,0,658.6930168,987.2337291,45.77702514
65,23,13437,133.1277815,0,0,896.9077919,999.5318896,44.30423458
65,24,11912,132.453996,0,0,737.2682169,1104.509654,56.84620551
65,25,10770,134.5237697,0,0,802.9822656,966.3012071,43.57845868
65,26,10812,131.6909915,0,0,849.1970033,1052.13596,48.07408435
65,27,11852,131.7798684,0,0,805.2825683,996.266706,50.74080324
65,28,9573,132.8906299,0,0,685.3660295,1065.802256,58.60116996
65,29,11501,134.5769064,0,0,737.20946,958.2951048,50.48578384
65,30,6202,130.479684,0,0,650.7412125,1146.580619,45.77894228
65,31,6246,132.940602,0,0,759.9340378,1074.340058,38.9612552
65,32,11077,133.8318137,0,0,733.1732419,1036.540218,63.1449851
66,1,14488,130.0557013,0,0,716.859815,1107.07275,54.10187742
66,2,10735,131.1887285,0,0,807.1740102,1037.808477,39.01099208
66,3,14019,140.5423354,0,0,707.7914259,967.3714958,57.91711249
66,4,13460,138.3058692,0,0,671.2710996,1073.210104,46.38625557
66,5,15431,134.1778887,0,0,699.8437561,885.9133562,55.82787894
66,6,13102,130.6045642,0,0,861.1228057,1117.782858,47.20294612
66,7,12162,133.1345173,0,0,806.6209505,954.398372,44.83596448
66,8,14066,134.1222807,0,0,722.142329,1055.923361,62.68285227
66,9,14015,134.3525508,0,0,705.0059222,936.7453443,64.2689975
66,10,13097,128.6903871,0,0,810.5727266,991.899748,62.16774834
66,11,10224,126.4084507,0,0,645.4250782,1122.476232,43.78980829
66,12,12006,124.9925037,0,0,745.8095119,1167.25429,51.58595702
66,13,11082,134.0121819,0,0,838.6821873,1053.590868,47.75040606
66,14,12856,129.9283603,0,0,816.3860454,917.6662259,56.47495333
66,15,14609,130.2522418,0,0,888.0653022,1098.206174,55.71996714
66,16,13525,133.2822181,0,0,895.5609612,1002.893383,44.91053604
66,17,12470,134.5113071,0,0,803.8307939,1001.369607,50.85156375
66,18,15283,140.1160113,0,0,664.4417326,961.1535693,46.11084211
66,19,14365,137.7065785,0,0,635.1774452,1019.594501,53.38691263
66,20,11644,135.1806939,0,0,776.95809,888.1666953,48.61619718
66,21,12499,128.849588,0,0,797.2339387,1066.539083,56.42971438
66,22,13927,129.9357363,0,0,667.2102391,1067.805629,57.35578373
66,23,12895,130.5313687,0,0,866.8799535,1030.586119,58.74967041
66,24,12780,127.549687,0,0,781.7564945,1112.28302,44.65758998
66,25,12374,134.9436722,0,0,739.2123,973.7501212,37.99571683
66,26,14852,128.2734985,0,0,782.0855777,971.3230541,67.14954215
66,27,13352,131.1334632,0,0,879.0578191,971.9047334,52.98824146
66,28,9030,125.1234773,0,0,738.2753045,1159.127021,41.89911406
66,29,14471,125.8273098,0,0,787.4110981,1117.793933,61.73947896
66,30,12037,133.221733,0,0,741.5695771,955.5466478,51.29575476
66,31,10849,128.372108,0,0,733.3087842,990.5191262,44.67121394
66,32,8670,133.3298731,0,0,746.7838524,1044.8609,38.42376009
67,1,14203,131.8869253,0,0,878.0741393,1105.859114,56.28874182
67,2,11421,133.4416426,0,0,806.4341126,1040.325541,39.07206024
67,3,15641,134.7316028,0,0,707.9723163,880.2180168,55.49862541
67,4,14477,141.1487187,0,0,708.8779443,962.1965186,57.9012917
67,5,13029,126.4011052,0,0,739.9643871,1163.483997,52.12855937
67,6,14131,134.900927,0,0,704.8666761,930.9174864,64.17436841
67,7,14384,142.2943548,0,0,669.7983176,951.8418382,46.34566185
67,8,12691,129.4708849,0,0,661.8290127,1057.818533,57.75478686
67,9,14289,132.8111834,0,0,854.234866,1125.097558,47.9056617
67,10,12568,129.299809,0,0,812.0751114,990.8807288,62.37794398
67,11,13799,141.0135517,0,0,666.6949779,1069.639322,46.72440032
67,12,11800,136.4723729,0,0,812.1466949,958.1728814,44.75550847
67,13,15654,131.4092884,0,0,712.8926153,1101.422192,54.57582726
67,14,12585,137.4449742,0,0,740.5999205,974.4905046,37.8640445
67,15,13263,132.0481791,0,0,868.1252356,1035.377064,58.99864284
67,16,14685,133.8191352,0,0,722.121825,1047.834661,63.06721144
67,17,12631,131.0142507,0,0,822.1634867,919.7651809,56.38872615
67,18,13269,127.6989223,0,0,775.9464918,1113.571407,45.00798854
67,19,13551,132.9261309,0,0,882.6133865,979.670873,52.90008117
67,20,13281,135.0555681,0,0,804.4885174,1001.883744,51.24734583
67,21,12590,135.9973789,0,0,741.098888,953.2837967,51.42136616
67,22,12013,129.799051,0,0,792.4024806,1064.177391,56.5021227
67,23,13551,133.8966866,0,0,897.9025164,1009.748948,44.82842595
67,24,10117,125.7133538,0,0,642.2462192,1118.206781,43.91934368
67,25,11924,136.5280946,0,0,783.9972325,889.6029017,48.33872861
67,26,13863,126.3896703,0,0,781.3118373,1113.349924,62.23660102
67,27,9732,134.5719277,0,0,742.6931771,1046.049322,38.53277846
67,28,11189,138.1118062,0,0,840.6463491,1056.934757,48.26579676
67,29,13591,140.0775513,0,0,632.203002,1009.056434,53.36811125
67,30,9795,125.8171516,0,0,728.7074017,1158.061562,42.42511485
67,31,15270,129.1204322,0,0,781.0908972,968.6362803,67.28244925
67,32,11461,129.6931332,0,0,734.5878196,988.7248059,44.74042405
68,1,14053,134.176119,0,0,847.8803103,1126.29218,47.10567139
68,2,15552,132.9483025,0,0,882.2715406,1109.167695,55.40502829
68,3,13595,137.2903273,0,0,737.816918,963.9650607,38.56623759
68,4,11843,134.4276788,0,0,805.4748797,1035.466351,38.78713164
68,5,15670,134.8681557,0,0,708.7828973,883.0136567,56.97249521
68,6,13632,135.4474032,0,0,885.7875587,980.1605781,52.96126761
68,7,15531,142.3590883,0,0,666.7381366,943.5951967,47.44968128
68,8,14506,133.1542121,0,0,713.064525,937.5332276,65.39500896
68,9,14880,130.8399866,0,0,710.5494624,1098.808199,54.26176075
68,10,10446,134.2460272,0,0,733.5807007,1046.83295,38.58634884
68,11,12212,125.4832132,0,0,739.4287586,1163.62152,51.28062561
68,12,14514,134.0212898,0,0,723.4311699,1052.307703,63.51309081
68,13,13807,133.2847831,0,0,872.7413631,1036.936337,58.56688636
68,14,13069,131.6336369,0,0,821.0570051,926.7689953,57.06435075
68,15,13958,136.1497349,0,0,898.9374552,1012.646009,44.50694942
68,16,13495,130.369322,0,0,818.5901445,999.4669878,62.58755094
68,17,13106,143.1307798,0,0,662.1466504,1065.768808,46.95383794
68,18,12080,125.9843543,0,0,642.2879139,1116.728394,44.21763245
68,19,15913,140.8148683,0,0,710.0187268,965.6668133,58.86413624
68,20,12902,136.894745,0,0,811.4730274,954.3649047,44.94675244
68,21,13506,128.271657,0,0,658.4917814,1059.48956,58.34865985
68,22,14295,127.1331235,0,0,785.1816719,1121.982511,61.7767751
68,23,16342,129.0145637,0,0,785.3136703,977.952821,68.23552809
68,24,13535,136.4931659,0,0,803.5161433,1005.707056,51.37753971
68,25,12301,137.2264044,0,0,782.3220876,891.2594911,49.07828632
68,26,10641,127.5378254,0,0,721.2603139,1153.503712,41.43097453
68,27,12362,136.5823491,0,0,742.5150461,956.9113412,52.24502508
68,28,11859,139.0195632,0,0,836.5642972,1058.166203,48.27110212
68,29,11762,129.1457235,0,0,770.4976195,1110.043785,44.40418296
68,30,14372,140.313248,0,0,631.3605622,1006.447606,53.93814361
68,31,12288,129.9162598,0,0,798.9448242,1072.03654,55.89591471
68,32,11492,130.4815524,0,0,732.7599199,986.1819527,45.10093978
69,1,14061,135.2151341,0,0,837.714814,1127.416684,48.92817012
69,2,15507,134.4496679,0,0,877.206165,1104.604501,56.6585413
69,3,16085,131.48424,0,0,711.7729562,869.6797016,56.72377992
69,4,14391,130.7523452,0,0,712.9510805,916.7290668,65.35049684
69,5,11464,134.6753315,0,0,799.9633636,1042.675768,39.46057223
69,6,13024,134.1143274,0,0,733.7211302,968.5099048,38.71015049
69,7,14168,136.9934359,0,0,882.9399351,975.5590062,52.99823546
69,8,16237,136.2740038,0,0,663.9573197,937.0472378,47.46972963
69,9,15723,135.8018826,0,0,709.3630986,950.1224321,59.17890988
69,10,12289,134.0980552,0,0,741.0047197,953.1894377,52.49304256
69,11,12869,132.4806123,0,0,820.9885772,919.0634859,56.72865024
69,12,12671,137.7788651,0,0,779.2066924,888.1559466,48.40462473
69,13,13238,131.7074331,0,0,789.3256534,1063.351186,57.25389032
69,14,13755,133.6708106,0,0,868.0934933,1026.193021,59.4087968
69,15,12898,127.9603039,0,0,762.8146224,1107.112421,45.98581175
69,16,12623,137.6933376,0,0,806.3033352,956.2271251,44.84361879
69,17,10089,130.6750917,0,0,727.2177619,1052.134899,39.64862722
69,18,13411,124.9816568,0,0,731.7714563,1158.463276,53.36261278
69,19,10086,125.1815388,0,0,635.5717827,1109.19413,46.01695419
69,20,12810,136.8409836,0,0,798.7209992,999.8162373,51.74028103
69,21,14216,137.2705402,0,0,627.955332,990.6098059,54.67705402
69,22,13969,131.015606,0,0,718.6151478,1033.018899,64.34648149
69,23,13835,140.1986267,0,0,894.7499819,1020.809613,44.58865197
69,24,12001,127.5930339,0,0,650.7970169,1040.706441,59.35472044
69,25,15590,128.1284157,0,0,786.5359846,954.2903143,68.53867864
69,26,12377,138.5905308,0,0,834.490749,1057.016563,49.09380302
69,27,13801,137.7392943,0,0,655.5652489,1060.232519,48.42011448
69,28,13188,130.1609797,0,0,818.6732636,985.7698665,63.21026691
69,29,14344,129.4819437,0,0,704.17157,1087.858408,56.20573062
69,30,10143,124.5052746,0,0,704.0413093,1149.036774,44.01488711
69,31,13326,125.6322978,0,0,780.2446345,1106.479664,63.59140027
69,32,10798,128.5861271,0,0,727.9065568,983.9121134,45.48907205
70,1,16586,132.2594357,0,0,729.8739298,864.2604003,57.46165441
70,2,15720,139.7087786,0,0,669.9134224,930.7111959,48.59885496
70,3,13537,136.0095294,0,0,736.7232031,966.2239787,39.31011302
70,4,15745,137.688282,0,0,722.5349,948.9836774,60.07335662
70,5,14053,135.2867003,0,0,807.8606703,1008.506582,52.14737067
70,6,12369,129.2062414,0,0,659.1492441,1035.678632,60.81105991
70,7,13091,138.8712092,0,0,813.4357192,959.3608586,45.02406233
70,8,16309,134.8300325,0,0,879.006009,1117.534184,56.42639034
70,9,14275,135.902697,0,0,826.7899124,1138.892189,48.57394046
70,10,14284,139.0040605,0,0,889.4342621,989.2485298,52.49208905
70,11,13531,136.8928387,0,0,795.0375434,891.5398714,48.69521839
70,12,13850,140.6883032,0,0,655.5503971,1064.058267,49.61971119
70,13,15727,123.1035162,0,0,724.7559611,1159.591848,53.76778788
70,14,11636,136.2187178,0,0,796.1625988,1047.391114,39.49673427
70,15,13764,135.7339436,0,0,879.0030514,1040.214037,59.10258646
70,16,13929,124.3499892,0,0,689.8009907,1150.968339,44.17689712
70,17,15671,130.7722545,0,0,730.4545977,1033.979516,65.38899879
70,18,14761,130.4823521,0,0,731.103787,917.9275794,66.55904072
70,19,13535,132.1502771,0,0,834.1250831,922.9965275,57.18891762
70,20,14670,128.6695297,0,0,793.2389911,1068.518064,57.7605317
70,21,13375,138.7029533,0,0,830.8219065,1066.397383,48.8168972
70,22,13563,143.4637617,0,0,894.6216176,1036.337462,44.14628032
70,23,12539,129.4988436,0,0,836.0419491,997.4784273,63.61073451
70,24,15514,127.4372825,0,0,808.9144644,963.3462034,69.28174552
70,25,13835,128.7889411,0,0,711.6902783,1086.15562,57.3800506
70,26,11870,125.9495366,0,0,753.4977254,1109.793176,46.38357203
70,27,11402,124.9017716,0,0,624.8088932,1105.210051,47.23302929
70,28,14020,124.078388,0,0,789.5496434,1113.274608,63.84600571
70,29,10574,131.3521846,0,0,719.1225648,1058.565822,40.168432
70,30,15350,138.671987,0,0,638.8386319,986.6741368,55.83100977
70,31,13566,134.2139171,0,0,751.083665,955.4307091,53.10828542
70,32,11848,129.2493248,0,0,731.533761,985.2036631,46.48371033
71,1,15006,137.5926296,0,0,828.9484873,1140.790484,48.12821538
71,2,17496,135.5378944,0,0,731.3598537,868.5845908,58.84522176
71,3,16533,142.8807839,0,0,725.0055646,955.5069255,60.50003024
71,4,16814,144.5306292,0,0,673.1962055,931.8541691,49.41227548
71,5,15934,134.0413581,0,0,883.8808836,1123.934229,55.58434794
71,6,13297,138.250282,0,0,809.5194405,1009.401745,52.2790103
71,7,13450,140.8196283,0,0,735.9924907,961.6553903,39.7660223
71,8,13413,139.8144338,0,0,814.8874226,958.5871915,45.72772683
71,9,11866,136.8217596,0,0,797.2733861,1042.985758,39.49435362
71,10,12724,131.9460861,0,0,660.9750865,1045.346982,61.05053442
71,11,13771,133.7102607,0,0,840.3430397,930.295476,57.80458935
71,12,15058,131.2918714,0,0,798.310599,1079.79911,57.39414265
71,13,12544,128.3762755,0,0,755.7850765,1107.161352,46.18582589
71,14,14220,142.1705345,0,0,895.6870605,1036.142194,43.95794655
71,15,12611,125.3439061,0,0,690.0638332,1148.538102,43.77305527
71,16,16403,132.6759129,0,0,735.3403036,931.7016399,67.2686094
71,17,13342,139.3456753,0,0,896.6411333,994.792235,52.3478489
71,18,11440,135.722465,0,0,717.7761364,1053.644493,40.40166084
71,19,15614,133.9882797,0,0,733.8113232,1046.630332,65.54585628
71,20,14870,128.8129119,0,0,716.9495629,1093.574916,56.46099529
71,21,12770,125.6575568,0,0,626.6332028,1105.764213,47.05489428
71,22,14226,130.8996907,0,0,841.826796,1008.895614,63.65359201
71,23,15198,135.0659955,0,0,881.9705882,1047.079353,58.75773128
71,24,13514,139.9150511,0,0,799.3126387,892.7389374,49.47928075
71,25,14634,145.6909936,0,0,644.2949296,991.7529725,56.4100041
71,26,13958,147.6740937,0,0,655.9468405,1065.120146,49.78206047
71,27,14798,139.0538586,0,0,832.0358832,1070.218611,48.59089066
71,28,13412,126.1881897,0,0,796.246272,1125.276543,63.43550552
71,29,16366,129.5420995,0,0,817.9655383,979.7240621,69.86331419
71,30,11569,132.8897917,0,0,731.6503587,985.002766,47.06413692
71,31,13162,138.3921137,0,0,756.7323355,960.6136605,53.60932989
71,32,12756,123.5946221,0,0,727.5769834,1165.335215,53.03645343
72,1,13641,141.3190382,0,0,749.2312147,946.7818342,40.66578697
72,2,15642,126.9895154,0,0,788.2641606,1159.886779,60.75521033
72,3,17516,146.2531971,0,0,687.3742864,925.7469742,50.07878511
72,4,17840,141.3922085,0,0,735.9068946,973.182287,60.86748879
72,5,14348,138.3762197,0,0,829.8215779,1074.286939,46.79627823
72,6,14138,135.8551422,0,0,821.8443203,1144.090819,45.44115151
72,7,14659,136.7954158,0,0,884.9592059,1074.687564,57.58946722
72,8,17099,144.5589801,0,0,659.5429557,1058.000702,48.33972747
72,9,13582,138.6637461,0,0,817.7754381,902.6399647,50.80429981
72,10,13881,140.4420431,0,0,830.385491,960.7400764,46.01642533
72,11,15246,134.953824,0,0,881.5738554,1141.472845,52.30585071
72,12,12397,137.297088,0,0,771.8151166,970.0640478,54.12494958
72,13,13875,133.5198559,0,0,851.1224505,957.5135856,58.98601802
72,14,17127,135.7966369,0,0,744.9325042,868.9037193,61.40357331
72,15,11189,136.7563679,0,0,718.4363214,1033.586648,39.13870766
72,16,13159,137.16673,0,0,800.4558857,1032.779467,38.9797857
72,17,15097,133.9883421,0,0,738.0098033,959.7108697,68.22580645
72,18,16754,133.2527158,0,0,731.9998209,1073.682583,63.74125582
72,19,14109,138.788362,0,0,818.1121979,1020.241194,51.89063718
72,20,13686,140.2834283,0,0,900.4291247,1016.22154,52.02805787
72,21,13501,131.4366343,0,0,751.3372343,1098.33642,43.90156285
72,22,14487,139.9604473,0,0,899.2060468,1036.622144,43.09877821
72,23,15820,125.9277497,0,0,714.1020228,1165.876106,49.65891277
72,24,13148,127.4256921,0,0,684.8827198,1127.910481,40.2542592
72,25,15314,147.888664,0,0,651.7922816,994.087371,55.63784772
72,26,10220,135.7514677,0,0,744.2979452,979.0188845,47.06272016
72,27,17209,129.2975768,0,0,842.0391074,1032.154687,69.72113429
72,28,15551,131.6931387,0,0,796.0659122,1095.916983,55.42518166
72,29,10508,134.6884279,0,0,664.5049486,1056.21241,59.28530643
72,30,8443,130.9510837,0,0,708.5364207,1099.919105,53.65900746
72,31,8488,133.3812441,0,0,619.9876296,1089.680137,45.04241282
72,32,14021,132.5953213,0,0,844.945439,1046.563868,62.99279652
73,1,13262,139.0815111,0,0,816.5316694,1056.877846,46.40649977
73,2,17527,140.201917,0,0,681.9590346,910.6509956,52.47087351
73,3,13750,136.5978182,0,0,739.0304727,920.128,42.79381818
73,4,14941,136.4733284,0,0,805.8346162,1123.195703,44.08921759
73,5,15316,130.09193,0,0,741.3337033,970.3989945,69.35838339
73,6,14442,125.1814846,0,0,702.2228916,1144.680169,48.51966487
73,7,13924,138.6898161,0,0,818.311333,889.1333668,52.62862683
73,8,16406,130.8975375,0,0,789.4045471,1089.723333,54.74289894
73,9,13851,142.5643636,0,0,894.7249296,1009.483575,51.63208433
73,10,15445,137.7322758,0,0,869.5056005,1129.611913,50.17999353
73,11,15782,138.5178685,0,0,879.2758206,1075.114751,56.47813965
73,12,13491,140.9019346,0,0,814.4679416,1007.671929,51.95293158
73,13,13726,134.5113653,0,0,784.5123853,1004.140172,39.48317063
73,14,15904,130.2429577,0,0,851.8664487,1051.502075,69.45064135
73,15,13717,134.9362105,0,0,850.7192535,959.0990012,59.89013633
73,16,15365,140.3533355,0,0,651.5703222,1038.346437,49.6424341
73,17,14714,142.9309501,0,0,652.8198315,983.5214082,57.52976757
73,18,13511,145.2126416,0,0,886.1046555,1017.199763,42.82081267
73,19,13552,130.1234504,0,0,738.5422078,1071.425325,43.82600354
73,20,12269,128.4798272,0,0,663.3460755,1093.94857,40.50639824
73,21,12731,130.8091273,0,0,709.8383473,1089.628152,53.84345299
73,22,10656,132.894238,0,0,739.0891517,962.2244745,48.60050676
73,23,12766,134.9258969,0,0,772.9310669,965.403337,55.22599091
73,24,10671,132.972355,0,0,705.0319558,1001.362197,40.30784369
73,25,18001,131.526693,0,0,731.7988445,1081.75368,63.86939614
73,26,16287,132.1195432,0,0,752.2782587,867.3983545,64.92288328
73,27,13503,134.0440643,0,0,842.392061,1053.779753,62.11360438
73,28,13573,140.7515656,0,0,823.166507,943.6490091,46.99462168
73,29,17029,135.1429326,0,0,740.3214516,975.0495038,62.08755652
73,30,10765,133.2338133,0,0,666.3638644,1053.126521,60.21263353
73,31,11427,127.4577754,0,0,782.1681106,1161.088125,58.41279426
73,32,10090,132.2446977,0,0,610.9434093,1064.595243,46.40644202
74,1,16674,134.7944105,0,0,834.5692695,1129.741874,41.30436608
74,2,15393,135.3862795,0,0,757.8894952,1098.214448,37.99226921
74,3,15586,128.3873348,0,0,768.086937,1181.272296,49.87527268
74,4,11179,134.4718669,0,0,675.6832454,962.1077019,42.41461669
74,5,12611,134.9471097,0,0,870.4357307,1012.548886,56.51098248
74,6,12700,137.8182677,0,0,807.7848819,1024.891417,48.4823622
74,7,15413,127.4714851,0,0,668.0402907,1129.50665,44.5749043
74,8,17139,141.6286831,0,0,683.4141432,921.2536904,55.13297159
74,9,12918,131.6548227,0,0,702.7417557,1044.261341,41.5360737
74,10,13855,131.957777,0,0,747.3173584,969.2225189,39.06784554
74,11,18516,126.5503889,0,0,780.3889609,1059.139987,67.7970404
74,12,14577,131.2451122,0,0,695.6941758,1102.483364,50.76764766
74,13,15530,142.187508,0,0,850.8880232,1000.948358,38.82852543
74,14,13736,134.2164386,0,0,775.1631479,995.4544991,53.58532324
74,15,16886,131.6224683,0,0,844.1275021,1097.428225,54.14805164
74,16,14361,136.3107026,0,0,729.8486178,899.8770977,45.95696679
74,17,13236,135.3575854,0,0,834.4942581,915.3367332,53.4482472
74,18,14358,135.2908483,0,0,783.2546316,1046.555857,42.15517482
74,19,13239,145.1730493,0,0,880.1248584,1031.427072,46.13482891
74,20,12873,138.0620679,0,0,681.7539035,1089.559621,58.72547192
74,21,11646,133.8508501,0,0,735.2697922,961.554611,49.07607762
74,22,14688,137.4449891,0,0,866.7033633,1101.274374,47.68457244
74,23,13922,131.997486,0,0,627.1781353,1045.007255,41.08770292
74,24,13162,136.5022033,0,0,814.1913843,942.5328977,46.09094363
74,25,13616,130.6811105,0,0,891.2585194,1138.451821,60.83717685
74,26,15548,143.9520839,0,0,665.7699383,1016.185683,59.0865063
74,27,11159,135.4395555,0,0,597.3502106,1041.972937,48.09337754
74,28,12105,134.8277571,0,0,736.1675341,1133.341099,59.05419248
74,29,17231,129.8130114,0,0,808.9259474,943.4686902,69.37217805
74,30,14000,134.5282857,0,0,771.7173571,1104.366786,48.82564286
74,31,14190,136.0589852,0,0,760.7446794,1035.034813,60.38646934
74,32,13437,144.0191263,0,0,640.8534643,1026.231971,50.97521768
75,1,17413,142.9778901,0,0,676.260495,1035.170677,62.05817493
75,2,18729,141.6801751,0,0,689.9839287,928.1995301,60.91152758
75,3,16243,129.4418519,0,0,741.6689651,1158.894416,45.08600628
75,4,14410,136.9389313,0,0,679.8587786,1088.654198,50.96245663
75,5,12395,137.1380395,0,0,741.7616781,1084.430173,46.65421541
75,6,13604,136.3085122,0,0,668.0139665,1002.16157,44.21662746
75,7,14092,143.5908317,0,0,850.4787823,1006.968138,43.8169174
75,8,16398,140.6983169,0,0,787.079034,1084.762593,37.36961825
75,9,13174,138.2097313,0,0,869.7886747,1024.077198,53.83019584
75,10,13096,139.3233048,0,0,747.0769701,1008.074679,42.55085522
75,11,11328,137.5531427,0,0,724.458863,946.8858581,52.56347105
75,12,15599,141.4245785,0,0,807.2909802,952.3486121,39.11128919
75,13,14294,140.0833217,0,0,718.8432909,876.3446201,52.09794319
75,14,15891,135.9759612,0,0,892.2794664,1155.77503,53.19658926
75,15,15519,133.4306334,0,0,636.0398222,1093.170823,44.93292094
75,16,13356,135.0722522,0,0,709.3674004,924.1385894,43.18471099
75,17,15495,141.3551468,0,0,836.4322685,1074.363278,43.36224589
75,18,14792,138.3923743,0,0,765.7754191,996.4072472,54.59748513
75,19,12783,142.1957287,0,0,788.9361652,1005.145271,48.0817492
75,20,14814,134.6458755,0,0,826.13548,1091.54111,49.32698798
75,21,16187,134.143572,0,0,730.094891,1145.520109,56.99820844
75,22,13085,140.5341995,0,0,794.6243026,919.0709209,48.56988919
75,23,11420,137.9879159,0,0,651.3736427,927.5269702,48.04229422
75,24,13434,137.4818371,0,0,837.0274676,922.0911121,55.23998809
75,25,15192,140.1808847,0,0,705.3554502,1045.449908,38.0242891
75,26,13027,137.1569817,0,0,686.0384586,1102.102096,58.89230061
75,27,12539,131.5007576,0,0,805.4835314,1106.478507,64.82725895
75,28,12780,149.2571987,0,0,630.1570423,1013.258451,55.34076682
75,29,13502,137.5591764,0,0,772.700711,1060.597023,60.00451785
75,30,12143,137.506547,0,0,593.7514617,998.5902166,45.98476489
75,31,11994,136.2388694,0,0,582.9468901,1018.177172,52.9018676
75,32,17025,130.3154185,0,0,858.676652,1008.039941,69.45192364
76,1,16777,135.4091315,0,0,666.0711689,1118.946236,57.75192227
76,2,18859,139.3795535,0,0,768.6295668,905.1862771,60.820298
76,3,14067,135.6455534,0,0,674.9636028,959.1417502,44.81986209
76,4,13695,143.3948156,0,0,837.2684922,952.6304491,45.45702811
76,5,15875,139.071685,0,0,782.4944882,999.1904882,52.7887874
76,6,16417,134.9609551,0,0,704.677834,1001.397149,62.60230249
76,7,16163,129.852812,0,0,668.3539566,1139.709707,45.62618326
76,8,14251,138.4130236,0,0,700.8854817,1064.732159,46.11325521
76,9,15058,139.8651879,0,0,782.0237747,1107.672799,40.06753885
76,10,13361,135.6167952,0,0,749.7290622,911.8286056,42.3034204
76,11,14779,145.1173963,0,0,662.6076189,960.6411124,57.50977739
76,12,13543,143.2400502,0,0,790.1069187,1022.936129,46.03522115
76,13,16997,130.6129317,0,0,832.4855563,1210.970877,51.20986056
76,14,12935,149.6542714,0,0,831.3404716,1051.769772,39.98044066
76,15,13618,142.0629314,0,0,882.5339257,983.2162579,51.53216331
76,16,15653,134.7691177,0,0,780.4338465,1103.282502,47.31214464
76,17,15827,137.9488216,0,0,718.3961585,1094.757945,36.78296582
76,18,11449,136.643899,0,0,708.8154424,884.5047602,49.05642414
76,19,16269,136.718483,0,0,855.5181634,1082.880755,50.62118139
76,20,13294,142.1714307,0,0,736.9730706,998.9880397,41.71024522
76,21,13798,136.7091607,0,0,662.6313234,1059.278881,59.6819829
76,22,13592,141.9183343,0,0,676.632578,1012.426501,38.3119482
76,23,10827,137.1291216,0,0,768.1331856,936.7284566,51.37794403
76,24,15082,138.7220528,0,0,800.5602042,876.7449277,51.11689431
76,25,13544,134.7463822,0,0,606.8638512,1026.698021,47.18369758
76,26,14391,140.6173303,0,0,757.4859982,1060.182823,57.95420749
76,27,13543,133.9124271,0,0,624.7564055,919.2435945,48.56575353
76,28,13460,136.6508915,0,0,653.7068351,1041.106538,51.92734027
76,29,16485,143.5532909,0,0,807.4062481,982.8280255,36.64106764
76,30,12116,132.8531694,0,0,620.3815616,932.1210796,55.35003301
76,31,16547,131.6729316,0,0,776.8432949,1126.649967,64.34471505
76,32,14947,132.2352981,0,0,906.608684,1088.290025,64.13400682
77,1,16928,141.7384216,0,0,715.0549976,923.5141777,58.06574905
77,2,13456,130.9988853,0,0,871.7762337,1156.006317,62.71068668
77,3,14375,132.8535652,0,0,710.7651478,930.158887,45.26713043
77,4,14129,141.5043527,0,0,660.564725,990.3869347,53.08549791
77,5,14726,135.8179411,0,0,638.7999457,1061.882589,59.31787315
77,6,13403,139.7527419,0,0,858.6626128,1000.709617,43.92882191
77,7,15498,133.4851594,0,0,691.2657762,869.1219512,48.91173055
77,8,14127,136.7742621,0,0,687.158774,1033.721951,47.08359878
77,9,14505,138.1638056,0,0,787.0929335,1039.543744,45.38186832
77,10,15676,137.5302373,0,0,801.1212044,1085.576104,39.17217402
77,11,14451,136.3268978,0,0,623.3401149,954.1401979,48.73005328
77,12,16251,137.7462925,0,0,676.4324042,1071.169097,37.44114208
77,13,14264,135.8428912,0,0,745.3935782,994.9929893,41.58510937
77,14,17341,136.9648233,0,0,751.9444669,1054.320339,57.84804798
77,15,12203,131.9921331,0,0,779.6633615,880.538638,48.59239531
77,16,12740,125.8010204,0,0,728.772449,1229.980063,51.37967033
77,17,14383,134.5661545,0,0,794.4831398,1015.573663,52.28478064
77,18,13593,132.5682336,0,0,797.9070845,923.1321268,41.29875671
77,19,13532,140.8473988,0,0,680.1819391,980.7439403,38.89299438
77,20,15065,130.7243943,0,0,740.5399934,1101.973979,47.41214736
77,21,11916,132.0626049,0,0,809.9919436,953.6084256,50.41918429
77,22,14118,137.7171696,0,0,869.7489729,918.0058082,49.3467205
77,23,14922,136.0136041,0,0,738.6976947,977.2749631,62.9575124
77,24,19487,133.6585929,0,0,841.0146765,924.7819059,60.00210397
77,25,14097,145.089026,0,0,890.3353196,1051.417465,50.02319642
77,26,16736,130.3680091,0,0,817.3705186,1124.663062,50.29248327
77,27,14893,132.0947425,0,0,730.3466058,1112.928423,40.17229571
77,28,15563,137.2482169,0,0,805.5123691,1014.905931,35.64961768
77,29,13026,136.1720405,0,0,671.0158913,1006.909412,60.78826961
77,30,12203,133.416373,0,0,689.4460379,879.5152012,56.01442268
77,31,16359,134.9902195,0,0,742.2719604,1122.916682,65.6662999
77,32,15174,133.3436141,0,0,615.1430737,1086.718861,47.1976407
78,1,18716,142.9500962,0,0,698.3875828,919.4255183,58.09788416
78,2,14503,136.0615045,0,0,690.6133903,1015.714818,45.55760877
78,3,13355,125.9346312,0,0,710.9946836,1230.467765,50.30924747
78,4,12827,128.614563,0,0,826.8822016,1168.259843,62.87612068
78,5,17606,137.5245939,0,0,709.036124,976.9464955,63.05486766
78,6,19006,133.2655477,0,0,815.1722614,922.9046617,62.61138588
78,7,13176,141.7433212,0,0,654.032711,974.7874924,51.50220097
78,8,13513,141.0495079,0,0,602.9374676,1050.463258,57.86531488
78,9,14820,132.4360999,0,0,725.295749,920.5953441,45.13218623
78,10,13591,141.4141711,0,0,819.8848503,1075.081598,40.35560297
78,11,15100,133.742649,0,0,695.1992053,864.2139735,49.26509934
78,12,12836,141.9124338,0,0,869.4215488,992.0208788,46.78895294
78,13,18843,137.0833731,0,0,729.1486494,1045.611845,57.54763042
78,14,14172,139.6718177,0,0,696.1975021,965.7277025,38.67266441
78,15,14187,135.6216959,0,0,757.264115,983.6453796,41.82892789
78,16,15244,135.9999344,0,0,627.3802152,938.555366,46.89799265
78,17,14555,135.0037788,0,0,865.2217108,912.0171762,52.69501889
78,18,17199,136.8468516,0,0,698.9361009,1055.539334,36.001628
78,19,12127,131.6851653,0,0,780.0747093,868.6719716,50.47827163
78,20,13869,131.9649578,0,0,812.0187468,915.8792992,43.33729901
78,21,11506,132.1035981,0,0,805.7981922,943.385538,52.58638971
78,22,14511,133.3243057,0,0,755.1680794,1103.060919,39.18964923
78,23,16062,130.2238825,0,0,810.3414892,1121.047254,51.42504047
78,24,15087,134.5889176,0,0,786.9154902,1005.727182,53.31828727
78,25,13829,138.6555065,0,0,798.1193145,1029.773809,46.41897462
78,26,14199,138.8091415,0,0,882.2979787,1044.877738,53.11388126
78,27,15668,138.6504978,0,0,832.4278785,1003.940324,37.8540337
78,28,12911,132.7694214,0,0,679.2830919,871.280536,55.97506003
78,29,13757,138.3418623,0,0,636.1160864,1000.046449,59.57330813
78,30,16005,131.0027491,0,0,744.0763511,1084.819931,46.63830053
78,31,15700,137.18,0,0,703.6326752,1114.999427,65.89936306
78,32,15750,132.0754286,0,0,616.6014603,1065.563048,42.9615873
79,1,15885,149.1967265,0,0,719.4249921,907.7976078,56.6434372
79,2,13767,126.640154,0,0,657.4723614,1220.487906,52.21130239
79,3,15510,138.9813024,0,0,697.4916183,1012.344616,45.21166989
79,4,15522,134.3711506,0,0,753.9089679,930.7523515,43.84647597
79,5,14376,143.8394546,0,0,670.2371313,956.8555231,50.23497496
79,6,15366,138.7715085,0,0,652.5793961,922.8070415,45.03833138
79,7,12742,134.7938314,0,0,712.354183,859.4999215,53.93909904
79,8,13432,139.1726474,0,0,811.6534395,1106.810304,41.76801668
79,9,14637,135.4552162,0,0,734.0700963,866.1705951,47.00731024
79,10,13940,145.5404591,0,0,593.4941176,1007.971593,57.38077475
79,11,16760,130.5915871,0,0,785.8979714,1137.03043,53.44451074
79,12,20044,134.4276591,0,0,827.8879465,932.291808,62.47251048
79,13,15426,128.7923635,0,0,776.9049008,1171.377869,65.34487229
79,14,14380,136.3709318,0,0,788.1089013,1015.716412,53.68581363
79,15,13666,139.693546,0,0,873.1654471,1033.288234,47.93882628
79,16,17198,142.275846,0,0,717.9275497,1033.136295,57.72775904
79,17,14370,140.0450939,0,0,773.3802366,1000.293667,41.65504523
79,18,15122,134.7921571,0,0,734.5651369,1088.964026,47.52096284
79,19,14774,138.1487072,0,0,798.5276161,1050.144037,47.08047922
79,20,17101,139.6672709,0,0,711.5251155,956.6062803,62.37494883
79,21,17092,141.3717529,0,0,701.0779312,1063.535046,36.12865668
79,22,14135,134.8904139,0,0,868.5550053,1075.110364,54.97806862
79,23,13709,137.5476694,0,0,887.5546721,945.7376176,52.90509884
79,24,16819,134.5198288,0,0,741.6650812,1120.177537,40.1811047
79,25,12836,132.8550171,0,0,822.3562636,959.9340916,52.64599564
79,26,13113,141.9080302,0,0,637.3735225,964.4313277,58.39594296
79,27,16731,140.4366147,0,0,843.8125037,1043.455203,38.92492977
79,28,14685,144.2445352,0,0,718.9975485,973.9650664,37.43493361
79,29,14238,134.7058576,0,0,842.8783537,949.1736199,43.27089479
79,30,13560,133.1468289,0,0,815.199705,887.7918879,49.49004425
79,31,13408,138.7392601,0,0,675.9318317,1087.78662,66.04676313
79,32,16435,134.7310618,0,0,615.2629145,1044.592638,41.86979008
80,1,17357,150.1594746,0,0,699.968543,911.1580342,55.78861554
80,2,15457,127.6204309,0,0,693.9067736,1234.601604,53.87170861
80,3,15716,135.8722957,0,0,750.2439552,933.480084,43.42307203
80,4,17053,129.9186067,0,0,782.2982466,1154.844133,66.23708438
80,5,14268,142.1057611,0,0,780.0562097,997.5138071,41.65089711
80,6,18564,141.3882245,0,0,698.8298858,953.9106335,61.91984486
80,7,19431,136.9355669,0,0,804.5820596,912.9419999,62.96598219
80,8,12910,135.2267235,0,0,690.7387297,864.7740511,52.70092951
80,9,15024,143.6732561,0,0,666.01877,967.4265841,49.4928115
80,10,15483,135.4625073,0,0,718.890848,875.5103662,45.55286443
80,11,16266,134.6891061,0,0,776.7877782,1129.766814,40.70933235
80,12,15127,138.6437496,0,0,647.2042705,943.9805646,43.01579956
80,13,17238,139.765112,0,0,730.9149553,1080.533299,36.00185636
80,14,12816,141.90348,0,0,886.3049313,1011.258193,49.53885768
80,15,12398,134.6494596,0,0,811.3563478,945.8596548,53.43700597
80,16,14754,137.6181375,0,0,876.2564728,925.3064932,54.22231259
80,17,16751,131.5331025,0,0,808.4679721,1127.946511,55.11885858
80,18,14219,138.2856741,0,0,713.4401153,1016.356214,45.18088473
80,19,16534,141.2526914,0,0,865.498367,1032.131487,40.96244103
80,20,12963,147.0887912,0,0,591.5781841,1026.041117,58.20774512
80,21,14861,138.1684274,0,0,789.1538254,1001.555683,54.44855662
80,22,13718,140.4168246,0,0,842.2380814,1098.721388,44.01785975
80,23,15980,138.1804756,0,0,879.1324155,1053.285544,57.21395494
80,24,13421,144.350272,0,0,726.9673646,986.5998808,36.85805827
80,25,17467,143.4469571,0,0,727.5689014,1029.108834,58.49676533
80,26,15181,133.7600949,0,0,842.34945,936.4856729,44.188591
80,27,13773,144.1616932,0,0,819.5247949,1036.381326,48.16989763
80,28,13487,134.7264773,0,0,797.5709201,882.3611626,49.74746052
80,29,13394,140.4117515,0,0,684.797372,1090.662909,66.57130058
80,30,12999,142.9194553,0,0,624.3069467,971.2907147,58.27117471
80,31,17912,131.9515967,0,0,637.5324922,1073.185351,39.15559402
80,32,15037,135.1208353,0,0,765.4949125,1088.196848,47.89771896
81,1,18287,148.870017,0,0,717.2623722,899.2345929,55.47060754
81,2,14910,129.0615023,0,0,674.8787391,1221.225956,58.62977867
81,3,16994,134.1837707,0,0,740.356773,1143.096387,43.03183477
81,4,22095,137.0069246,0,0,838.7903598,905.3272234,60.43498529
81,5,15365,137.2963879,0,0,715.4011064,880.883892,44.45935568
81,6,17171,139.5654883,0,0,810.1735484,1119.695708,44.04792965
81,7,13428,135.141272,0,0,704.8334823,857.7380846,51.74277629
81,8,15378,138.1366237,0,0,735.1587983,944.1167252,42.51905319
81,9,13872,144.0656719,0,0,758.2770329,1014.471021,41.18814879
81,10,14322,141.4210306,0,0,884.7653959,938.5888842,50.31392264
81,11,16376,142.4330117,0,0,728.1500977,928.7085369,61.90443332
81,12,15647,136.2970537,0,0,827.7761232,959.2510385,41.53473509
81,13,16092,143.8709297,0,0,666.4702337,957.9456252,50.61956252
81,14,14479,139.2332343,0,0,791.1859244,1001.101595,53.66178603
81,15,14912,139.3149142,0,0,631.5596164,943.1832752,44.80378219
81,16,20271,134.6543338,0,0,689.9779981,1093.410143,38.53426077
81,17,14844,136.5553085,0,0,755.4995284,1091.293182,49.70904069
81,18,13048,143.3940834,0,0,875.8752299,1027.707311,47.13986818
81,19,13726,140.6578756,0,0,643.8370975,942.8370246,60.03176453
81,20,17961,141.8049106,0,0,835.3424642,1058.948889,39.29018429
81,21,13317,145.3767365,0,0,810.953443,1047.288203,47.75099497
81,22,14790,139.9618661,0,0,702.1029074,1016.97167,46.34787018
81,23,15190,132.8272548,0,0,803.624819,1130.038315,56.08946675
81,24,14682,141.7038551,0,0,606.9095491,993.2357308,62.10570767
81,25,11352,135.9836152,0,0,818.4880197,948.3849542,51.45454545
81,26,15193,140.3878102,0,0,881.2122688,1055.138287,55.36819588
81,27,15022,142.742511,0,0,694.4636533,1002.005792,37.53335109
81,28,16906,141.0590323,0,0,742.3669703,1013.398498,59.48609961
81,29,15399,130.0469511,0,0,801.4777583,1139.913826,67.30151309
81,30,12964,136.2320272,0,0,800.835236,891.6972385,46.96659981
81,31,12743,136.7298124,0,0,708.1669936,1059.040807,69.16636585
81,32,18175,130.4700413,0,0,605.861458,1074.443026,42.72544704
82,1,15806,128.4978489,0,0,685.5861065,1224.876692,59.23959256
82,2,17613,149.4219043,0,0,721.3618918,896.6178959,55.65355135
82,3,15422,137.0163403,0,0,739.9044223,945.8543639,42.03657113
82,4,13330,134.6653413,0,0,717.1177044,854.6471118,51.18454614
82,5,16420,137.9070646,0,0,815.951827,1127.511693,43.96400731
82,6,16284,135.7831,0,0,719.9248956,882.0342054,44.4882707
82,7,13288,131.5443257,0,0,821.4500301,1129.606261,56.61017459
82,8,18434,131.493653,0,0,742.8504394,1154.503472,43.77801888
82,9,16018,143.2975403,0,0,674.7491572,951.381321,50.66868523
82,10,15332,140.3146361,0,0,800.9452126,998.6091834,52.98636838
82,11,14147,140.4335195,0,0,653.592281,930.1290733,60.97412879
82,12,15565,138.6905236,0,0,634.8893029,942.0194025,44.50658529
82,13,16222,141.6792627,0,0,740.4281839,919.9223277,62.19208482
82,14,16612,134.2620395,0,0,833.2459668,963.2217674,41.67126174
82,15,14069,139.3524771,0,0,713.7217286,1009.25709,46.54261142
82,16,13745,144.7622408,0,0,819.3673336,1045.670207,47.44656239
82,17,14193,134.8241387,0,0,807.8931163,893.6978088,47.64376805
82,18,16120,141.2061414,0,0,700.2840571,1006.019045,37.65397022
82,19,14253,142.1062233,0,0,763.1264295,1020.028766,41.22563671
82,20,14348,141.316281,0,0,887.1841372,937.3948982,50.52327851
82,21,16699,139.3621774,0,0,843.2831307,933.0549734,61.15491946
82,22,18365,138.7449496,0,0,841.3414103,1058.365206,39.35001361
82,23,14349,140.7998467,0,0,891.4039306,1052.578925,55.6839501
82,24,13460,144.5736999,0,0,884.873477,1027.650892,47.47414562
82,25,19663,135.112699,0,0,693.9090169,1100.138789,38.58165082
82,26,14177,135.2548494,0,0,773.0819637,1090.583621,49.69083727
82,27,17330,140.0615118,0,0,760.1047894,1008.687421,59.56180035
82,28,13562,129.9346704,0,0,820.5158531,1134.782554,67.3060758
82,29,12402,135.7259313,0,0,822.0233833,947.9739558,51.35236252
82,30,21589,130.7964241,0,0,601.8355181,1086.780073,42.92347955
82,31,14157,143.4537685,0,0,618.4343434,983.9806456,64.61517271
82,32,14001,136.4441111,0,0,728.3492608,1047.04514,70.35497464
83,1,14697,129.9340682,0,0,721.3025107,1234.173165,59.69878206
83,2,18429,139.2083672,0,0,818.3171089,936.0788431,58.18536003
83,3,15487,148.8150061,0,0,760.2690644,902.0706399,55.1838316
83,4,13482,134.1205311,0,0,737.2026406,857.2918706,52.43977155
83,5,20143,132.3375366,0,0,657.9852554,1157.115226,45.94777342
83,6,13229,136.0539723,0,0,763.1235921,899.8035377,43.36488019
83,7,15858,137.1007693,0,0,683.6536764,877.8082356,47.80640686
83,8,15697,143.3303179,0,0,751.2370517,1055.551698,41.91125693
83,9,15852,137.2230003,0,0,672.1919632,941.429031,44.5669947
83,10,16203,141.4296735,0,0,690.1258409,946.4462137,55.07331976
83,11,17010,140.3890653,0,0,810.5626102,1024.50629,54.5122281
83,12,17203,135.4338197,0,0,711.6829041,1130.69546,40.31395687
83,13,14790,135.0668695,0,0,884.7299527,1161.7476,55.62393509
83,14,14645,135.8372141,0,0,808.2193923,1144.859952,47.83994537
83,15,16357,138.923091,0,0,680.0569175,1003.824784,49.42079843
83,16,15241,146.5462896,0,0,832.3945279,956.8019159,39.63801588
83,17,16790,134.5911852,0,0,595.5411554,1086.024002,45.52930316
83,18,14073,144.8177361,0,0,798.0229518,1042.510126,37.2752789
83,19,13534,130.5602187,0,0,563.6734151,1066.66647,55.30678292
83,20,16409,134.1682613,0,0,754.377232,933.8161375,63.69809251
83,21,14171,148.9259756,0,0,859.1150236,1073.675182,42.89055113
83,22,14896,140.1068743,0,0,609.3370032,993.0804243,43.96817938
83,23,16072,137.5491538,0,0,617.9453708,926.5188527,54.08878795
83,24,14819,136.4789122,0,0,730.3809974,964.426412,37.06970781
83,25,14120,143.6572238,0,0,787.0799575,1010.023159,47.15708215
83,26,14386,142.4000417,0,0,671.974072,1017.476574,42.12539969
83,27,11005,139.2863244,0,0,793.397274,960.6294412,44.68596093
83,28,14900,132.5302685,0,0,862.4174497,1068.28906,64.29677852
83,29,16416,135.0814449,0,0,734.6875,1096.456506,47.27905702
83,30,11786,156.1134397,0,0,881.5108603,964.2592058,50.44086204
83,31,16912,139.6630203,0,0,708.4515728,1057.639664,35.19181646
83,33,15332,135.2372163,0,0,754.1108792,990.8175059,68.52732846
84,1,13830,129.1202458,0,0,678.4596529,1241.516558,56.61569053
84,2,17918,140.0657998,0,0,621.1903114,932.4808572,50.07171559
84,3,15944,135.1525966,0,0,692.9101856,904.8379955,59.58084546
84,4,16153,136.1195444,0,0,827.0638891,1061.247261,49.36928125
84,5,16668,128.200024,0,0,831.9417447,1203.178486,46.14884809
84,6,17290,140.1243493,0,0,574.0145749,1015.714286,51.74274147
84,7,16860,141.4198695,0,0,829.078707,931.9297153,55.57461447
84,8,14928,130.5574759,0,0,747.2891211,1154.81739,42.56799303
84,9,14648,137.1452758,0,0,707.3371791,982.7213271,50.61503277
84,10,16645,131.8621808,0,0,702.9121057,1075.589546,44.92376089
84,11,14696,132.8668345,0,0,717.6671884,933.5864181,38.94944203
84,12,16135,132.8821816,0,0,749.6604276,862.6639603,51.42150604
84,13,15690,139.9758445,0,0,816.106246,974.5917145,37.27507967
84,14,13817,139.3280741,0,0,798.0070203,1094.428964,36.33712094
84,15,15053,139.2901747,0,0,709.7261675,1036.046303,40.93954693
84,16,12788,132.8906788,0,0,788.084767,900.2155145,43.90506725
84,17,15380,133.6695709,0,0,698.0193758,907.7007802,48.20260078
84,18,14773,131.3450213,0,0,840.6575509,985.434712,62.73058959
84,19,16485,139.3397028,0,0,657.7295117,979.4234759,45.7006976
84,20,15733,135.4198818,0,0,753.5841861,942.559461,56.07430242
84,21,16785,136.0267501,0,0,599.8255585,1117.713613,46.98802502
84,22,14052,130.2419584,0,0,820.2974666,877.0123114,53.45388557
84,23,17737,136.6150984,0,0,887.6972994,1143.523313,54.6701246
84,24,15489,139.5881593,0,0,736.9620376,1033.111498,35.28000516
84,25,12700,134.3659843,0,0,789.2186614,973.476063,43.26732283
84,26,16247,138.0140949,0,0,879.3019634,995.7083154,55.60417308
84,27,13512,138.3165335,0,0,638.5928064,1088.652309,40.76154529
84,28,5584,151.5003582,0,0,881.7639685,1090.766655,41.1504298
84,29,14479,137.850335,0,0,779.0258996,1028.883003,44.85337385
84,30,15401,136.599052,0,0,650.9932472,1006.608662,37.33458866
84,31,4602,159.494133,0,0,858.0415037,966.8048674,49.26423294
84,32,18306,132.5729269,0,0,593.5439747,1018.797061,64.20020758
84,33,15489,132.4260443,0,0,850.4086771,1058.539738,65.10981987
85,1,17011,130.1764153,0,0,805.4753983,1200.475751,42.88724943
85,2,19516,134.6671961,0,0,870.782025,1164.153618,51.53453577
85,3,15922,138.5577817,0,0,829.8413516,1067.102123,48.14081146
85,4,17288,142.1081097,0,0,709.3643568,1016.181976,41.11302638
85,5,15460,140.4639069,0,0,781.9940492,1026.227426,44.46824062
85,6,18531,140.1052291,0,0,576.4096919,990.6993686,53.42280503
85,7,15455,133.4212229,0,0,721.1876415,912.2817858,40.82167583
85,8,15415,140.5848849,0,0,663.4594226,962.8918586,46.92286734
85,9,17347,132.7708537,0,0,723.4965124,906.9176803,61.93359082
85,10,15101,133.16138,0,0,657.2383286,1232.737832,54.54943381
85,11,17684,140.1081769,0,0,889.3465279,1018.487333,54.32339968
85,12,14437,141.7795941,0,0,775.2283715,1082.068435,35.10673963
85,13,15656,130.9741313,0,0,723.7670542,1141.227708,41.34817322
85,14,16000,133.1775625,0,0,775.9213125,862.279,53.7276875
85,15,17351,140.5419284,0,0,848.5589303,950.3996888,56.42326091
85,16,14431,133.0440718,0,0,801.5057862,890.827039,45.51209202
85,17,18554,139.330387,0,0,645.1668643,916.83195,53.00307211
85,18,15734,142.9554468,0,0,815.997712,961.5348926,37.61084276
85,19,16048,136.6057453,0,0,695.6221959,1060.695788,44.60811316
85,20,13688,131.949737,0,0,858.4578463,1011.98948,62.61484512
85,21,15453,136.2515369,0,0,725.4982851,974.5822818,51.12703035
85,22,15753,133.9541675,0,0,718.0499587,894.6829175,50.55049832
85,23,13229,130.6234787,0,0,843.3695669,887.5104694,54.84231612
85,24,6260,150.7209265,0,0,860.0691693,961.2415335,47.96070288
85,25,14479,141.6927965,0,0,725.8374197,1005.656606,35.50922025
85,26,16819,132.6970093,0,0,859.9660503,1089.941851,63.97728759
85,27,16571,137.4847625,0,0,582.3737252,1092.573592,47.68879368
85,28,12258,137.0518029,0,0,795.320607,965.1578561,43.6523087
85,29,6700,153.8940299,0,0,853.9759701,1087.482687,38.30104478
85,30,15639,136.2800691,0,0,777.1512245,947.5104546,56.6948654
85,31,14737,140.3579426,0,0,642.8206555,972.2748863,39.23132252
85,32,14364,143.151281,0,0,625.1952799,1058.660123,41.33973823
85,33,17607,131.9508718,0,0,608.2642131,1010.511217,66.67819617
86,1,18154,140.6429988,0,0,582.4342294,964.9650766,51.87407734
86,2,18404,129.2099544,0,0,788.1230711,1195.882634,42.40985655
86,3,18663,131.8794942,0,0,741.4893104,905.2888603,63.03847184
86,4,14902,132.5740169,0,0,712.3235136,1132.320628,39.42162126
86,5,15797,138.2991707,0,0,837.1938343,1086.592201,47.64316009
86,6,19996,140.6730846,0,0,729.7429986,999.79996,39.86607321
86,7,14539,132.2207167,0,0,737.3440402,898.0889332,41.84201114
86,8,14271,138.7449373,0,0,802.2413986,1034.726578,43.80309719
86,9,13923,139.3658694,0,0,775.5595059,1074.46082,34.59943978
86,10,15282,139.7420495,0,0,679.0027483,954.2488549,46.61065306
86,11,14549,131.3534264,0,0,821.4863565,889.9879029,47.13114303
86,12,15877,142.3372803,0,0,636.2718398,1032.304088,40.14813882
86,13,15923,132.1973246,0,0,795.3205426,863.3792627,55.49689129
86,14,11528,140.6943095,0,0,857.0679216,1089.081107,39.56766135
86,15,18422,139.824449,0,0,861.9814895,971.7599609,57.97247856
86,16,15815,134.5211508,0,0,748.4288966,972.1712298,49.79386658
86,17,17097,138.9234369,0,0,835.1391472,957.0469088,39.19453705
86,18,14941,133.0333311,0,0,742.734489,887.0355398,51.0295161
86,19,16172,128.4589414,0,0,856.2476503,1182.630349,51.37694781
86,20,15631,131.4056042,0,0,853.9568166,1033.298381,63.1148359
86,21,13859,133.9250307,0,0,624.004185,1215.564038,53.17108016
86,22,15930,136.2917137,0,0,710.1290647,1047.766667,43.32831136
86,23,13440,129.8799107,0,0,854.7956101,899.3915179,56.77053571
86,24,17320,135.1505196,0,0,849.1159353,1119.548672,64.34994226
86,25,16388,140.3837564,0,0,893.5851233,1042.689102,53.99218941
86,26,16751,138.7803713,0,0,656.3597397,944.7227031,39.7810877
86,27,12497,133.7551412,0,0,816.9347043,970.6600784,44.0016804
86,28,12058,140.2774921,0,0,746.6132029,984.5495936,35.10167524
86,29,8228,141.7582645,0,0,892.5867769,986.5512883,47.9144385
86,30,16204,135.5072204,0,0,794.4064429,956.381449,55.94939521
86,31,15395,136.5734979,0,0,582.6593699,1067.665086,45.25449821
86,32,13874,132.7403777,0,0,604.6292345,1005.604872,67.86759406
86,33,10715,149.2538497,0,0,666.475315,904.5561363,54.4530098
87,2,20522,137.8990352,0,0,579.5665627,968.612952,54.20183218
87,3,19944,129.8471721,0,0,788.0656839,1190.114571,42.23470718
87,4,16092,142.4881929,0,0,624.0109371,1032.29176,41.71538653
87,5,16669,137.1043854,0,0,745.9082129,966.8416822,49.67964485
87,6,15656,134.0921053,0,0,638.2544711,1220.998148,54.41996679
87,7,14703,134.3565939,0,0,718.8338434,892.1311977,42.80929062
87,8,16043,135.316462,0,0,808.8361279,959.2380477,43.50109082
87,9,16622,137.6323547,0,0,706.1393936,1048.158705,43.736193
87,10,15029,133.0547608,0,0,868.9610087,1024.537228,62.42391377
87,11,17219,132.2541959,0,0,751.1023869,897.5015971,63.83036181
87,12,15201,140.8997434,0,0,794.357016,1030.888099,43.27715282
87,13,14354,134.7574195,0,0,705.493103,1126.631253,39.88693047
87,14,10788,146.0678532,0,0,845.9705228,1076.107341,38.74851687
87,15,14875,133.0198319,0,0,810.2616471,880.9496471,46.84678992
87,16,14404,143.6405859,0,0,760.4468898,1065.783602,34.40940017
87,17,16243,133.1263929,0,0,792.7818753,854.8579696,55.70159453
87,18,15154,140.9933351,0,0,670.8883463,951.5009238,47.48244688
87,19,9401,144.0895649,0,0,884.4064461,973.0308478,46.86799277
87,20,17489,142.9773,0,0,865.5069472,960.3934473,56.8980502
87,21,15934,142.7974771,0,0,836.6204971,1080.709426,46.71846366
87,22,13146,131.205766,0,0,853.6157767,889.8173589,56.23254222
87,23,18008,136.7546646,0,0,867.9150378,1112.859562,63.32435584
87,24,17218,131.3633407,0,0,860.1950285,1176.674991,50.25763736
87,25,16295,140.3396747,0,0,641.8637619,942.009819,41.23872353
87,26,15330,143.7027397,0,0,817.0232224,944.7566862,38.27475538
87,27,15935,134.3229997,0,0,733.0520866,881.1764669,51.6640728
87,28,17582,143.0702992,0,0,895.515641,1030.175919,52.50608577
87,29,5193,148.5967649,0,0,701.195648,914.513576,56.93529752
87,30,14817,136.6964298,0,0,799.6412904,952.3628265,55.09705069
87,31,15002,137.4666045,0,0,582.3253566,1068.209905,46.70410612
87,32,13078,132.2608962,0,0,624.7793241,1013.242851,70.08709283
87,33,4966,154.1665324,0,0,635.6244462,901.341321,53.89347563
87,64,12070,145.8980116,0,0,729.7888981,977.5243579,35.65053853
87,65,14238,147.8839725,0,0,721.543124,996.1061947,40.58575643
88,1,15640,146.5932864,0,0,711.6356138,979.2493606,42.42014066
88,2,14587,137.6160965,0,0,708.9688764,1106.089326,39.19003222
88,3,16490,143.3284415,0,0,786.1175864,908.1099454,39.90460885
88,4,15591,139.125906,0,0,707.7900712,1039.858636,44.80463088
88,5,15136,142.5680497,0,0,624.4902881,1035.921842,43.04367072
88,6,14348,129.9842487,0,0,689.1538193,1229.663647,52.11485921
88,7,16672,138.2074736,0,0,736.7189299,974.5765355,51.22318858
88,8,13921,143.7564112,0,0,790.1099059,1003.883414,43.38172545
88,9,17871,138.3203514,0,0,627.1218175,944.7864697,44.20010072
88,10,20176,140.003073,0,0,884.2169409,1124.62733,59.01833862
88,11,13991,135.5417054,0,0,685.4129798,887.4545779,46.68008005
88,12,15084,133.8713206,0,0,779.7749271,862.8034341,49.46207902
88,13,10037,145.9569593,0,0,795.3964332,1120.190595,39.18063166
88,14,19291,143.8765227,0,0,860.6799544,963.8482194,57.46052563
88,15,15849,144.4265253,0,0,833.7568301,1058.688939,46.19004354
88,16,17182,138.3329647,0,0,863.3751601,1154.664824,46.39791642
88,17,14422,130.6213424,0,0,841.8781722,885.9550686,57.45257246
88,18,10398,145.4927871,0,0,840.7997692,1036.595884,37.95085593
88,19,17074,134.161825,0,0,707.0032798,893.5490219,54.76068877
88,20,13175,137.4518406,0,0,795.7354839,939.2237571,45.3314611
88,21,11591,143.4130791,0,0,874.3984126,946.8158916,47.16443793
88,22,16530,136.9006655,0,0,596.1259528,1090.819298,47.97265578
88,23,17091,133.2477327,0,0,768.2848283,861.9426599,59.22696156
88,24,14518,143.7470726,0,0,704.0599945,949.2919135,37.70932635
88,25,18729,131.1478456,0,0,756.091943,937.9572321,66.11207219
88,26,15639,134.3283458,0,0,879.5531684,1038.96643,61.05805998
88,27,16955,146.9140666,0,0,891.2020643,1019.43639,50.46216455
88,28,14222,145.9157643,0,0,750.7801294,1030.74448,34.3831388
88,29,15003,141.6149437,0,0,667.4313804,962.1055789,50.85349597
88,30,11599,152.6144495,0,0,610.9092163,1014.708078,54.28511079
88,31,15090,138.1143804,0,0,788.769715,953.5202783,55.74592445
88,32,5609,143.8202888,0,0,715.7065431,942.8377607,58.968087
88,33,8600,142.0611628,0,0,603.7159302,940.6482558,54.02081395
88,66,15245,133.6205969,0,0,652.5607084,1082.527452,68.69891768
89,1,16610,133.8431066,0,0,778.0539434,858.2198073,57.92450331
89,2,15416,145.0092112,0,0,799.4612091,1018.177478,43.61475091
89,3,20595,137.0995873,0,0,861.9205632,1135.708036,61.68861374
89,4,16895,138.5656111,0,0,743.164309,972.6928677,50.60147973
89,5,14972,139.2349052,0,0,627.8771039,1037.909498,42.10072135
89,6,16132,133.6607984,0,0,844.5503347,1176.021262,48.96262088
89,7,14901,134.5543923,0,0,700.4092343,1114.713442,39.7949802
89,8,16753,146.0318152,0,0,723.8150779,983.1208142,41.40870292
89,9,14235,134.0307692,0,0,705.6306287,888.0719354,44.38897085
89,10,21823,142.3388168,0,0,859.8763231,966.5026807,58.13128351
89,11,14709,134.7908763,0,0,800.1826773,869.9072677,48.29281392
89,12,16700,131.2567665,0,0,658.9960479,1215.623713,54.34658683
89,13,15815,136.2449573,0,0,710.4249763,1042.528233,44.55207082
89,14,16267,134.888117,0,0,716.4179013,886.696871,52.85744145
89,15,18982,145.2339058,0,0,889.3106627,1038.013697,51.91676325
89,16,16508,139.1137024,0,0,788.0007269,947.8380179,55.44093773
89,17,14827,145.8763067,0,0,754.3714845,1054.389694,34.58258582
89,18,10210,150.3200784,0,0,843.7128306,1067.987659,38.98677767
89,19,17463,144.4610319,0,0,826.634198,1075.200366,47.18530608
89,20,14322,140.7271331,0,0,677.9895266,949.1527021,49.73292836
89,21,15210,133.6495726,0,0,868.0074951,1043.98547,62.98731098
89,22,14190,131.8276251,0,0,851.0760395,893.2773784,57.28167724
89,23,16190,146.9145151,0,0,808.3744904,932.2921557,38.8156887
89,24,11495,144.4607221,0,0,883.985037,969.8915181,47.11674641
89,25,18220,131.7526345,0,0,747.6610318,921.1091109,65.76163557
89,26,13416,138.5347346,0,0,807.888715,949.8380292,44.94804711
89,27,12905,144.9557536,0,0,721.0143355,963.65432,36.48051143
89,28,9590,146.5100104,0,0,641.2394161,949.5214807,41.90052138
89,29,15891,131.8000755,0,0,586.4478006,1076.354855,47.72141464
89,30,9088,137.3045775,0,0,612.4575264,921.9916373,52.0293794
89,31,5724,143.1055206,0,0,704.0510133,926.8937806,57.90408805
89,32,9265,150.6115488,0,0,608.2862385,990.7313546,53.03291959
89,33,10837,143.9419581,0,0,786.4376673,1146.601919,41.09467565
89,67,20421,128.2924441,0,0,617.7639685,1056.559375,68.65462024
90,1,15984,131.5872122,0,0,808.2815941,1211.254755,57.06944444
90,2,18934,145.5149995,0,0,723.139643,973.1035175,42.1769832
90,3,15106,134.2634053,0,0,755.2150801,877.2388455,45.12538064
90,4,14566,146.0076205,0,0,615.2674722,984.9014829,46.73836331
90,5,16028,128.889693,0,0,733.9259421,1205.780322,45.89911405
90,6,14893,136.3382126,0,0,633.8192439,1073.366078,41.97126167
90,7,15757,139.0291934,0,0,838.6459351,976.5825982,53.48194453
90,8,18574,145.191935,0,0,891.6727684,1033.268763,54.78997523
90,9,15437,144.0307702,0,0,775.2023709,1036.547516,41.78441407
90,10,23296,128.0910027,0,0,666.6368046,1030.505623,72.44677198
90,11,18810,139.3178628,0,0,885.9104732,1125.557576,59.16539075
90,12,14008,133.1209309,0,0,917.1928898,961.8797116,54.32038835
90,13,10640,143.9489662,0,0,884.3639098,1040.660902,42.99924812
90,14,16327,133.3805966,0,0,869.6557849,895.0482024,57.16549274
90,15,15965,134.1906671,0,0,796.0333855,884.7101785,53.2226746
90,16,14736,134.6263572,0,0,859.8165038,909.9538545,46.56290717
90,17,14352,146.3563266,0,0,693.7242196,1040.685828,35.36580268
90,18,14530,136.0123882,0,0,825.3841707,977.2920853,43.19119064
90,19,13242,141.628606,0,0,792.3551578,1088.947213,35.59092282
90,20,10645,136.9061531,0,0,678.2197276,873.1504932,56.04499765
90,21,20879,140.5865702,0,0,869.7809761,1116.690455,47.09397002
90,22,13798,138.6266126,0,0,781.1982896,985.0628352,48.9876069
90,23,8080,159.875495,0,0,660.8752475,919.6455446,46.57066832
90,24,16404,144.5401122,0,0,811.4384297,957.9265423,37.3762497
90,25,13203,143.6391729,0,0,710.3940014,944.9522836,38.00204499
90,26,7890,139.0152091,0,0,776.9377693,914.8987326,58.97173638
90,27,16317,138.8879083,0,0,689.8632714,1018.664522,45.84004413
90,28,21943,138.1821538,0,0,783.7931915,1102.749487,44.63400629
90,29,12238,147.3759601,0,0,592.0782808,1002.121588,54.17282236
90,30,18864,130.7689249,0,0,837.7856764,951.6111641,65.2817536
90,31,6666,145.6273627,0,0,593.2932793,941.1530153,56.03885389
90,32,5311,147.7411034,0,0,724.0011297,937.7252871,57.00188288
90,33,12702,141.52661,0,0,593.9359943,1160.51055,58.08699417
90,34,5006,151.7481023,0,0,755.0159808,1120.836596,37.96664003
90,35,5951,147.4928583,0,0,648.3296925,1142.135439,44.14938666
90,37,9371,145.5290791,0,0,741.0468467,922.1872799,51.43282467
91,1,14363,130.4495579,0,0,779.3417113,1234.47685,54.14516466
91,2,18483,140.9667262,0,0,716.1006871,964.4364551,43.60515068
91,3,14263,134.2907523,0,0,870.2066185,929.6739115,45.52092828
91,4,15100,136.5161589,0,0,846.5251656,994.7384768,51.88523179
91,5,15032,143.5025945,0,0,614.3299627,969.655801,50.2637041
91,6,13425,139.8905028,0,0,611.476648,1046.190317,44.10852886
91,7,13832,130.956044,0,0,775.5036148,875.5670908,46.53050896
91,8,11470,139.9139494,0,0,754.8140366,1074.408718,34.83034002
91,9,13500,140.1434815,0,0,698.584,929.4971111,40.33103704
91,10,10746,133.2182207,0,0,715.9489112,872.3333333,58.32756374
91,11,15782,133.7445191,0,0,899.8606007,926.9479787,55.86915473
91,12,24094,128.1240558,0,0,700.7074375,1049.255499,73.26741097
91,13,13661,143.1282483,0,0,664.6375814,1017.180807,36.90191055
91,14,15152,138.155953,0,0,683.7599657,1006.895063,47.02837909
91,15,14471,139.9914311,0,0,756.4707346,1036.329625,40.8478336
91,16,14749,133.9008746,0,0,783.5957014,990.8938233,48.55719032
91,17,20608,135.8029406,0,0,843.8830066,1132.789208,43.61626553
91,18,15909,140.6939468,0,0,796.9260167,955.1500409,37.30743604
91,19,15584,128.6366786,0,0,689.4855621,1199.955852,44.04851129
91,20,14871,131.2742922,0,0,879.3183377,1157.566404,54.08620806
91,21,10789,140.5975531,0,0,863.3030865,1057.749282,40.37501159
91,22,13196,136.7503789,0,0,927.5263716,994.4612761,51.52735677
91,23,16725,136.4978176,0,0,749.7438565,1101.129806,42.38146487
91,24,8379,133.4199785,0,0,813.3163862,934.2940685,59.06862394
91,25,8992,159.3895685,0,0,880.4096975,1064.90258,51.14857651
91,26,8195,141.861745,0,0,627.543014,920.8718731,59.96327029
91,27,12443,134.7736077,0,0,818.9728361,986.8915053,42.40496665
91,28,15231,130.5694308,0,0,825.4335894,899.3530957,53.62858644
91,29,17740,128.8518038,0,0,876.1320744,987.2079481,63.77604284
91,30,10650,141.9155869,0,0,754.7644131,930.1668545,52.87230047
91,31,7534,138.3123175,0,0,753.317494,932.3849217,59.24250066
91,32,7142,140.9693363,0,0,602.3868664,1118.797676,44.033324
91,33,3902,153.7183496,0,0,722.3044593,889.9279856,47.60917478
91,35,7611,137.3251872,0,0,709.9798975,1110.227303,37.2751281
91,36,12072,142.9504639,0,0,595.6800033,1140.242959,60.34724983
91,37,10985,150.4467911,0,0,614.413564,987.7683204,57.91852526
91,38,3959,160.4826977,0,0,627.0563274,917.3470573,51.2834049
92,1,21193,144.5107347,0,0,730.9941018,935.3839003,44.68602841
92,2,15174,136.3538948,0,0,692.810663,1220.168446,55.64643469
92,3,16953,140.9631924,0,0,845.154191,1016.047897,51.4167404
92,4,15499,132.2440803,0,0,821.8268921,1185.948384,53.58384412
92,5,15234,135.618288,0,0,831.3603781,889.1625312,46.96927924
92,6,16046,137.3498691,0,0,921.6399726,974.5066683,55.62420541
92,7,13482,137.8210206,0,0,924.6737131,1044.600134,50.03330366
92,8,16772,134.378011,0,0,862.0918197,922.0729788,54.55050083
92,9,15842,145.8099987,0,0,736.5500568,1025.225161,41.46774397
92,10,19392,138.1114893,0,0,789.6065903,1144.408828,43.72803218
92,11,18049,143.5442961,0,0,696.3563078,1079.186104,43.05424123
92,12,12326,160.8237871,0,0,859.9711991,1099.790118,49.88747363
92,13,12319,131.1853235,0,0,685.206835,900.7601266,63.19230457
92,14,13951,139.5568776,0,0,891.0949036,966.0032256,45.1953265
92,15,15155,138.6162323,0,0,819.5031343,1001.311712,42.57156054
92,16,8232,135.9744898,0,0,836.9190962,963.6156463,58.98639456
92,17,22184,127.7798864,0,0,707.3420934,1039.877344,73.94811576
92,18,13965,139.4385249,0,0,610.0367347,976.0781955,46.47762263
92,19,7753,135.4798143,0,0,563.2430027,1026.774797,47.28892042
92,20,12434,140.9628438,0,0,715.5052276,1062.802879,35.72703876
92,21,17100,139.7772515,0,0,651.2574269,909.2906433,51.01169591
92,22,11851,134.2396422,0,0,776.2660535,871.074846,59.34191207
92,23,15517,140.6966553,0,0,702.2597152,971.8089192,48.15608687
92,24,14101,141.0113467,0,0,727.8237004,898.8593008,41.53797603
92,25,15635,148.4574992,0,0,808.1186441,968.9847777,37.83044452
92,26,12640,140.2232595,0,0,833.7224684,1082.881487,40.4227057
92,27,15539,139.9705901,0,0,779.3510522,994.1350795,48.7299054
92,28,13889,146.0168479,0,0,662.6671467,968.8651451,38.50406797
92,29,10532,134.8969806,0,0,644.51861,1088.754273,39.14793012
92,30,16741,132.9180455,0,0,896.3291918,1030.638612,63.09856042
92,31,8013,138.7505304,0,0,773.3163609,876.0036191,48.48483714
92,32,7942,141.7571141,0,0,775.5470914,934.2120373,60.11193654
92,33,12823,133.6271543,0,0,614.6115574,1147.77283,46.91062934
92,34,8512,137.509281,0,0,686.5531015,865.3197838,55.61336936
92,35,7082,141.1678904,0,0,571.2082745,1021.939283,57.79384355
92,36,5464,150.795937,0,0,684.4712665,910.4709004,55.89037335
92,37,6048,137.3936839,0,0,618.4259259,1111.296958,68.27628968
92,38,8644,154.9890097,0,0,786.9709625,929.2657335,53.93961129
92,40,4668,143.0053556,0,0,623.6853042,987.9745073,62.04820051
93,1,16251,134.1587595,0,0,689.1191927,1221.7514,56.01907575
93,2,19936,141.9074037,0,0,739.9275181,932.7690108,44.61657303
93,3,15550,135.5988424,0,0,822.6553698,996.0445016,42.47524116
93,4,24115,128.8891561,0,0,716.4743521,1047.467759,73.82674684
93,5,15587,132.1495477,0,0,839.0171297,890.4247771,47.24302303
93,6,15288,132.7668106,0,0,924.6981293,978.7578493,56.20139979
93,7,15787,128.8906062,0,0,825.4287072,1189.016153,53.70089314
93,8,13548,145.3255831,0,0,615.4873044,970.2726602,46.08953351
93,9,13700,133.5566423,0,0,925.7788321,1048.81927,50.60569343
93,10,17439,136.8733872,0,0,848.3464075,1009.347784,51.48483285
93,11,19159,139.2896811,0,0,666.7830263,907.5543609,50.73740801
93,12,14309,134.4225313,0,0,898.5893494,967.2826892,45.63819973
93,13,12145,137.2856319,0,0,838.2400988,1085.031206,40.78921367
93,14,13326,138.1373255,0,0,721.6624644,1063.170194,35.82050128
93,15,15602,143.1160749,0,0,736.8214972,1025.048519,41.3582233
93,16,19670,135.1178444,0,0,792.4160651,1143.704982,44.13955262
93,17,11239,132.5400836,0,0,780.3596405,875.1876501,59.71981493
93,18,8593,142.9995345,0,0,562.8162458,996.7517747,57.55615035
93,19,13663,146.6323648,0,0,669.1981995,970.6115787,38.12186196
93,20,13259,138.5555472,0,0,739.1438268,898.2832039,41.21102647
93,21,10191,138.0739869,0,0,695.5272299,861.2214699,54.91767246
93,22,15338,131.7612466,0,0,868.0998826,925.8466554,55.2659408
93,23,12532,132.7295723,0,0,686.0340728,902.2482445,63.51244813
93,24,8257,141.3770134,0,0,570.54148,1021.438779,46.76686448
93,25,5312,152.8868599,0,0,859.439006,1128.412839,52.17432229
93,26,3982,169.523104,0,0,849.401557,1051.969111,47.92466097
93,27,7825,133.4929073,0,0,836.730607,969.5569329,59.08447284
93,28,15665,137.127354,0,0,780.885158,993.6416214,48.76054899
93,29,15766,138.5329824,0,0,710.7705823,969.8557021,48.01122669
93,30,18145,139.8758887,0,0,700.5184348,1077.733756,43.2280518
93,31,14387,143.9945784,0,0,816.763745,971.4770279,37.79252103
93,32,9465,134.1268885,0,0,776.3804543,870.096355,48.9715795
93,33,16125,130.3386047,0,0,895.1075969,1037.63169,62.9820155
93,34,7724,141.7156914,0,0,611.7168566,957.9364319,63.63891766
93,35,13886,138.4122858,0,0,619.2411782,1146.088002,46.59203514
93,36,10700,136.9352336,0,0,648.8279439,1090.458879,38.93738318
93,37,8231,138.2418904,0,0,772.9612441,938.0321954,60.15283684
93,38,6919,138.5117792,0,0,700.1453967,895.2825553,56.99349617
93,39,7278,143.3167079,0,0,612.7170926,1112.853806,68.8925529
93,41,5132,140.8115744,0,0,820.058067,931.3339829,54.51227592
93,42,3983,150.5305046,0,0,763.7358775,918.8255084,53.99096159
94,1,13270,129.119367,0,0,801.3371515,1206.932253,51.01017332
94,2,19681,136.2774249,0,0,750.4716224,882.9091001,45.42868757
94,3,16464,130.1871356,0,0,845.7955539,886.1432216,50.47491497
94,4,17828,133.5772941,0,0,842.2600404,1010.065178,52.16350684
94,5,13737,138.3160079,0,0,845.2721846,1069.040183,40.4870059
94,6,6929,148.404243,0,0,855.4494155,1040.033627,45.34406119
94,7,15912,138.5466943,0,0,709.9602815,965.7631347,47.54550025
94,8,9372,141.3965002,0,0,877.9695903,1148.934486,51.95390525
94,9,13252,136.6790673,0,0,920.5107154,1058.940839,49.91774826
94,10,15249,133.3563512,0,0,923.1196144,1004.228146,57.43058561
94,11,11624,141.4186167,0,0,754.5578975,923.4776325,47.83688919
94,12,14063,136.931238,0,0,906.2109792,964.2990116,47.25158217
94,13,16099,141.1318715,0,0,700.1035468,1061.170135,42.44698428
94,14,13959,143.1295938,0,0,623.3413568,964.5516871,46.84268214
94,15,16395,135.7641354,0,0,783.4819762,977.3449832,50.55096066
94,16,7144,141.7642777,0,0,705.5041993,1216.638018,52.79605263
94,17,8632,135.885658,0,0,768.9734708,949.6691381,60.5931418
94,18,14453,133.8415554,0,0,823.596416,981.7624715,43.80626859
94,19,16624,134.2350217,0,0,621.4192733,1133.977683,44.50709817
94,20,21146,134.5808191,0,0,792.731344,1130.963397,42.05012768
94,21,11662,138.3200137,0,0,730.6132739,1043.288801,35.74935689
94,22,15869,140.7868801,0,0,827.1480245,945.0048522,39.96616044
94,23,10782,130.6585049,0,0,789.9514932,900.0677982,63.02235207
94,24,14913,138.6330718,0,0,745.3889895,1006.911621,41.39140347
94,25,8890,132.7937008,0,0,818.1519685,983.2609674,60.75241845
94,26,9075,136.3242975,0,0,624.4791185,981.8228099,66.87107438
94,27,14302,131.7551391,0,0,685.168438,937.4757377,66.60753741
94,28,16816,130.1292222,0,0,878.2177688,949.212952,57.63076832
94,29,18114,130.0164514,0,0,880.2244121,1062.426907,62.70978249
94,30,10331,131.0082277,0,0,779.8495789,865.3135224,53.55454457
94,31,8459,134.9534224,0,0,703.6231233,866.9838042,58.2516846
94,32,6860,137.4849854,0,0,739.3129738,900.9966472,55.87463557
94,33,8201,139.248994,0,0,566.5245702,1027.47543,46.39897573
94,34,13998,145.9765681,0,0,676.9724961,907.1115874,52.68981283
94,35,14162,142.6244881,0,0,683.7657817,945.417667,39.42084451
94,36,11448,133.4856744,0,0,707.2959469,917.9253145,61.50061146
94,37,11073,135.5003161,0,0,618.8736566,1149.490111,67.17592342
94,38,10266,132.375414,0,0,656.5861095,1076.615332,38.1746542
94,39,10766,135.6547464,0,0,755.9031209,1138.293981,69.71168493
94,40,10265,137.9142718,0,0,564.4708232,994.7625913,58.59103751
94,68,5582,136.2938015,0,0,842.7081691,942.3939448,57.41884629
95,1,13926,130.367155,0,0,803.4195749,1208.836708,51.51378716
95,2,17255,139.5099391,0,0,749.288554,876.1603593,45.9112721
95,3,14738,140.9998643,0,0,855.80954,1065.435473,40.90982494
95,4,17321,136.9722302,0,0,848.4589804,1009.46435,52.20581953
95,5,16107,132.1738995,0,0,840.9233873,881.8000248,50.93549388
95,6,9976,143.3561548,0,0,883.7159182,1142.496291,52.43594627
95,7,17920,144.0030134,0,0,708.9459263,1061.61635,42.17918527
95,8,18236,142.8625247,0,0,834.8008335,941.500329,40.90282957
95,9,15586,143.8570512,0,0,627.4129347,965.3563454,46.35063519
95,10,12976,137.2376695,0,0,830.0131011,975.5561036,44.69721023
95,11,14964,135.7463913,0,0,908.0187784,961.4871692,47.96050521
95,12,15294,141.830391,0,0,708.2174055,965.5978161,47.39597228
95,13,15995,133.6629572,0,0,922.2028759,999.1146608,58.3670522
95,14,10487,144.8996853,0,0,743.0259369,1039.995709,35.80699914
95,15,13430,145.1740134,0,0,756.8122115,918.704691,48.09091586
95,16,12732,136.2118285,0,0,924.7142633,1055.266808,50.99057493
95,17,8985,136.9616027,0,0,697.0605454,869.617251,58.92843628
95,18,13902,134.3823191,0,0,877.2300388,952.8957704,57.66436484
95,19,20313,138.9336386,0,0,801.9040516,1131.419682,42.11347413
95,20,17791,134.3786746,0,0,630.0056208,1134.591816,43.52414142
95,21,9841,137.1818921,0,0,761.2582055,950.4442638,61.18280663
95,22,13687,133.2315336,0,0,676.5020823,941.3824797,66.88909184
95,23,10689,132.9757695,0,0,772.4684255,864.9433998,54.32556834
95,24,15531,143.5985448,0,0,750.693645,1001.520057,41.66492821
95,25,11679,138.264235,0,0,746.4702457,1130.53061,69.61871736
95,26,7466,150.6473346,0,0,863.9243236,1036.406242,45.80484865
95,27,8452,147.1882395,0,0,685.6820871,1210.799456,52.26822054
95,28,8471,135.0763782,0,0,811.592374,982.8192657,60.92031637
95,29,14006,147.9950735,0,0,690.9501642,943.9161788,39.23161502
95,30,16295,138.3036514,0,0,786.3374041,972.6319116,50.89358699
95,31,11451,131.5665881,0,0,784.7918086,900.3835473,63.64212733
95,32,10180,135.7054028,0,0,616.6768173,984.4539293,66.35088409
95,33,11283,135.8369228,0,0,702.44279,922.6482319,61.90295134
95,34,17955,131.4407686,0,0,881.2160401,1057.19237,63.55744918
95,35,8515,140.1247211,0,0,571.2225484,1029.431239,45.11086318
95,36,8099,136.0164218,0,0,825.8677615,935.9175207,56.93764662
95,37,7119,139.952381,0,0,731.3090322,902.617362,56.18092429
95,38,13196,152.0921491,0,0,673.6730828,910.8501819,52.81054865
95,39,10795,136.9710051,0,0,560.7195924,996.1342288,57.15701714
95,40,9751,135.7715106,0,0,666.8932417,1075.998769,37.62824326
95,41,11305,133.7869084,0,0,617.1467492,1151.738257,66.72569659
96,1,15601,129.9591052,0,0,836.3292738,876.9389142,50.77642459
96,2,15813,136.4082717,0,0,741.9956997,878.7390122,44.47612724
96,3,14089,128.0756619,0,0,824.9814749,1199.900277,54.19461992
96,4,17127,138.2977754,0,0,715.4705436,976.1320138,45.87324108
96,5,15206,141.3211232,0,0,641.6283046,979.0516244,44.1202157
96,6,9617,139.6222315,0,0,721.7098887,1211.62088,53.11708433
96,7,16485,138.4321504,0,0,783.8069154,1008.216682,41.59860479
96,8,18572,132.6019276,0,0,849.8247362,1001.18151,54.06612104
96,9,13510,133.1798668,0,0,930.6643227,1041.268098,54.71043671
96,10,11676,135.5114765,0,0,551.0594382,1008.054813,54.16743748
96,11,13334,135.5824209,0,0,890.2435128,1123.017249,56.67084146
96,12,19683,134.8430625,0,0,835.8312757,1133.9432,44.5038866
96,13,13058,141.8690458,0,0,888.0289478,1056.389953,44.18433144
96,14,11775,131.84569,0,0,756.43431,883.28569,62.87600849
96,15,10936,147.2218361,0,0,741.6141185,1066.114667,42.72558522
96,16,10666,139.4629664,0,0,788.6107257,973.1328521,50.61456966
96,17,14181,134.2173331,0,0,843.5942458,969.3554756,46.14674565
96,18,15778,130.648688,0,0,908.4491697,983.0742806,61.02902776
96,19,15993,141.0923529,0,0,753.8434315,922.6554743,47.11805165
96,20,14236,134.2350379,0,0,909.0334364,946.6414021,50.9056617
96,21,16480,140.6581917,0,0,855.0115291,934.8677791,41.7836165
96,22,9231,136.06489,0,0,719.3145921,903.0190662,53.92655184
96,23,11764,132.1805508,0,0,719.2057123,1102.754675,36.73775927
96,24,13927,133.2492281,0,0,653.1563151,938.1702448,65.6013499
96,25,15415,133.0856309,0,0,666.2388583,1144.215569,42.75562764
96,26,9135,137.456705,0,0,679.9450465,863.4696223,54.57755884
96,27,9162,133.6317398,0,0,788.2976424,916.6265008,54.60958306
96,28,8702,144.1776603,0,0,882.4386348,1027.975753,48.67720064
96,29,6543,147.2145805,0,0,678.7076265,925.5327831,45.71053034
96,30,11030,131.8481414,0,0,758.0306437,859.5986401,52.6843155
96,31,9529,136.392696,0,0,597.9537202,1055.32081,40.96117116
96,32,8465,134.9024217,0,0,785.9110455,956.8929711,60.70726521
96,33,6787,137.1253868,0,0,739.5535583,1046.009135,72.16251658
96,34,8546,138.9052188,0,0,739.7972151,937.1482565,59.74888837
96,35,15275,142.643928,0,0,709.5090671,965.4727332,37.35234043
96,36,11395,137.3933304,0,0,790.0247477,1050.425889,36.59429574
96,37,10799,134.4190203,0,0,689.8661913,917.1773312,61.3650338
96,38,11528,131.6939625,0,0,639.0428522,1160.833015,67.8870576
96,39,17186,128.3786221,0,0,856.7676015,1030.094205,66.7269289
96,40,5079,131.6735578,0,0,733.0488285,1173.387478,68.14825753
96,41,7248,142.9224614,0,0,664.2448951,905.6498344,55.51434879
96,42,9972,135.3636181,0,0,597.9189731,1001.317188,65.87815884
96,44,11334,132.8737427,0,0,848.4376213,919.1508735,59.75224987
97,1,13851,129.5957693,0,0,826.5573605,1200.619233,52.13479171
97,2,15562,131.8416013,0,0,833.2301761,877.0345071,51.08405089
97,3,16625,139.6064962,0,0,738.4682105,877.6454135,45.32102256
97,4,19072,134.836357,0,0,849.4431628,1005.188391,53.95779153
97,5,17225,140.4344848,0,0,707.9440929,975.9140784,46.6275762
97,6,20591,138.3345636,0,0,833.4271769,1124.267156,43.12758001
97,7,16086,131.5085167,0,0,909.0988437,989.8893448,60.43509884
97,8,14128,141.6444649,0,0,886.4932758,1052.134555,43.77611835
97,9,16747,142.6933779,0,0,851.4458709,931.2014092,42.15560996
97,10,14142,144.1958705,0,0,634.2537831,977.3404045,44.86890115
97,11,13617,136.7106558,0,0,893.697437,1125.878534,55.15120805
97,12,12116,135.3633212,0,0,551.3713272,1013.738858,54.49050842
97,13,11554,131.9418383,0,0,759.7384456,889.5886273,62.96936126
97,14,17013,143.6755422,0,0,779.8990184,1002.448951,41.26215247
97,15,13880,133.6930115,0,0,909.7404179,948.2972622,50.595317
97,16,17672,134.0938773,0,0,667.1796627,1137.881564,41.75956315
97,17,15217,144.2300059,0,0,749.633962,919.2961162,47.83682723
97,18,9500,135.3821053,0,0,787.7326316,920.7272632,54.94663158
97,19,13208,132.3852211,0,0,930.9937159,1045.426257,53.88461538
97,20,10953,133.0451931,0,0,757.9256825,864.413494,53.82653154
97,21,9399,138.5177147,0,0,673.3079051,870.9785084,55.34184488
97,22,6679,147.588112,0,0,673.0187154,925.3394221,46.51340021
97,23,13839,148.205723,0,0,737.8748464,1059.135776,42.79015825
97,24,9415,141.1261816,0,0,726.9643123,1211.167286,51.41476367
97,25,11476,134.8065528,0,0,689.9436215,929.1302719,61.67680376
97,26,11122,142.7210034,0,0,786.4889408,1036.186118,36.24078403
97,27,13169,136.7210874,0,0,837.5029235,968.3615309,46.21011466
97,28,8780,138.1531891,0,0,739.7052392,941.1060364,59.66753986
97,29,10512,147.5284437,0,0,782.9464422,978.3125,50.49457763
97,30,8022,135.7383446,0,0,790.61456,966.7334829,60.56631763
97,31,8649,143.8671523,0,0,878.7126835,1027.516707,48.32073072
97,32,14240,133.3560393,0,0,651.4386236,952.8532303,66.34810393
97,33,6456,133.5218401,0,0,753.2233581,1200.048172,66.89451673
97,34,9493,136.5259665,0,0,714.0298114,911.6436322,54.39660803
97,35,11307,135.897674,0,0,717.3743699,1093.360485,36.38038383
97,36,7252,144.3725869,0,0,660.2375896,913.9489796,56.21773304
97,37,17217,129.5761166,0,0,864.8636812,1043.604635,65.9564384
97,38,9181,138.40061,0,0,598.7219257,1054.969829,40.95251062
97,39,7162,134.2680815,0,0,750.2772968,1055.749511,73.36986875
97,40,14337,147.77994,0,0,701.4829462,961.56546,37.96017298
97,41,5712,135.0609244,0,0,833.3478641,915.7984944,60.23214286
97,42,10180,134.4676817,0,0,596.5946955,1022.144892,66.17387033
97,43,9529,133.289852,0,0,636.8453143,1185.344737,64.63931158
97,69,4048,138.4787549,0,0,865.5274209,939.6973814,57.7277668
98,1,14960,127.7409759,0,0,830.7602941,1184.430682,52.67005348
98,2,16761,130.0916413,0,0,849.9553129,886.9596086,51.24383987
98,3,18161,141.9969715,0,0,755.2952481,925.6376301,46.66328947
98,4,12918,131.2213191,0,0,731.0335965,1106.108066,37.67835578
98,5,17753,138.594998,0,0,783.6800541,1012.227961,41.56266546
98,6,10993,140.5022287,0,0,817.5125989,1107.66042,44.68616392
98,7,13309,134.0015779,0,0,643.0389962,937.127658,63.94034112
98,8,13502,140.6507184,0,0,890.0006666,1059.834395,44.43608354
98,9,15906,136.4934616,0,0,759.566893,883.8029674,43.79121086
98,10,11495,132.8913441,0,0,741.9463245,881.5662462,61.17268378
98,11,13257,133.2102286,0,0,929.4365995,1059.445802,54.63664479
98,12,14617,133.2425258,0,0,842.6673052,978.1914209,46.36601218
98,13,10635,130.4736248,0,0,721.2464504,1051.836859,73.47362482
98,14,11672,134.5802776,0,0,686.540353,923.5711103,59.65524332
98,15,11465,131.8222416,0,0,768.3581334,863.1211513,52.39101614
98,16,10461,152.8723831,0,0,746.6000382,1070.735781,44.17503107
98,17,8795,136.9700966,0,0,676.8068221,869.8546902,53.07470153
98,18,7937,141.9052539,0,0,677.2713872,924.5738944,45.95363487
98,19,12995,133.3465179,0,0,882.7655252,1123.360062,54.97229704
98,20,10325,134.5128329,0,0,723.0988862,913.7719128,53.21414044
98,21,15712,141.6418024,0,0,862.4863798,947.9136965,41.73351578
98,22,17360,134.2917627,0,0,850.0146889,1011.438882,54.80748848
98,23,16372,138.5168581,0,0,713.0673711,987.6871488,46.49358661
98,24,12240,137.0087418,0,0,792.9089052,1053.068464,37.04084967
98,25,9458,145.6017128,0,0,784.6359695,989.0728484,50.65574117
98,26,8762,138.4691851,0,0,745.5074184,942.5068478,58.97957087
98,27,10170,140.1010816,0,0,872.0117011,1039.844346,49.02477876
98,28,14048,134.5254129,0,0,917.2252278,962.9211987,50.63681663
98,29,10392,130.5299269,0,0,749.435816,1215.426386,63.75461894
98,31,15814,130.2944859,0,0,905.5684204,1001.095991,62.05368661
98,32,8625,134.3558261,0,0,807.4389565,964.2830145,59.72742029
98,33,14013,142.3082138,0,0,642.5347891,984.5121673,44.68415043
98,34,10711,136.3808235,0,0,555.711885,1009.058631,51.82363925
98,35,9804,136.0758874,0,0,620.5138719,1078.610465,40.0994492
98,36,7580,132.1015831,0,0,874.5287599,961.4044855,57.38430079
98,37,9612,132.3226176,0,0,618.8127341,1194.901269,59.66853933
98,38,8936,140.9863474,0,0,656.4655327,918.4925022,53.26611459
98,39,17292,129.0390354,0,0,858.5350451,1052.391453,66.52006708
98,40,14175,144.3590829,0,0,708.3784832,981.7521693,37.83703704
98,41,9997,144.4160248,0,0,675.5162549,1136.650995,44.05191557
98,42,5030,145.5083499,0,0,668.8554672,1189.323062,51.00417495
98,43,5460,143.6935897,0,0,790.4637363,1172.411172,48.03791209
98,44,10467,134.794497,0,0,576.8148467,1026.994554,64.04518964
98,70,6881,136.0581311,0,0,808.6049993,922.1204767,53.87341956
98,71,5409,133.3505269,0,0,801.8064337,893.6516916,57.54594195
99,1,20667,141.3452364,0,0,761.0695795,968.7969226,42.61484492
99,2,16194,143.8478449,0,0,755.1759911,912.1791404,52.05199457
99,3,16748,132.734834,0,0,818.794065,1170.208204,43.19709816
99,4,8252,126.6382695,0,0,749.9316529,1247.846583,52.48873
99,5,17011,141.623185,0,0,849.0938216,909.6320028,44.414085
99,6,15142,140.6897372,0,0,707.3124422,964.6195351,49.66041474
99,7,13317,145.1494331,0,0,861.2838477,1024.908613,45.202448
99,8,20471,134.8998095,0,0,856.0779639,1026.399052,52.78335206
99,9,16514,131.253603,0,0,860.3532155,896.7560252,55.43514594
99,10,14224,148.053712,0,0,799.3503234,1072.801744,40.4034027
99,11,15340,133.1496089,0,0,915.7091265,964.8390482,50.22385919
99,12,10812,146.0494821,0,0,761.8989086,986.3475768,36.60858306
99,13,16765,139.3071876,0,0,757.6894721,864.1855652,51.07199523
99,14,14355,136.3757576,0,0,834.9194706,958.8143504,47.64326019
99,15,15525,132.8602899,0,0,917.4859903,1051.115942,58.84933977
99,16,20600,132.6050971,0,0,876.9367476,1120.398301,60.85907767
99,17,14586,145.0364048,0,0,688.1589881,929.8005622,42.66275881
99,18,11735,131.6208777,0,0,783.3575628,882.3678739,58.87123988
99,19,9996,133.8354342,0,0,828.2667067,1008.011104,60.48929572
99,20,11775,130.5089597,0,0,768.4748195,939.7804671,66.59770701
99,21,8073,143.8355011,0,0,673.4877988,907.4560882,52.65774805
99,22,9431,136.1724101,0,0,688.4313434,890.1387976,60.94889195
99,23,13940,134.456241,0,0,926.1453372,1066.448709,49.14985653
99,24,11692,140.0935683,0,0,866.8709374,1018.674307,40.09031817
99,25,9900,138.2265657,0,0,660.5881818,938.5526263,59.47525253
99,26,9558,137.4449676,0,0,766.3424357,987.2320569,62.13454698
99,27,12598,133.6154945,0,0,703.364026,966.9647563,64.08564852
99,28,10396,131.1156214,0,0,613.2058484,1208.841766,52.8486918
99,29,12587,139.1932947,0,0,872.4677842,1120.771987,47.19289743
99,30,15538,143.2269919,0,0,636.4170421,959.2082636,49.58437379
99,31,7586,135.6488268,0,0,643.6564724,1179.016478,43.66214079
99,32,10508,131.3855158,0,0,819.6751047,941.8352684,61.92529501
99,33,11300,143.3968142,0,0,645.0717699,1091.019646,41.22964602
99,34,10524,134.8839795,0,0,733.7528506,930.4789054,58.53468263
99,35,8033,133.4761608,0,0,886.359766,990.0187975,57.32851986
99,36,9308,139.0552213,0,0,601.793511,1022.433928,41.81832832
99,37,11865,133.7579435,0,0,670.7848293,1003.118416,68.15330805
99,38,8715,134.8296041,0,0,822.3876076,938.5497418,56.82214573
99,39,12012,134.7892108,0,0,558.241342,1009.291708,55.80919081
99,40,6285,144.4688942,0,0,776.5677009,1139.790135,40.89944312
99,41,9496,139.516112,0,0,693.2546335,1034.2123,35.34003791
99,42,3297,178.2423415,0,0,739.6809221,1059.338186,39.21716712
99,43,8796,128.0140973,0,0,753.0497954,1149.408367,70.2299909
99,44,3706,157.3966541,0,0,778.4066379,1008.279007,48.72045332
99,45,4102,168.1004388,0,0,736.8534861,1017.275232,47.13432472
99,46,10990,135.1424022,0,0,596.8160146,1081.995996,64.98434941
99,47,4446,147.8292848,0,0,794.1754386,963.131354,54.74583896
100,1,11385,144.9155907,0,0,772.3173474,966.6507686,42.84787
100,2,16666,136.1269651,0,0,715.4626785,949.9722789,51.75375015
100,3,14474,138.2301368,0,0,924.0325411,1085.143982,49.4785132
100,4,11860,128.7091906,0,0,774.3577572,951.5088533,67.87908938
100,5,16115,145.2018616,0,0,862.9867204,913.8976109,44.97052436
100,6,16428,133.1866935,0,0,911.7997322,1071.044436,59.04632335
100,7,17885,134.1894325,0,0,782.6361197,862.3587364,51.837182
100,8,15748,130.2138049,0,0,879.5697866,912.6302388,56.33432817
100,9,9021,131.4937368,0,0,826.8205299,1018.690057,60.22392196
100,10,12493,147.3451533,0,0,866.2781558,1035.252141,46.28800128
100,11,20862,132.7233726,0,0,852.1432269,1038.857061,53.00158182
100,12,11333,128.9191741,0,0,804.5314568,881.3139504,59.68137298
100,13,13876,139.0263044,0,0,710.9403286,912.6891035,43.15134044
100,14,7997,125.5990997,0,0,723.098537,1246.255346,50.29085907
100,15,9388,136.297827,0,0,690.8638688,891.9423732,53.88346826
100,16,11729,151.1562793,0,0,799.2831443,1064.114673,40.72990025
100,17,7909,135.9170565,0,0,744.7877102,1120.888481,39.72347958
100,18,19639,128.4768064,0,0,863.9633383,1141.356026,60.41840216
100,19,10820,132.432902,0,0,773.9578558,995.9573937,63.60794824
100,20,10650,135.8786854,0,0,610.1330516,988.0250704,42.20629108
100,21,7695,146.0097466,0,0,761.5745289,1015.264587,37.30903184
100,22,15330,137.1785388,0,0,923.8136986,984.4103066,50.77860404
100,23,12315,140.247503,0,0,860.8971985,1121.884775,46.51205847
100,24,14548,139.155829,0,0,770.8315232,914.7989414,52.83956558
100,25,10528,131.3537234,0,0,742.3681611,925.6517857,59.95146277
100,26,10208,128.992163,0,0,586.8148511,1180.136658,52.34257445
100,27,7009,154.3957769,0,0,644.986018,1060.580254,41.21800542
100,28,11466,136.334031,0,0,631.0914007,1158.259376,41.71568114
100,29,15675,131.0733652,0,0,806.5528549,1166.9637,42.0015949
100,30,12755,144.449706,0,0,870.8174833,1022.739867,40.71963936
100,31,12472,131.8828576,0,0,705.6715843,967.3762829,64.79313663
100,32,11050,133.7703167,0,0,667.661448,931.1103167,59.69918552
100,33,13943,135.0765976,0,0,845.89579,960.6795525,48.60560855
100,34,8277,130.7839797,0,0,877.8544159,998.9955298,56.91035399
100,35,12029,132.2740876,0,0,672.2316901,998.9285061,68.49014881
100,36,9353,132.3071742,0,0,700.0608361,883.9078371,61.88623971
100,37,10388,135.4571621,0,0,688.8120909,1017.059684,36.19195225
100,38,11452,126.6769123,0,0,831.5699441,955.4228956,63.9896088
100,39,9188,131.7308446,0,0,835.4133653,946.9327384,57.71375707
100,40,8325,141.1525526,0,0,745.4028829,995.2168168,49.28348348
100,41,11309,135.6992661,0,0,566.3147935,982.663277,55.6554072
100,42,15995,139.7204751,0,0,647.4279462,942.5229759,50.46645827
100,43,12441,140.4847681,0,0,770.8802347,962.5138654,37.32642071
100,44,7425,136.0538721,0,0,806.3512458,1005.654276,49.86356902
100,45,9243,127.5860651,0,0,741.2765336,1154.381045,70.09293519
100,47,8041,133.5720682,0,0,786.5264271,963.0314637,59.03992041
100,48,11169,134.6669353,0,0,584.4441758,1064.582505,64.30790581
101,1,17516,143.1495775,0,0,867.1205184,913.6593971,45.6852021
101,2,17161,142.3102966,0,0,721.0435289,907.7246664,44.05302721
101,3,18665,139.2815966,0,0,720.2750067,948.2573801,52.39555317
101,4,22033,134.9742659,0,0,854.1104707,1041.067807,53.74102483
101,5,17908,138.2040987,0,0,786.9566674,861.6298861,52.43902167
101,6,18235,133.1212503,0,0,909.6108034,1077.934631,59.72953112
101,7,11561,130.7232938,0,0,773.7082432,956.2414151,68.11997232
101,8,10939,135.6230917,0,0,773.1182923,1002.657464,64.25404516
101,9,8790,141.6692833,0,0,695.8962457,891.5455063,53.9188851
101,10,14534,135.6686391,0,0,924.0348837,1089.546236,49.99188111
101,11,11059,146.6547608,0,0,870.7270097,1033.004521,47.41730717
101,12,11946,140.2962498,0,0,861.7206596,1125.76804,46.79147832
101,13,12522,142.0002396,0,0,623.9818719,1146.634164,41.87054784
101,14,8384,152.0118082,0,0,752.9208015,996.6326336,37.5331584
101,15,8882,134.595474,0,0,825.7496059,1024.211326,61.17147039
101,16,15217,134.4579089,0,0,927.1178287,986.9729907,51.76276533
101,17,16072,131.5044176,0,0,881.704455,915.5439895,57.0149328
101,18,9486,134.9153489,0,0,703.4772296,886.0929791,62.41165929
101,19,9168,126.4100131,0,0,713.8944154,1244.100022,49.32700698
101,20,12179,144.1444289,0,0,867.2213646,1019.544298,41.21914771
101,21,10555,138.2717196,0,0,615.8692563,983.4978683,42.02387494
101,22,18583,130.3453156,0,0,860.6615186,1150.421084,60.52165958
101,23,10373,140.4327581,0,0,685.1721778,1007.859346,36.67733539
101,24,13113,145.9373904,0,0,778.5798826,952.6572867,38.22115458
101,25,9987,154.113047,0,0,779.4079303,973.2287974,44.28487033
101,26,11820,128.4267343,0,0,832.7730118,962.1167513,64.41962775
101,27,9134,141.8109262,0,0,738.1980512,1102.681082,40.25947011
101,28,12551,134.6220221,0,0,704.9074974,970.3577404,64.90654131
101,29,13534,133.5144082,0,0,673.7515147,996.8943402,68.60469928
101,30,9829,130.8015057,0,0,581.218537,1173.903245,52.28904263
101,31,13741,137.5763045,0,0,852.4521505,959.501783,49.33221745
101,32,13713,144.3933494,0,0,781.3799315,915.261212,53.36374243
101,33,7596,132.797525,0,0,877.0781991,1003.116114,58.04370721
101,34,11272,136.0331796,0,0,669.3193754,930.7389993,59.76694464
101,35,11823,134.2973019,0,0,570.0657194,974.20181,55.55738814
101,36,16243,135.949332,0,0,799.9308625,1161.648402,41.98670196
101,37,10398,134.3618003,0,0,741.4196961,927.5157723,60.44258511
101,38,9463,135.4361196,0,0,835.4891683,952.0897178,58.16432421
101,39,11427,131.5972696,0,0,801.9978122,882.934191,60.42627111
101,40,15555,143.9402122,0,0,652.7177113,939.23883,50.54471231
101,41,3751,164.6161024,0,0,603.4737403,1071.407891,40.2228739
101,42,10606,127.8553649,0,0,736.083349,1159.002734,70.00660004
101,43,3905,172.753137,0,0,690.8005122,1044.851729,42.21587708
101,44,7439,147.6397365,0,0,750.6503562,992.1947842,50.6819465
101,45,4518,177.7149181,0,0,764.710934,1040.156928,37.83200531
101,46,7242,140.2149959,0,0,814.1152996,1006.215824,50.28818006
101,47,11137,134.0029631,0,0,582.3168717,1061.069139,64.2183712
101,48,3928,182.4638493,0,0,820.4544297,1078.460285,45.22785132
101,72,6122,138.8480889,0,0,782.5854296,964.9242078,59.52074485
102,1,9771,147.3881895,0,0,800.4827551,1055.667178,37.48275509
102,2,14746,136.7722772,0,0,924.8682355,1088.102265,51.45815814
102,3,16750,130.1626269,0,0,873.0973731,911.4069851,57.71164179
102,4,19420,136.0060762,0,0,854.1622039,1042.577909,53.17059732
102,5,17478,128.2115803,0,0,855.7035702,1153.650761,60.05235153
102,6,16716,144.7151232,0,0,858.1886217,899.5941613,46.62838
102,7,9253,135.6826975,0,0,695.3171944,902.3398898,53.5146439
102,8,11775,128.1102335,0,0,794.0572399,880.6586837,60.79881104
102,9,13104,139.4267399,0,0,864.9420788,1127.411172,47.74198718
102,10,12279,128.3920515,0,0,586.1173548,1183.250998,54.22461112
102,11,14993,132.6537718,0,0,689.2158341,980.6633095,64.96131528
102,12,9906,129.672017,0,0,823.0439128,1028.323541,61.30405815
102,13,12165,129.0212906,0,0,762.5949034,958.9685162,68.35856967
102,14,9760,143.1251025,0,0,769.5516393,994.904918,36.93985656
102,15,12006,135.8525737,0,0,898.2652007,1073.746627,59.93644844
102,16,13286,139.8547343,0,0,781.720834,939.2144362,39.98946259
102,17,14818,136.3442435,0,0,786.7473343,932.8151572,55.77169659
102,18,15016,135.6263985,0,0,928.469366,985.0723895,52.84589771
102,19,15552,138.8036908,0,0,654.3420139,940.3323688,50.36059671
102,20,12221,129.6159889,0,0,740.2223222,934.9270109,61.29195647
102,21,8213,131.1202971,0,0,876.6313162,995.5736028,58.05162547
102,22,13453,145.3238683,0,0,872.5286553,1015.909463,41.7109195
102,23,12009,139.6377717,0,0,779.7043884,873.5266883,52.24922974
102,24,12104,137.3151851,0,0,734.154577,971.2425644,53.37334765
102,25,8887,147.1373917,0,0,714.873073,920.6310341,44.86317092
102,26,9170,132.2627045,0,0,699.3035987,880.234024,60.35561614
102,27,11142,133.0526835,0,0,763.7128882,1009.880273,64.55977383
102,28,8369,137.1488828,0,0,742.0503047,1090.214004,38.75098578
102,29,12756,139.0344936,0,0,862.7322828,958.8000157,48.88099718
102,30,10504,133.81369,0,0,615.4077494,988.3107388,42.14937167
102,31,9735,134.2718028,0,0,705.554905,1001.31813,36.27467899
102,32,8006,144.4747689,0,0,828.305271,1082.236448,45.27366975
102,33,12007,132.9573582,0,0,666.4110935,933.5088698,59.05380195
102,34,9781,135.591964,0,0,779.5762192,1016.271342,49.23300276
102,35,9589,152.6318699,0,0,872.7050787,1035.767442,46.5538638
102,36,4522,156.6196373,0,0,777.5557276,1017.723574,41.78748341
102,37,10279,125.7379122,0,0,827.5416869,972.3691021,65.25975289
102,38,6294,139.7208452,0,0,711.0074674,1012.584366,42.60247855
102,39,15097,134.6939789,0,0,806.8145989,1152.885143,41.39948334
102,40,12497,132.4941986,0,0,569.0468913,980.7450588,55.32671841
102,41,10952,125.6855369,0,0,726.5169832,1161.737765,69.94558072
102,42,9879,135.9889665,0,0,620.6949084,1156.140804,41.79755036
102,43,9521,130.9362462,0,0,780.196618,982.4520534,60.62146833
102,44,12682,130.8529412,0,0,666.842375,1002.616543,68.61898754
102,45,4931,154.1679173,0,0,796.2729669,939.0922734,48.30176435
102,46,7129,138.152055,0,0,827.9168186,1001.569505,49.72983588
102,47,10631,133.7052958,0,0,586.8285204,1062.183708,64.58470511
102,48,8130,131.9504305,0,0,835.1116851,959.6316113,58.31746617
102,49,6999,140.2770396,0,0,588.7885412,1080.275039,41.29547078
102,50,7457,123.3636851,0,0,711.9281212,1243.915918,49.15274239
103,1,14756,133.0610599,0,0,922.8419626,1083.094673,51.56837896
103,2,16155,129.4461158,0,0,867.7141442,905.0833798,58.08053234
103,4,20237,133.4268913,0,0,854.060335,1038.949004,52.79171814
103,5,9625,143.8268052,0,0,801.4450909,1051.38961,37.60311688
103,6,12839,140.2922346,0,0,772.724667,933.1963549,40.36093154
103,7,9055,140.1497515,0,0,688.7422419,900.1795693,53.82330204
103,8,18120,128.542936,0,0,857.1394592,1150.504084,60.20943709
103,9,16535,140.1235561,0,0,848.2781978,891.3600242,46.99842758
103,10,14197,137.0155667,0,0,867.9768965,1118.499472,47.41135451
103,11,12126,129.8224476,0,0,787.4919182,875.5473363,60.75787564
103,12,10121,131.7565458,0,0,820.8651319,1026.250766,61.56832329
103,13,11771,146.9423159,0,0,872.1276017,1026.463597,45.59128366
103,14,14864,132.257064,0,0,925.1124865,976.7701157,52.96609257
103,15,11630,132.4755804,0,0,733.4133276,929.7870163,61.68426483
103,16,9818,134.114891,0,0,694.004889,879.8355062,60.61774292
103,17,12552,130.2065806,0,0,760.7143085,953.8757967,68.65129063
103,18,13851,135.2810627,0,0,860.2194787,956.1664862,48.87892571
103,19,10638,137.7172401,0,0,778.4404963,1014.552641,48.62248543
103,20,11359,126.6489128,0,0,827.8851131,967.8366934,65.27273528
103,21,12361,129.2448022,0,0,589.4666289,1188.029286,54.96683116
103,22,11993,136.161094,0,0,760.745685,1005.364046,64.7826232
103,23,10765,138.1599628,0,0,828.303948,1073.427589,44.65378542
103,24,15725,142.509062,0,0,647.7558665,938.5164388,50.94244833
103,25,11049,135.5599602,0,0,897.5100009,1064.904969,60.10145715
103,26,7720,130.5287565,0,0,874.6477979,987.426943,57.9757772
103,27,8301,133.2834598,0,0,831.4898205,955.9379593,58.73412842
103,28,6603,146.5087082,0,0,792.3322732,931.4476753,48.79282144
103,29,9577,145.3008249,0,0,763.7496084,991.7911663,37.50903206
103,30,8162,160.1791228,0,0,706.4451115,916.5639549,45.13905905
103,31,10816,136.6503328,0,0,608.5501109,983.2253143,42.74694896
103,32,13502,139.6381277,0,0,782.2823285,927.8572063,56.4411939
103,33,8104,125.1710267,0,0,711.9130059,1240.552937,48.94064659
103,34,11842,144.6992907,0,0,729.2906604,973.8729944,53.40145246
103,35,8986,139.4427999,0,0,736.0060093,1081.760739,38.40707768
103,36,6993,144.7291577,0,0,699.3830974,1001.486343,42.95895896
103,37,8630,136.4626883,0,0,825.8791425,995.6507532,49.86535342
103,38,6310,146.2679873,0,0,771.9266244,1014.735658,42.8141046
103,39,11531,139.7909115,0,0,872.3265979,1004.248634,41.18471945
103,40,11347,135.215828,0,0,661.5047149,935.0969419,59.50092535
103,42,12638,134.4568761,0,0,566.4508625,983.2136414,56.07896819
103,43,9545,139.4517548,0,0,701.8780513,993.2997381,36.38229439
103,44,11643,134.5149875,0,0,588.5846431,1064.097913,65.34733316
103,45,11019,127.1418459,0,0,737.4141937,1159.400672,70.21226972
103,46,7981,141.1917053,0,0,582.2340559,1082.350081,41.89500063
103,47,15869,134.0093264,0,0,811.0019535,1143.140463,41.17405003
103,48,11418,135.6730601,0,0,618.1374146,1157.676388,41.70467683
103,49,8269,149.2520256,0,0,767.067481,871.4232676,52.52376345
103,50,8918,133.53207,0,0,776.154519,979.2831352,60.9076026
103,73,10864,135.5767673,0,0,689.7804676,972.5012887,64.759757
103,74,12658,133.3522673,0,0,670.2730289,999.7425344,68.72104598
104,2,11790,143.4189143,0,0,847.5884648,1007.326972,51.49007634
104,3,15423,143.755495,0,0,820.3805356,882.5011347,45.93146599
104,4,23101,132.7933856,0,0,881.4617982,1134.264534,59.47655946
104,5,13688,138.0431765,0,0,926.1089275,1060.987873,50.84212449
104,6,12055,152.3191207,0,0,871.0493571,1017.674575,44.0860224
104,7,11092,132.3624234,0,0,825.5025243,1007.193022,61.06896863
104,8,12331,127.0485768,0,0,833.9896197,954.2453978,64.6440678
104,9,16938,135.063762,0,0,632.5569725,949.8018656,51.25705514
104,10,18011,140.6395536,0,0,767.9027261,926.9480318,54.49802898
104,11,7407,136.8281355,0,0,676.7137843,1014.635075,41.85243688
104,12,9280,133.9297414,0,0,821.6974138,947.4283405,57.74579741
104,13,12771,142.6055125,0,0,741.9168428,931.9396288,39.95059118
104,14,11921,134.0522607,0,0,767.5556581,998.4194279,64.68953947
104,15,15938,131.7329652,0,0,858.7110051,892.1328899,56.72148325
104,16,11125,142.4346966,0,0,789.7442697,1055.222112,36.18993258
104,17,11622,144.1565996,0,0,870.9680778,1092.918947,46.88435725
104,18,15837,136.2110248,0,0,917.579971,961.807413,51.1666351
104,19,12612,127.8423723,0,0,757.711941,942.9146844,68.18522042
104,20,12444,129.9126487,0,0,771.8731919,871.7970106,60.24244616
104,21,9149,125.690458,0,0,729.0462346,1248.881954,50.68859985
104,22,9554,132.4379318,0,0,875.4421185,961.8505338,56.32332008
104,23,8878,130.663663,0,0,680.2942104,878.8866862,60.45179094
104,24,9909,134.1998183,0,0,659.8427692,909.2016349,53.92350389
104,25,10919,140.1895778,0,0,820.5092957,1058.801813,42.81436029
104,26,12046,130.7077868,0,0,643.7077868,938.412336,58.94022912
104,27,14604,137.9900712,0,0,849.0237606,949.7971104,47.60538209
104,28,11262,129.5492808,0,0,728.3028769,924.3966436,61.39007281
104,29,7992,138.861987,0,0,808.0205205,983.3782533,47.49024024
104,30,17044,136.832375,0,0,826.0711687,1132.34276,40.62989908
104,31,9692,137.0955427,0,0,718.4223071,1082.618964,37.12340074
104,32,10013,124.5908319,0,0,603.5863378,1196.259463,58.72745431
104,33,12128,143.4876319,0,0,861.1858509,996.5038753,39.47889182
104,34,10354,130.7400039,0,0,591.5308093,1005.694418,42.77129612
104,35,9638,131.7519195,0,0,601.2877153,1066.641108,66.69516497
104,36,9117,127.8812109,0,0,621.6563563,1172.877482,42.13973895
104,37,10030,134.4262213,0,0,679.5888335,994.1380857,36.79930209
104,38,11392,132.6130618,0,0,560.6228933,1000.339449,57.26729284
104,39,6074,146.5778729,0,0,777.4343102,1011.537208,40.53490286
104,40,6958,143.5160966,0,0,758.427278,1006.969963,46.08924978
104,41,9577,132.6092722,0,0,580.8990289,1110.045421,42.44439804
104,43,4493,143.4458046,0,0,902.6759404,1023.306699,56.06988649
104,44,4582,155.1176342,0,0,728.3428634,975.7217372,47.91946748
104,45,3799,155.0402738,0,0,643.4203738,969.6625428,44.74440642
104,46,8838,126.1291016,0,0,768.1900883,1159.415479,70.52070604
104,47,3746,162.1740523,0,0,725.6607048,900.8454351,45.91270689
104,48,9483,146.3781504,0,0,736.5481388,999.4743225,37.86755246
104,49,7936,133.1393649,0,0,770.7210181,966.7293347,61.23361895
104,50,4279,143.5935966,0,0,890.0373919,1051.844356,60.54615564
104,51,8064,145.9433284,0,0,776.875248,924.5957341,47.89769345
104,52,3714,157.6502423,0,0,699.2889068,902.5624663,50.50161551
104,75,2792,153.0644699,0,0,712.3391834,953.3954155,58.02256447
104,77,3193,161.4857501,0,0,786.2994049,872.3319762,53.65862825
104,79,10775,130.387935,0,0,681.3497912,973.9267749,64.68612529
104,80,12944,128.2461372,0,0,672.8266378,1000.583745,69.63573857
105,2,14564,138.0387256,0,0,925.5357045,1058.11295,50.73022521
105,3,16817,142.4931914,0,0,813.9922697,882.8387941,45.55099007
105,4,16867,131.5045355,0,0,858.2281971,891.2953697,56.25867078
105,5,21859,132.6740931,0,0,884.3324946,1130.767098,59.50606158
105,6,16615,140.1307252,0,0,755.4398435,921.793861,53.3224195
105,7,13398,149.7079415,0,0,867.4624571,1012.82266,43.58658009
105,8,9710,131.0738414,0,0,677.3959835,873.9640577,59.31544799
105,9,17221,136.0156205,0,0,629.7235352,950.0903548,50.36542593
105,10,12363,130.0381784,0,0,770.6123918,868.3304214,59.60179568
105,11,11877,140.3934495,0,0,820.7374758,1055.994443,42.72173108
105,12,13159,128.2627099,0,0,759.9335056,939.0041796,67.85439623
105,13,11341,130.8762896,0,0,727.325809,913.8222379,60.66475619
105,14,8287,140.2336189,0,0,751.3897671,999.2530469,45.61831785
105,15,9481,132.1020989,0,0,869.613121,953.5820061,55.76964455
105,16,16651,136.3703081,0,0,915.2125998,955.8209717,50.24394931
105,17,10437,133.8192009,0,0,772.1087477,996.7231005,64.76267127
105,18,13166,137.4885311,0,0,733.2760899,932.1746164,39.60132159
105,19,8930,134.4366181,0,0,671.5787234,1022.917133,40.31198208
105,20,14732,137.9283193,0,0,836.7647977,945.2975156,46.68049145
105,21,11495,145.0890822,0,0,876.4071335,1088.273684,46.94223575
105,22,10570,132.8108798,0,0,829.566982,998.7315043,60.39110691
105,23,11315,127.2726469,0,0,832.3697746,946.7418471,63.85090588
105,24,11113,140.5716728,0,0,789.5103032,1060.604877,36.36200846
105,25,10647,123.9139664,0,0,740.7116559,1251.452334,51.43016812
105,26,9739,132.7166033,0,0,675.4348496,1004.963446,36.16870315
105,27,11871,131.8429787,0,0,640.567349,935.0296521,58.87979109
105,28,10442,133.3710017,0,0,658.3164145,912.6761157,53.17659452
105,29,9777,133.8994579,0,0,814.3733252,941.8939347,56.71402271
105,30,10050,135.0602985,0,0,579.599801,1119.129353,42.54716418
105,31,7307,143.9529219,0,0,774.8389216,1006.338443,40.05857397
105,32,17728,137.3501805,0,0,831.642148,1133.279332,40.77685018
105,33,5380,146.5081784,0,0,634.072119,984.9394052,43.31263941
105,34,10120,132.6477273,0,0,717.8064229,1088.659881,36.99367589
105,35,9858,132.2671942,0,0,763.2417326,961.7305742,60.92067356
105,36,9458,131.2494185,0,0,606.3730176,1062.532142,66.97758511
105,37,6251,144.5395937,0,0,785.3229883,872.8966565,53.21116621
105,38,11376,132.7708333,0,0,559.8793073,1003.147855,57.59256329
105,39,10685,123.8143191,0,0,613.7748245,1201.848573,59.71689284
105,40,9938,133.185651,0,0,586.0476957,1022.597404,42.47544778
105,41,8414,138.0456382,0,0,796.0565724,978.8513192,47.06251486
105,42,6048,139.3574735,0,0,694.3974868,952.4376653,58.11805556
105,43,10141,141.0018736,0,0,731.3598264,1004.28153,37.73750123
105,44,7398,140.1166531,0,0,694.5344688,900.278724,49.58961882
105,45,8627,129.0104324,0,0,626.4733975,1179.925351,42.47803408
105,46,6253,141.425076,0,0,720.3889333,892.9848073,45.25363825
105,47,11746,146.7700494,0,0,844.4435553,1000.0567,50.91273625
105,48,6696,140.4985066,0,0,713.4175627,966.7962963,47.08034648
105,49,3842,152.7155128,0,0,912.1197293,1006.208485,53.95106715
105,50,8858,141.7656356,0,0,765.405622,917.1685482,47.28990743
105,52,9036,125.189243,0,0,773.3882249,1151.746791,70.95528995
105,53,12487,142.4410187,0,0,854.9459438,995.9714103,39.1159606
105,54,4044,141.1622156,0,0,875.9502967,1057.215381,63.3115727
105,81,11600,130.3068966,0,0,687.2194828,968.4352586,64.5037069
105,82,11723,130.0096392,0,0,678.1157554,990.6734624,69.10253348
106,1,12881,130.7497865,0,0,772.1194007,873.1600031,58.74963124
106,2,12314,132.6460939,0,0,846.508202,997.5510801,60.64909859
106,4,10522,124.7142178,0,0,761.3460369,1262.010834,51.93784452
106,5,9550,132.8780105,0,0,675.0293194,879.5432461,58.42973822
106,6,13998,137.8344049,0,0,820.4312759,949.5475068,45.93106158
106,7,17601,135.2665189,0,0,625.1528322,959.73564,49.64609965
106,8,13927,129.2664608,0,0,764.7845911,935.230703,66.8286063
106,9,9891,136.4709332,0,0,651.7610959,921.2871297,53.00839147
106,10,16081,132.0203346,0,0,854.7291213,891.8993222,55.07623904
106,11,16231,143.1559978,0,0,805.1579077,888.9314891,44.7470889
106,12,18559,133.6908239,0,0,904.0098604,1132.768953,59.92348726
106,13,16273,136.5892583,0,0,909.6278498,947.4873103,48.44865729
106,14,15523,128.2712105,0,0,684.1873993,989.9808671,68.57405141
106,15,13507,142.1255645,0,0,722.3142815,946.4828607,38.70467165
106,16,11909,134.7427156,0,0,780.4929045,992.957847,63.73650181
106,17,12468,142.9501123,0,0,880.8277992,1080.951797,46.21462945
106,18,12577,127.5779598,0,0,847.9271686,948.8473404,63.01073388
106,19,15152,143.1798442,0,0,741.7300686,923.1727825,51.92027455
106,20,10376,131.5536816,0,0,873.214919,945.6343485,54.77843099
106,22,13940,138.1388092,0,0,934.422023,1057.75868,50.04096126
106,23,9858,141.1732603,0,0,737.5491986,995.1159464,44.33181173
106,24,9872,133.8102715,0,0,805.6606564,942.0093193,54.90630065
106,25,8378,129.7154452,0,0,900.6773693,1055.349964,62.09644307
106,26,8277,138.8368974,0,0,772.8534493,876.4258789,51.75486287
106,27,11046,142.3063552,0,0,820.8465508,1054.728499,41.69310158
106,28,7029,139.7922891,0,0,627.136577,994.5428937,42.13871105
106,29,9482,143.2061801,0,0,776.8280953,1008.743303,39.60335372
106,30,9969,136.2082456,0,0,788.7484201,988.1416391,47.70458421
106,31,10324,138.1838435,0,0,681.0974429,896.9738473,49.14325843
106,32,18215,136.2098271,0,0,843.1648641,1138.647269,40.11858358
106,33,11650,132.9321888,0,0,729.4369099,916.5687554,59.60927039
106,34,12969,130.9332254,0,0,638.3365718,945.6051353,58.71832832
106,35,9113,140.0546472,0,0,692.1673434,962.5857566,46.7186437
106,36,10188,129.5087358,0,0,615.2659011,1054.002846,67.02012171
106,37,12849,130.234493,0,0,688.5743638,972.2714608,63.37395906
106,38,13715,142.6126868,0,0,848.2145826,1000.42304,38.15479402
106,39,10281,137.694874,0,0,718.2636903,1112.611711,35.9973738
106,40,8518,136.6473351,0,0,913.2261094,999.1890115,51.88389293
106,41,9910,130.1963673,0,0,585.953885,1149.067508,42.8086781
106,42,10118,133.3239771,0,0,763.7051789,962.5668116,59.72030045
106,43,10824,141.2604398,0,0,791.2275499,1069.505451,35.30460089
106,44,11578,130.6552945,0,0,557.6517533,1019.73061,57.595526
106,45,7417,142.8518269,0,0,697.0806256,901.8223001,43.53336929
106,46,11140,142.8591562,0,0,722.5184022,1023.308169,37.85987433
106,47,11828,123.131045,0,0,635.3331924,1220.75372,61.20713561
106,48,9605,141.4869339,0,0,745.2763144,924.4131182,45.82321707
106,49,9494,130.1805351,0,0,580.9669265,1047.289235,42.03022962
106,50,7890,138.0160963,0,0,694.6487959,957.1408112,56.31001267
106,52,8174,125.0897969,0,0,638.8977245,1209.695498,43.72253487
106,53,8818,127.3467907,0,0,781.3340894,1135.856884,71.66523021
106,83,10207,136.5868522,0,0,676.447438,1029.78211,35.10669149
106,84,7235,140.0370422,0,0,664.2547339,1044.859295,39.50463027
106,85,3531,148.8575474,0,0,846.3033135,988.1557632,56.12574342
106,276,9625,158.2976623,0,0,867.2834286,1019.05361,42.15709091
106,277,2726,177.5785033,0,0,867.1071167,1012.987528,45.87490829
107,1,15328,132.3161534,0,0,856.3080637,891.1355689,54.55290971
107,2,16926,142.6436843,0,0,800.7920359,891.3883965,44.21546733
107,3,18794,133.3990635,0,0,909.7505055,1133.907896,59.86352027
107,4,14034,137.5413995,0,0,819.1579022,949.4594556,45.54938008
107,5,10178,135.3870112,0,0,653.5916683,922.0390057,53.11475732
107,6,10022,131.3517262,0,0,672.6109559,882.2770904,58.48842546
107,7,17997,135.0177807,0,0,624.1470245,959.2203701,49.92326499
107,8,12260,144.3619902,0,0,883.0143556,1081.852773,45.2596248
107,9,15655,137.234366,0,0,909.5358033,950.3234749,47.90501437
107,10,14226,152.4782089,0,0,868.2166456,1021.130114,41.60719809
107,11,16712,142.398157,0,0,746.7847056,923.5296194,52.06905218
107,12,13189,138.1289711,0,0,937.5362044,1057.268405,49.5847297
107,13,11636,133.3889653,0,0,852.0815572,992.9742179,60.83516672
107,15,16063,128.3798792,0,0,687.2368175,988.3374837,68.64110067
107,16,9389,124.9061668,0,0,762.2077964,1264.295452,51.39045692
107,17,12253,131.0936097,0,0,775.7010528,871.0738595,58.20664327
107,18,9760,132.8231557,0,0,874.5941598,946.0040984,53.75788934
107,19,13355,127.4042681,0,0,848.4655934,946.2216398,62.79026582
107,20,11555,132.3041973,0,0,732.1446127,916.1019472,59.55975768
107,21,13178,130.3974806,0,0,691.7149036,971.9003642,63.28031568
107,22,8318,136.0876413,0,0,906.9629719,1006.205698,51.88398654
107,23,11123,140.6486559,0,0,788.5029219,1072.798885,35.08621775
107,24,8781,141.7576586,0,0,733.1430361,995.6719052,43.8845234
107,25,10100,136.3357426,0,0,785.919703,987.8230693,47.45683168
107,26,9336,134.3805698,0,0,806.7284704,938.5708012,54.69515853
107,27,9949,135.8767715,0,0,677.9965826,894.2438436,49.44265755
107,28,12815,140.8195864,0,0,719.118689,951.513851,38.21771362
107,29,9538,142.2978612,0,0,773.4019711,1010.99308,39.29849025
107,30,9070,129.107828,0,0,908.6755237,1053.701433,61.57342889
107,31,14192,129.2078636,0,0,766.543757,938.0574267,66.86971533
107,32,9559,136.3478397,0,0,690.2799456,962.931269,46.62506538
107,33,9986,130.6718406,0,0,586.5135189,1149.349089,42.97496495
107,34,17854,136.3742579,0,0,836.8242411,1140.066036,39.34776521
107,35,8794,137.9507619,0,0,771.122811,875.7351603,51.1988856
107,36,12673,130.9363213,0,0,638.1475578,945.4307583,58.97380257
107,37,11177,129.1216784,0,0,619.1555874,1050.39286,67.25641943
107,38,10788,133.2133852,0,0,715.0832406,1116.951613,36.02474972
107,39,10113,135.2148719,0,0,788.8059923,994.256106,64.0762385
107,40,11483,141.4511016,0,0,844.4978664,1001.427763,37.55647479
107,41,7069,137.2819352,0,0,622.785684,994.4291979,42.21601358
107,42,9893,143.6267058,0,0,823.5118771,1054.895785,41.12048923
107,43,11150,140.1016143,0,0,715.9619731,1025.770493,38.33219731
107,44,10060,133.1399602,0,0,769.0583499,961.7236581,59.6916501
107,45,11421,123.9460643,0,0,641.3672183,1222.069871,62.02434113
107,46,10312,140.7455392,0,0,739.583398,928.0487781,45.39323119
107,47,6934,138.7121431,0,0,859.8063167,978.8860686,56.2636285
107,48,9798,130.2497448,0,0,579.6091039,1049.148296,42.17176975
107,49,11772,130.9334013,0,0,559.4219334,1021.764866,57.98318043
107,50,8498,138.7429984,0,0,690.931984,902.9546952,43.65027065
107,51,7980,135.037218,0,0,696.0508772,957.3903509,56.15238095
107,53,11027,125.9658112,0,0,786.6825066,1140.932076,71.77827152
107,86,9216,132.5569661,0,0,671.3907335,1032.578776,35.32725694
107,87,6846,135.2026001,0,0,659.3467718,1052.274467,39.33158048
107,88,5588,125.5454545,0,0,640.297781,1211.613636,43.58536149
107,89,3964,158.8539354,0,0,874.9608981,1004.252018,45.8925328
108,1,10986,149.3600947,0,0,633.6284362,953.2119061,50.92508647
108,3,11954,137.7312197,0,0,667.1836205,907.0866656,52.99389326
108,4,14647,139.0847272,0,0,802.3106438,904.6825971,42.12528163
108,5,17086,137.5962191,0,0,751.5251083,920.3396348,51.07596863
108,6,10771,123.4837991,0,0,784.5710705,1262.776158,51.33543775
108,7,10680,131.0585206,0,0,819.406367,936.0102996,52.90552434
108,8,15558,129.6799717,0,0,867.5075202,893.835583,52.35833655
108,9,11657,126.5041606,0,0,863.7976323,942.0505276,61.63644162
108,10,9721,139.481432,0,0,727.4951137,994.1759078,42.67585639
108,11,9638,134.1073874,0,0,778.7111434,870.021685,49.5556132
108,12,9950,137.2615075,0,0,680.2041206,903.3577889,43.42753769
108,13,14737,130.8125127,0,0,709.9429328,953.884237,63.00033928
108,14,9729,133.9880769,0,0,685.4999486,875.0279577,58.6954466
108,15,14598,127.6672832,0,0,786.5748733,933.7696945,66.71270037
108,16,10756,130.0038118,0,0,872.4246002,993.0248234,60.23735589
108,17,8832,130.7879303,0,0,915.8413723,1020.150589,51.86220562
108,18,11626,130.9322209,0,0,749.8198865,902.4928608,59.073198
108,19,14026,129.461714,0,0,789.1525738,954.2310709,58.91537145
108,20,10133,135.612257,0,0,678.6191651,882.1181289,49.02072437
108,21,10805,138.0701527,0,0,703.2789449,1027.009533,38.36270245
108,22,9461,134.8699926,0,0,711.5651622,939.284008,55.76915759
108,23,11912,129.3732371,0,0,793.7265782,867.8718099,57.32723304
108,24,15628,129.6476836,0,0,701.4486179,973.3773356,69.42910161
108,25,15745,132.4913941,0,0,827.7287393,1164.828326,40.4285805
108,26,10372,132.0538951,0,0,816.4032009,986.1604319,63.93839182
108,27,16406,132.7977569,0,0,916.0029258,964.0607095,46.55394368
108,29,13015,133.857088,0,0,824.0095275,955.4005378,44.22013062
108,30,13230,132.4496599,0,0,719.0106576,1132.245729,35.6457294
108,31,11977,138.5195792,0,0,884.6704517,1098.390331,43.66719546
108,32,14393,133.6072396,0,0,936.0603766,1069.295213,48.31320781
108,33,7494,141.5883373,0,0,610.463304,988.2526021,42.04136643
108,34,9528,136.111251,0,0,683.2243913,956.7131612,45.39546599
108,35,10525,131.911639,0,0,869.8217577,978.1426128,54.4095962
108,36,9039,137.4742781,0,0,868.162518,1005.146587,45.60371723
108,37,12304,134.845985,0,0,786.7486183,1092.807136,34.65214564
108,38,11111,133.0306903,0,0,786.8304383,980.4158942,46.96921969
108,39,12151,133.3449922,0,0,647.0348942,932.9915233,59.23545387
108,40,9795,137.4273609,0,0,767.703318,1019.810413,38.34874936
108,41,13680,138.0966374,0,0,705.329386,960.3795322,37.34480994
108,42,9617,137.6300302,0,0,736.565665,930.9951128,43.88489134
108,43,10800,131.9685185,0,0,626.0201852,1031.38713,68.11712963
108,44,8569,130.4531451,0,0,886.4400747,951.8982378,51.32139106
108,45,5289,137.0688221,0,0,925.0045377,1135.001324,57.72565702
108,46,8605,127.2079024,0,0,926.9229518,1052.311331,59.88436955
108,47,9355,137.4011758,0,0,810.8981293,1049.507108,41.31031534
108,48,11392,125.8015274,0,0,658.2662395,1233.402563,63.22787921
108,49,9972,130.984657,0,0,587.8484757,1161.708584,42.51634577
108,51,9363,124.8138417,0,0,820.1283777,1142.14333,71.00523337
108,52,12544,132.5952647,0,0,556.0204879,1021.071827,59.05102041
108,53,9500,133.2433684,0,0,570.5462105,1043.037263,42.33726316
108,54,8348,127.3198371,0,0,650.7375419,1222.807499,42.91758505
108,90,11513,138.305307,0,0,846.2528446,1026.29914,36.4231738
108,91,9371,145.3151211,0,0,865.1282681,1035.237541,41.0052289
108,92,4298,137.5469986,0,0,905.5704979,1131.71638,61.10423453
108,93,8118,135.5805617,0,0,664.4062577,1043.211013,34.8779256
108,94,7589,138.8503097,0,0,647.7831071,1056.482541,38.96429042
109,2,16743,139.2023532,0,0,808.9405125,906.3363794,42.40446754
109,3,9801,140.9232731,0,0,729.399347,988.5217835,42.90898888
109,4,11809,137.4754001,0,0,676.8960962,897.9285291,53.01397239
109,5,11527,146.8402013,0,0,633.5753448,938.1669992,51.06679969
109,6,9689,138.1441841,0,0,686.9064919,892.9907111,43.78119517
109,7,9005,136.2929484,0,0,690.0946141,874.9780122,49.07895614
109,8,10482,139.9245373,0,0,702.7029193,1020.028143,38.57031101
109,9,9775,133.5801535,0,0,694.0378517,868.1002558,58.97565217
109,10,15810,130.311828,0,0,872.6645161,897.1132195,52.60872865
109,11,12970,135.4925983,0,0,820.8050887,953.9224364,44.16484194
109,12,9842,123.3067466,0,0,785.8631376,1259.907031,51.56380817
109,13,11121,137.4121032,0,0,827.3467314,1166.386926,41.240446
109,14,14690,127.7633764,0,0,793.4747447,935.4219197,67.10987066
109,15,15041,130.5054185,0,0,714.4003723,946.7409082,63.45628615
109,16,11268,126.600639,0,0,867.9176429,943.6551296,61.73624423
109,17,10977,130.734718,0,0,878.9066229,997.2371322,60.39692083
109,18,11791,131.249682,0,0,756.4002205,898.7370876,59.74684081
109,19,9736,133.1744043,0,0,788.2456861,867.8205629,49.61668036
109,20,12084,128.9474512,0,0,800.6261172,867.5786991,57.47111883
109,21,7882,141.6160873,0,0,611.7608475,977.2522202,42.1497082
109,22,14401,129.7315464,0,0,709.146587,967.5029512,69.74279564
109,23,10326,131.8927949,0,0,823.917393,936.9205888,53.4569049
109,24,9851,135.2754035,0,0,683.6398335,948.2963151,45.56583088
109,25,11629,134.6559463,0,0,716.0485854,1129.639522,35.71132514
109,26,9053,138.236938,0,0,871.8575058,1007.630951,45.95879819
109,27,11981,136.4771722,0,0,786.9010934,1091.143227,35.03480511
109,28,14405,133.7437001,0,0,934.0961472,1079.472405,48.7378688
109,29,9615,132.2540822,0,0,823.2918357,986.5033801,63.66385855
109,30,15483,132.9580185,0,0,918.3105987,970.2230834,46.78912355
109,31,9062,130.830501,0,0,917.0235047,1028.578239,52.36680644
109,32,9414,139.1868494,0,0,769.9952199,1017.887296,38.05884852
109,33,11862,140.0758725,0,0,881.4260664,1099.337548,43.83156297
109,34,13060,132.7587289,0,0,652.6996937,925.3496172,59.72411945
109,35,12030,130.6137988,0,0,790.4767249,951.165586,59.10798005
109,36,9332,135.6311616,0,0,715.1102658,932.7801114,56.4626018
109,37,9981,132.3100892,0,0,869.0776475,981.6276926,54.25298066
109,38,10126,133.7183488,0,0,791.5337744,977.4352163,46.92672329
109,40,11551,131.3656826,0,0,626.2875941,1021.183707,68.56609817
109,41,7843,155.9192911,0,0,758.8381997,919.227974,51.12864975
109,42,10601,138.6049429,0,0,738.0073578,927.2738421,43.87010659
109,43,10639,138.8833537,0,0,906.2246452,1133.738791,59.13845286
109,44,9920,137.1519153,0,0,810.0759073,1048.365927,41.69203629
109,45,7886,128.2022572,0,0,927.908699,1059.988968,59.94661425
109,46,12721,139.9772031,0,0,704.1809606,954.604355,37.6692084
109,47,8672,131.3401753,0,0,888.7568035,954.8420203,51.49227399
109,49,9885,126.1743045,0,0,652.8642387,1229.194537,63.58927668
109,50,10431,130.5024446,0,0,583.1476369,1155.577509,42.64135749
109,51,11994,132.628731,0,0,554.4749875,1015.11339,59.82958146
109,52,9706,124.3087781,0,0,823.2910571,1148.136204,70.61848341
109,95,8247,136.6570874,0,0,662.3874136,1034.72875,35.25281921
109,96,6423,140.6567025,0,0,646.8510042,1047.988635,39.33302195
109,97,10896,131.6450073,0,0,570.9602606,1031.050477,42.95236784
109,98,11075,139.3858239,0,0,847.3047404,1026.708894,36.51674944
109,99,9513,147.8890991,0,0,865.3635026,1035.296121,40.96793861
109,100,6604,127.2007874,0,0,647.8503937,1219.091157,43.22319806
110,1,16774,146.4161798,0,0,875.4539168,1047.854477,40.49069989
110,2,14470,129.7562543,0,0,797.1183829,952.6747063,59.4414651
110,3,14091,126.4578809,0,0,803.1555603,946.4646228,67.95202612
110,4,10236,138.420086,0,0,707.602286,1008.742966,38.55295037
110,5,14145,136.1884765,0,0,934.2869565,1105.262283,50.19314245
110,6,11171,127.2915585,0,0,870.7601826,961.2364157,62.66806911
110,7,9830,123.493998,0,0,791.3799593,1262.388301,52.6249237
110,8,11087,140.7273383,0,0,822.7897538,1175.634347,42.55253901
110,9,11456,131.663757,0,0,694.1707402,937.8562325,44.74965084
110,10,10490,154.3858913,0,0,832.6201144,916.7968541,43.357102
110,11,16163,131.7032729,0,0,885.0815443,908.8505847,53.78729196
110,12,12544,132.4829401,0,0,716.8977997,863.9377392,49.14070472
110,13,10602,140.144501,0,0,779.57093,1017.750519,37.67789096
110,14,9992,132.2373899,0,0,834.4700761,997.7891313,64.2158727
110,15,13193,129.3924051,0,0,657.1816115,913.6893807,60.3366937
110,16,9122,132.9448586,0,0,922.8973909,1047.011291,53.62058759
110,17,9976,140.0381917,0,0,736.8362069,982.1670008,42.69065758
110,18,10419,138.8745561,0,0,882.6594683,1161.232076,59.80055668
110,19,10081,142.6979466,0,0,645.1875806,923.4151374,50.97133221
110,20,8158,134.637166,0,0,622.0187546,949.6542045,42.14746261
110,21,11113,132.1361469,0,0,873.2964096,995.4836678,54.85485467
110,22,12982,136.8924665,0,0,839.5032352,978.6975813,44.80965953
110,23,10310,132.300291,0,0,884.1901067,1019.403589,61.17400582
110,24,10978,137.6957551,0,0,754.0016396,928.309346,43.19375114
110,25,8318,134.3493628,0,0,714.7603991,880.7795143,43.50817504
110,26,12288,132.7810872,0,0,716.9327799,1137.204834,34.76538086
110,27,13179,141.6840428,0,0,883.3642158,1116.100918,44.58479399
110,28,14189,127.3507647,0,0,702.5166678,959.8818099,69.98033688
110,29,9845,151.5093956,0,0,766.6344337,911.1757237,51.27018791
110,30,13948,128.0186407,0,0,723.5547032,941.6275452,63.99548322
110,31,9921,138.5216208,0,0,887.6925713,1027.161677,47.77623223
110,32,10801,139.6177206,0,0,814.9585224,1040.139894,42.73243218
110,33,8680,140.9105991,0,0,845.0074885,1038.492627,36.32903226
110,34,10120,129.6884387,0,0,711.8151186,863.2563241,59.39950593
110,35,11112,132.7536897,0,0,829.100522,943.2729482,54.48974082
110,36,9849,134.0828511,0,0,820.9543101,870.2018479,51.02040816
110,37,10957,131.9880442,0,0,694.1290499,884.8666606,53.29652277
110,39,13239,132.5291185,0,0,794.5767807,979.1833975,47.36422691
110,40,10997,131.0896608,0,0,725.2597981,924.5204147,57.15813404
110,41,10421,130.5091642,0,0,622.7267057,1011.199213,68.98311103
110,42,12196,129.2098229,0,0,816.5636274,872.8064939,58.45063955
110,43,11945,138.7204688,0,0,788.9538719,1097.871662,34.99079113
110,44,12424,138.8964102,0,0,727.515132,950.9878461,37.13425628
110,45,9981,129.7808837,0,0,769.8434025,895.6935177,60.70123234
110,46,9497,129.1105612,0,0,925.5644941,1077.740023,61.15320628
110,47,8615,133.1700522,0,0,902.01509,965.4616367,52.64852002
110,48,15691,135.9435982,0,0,925.2883819,983.6354598,47.26766936
110,50,9894,124.7685466,0,0,643.055286,1230.94714,63.14685668
110,51,12732,130.1094879,0,0,547.8434653,1012.368442,59.9031574
110,52,9332,128.6126232,0,0,579.4319546,1152.718174,42.34397771
110,53,10152,124.8647557,0,0,814.5137904,1147.30723,70.821316
110,101,10600,129.009717,0,0,566.6784906,1012.177358,42.96245283
110,102,6011,124.1137914,0,0,652.3107636,1227.570787,43.64664781
110,103,8099,131.0784047,0,0,670.33535,1026.823558,34.62452155
110,104,6148,134.7835068,0,0,653.482108,1045.734548,38.30156148
111,1,12500,133.16544,0,0,719.99128,855.88136,50.1916
111,2,14625,128.7024957,0,0,803.418735,951.8824615,59.54748718
111,3,12026,134.6339598,0,0,754.6808581,917.9841177,43.9817063
111,4,14429,138.9495461,0,0,873.5957447,1048.750364,41.21512232
111,5,15527,128.6616861,0,0,891.4499259,913.3346429,54.39840278
111,6,14709,132.1725474,0,0,928.09416,1113.861989,49.96899857
111,7,10651,137.4377054,0,0,780.4797672,1009.541358,37.94845554
111,8,12803,132.9019761,0,0,840.4837929,980.5943919,44.83628837
111,9,12673,132.6388385,0,0,706.2626055,1129.154738,34.92882506
111,10,10988,125.2946851,0,0,876.1177648,964.5384055,62.96168548
111,11,10346,138.6181133,0,0,708.8030157,998.0271603,38.90121786
111,12,13540,126.8799852,0,0,809.0986706,950.070901,68.77104874
111,13,10767,146.7303799,0,0,768.666388,908.1191604,51.86384322
111,14,10378,130.2607439,0,0,831.3340721,942.9632877,54.80400848
111,15,10180,129.4797642,0,0,885.1946955,1023.778978,61.18182711
111,16,12823,135.4065351,0,0,875.6939094,1122.060048,44.29345707
111,18,9081,129.7767867,0,0,920.0934919,1053.481114,53.25492787
111,19,14930,128.5508372,0,0,708.3529136,960.7721366,71.06141996
111,20,14760,128.9934282,0,0,732.6761518,936.4653794,65.15338753
111,21,11700,132.0348718,0,0,735.3176068,920.6452991,58.15726496
111,22,10215,133.8335781,0,0,887.60558,1032.135291,47.96935879
111,23,10272,130.9030374,0,0,715.2317952,858.6727025,60.52745327
111,24,14886,130.5967352,0,0,662.8970845,906.1164181,61.48213086
111,25,9834,122.2068334,0,0,783.5026439,1261.256762,52.8820419
111,26,10032,129.6656699,0,0,775.0576156,892.9058014,61.65709729
111,27,10996,135.7417243,0,0,843.9719898,1039.777646,36.68524918
111,28,12470,127.1851644,0,0,823.0242983,873.8290297,59.14883721
111,29,10777,129.2229749,0,0,871.1274009,996.6137144,55.23680059
111,30,10185,133.4842415,0,0,697.5710358,927.0136475,45.49347079
111,31,8332,138.6493039,0,0,621.0278445,936.1758281,43.01632261
111,32,10356,130.0726149,0,0,840.5476053,1003.275106,64.76149092
111,33,10118,138.2550899,0,0,740.3836727,977.4974303,42.91104961
111,34,8168,134.7219638,0,0,717.6403036,871.6510774,44.66527914
111,35,9531,130.9188962,0,0,830.5745462,869.5985731,51.76130521
111,36,8943,128.0715644,0,0,924.5726266,1090.294756,61.20116292
111,37,10676,134.3356126,0,0,815.999438,1037.471993,43.1477145
111,38,12891,137.032193,0,0,730.6237685,937.9823908,38.0298658
111,39,8786,129.4131573,0,0,903.7689506,969.0737537,53.56055088
111,40,14420,132.9434813,0,0,926.268724,987.2494452,47.55839112
111,41,12108,130.3216881,0,0,793.9354146,974.1712091,47.68838784
111,42,10894,130.9606205,0,0,624.450156,1004.615752,69.86304388
111,43,13049,133.7323933,0,0,782.4840218,1089.663039,35.23043911
111,44,10860,133.6031308,0,0,699.7472376,878.7635359,54.80837937
111,45,4594,150.9806269,0,0,648.0413583,943.9569003,47.70374401
111,46,9250,125.9435676,0,0,640.2471351,1229.342703,63.38032432
111,47,8865,130.8956571,0,0,570.9431472,1141.91348,42.60327129
111,48,9274,133.9730429,0,0,874.7253612,1161.416325,59.76504205
111,50,10763,145.0160736,0,0,840.7183871,915.6826164,44.62909969
111,51,12631,131.5470667,0,0,547.1292059,1003.347003,60.86430211
111,52,4296,138.4292365,0,0,815.2877095,1150.088454,39.06610801
111,53,9176,125.0331299,0,0,639.337075,1220.257629,43.92883609
111,105,8346,133.7313683,0,0,669.8459142,1011.964055,35.27785766
111,106,7511,138.5892691,0,0,650.3544135,1035.02756,38.42737319
111,107,9924,131.5313382,0,0,559.6512495,994.9843813,44.04796453
111,108,2379,165.370744,0,0,658.8297604,898.1471206,56.06263136
111,109,12402,124.6882761,0,0,806.6031285,1145.509111,70.86236091
111,110,2622,135.9260107,0,0,801.8581236,1205.992754,45.97826087
112,2,15272,128.7056705,0,0,672.6783002,897.462022,60.9924044
112,3,12881,135.79823,0,0,891.4426675,1053.700101,49.1185467
112,4,14324,144.6817928,0,0,881.5319045,1064.396817,42.57798101
112,5,11380,137.2043058,0,0,848.5986819,990.2962214,45.16203866
112,6,11617,131.3901179,0,0,884.4607041,1017.867952,62.62219162
112,7,14875,133.4578824,0,0,925.4474622,1139.35805,51.64208403
112,9,11335,126.9121306,0,0,867.7379797,962.2035289,63.86643141
112,10,10018,131.2558395,0,0,730.5536035,855.5969255,60.47015372
112,11,16118,130.1644125,0,0,802.5854324,953.8021467,59.28824916
112,12,16420,131.376553,0,0,905.1030451,931.6821559,55.50493301
112,13,10706,137.9033252,0,0,774.0991967,914.0518401,44.83915561
112,14,10044,140.4889486,0,0,785.998407,998.9091995,38.56949423
112,15,9165,132.9171849,0,0,923.9965085,1068.817239,54.07790507
112,16,11829,139.1962972,0,0,714.2870065,991.2149801,38.81122665
112,17,9899,135.0491969,0,0,652.4209516,1039.009597,36.76613799
112,18,11695,122.5959812,0,0,767.7012398,1272.175032,54.5006413
112,19,15185,128.3094501,0,0,733.9446823,932.7697728,65.40197563
112,20,9426,134.89094,0,0,854.2045406,885.5187778,53.03288776
112,21,10355,133.614872,0,0,833.0175761,949.3505553,54.63466924
112,22,14349,127.3510349,0,0,703.1905359,959.1677469,71.3400237
112,23,10987,133.6279239,0,0,795.8677528,969.3254756,48.36215527
112,24,11214,137.7996255,0,0,818.8847869,1028.343143,44.0031211
112,25,9953,134.9709635,0,0,703.739576,914.5466693,46.28996283
112,26,12284,140.0825464,0,0,857.9654021,1045.178444,37.6905731
112,27,14156,139.4138881,0,0,870.9272393,1149.514835,44.82184233
112,28,11379,132.4144477,0,0,837.7117497,1005.977854,66.60101942
112,29,8951,159.1082561,0,0,859.6402637,926.6538934,46.26019439
112,30,13611,138.7222834,0,0,748.1728014,934.9402689,38.21152009
112,31,13127,137.1504533,0,0,783.3895787,1069.604098,34.78220462
112,32,15161,127.3571664,0,0,806.608601,954.0584394,69.65312314
112,33,8490,136.344523,0,0,891.1599529,1123.862309,64.75971731
112,34,9653,140.8734072,0,0,745.8262716,971.3715943,43.06319279
112,35,8364,140.2089909,0,0,740.038857,941.7336203,50.45217599
112,36,10499,133.311363,0,0,679.2374512,1003.890752,35.1898276
112,37,16056,134.26856,0,0,931.0980942,1006.842613,47.98150224
112,38,13976,134.3158271,0,0,710.3878077,1130.158343,34.40819977
112,39,7944,136.2331319,0,0,827.5427996,1127.552492,37.66918429
112,40,10319,133.3656362,0,0,736.5733114,919.8580289,57.11454598
112,41,8928,132.1078629,0,0,910.9815188,988.9282034,54.23107079
112,42,12986,128.5823964,0,0,835.2665948,883.5752349,59.98552287
112,44,11020,132.0445554,0,0,869.4400181,1004.674773,56.00508167
112,45,11113,128.9683254,0,0,617.1547737,986.4818681,69.37316656
112,46,10637,124.4651688,0,0,817.0856444,1158.068346,71.41590674
112,47,9735,131.05547,0,0,778.6079096,894.45434,60.9220339
112,48,5865,129.7815857,0,0,823.8150043,1233.704177,60.63904518
112,49,11642,129.412558,0,0,545.2817385,996.8889366,60.6234324
112,50,9334,135.5617099,0,0,715.0929934,880.478573,54.36018856
112,51,7132,128.6484857,0,0,804.5764162,1242.030146,47.39554122
112,52,8461,129.693535,0,0,930.1073159,1081.246188,62.01430091
112,53,6903,142.0779371,0,0,807.9760973,871.5410691,53.91076344
112,54,8805,125.5929585,0,0,636.4172629,1223.430551,43.98035207
112,55,7286,134.8572605,0,0,668.5765852,883.1712874,55.77312654
112,111,8661,128.7368664,0,0,560.1252742,988.5894239,44.23207482
112,112,7103,128.087991,0,0,569.3767422,1150.089962,43.29874701
112,113,8225,137.3578116,0,0,735.944924,862.5685106,45.53519757
112,114,7001,136.4893587,0,0,751.8525925,852.2563919,50.230967
112,115,4286,140.4440037,0,0,651.7545497,925.5786281,45.7965469
112,116,6462,136.4069947,0,0,634.8540699,933.9322191,41.24698236
112,117,8158,123.6223339,0,0,621.845673,1218.111424,63.64672714
113,1,14121,138.1510516,0,0,877.0837759,1064.769846,42.67219035
113,3,11612,133.7713572,0,0,776.3483465,914.0623493,44.7577506
113,5,15748,128.1003937,0,0,804.0913767,953.242634,58.5997587
113,6,16071,129.1696845,0,0,907.5671085,934.2808786,55.65577749
113,7,11895,131.1214796,0,0,738.9528373,917.3436738,56.63345944
113,8,10201,137.0778355,0,0,743.890795,969.3123223,43.30202921
113,9,12564,136.042582,0,0,709.7720471,989.8832378,38.97747533
113,10,10965,128.2925673,0,0,885.3744642,1017.062198,63.1626083
113,11,10254,136.5933294,0,0,783.5053638,997.2431246,38.74673298
113,12,8761,131.3982422,0,0,923.8412282,1071.041776,53.99121105
113,13,14399,128.1687617,0,0,736.6859504,926.6649767,65.64810056
113,14,13835,131.8846404,0,0,704.6930249,1128.122588,34.70010842
113,15,10968,130.8450948,0,0,795.0522429,968.4672684,48.13092633
113,16,15196,129.9007634,0,0,675.1199658,891.6058831,61.24657805
113,17,10550,132.7462559,0,0,888.3622749,1053.937536,49.22909953
113,18,14702,131.9953748,0,0,922.6003265,1143.494559,51.37532309
113,19,10307,130.1790046,0,0,732.6733288,853.7002037,60.56602309
113,20,9690,131.1962848,0,0,854.4379773,886.0435501,52.70577915
113,21,9433,131.4012509,0,0,835.8637761,951.3866214,54.31379201
113,22,11857,131.9975542,0,0,851.0411571,994.4440415,45.25056928
113,23,13860,135.3007215,0,0,748.7766955,932.7326118,38.4507215
113,24,13454,134.2625985,0,0,866.6284376,1145.313959,44.57633418
113,25,11347,124.9096678,0,0,869.032784,959.3162069,64.02749625
113,26,11199,134.0424145,0,0,814.5903206,1027.654076,44.09081168
113,27,14898,128.7212378,0,0,703.7903745,952.938381,71.47133843
113,28,10921,132.0434942,0,0,673.7879315,1004.24256,35.60525593
113,29,8304,135.1677505,0,0,645.6831647,1042.067678,37.24686898
113,30,15137,133.6593777,0,0,930.5228249,1012.66757,47.94602629
113,31,10418,133.1081782,0,0,718.4151469,873.8345172,54.28057209
113,32,12419,133.8747886,0,0,776.1411547,1069.061921,34.61542797
113,33,13700,134.6082482,0,0,853.4757664,1051.73438,37.6289781
113,34,13300,126.596015,0,0,804.0057895,948.9921053,69.89781955
113,35,8380,132.6905728,0,0,888.2877088,1112.117064,66.36336516
113,36,9112,122.0667252,0,0,755.1461809,1273.449407,55.39025461
113,37,7442,137.4604945,0,0,741.9825316,935.9400699,49.91010481
113,38,10279,133.6229205,0,0,703.8080553,911.1306547,46.27629147
113,39,6520,125.8369632,0,0,826.0814417,1238.426227,61.1053681
113,40,8909,131.3939836,0,0,814.9390504,1122.867325,37.28622741
113,41,9720,128.8643004,0,0,779.9369342,892.3248971,60.57397119
113,42,11049,129.2989411,0,0,838.587293,1003.201919,67.29794552
113,43,8576,127.8774487,0,0,931.2190998,1080.232043,62.28626399
113,44,12201,126.5637243,0,0,836.591345,882.8499303,59.98303418
113,45,11798,130.6868961,0,0,617.7892016,979.420495,69.75394135
113,46,11726,128.8887089,0,0,870.0798226,1004.49079,56.44942862
113,47,7618,135.2483591,0,0,809.7295878,875.7066159,54.37988973
113,48,8647,150.0680005,0,0,862.6827802,929.9396322,46.00855788
113,49,7281,126.5088587,0,0,797.4238429,1241.155885,46.60884494
113,50,8972,129.9850646,0,0,916.4275524,991.4808292,54.35599643
113,51,9477,124.2837396,0,0,808.7258626,1160.818613,71.78875171
113,52,8028,136.0412307,0,0,666.574863,883.7656951,55.38029397
113,53,10499,124.8006477,0,0,607.9140871,1214.919421,63.29183732
113,54,12974,130.2433328,0,0,542.1135348,995.1727301,60.9783413
113,55,9132,126.5406264,0,0,624.9892685,1216.754709,44.12757337
113,118,6465,138.1109049,0,0,631.8812065,933.3221964,41.59938128
113,119,10921,130.0913836,0,0,562.9571468,980.8377438,44.46378537
113,120,7606,131.8689193,0,0,561.4408362,1141.735735,43.59176966
113,121,6784,137.3922465,0,0,650.0588149,916.9889446,46.29274764
113,122,7003,135.2985863,0,0,744.1235185,860.4697987,45.84535199
113,123,5110,135.3714286,0,0,751.3547945,851.9062622,50.10469667
114,1,12017,125.4872264,0,0,872.5660315,949.5715237,63.58583673
114,2,14831,136.4578923,0,0,872.1318185,1077.221158,43.17058863
114,3,14123,128.8766551,0,0,810.3781066,953.1004744,58.23302415
114,4,12330,133.6719384,0,0,753.0221411,856.8876723,49.23730738
114,5,9692,136.2810565,0,0,633.8015889,933.4047668,41.80808915
114,6,10777,128.7377749,0,0,890.6107451,1007.917695,63.15291825
114,7,14497,135.7480168,0,0,707.443609,995.3317238,38.36973167
114,8,8743,135.5829807,0,0,642.2547181,909.1531511,46.95722292
114,9,13307,133.9113249,0,0,772.8211468,928.204554,43.01750958
114,10,10427,133.9184809,0,0,709.4590007,874.8960391,53.15210511
114,11,9908,137.4360113,0,0,746.2676625,979.3456803,42.93439645
114,12,10576,135.2638048,0,0,785.3822806,1005.890885,38.30701589
114,13,14442,129.656765,0,0,926.5672345,1149.395167,53.10677192
114,14,14079,131.0008523,0,0,677.0567512,885.8191633,60.35023794
114,15,15250,128.3101639,0,0,744.2177705,915.3305574,64.92622951
114,16,13702,134.0237192,0,0,870.1250182,1153.429353,44.98708218
114,17,12695,133.2287515,0,0,774.5584088,1071.433635,34.46908232
114,18,15087,129.889375,0,0,909.5509379,933.2066017,53.68104991
114,19,15308,129.0487327,0,0,706.9460413,938.4871962,71.19466945
114,20,5557,147.0968148,0,0,902.8815908,985.788555,45.18733129
114,21,9797,133.971726,0,0,803.8699602,887.6118199,54.57731959
114,22,11554,130.8914662,0,0,845.7033062,954.2437251,53.43733772
114,23,11293,131.1693084,0,0,797.4127336,974.9970778,47.79739662
114,24,8940,128.6446309,0,0,927.9362416,1077.365101,54.71375839
114,25,11147,136.0314883,0,0,816.4622768,1036.616937,43.68341258
114,26,9534,122.9222782,0,0,719.8677365,1281.14978,57.13782253
114,27,13735,134.7483072,0,0,861.1466327,1063.101274,37.79716054
114,28,8630,136.705562,0,0,652.204635,882.2536501,53.83904983
114,29,12440,131.7780547,0,0,744.3050643,917.235209,55.2227492
114,30,11444,129.8545089,0,0,787.678871,890.6412967,59.99405802
114,31,13317,124.4130059,0,0,788.2181422,1141.676354,74.33783885
114,32,15107,126.9298339,0,0,809.2027537,934.4756073,69.17349573
114,33,8387,125.6397997,0,0,824.3999046,1241.16919,63.44092047
114,34,14572,132.5861241,0,0,932.6875515,1027.450796,48.21856986
114,36,10355,133.5796234,0,0,701.2346692,920.6900048,45.04683728
114,37,11414,130.636499,0,0,841.6858244,994.5273349,67.82731733
114,38,8457,134.3898546,0,0,642.0870285,1046.686295,37.18741871
114,39,10209,131.624547,0,0,731.977079,851.5984915,59.82182388
114,40,9504,127.1729798,0,0,930.7630471,1076.076284,63.07281145
114,41,12344,127.2702528,0,0,844.6498704,882.3794556,58.88950097
114,42,9821,128.9344262,0,0,919.9973526,996.4874249,53.64779554
114,43,12900,133.8112403,0,0,694.1251163,1130.276124,34.34015504
114,44,11513,131.2837662,0,0,613.7986624,958.6258143,68.98671067
114,45,11693,132.7427521,0,0,893.3612418,1062.685282,50.01103224
114,46,7980,133.491604,0,0,730.676817,872.0358396,44.59786967
114,47,12167,136.2752527,0,0,759.0526835,943.1293663,37.63351689
114,48,10879,134.5700892,0,0,751.3028771,931.5053773,49.42117842
114,49,12055,128.4144338,0,0,534.6581501,998.8537536,59.92509332
114,50,9594,130.0111528,0,0,815.4349593,1131.401814,37.09547634
114,51,11589,129.4574165,0,0,877.5168694,1000.57149,56.52204677
114,52,9829,131.2234205,0,0,676.8605148,1009.802116,35.06216299
114,54,9536,131.6837248,0,0,852.0062919,885.9548029,51.63338926
114,55,5044,145.535686,0,0,817.1841792,904.6363997,47.37410785
114,56,11422,126.8010856,0,0,593.9857293,1200.234022,64.90850989
114,57,7655,129.8992815,0,0,879.8879164,1080.074069,69.02782495
114,58,9484,129.4290384,0,0,603.5698018,1211.85407,44.79291438
114,59,9374,131.1848731,0,0,556.2080222,1131.296992,43.20108812
114,124,11242,130.8198719,0,0,567.6612702,975.6414339,44.00649351
114,125,5263,126.033441,0,0,809.7934638,1237.220787,45.55272658
114,126,13820,132.5586831,0,0,844.8997106,996.2974674,44.88400868
115,1,14780,137.0535183,0,0,869.894452,1061.514073,38.82510149
115,3,9161,126.9559,0,0,820.8687916,1243.819125,59.33238729
115,4,14064,139.8761377,0,0,786.0376849,1087.951721,37.95385381
115,5,14297,128.2625726,0,0,828.9154368,904.9718822,61.20843534
115,7,10275,133.8947932,0,0,712.0290998,855.5125061,45.21518248
115,8,9135,132.143295,0,0,647.2235359,867.483306,52.41762452
115,9,10340,123.6656673,0,0,682.1618956,1255.662089,60.0188588
115,10,12497,135.2378971,0,0,706.5841402,997.7637833,37.86156678
115,11,8893,133.6141909,0,0,606.1058136,892.2169122,47.91431463
115,12,13770,131.1975309,0,0,840.2454611,959.2846042,52.6231663
115,13,12402,129.5081438,0,0,914.0233027,969.118368,53.98040639
115,14,5926,152.5447182,0,0,840.2910901,1002.966925,36.99527506
115,15,11318,137.2366142,0,0,734.6084114,919.2299876,42.30305708
115,16,10954,136.50566,0,0,703.1257988,964.6915282,43.41774694
115,17,11712,132.2820184,0,0,684.1571038,897.2429133,46.8471653
115,18,10079,135.9623971,0,0,919.5086814,1027.96706,53.37672388
115,19,13034,131.9344023,0,0,770.0773362,973.0549333,44.68451742
115,20,16476,135.4325686,0,0,896.6088857,959.2545521,43.65853362
115,21,11092,136.0118103,0,0,838.2626217,964.1686801,46.74468085
115,22,14624,134.2758479,0,0,753.4978802,1073.969024,33.79362691
115,23,12191,132.9861373,0,0,775.3779017,907.4778115,53.2183578
115,24,9283,131.7272433,0,0,571.6484973,1003.437466,44.64655822
115,25,14373,129.4678216,0,0,865.6085716,1176.042302,44.73311069
115,26,9389,135.1108744,0,0,761.5706678,842.1026733,48.51262115
115,27,10009,137.5028474,0,0,753.6561095,1031.851234,40.54540913
115,28,12634,131.1724711,0,0,839.3722495,891.5713155,55.05817635
115,29,11340,132.8847443,0,0,910.1758377,1008.01067,59.8968254
115,30,13677,129.8585216,0,0,879.4350369,894.3818089,50.96907216
115,31,10758,131.0452686,0,0,796.6544897,839.9703476,57.93762781
115,32,10843,134.7944296,0,0,739.5487411,855.6430877,53.80097759
115,33,12343,129.8036944,0,0,662.9075589,1057.154582,35.45596694
115,34,9663,134.7918866,0,0,934.5287178,1104.217427,51.91100072
115,35,11237,133.9705437,0,0,650.3707395,968.1527098,41.98255762
115,36,9264,128.3768351,0,0,543.3597798,1160.656736,54.85308722
115,37,10977,133.7000091,0,0,929.4475722,1101.4913,59.47207798
115,38,11353,134.9844094,0,0,752.5281423,921.2487448,48.07442967
115,39,14133,129.589613,0,0,752.4350103,863.2821765,60.84589259
115,40,14241,133.6569763,0,0,778.9182642,1163.650095,40.35868268
115,41,9223,133.0533449,0,0,512.5621815,1069.704001,55.2773501
115,42,11226,135.2051488,0,0,839.68279,1078.453144,42.7151256
115,43,11609,128.3359462,0,0,728.1280903,921.1904557,72.36824877
115,44,12481,135.3667975,0,0,686.9371044,931.1567182,38.33018188
115,45,6103,147.5977388,0,0,792.0612813,903.0983123,42.52924791
115,46,9222,133.4374322,0,0,888.7722837,1103.414769,45.32465843
115,47,13101,128.8558125,0,0,900.6228532,939.8808488,61.89138234
115,48,9010,132.4345172,0,0,693.0419534,846.5348502,57.22253052
115,49,8852,130.2275192,0,0,696.3578852,1127.546656,36.06021238
115,50,10990,129.1255687,0,0,556.4867152,914.3727025,53.99981802
115,51,15203,126.8162863,0,0,822.0612379,917.1084654,68.80313096
115,52,12284,135.5275969,0,0,793.0469717,991.7450342,40.62658743
115,53,9419,123.5297802,0,0,713.6284107,1236.088969,45.5936936
115,55,10792,128.0608784,0,0,582.607209,1094.258988,40.52362861
115,56,10526,129.0493065,0,0,601.2452974,976.0361011,40.44784344
115,127,8477,135.3449333,0,0,893.7703197,1019.981007,43.89902088
115,128,7905,136.5147375,0,0,873.0441493,1020.560911,48.02125237
115,129,6925,138.8529964,0,0,843.252852,896.6696029,44.54714801
115,130,7589,140.7741468,0,0,824.3460271,890.1606272,49.07023323
115,131,10446,128.0055524,0,0,603.8723913,936.6007084,69.36990235
115,132,8579,127.1771768,0,0,631.9244667,1151.041147,71.88693321
115,133,11606,124.8393934,0,0,863.8456833,1139.842151,69.39884542
116,1,11271,130.3665158,0,0,843.8549375,1058.041168,42.51282051
116,3,11117,130.5021139,0,0,607.354772,861.4817847,59.07178196
116,4,9206,136.8761677,0,0,665.8464045,979.6759722,39.04649142
116,5,11770,132.5610025,0,0,798.7043331,857.2638063,46.50229397
116,6,10330,134.4493708,0,0,649.9282672,848.4898354,51.39225557
116,7,9275,134.9981671,0,0,566.7102965,939.6043127,51.09045822
116,8,14977,127.7659745,0,0,887.6612806,946.5579889,54.9512586
116,9,13433,133.0620115,0,0,707.3979751,1095.358222,37.25013028
116,10,9538,135.376494,0,0,771.0143636,1030.06364,33.302684
116,11,10861,134.9567259,0,0,901.8755179,1091.133045,45.8634564
116,12,10827,132.003325,0,0,713.0268773,838.8856562,53.94282811
116,13,9307,136.8663372,0,0,697.5892339,950.7092511,44.12592672
116,15,11049,130.924156,0,0,798.1577518,870.1026337,51.50366549
116,16,12448,129.2857487,0,0,913.9112307,1029.794826,46.39701157
116,17,13512,126.1842806,0,0,679.6705891,1166.518576,39.87381587
116,18,9273,130.8914052,0,0,778.4877602,839.0262051,56.93152162
116,19,8022,124.6606831,0,0,750.925455,1266.899651,56.80528546
116,20,9077,134.0591605,0,0,705.5531563,1028.666079,39.60284235
116,21,16742,130.3795843,0,0,797.0373313,1103.577828,34.63803608
116,22,13110,127.7324943,0,0,836.98955,880.253852,57.27322654
116,23,16338,131.8387195,0,0,858.241584,999.6142735,37.12822867
116,24,12437,128.2539198,0,0,941.8576023,1000.965104,54.69590737
116,25,13702,130.9448256,0,0,714.5392643,880.585535,47.37476281
116,26,8993,136.9957745,0,0,844.9790949,925.4067608,44.96486156
116,27,11510,130.8797567,0,0,826.6950478,997.4823632,42.35065161
116,28,9831,134.9829112,0,0,932.1362018,1072.974469,52.63045468
116,29,12130,135.5215993,0,0,641.8570486,932.104864,45.51426216
116,30,9225,133.5877507,0,0,835.1259621,930.9106775,39.17897019
116,31,10595,133.5016517,0,0,600.5924493,1017.428787,39.3422369
116,32,10541,132.5520349,0,0,812.4526136,931.3403852,49.0252348
116,33,11330,124.670609,0,0,767.1634598,1212.876876,41.51279788
116,34,8075,126.8916409,0,0,816.9924458,1148.336842,40.02786378
116,35,8483,132.7540964,0,0,738.9464812,850.321938,45.00306495
116,37,9265,129.0152186,0,0,914.5868322,1158.697787,51.54495413
116,38,10202,133.2161341,0,0,773.6142913,931.0366595,45.43707116
116,39,8598,132.7334264,0,0,534.219237,1026.343452,47.69888346
116,40,12584,131.5646058,0,0,526.2563573,1082.756198,63.10425938
116,41,7781,135.2850533,0,0,730.8446215,921.5143298,41.09818789
116,42,8833,132.4428846,0,0,771.2011774,1105.017661,39.17445941
116,43,13963,131.5503115,0,0,669.6977727,1072.794242,34.29377641
116,44,9291,129.7202669,0,0,604.5675385,1099.561834,39.06285653
116,45,11144,136.8959081,0,0,669.5751077,918.8195441,39.22837401
116,46,9304,129.8538263,0,0,874.6543422,877.4551806,53.67046432
116,47,8228,130.3604764,0,0,881.060282,1165.515314,44.79278075
116,48,10675,129.452459,0,0,853.7392974,996.7832319,47.32206089
116,49,11606,130.7838187,0,0,533.075392,980.7343615,63.22764088
116,50,13683,126.8079369,0,0,708.0081853,907.501279,72.73463422
116,51,9166,127.9049749,0,0,632.2495091,1221.190377,64.45145101
116,52,12629,127.8999921,0,0,675.0707895,1112.161137,75.9294481
116,53,8895,128.1487352,0,0,612.8688027,1209.646318,48.27813378
116,54,7492,139.0971703,0,0,779.6314736,920.9801121,38.22343833
116,55,11658,132.6438497,0,0,584.7913021,929.1489964,45.85323383
116,56,12748,126.1331189,0,0,909.7229369,956.531299,63.49176341
116,134,14516,132.0334114,0,0,760.4553596,1012.14639,37.46286856
116,135,9801,131.6942149,0,0,761.9028671,984.7010509,41.89388838
116,136,6594,131.5156203,0,0,839.5239612,1063.637398,37.60327571
116,137,9363,131.4084161,0,0,896.5344441,946.2632703,43.98590195
116,138,7247,132.4948254,0,0,883.1465434,932.9285221,49.52545881
116,139,7566,123.0218081,0,0,875.5637061,1186.388977,63.94475284
116,140,9591,126.7185903,0,0,840.8846836,929.5166302,69.86633302
117,2,13350,132.6125094,0,0,748.1337079,982.5358052,42.2541573
117,3,13254,133.8291082,0,0,827.6534631,950.6592727,47.46001207
117,4,10684,133.5938787,0,0,700.4014414,825.1756833,54.13038188
117,5,11710,131.2860803,0,0,773.0982067,834.1431255,54.78889838
117,6,12272,137.7578227,0,0,719.5642112,1023.549544,34.37597784
117,7,12831,134.9812953,0,0,660.4201543,895.2596836,48.67391474
117,8,11560,134.7788062,0,0,825.3064879,871.4616782,45.20025952
117,9,10783,137.8584809,0,0,824.044329,946.1225077,37.90642678
117,10,10152,131.6058905,0,0,600.0511229,886.3153073,56.50236407
117,11,14593,131.2325087,0,0,715.6687453,1100.391969,38.16720345
117,12,10323,128.4678872,0,0,813.1312603,1189.180083,41.60641286
117,13,12996,128.530394,0,0,691.3068637,831.5432441,63.26523546
117,14,12345,135.3946537,0,0,940.2486837,1058.215472,49.56281896
117,15,12278,134.5179997,0,0,906.3681381,918.418635,51.15271217
117,16,11064,138.9415221,0,0,706.0237708,931.3012473,45.70643529
117,17,12865,134.5434901,0,0,761.1106879,850.5080451,45.49350952
117,18,12114,133.7714215,0,0,655.5096582,1071.395245,38.94196797
117,19,11081,130.0903348,0,0,608.6697049,879.4338056,50.21297717
117,20,11681,129.06044,0,0,943.606883,1010.544303,59.86987415
117,21,7676,144.7884315,0,0,848.4439812,949.7559927,42.47381449
117,22,10077,135.2678377,0,0,654.0786941,947.4021038,42.03661804
117,23,18504,134.758971,0,0,821.9459036,1018.513997,35.10776048
117,24,11713,131.3611372,0,0,744.2756766,875.1916674,48.69819858
117,25,12550,134.8231873,0,0,681.5566534,1005.030199,41.2859761
117,26,13508,131.5769174,0,0,891.1659757,1072.11297,42.41390287
117,27,11486,133.8367578,0,0,837.1830925,888.9615184,50.52141738
117,28,9995,126.1093547,0,0,859.3158579,1199.667734,48.11815908
117,29,9630,131.9396677,0,0,844.9524403,856.5421599,56.12917965
117,30,10254,135.4428516,0,0,858.6738834,1125.268481,42.23366491
117,31,7960,127.1310302,0,0,691.3183417,1261.526884,56.42437186
117,32,10121,132.2990811,0,0,537.358759,957.5713862,53.92797154
117,33,11501,140.6823754,0,0,906.9247022,1124.429006,48.12338058
117,34,10952,132.336103,0,0,584.5615413,960.7910884,44.10966034
117,36,10890,136.6734619,0,0,783.692011,932.7109275,45.00266299
117,37,14888,130.9565422,0,0,904.0315019,987.9465341,51.19317571
117,38,14344,127.9440184,0,0,614.4110429,1132.066439,42.41501673
117,39,9917,127.5616618,0,0,745.9107593,1153.106484,39.0957951
117,40,12722,136.5263323,0,0,676.8554473,886.9745323,42.25420531
117,41,10746,129.7194305,0,0,879.1628513,909.5331286,55.14014517
117,42,7450,143.2604027,0,0,773.2928859,921.6856376,37.94979866
117,43,9734,137.8961373,0,0,734.2213889,908.692932,42.04129854
117,44,12019,135.719361,0,0,801.1952741,1012.741409,40.48539812
117,45,7908,124.6646434,0,0,832.415655,1228.963581,62.13277693
117,46,15232,125.2049632,0,0,709.4155068,1107.272978,77.34460347
117,47,13332,128.9332433,0,0,619.6458146,1036.451545,37.26852685
117,48,10370,133.3540019,0,0,839.1611379,1019.758534,44.87357763
117,49,12405,131.0962515,0,0,734.4625554,1101.605885,33.38419992
117,50,10183,128.2218403,0,0,906.0384955,973.1662575,67.19807522
117,52,9960,134.6839357,0,0,726.8992972,996.2973896,37.79257028
117,53,13581,124.4842059,0,0,689.5195494,1206.182608,42.18901406
117,54,7748,130.4315953,0,0,562.283428,1043.624677,43.70779556
117,55,10965,128.2090287,0,0,587.6309166,926.4613771,68.73315093
117,56,12573,126.2714547,0,0,794.8452239,916.7710968,73.5849837
117,57,8473,125.6392069,0,0,555.9339077,1160.089697,51.86757937
117,141,9356,132.7102394,0,0,790.4137452,1069.105494,36.09672937
117,142,10445,135.3421733,0,0,889.9931067,985.9280996,40.53212063
117,143,7685,137.5670787,0,0,893.1502928,967.7816526,45.97800911
117,144,11867,131.159518,0,0,548.7058229,1021.292913,68.4867279
117,145,8562,126.0836253,0,0,612.422448,1188.464261,66.79595889
117,278,9992,135.1106886,0,0,809.041233,1076.192954,40.59967974
118,1,14775,129.671269,0,0,738.5653469,975.4287648,41.89881557
118,2,11535,130.8131773,0,0,684.6725618,825.500997,55.28478544
118,4,10984,134.3422251,0,0,589.798252,892.4981792,58.74726875
118,5,14933,130.6728722,0,0,829.8039912,873.9558696,49.42978638
118,6,12443,130.3121434,0,0,906.8981757,915.0723298,51.26987061
118,7,17872,127.6741831,0,0,723.115432,1099.838686,34.03234109
118,8,10873,132.762807,0,0,703.8601122,1025.3402,34.0509519
118,10,10946,132.0405628,0,0,773.5298739,921.3668007,44.92600037
118,11,11146,133.9234703,0,0,531.5196483,959.7421497,55.9244572
118,12,12807,131.222925,0,0,817.9314437,939.639494,47.33809635
118,13,10523,129.3073268,0,0,765.9369952,825.8162121,55.69533403
118,14,9534,135.4338158,0,0,645.1940424,940.2409272,42.62502622
118,16,11297,136.0430203,0,0,697.7795875,924.2511286,46.03390281
118,17,9056,125.8511484,0,0,681.8584364,1264.86981,56.36329505
118,18,10037,132.5393046,0,0,859.3515991,1119.87287,41.10969413
118,19,13015,132.6642336,0,0,646.5083365,1068.99854,38.95751056
118,20,12834,134.5303101,0,0,655.5758922,889.9954028,49.92278323
118,21,12050,132.2516183,0,0,818.6238174,941.799751,38.14257261
118,22,11372,134.7254661,0,0,573.5272599,956.8542033,45.42261695
118,23,13507,128.7231806,0,0,888.7291775,1069.816243,41.75264678
118,24,13264,129.785962,0,0,880.3547949,980.8296894,40.09401387
118,25,11612,131.90062,0,0,596.8374957,881.1029108,51.84438512
118,26,10196,128.5787564,0,0,847.2708905,851.8528835,56.58464104
118,27,12066,134.0597547,0,0,911.6403116,1128.094646,47.47331344
118,28,11867,131.8252296,0,0,795.9753097,1001.793714,39.65585236
118,29,12301,132.1269815,0,0,942.9211446,1051.786521,48.81952687
118,30,13378,130.8588728,0,0,609.363881,1036.922858,37.87927941
118,31,13044,128.0947562,0,0,692.8762649,836.5223091,65.48934376
118,32,14816,128.7635664,0,0,609.2327889,1136.212473,42.19607181
118,33,8113,135.8241095,0,0,763.3723653,916.6742265,37.6996179
118,34,16294,123.9299129,0,0,717.0886216,1124.100651,77.48600712
118,35,10601,126.373361,0,0,951.6417319,1007.726158,59.6011697
118,36,10696,125.3768699,0,0,812.3242334,1184.186892,40.6683807
118,37,8590,126.4057043,0,0,742.845518,1146.910594,38.40547148
118,38,9998,133.9564913,0,0,726.1164233,904.7296459,42.38067614
118,39,11868,129.299208,0,0,836.2156218,1014.967981,43.93773172
118,40,15941,130.3106455,0,0,817.1271564,1016.807603,34.55912427
118,41,9967,126.7378349,0,0,881.7259958,902.9777265,55.21069529
118,42,9420,123.9889597,0,0,858.6762208,1203.846072,47.33259023
118,43,8416,123.2312262,0,0,830.8094106,1234.27626,62.68096483
118,44,8283,127.1151757,0,0,553.750332,1167.584571,52.51720391
118,45,7319,131.6805575,0,0,814.0557453,867.448012,44.22803662
118,46,8331,131.5292282,0,0,553.6365382,1048.297923,44.203577
118,48,10205,132.9982362,0,0,670.5905928,999.0741793,41.50377266
118,49,9772,129.3392345,0,0,705.7895006,1094.212648,38.93808842
118,50,12054,125.6533931,0,0,792.1437697,938.1267629,75.68790443
118,51,10531,127.0879309,0,0,613.1133795,1200.130092,66.57677334
118,52,9995,130.6883442,0,0,719.0629315,1001.47974,38.28834417
118,53,11990,134.2297748,0,0,668.4757298,888.7988324,42.10350292
118,54,11553,129.8904181,0,0,588.2755129,939.7364321,70.88037739
118,146,7130,129.5726508,0,0,780.1173913,1061.075877,35.94460028
118,147,9610,131.0122789,0,0,807.2782518,1069.505827,40.01550468
118,148,9633,124.2801827,0,0,689.2080349,1204.19236,41.0433925
118,149,6775,137.6371956,0,0,839.3486347,945.2856089,42.38804428
118,150,8201,132.2596025,0,0,887.0499939,960.1732716,45.70284112
118,151,9354,129.709536,0,0,908.3840068,979.6221937,49.87374385
118,152,10018,133.6273707,0,0,556.1996406,1040.269715,70.25164704
118,153,8950,127.0675978,0,0,909.1335196,986.9169832,68.89452514
118,154,6360,133.1179245,0,0,758.7378931,838.6418239,45.97704403
118,155,11581,131.6254209,0,0,738.2805457,862.4689578,48.99939556
119,1,10494,135.0005718,0,0,590.8663046,890.9964742,58.97169811
119,2,11151,131.3103758,0,0,687.2774639,826.7233432,55.08088961
119,4,12737,129.8001099,0,0,740.5952736,976.8026223,42.206171
119,5,14179,130.3081317,0,0,797.4938994,1076.469215,39.36180267
119,8,10745,129.1781294,0,0,767.5985109,827.99302,55.6748255
119,9,14897,130.884809,0,0,833.6768477,878.933208,49.34926495
119,10,12373,133.9148953,0,0,644.7550311,1070.807565,38.83504405
119,11,11520,134.3753472,0,0,699.9325521,1031.240365,33.99913194
119,12,10080,132.8204365,0,0,859.6634921,1126.673214,40.85109127
119,13,13760,134.2421512,0,0,658.5880087,889.8913517,49.68459302
119,14,8521,123.6387748,0,0,822.7886398,1242.264171,62.68161014
119,15,12734,133.7922884,0,0,817.4231977,949.2363751,38.08418407
119,16,12131,127.5602176,0,0,686.6360564,842.4278295,66.12340285
119,17,12014,134.7368903,0,0,572.8108873,954.4572166,45.68120526
119,18,10496,136.173971,0,0,697.9059642,926.2724848,46.02934451
119,19,9996,136.5113045,0,0,646.6770708,939.8959584,42.80582233
119,20,13074,128.9063026,0,0,886.8036561,1078.355821,41.48462598
119,21,17362,128.9265638,0,0,720.1340283,1107.29242,34.11795876
119,22,12756,129.9600188,0,0,882.4284258,990.9346974,39.98910317
119,23,10338,133.1384214,0,0,772.9669182,923.5414007,44.85325982
119,24,11093,134.034977,0,0,530.9267105,958.3698729,56.28206977
119,25,8483,125.9898621,0,0,678.4865024,1267.869386,56.34339267
119,26,11801,133.2829421,0,0,910.2681976,1138.013389,47.49843234
119,27,7903,132.2285208,0,0,818.1093256,873.6030621,44.04669113
119,28,10551,125.0823619,0,0,742.4697185,1153.248507,38.60695669
119,30,11318,132.1509984,0,0,598.2747835,881.3318608,51.9168581
119,31,9995,128.8332166,0,0,850.2644322,854.3911956,56.40770385
119,32,8579,136.1227416,0,0,760.3792983,923.3023662,37.30189999
119,33,12746,129.6566766,0,0,832.541974,1019.501569,43.48423035
119,34,9877,130.8942999,0,0,702.1449833,1095.842665,39.02865242
119,35,13087,132.5871476,0,0,942.202491,1060.872622,48.46053335
119,36,11794,131.4175004,0,0,815.8979142,941.2023063,47.21375276
119,37,11115,127.3067027,0,0,952.1607737,1017.31381,60.29689609
119,38,10487,134.1066082,0,0,728.0115381,907.7485458,42.1929055
119,39,8261,136.811524,0,0,841.649074,949.0680305,42.71141508
119,40,15846,129.9966553,0,0,607.7006816,1133.622302,42.21772056
119,41,12800,131.88125,0,0,606.6053125,1037.007266,38.049375
119,42,15064,123.5487918,0,0,714.386418,1126.434944,77.58450611
119,43,8573,128.2560364,0,0,768.7573778,1066.036627,35.63793305
119,44,11030,134.05068,0,0,667.8165911,1001.287307,41.40253853
119,45,8377,124.4363137,0,0,848.7023994,1213.321356,47.47964665
119,46,9780,126.1647239,0,0,808.0637014,1187.91953,40.58302658
119,47,12296,124.5917372,0,0,800.2722837,937.0799447,75.38671113
119,48,13531,131.6380164,0,0,719.3543714,997.9005247,37.88204863
119,50,8558,126.7100958,0,0,547.5827296,1165.053634,52.37754148
119,51,12000,129.7585,0,0,591.5858333,938.8934167,71.24433333
119,52,11870,135.4559393,0,0,669.510952,890.4612468,41.97910699
119,53,8033,131.7072078,0,0,551.1421636,1043.142413,44.42424997
119,54,10003,126.2137359,0,0,603.1131661,1196.608218,66.88203539
119,156,17774,131.1613593,0,0,818.3304265,1023.881344,34.39524024
119,157,7531,134.7692206,0,0,796.9900412,1006.031868,39.38414553
119,158,10401,124.3734256,0,0,684.7242573,1207.68628,41.03980387
119,159,8207,132.4698428,0,0,764.4748386,842.4554648,45.77884733
119,160,10267,131.658128,0,0,742.1821369,864.8050063,48.88643226
119,161,7008,132.732734,0,0,914.2236016,922.3085046,49.87200342
119,162,9170,128.6345692,0,0,888.4049073,912.9526718,53.94929117
119,163,8000,132.671875,0,0,882.391,963.627625,45.17825
119,164,12086,129.8764686,0,0,905.1210491,983.4500248,49.31987423
119,165,12637,132.1256627,0,0,551.7371212,1041.720345,70.56120915
119,166,8750,126.9237714,0,0,910.0426286,994.2365714,69.00022857
120,3,10608,129.6563914,0,0,680.4841629,825.8274887,55.2293552
120,5,9871,132.77054,0,0,581.9520819,893.6958768,60.44291359
120,6,14519,132.4678697,0,0,824.2084166,875.6672636,48.92630346
120,7,11464,136.3476971,0,0,808.8991626,947.7672715,37.33487439
120,8,9076,134.6107316,0,0,810.0211547,874.2960555,43.48677832
120,9,10926,129.6157789,0,0,759.52581,825.3934651,55.26816767
120,10,12321,129.6473501,0,0,642.5614804,1075.882883,38.98263128
120,11,12988,131.1389744,0,0,883.1745457,1071.192331,41.39667385
120,12,12060,131.342869,0,0,735.7733831,969.7676617,42.31484245
120,13,13809,131.3070461,0,0,651.9874719,888.0574987,49.68991238
120,14,10959,134.2256593,0,0,693.0929829,922.1052103,45.65480427
120,15,10737,135.6066872,0,0,770.5391636,922.2157027,44.33389215
120,17,16670,128.7296341,0,0,720.269826,1113.422975,34.00533893
120,18,9889,136.4432197,0,0,856.2037618,1125.664678,40.25594094
120,19,10959,131.5423853,0,0,523.4709371,965.5392828,57.38324665
120,20,8540,124.6803279,0,0,679.7282201,1272.263817,56.31580796
120,21,10395,130.8263588,0,0,690.757672,1034.45974,33.58556999
120,22,11785,126.2346203,0,0,741.5813322,1152.569368,38.4479423
120,23,11562,126.5535375,0,0,678.6142536,845.9542467,67.24225912
120,24,11344,129.3459979,0,0,588.5796897,882.4302715,52.74100846
120,25,10086,133.0592901,0,0,642.7114813,940.5969661,42.87477692
120,26,8496,139.3893597,0,0,755.5429614,926.9205508,36.6681968
120,27,11424,131.8516282,0,0,565.4860819,956.7233894,45.98476891
120,28,11301,129.8152376,0,0,761.9969914,1066.00761,35.72453765
120,29,11664,132.4385288,0,0,800.813786,1079.776149,39.36882716
120,30,10239,135.7395253,0,0,721.6117785,908.1306768,41.66666667
120,31,11717,128.9582658,0,0,697.6712469,1102.29231,38.96748314
120,32,10607,131.0015084,0,0,840.7407372,845.96804,55.96964269
120,33,12882,134.2106039,0,0,788.1360814,1009.175206,39.21906536
120,34,13713,132.639685,0,0,876.9112521,989.5219864,39.51323562
120,35,10133,126.0758907,0,0,855.4274154,1214.742524,47.76423567
120,36,14177,127.0748395,0,0,605.1098258,1144.269874,42.46977499
120,37,11244,125.8977232,0,0,808.8368908,1190.644877,40.32355034
120,38,12005,127.9671803,0,0,598.0323199,1042.614744,38.54302374
120,39,11276,138.7742994,0,0,913.5464704,1138.711156,47.00328131
120,40,11570,131.5827139,0,0,828.7998271,1016.73777,43.37597234
120,41,13433,122.785826,0,0,720.9870468,1126.893248,78.24067595
120,42,11777,131.0461917,0,0,958.5841046,1024.779401,60.00866095
120,43,11966,130.8670399,0,0,667.4332275,1002.906986,41.56317901
120,45,16268,131.1844111,0,0,711.1312392,996.8475535,37.43582493
120,46,19452,132.2968332,0,0,814.1342793,1025.887569,34.38258277
120,47,8135,129.6395821,0,0,546.8580209,1050.339275,44.63515673
120,48,11565,132.9840899,0,0,658.4784263,889.7565067,42.40319931
120,49,12237,136.3802403,0,0,942.9603661,1051.943042,47.83631609
120,50,8145,123.8282382,0,0,832.5704113,1241.90841,63.15997545
120,51,8313,127.0891375,0,0,550.6722002,1178.200289,53.07831108
120,52,12411,124.1304488,0,0,795.294658,937.0068488,76.19837241
120,53,13082,122.6626663,0,0,689.5535086,1218.579804,41.92187739
120,54,12081,127.7462958,0,0,589.3099909,942.3714924,72.11389786
120,55,8307,129.6659444,0,0,900.7819911,1004.229204,70.9158541
120,167,8849,141.1684936,0,0,831.3467058,948.2739293,42.00824952
120,168,7636,135.383054,0,0,811.1917234,935.9455212,46.905055
120,169,10219,135.1275076,0,0,876.9598787,952.577943,44.63626578
120,170,10078,133.8668387,0,0,900.9416551,980.9577297,47.92210756
120,171,6472,137.1963844,0,0,912.5081891,918.3386897,49.4052843
120,172,10773,130.182122,0,0,887.3386243,899.8461895,53.63287849
120,173,9479,124.6700074,0,0,615.595105,1209.514611,67.53665999
120,174,11146,129.4395299,0,0,557.0378611,1053.524673,71.75013458
120,175,8916,133.8583445,0,0,752.6076716,843.8931135,45.06247196
120,176,11245,132.0549578,0,0,733.729213,862.8690084,48.92094264
121,1,12174,129.2314769,0,0,589.6932808,868.7787087,54.84392969
121,2,10453,129.5229121,0,0,679.0818904,819.8215823,56.64000765
121,3,12741,130.1112942,0,0,731.3260341,965.8119457,42.53535829
121,5,13201,132.4701159,0,0,827.9231119,871.834255,50.22907356
121,6,11564,134.7347804,0,0,765.300761,915.4060879,44.85809409
121,7,12476,130.5069734,0,0,630.8892273,1064.090895,39.5843219
121,8,12863,131.2355594,0,0,875.4331027,1066.590686,40.92186893
121,10,9611,132.6152325,0,0,584.0866715,889.0846946,62.67818125
121,12,10318,135.5107579,0,0,845.5162822,1123.837178,39.75557279
121,13,9961,124.7868688,0,0,676.2700532,1270.480675,56.21795001
121,14,11101,133.503288,0,0,804.9470318,864.691199,44.60958472
121,15,10956,129.781946,0,0,760.3438299,819.2684374,56.49297189
121,16,12182,132.7027582,0,0,714.1260877,899.0649319,42.59522246
121,17,11258,135.6207142,0,0,800.908243,937.2773139,37.74968911
121,18,14076,131.1795965,0,0,652.4338591,877.9132566,51.22634271
121,19,11441,131.6203129,0,0,522.5621012,957.9680098,59.59688838
121,20,14004,133.0477721,0,0,781.2623536,999.0344901,38.90695516
121,21,10524,130.8041619,0,0,843.8792284,844.2859179,56.72605473
121,22,9789,130.6921034,0,0,677.174788,1026.1185,34.25743181
121,23,14092,132.4312376,0,0,868.4535907,981.4801306,39.48743968
121,24,11401,132.8683449,0,0,561.5924919,946.1784054,47.32970792
121,25,10705,133.3502102,0,0,637.3211583,929.8789351,44.05091079
121,26,9715,133.6202779,0,0,689.9935152,914.5213587,46.86659804
121,27,14919,127.861787,0,0,595.6161271,1136.122193,43.0833836
121,28,11446,131.7705749,0,0,793.183907,1075.840818,39.06456404
121,29,11047,126.2850548,0,0,800.551824,1184.969313,40.10600163
121,30,10070,126.128004,0,0,845.7717974,1208.575472,46.47030785
121,31,11160,140.2595878,0,0,907.3925627,1137.734409,46.32410394
121,32,15876,126.8318216,0,0,708.5669564,1102.533195,34.15992693
121,34,9227,135.6792023,0,0,745.8199848,918.4850981,37.60550558
121,35,14426,131.6012755,0,0,957.5011784,1030.461805,60.54360183
121,36,9050,124.1301657,0,0,831.3562431,1243.903536,62.42353591
121,37,10769,125.2673414,0,0,730.4624385,1145.447117,38.14040301
121,38,11523,126.0360149,0,0,694.2534062,844.0444329,69.07732361
121,39,10490,128.2695901,0,0,750.1247855,1053.608103,36.19723546
121,41,11201,127.5662887,0,0,687.7816266,1091.90483,39.27479689
121,42,13810,122.1492397,0,0,728.5165098,1128.159377,78.51397538
121,43,13002,132.0824489,0,0,653.109214,880.8777111,43.85671435
121,44,14312,131.2729877,0,0,665.1884433,992.3770263,41.69214645
121,45,13156,131.2769839,0,0,819.2515962,1008.364777,43.35542718
121,46,12431,137.095648,0,0,938.0084466,1050.311399,47.02879897
121,47,11945,129.0230222,0,0,587.265969,1030.703642,39.67835915
121,48,11786,129.7229764,0,0,705.6215849,987.2222976,37.86178517
121,49,18237,131.852717,0,0,801.8617097,1017.402588,34.3177606
121,50,7910,127.52933,0,0,543.565866,1169.585082,53.74007585
121,51,12315,127.3568006,0,0,598.3093788,942.2911084,73.97628908
121,52,7825,129.9633227,0,0,538.3953994,1036.818403,46.07884984
121,53,12348,125.0655167,0,0,805.515873,941.5574992,76.7324263
121,54,8815,129.915485,0,0,906.8868973,1008.794668,70.99954623
121,55,10551,123.3096389,0,0,671.0650175,1204.143304,41.87290304
121,177,8843,140.4724641,0,0,825.191677,935.9601945,41.99389348
121,178,9560,134.8671548,0,0,807.9106695,928.6263598,47.23807531
121,179,10645,135.5906059,0,0,872.6891498,943.8513856,44.43804603
121,180,11201,133.4129096,0,0,894.5244175,978.0333006,47.40621373
121,181,8754,134.5111949,0,0,913.7858122,915.8767421,49.65455792
121,182,10852,130.334132,0,0,889.8009583,897.2856616,53.94904165
121,183,8598,133.5601303,0,0,746.8340312,836.1955106,46.19876716
121,184,8912,132.8108169,0,0,731.8444794,856.1986086,49.71543986
121,185,9568,124.9142977,0,0,614.722408,1209.748537,67.65708612
121,186,11413,128.9372645,0,0,563.2719706,1057.792079,72.99176378
122,1,11232,132.8660969,0,0,675.5011574,841.0204772,57.78543447
122,2,10858,134.6688156,0,0,755.8963898,918.5235771,44.71532511
122,3,12151,131.9660933,0,0,864.1924944,932.7079253,43.91975969
122,4,11831,128.7007015,0,0,587.557941,894.508072,56.12433438
122,5,10248,125.9306206,0,0,693.1794496,1294.805328,53.74473068
122,6,12148,131.9724234,0,0,788.1074251,1077.288113,37.05251893
122,7,10871,135.3157023,0,0,625.9919971,946.0996228,44.95041854
122,9,12906,130.9709437,0,0,724.276693,973.0671006,42.43134976
122,10,12707,129.2530102,0,0,873.0173133,1062.05981,38.69316125
122,12,10825,130.1073441,0,0,844.7111316,855.0692841,56.90198614
122,13,11186,134.836939,0,0,848.4116753,1120.807617,36.73869122
122,14,11781,133.8147865,0,0,630.1035566,1074.250828,39.34742382
122,15,11915,132.3258078,0,0,797.4510281,865.7553504,44.98908938
122,16,9756,130.3482985,0,0,594.6056786,920.3695162,65.52275523
122,17,14099,130.8472232,0,0,819.1717852,875.7264345,50.34803887
122,18,11921,130.1051925,0,0,757.8653636,837.3486285,56.9528563
122,19,16088,133.1335778,0,0,661.1095848,1003.755594,41.39501492
122,20,9317,133.5489965,0,0,664.4817001,1036.782119,33.97627992
122,21,11955,129.0570473,0,0,523.7977415,1006.668841,61.20987035
122,22,11763,132.4158803,0,0,799.6302814,936.5144096,46.36648814
122,23,13065,137.146039,0,0,702.4900115,910.5057023,43.298584
122,24,16169,127.6853238,0,0,598.6392479,1155.949595,42.52272868
122,25,12110,131.9825764,0,0,916.0484723,923.4920727,50.60710157
122,26,11111,129.4233642,0,0,676.3066331,1108.98911,38.1504815
122,27,15074,130.1640573,0,0,883.7375614,976.7363673,44.85465039
122,28,12940,136.0172334,0,0,641.2897991,891.5510819,45.28585781
122,29,10504,123.1324257,0,0,857.7450495,1263.965537,59.53941356
122,30,14383,130.9064868,0,0,972.7675728,1053.240284,58.54675659
122,31,10689,129.5486014,0,0,739.1206848,1054.004491,35.06024885
122,32,11461,131.1340197,0,0,557.4674985,968.504319,48.29247012
122,33,9728,128.0406044,0,0,885.7872122,898.8371711,54.20631168
122,34,12021,125.6091839,0,0,730.3251809,1154.995674,36.15922136
122,35,13755,134.5282443,0,0,649.3160305,891.4713195,52.52337332
122,36,10188,126.9851786,0,0,862.7200628,1206.060463,42.11798194
122,37,9687,138.3427274,0,0,679.8375142,925.0844431,47.17797048
122,38,13476,129.4804838,0,0,705.9677204,1105.825913,32.85195904
122,39,12104,128.8976371,0,0,581.2393424,1048.470258,40.11095506
122,40,8645,138.210642,0,0,727.7319838,922.7958357,37.16761134
122,41,11678,139.9636924,0,0,917.2844665,1140.372238,43.08169207
122,43,10768,124.9979569,0,0,627.6574108,985.1895431,75.97604012
122,44,13991,130.6156815,0,0,861.3325709,975.7832893,38.33628761
122,45,20827,130.3083497,0,0,795.3133433,1015.792865,33.37316944
122,46,11789,126.9278989,0,0,806.8502842,1184.04377,36.71354653
122,47,2450,125.1836735,0,0,533.9220408,1061.683265,47.42734694
122,48,12733,126.6337862,0,0,705.134925,879.3570251,71.10091887
122,49,13902,125.3234786,0,0,831.2520501,970.8136959,76.27916846
122,50,11913,134.3820196,0,0,769.0877193,1005.623856,38.48249811
122,51,9167,124.456747,0,0,557.9262572,1200.128395,52.62943166
122,52,10775,130.7621346,0,0,809.198051,1007.723527,41.57726218
122,53,12149,133.3160754,0,0,940.2834801,1037.456416,44.56926496
122,54,8684,124.5641409,0,0,753.3224321,1175.386918,76.70152004
122,55,11181,132.1579465,0,0,696.2512298,998.5433324,37.58179054
122,56,3461,123.1147067,0,0,671.7127998,1211.999711,40.25657324
122,187,10813,134.6239711,0,0,790.1538888,935.4704522,36.6948118
122,188,8680,140.0618664,0,0,814.8852535,939.3730415,41.00841014
122,189,9885,132.671219,0,0,736.9518462,843.6386444,46.97369752
122,190,10227,134.2037743,0,0,731.473746,871.3245331,50.41341547
122,191,10774,124.2159829,0,0,645.0639503,1248.853908,66.40950436
122,192,13949,128.0865295,0,0,929.7693025,1032.727077,69.7529572
122,193,10991,126.4260759,0,0,591.6141388,1107.165044,73.62960604
122,208,11532,125.1882588,0,0,683.2318765,1218.804284,39.43036767
122,209,5840,129.4916096,0,0,536.9378425,1061.211473,46.94006849
123,1,11464,131.6662596,0,0,751.8326064,917.5676029,44.65457083
123,2,10549,134.1291118,0,0,620.8005498,945.620438,44.9999052
123,3,11332,130.8867808,0,0,667.9758207,837.2885634,57.59362866
123,4,13108,129.8545163,0,0,581.2497711,890.6505188,56.19278303
123,5,12154,132.5278098,0,0,861.0724041,928.3904887,44.29636334
123,7,10676,133.4950356,0,0,845.9341514,1122.279131,37.25131135
123,8,11665,127.8240892,0,0,752.9619374,831.3339906,56.84226318
123,9,13757,130.5539725,0,0,626.1895035,1074.921713,39.59118994
123,10,12189,131.4878989,0,0,785.7180244,936.0991878,37.5346624
123,11,12529,129.7776359,0,0,870.5447362,1062.93519,39.05587038
123,12,9283,133.4693526,0,0,590.7909081,913.8133147,65.65431434
123,13,11713,129.0046103,0,0,717.3142662,970.5858448,42.52224025
123,14,11818,128.6964799,0,0,784.208834,1074.908529,37.28287358
123,15,11782,134.8754032,0,0,677.0347988,921.7159226,47.04371075
123,16,15658,129.039277,0,0,814.3487674,874.2195044,49.52835611
123,17,10639,124.6957421,0,0,683.606636,1291.144656,54.55080365
123,18,15170,131.0475939,0,0,879.7718523,976.8246539,44.66183256
123,19,15338,127.5807146,0,0,707.1140305,1110.196962,33.16403703
123,20,13056,130.8759191,0,0,517.9607077,1005.663909,61.63457414
123,21,12838,128.8193644,0,0,884.0266397,896.0559277,53.75463468
123,22,10742,122.8975982,0,0,859.4682554,1257.969093,60.11627257
123,23,10335,128.805999,0,0,840.7677794,849.921045,56.60648283
123,24,11651,133.7929791,0,0,551.4158441,967.5690499,48.40159643
123,25,9653,131.3399979,0,0,662.5579613,1035.928727,34.21423392
123,26,8883,133.9526061,0,0,726.2512665,923.2530677,37.17820556
123,27,11295,127.4787074,0,0,671.7156264,1111.986366,38.33501549
123,28,15261,128.295328,0,0,593.2918551,1155.182622,42.92824848
123,29,10697,133.365897,0,0,701.5778256,907.4132934,42.93325231
123,30,17378,131.5759581,0,0,658.1733226,1003.19283,41.22413396
123,32,9636,133.9380448,0,0,920.2030926,929.4808012,50.02916148
123,33,11030,130.5643699,0,0,795.6724388,936.7403445,45.96455122
123,34,10144,126.9411475,0,0,861.1370268,1204.540812,42.76005521
123,35,8626,126.3271505,0,0,552.5586599,1197.223394,53.25063761
123,36,8138,131.0216269,0,0,531.5715163,1059.823175,47.29515852
123,37,9392,127.6506601,0,0,732.4280239,1053.454429,35.31942078
123,38,11377,124.5260614,0,0,728.8284258,1155.633471,37.03972928
123,39,11995,133.7112964,0,0,637.2317632,889.9523135,45.2041684
123,40,13820,132.5620839,0,0,645.7262663,888.1390738,52.52995658
123,41,12217,125.9859213,0,0,694.7551772,874.7428174,71.22002128
123,42,12474,131.2122815,0,0,766.48557,1001.681578,38.37085137
123,43,10876,128.4923685,0,0,806.6496874,1010.565649,41.29321442
123,44,11574,141.7643857,0,0,916.1276136,1140.559012,43.77354415
123,45,9131,129.8640894,0,0,793.6946665,864.8271821,44.42459752
123,46,13494,132.4975545,0,0,968.3824663,1048.572625,59.71439158
123,47,11564,126.1891214,0,0,622.2472328,979.1854895,76.2248357
123,48,10276,129.5058388,0,0,698.0179058,994.768587,37.68859478
123,49,11415,123.9717039,0,0,830.1837057,970.0166448,76.613053
123,50,12642,129.1991773,0,0,574.4027053,1050.562965,40.65369404
123,51,19299,127.9621224,0,0,795.5386289,1016.205451,33.56241256
123,52,14193,130.3283309,0,0,859.8232227,974.8172338,38.62023533
123,53,11497,124.2491085,0,0,802.2062277,1185.576585,37.45429242
123,54,12762,134.7441624,0,0,935.2889829,1037.701771,44.64723398
123,55,8327,124.9610904,0,0,632.1116849,1239.745286,67.54533445
123,56,8327,130.3614747,0,0,919.501381,1037.968896,70.70793803
123,194,11766,123.8886622,0,0,681.0790413,1218.105303,40.45903451
123,195,9165,130.0743044,0,0,731.8727769,841.6892526,46.80436443
123,196,12107,130.5882547,0,0,722.7626167,869.1908813,50.18658627
123,197,10303,128.9968941,0,0,590.6065224,1097.904591,74.66553431
123,198,10964,122.6093579,0,0,753.7488143,1161.593214,77.47081357
123,279,6392,136.3743742,0,0,815.3473091,937.1928974,40.55162703
124,2,2452,123.524062,0,0,684.7593801,1302.263866,56.20921697
124,4,12325,129.8541988,0,0,747.7591886,833.7603245,56.79148073
124,5,14329,137.75909,0,0,690.0341964,912.2106916,43.28613302
124,6,11327,132.5374768,0,0,665.9974397,840.044054,57.71360466
124,7,11059,135.417488,0,0,748.5130663,915.8526992,44.7241161
124,8,15308,129.9727593,0,0,811.8390384,877.9918343,49.04337601
124,9,13575,132.334733,0,0,761.998674,1008.03477,37.4121547
124,10,12302,131.8102748,0,0,858.3532759,922.4811413,44.44155422
124,11,12069,129.8223548,0,0,782.6429696,1078.841826,36.83834618
124,12,11391,134.052761,0,0,625.7897463,1083.28426,39.07734176
124,14,11785,129.1865083,0,0,578.8722953,894.9200679,56.89927874
124,15,12293,129.088831,0,0,869.3970552,1066.159684,38.51224274
124,17,10544,136.9064871,0,0,616.9419575,954.7414643,44.53480653
124,18,9831,130.7162038,0,0,590.1003967,920.9742651,66.9845387
124,19,10913,134.5274443,0,0,849.4124439,1129.936773,36.75781178
124,20,10272,129.6203271,0,0,730.1469042,1056.170463,34.79400312
124,21,12910,131.0570101,0,0,714.1188226,974.2807126,42.43586367
124,22,12995,128.0432474,0,0,886.8701808,898.1944594,52.83031935
124,23,10501,129.4820493,0,0,838.491477,849.7645938,55.88363013
124,24,9435,137.9290938,0,0,682.7095919,1010.512454,37.41589825
124,25,17019,127.9640989,0,0,706.8381221,1116.910747,32.9670956
124,26,11446,129.5743491,0,0,801.9095754,1017.450026,40.06744714
124,27,9297,132.2530924,0,0,924.8983543,939.7184038,49.41206841
124,28,12239,128.6193316,0,0,516.0514748,1028.728082,62.67930386
124,29,9608,132.8084929,0,0,651.8174438,1051.939217,33.941403
124,30,14696,134.3802395,0,0,643.1772591,888.4291644,52.3034159
124,31,11761,136.1768557,0,0,625.0006802,900.1316215,45.24513222
124,32,11277,126.3592267,0,0,726.4256451,1162.786557,36.71180278
124,33,8635,137.6394904,0,0,719.4223509,927.9514765,36.88905617
124,34,11254,132.1659854,0,0,549.6541674,974.396659,48.12848765
124,35,12534,127.9057763,0,0,669.0529759,1121.907212,38.44822084
124,36,11545,125.637592,0,0,802.0044175,1192.02971,36.88072759
124,37,12431,137.1715872,0,0,921.9210844,1146.987049,43.60107795
124,38,13549,130.8736438,0,0,975.4210643,1065.482397,59.64816592
124,39,12931,129.2206326,0,0,573.7409326,1060.854845,40.376769
124,40,20542,128.3992795,0,0,790.9811605,1020.655584,33.18182261
124,41,10218,122.7055197,0,0,866.9812096,1261.876297,60.99980427
124,42,13508,133.034202,0,0,645.2788718,1013.172935,42.31448031
124,43,8600,124.4155814,0,0,555.6416279,1212.259767,53.98476744
124,44,14653,127.795332,0,0,589.6034259,1168.134512,42.88357333
124,45,12422,126.9834165,0,0,704.1823378,876.276928,71.70423442
124,46,10479,125.0408436,0,0,630.3147247,995.023571,77.46712473
124,47,7682,129.094767,0,0,528.0861755,1073.611559,47.54751367
124,48,11844,132.4024823,0,0,936.087386,1041.843718,43.63492063
124,49,9633,125.7823108,0,0,864.8254957,1214.458736,42.93709125
124,50,10601,123.3533629,0,0,761.0312235,1163.255919,78.28176587
124,52,13872,124.4741926,0,0,678.8964821,1228.091984,40.51499423
124,53,10346,125.8678716,0,0,836.0312198,968.2695728,76.54968104
124,54,7290,137.7069959,0,0,670.0753086,923.875583,47.621262
124,199,8329,133.8684116,0,0,781.3735142,937.3214071,36.24720855
124,200,7450,140.1797315,0,0,806.218255,941.2442953,40.09154362
124,201,10686,131.232828,0,0,864.3206064,978.2856073,38.04810032
124,202,11189,132.199571,0,0,868.9345786,984.7232103,43.13227277
124,203,10574,132.5667675,0,0,790.8436732,942.3648572,45.00955173
124,204,11043,132.1072172,0,0,727.7242597,847.5238613,46.64185457
124,205,10978,133.5722354,0,0,721.4781381,871.4220259,50.1774458
124,206,6559,133.9007471,0,0,795.5967373,866.2654368,43.99573106
124,207,6851,124.9198657,0,0,649.3260838,1255.73128,67.73916217
124,210,10731,125.2013792,0,0,693.7286367,1303.027304,54.64131954
124,211,10994,128.4657086,0,0,920.9781699,1043.234764,72.03683828
124,212,9063,126.9537681,0,0,598.1709147,1108.775461,75.88381331
