Frame,ID,Volume_nowarp,MeanIntensity_nowarp,GMMIntensity_nowarp,Bimodality_nowarp,Centroid_1,Centroid_2,Centroid_3
1,1,34239,236.212038903005,0,0,515.546160810771,1167.59578258711,34.5245188235638
1,2,35595,193.918836915297,0,0,551.008119117854,1270.65913751931,30.5075712881023
1,3,30206,221.430742236642,0,0,649.603125206913,1118.756108058,34.6290472091637
1,4,35900,208.078857938719,0,0,685.88704735376,1137.49855153203,46.3838997214485
1,5,29628,176.597306601863,0,0,644.111786148238,1341.18323882814,35.5044214931821
1,6,12948,275.232545566883,0,0,690.032978066111,1226.43303985171,27.3632221192462
1,7,30521,219.987352970086,0,0,568.76442449461,1146.64313095901,46.0136627240261
1,8,24752,192.872899159664,0,0,651.971638655462,1248.43511635423,42.2914915966387
1,10,9512,326.63330529857,0,0,454.676198486123,1258.74705634987,39.1263666947014
2,1,40426,240.957527333894,0,0,732.177781625686,1219.36691733043,40.3136595260476
2,2,31550,246.762440570523,0,0,658.99587955626,1175.1951822504,29.1681141045959
2,3,32946,196.567231226856,0,0,615.075517513507,1285.04829114308,37.8712438535786
2,4,32578,276.895880655657,0,0,681.044201608447,1107.7555712444,41.6416600159617
2,5,34828,227.187377971747,0,0,707.571063512117,1285.44912139658,30.5347421614793
2,6,35313,170.426641746666,0,0,511.498371704471,1282.63537507434,41.865092175686
2,7,11490,306.399912967798,0,0,516.127763272411,1210.80330722367,29.3363794604003
2,8,38771,192.918547367878,0,0,556.291790255603,1160.07255422868,44.3313817028191
2,9,7662,447.243278517358,0,0,631.868311145915,1147.07400156617,52.9745497259201
3,1,37800,209.91164021164,0,0,687.145476190476,1290.81537037037,29.6649735449735
3,2,32765,238.871295589806,0,0,498.583763161911,1227.16740424233,31.8338470929345
3,3,32030,233.200905401186,0,0,601.487480487043,1188.88014361536,27.1770215423041
3,4,29843,201.668599001441,0,0,560.245518211976,1203.77247595751,41.6128740408136
3,5,30992,196.51774651523,0,0,574.326890810532,1311.32101832731,32.9241417139907
3,6,32882,185.498783528982,0,0,607.207012955416,1145.19253695031,48.8427102974272
3,7,9792,253.036866830065,0,0,709.667483660131,1197.85947712418,41.9576184640523
3,8,5979,445.64174611139,0,0,569.209734069242,1062.53135975916,38.9708981435023
3,9,7918,309.793129578176,0,0,731.332533468047,1333.31864107098,41.1064662793635
3,10,4045,508.941903584672,0,0,705.843510506799,1104.44771322621,33.1668726823239
4,1,37960,214.16981032666,0,0,647.815990516333,1188.85447839831,28.1948893572181
4,2,38335,200.130846484935,0,0,690.728916134081,1322.74052432503,28.8595278466154
4,3,35690,199.435528159148,0,0,578.692434855702,1302.93729335948,34.4838049873914
4,4,30864,217.705384914463,0,0,541.537422239502,1195.50903965785,34.2151373768792
4,5,33855,205.545059813912,0,0,696.005316792202,1155.65496972382,48.1882735194211
4,6,28831,194.433144878776,0,0,622.52963823662,1200.71516770143,42.6770490097465
4,7,13656,298.002782659637,0,0,654.350029291154,1071.41366432337,41.3060925600469
4,8,12416,264.583279639175,0,0,747.886920103093,1382.92356636598,39.4898518041237
4,9,14975,288.361202003339,0,0,760.203806343907,1169.16487479132,31.6454757929883
4,10,16980,297.486160188457,0,0,771.327444051826,1250.55730270907,39.0156065959953
5,1,28121,242.941858397639,0,0,486.875822339177,1102.56740514206,38.5156644500551
5,2,24611,245.849457559628,0,0,586.067368249969,1116.48640851652,36.4583316403234
5,3,34791,201.875743726826,0,0,694.688798827283,1139.73033255727,40.3548044034377
5,4,40191,214.166629344878,0,0,577.755915503471,1330.30315244707,30.6387002065139
5,5,12658,417.37557276031,0,0,556.021804392479,1271.31679570232,20.6703270658872
5,6,14851,239.606693151976,0,0,547.850649787893,1076.71099589253,48.3372836846004
5,7,6451,309.864052084948,0,0,540.034568283987,1221.49201674159,41.6242443032088
5,8,29588,174.548871163985,0,0,634.747532783561,1224.70727997837,45.1015614438286
5,9,19247,203.93017093573,0,0,509.781576349561,1240.60518522367,47.5945342131241
5,10,19268,282.04235001038,0,0,673.164521486402,1206.55563628815,29.1154764376168
5,11,8436,333.876126126126,0,0,448.436818397345,1257.03627311522,25.6370317686107
6,1,15911,330.031047702847,0,0,470.553516435171,1077.73112940733,36.5289422412168
6,2,38489,207.298215074437,0,0,619.164358647925,1295.38826677752,28.7696484709917
6,3,30014,237.852502165656,0,0,650.590990870927,1184.38591990404,31.0967881655228
6,4,38994,201.041826947736,0,0,609.950710365697,1285.19569677386,41.1011950556496
6,5,30757,242.124004291706,0,0,695.882563318919,1117.02470982215,37.3832948597067
6,6,18293,258.977915049472,0,0,756.431148526759,1215.27966981906,36.4028863499699
6,7,13221,248.65032902201,0,0,541.349897889721,1046.85447394297,42.0055215187959
6,8,16813,230.567834413846,0,0,662.589960149884,1208.1988937132,47.4514363885089
6,9,9432,286.867048346056,0,0,621.189885496183,1177.32527565734,44.2578456318914
6,10,17684,238.908391766569,0,0,466.844774937797,1186.03302420267,43.3400814295408
6,11,19534,259.907136275212,0,0,507.271168219515,1219.95479676462,27.6661718030101
6,13,7096,137.663049605411,0,0,500.436020293123,1164.18686583991,28.1717869222097
7,1,41093,205.357944175407,0,0,504.063003431241,1241.91047136982,32.1803470177402
7,2,17390,315.272282921219,0,0,621.303680276021,1013.85037377803,44.4798734905118
7,3,25307,263.26435373612,0,0,606.413996127554,1182.76002687004,30.2182795274035
7,4,21095,329.959374259303,0,0,498.07485186063,1123.32803981986,38.8590661294146
7,5,20503,215.68487538409,0,0,659.805833292689,1285.42271862654,27.5914256450276
7,6,19050,202.204619422572,0,0,682.350761154856,1276.09517060367,40.6414173228346
7,7,23245,274.286169068617,0,0,597.00249516025,1140.4110131211,49.7599053559905
7,8,28914,215.461022342118,0,0,703.601265822785,1187.6074220101,31.2842567614304
7,9,30114,200.391811117753,0,0,570.449226273494,1271.6007504815,41.5679418210799
7,10,17165,218.4806291873,0,0,708.940984561608,1066.21240897174,43.4308767841538
7,11,14083,226.593339487325,0,0,668.701981111979,1216.188383157,41.7364197969183
8,1,39495,198.024180275984,0,0,495.670084820863,1242.65360172174,34.0706165337384
8,2,11486,311.716611527076,0,0,482.707731150966,1066.22784259098,37.8344941668118
8,3,27311,178.252169455531,0,0,592.335945223536,1312.15854417634,37.5970488081725
8,4,29179,201.931594639981,0,0,681.460639501011,1184.21594297269,27.7610610370472
8,5,24659,234.360841883288,0,0,585.22717871771,1180.50910418103,30.1020317125593
8,6,8534,455.181157722053,0,0,671.34883993438,1032.16920553082,42.340051558472
8,7,11365,266.751781786186,0,0,603.469159700836,1064.93867135944,48.9231852177739
8,8,18360,202.0325708061,0,0,623.613071895425,1271.32401960784,22.9183551198257
8,9,16826,251.151432307144,0,0,733.870973493403,1107.07601331273,40.9881730654939
8,10,17109,212.223683441464,0,0,688.842246770706,1295.88362849962,32.6091530773277
8,11,13113,243.249370853352,0,0,687.912377030428,1243.86913749714,37.2576069549302
8,12,10180,201.322298624754,0,0,658.81699410609,1257.52445972495,45.8127701375246
8,13,10640,224.618890977444,0,0,567.328289473684,1215.79163533835,42.0717105263158
9,1,25492,276.529930958732,0,0,620.603914953711,1007.1903342225,40.488545426016
9,2,36677,173.464160100335,0,0,592.957248411811,1304.79483054775,38.5056029664367
9,3,39702,202.991839202055,0,0,480.504936779004,1258.964510604,35.9418165331721
9,4,27405,265.927203065134,0,0,549.840503557745,1179.04612297026,30.877650063857
9,5,28707,250.53732539102,0,0,638.408785313687,1164.5080642352,27.4119204375239
9,6,23080,223.93054592721,0,0,596.386395147314,1266.36005199307,23.1088388214905
9,7,17192,270.667577943229,0,0,571.277396463471,1059.15309446254,47.2999651000465
9,8,15857,244.525067793404,0,0,440.957432048937,1092.93359399634,38.1311723529041
9,9,22659,219.22631184077,0,0,695.288627035615,1080.81870338497,39.7919590449711
9,10,14940,239.541633199465,0,0,672.994912985274,1270.82771084337,31.8947791164659
9,11,14009,249.679705903348,0,0,665.5824826897,1217.58034120922,37.3849668070526
9,12,12608,218.178616751269,0,0,651.477871192893,1230.51292829949,45.2623730964467
9,13,17694,244.91330394484,0,0,544.938284164123,1213.69695942127,43.0929128518142
10,1,35876,224.011818485896,0,0,580.639396811239,1197.51984613669,24.9298695506745
10,2,37486,213.319185829376,0,0,565.259670276903,1116.84612922158,44.6948460758683
10,3,41258,195.762155218382,0,0,539.117480246255,1247.20699015948,42.6512191574967
10,4,18021,235.328061705788,0,0,517.964485877587,1264.74313301149,31.5985794351035
10,5,28440,243.59641350211,0,0,605.909810126582,1138.22999296765,33.0747890295359
10,6,16751,284.576025311922,0,0,480.113843949615,1169.30105665333,31.7469404811653
10,7,12880,346.970574534161,0,0,766.937344720497,1196.29153726708,26.1425465838509
10,8,14666,257.826605754807,0,0,711.691872357834,1047.03204691122,40.272466930315
10,9,21435,206.327268486121,0,0,705.896011196641,1279.25388383485,26.5911359925356
10,10,15136,233.142904334038,0,0,594.10544397463,1276.80998942918,32.7980311839323
10,11,16201,220.008517992716,0,0,774.249120424665,1187.78711190667,36.3493611505463
10,12,14479,211.733476068789,0,0,644.97928033704,1199.96961116099,43.2683887008771
10,13,14382,196.553052426644,0,0,634.46106243916,1302.04575163399,39.5472813238771
11,1,9473,401.015412224216,0,0,678.830571096801,1341.64488546395,25.0666103663042
11,2,30813,207.135364943368,0,0,630.062343815922,1250.25417843118,40.6497582189336
11,3,20081,227.428912902744,0,0,692.504008764504,1242.86190926747,23.5131716547981
11,4,21613,191.965761347337,0,0,586.922963031509,1329.15874705039,24.6363762550317
11,5,16550,291.264652567976,0,0,685.778791540786,1105.88785498489,37.399335347432
11,6,17314,227.902622155481,0,0,546.539678872589,1214.07566131454,32.329502136999
11,7,19037,239.192309712665,0,0,653.822293428586,1134.081998214,47.0773231076325
11,8,35840,226.1462890625,0,0,717.420089285714,1208.61138392857,38.6677734375
11,9,14209,267.840171722148,0,0,596.515870223098,1156.70532760926,25.6260820606658
11,10,13649,288.37079639534,0,0,657.282145212104,1158.43146018023,31.1866803428823
11,11,16750,187.438089552239,0,0,527.381432835821,1365.89671641791,40.2093731343284
11,12,15997,245.595361630306,0,0,513.616553103707,1209.28605363506,45.9702444208289
11,13,23371,255.945830302512,0,0,560.653331051303,1104.13760643533,36.9825852552308
12,1,38053,204.223924526319,0,0,654.638661866344,1322.66315402202,42.6760833574225
12,2,20049,256.193076961444,0,0,595.01965185296,1045.05282058956,34.3017108085191
12,3,17385,212.878918607995,0,0,513.615990796664,1208.24440609721,28.4001150417026
12,4,29978,210.391286943759,0,0,573.802188271399,1203.85486023084,43.1648542264327
12,5,31315,219.418010538081,0,0,628.564010857417,1270.37301612646,25.9863324285486
12,6,17172,255.170976007454,0,0,672.6618914512,1199.5666200792,36.2459818308875
12,7,12007,408.679436995086,0,0,605.292079620222,1032.69892562672,44.8866494544849
12,8,27699,213.40662117766,0,0,506.046608180801,1158.65977111087,38.0242969060255
12,9,24271,196.464710971942,0,0,673.602818178073,1203.33101231923,53.7364756293519
12,10,22808,248.269773763592,0,0,688.656348649597,1076.46952823571,43.6616976499474
12,11,13330,289.956114028507,0,0,583.123780945236,1159.88499624906,29.8639159789947
12,12,18242,192.39540620546,0,0,509.282096261375,1281.57663633374,35.7260168841136
12,13,12667,337.329438698982,0,0,653.962422041525,1141.4309623431,29.2669140285782
13,1,23155,208.438998056575,0,0,729.990239689052,1261.71993090045,27.3590153314619
13,2,32631,202.100150163955,0,0,669.1708498054,1139.64193558273,43.3420367135546
13,3,19057,222.206538279897,0,0,737.484021619352,1125.66563467492,30.361546938133
13,4,28346,203.024871234037,0,0,640.878324984125,1230.88079446836,41.8074860650533
13,5,17016,241.732898448519,0,0,589.588328631876,1078.80318523742,40.8074165491302
13,6,20917,213.731844910838,0,0,544.819716020462,1151.13185447244,46.4277860113783
13,7,14692,269.97229784917,0,0,630.868567928124,1146.75013612851,27.2400626191124
13,8,9124,369.650811047786,0,0,786.225887768523,1210.92821131083,34.381411661552
13,9,12721,268.192280481094,0,0,488.284097162173,1136.84977596101,31.9454445405235
13,10,5804,354.808924879394,0,0,536.539283252929,1258.80685733977,32.9009303928325
13,11,11224,269.813880969351,0,0,625.133731290093,1110.56895937277,33.7946364932288
13,12,17729,185.144114163235,0,0,660.741666196627,1370.24124316092,38.4421569180439
13,13,16345,227.058488834506,0,0,601.067237687366,1228.38335882533,30.3817681248088
13,14,6539,332.406637100474,0,0,541.308456950604,1147.13931793852,33.1000152928582
13,15,9409,195.014666808375,0,0,509.82367945584,1332.01349771495,46.0339037092146
14,1,25118,242.097181304244,0,0,551.236643044828,1168.33298829525,31.5488892427741
14,2,15824,213.478387259858,0,0,557.908303842265,1202.20020222447,42.243301314459
14,3,9850,433.011472081218,0,0,578.335837563452,1015.81989847716,38.9854822335025
14,4,10175,261.531498771499,0,0,502.468501228501,1267.97071253071,23.1806388206388
14,5,18146,210.360795767662,0,0,698.03857599471,1342.65849222969,39.0328998126309
14,6,10511,258.527447436019,0,0,652.34668442584,1196.71743887356,37.620778232328
14,7,17484,251.866277739648,0,0,430.170098375658,1210.64224433768,34.0231640356898
14,8,16761,287.952628124814,0,0,638.044985382734,1117.11741542867,30.2734323727701
14,9,21806,205.190268733376,0,0,634.680821792167,1253.75492983582,25.7940933687976
14,10,17874,179.517511469173,0,0,558.15055387714,1298.09147364888,40.3580619894819
14,11,20501,228.739232232574,0,0,533.722647675723,1091.37032339886,45.9639041997951
14,12,16130,230.605145691259,0,0,650.266274023559,1178.78313701178,46.1549287042777
14,13,15700,257.838853503185,0,0,713.568025477707,1206.90191082803,29.9247770700637
14,14,20165,206.990577733697,0,0,668.899876022812,1062.36231093479,45.0932308455244
14,15,16222,255.466342004685,0,0,700.189064233757,1157.14893354703,39.6613857724078
15,1,37869,202.107211703504,0,0,624.614090681032,1263.90863239061,35.9900182207082
15,2,16026,275.548608511169,0,0,653.074503931112,1171.38687133408,29.7663796330962
15,3,8798,365.685610365992,0,0,760.834848829279,1221.9915889975,46.5429643100705
15,4,22298,217.162525787066,0,0,495.98461745448,1227.19468113732,37.6291147188089
15,5,20823,215.302886231571,0,0,659.52586082697,1311.38126110551,23.8039187436969
15,6,19056,239.61849286314,0,0,757.212636439966,1184.96232157851,35.1533900083963
15,7,18964,210.167422484708,0,0,533.302098713352,1327.46472263236,29.1236553469732
15,8,15262,264.77276896868,0,0,490.415017690997,1083.437884943,30.2240204429302
15,9,19811,214.114431376508,0,0,721.449093937711,1097.62636918883,44.5965877542779
15,10,11828,266.791427122083,0,0,592.150574907,1144.90412580318,38.0244335475144
15,11,23538,227.050131701929,0,0,518.666411759708,1156.27427988784,44.0702268671935
15,12,18345,259.298119378577,0,0,618.360806759335,1217.14739711093,47.2463886617607
15,13,14730,308.565376782077,0,0,655.36177868296,1091.6633401222,36.0446707399864
15,14,13237,281.760973030143,0,0,617.524741255571,1099.18040341467,42.8691546422905
15,15,12347,307.818093463999,0,0,580.075402931886,1168.58564833563,24.5127561350935
16,1,22627,215.593361912759,0,0,453.10818933133,1221.26919167366,36.0718610509568
16,2,15560,286.912596401028,0,0,531.391195372751,1182.72949871465,30.1889460154242
16,3,30299,218.935872471039,0,0,639.181722169048,1150.78385425262,42.0655467177135
16,4,24652,197.40447022554,0,0,721.839647898751,1246.9409784196,36.1786061982801
16,5,18466,226.53498321239,0,0,540.463283873064,1258.61886710712,32.2632405502004
16,6,21937,197.586680038291,0,0,637.352418288736,1294.58626977253,33.5085927884396
16,7,14898,285.483420593368,0,0,597.778762249966,1122.61115585985,31.8152772184186
16,8,17010,246.940623162845,0,0,678.217871840094,1030.3746031746,40.1748971193416
16,9,8849,241.672392360719,0,0,564.691038535428,1266.16871962934,48.6716013108826
16,10,15468,207.598008792345,0,0,697.686320144815,1247.52430824929,21.3468450995604
16,11,18691,277.494409073886,0,0,496.053983200471,1105.06216895832,39.8486437322776
16,12,12285,273.024175824176,0,0,666.612617012617,1126.99698819699,26.7223443223443
16,13,7445,256.747884486232,0,0,612.219744795165,1235.21531229013,39.7551376762928
16,14,10149,457.884126514928,0,0,466.372647551483,1202.57463789536,47.083259434427
16,15,15866,211.588049918064,0,0,743.810727341485,1139.79503340476,43.1716878860456
16,16,9247,272.970368768249,0,0,604.300421758408,1208.22493781767,31.9277603547096
17,1,20039,240.910823893408,0,0,677.742552023554,1250.39023903388,20.9995508757922
17,2,17683,257.758355482667,0,0,523.880732907312,1182.09596787875,42.0341571000396
17,3,29270,233.812845917321,0,0,646.966860266484,1238.71708233686,33.1736590365562
17,4,18070,269.772108467072,0,0,748.054233536248,1132.667902601,35.6367459878251
17,5,12409,282.667015875574,0,0,725.208155371102,1263.47554194536,47.8306068176324
17,6,13515,332.843137254902,0,0,635.605475397706,1131.59193488716,28.9051424343322
17,7,14303,320.727050269174,0,0,639.476123890093,1079.40858561141,36.185974970286
17,8,14225,279.693848857645,0,0,560.23992970123,1151.13195079086,25.1631634446397
17,9,15510,228.76196002579,0,0,441.237588652482,1151.05215989684,32.4678916827853
17,10,18905,206.41121396456,0,0,599.057709600635,1314.51462576038,28.6281407035176
17,11,19698,235.23449081125,0,0,697.363590212204,1082.6456493045,45.7706873794294
17,12,24233,210.028762431395,0,0,512.780505921677,1262.85713696199,36.8256509718153
17,13,13630,291.166324284666,0,0,596.241672780631,1101.697432135,43.4639765223771
17,14,14653,279.179963147478,0,0,575.770831911554,1127.88998839828,35.5956459428103
17,15,6479,392.363327674024,0,0,764.369038431857,1177.54252199413,48.1612903225806
17,16,4941,362.392228293868,0,0,582.758955676988,1205.65290427039,39.1181946974297
18,1,21571,210.851235455009,0,0,566.528765472162,1262.6114227435,23.1705530573455
18,2,19228,231.596629914708,0,0,508.346421884751,1121.56589348866,43.3047118785105
18,3,15358,231.392303685376,0,0,708.828949081912,1053.668316187,41.2172157833051
18,4,14988,256.770816653323,0,0,620.473045102749,1074.07045636509,32.2191753402722
18,5,15094,252.577779250033,0,0,596.334437524844,1149.97084934411,27.8264210944746
18,6,20511,186.373068109795,0,0,668.88216079177,1313.04651162791,27.872409926381
18,7,17864,218.421630094044,0,0,706.471618898343,1233.62947828034,33.2609717868339
18,8,20431,264.396309529636,0,0,478.066076060888,1089.50584895502,31.3060545249865
18,9,14120,237.890084985836,0,0,597.877124645892,1389.42379603399,30.746671388102
18,10,14294,248.369595634532,0,0,652.803064222751,1215.62837554219,27.4496991744788
18,11,13801,179.617491486124,0,0,565.910948481994,1344.67886385045,38.1859285559017
18,12,12513,239.528090785583,0,0,658.53488372093,1161.38208263406,33.5544633581076
18,13,17583,210.117954842746,0,0,625.077802422795,1138.33373144515,47.0556787806404
18,14,18469,225.078455790785,0,0,698.096323569224,1172.86702041258,41.8130380637826
18,15,22773,221.115004610723,0,0,532.850085627717,1207.99841918061,37.2845035787995
18,16,11373,216.433394882617,0,0,638.487909962191,1207.52325683637,40.3744834256573
19,1,12087,315.409117233391,0,0,704.398444609912,1081.20898485977,50.871763051212
19,2,17302,260.154201826378,0,0,538.962663275922,1165.57571379031,26.3361461102763
19,3,22948,211.080965661496,0,0,504.792182325257,1266.50183022486,38.608941955726
19,4,19445,256.449781434816,0,0,704.237593211623,1081.47019799434,36.1610182566212
19,5,16623,266.452806352644,0,0,490.607652048367,1181.24460085424,41.3672020694219
19,6,15248,290.004787513116,0,0,645.952977439664,1230.77990556139,21.166907135362
19,7,16790,255.573496128648,0,0,652.872602739726,1233.174032162,37.2203097081596
19,8,18616,211.004512247529,0,0,594.552374301676,1297.56139879673,30.9425225612376
19,9,14694,300.914318769566,0,0,612.469851640125,1133.36035116374,29.5884034299714
19,10,23020,225.352606429192,0,0,632.039183318853,1047.86602953953,46.0456559513467
19,11,18164,209.080764148866,0,0,427.038152389342,1195.20788372605,31.9069037656904
19,12,12820,241.489079563183,0,0,558.771138845554,1192.75475819033,41.939391575663
19,13,18674,188.168148227482,0,0,689.952233051301,1160.87528113955,50.2948484523937
19,14,13749,290.93090406575,0,0,549.746236089897,1139.04749436323,35.4751618299513
19,15,15296,284.229994769874,0,0,544.189722803347,1086.34773797071,42.5789748953975
19,16,12275,335.005213849287,0,0,600.222077393075,1085.08089613035,36.837800407332
20,1,33148,229.348195969591,0,0,410.123174852178,1174.63400506818,44.6511101725594
20,2,16264,268.754181013281,0,0,592.052631578947,1122.14436792917,29.9701795376291
20,3,18213,191.232141876681,0,0,690.615494427058,1282.90978971065,24.509965409323
20,4,18375,208.763428571429,0,0,610.169306122449,1285.97888435374,32.9789931972789
20,5,19827,205.439249508246,0,0,715.597165481414,1156.62778029959,40.3167397992636
20,6,17728,281.723826714801,0,0,489.445002256318,1089.70634025271,36.1542193140794
20,7,17963,248.418359962144,0,0,693.288648889384,1053.75076546234,34.0748204642877
20,8,16081,292.063304520863,0,0,523.476773832473,1170.17268826566,30.1802748585287
20,9,22164,223.935210250857,0,0,515.458536365277,1249.77224327739,30.7174697707995
20,10,22142,221.366723873182,0,0,439.955875711318,1207.11823683497,36.5028452714299
20,11,24699,204.161423539415,0,0,683.87550103243,1264.48589011701,38.2560427547674
20,12,11456,216.323935055866,0,0,591.07873603352,1245.11723114525,38.3743889664804
20,13,15268,226.89245480744,0,0,493.690987686665,1197.71620382499,47.1215614356825
20,14,15139,241.531673162032,0,0,663.368716559878,1159.8182839025,26.729638681551
20,15,13147,240.791815623336,0,0,595.035141096828,1205.10960675439,29.8725945082528
20,16,8436,265.720839260313,0,0,652.914295874822,1104.46123755334,48.1303935514462
20,17,6185,320.318997574778,0,0,582.076475343573,1158.20097008892,37.6279708973323
21,1,25856,233.283570544554,0,0,642.480816831683,1259.0619585396,23.5120281559406
21,2,24306,215.283633670699,0,0,739.909651937793,1273.52851147865,32.4122438903974
21,3,13894,314.354253634662,0,0,577.55628328775,1088.35403771412,32.5187850870879
21,4,18993,261.283894066235,0,0,653.125993787185,1144.88295687885,44.0666034854947
21,5,15848,263.157306915699,0,0,725.927372539122,1182.08695103483,37.4785461887935
21,6,21025,240.196860879905,0,0,565.432294887039,1155.53013079667,46.1484423305589
21,7,16136,309.35157411998,0,0,609.465109072881,1152.55180961824,27.6737729300942
21,8,19289,239.12203846752,0,0,476.578412566748,1161.07392814558,27.7878583648712
21,9,14383,313.284154905096,0,0,687.03580616005,1184.90572203296,30.1875825627477
21,10,10703,330.206764458563,0,0,702.947117630571,1368.52929085303,31.6174904232458
21,11,15667,269.343524605859,0,0,648.01876555818,1134.62571009127,35.2865258185996
21,12,12981,253.071874277791,0,0,633.861643941145,1213.03058316,42.1617749017795
21,13,20409,191.206820520359,0,0,637.638933803714,1329.22264687148,36.7857317849968
21,14,18102,234.420064081317,0,0,486.193348801237,1173.43332228483,39.9411114793945
21,15,18886,243.946203537012,0,0,616.07386423806,1035.59599703484,43.5646510642804
21,16,6988,350.257155123068,0,0,614.903835145965,1211.68159702347,34.1419576416714
21,17,9714,238.472719785876,0,0,460.466954910439,1287.76518427013,37.0043236565781
22,1,16417,300.494913808857,0,0,590.287080465371,1150.66528598404,27.0841810318572
22,2,23098,204.719499523768,0,0,502.004242791584,1310.39059658845,31.1574595203048
22,3,14175,284.39442680776,0,0,676.655520282187,1136.88296296296,27.8890299823633
22,4,25270,212.445468935497,0,0,596.979936683815,1301.80403640681,28.9457459438069
22,5,18946,213.585717301805,0,0,763.652749920828,1219.97957352475,31.1725430169957
22,6,21091,259.902565075151,0,0,477.110995211228,1187.43767483761,29.4353989853492
22,7,21167,243.126423205934,0,0,686.049936221477,1206.22601218878,41.5684792365475
22,8,18503,245.150299951359,0,0,662.06906988056,1100.54337134519,41.8353780468032
22,9,13947,277.447264644726,0,0,639.528142252814,1210.85545278555,28.9922563992256
22,10,17088,230.696804775281,0,0,581.598899812734,1088.95160346442,46.3459737827715
22,11,18434,239.826570467614,0,0,673.801670825648,1263.49679939243,35.0481176087664
22,12,19048,192.080113397732,0,0,490.214458210836,1263.01233725325,41.7953065938681
22,13,18208,282.169485940246,0,0,606.728690685413,1037.3607754833,33.8081063268893
22,14,13980,264.013376251788,0,0,558.427253218884,1235.89971387697,26.8995708154506
22,15,10631,282.481986642837,0,0,579.546514909228,1187.1094911109,34.6649421503151
22,16,13498,234.682249222107,0,0,608.64276189065,1248.91028300489,39.2950807527041
22,17,8400,394.439880952381,0,0,432.645952380952,1302.55726190476,36.9304761904762
23,1,21410,260.105978514713,0,0,625.192433442317,1096.56156001868,34.0402148528725
23,2,15636,242.064466615503,0,0,673.282680992581,1200.53082629829,40.5525070350473
23,3,19358,250.319609463788,0,0,718.326118400661,1215.67506973861,33.1723318524641
23,4,19359,232.870241231469,0,0,626.593419081564,1254.43344181001,45.6587633658763
23,5,21051,228.9709277469,0,0,666.1404683863,1276.40126359793,37.4934682437889
23,6,22911,185.335690279778,0,0,566.789446117585,1324.56483785081,42.5938632098119
23,7,12487,238.825178185313,0,0,598.393449187155,1224.86642107792,36.5406422679587
23,8,18867,254.032543594636,0,0,747.145863147294,1100.45555732231,37.8326708008692
23,9,16237,284.620434809386,0,0,647.933854776129,1118.69840487775,42.0043727289524
23,10,16636,209.19469824477,0,0,480.700709305121,1218.30608319308,42.2358138975715
23,11,16883,259.286619676598,0,0,633.812947935793,1159.07605283421,25.2920689450927
23,12,19196,228.556678474682,0,0,623.593144405084,1180.92128568452,49.3094915607418
23,13,13173,237.215744325514,0,0,558.555074774159,1184.71760419039,24.1045319972671
23,14,23361,187.492016608878,0,0,544.723128290741,1233.59483754976,51.8378066007448
23,15,18567,245.452092422039,0,0,655.375558787095,1280.05294339419,24.6128076695212
23,16,14988,234.951494528956,0,0,571.564184681078,1151.74826527889,39.7519348812383
23,17,9876,313.006784123127,0,0,456.34224382341,1257.30670311867,49.9691170514378
24,1,24358,210.149848099187,0,0,625.742671812136,1299.12451761228,34.4493800804664
24,2,14473,316.386927382022,0,0,553.637946521108,1122.09362260761,36.5112278034962
24,3,19346,198.047813501499,0,0,532.256228677763,1295.76175953686,25.2699782900858
24,4,21189,226.110859408184,0,0,553.02114304592,1259.79352494219,35.4196517060739
24,5,18898,241.759815853529,0,0,504.501005397397,1183.55773097682,39.5974177161604
24,6,18954,197.65838345468,0,0,639.484805318139,1146.16803840878,48.4555238999683
24,7,14499,262.437478446789,0,0,561.466928753707,1185.95530726257,31.287950893165
24,8,22800,226.56201754386,0,0,520.814824561403,1116.93824561404,46.6308333333333
24,9,15741,271.640874150308,0,0,599.421066005972,1185.91957308938,23.9443491518963
24,10,19083,213.904941571032,0,0,693.765655295289,1260.92013834303,27.980034585757
24,11,14213,314.109899387884,0,0,608.565608949553,1120.49729121227,29.9744600014072
24,12,19834,263.052888978522,0,0,608.455682161944,1050.41317938893,39.8246949682364
24,13,10261,390.109151154858,0,0,579.234869895722,1074.93528895819,52.8838319851866
24,14,13230,253.9529856387,0,0,639.291534391534,1171.46009070295,35.5309901738473
24,15,12730,244.753888452474,0,0,609.271563236449,1228.22733699921,40.4238020424195
24,16,13595,278.502464141228,0,0,713.684148584038,1144.70878999632,25.0478116954763
24,17,12812,223.1864658133,0,0,743.054011863878,1235.43326568842,34.2649078988448
25,1,15209,344.748569925702,0,0,777.755210730489,1307.7076730883,36.3479518706029
25,2,22657,206.06315928852,0,0,675.676347265746,1302.85876329611,36.5634903120448
25,3,23703,248.795764249251,0,0,713.495970974138,1226.98185883643,27.2434712905539
25,4,12285,309.996581196581,0,0,622.715995115995,1120.65982905983,36.1924297924298
25,5,18737,269.090729572504,0,0,593.056572556973,1149.45791748946,43.9736350536372
25,6,14702,312.897156849408,0,0,626.417970344171,1147.86641273296,28.0203373690654
25,7,27093,218.190639648618,0,0,755.267670616026,1218.38198058539,39.05813309711
25,8,17856,249.227262544803,0,0,531.566924283154,1178.28707437276,22.3671034946237
25,9,20213,219.182753673379,0,0,519.557364072627,1183.09444416959,42.8578142779399
25,10,14492,261.724261661606,0,0,606.540919127795,1222.50455423682,41.3712393044438
25,11,19291,215.08045202426,0,0,535.462028925406,1053.09310040952,43.2844331553574
25,12,15734,240.087263251557,0,0,471.944070166518,1173.73954493454,33.5254862082115
25,13,14459,332.158448025451,0,0,690.074002351477,1163.00705442977,34.0971713119856
25,14,15999,266.548784299019,0,0,565.193762110132,1095.83617726108,31.2607037939871
25,15,12834,262.26180458158,0,0,604.162926601216,1208.80123110488,33.1811594202899
25,16,13303,204.171991280162,0,0,489.958580771255,1253.10531459069,32.9064872585131
25,17,17425,266.408493543759,0,0,694.411879483501,1146.56522238164,41.7282065997131
26,1,22236,239.707816153985,0,0,700.42125382263,1239.15497391617,38.0548210109732
26,2,16873,265.176613524566,0,0,603.630178391513,1216.00195578735,29.2799146565519
26,3,27496,198.918606342741,0,0,707.197192318883,1287.21093977306,25.7051207448356
26,4,15864,290.991490166415,0,0,529.761787695411,1197.23209783157,31.4725163893091
26,5,16004,316.414208947763,0,0,582.926330917271,1137.71400899775,28.9735066233442
26,6,11685,288.679075738126,0,0,607.265982028241,1163.80599058622,36.9148480958494
26,7,19906,242.977644931177,0,0,481.472068722998,1133.14362503768,35.4420275293881
26,8,20999,240.536358874232,0,0,640.154864517358,1276.7006047907,34.5047383208724
26,9,14992,322.190234791889,0,0,656.524946638207,1173.5124733191,25.5444236926361
26,10,23069,205.434565867615,0,0,463.973254150592,1253.39598595518,37.8959209328536
26,11,15741,251.278635410711,0,0,699.50809986659,1127.22412807318,41.6441776253097
26,12,17117,266.226792078051,0,0,735.656189752877,1154.14330782263,33.829467780569
26,13,22193,223.85869418285,0,0,543.46316406074,1271.55652683279,32.3009056909836
26,14,18502,213.860393470976,0,0,513.96340936115,1178.96692249487,45.1957626202573
26,15,13050,252.078237547893,0,0,604.812873563218,1233.18375478927,40.3210727969349
26,16,16036,325.435582439511,0,0,666.019393863806,1062.03030680968,30.5878024444999
26,17,9363,368.652355014418,0,0,421.19876108085,1204.27865000534,44.2615614653423
27,1,20899,222.03588688454,0,0,567.4305947653,1262.20886166802,23.6162495813197
27,2,20765,246.341777028654,0,0,563.318805682639,1153.91957620997,26.3604623163978
27,3,21686,203.239140459282,0,0,706.268606474223,1208.68979987088,44.2478557594762
27,4,18246,223.298421571851,0,0,633.675216485805,1127.56132851036,30.4852022361065
27,5,18132,235.975788660931,0,0,525.343756893889,1211.69931612619,38.1581733951026
27,6,24847,219.938503642291,0,0,449.033565420373,1197.99919507385,31.485611945104
27,7,22070,212.553330312642,0,0,538.169370185773,1280.14277299502,34.6397371998188
27,8,16896,254.350142045455,0,0,628.02568655303,1109.15565814394,38.4077296401515
27,9,12391,258.248406101202,0,0,566.285933338714,1143.41191187152,34.7136631426035
27,10,17688,283.262946630484,0,0,718.12341700588,1110.4565807327,38.3366123925825
27,11,15096,182.109631690514,0,0,638.590951245363,1299.48224695284,27.6803126656068
27,12,18655,247.813722862503,0,0,658.516965960868,1185.94752077191,21.1718038059501
27,13,12114,227.560343404326,0,0,641.638434868747,1204.35743767542,33.5135380551428
27,14,14915,212.04257458934,0,0,600.072410325176,1235.84438484747,39.9529332886356
27,15,17244,225.960102064486,0,0,566.348990953375,1132.12792855486,43.5582811412665
27,16,23079,200.903245374583,0,0,644.857489492612,1122.20334503228,48.7411932926037
27,17,9634,347.297591862155,0,0,736.379800705834,1138.73645422462,51.0195142204692
28,1,18541,279.997950488107,0,0,694.162720457365,1190.03300792837,42.154684213365
28,2,17053,308.06767137747,0,0,659.215680525421,1136.72667565824,28.028264821439
28,3,14735,288.713199864269,0,0,547.450356294537,1220.80013573125,30.0994910078045
28,4,18961,307.706239122409,0,0,602.698064448078,1045.85744422763,32.0300089657718
28,5,17273,264.770566780525,0,0,670.37208359868,1243.86018641811,36.4633242633011
28,6,15525,332.094557165861,0,0,574.143381642512,1144.96669887279,29.0045732689211
28,7,18570,279.852288637587,0,0,697.187775982768,1091.79978459882,37.8351642434033
28,8,18489,247.228297906864,0,0,593.580182811401,1285.20655524907,31.9650062199145
28,9,16271,249.097596951632,0,0,628.54317497388,1095.45012599103,44.2511830864729
28,10,20022,197.055638797323,0,0,505.080910997902,1307.37823394266,33.4288282888822
28,11,16279,278.097303274157,0,0,625.658885680939,1203.2678911481,30.545426623257
28,12,17091,248.406003159558,0,0,464.574103329238,1195.06003159558,31.1675150664092
28,13,11521,297.670341116223,0,0,583.491710788994,1158.27758007117,37.7037583543095
28,14,16500,214.743575757576,0,0,485.844787878788,1231.03090909091,41.689696969697
28,15,16790,229.797438951757,0,0,750.51625967838,1214.48451459202,30.8761167361525
28,16,11653,272.078949626706,0,0,605.345747876083,1227.74804771304,41.3112503218055
28,17,6868,301.806348281887,0,0,426.505678509027,1301.74461269656,37.9935934769948
29,1,23119,231.823694796488,0,0,758.593624291708,1228.94636446213,34.2462476750725
29,2,20872,203.819614794941,0,0,644.707790341127,1284.47446339594,37.7398907627443
29,3,22853,207.990767076533,0,0,649.10851966919,1280.65965081171,26.1598039644686
29,4,10258,412.90729186976,0,0,492.902222655488,1026.62117371807,43.7542405927081
29,5,17456,234.421115948671,0,0,507.861480293309,1098.33650320807,36.2950847846013
29,6,20075,244.084782067248,0,0,673.925778331258,1181.05424657534,27.0315815691158
29,7,12990,243.008622016936,0,0,569.828560431101,1199.93010007698,33.3261739799846
29,8,24843,199.883709696897,0,0,552.330233868695,1320.44583987441,32.3613090206497
29,9,22797,210.815063385533,0,0,571.710400491293,1073.78821774795,45.9007764179497
29,10,17643,239.251261123392,0,0,642.784957206824,1120.69024542311,42.6426344725954
29,11,17612,220.76873722462,0,0,640.571144674086,1205.46684079037,39.5319100613218
29,12,25277,216.381097440361,0,0,487.344582031095,1168.06761087154,44.4601416307315
29,13,16554,221.836957834964,0,0,575.99420079739,1229.77298538118,23.8998429382627
29,14,19908,208.192887281495,0,0,569.658328310227,1251.16952983725,40.6421036769138
29,15,13433,255.701630313407,0,0,609.084121194074,1133.21752400804,32.3530112409737
29,16,15339,281.807875350414,0,0,686.556033639742,1153.93343764261,34.3453289001891
29,17,17557,238.119211710429,0,0,574.743350230677,1174.97476789884,43.4964971236544
30,1,18732,235.639280375827,0,0,659.322496263079,1224.41308989964,25.6390134529148
30,2,31544,212.393577225463,0,0,663.898332487953,1307.11748668527,32.857976160284
30,3,19196,215.261981662846,0,0,522.822983954991,1232.79058137112,31.544019587414
30,4,12316,294.996102630724,0,0,590.415719389412,1147.56089639493,30.0400292302696
30,5,25029,220.87870070718,0,0,680.094090854609,1165.57605177994,47.7326701026809
30,6,17621,253.755859485841,0,0,523.140911412519,1130.81584473072,34.6428693036718
30,7,20160,230.1375,0,0,622.326686507937,1232.00833333333,42.5577380952381
30,8,23237,183.609416017558,0,0,563.395834229892,1294.12914748031,26.0025820889099
30,9,17386,270.685896698493,0,0,563.800874266651,1065.72460600483,35.4640515357184
30,10,15246,282.496786042241,0,0,671.417420962876,1079.29620884166,37.5304342122524
30,11,18176,224.739326584507,0,0,578.313985475352,1168.66813380282,46.6745708626761
30,12,13127,264.440618572408,0,0,640.629923059343,1167.64599680049,36.2323455473452
30,13,17931,225.916624839663,0,0,472.202888851709,1099.24354469912,43.3778930344097
30,14,16843,241.353203111085,0,0,588.646025054919,1262.76684676127,35.3349759544024
30,15,15238,225.669051056569,0,0,554.637682110513,1193.19044494028,39.3820711379446
30,16,18312,288.366535605068,0,0,633.587429008301,1317.53085408475,19.5051878549585
30,17,17112,260.65100514259,0,0,607.86646797569,1059.95476858345,44.8622019635344
31,1,20957,230.134990695233,0,0,644.362504175216,1253.61578470201,35.6933721429594
31,2,19172,278.112768620906,0,0,468.982317963697,1118.11386396829,37.2274671395786
31,3,14045,317.088714845141,0,0,529.086222855109,1165.72296190815,33.2602349590602
31,4,21546,198.835375475726,0,0,711.500371298617,1245.76682446858,27.556158915808
31,5,16141,292.139520475807,0,0,581.816925841026,1105.73911157921,32.2037048510006
31,6,16925,282.101211225997,0,0,656.986528803545,1130.08774002954,29.6282422451994
31,7,13531,243.75057275885,0,0,602.844948636464,1219.67696400857,42.4430566846501
31,8,23668,214.537392259591,0,0,705.244465100558,1226.86268379246,40.2114247084671
31,9,20985,229.216821539195,0,0,543.326233023588,1246.36678579938,33.2300214438885
31,10,11892,356.569206189035,0,0,416.244702320888,1220.05827447023,43.7075344769593
31,11,26837,213.527480716921,0,0,461.453701978612,1236.07374147632,35.9775682825949
31,12,14545,266.898934341698,0,0,605.389480921279,1182.91564111378,32.1474046063939
31,13,20996,232.828300628691,0,0,735.595970661078,1135.35716326919,35.8059154124595
31,14,21466,252.383583341098,0,0,655.176325351719,1042.04947358614,35.4112550079195
31,15,15138,214.866560972387,0,0,686.341326463205,1131.94490685692,45.3875677103977
31,16,12410,266.815471394037,0,0,606.261804995971,1142.88678485093,40.3085414987913
31,17,21182,215.708290057596,0,0,502.309555282787,1178.70182230195,45.9093097913323
32,1,22810,252.02678649715,0,0,750.410390179746,1208.53840420868,32.3833406400701
32,2,27423,211.018087007257,0,0,671.28126025599,1304.93224665427,32.332640484265
32,3,17368,310.816962229387,0,0,693.796407185629,1112.48088438508,31.4025218793183
32,4,24520,203.44942903752,0,0,481.563295269168,1258.46586460033,36.9441680261011
32,5,19401,242.25606927478,0,0,683.057883614247,1236.60244317303,39.4531725168806
32,6,26605,215.751137004322,0,0,467.434241683894,1140.26540124037,40.6135312911107
32,7,16064,232.545256474104,0,0,675.690239043825,1191.953187251,24.4683764940239
32,8,23612,229.216161273929,0,0,732.822929019143,1121.79158902253,42.9792901914281
32,9,17315,221.821253248628,0,0,600.635345076523,1263.86601212821,38.1175859081721
32,10,15014,253.166577860663,0,0,542.878979619022,1209.35693352871,39.9021579858798
32,11,19510,232.907944643772,0,0,493.210251153255,1172.8741670938,28.684264479754
32,12,13800,262.31884057971,0,0,595.327391304348,1132.65253623188,31.6526086956522
32,13,15815,237.732848561492,0,0,620.485361998103,1184.30831489093,39.9319633259564
32,14,17760,237.643243243243,0,0,555.092905405405,1128.7106981982,41.4897522522523
32,15,14446,232.010729613734,0,0,602.461304167243,1205.73189810328,30.9790253357331
32,16,15763,287.99321195204,0,0,656.567848759754,1105.77079236186,37.7429423333122
32,17,23891,262.760997865305,0,0,406.473483738646,1154.91837930601,34.2135532208782
33,1,22240,199.333588129496,0,0,661.646627697842,1309.75553057554,27.9032374100719
33,2,16226,294.336312091705,0,0,518.59232096635,1183.68266978923,31.9988290398126
33,3,19381,235.186471286311,0,0,711.771219235334,1195.47009958206,28.2631443165987
33,4,15989,274.319969979361,0,0,603.413284132841,1060.90187003565,34.418850459691
33,5,17590,266.199374644684,0,0,589.968220579875,1268.34917566799,30.9458783399659
33,6,18885,264.709663754302,0,0,554.409902038655,1163.69854381784,44.1502779984114
33,7,21664,215.356859305761,0,0,730.214272525849,1257.15745014771,38.321547267356
33,8,14643,264.53622891484,0,0,577.351430717749,1212.73366113501,37.8532404561907
33,9,13060,326.915007656968,0,0,603.276493108729,1169.9595712098,28.7057427258806
33,10,19753,232.237989166203,0,0,627.702171822002,1102.6910848985,47.1194755227054
33,11,17061,288.002813434148,0,0,518.329933767071,1077.32377937987,41.6083465213059
33,12,17425,266.993342898135,0,0,649.262611190818,1251.81130559541,36.8755236728838
33,13,20309,291.109606578364,0,0,522.441085233148,1106.85691072923,30.7901423014427
33,14,16642,247.762828986901,0,0,636.066578536234,1194.55161639226,43.2908905179666
33,15,17903,240.408925878344,0,0,447.538848237726,1179.99178908563,37.9088420935039
33,16,11745,289.308471690081,0,0,637.193103448276,1144.60578969774,35.8111536824181
33,17,13883,363.529280414896,0,0,745.640783692285,1290.88028524094,24.1062450479003
34,1,15323,310.941721594988,0,0,717.044638778307,1019.86667101742,43.6370162500816
34,2,24431,220.028038148254,0,0,504.483074782039,1264.49285743523,28.4162334738652
34,3,20246,246.381408673318,0,0,582.57482959597,1203.60105699891,23.5097303170997
34,4,18823,191.045370026032,0,0,617.047016947352,1314.150719864,27.3653509004941
34,5,13854,256.679514941533,0,0,621.768153601848,1142.7164717771,30.7555218709398
34,6,29265,214.491166922945,0,0,467.712591833248,1209.36268580215,39.5724243977447
34,7,24125,231.641823834197,0,0,729.703212435233,1116.80513989637,41.8778860103627
34,8,17113,227.385963887103,0,0,638.44083445334,1228.75813708876,28.9053351253433
34,9,19070,226.309805977976,0,0,625.460199265863,1058.31410592554,38.8379129522811
34,10,14760,225.731029810298,0,0,617.260433604336,1220.45216802168,37.3537262872629
34,11,15675,257.294736842105,0,0,508.981499202552,1153.28657097289,27.9994896331738
34,12,19335,239.714403930696,0,0,697.497439875873,1184.92836824412,36.7961210240497
34,13,22366,205.901278726639,0,0,621.668604131271,1116.54976303318,49.6373960475722
34,14,15221,255.518625583076,0,0,641.909927074437,1166.82984035215,43.0783128572367
34,15,16065,213.545533769063,0,0,546.9802054155,1265.44145658263,36.9104263927793
34,16,20259,208.7520114517,0,0,561.076756009675,1204.60081938891,43.4442963621107
34,17,13331,235.144625309429,0,0,564.447828369965,1149.61900832646,35.6149576175831
35,1,19185,296.79890539484,0,0,548.288193901486,1054.56231430805,33.9890018243419
35,2,19222,276.956196025388,0,0,635.643897617314,1099.48116741234,32.2714597856623
35,3,19813,276.422147075153,0,0,576.079190430525,1225.92595770454,28.37778226417
35,4,15079,270.978380529213,0,0,629.431129385238,1179.40579614033,32.2191789906492
35,5,20427,244.405003182063,0,0,667.325108924463,1153.25975424683,46.2171146032212
35,6,15788,314.776602482898,0,0,567.224664302002,1142.10235621991,28.4721307322017
35,7,17682,235.558986539984,0,0,640.448591788259,1263.07142857143,31.7151340346115
35,8,18485,237.374573978902,0,0,748.208817960509,1134.42515553151,36.6964024885042
35,9,25482,208.597127384036,0,0,588.594498077074,1332.4175103995,29.7107762342045
35,10,12894,243.751124554056,0,0,599.92275476966,1218.61819450907,41.4560260586319
35,11,10063,280.234522508198,0,0,509.927258272881,1368.2115671271,31.7779986087648
35,12,16734,228.871937373013,0,0,568.762160870085,1116.143540098,45.8822756065495
35,13,18286,264.98107842065,0,0,659.269659849065,1053.89494695395,40.9184622115279
35,14,17944,206.259418189924,0,0,502.86825679893,1272.05550601872,37.6468457423094
35,15,12312,279.222547108512,0,0,557.745857699805,1162.87849252762,38.1695094217024
35,16,20470,248.496922325354,0,0,686.980166096727,1188.75710796287,38.8396189545677
35,17,18198,259.961918892186,0,0,502.905484119134,1241.62182657435,25.1314979668095
36,1,18916,248.091985620639,0,0,600.794988369634,1287.70125819412,33.5635440896595
36,2,23674,268.081904198699,0,0,670.00798344175,1204.63314184337,24.0392413618315
36,3,19497,251.548135610607,0,0,730.135713186644,1277.90285684977,32.554444273478
36,4,18313,215.98350898269,0,0,545.423087424234,1241.99273739966,39.9112106154098
36,5,17968,230.207869545859,0,0,531.44339937667,1077.85290516474,36.4091162065895
36,6,17083,239.539893461336,0,0,574.565532986009,1168.21928232746,42.8987882690394
36,7,19295,230.204560767038,0,0,628.87634102099,1303.94822492874,24.8651464109873
36,8,21319,236.628406585675,0,0,622.835967915944,1070.0551151555,45.180636990478
36,9,20078,210.737324434705,0,0,505.276920011953,1143.38086462795,46.5073214463592
36,10,18110,261.664549972391,0,0,648.972943125345,1143.3454445058,41.0979017117615
36,11,15953,248.922710461982,0,0,617.915627154767,1214.155958127,37.6778662320567
36,12,14344,237.995677635248,0,0,563.163273842722,1206.71702453988,23.2569018404908
36,13,13586,246.362284704843,0,0,552.800677167673,1186.18798763433,31.5169291918151
36,14,18733,287.515987828965,0,0,687.450755351519,1201.27753162868,32.3885656328404
36,15,17091,191.185009654204,0,0,507.827336024808,1287.91726639752,31.3544555614066
36,16,14283,293.723937548134,0,0,614.856332703214,1140.59952390954,30.7275782398656
36,17,8023,417.411566745606,0,0,562.411566745606,1010.08650130874,44.2098965474261
37,1,19173,273.928858290304,0,0,682.470192458144,1086.60121003494,31.680070933083
37,2,23604,218.361548890019,0,0,506.99012879173,1304.21284528046,35.8812065751568
37,3,18576,229.194928940568,0,0,621.50242248062,1261.02675495263,39.901270456503
37,4,12916,331.90089811087,0,0,597.877980799009,1154.38448436048,29.4704242799628
37,5,19749,246.220922578358,0,0,527.239556433237,1236.6860094182,25.6028153324219
37,6,17586,262.850278630729,0,0,544.629705447515,1235.72023200273,37.7550892755601
37,7,19783,243.992822120002,0,0,755.753727948238,1145.45635141283,37.4467472071981
37,8,20211,219.811736183267,0,0,714.35401514027,1275.23126020484,36.2493196774034
37,9,17017,245.762825409884,0,0,690.187048245872,1195.31638949286,40.7364400305577
37,10,20057,253.638929052201,0,0,526.824051453358,1155.57177045421,37.9308969437104
37,11,21107,217.042450371915,0,0,671.602643672715,1071.49329606292,44.3947031790401
37,12,17726,286.188028884125,0,0,624.882432584904,1102.09511452104,37.5793185151755
37,13,15327,246.715860899067,0,0,701.493377699485,1185.77621191362,26.8827559209239
37,14,12922,274.604318216994,0,0,635.114378579167,1219.67551462622,31.1842594025693
37,15,21982,245.499408607042,0,0,451.334137021199,1176.42971522154,34.75470839778
37,16,16234,260.915486017001,0,0,606.638905999754,1184.59788099051,38.9531846741407
37,17,8106,412.904761904762,0,0,419.387984209228,1223.37638786084,28.032321736985
38,1,23472,239.841215064758,0,0,563.405248807089,1108.40495057941,46.4305129516019
38,2,19705,261.074651103781,0,0,722.875767571682,1149.0002537427,31.0872367419437
38,3,16801,268.034402714124,0,0,630.909469674424,1264.84173561098,31.0019046485328
38,4,16797,276.016491040067,0,0,520.0564981842,1171.59707090552,40.7177472167649
38,5,17283,272.739628536712,0,0,560.55042527339,1067.59920152751,33.8179714169994
38,6,23431,236.034612265802,0,0,706.306431650378,1281.68938585634,27.8901028551918
38,7,21198,256.866025096707,0,0,533.0766581753,1211.82639871686,29.3722049249929
38,8,18144,255.775462962963,0,0,454.516479276896,1125.88475529101,37.8775352733686
38,9,16224,279.394415680473,0,0,586.289879191321,1217.72497534517,36.5678007889546
38,10,13712,328.440781796966,0,0,615.0625,1160.09590140023,28.6512543757293
38,11,12117,334.05529421474,0,0,616.214326978625,1127.02649170587,36.1349343897004
38,12,19341,268.077348637609,0,0,610.188252934181,1194.70249728556,43.9619461248126
38,13,18046,285.775850604012,0,0,506.356422475895,1139.58893937715,27.0304776681813
38,14,16265,293.854472794344,0,0,662.093452197971,1231.10654780203,38.0137104211497
38,15,16994,210.052783335295,0,0,456.527951041544,1245.96698834883,32.5014122631517
38,16,21564,223.385596364311,0,0,735.997959562233,1222.14913745131,41.174271934706
38,17,6660,426.901501501502,0,0,779.878078078078,1232.30375375375,27.2312312312312
39,1,13985,339.357096889524,0,0,689.047550947444,1303.80243117626,20.7850554165177
39,2,18271,268.244868917957,0,0,646.029938153358,1258.34984401511,36.1897542553774
39,3,26527,226.812115957326,0,0,657.753609529913,1108.94631884495,46.1551626644551
39,4,21783,253.774594867557,0,0,705.968507551761,1208.16825047055,26.308084285911
39,5,21612,185.244308717379,0,0,608.416944290209,1304.59106052193,24.7040995743106
39,6,27740,212.31063446287,0,0,723.754974765681,1286.30180245133,35.6698630136986
39,7,17373,212.795026765671,0,0,576.022563748345,1259.1020549128,31.3836988430323
39,8,18627,252.583668867773,0,0,645.151822623074,1202.6668277232,43.4511730283996
39,9,17663,249.352771329899,0,0,519.417029949612,1167.82369925834,33.3143860046425
39,10,15857,238.145235542663,0,0,586.029261524879,1202.91164785268,37.5053288768367
39,11,18594,252.799774120684,0,0,572.908142411531,1135.71759707433,43.5376465526514
39,12,17731,261.303705374767,0,0,628.675258022672,1059.03355704698,34.3828323275619
39,13,19451,212.436172947406,0,0,455.579147601666,1165.30666803763,39.4675852141278
39,14,21952,245.841244533528,0,0,528.04819606414,1085.03575983965,31.6965652332362
39,15,12032,318.386386303192,0,0,653.161818484043,1142.83435837766,35.4005984042553
39,16,19820,239.53839556004,0,0,531.586478304743,1060.60237134208,42.8262865792129
39,17,13190,277.147687642153,0,0,607.759438968916,1157.24094010614,29.0238817285823
39,18,5178,140.467168791039,0,0,679.194669756663,1257.35921205098,20.4020857473928
40,1,27488,192.966239813737,0,0,483.510040745052,1305.92713183935,31.9101789871944
40,2,27213,248.187226693125,0,0,742.286039760409,1139.03424833719,35.0274501157535
40,3,22681,210.254442044002,0,0,719.4478638508,1230.74432344253,26.2711520656056
40,4,14083,245.380458709082,0,0,598.638997372719,1191.603990627,31.059220336576
40,5,22863,234.072037790316,0,0,634.113852075406,1054.6925162927,36.5144994095263
40,6,22556,207.021324702962,0,0,480.773319737542,1222.7326653662,43.2346604007803
40,7,18083,205.566222418846,0,0,550.295802687607,1260.67615992922,30.167560692363
40,8,23982,218.07176215495,0,0,705.294304061379,1245.53323325828,39.6570761404387
40,9,17461,255.19890040662,0,0,575.125823263272,1115.05692686559,30.9153542179715
40,10,19352,269.556014882183,0,0,446.64964861513,1157.89892517569,33.0582368747416
40,11,18499,266.739337261474,0,0,672.179577274447,1137.24541867128,32.3593167198227
40,12,23296,220.549107142857,0,0,656.422604739011,1254.52111950549,32.5469179258242
40,13,16583,219.820116987276,0,0,591.728034734366,1233.75613580172,40.5608152927697
40,14,14185,235.547127247092,0,0,588.997532604864,1157.97589002467,39.9342262953824
40,15,17815,251.405051922537,0,0,515.6,1188.15312938535,31.3636261577322
40,16,8562,279.602078953516,0,0,417.973020322355,1286.59110021023,38.7571829011913
40,17,15161,211.951652265682,0,0,655.220104214762,1156.03746454719,45.153683793945
41,1,25013,243.622156478631,0,0,722.516691320513,1259.39779314756,27.6170791188582
41,2,20567,280.176885301697,0,0,704.367870861088,1142.26226479312,29.8185928915253
41,3,21250,192.166682352941,0,0,596.902023529412,1315.03651764706,27.8212705882353
41,4,24634,219.649224648859,0,0,744.85727043923,1211.53953884875,40.1465860193229
41,5,23453,221.175158828295,0,0,481.516820875794,1114.43879247857,32.1705538737049
41,6,20135,233.522572634716,0,0,660.603526198162,1261.95103054383,33.1077228706233
41,7,20066,220.072460879099,0,0,528.029452805741,1196.90082727001,40.3133160570119
41,8,26274,198.729352211312,0,0,535.361612240237,1076.40557204841,45.3706325645124
41,9,18670,222.395340117836,0,0,582.364006427424,1139.20562399572,42.8032672737011
41,10,16583,245.556171983356,0,0,592.810106735814,1128.67508894651,32.009889646023
41,11,14648,229.931936100492,0,0,567.584789732387,1204.56656198798,29.650327689787
41,12,16840,224.769239904988,0,0,609.88539192399,1202.54103325416,38.2975653206651
41,13,26616,208.782837391043,0,0,450.939735497445,1209.70363691013,40.9510444845206
41,14,18082,216.764461895808,0,0,618.357150757659,1192.64589094127,23.0330162592634
41,15,22559,198.798572631766,0,0,569.167826588058,1274.73633583049,36.3969590850658
41,16,20572,263.992416877309,0,0,677.070338323935,1154.67611316352,37.6240521096636
41,17,8995,414.984435797665,0,0,460.421901056142,1056.446692607,41.021456364647
42,1,17071,256.503544022026,0,0,574.911721633179,1184.28949680745,30.3292718645656
42,2,16051,275.745000311507,0,0,621.199800635474,1129.51317674911,26.2141299607501
42,3,21713,235.10321005849,0,0,595.724312623774,1259.96108322203,37.4877262469488
42,4,21464,235.684914275065,0,0,657.42354640328,1262.0989563921,29.5025158404771
42,5,16793,264.673554457214,0,0,381.671946644435,1124.93789078783,37.1757875305187
42,6,19139,250.328805057736,0,0,670.21359527666,1193.83708657715,36.5290767542714
42,7,28349,194.207696920526,0,0,453.175138452855,1269.41317154044,37.1834279868778
42,8,18908,274.806960016924,0,0,618.796435371271,1100.34424582187,41.2830547916226
42,9,18506,263.125256673511,0,0,519.801848049281,1144.95012428402,42.0952123635578
42,10,20558,242.004912929273,0,0,731.387634983948,1151.67375231054,33.8560171222882
42,11,22525,210.380155382908,0,0,693.196803551609,1120.83263041065,45.7232852386238
42,12,21031,231.935809043792,0,0,459.331272882887,1158.55646426703,29.4762493462032
42,13,25554,215.006496047586,0,0,441.744697503326,1109.30351412695,42.134929952258
42,14,11275,345.293303769401,0,0,550.048070953437,1115.05853658537,33.1776496674058
42,15,19063,278.541939883544,0,0,649.835020720768,1061.25011802969,34.9754498242669
42,16,15102,270.268441266057,0,0,584.170904515958,1177.76658720699,39.7469209376242
42,17,19388,260.715752011554,0,0,507.808541365793,1217.47482979162,38.4017433463998
43,1,25849,211.721188440559,0,0,562.490309102867,1241.63592402027,28.1090564431893
43,2,17525,277.003994293866,0,0,662.052895863053,1211.37049928673,40.5828245363766
43,3,25552,239.783578584847,0,0,720.827880400751,1125.28643550407,35.6429633688165
43,4,20764,237.23367366596,0,0,543.962627624735,1174.65136775188,23.6147659410518
43,5,18371,229.481193184911,0,0,570.816068804093,1084.27091611779,30.3526209787165
43,6,19172,244.906373878573,0,0,649.413050281661,1258.21291466722,33.8668370540371
43,7,12949,332.57340335161,0,0,638.152058073983,1160.57973588694,29.5728627693258
43,8,15051,278.744003720683,0,0,604.102518105109,1125.64055544482,36.2737359643877
43,9,18315,248.992192192192,0,0,588.310510510511,1214.93966693967,35.9890253890254
43,10,34217,222.544641552445,0,0,729.96791068767,1268.29990940176,31.1457462664757
43,11,19699,226.593228082644,0,0,511.105183004213,1103.07843037718,42.9454287019646
43,12,21329,220.177973650898,0,0,560.540625439542,1187.01078344039,43.751933986591
43,13,19681,243.102383008993,0,0,451.146740511153,1143.78217570245,31.1387124637976
43,14,18080,233.221128318584,0,0,504.981415929204,1174.87372787611,35.7519911504425
43,15,8812,423.112800726282,0,0,793.490921470722,1224.00669541534,34.1763504312301
43,16,23564,183.874893905958,0,0,479.00373451027,1271.13448480733,29.8584281106773
43,17,24290,222.567023466447,0,0,705.089501852614,1197.74660354055,47.2350761630301
44,1,26079,193.006096859542,0,0,476.002300701714,1234.36197706967,42.0945204954178
44,2,26405,222.31808369627,0,0,677.033251278167,1241.75773527741,32.4645711039576
44,3,30980,162.198837959974,0,0,538.38689477082,1337.70516462234,31.7646223369916
44,4,17885,246.86771037182,0,0,574.75034945485,1118.82538440034,30.2208554654739
44,6,17350,231.168069164265,0,0,605.8534870317,1194.30397694525,32.4142363112392
44,7,24885,231.884468555355,0,0,736.808438818565,1187.33031946956,28.699738798473
44,8,16027,248.619267486117,0,0,450.144006988207,1337.38485056467,35.1679041617271
44,9,18846,214.791945240369,0,0,518.503236761116,1209.31136580707,31.976599808978
44,10,21000,196.512857142857,0,0,579.418047619048,1264.21647619048,30.9481428571429
44,11,16116,213.399664929263,0,0,589.17870439315,1238.79138744105,41.4293248945148
44,12,23343,240.876922417855,0,0,445.803281497665,1199.16386068629,29.6789615730626
44,13,26447,228.035051234545,0,0,703.506938405112,1232.76564449654,40.7067720346353
44,14,21023,235.879322646625,0,0,585.719497693003,1052.18974456548,36.7953194120725
44,15,20851,266.148002493885,0,0,721.565248669129,1103.50880053714,38.8047096062539
44,16,14813,222.576790656855,0,0,573.286707621684,1157.61047728347,40.2050226152704
44,17,17880,192.371420581655,0,0,626.737416107383,1157.03853467562,46.1062080536913
44,233,10908,311.576182618262,0,0,663.116244957829,1122.85524385772,34.79033736707
45,1,32366,219.571185812272,0,0,698.418062163999,1300.33077921275,30.9937588827782
45,2,25445,210.674159952839,0,0,497.474081351936,1246.63521320495,23.7709569660051
45,3,23503,210.319193294473,0,0,506.25311662341,1198.24188401481,31.8231289622601
45,4,19045,170.616802310318,0,0,594.484326594907,1306.98671567341,41.8536623785771
45,5,25840,204.308591331269,0,0,546.191911764706,1067.97786377709,40.861919504644
45,6,20128,206.071293720191,0,0,591.377036963434,1282.58833465819,29.1650437201908
45,7,19283,202.174765337344,0,0,567.654462479905,1207.2460198102,42.3448633511383
45,8,18695,247.216902915218,0,0,648.644396897566,1143.03749665686,36.7163947579567
45,9,17803,219.463685895636,0,0,592.293377520643,1199.79980902095,32.7770038757513
45,10,19777,229.885017950144,0,0,666.647418718714,1216.19052434646,28.7879354806088
45,11,24683,182.959445772394,0,0,484.591581250253,1264.87185512296,37.3470809869141
45,12,27360,247.048026315789,0,0,714.905811403509,1100.87233187135,36.8191520467836
45,13,19808,225.072193053312,0,0,566.77044628433,1131.61460016155,35.2732734248788
45,14,25427,198.673300035395,0,0,658.191646674794,1163.35328587722,47.2784048452432
45,15,20873,178.411680160974,0,0,556.895271403248,1349.90092463949,29.7008096584104
45,16,10409,335.134306849841,0,0,614.638966279181,1042.57334998559,46.0550485157076
45,17,14134,206.735036083204,0,0,639.390547615679,1246.53360690533,38.8834017263337
46,1,19767,241.530227146254,0,0,674.747053169424,1136.76045935144,32.0818535943745
46,2,27902,199.564224786754,0,0,484.04028385062,1200.34148089743,44.4895348003727
46,3,22441,198.82933024375,0,0,711.123301100664,1219.28853437904,24.4508266120048
46,4,19111,257.419078017895,0,0,578.203495369159,1108.96849981686,29.0691224948982
46,5,22286,253.711478057974,0,0,440.345912231894,1155.22920218972,31.5106344790451
46,6,27234,192.831570830579,0,0,697.298927810825,1262.87559668062,37.3819857531027
46,7,23111,229.818052009865,0,0,612.358141144909,1050.43468478214,35.9189130716975
46,8,16365,226.298747326612,0,0,431.564069660862,1292.26880537733,37.7832569508097
46,9,29983,167.982456725478,0,0,512.605476436647,1330.41353433612,35.3758129606777
46,10,17172,218.709585371535,0,0,595.835138597717,1234.96337060331,41.1614838108549
46,11,16482,266.872102900133,0,0,506.907050115277,1178.20671035069,34.6786190996238
46,12,18841,189.017674221114,0,0,655.903349079136,1171.28623746086,44.5828246908338
46,13,21920,219.221441605839,0,0,743.248722627737,1138.76893248175,34.7783302919708
46,14,18011,234.678862917106,0,0,594.35339514741,1184.32824385098,32.8990061629004
46,15,19518,209.999077774362,0,0,543.057331693821,1250.29572702121,32.7850189568603
46,16,17056,240.456906660413,0,0,643.8691369606,1264.99173311445,29.2123592870544
46,17,15650,232.074376996805,0,0,592.165750798722,1146.24453674121,40.3863258785942
46,18,6359,128.46406667715,0,0,499.637521622897,1128.10976568643,35.3587041987734
47,1,23467,258.291004389142,0,0,707.403289725998,1180.41202539737,27.1178676439255
47,2,18812,242.066712736551,0,0,624.224165426324,1288.64001701042,30.076600042526
47,3,12592,304.473792884371,0,0,627.692662007624,1052.78168678526,38.881750317662
47,4,26519,221.744635921415,0,0,479.603227874354,1154.51065273955,44.6343753535201
47,5,15975,301.580281690141,0,0,610.907042253521,1134.03417840376,28.0551486697966
47,6,15885,277.072458293988,0,0,549.299905571294,1202.45325779037,27.1904941768964
47,7,20870,216.008528988979,0,0,732.904024916148,1279.7218495448,35.9247244849066
47,8,18185,285.548529007424,0,0,529.237063513885,1158.46884795161,37.4481715699753
47,9,16874,266.30496622022,0,0,598.089131207775,1196.43611473272,21.2365769823397
47,10,20053,243.549693312721,0,0,493.33930085274,1091.12811050716,31.1978257617314
47,11,20033,226.857085808416,0,0,546.527629411471,1268.9890181201,37.9231767583487
47,12,22232,237.599856063332,0,0,666.833123425693,1306.76007556675,24.3579075206909
47,13,18259,264.82956350293,0,0,602.06073717071,1142.73289884441,37.3933950380634
47,14,23476,218.386181632305,0,0,511.141548815812,1294.06943261203,29.030967796899
47,15,18639,246.797360373411,0,0,600.833628413542,1212.75980471055,34.2708299801492
47,16,11525,375.711409978308,0,0,548.110802603037,1023.15826464208,42.3746637744035
47,17,16262,274.836121018325,0,0,688.706247694011,1193.37381625876,37.3686508424548
48,1,19556,278.463745142156,0,0,484.330231131111,1086.7291368378,29.1247187563919
48,2,15548,190.719449446874,0,0,511.248906611783,1296.62664008233,26.1694108567018
48,3,18513,222.689461459515,0,0,547.284610814023,1176.64333171285,38.438718738184
48,4,16956,255.599964614296,0,0,598.065522528898,1105.96897853267,31.9545293701345
48,5,21348,248.046936481169,0,0,479.139357316845,1146.71800637062,42.6838579726438
48,6,9042,279.990267639903,0,0,704.311656713117,1239.84173855342,24.8416279584163
48,7,26090,189.602146416251,0,0,420.850325795324,1204.45001916443,34.2027980068992
48,8,20721,258.479851358525,0,0,433.983639785725,1087.67984170648,41.9003909077747
48,9,26014,197.848427769662,0,0,711.408472361036,1127.10290612747,35.3515030368263
48,10,25840,191.944349845201,0,0,561.674458204334,1142.68854489164,50.1647058823529
48,11,19358,223.565399318111,0,0,648.548765368323,1191.05413782416,38.4099080483521
48,12,17553,236.142311855523,0,0,586.769156269584,1198.03241611121,32.3930951974022
48,13,22634,199.901961650614,0,0,558.712777237784,1231.19364672616,45.345188654237
48,14,5731,325.538823939976,0,0,482.959343919037,1150.77019717327,32.8752399232246
48,15,17440,227.352350917431,0,0,554.258944954128,1038.32436926606,37.2643348623853
48,16,12384,244.190649224806,0,0,591.257105943153,1102.71043281654,41.515746124031
48,17,7651,228.504117108875,0,0,641.438374068749,1205.71154097504,25.7819892824467
48,18,22636,196.945750132532,0,0,680.694866584202,1274.17918360134,38.5379484007775
48,19,5509,270.356507533128,0,0,601.153566890543,1188.06643673988,24.7328008713015
49,1,24158,186.381695504595,0,0,621.119132378508,1316.36625548473,35.5035185031874
49,2,22989,191.792683457306,0,0,600.525773195876,1249.89786419592,42.6590543303319
49,3,24504,225.467189030362,0,0,525.100350963108,1207.1324273588,35.2015997388182
49,4,27759,207.392413271371,0,0,467.979970460031,1210.97680031701,27.5539824921647
49,5,17513,276.545137897562,0,0,575.340318620453,1150.50990692628,27.5582709986867
49,6,18366,217.175487313514,0,0,638.248992703909,1202.56185342481,22.771371011652
49,7,17434,219.959045543191,0,0,622.302282895492,1184.05885052197,36.6409315131352
49,8,16356,218.137075079482,0,0,597.011371973588,1236.5866960137,28.9136096845194
49,9,9727,421.710188136116,0,0,399.431479387273,1113.17261231623,36.9989719337925
49,10,18066,238.672644747039,0,0,574.482508579652,1127.11015166611,36.6740839145356
49,11,10352,230.626931993818,0,0,478.474207882535,1271.79887944359,42.1221020092736
49,12,21578,211.62976179442,0,0,694.145564927241,1222.62392251367,35.7112336639169
49,13,24126,222.13773522341,0,0,670.977824753378,1100.78164635663,28.1678686893808
49,14,25314,186.304456032235,0,0,727.48818835427,1122.6918701114,42.8679386900529
49,15,23355,216.888717619353,0,0,747.758167415971,1223.46110040677,31.0308285163776
49,16,14448,198.384136212625,0,0,590.487541528239,1077.45777962348,46.2041112956811
49,17,6619,297.79679709926,0,0,466.745127662789,1160.21483607796,42.2072820667775
49,18,6944,271.079781105991,0,0,698.030529953917,1143.03456221198,36.1635944700461
49,19,5041,376.222178139258,0,0,436.567347748463,1137.40745883753,36.7371553263241
49,20,5704,147.910413744741,0,0,404.09221598878,1157.16058906031,36.9416199158485
49,21,6037,309.643531555408,0,0,598.081828722876,1042.68709623985,33.7415935067086
50,1,23394,231.899247670343,0,0,592.985936564931,1106.53706078482,33.811789347696
50,2,29144,201.735828987099,0,0,738.445717814988,1206.57160993687,42.3667307164425
50,3,24307,194.528119471757,0,0,624.955568354795,1267.97251820463,46.5979758917184
50,4,8483,265.807379464812,0,0,685.135801013792,1226.61204762466,31.6823057880467
50,5,10648,237.114951164538,0,0,492.86645379414,1203.35349361382,23.8897445529677
50,6,20232,211.137850929221,0,0,557.59420719652,1236.43777184658,28.5213523131673
50,7,22321,228.717799381748,0,0,509.293490435016,1175.96944581336,35.6049908158237
50,8,17923,282.15086760029,0,0,682.425765775819,1184.95943759415,38.3495508564414
50,9,17270,201.0447596989,0,0,558.261262304574,1276.94817602779,37.6286624203822
50,10,19412,230.975324541521,0,0,602.169225221512,1191.11832886874,33.5342571605193
50,11,10071,190.931486446232,0,0,603.436500844008,1313.36272465495,25.4092940125112
50,12,15646,204.392816055222,0,0,585.628211683497,1210.26326217564,42.601623418126
50,13,9611,229.340547289564,0,0,505.333992300489,1089.52595983769,39.8680678389346
50,14,12374,213.052448682722,0,0,598.133101664781,1186.4942621626,20.4640374979796
50,15,24996,181.865338454153,0,0,462.329412706033,1207.08649383901,41.706953112498
50,16,6947,296.509860371383,0,0,667.901108392112,1287.63595796747,26.1520080610335
50,17,13926,312.660634783858,0,0,711.280267126239,1169.75190291541,26.8886974005457
50,18,9706,276.460848959407,0,0,673.69925819081,1310.72058520503,41.971770039151
50,19,12162,295.949597105739,0,0,384.321575398783,1222.72463410623,31.6081236638711
50,20,7939,291.572238317168,0,0,615.957173447537,1115.49326111601,43.6927824663056
50,21,9002,216.031992890469,0,0,433.992668295934,1207.13330371029,31.3893579204621
50,22,7499,234.753567142286,0,0,633.112548339779,1081.80930790772,42.9982664355247
51,1,16853,235.50317450899,0,0,613.397852014478,1174.64599774521,35.4389129531834
51,2,27918,179.440361057382,0,0,616.415968192564,1321.91972920696,30.210974998209
51,3,24029,219.68879270881,0,0,675.883349286279,1197.19805235341,39.0039535561197
51,4,20195,225.680663530577,0,0,620.07917801436,1153.42441198316,25.8652636791285
51,5,22025,244.408853575482,0,0,654.300749148695,1248.48849035187,30.4593870601589
51,6,11648,226.875171703297,0,0,719.313787774725,1295.64938186813,32.092290521978
51,7,15905,193.511851618988,0,0,548.604778371581,1234.68399874253,34.2922980194907
51,8,22355,209.007738760904,0,0,596.998121225677,1251.83547304854,41.629165734735
51,9,23397,209.15198529726,0,0,515.364576655127,1182.67431722016,25.4616831217677
51,10,19439,228.991717680951,0,0,524.143423015587,1139.81413652966,36.3993003755337
51,11,12025,277.91525987526,0,0,719.052557172557,1352.69388773389,30.349106029106
51,12,10861,215.219132676549,0,0,490.684006997514,1187.5442408618,46.8902495166191
51,13,24323,219.717715742302,0,0,460.703449410023,1111.55046663652,38.5332401430745
51,14,20683,191.530919112314,0,0,489.126432335735,1240.56616544989,39.9027703911425
51,15,13877,229.861785688549,0,0,709.946025798083,1106.69438639475,34.4583123153419
51,16,11612,207.551153978643,0,0,610.006889424733,1243.62762659318,21.5284188770238
51,17,8967,238.951488792238,0,0,582.867068138731,1119.14575666332,41.1082859373258
51,18,12121,201.348733602838,0,0,682.296427687485,1165.87369028958,47.1912383466711
51,19,12462,232.822420157278,0,0,747.561226127427,1211.28542770021,34.2998716096935
51,20,6754,300.624222682855,0,0,651.320254663903,1093.8390583358,45.1886289606159
51,21,10814,259.187257259109,0,0,603.015535417052,1048.19909376734,36.7980395783244
52,1,23319,226.09108452335,0,0,524.622453793044,1154.33453407093,34.3015566705262
52,2,22432,225.849277817404,0,0,610.356455064194,1104.53700071327,38.01110021398
52,3,7638,283.372086933752,0,0,606.68407960199,1198.84511652265,18.9769573186698
52,4,22518,214.983169020339,0,0,666.696598276934,1144.98072652989,28.8466115996092
52,5,20676,213.618446508029,0,0,631.340829947766,1278.27737473399,33.4614045269878
52,6,24108,204.701758752281,0,0,553.302306288369,1215.09353741497,42.0244317239091
52,7,19413,236.136454952867,0,0,595.09158811106,1185.6137639726,33.7491371761191
52,8,27808,175.31746260069,0,0,667.74205264672,1352.47871116226,31.9174338319908
52,9,22491,177.737628384687,0,0,637.881063536526,1286.36472366724,43.6018851985239
52,10,13303,234.693227091633,0,0,559.462226565436,1152.25287529129,23.427497556942
52,11,12837,242.656072291034,0,0,524.026953338007,1074.92077588222,31.2970320168264
52,12,10702,229.481218463839,0,0,545.969631844515,1069.7112689217,40.8278826387591
52,13,24972,185.288683325324,0,0,636.318076245395,1113.47913663303,46.18793048214
52,14,17424,199.018595041322,0,0,645.520431588613,1210.33230027548,40.4555211202938
52,15,10519,240.417149919194,0,0,559.482555375986,1269.6580473429,30.3138131001046
52,16,11284,215.809021623538,0,0,504.396401985112,1252.94523218717,25.8867422899681
52,17,6719,223.845066230094,0,0,618.923649352582,1322.20077392469,23.3519869028129
52,18,11095,212.161964849031,0,0,709.176475890041,1099.58422712934,36.793510590356
52,19,8218,393.834631297153,0,0,574.457288878073,1033.32806035532,44.9615478218545
52,20,10909,185.190118250985,0,0,576.530754422954,1343.54817123476,39.3886699055825
52,21,5761,235.59347335532,0,0,728.919111265405,1173.28467279986,40.6340913035931
52,22,10756,219.924414280402,0,0,465.379323168464,1212.02073261435,31.701561918929
52,23,5020,277.892629482072,0,0,701.423306772908,1256.1406374502,25.1193227091633
53,1,17777,256.565280981043,0,0,689.657535017157,1365.04415818192,30.3177138999831
53,2,9746,245.699569053971,0,0,537.79006772009,1064.66581161502,40.633490662836
53,3,24703,180.403473262357,0,0,597.727846820224,1328.14577176861,30.2015544670688
53,4,25344,247.423966224747,0,0,645.680555555556,1257.50288036616,29.4342250631313
53,5,17921,231.462474192288,0,0,614.882261034541,1186.06567713855,34.8313710172423
53,6,8834,304.420081503283,0,0,561.904573239755,1057.83880461852,30.1913063165044
53,7,22281,249.615726403662,0,0,606.033077509986,1156.55127687267,25.3380458686773
53,8,20085,210.76639283047,0,0,484.219716206124,1225.85835200398,38.0720438137914
53,9,24482,224.233028347357,0,0,577.195122947472,1251.54378727228,41.5227922555347
53,10,8187,281.889825332845,0,0,657.359472334188,1081.33308904361,29.0549651887138
53,11,20371,251.17186196063,0,0,540.037602474105,1144.13008688822,35.7251975848019
53,12,11717,225.615601263122,0,0,513.094648800888,1273.15840232141,25.5647350004267
53,13,22118,203.916628989963,0,0,671.805633420743,1216.32001085089,38.9992313952437
53,14,12957,215.53615806128,0,0,701.619510689203,1126.47518715752,33.5510534846029
53,15,11523,211.470103271717,0,0,645.908096849779,1104.41421504816,44.2344875466458
53,16,14334,191.31519464211,0,0,700.697153620762,1302.47209432119,34.381331100879
53,17,14984,230.528697277096,0,0,543.604511478911,1235.58502402563,32.6494260544581
53,18,13903,219.544558728332,0,0,485.40940804143,1175.9783499964,45.7320002877077
53,19,12311,221.939160100723,0,0,592.313297051417,1254.81666802047,21.7265859800179
53,20,11051,185.857659940277,0,0,677.404397792055,1167.93919102344,45.7874400506741
53,21,11345,212.136271485236,0,0,740.980520052887,1213.7626267078,32.5958572058175
53,22,14393,301.804140901827,0,0,462.711179045369,1114.23553116098,38.1423608698673
53,23,7848,292.149464831804,0,0,592.464831804281,1127.16360856269,41.2438837920489
54,1,20507,250.472814161018,0,0,632.867996293948,1248.5350368167,28.0318915492271
54,2,20799,214.957353718929,0,0,650.721813548728,1315.78441271215,29.6005096398865
54,3,21971,255.306267352419,0,0,668.847526284648,1145.04965636521,27.9817486686996
54,4,20128,203.253676470588,0,0,596.734250794913,1240.49781399046,41.6953497615262
54,5,27478,193.377793143606,0,0,659.65095712934,1131.57518742267,46.3383797947449
54,6,11465,296.321761883995,0,0,590.501875272569,1069.23654600959,50.1746184038378
54,7,22691,190.617601692301,0,0,678.261910008373,1275.24586840598,39.2142699748799
54,8,22222,227.238592385924,0,0,604.773422734227,1187.37714877149,32.5981909819098
54,9,10039,217.725669887439,0,0,576.089451140552,1135.99501942425,22.9274828170136
54,10,15304,234.089453737585,0,0,679.227522216414,1203.0657997909,37.7215107161526
54,11,14056,188.361624928856,0,0,612.665694365396,1343.9125640296,37.6989186112692
54,12,9850,233.421116751269,0,0,746.299796954315,1166.26416243655,38.6150253807107
54,13,11022,184.567682816186,0,0,470.717474142624,1226.89266920704,37.5413718018508
54,14,15050,196.930099667774,0,0,521.610897009967,1133.7596013289,28.172292358804
54,15,9610,246.034235171696,0,0,653.709677419355,1216.48189386056,20.1899063475546
54,16,12652,251.446885867847,0,0,532.186215618084,1168.28612077142,37.9410369901992
54,17,10100,174.129603960396,0,0,575.007920792079,1327.65475247525,24.4926732673267
54,18,12916,211.901130380923,0,0,519.705171879839,1080.24372870858,36.6822545679777
54,19,13957,324.451243103819,0,0,616.678942466146,1112.80841154976,39.6323708533352
54,20,9526,202.991811883267,0,0,554.825110224648,1260.05994121352,30.0955280285534
54,21,11317,248.117699036847,0,0,706.652469735796,1094.59370858001,35.7836882566051
54,22,10295,197.081593006314,0,0,494.348518698397,1256.59728023312,30.6916949975716
54,23,12538,188.986760248844,0,0,553.73137661509,1107.81400542351,45.1172435795183
54,24,6241,139.013940073706,0,0,602.768146130428,1067.84505688191,39.5257170325268
55,1,21674,242.31872289379,0,0,587.767324905417,1105.29514625819,36.734243794408
55,2,14635,273.361940553468,0,0,600.489101469081,1272.93331055688,27.6539118551418
55,3,10637,224.492338065244,0,0,677.791576572342,1121.08517439128,24.5433862931278
55,4,14293,228.97789127545,0,0,618.792765689498,1386.72504022948,28.9254880011194
55,5,7674,337.709278081835,0,0,498.675658066198,1079.11571540266,36.2260880896534
55,6,16118,205.973383794515,0,0,721.538466310957,1174.87281300409,28.2152872564834
55,7,10212,267.815119467293,0,0,594.484430082256,1059.56942812378,28.88258911085
55,8,17170,222.065695981363,0,0,538.674723354688,1210.4284216657,34.1152009318579
55,9,17436,195.828343656802,0,0,598.882771277816,1238.18742830925,40.9514796971783
55,10,26835,187.553828954723,0,0,555.739593814049,1322.66819452208,32.1793553195454
55,11,19233,216.659855456767,0,0,623.383507513129,1178.83507513128,33.0024957104976
55,12,12679,173.843441911823,0,0,661.690511870021,1328.19070904645,31.2933985330073
55,13,12195,204.550389503895,0,0,534.571627716277,1240.5532595326,23.3318573185732
55,14,11312,191.743016265912,0,0,654.835661244696,1052.19359971711,42.666018387553
55,15,11095,234.227489860297,0,0,473.459846777828,1235.58215412348,29.4214511041009
55,16,12887,208.85512532009,0,0,580.212850159075,1162.32513385582,47.2284472724451
55,17,24216,215.356086884704,0,0,521.67971589032,1185.8789230261,41.7834489593657
55,18,15545,215.032422000643,0,0,715.955612737215,1269.23885493728,26.3403023480219
55,19,10992,201.008551673945,0,0,721.52019650655,1150.18231441048,41.0795123726346
55,20,12365,188.800161746866,0,0,733.502547513142,1215.68524059846,41.3653052972099
55,21,11162,253.637609747357,0,0,682.488532521054,1233.40942483426,34.6067013080093
55,22,16292,286.870058924626,0,0,567.37282101645,1153.06174809723,24.3080653081267
55,23,8303,242.655184872937,0,0,667.813561363363,1130.26195351078,39.2128146453089
55,24,6961,241.510846142796,0,0,626.175980462577,1100.89398074989,46.1687975865537
55,25,7092,132.873942470389,0,0,557.911449520587,1106.77411167513,25.0592216582064
56,1,21659,215.313033842744,0,0,548.019668498084,1248.59813472459,26.7602382381458
56,2,32927,194.66012694749,0,0,717.458225772163,1203.98338749355,42.1964345370061
56,3,10888,213.581373989713,0,0,558.908614988979,1183.02351212344,20.093772961058
56,4,14836,210.426934483688,0,0,550.399299002427,1068.54900242653,33.4764761391211
56,5,19588,192.56136410047,0,0,611.163314274045,1302.55115376761,32.8808964672248
56,6,19841,233.9130588176,0,0,657.697394284562,1237.50194042639,32.5725013860188
56,7,11080,212.353158844765,0,0,557.557761732852,1092.84133574007,25.9165162454874
56,8,22620,206.66967285588,0,0,595.925110521662,1247.23616268789,40.7210433244916
56,9,12607,241.098278734037,0,0,734.415721424605,1243.07456175141,30.4229396367098
56,10,14825,228.366812816189,0,0,727.846610455312,1166.62637436762,30.6236087689713
56,11,24737,261.492986214982,0,0,638.437886566682,1148.57986012855,25.3244936734446
56,12,11513,201.984104924868,0,0,469.681403630678,1168.75410405628,39.0801702423348
56,13,12424,203.24090470058,0,0,602.865502253703,1272.44768190599,21.3852221506761
56,14,14240,191.795997191011,0,0,652.609901685393,1123.87844101124,46.9037921348315
56,15,12773,187.309872387066,0,0,504.617709230408,1156.25796602208,45.0056368903155
56,16,8871,181.623605005073,0,0,479.793033479878,1255.27775898997,33.9030548979822
56,17,6706,243.206233223979,0,0,570.38219504921,1203.08842827319,41.7603638532657
56,18,13248,179.403683574879,0,0,535.345259661836,1301.70259661836,36.6313405797101
56,19,13367,222.612478491808,0,0,620.085883145059,1048.75566694097,40.7872372260043
56,20,4473,341.951039570758,0,0,586.783813995082,1087.67896266488,38.9420970266041
56,21,10440,268.095977011494,0,0,723.414655172414,1129.6872605364,48.3636015325671
56,22,12843,285.851592307093,0,0,580.797321498092,1181.86934516857,32.6042201977731
56,23,9986,220.870618866413,0,0,498.418485880232,1197.25986380933,33.8836370919287
56,24,8767,190.505075852629,0,0,445.255389528915,1233.84624158777,29.0670696931676
56,25,3907,402.353468134118,0,0,634.710775531098,1126.68082928078,35.0115177885846
57,1,22236,226.094711279007,0,0,635.693200215866,1096.67840438928,37.8044612340349
57,2,28748,199.623834701544,0,0,469.93943926534,1255.24019062196,39.650236538194
57,3,16829,190.815972428546,0,0,670.345831600214,1223.74110166974,22.328064650306
57,4,11153,225.346902178786,0,0,630.853581995876,1072.2195821752,28.6251232852147
57,5,19168,196.912875626043,0,0,567.124426126878,1132.22396702838,44.6265651085142
57,6,13332,243.189618961896,0,0,468.884863486349,1345.66869186919,33.1033603360336
57,7,15068,157.254579240775,0,0,557.348752322803,1324.83076718874,33.3342845765861
57,8,12661,175.639680909881,0,0,674.872995813917,1295.67948819209,35.4866914145802
57,9,21105,198.843070362473,0,0,577.832741056622,1216.49670694148,42.9195451314854
57,10,12342,222.229784475774,0,0,473.445794846864,1179.66982660833,29.9155728407065
57,11,12679,193.073743986119,0,0,671.918684438836,1155.79375345059,22.1523779477877
57,12,14552,214.718595382078,0,0,531.786352391424,1163.53731445849,38.1988042880704
57,13,12823,233.283397020978,0,0,455.015674959058,1143.50939717695,37.7231537081806
57,14,11219,225.464925572689,0,0,581.875389963455,1043.04002139228,37.3427221677511
57,15,13388,198.350388407529,0,0,718.040708096803,1238.04302360323,36.2982521661189
57,16,14321,182.105928356958,0,0,569.728091613714,1302.72208644648,21.7502269394595
57,17,9784,201.469746524939,0,0,735.060609157809,1121.35517170891,38.1888798037612
57,18,12171,182.917590994988,0,0,641.038452058171,1162.95193492729,46.5585407936899
57,19,6879,223.253525221689,0,0,611.929204826283,1277.56185492077,24.2192179095799
57,20,6588,286.579690346084,0,0,488.775500910747,1297.98694596236,33.2029447480267
57,21,9009,199.029748029748,0,0,700.843045843046,1149.997002997,41.8266178266178
57,22,8666,231.340180013847,0,0,698.009346872836,1177.985921994,35.7606738979922
57,23,8962,227.967641151529,0,0,577.677638919884,1227.91475117161,26.1352376701629
57,24,11734,258.47801261292,0,0,616.37617180842,1179.36960968127,32.5879495483211
57,25,9592,215.797018348624,0,0,641.170141784821,1226.3623853211,38.5155337781485
57,26,4650,361.03376344086,0,0,514.756129032258,1115.79569892473,33.569247311828
57,27,5544,302.408910533911,0,0,614.151515151515,1180.87121212121,21.3558802308802
57,28,6730,126.22823179792,0,0,579.539227340267,1174.2897473997,26.3992570579495
58,1,10110,295.023639960435,0,0,650.283481701286,1089.38961424332,26.9527200791296
58,2,8350,233.028502994012,0,0,597.987664670659,1187.47305389222,41.9795209580838
58,3,15009,221.860217203012,0,0,662.646012392564,1250.81484442668,22.7822639749484
58,4,8358,334.926417803302,0,0,694.993060540799,1167.43299832496,29.6834170854271
58,5,14249,238.941399396449,0,0,582.912485086673,1253.85472664748,30.1785388448312
58,6,10616,246.403541823662,0,0,612.933402411454,1053.50894875659,30.7737377543331
58,7,23866,199.207282326322,0,0,654.268876225593,1307.18042403419,33.783709042152
58,8,17960,234.571993318486,0,0,500.130066815145,1173.12912026726,31.5774498886414
58,9,12116,224.682238362496,0,0,495.431908220535,1240.03755364807,41.530373060416
58,10,11170,220.910832587287,0,0,711.579409131602,1220.99606087735,40.7210384959713
58,11,14356,230.260727222067,0,0,667.121203677905,1066.4597380886,35.2934661465589
58,12,7210,464.6826629681,0,0,752.990984743412,1305.15242718447,36.8932038834951
58,13,11766,231.443481217066,0,0,577.306816250212,1130.28684344722,45.8258541560428
58,14,8726,311.040110016044,0,0,711.950263580105,1271.07735503094,36.3221407288563
58,15,10111,228.14063890812,0,0,550.435960834734,1109.6497873603,25.1635842152112
58,16,8453,231.846918253874,0,0,580.584881107299,1227.19212114042,23.7135928072874
58,17,14707,197.926157612021,0,0,511.570748623105,1271.86958591147,33.4465220643231
58,18,16627,238.339447885969,0,0,575.762735310038,1253.15384615385,38.8337643591748
58,19,8091,290.686318131257,0,0,551.043875911507,1109.07736991719,40.251884810283
58,20,12967,223.024600910002,0,0,762.342176293669,1165.84846147914,32.4641011799183
58,21,10921,235.597472758905,0,0,484.842688398498,1159.5324603974,40.6133137991026
58,22,6575,322.166996197719,0,0,642.291406844107,1155.73384030418,25.5677566539924
58,23,14193,176.037483266399,0,0,592.611146339745,1311.4953145917,24.383780736983
58,24,8988,213.193925233645,0,0,483.403649310191,1191.03382287494,24.5065643079662
58,25,12144,196.694416996047,0,0,644,1154.82279314888,45.5694169960474
58,26,9960,220.618172690763,0,0,483.773694779116,1102.13915662651,39.7706827309237
58,27,8172,280.288301517376,0,0,718.10988742046,1125.43502202643,34.8076358296623
58,28,4842,346.321354812061,0,0,532.460553490293,1153.34820322181,36.9533250722842
59,1,12131,217.561783859533,0,0,583.138076003627,1056.58387602011,36.3223147308548
59,2,17255,247.646537235584,0,0,598.08971312663,1152.68310634599,27.8142567371776
59,3,17108,216.189151274258,0,0,610.795943418284,1248.33493102642,22.8714051905541
59,4,14636,205.849070784367,0,0,714.442538945067,1239.81101393823,26.4781361027603
59,5,11515,197.159444203213,0,0,572.561875814155,1063.32739904472,42.8970039079462
59,6,22671,218.012879890609,0,0,652.698337082617,1117.0281416788,39.4482819460985
59,7,11243,182.162590056035,0,0,502.484568175754,1287.94903495508,38.4719380948146
59,8,16319,224.931613456707,0,0,656.84999080826,1196.56087995588,31.0547214902874
59,9,17510,215.816447744146,0,0,678.792061679041,1120.11182181611,29.424100513992
59,10,8443,290.976785502783,0,0,543.96032216037,1300.57680919105,18.8423546132891
59,11,13323,186.959018239135,0,0,670.09194625835,1303.65420701043,31.8383247016438
59,12,15103,160.684367344236,0,0,521.523869429915,1341.70522412766,33.6795338674436
59,13,10670,222.597656982193,0,0,694.049859418932,1227.13242736645,35.804404873477
59,14,9579,198.875039148137,0,0,637.949785990187,1276.08602150538,40.0255767825452
59,15,12154,182.497943064012,0,0,653.150074049696,1188.62769458614,46.9154187921672
59,16,15305,197.623260372427,0,0,721.912250898399,1141.56968311009,40.7700751388435
59,17,8028,210.835700049826,0,0,541.298953662182,1281.81651718984,24.7473841554559
59,18,11757,242.975674066514,0,0,488.007144679765,1109.14280853959,35.6520370842902
59,19,9112,229.437335381914,0,0,534.301251097454,1155.35864793679,32.2569139596137
59,20,11726,228.767184035477,0,0,608.9220535562,1074.49172778441,29.1289442265052
59,21,6701,253.741680346217,0,0,587.037307864498,1121.25130577526,37.9756752723474
59,22,8982,250.94477844578,0,0,531.332887998219,1122.32865731463,40.3225339568025
59,23,13884,194.367617401325,0,0,587.659896283492,1271.98624315759,46.3333333333333
59,24,12449,206.528797493775,0,0,472.509117198169,1173.53972206603,31.9884328058479
59,25,14838,171.130004043672,0,0,497.463000404367,1236.91838522712,43.6628925731231
59,26,14554,187.171567953827,0,0,491.573313178508,1253.49841967844,27.1510924831661
59,27,11105,195.998018910401,0,0,568.861773975687,1290.0882485367,36.8212516884286
59,28,9969,175.292707392918,0,0,556.526833182867,1214.48379977932,47.7541378272645
60,1,24217,258.420572325226,0,0,667.113845645621,1223.2274022381,27.5866540033861
60,2,11544,267.926195426195,0,0,630.929313929314,1150.32553707554,20.8814102564103
60,3,10537,215.451266964032,0,0,534.187150042707,1167.18923792351,21.5857454683496
60,4,18721,255.089952459804,0,0,619.269430051814,1227.69942844934,39.820041664441
60,5,10066,294.34134710908,0,0,546.220544406914,1101.64702960461,23.9431750447049
60,6,9903,268.357770372614,0,0,589.800464505705,1081.24093708977,29.6918105624558
60,7,10546,264.491086667931,0,0,668.620329982932,1108.83396548454,32.4047032050066
60,8,9577,259.990393651457,0,0,555.5636420591,1267.75472486165,27.4904458598726
60,9,11637,220.382143164046,0,0,461.953940018905,1088.15768668901,36.5048552032311
60,10,9722,232.513166015223,0,0,470.915243777001,1139.47757663032,30.7542686689981
60,11,14675,262.755229982964,0,0,644.29594548552,1157.01008517888,36.7211584327087
60,12,13796,258.487822557263,0,0,576.3922876196,1134.86372861699,44.9138155987243
60,13,13783,194.825872451571,0,0,474.420953348328,1185.38351592542,25.7860407748676
60,14,12471,199.864325234544,0,0,499.266377996953,1263.37799695293,38.0890866811002
60,15,15236,193.490483066422,0,0,617.695261223418,1296.5351142032,24.3144526122342
60,16,12614,210.969081972412,0,0,654.271048041858,1291.62636752814,38.0361503091803
60,17,10247,226.058456133502,0,0,641.308870889041,1301.9293451742,30.1540938811359
60,18,21982,211.021563097079,0,0,703.721635883905,1210.2285961241,37.4803930488582
60,19,11473,203.841279525843,0,0,533.506754989976,1307.38481652576,33.0974461779831
60,20,12797,204.468547315777,0,0,470.836055325467,1192.66414003282,41.9586621864499
60,21,11192,239.369817726948,0,0,716.118924231594,1167.01983559685,26.2354360257327
60,22,10649,292.392806836323,0,0,529.010047891821,1114.33233167434,32.2206779979341
60,23,10653,320.815451046654,0,0,496.372664977002,1126.8672674364,50.026659157045
60,24,13020,232.125652841782,0,0,604.03801843318,1057.68064516129,37.3989247311828
60,25,10369,274.222972321342,0,0,497.572475648568,1140.47005497155,43.3075513550005
60,26,11624,210.582587749484,0,0,677.699587061253,1094.18100481762,41.476083964212
60,27,10059,229.51018987971,0,0,556.760811213838,1240.27636942042,35.3373098717566
60,28,7959,262.555471792939,0,0,605.461992712652,1245.83025505717,28.8744817188089
61,1,10487,273.427958424716,0,0,658.935443882903,1126.0355678459,40.6877085915896
61,2,20456,240.17608525616,0,0,659.942070786077,1200.7655455612,22.8781286664059
61,3,16755,282.387526111608,0,0,612.602029245002,1144.35792300806,27.4275738585497
61,4,16553,232.767111701806,0,0,596.381441430556,1226.09690086389,27.3312994623331
61,5,19318,277.853608033958,0,0,696.261362459882,1204.16155916762,32.6084480795113
61,6,13631,250.568263516983,0,0,635.167779326535,1066.42814173575,38.3800895018707
61,7,13280,217.890060240964,0,0,682.744352409639,1291.43170180723,39.4640813253012
61,8,9672,319.720223325062,0,0,434.181141439206,1142.11786600496,28.0048593879239
61,9,10212,252.713376419898,0,0,473.582843713279,1160.08196239718,33.4465334900118
61,10,10506,267.628212450029,0,0,598.869788692176,1124.92337711784,34.9755377879307
61,11,12336,208.487273022049,0,0,492.075064850843,1106.60740920882,36.2303826199741
61,12,11688,199.628422313484,0,0,631.846937029432,1233.8955338809,46.3156228610541
61,13,6953,285.435207823961,0,0,666.313533726449,1163.43880339422,36.3489141377823
61,14,11635,220.558401375161,0,0,614.197335625269,1292.47296948861,28.8071336484744
61,15,12136,268.229152933421,0,0,668.535349373764,1107.71168424522,25.7771094264997
61,16,12949,225.526218240791,0,0,564.57093211831,1071.30658738126,36.9226195072979
61,17,11679,247.084082541313,0,0,710.34386505694,1125.50800582242,32.1929103519137
61,18,11145,180.460744728578,0,0,553.646478241364,1272.62700762674,21.474113952445
61,19,9998,204.542208441688,0,0,524.626625325065,1191.58641728346,44.0127025405081
61,20,8766,218.607460643395,0,0,569.220967373945,1294.34804928131,36.2904403376683
61,21,10381,203.972931316829,0,0,589.839610827473,1285.71284076679,43.8140834216357
61,22,11489,204.25694142223,0,0,732.641657237357,1140.06649838976,38.0971363913308
61,23,9663,242.140846527993,0,0,542.291834833902,1232.73041498499,38.7313463727621
61,24,5444,244.068332108744,0,0,448.277920646583,1253.56245407788,28.04335047759
61,25,12040,202.070348837209,0,0,460.751162790698,1215.86926910299,41.1325581395349
61,26,12159,236.57899498314,0,0,711.529977794227,1285.26614030759,29.060695780903
61,27,11933,174.890890807006,0,0,519.077180926841,1293.72496438448,29.843459314506
61,28,14280,201.938235294118,0,0,580.077100840336,1172.90609243697,47.6460784313726
61,29,4637,312.618072029329,0,0,534.735820573647,1124.97412119905,26.2900582273021
62,1,14052,238.387346996869,0,0,477.575220609166,1091.8976658127,36.3374608596641
62,2,11034,231.072865687874,0,0,541.255301794454,1164.09615733188,21.3042414355628
62,3,16350,209.109541284404,0,0,481.860183486239,1190.65877675841,25.9664220183486
62,4,21071,221.92895448721,0,0,628.120782117602,1240.63689430971,38.3656209956813
62,5,21027,192.793313359015,0,0,704.850287725306,1218.07376230561,36.1238883340467
62,6,12409,212.972600531872,0,0,527.170118462406,1312.25400918688,31.2426464662745
62,7,8158,258.496812944349,0,0,548.276415788183,1271.2810737926,26.2960284383427
62,8,13498,241.243295303008,0,0,639.45710475626,1149.42887835235,20.3192324788858
62,9,10602,233.924825504622,0,0,677.299188832296,1113.36955291454,32.4272778720996
62,10,16636,230.53510459245,0,0,643.029995191152,1158.58812214475,37.4785405145468
62,11,10677,295.340170459867,0,0,544.555493116044,1138.05516530861,49.7564859042802
62,12,10906,291.041169998166,0,0,562.102328993215,1105.39171098478,23.9354483770402
62,13,9758,239.261426521828,0,0,604.645009223201,1089.52039352326,30.2480016396803
62,14,11980,202.504757929883,0,0,652.262020033389,1306.10809682805,36.8266277128548
62,15,9991,217.994194775298,0,0,551.07366629967,1244.06585927335,34.8218396556901
62,16,14791,204.553985531742,0,0,483.998850652424,1191.7689135285,42.1200054086945
62,17,10987,208.598525530172,0,0,725.126513151907,1167.91408027669,25.9935378174206
62,18,9758,227.636708341873,0,0,570.948759991802,1220.93728222997,44.7108013937282
62,19,13135,275.569927674153,0,0,654.420175104682,1229.06258089075,26.3360487247811
62,20,10072,197.5145949166,0,0,637.191024622716,1308.97408657665,28.4528395552025
62,21,12565,210.391802626343,0,0,616.212495025865,1056.98432152805,36.9705531237565
62,22,12011,263.391391224711,0,0,543.03213720756,1140.53401049038,43.0676046956956
62,23,12322,194.970215874046,0,0,606.284856354488,1299.84750852134,22.8630904074014
62,24,9574,266.157718821809,0,0,488.473052015876,1149.15656987675,30.8300605807395
62,25,12289,200.690129384002,0,0,502.564325819839,1271.42558385548,38.1463097078688
62,26,11691,190.22880848516,0,0,683.127191856984,1104.94842186297,42.2325720639808
62,27,8698,253.958266268108,0,0,582.344676937227,1239.49482639687,27.7436192228098
62,28,11359,290.403644687032,0,0,547.741790650585,1124.64591953517,32.1351351351351
62,29,10596,244.169120422801,0,0,546.385617214043,1054.25,41.6227821819555
63,1,11793,289.448655982362,0,0,623.517764775714,1101.49715933181,24.2361570423132
63,2,20205,232.267755506063,0,0,571.91992081168,1242.06953724326,38.6488987874289
63,3,20409,190.246410897153,0,0,528.981282767407,1277.74153559704,31.7178695673477
63,4,11800,253.515847457627,0,0,533.19093220339,1120.97457627119,22.686186440678
63,5,12546,245.871512832775,0,0,587.555954088953,1236.82934799936,23.304399808704
63,6,11290,237.187865367582,0,0,585.281488042516,1060.74534986714,28.4317094774136
63,7,10678,234.518636448773,0,0,596.938658924892,1165.21296122869,40.2277580071174
63,8,15880,246.587783375315,0,0,614.609005037783,1249.87424433249,30.8394206549118
63,9,12540,213.150398724083,0,0,639.178628389155,1310.20733652313,26.8208133971292
63,10,13360,226.689745508982,0,0,685.726047904192,1229.16549401198,23.9360778443114
63,11,7596,387.063322801474,0,0,743.164165350184,1276.64073196419,38.6486308583465
63,12,17032,213.988609675904,0,0,623.684417566933,1052.23091827149,35.9059417566933
63,13,12334,194.587400681044,0,0,498.736906113183,1219.8316036971,22.1816928814659
63,14,10829,253.623233908948,0,0,676.217379259396,1094.90525440946,34.4330963154493
63,15,13572,205.538829944002,0,0,737.310492189803,1128.18803418803,32.7636310050103
63,16,9780,242.166462167689,0,0,747.555112474438,1211.13609406953,29.5631901840491
63,17,10677,245.079142081109,0,0,708.512503512223,1227.99728388124,36.0457057225812
63,18,14233,230.730696269233,0,0,474.751914564744,1174.34553502424,38.5301763507342
63,19,12804,260.456810371759,0,0,548.213292721025,1126.87121212121,35.9347079037801
63,20,13718,179.791223210381,0,0,702.845239830879,1178.12968362735,42.4402974194489
63,21,10358,233.53716933771,0,0,470.876906738753,1113.94661131493,36.8833751689515
63,22,9540,318.635744234801,0,0,665.237002096436,1149.26394129979,29.6823899371069
63,23,13816,233.417993630573,0,0,548.806239143023,1120.57375506659,45.3199913144181
63,24,9789,270.219021350495,0,0,639.427009909082,1171.97926243743,23.7638165287568
63,25,5278,353.080712391057,0,0,542.251799924214,1196.67260325881,33.3501326259947
63,26,14141,199.923555618415,0,0,617.25662965844,1154.50017679089,46.0201541616576
63,27,13442,214.302484749293,0,0,505.762014581163,1246.94777562863,41.1598720428508
63,28,12721,204.529439509473,0,0,655.08529203679,1258.60246835941,42.3518591305715
63,29,5856,308.315915300546,0,0,462.753415300546,1176.95235655738,27.0544740437158
64,1,11019,263.667664942372,0,0,548.592249750431,1124.42771576368,22.4922406751974
64,2,9548,237.516652702137,0,0,522.957687473816,1107.84562211982,29.728948470884
64,3,11568,266.414246196404,0,0,502.831863762102,1172.26694329184,27.8223547717842
64,4,13185,214.195221843003,0,0,434.835798255593,1210.00462646947,26.3349260523322
64,5,15563,202.603675383923,0,0,558.851442523935,1242.44072479599,20.029364518409
64,6,13968,189.980240549828,0,0,636.828035509737,1308.93513745704,28.0244845360825
64,7,9761,239.283475053785,0,0,645.472287675443,1245.96168425366,25.3740395451286
64,8,12130,257.664468260511,0,0,459.770568837593,1221.95037098104,36.4103874690849
64,9,12067,219.963039695036,0,0,500.049059418248,1225.70829535096,23.8953343830281
64,10,14601,168.048969248682,0,0,569.527703581946,1322.81199917814,32.4752414218204
64,11,11891,230.83937431671,0,0,577.761836683206,1087.24514338575,36.3812967790766
64,12,15094,182.504438849874,0,0,481.88326487346,1297.55618126408,33.1089174506426
64,13,15440,217.222409326425,0,0,593.224093264249,1234.63270725389,39.7014248704663
64,14,12377,192.650965500525,0,0,578.745091702351,1265.07279631575,31.5838248363901
64,15,11126,232.469980226496,0,0,415.526065072802,1163.13589789682,34.5619270177962
64,16,13919,186.36008333932,0,0,662.188662978662,1253.93857317336,40.7246210216251
64,17,11572,219.270048392672,0,0,634.299343242309,1092.91591773246,25.2876771517456
64,18,15975,223.454084507042,0,0,543.564820031299,1164.00982785603,38.9724569640063
64,19,9737,226.60686042929,0,0,608.585704015611,1185.98983259731,33.4495224401766
64,20,8257,262.314642121836,0,0,707.655322756449,1115.50647935085,34.5722417342861
64,21,10644,179.49812100714,0,0,508.831266441188,1271.31764374295,41.6532318677189
64,22,10151,207.642005713723,0,0,596.587331297409,1166.82021475717,19.7368732144616
64,23,9272,221.275668679896,0,0,623.780737704918,1200.60623382226,27.0850949094047
64,24,13186,204.033520400425,0,0,519.78416502351,1110.15524040649,44.1732898528743
64,25,12977,230.50342914387,0,0,471.864991908762,1101.29698697696,35.9421283809817
64,26,7973,358.087545465948,0,0,415.871691960366,1247.96400351185,41.429449391697
64,27,11571,197.365050557428,0,0,666.31570305073,1062.17492005877,36.217958689828
64,28,12373,213.027155903984,0,0,702.247716802716,1215.19485977532,32.8520973086559
64,29,19525,177.06437900128,0,0,634.336594110115,1160.23708066581,42.0684250960307
64,30,11216,196.075338801712,0,0,709.179208273894,1213.46264265335,26.7004279600571
65,1,16688,233.637943432407,0,0,588.955896452541,1258.04674017258,30.7267497603068
65,2,15388,214.750909799844,0,0,641.630231349103,1265.92546139849,21.8782817780088
65,3,17721,247.687094407765,0,0,567.957903052875,1232.71231871791,39.0169290672084
65,4,14764,198.022758060146,0,0,567.764426984557,1313.55181522623,26.5739636954755
65,5,9329,289.115232072033,0,0,453.496301854432,1148.97116518384,30.1944474220174
65,6,11125,250.277483146067,0,0,621.064719101124,1195.92521348315,22.7510112359551
65,7,20972,210.600228876597,0,0,498.904587068472,1242.50729544154,33.9023936677475
65,8,11892,278.393205516314,0,0,634.327783383787,1114.97317524386,23.0352337706021
65,9,12105,285.304832713755,0,0,719.095084675754,1333.36257744734,35.9621643948782
65,10,8916,255.632794975325,0,0,582.427882458502,1116.34017496635,33.4348362494392
65,11,11696,244.051214090287,0,0,694.320451436388,1266.16424418605,33.4569938440493
65,12,15793,176.564680554676,0,0,646.073640220351,1175.68448046603,44.8390426138162
65,13,10718,281.120451576787,0,0,670.175872364247,1176.66859488711,27.5799589475648
65,14,12786,252.24745815736,0,0,539.400125136868,1222.70217425309,24.0953386516502
65,15,10890,219.108815426997,0,0,621.140404040404,1062.41258034894,28.1734618916437
65,16,12536,221.2219208679,0,0,462.512843012125,1181.41249202297,24.7546266751755
65,17,13198,254.98924079406,0,0,540.881724503713,1102.08152750417,23.6051674496136
65,18,13728,190.822698135198,0,0,709.352054195804,1227.32648601399,40.4576048951049
65,19,15103,227.733496656293,0,0,510.525458518175,1213.77487916308,43.714957293253
65,20,11630,203.722098022356,0,0,747.493551160791,1188.47050730868,29.37067927773
65,21,10949,212.415106402411,0,0,624.343319024568,1166.03835966755,39.3005753950132
65,22,15203,199.285930408472,0,0,671.169440242057,1077.14681312899,34.662895481155
65,23,8600,270.263372093023,0,0,584.371511627907,1084.21558139535,38.1367441860465
65,24,9655,188.376903158985,0,0,644.831796996375,1288.90357327809,40.5490419471776
65,25,13536,235.066046099291,0,0,493.646793735225,1127.84626182033,38.8579343971631
65,26,12217,222.790455922076,0,0,513.941393140706,1066.35458786936,37.1361217974953
65,27,12063,214.285086628534,0,0,599.588079250601,1111.439691619,44.7348089198375
65,28,9083,270.998458659033,0,0,556.736210503138,1180.97643950237,33.4297038423428
65,29,11102,203.385155827779,0,0,716.379931543866,1273.35173842551,26.1353810124302
65,30,12192,216.291748687664,0,0,706.229248687664,1136.00877624672,32.1081856955381
66,1,11505,253.719252498914,0,0,517.25988700565,1182.01529769665,26.5706214689266
66,2,17615,229.164689185353,0,0,612.186091399376,1231.72636957139,39.4198126596651
66,3,13195,230.864645699128,0,0,700.788859416446,1077.49821902236,32.417203486169
66,4,13431,247.80306753034,0,0,728.194252103343,1218.89710371529,32.1667783485965
66,5,17832,181.296265141319,0,0,573.724315836698,1268.49315836698,20.6661619560341
66,6,13638,196.562399178765,0,0,648.627071418097,1316.76404164834,29.889793224813
66,7,10793,224.70592050403,0,0,542.720837579913,1117.74733623645,28.4630779208746
66,8,15539,219.187335092348,0,0,563.708861574104,1160.00366818972,37.6420619087457
66,9,22342,195.445125772088,0,0,653.883179661624,1150.98487154239,40.4464237758482
66,10,11684,235.464994864772,0,0,477.909619993153,1220.39096199932,36.4433413214653
66,11,9783,221.777982214045,0,0,632.652049473577,1216.55361341102,26.294592660738
66,12,12007,220.228033647039,0,0,652.059715166153,1114.74298325977,22.4353293911885
66,13,12084,264.62073816617,0,0,715.000248262165,1140.25281363787,31.7261668321748
66,14,10586,200.457302097109,0,0,590.136973361043,1269.31418855092,31.7461741923295
66,15,11651,200.621920865162,0,0,516.239807741825,1247.60801647927,24.4012531113209
66,16,14958,210.042853322637,0,0,683.576681374515,1247.82464233186,41.8077283059232
66,17,10998,248.250136388434,0,0,564.780596472086,1147.71194762684,20.6845790143662
66,18,11200,227.248303571429,0,0,658.645357142857,1263.00241071429,25.4397321428571
66,19,15122,170.905964819468,0,0,590.658775294273,1322.99933871181,35.361658510779
66,20,9108,233.050175669741,0,0,630.140316205534,1186.70630215195,32.9420289855072
66,21,13206,228.638270483114,0,0,608.193851279721,1090.51234287445,33.9402544298046
66,22,11270,223.66876663709,0,0,719.497071872227,1229.78207630878,25.3590949423248
66,23,10986,191.80020025487,0,0,617.988894957218,1196.63371563808,18.4534862552339
66,24,13870,209.866762797404,0,0,495.293583273252,1099.94059120404,34.6383561643836
66,25,16440,172.615145985401,0,0,496.140632603406,1293.81070559611,35.7068126520681
66,26,13215,192.599924328415,0,0,449.224971623156,1222.48876276958,26.5464245175936
66,27,12721,211.235044414747,0,0,545.136074208002,1094.16343054791,41.4550742866127
66,28,10943,183.609613451522,0,0,527.288769076122,1252.38700539157,42.8177830576624
66,29,10451,226.0110037317,0,0,434.386183140369,1165.17070136829,34.8240359774184
66,30,8020,304.824314214464,0,0,429.800249376559,1238.02032418953,42.3061097256858
67,1,15030,200.261610113107,0,0,611.855555555556,1295.46673320027,26.2461077844311
67,2,14542,243.374501444093,0,0,519.885779122542,1046.8137120066,38.6308623298033
67,3,17800,228.458426966292,0,0,653.609887640449,1150.77528089888,38.1922471910112
67,4,15282,195.800680539196,0,0,626.193757361602,1305.2834707499,37.968983117393
67,5,12082,257.153451415329,0,0,582.257904320477,1105.75939414004,44.2732163549081
67,6,13269,193.426784233929,0,0,565.365061421358,1265.66259703067,22.258572612857
67,7,15256,226.710736759308,0,0,477.019598846356,1154.51612480336,29.4718799160986
67,8,21700,206.125023041475,0,0,696.376958525346,1238.17898617512,35.0019815668203
67,9,10018,252.3627470553,0,0,529.861349570773,1233.6133958874,27.4726492313835
67,10,11963,298.879294491348,0,0,574.601270584302,1085.12822870517,24.4667725486918
67,11,17510,235.983323814963,0,0,616.781838949172,1231.90770988007,39.4534551684752
67,12,13400,248.299328358209,0,0,623.906417910448,1154.94649253731,19.6397014925373
67,13,14809,198.168748733878,0,0,501.260922412047,1267.40738739955,33.4912553177122
67,14,11162,230.424834259093,0,0,531.953950904856,1147.38917756674,21.8036194230425
67,15,11901,266.04957566591,0,0,502.166792706495,1108.41920846988,34.9284093773632
67,16,10294,275.681950650865,0,0,668.68651641733,1247.58266951622,24.5790751894307
67,17,11024,321.823657474601,0,0,567.239749637155,1083.3604862119,33.4490203193033
67,18,11996,243.435645215072,0,0,542.689396465488,1200.35086695565,36.7244081360453
67,19,11350,240.155154185022,0,0,631.021497797357,1084.56422907489,30.6061674008811
67,20,9468,252.045310519645,0,0,559.817807351077,1189.37051119561,28.0196451204056
67,21,13538,203.903826266805,0,0,516.866006795686,1245.9813118629,41.4136504653568
67,22,10625,252.728470588235,0,0,620.843482352941,1200.53411764706,31.7810823529412
67,23,12682,190.310203437944,0,0,723.263680807444,1123.5190821637,40.1532881249014
67,24,14108,255.653388148568,0,0,587.795506095832,1098.29862489368,51.3880068046498
67,25,12763,239.906056569772,0,0,699.46956044817,1147.12105304396,29.8322494711275
67,26,12310,200.27327376117,0,0,602.722664500406,1186.21909017059,47.6883834281072
67,27,11195,213.879231799911,0,0,613.614470745869,1034.65368468066,43.2478785171952
67,28,11208,233.428533190578,0,0,719.700392576731,1215.72849750178,23.4972341184868
67,29,15522,213.097345702873,0,0,515.382360520552,1149.75170725422,45.3556886999098
67,30,12174,206.88845079678,0,0,671.532939050435,1058.25932314769,37.2143091835058
68,1,10126,254.519553624333,0,0,638.133616432945,1103.95378234248,41.0379221805254
68,2,16052,199.526663344132,0,0,638.586406678296,1238.48884874159,43.0393097433342
68,3,10016,225.477535942492,0,0,614.537440095847,1195.82547923323,38.411142172524
68,4,15574,210.989983305509,0,0,502.961153204058,1196.4777834853,33.2483626557082
68,5,8525,258.154369501466,0,0,503.245630498534,1061.46064516129,42.0669794721408
68,6,12037,242.403921242835,0,0,557.42718285287,1256.55769710061,29.3832350253385
68,7,14981,223.820038715707,0,0,689.093318203057,1128.23342901008,33.6067018223083
68,8,10879,238.116738670834,0,0,551.511076385697,1016.8432760364,33.7918926371909
68,9,10748,272.116207666543,0,0,654.196687755862,1175.71929661332,29.8770934127279
68,10,13720,223.777915451895,0,0,655.847084548105,1158.96793002915,44.8334548104956
68,11,19154,198.405293933382,0,0,469.492012112352,1159.03899968675,42.422574919077
68,12,12073,248.875672989315,0,0,625.9710925205,1192.45614180403,24.1845440238549
68,13,7684,232.244013534617,0,0,533.997657470068,1328.03279541905,27.0965642894326
68,14,10266,246.21371517631,0,0,540.013150204559,1140.01266315995,38.2878433664524
68,15,10827,314.534958899049,0,0,585.666759028355,1141.28151842616,27.0616052461439
68,16,17100,200.304678362573,0,0,624.12298245614,1282.4985380117,33.8246783625731
68,17,9475,283.238522427441,0,0,590.659736147757,1061.38364116095,27.4906596306069
68,18,8631,218.399490209709,0,0,527.043911481868,1112.3472367049,27.7351407716371
68,19,12299,184.962273355557,0,0,537.884949995935,1293.98983657208,37.3641759492642
68,20,8778,236.18637502848,0,0,605.962861699704,1112.36488949647,36.4292549555707
68,21,10880,203.743014705882,0,0,552.088419117647,1073.92426470588,46.8362132352941
68,22,10912,220.922928885631,0,0,465.924211876833,1103.59530791789,33.2397360703812
68,23,16159,193.273655547992,0,0,532.467603193267,1190.84627761619,48.7359985147596
68,24,9815,218.650636780438,0,0,638.149363219562,1045.68079470199,33.5821701477331
68,25,18101,236.078172476659,0,0,538.216728357549,1209.80774542843,41.211811502127
68,26,10461,215.340216040531,0,0,454.604339929261,1043.93031258962,39.7653188031737
68,27,11073,189.6896956561,0,0,520.66133839068,1222.94500135465,22.6766910503025
68,28,11682,203.052645095018,0,0,475.138674884438,1159.70381783941,25.3997603150146
68,29,11544,194.721413721414,0,0,607.685204435204,1045.34052321552,44.2801455301455
68,30,10943,192.649364890798,0,0,425.701087453166,1198.36891163301,31.1845015078132
69,1,13719,259.909978861433,0,0,478.445149063343,1091.22151760332,38.4209490487645
69,2,16677,253.17539125742,0,0,581.249025604125,1147.02656353061,20.4737063020927
69,3,18035,296.0747435542,0,0,588.681619074023,1134.17804269476,28.6134183532021
69,4,18694,187.763774473093,0,0,693.288916229806,1266.38862736707,36.7553760564887
69,5,12835,219.298714452668,0,0,542.819867549669,1253.80755746007,21.6790027269186
69,6,11138,221.417310109535,0,0,610.522625246903,1054.76997665649,32.6409588795116
69,7,17822,251.98586017282,0,0,546.559757602963,1124.7120974077,36.8347547974414
69,8,14724,228.960065199674,0,0,671.603096984515,1221.87231730508,24.3151317576745
69,9,13214,194.827682760708,0,0,679.026562736492,1204.62797033449,40.9624640532768
69,10,12659,212.346551860337,0,0,682.127735208152,1142.63820206967,26.9381467730468
69,11,12608,243.646097715736,0,0,556.670447335025,1199.09644670051,31.729298857868
69,12,9984,271.809094551282,0,0,627.556790865385,1009.35016025641,40.6081730769231
69,13,10217,244.550650875991,0,0,634.291670744837,1266.69707350494,28.2145443868063
69,14,14211,156.949264654141,0,0,610.237984659771,1322.49159102104,36.830835268454
69,15,11959,233.517267330044,0,0,622.059871226691,1086.22493519525,40.3626557404465
69,16,11318,230.473670259763,0,0,648.782470401131,1175.16469340873,31.8755080402898
69,17,13475,190.671020408163,0,0,687.194508348794,1094.0319851577,35.833172541744
69,18,13916,205.591836734694,0,0,516.551810865191,1312.56000287439,36.6999137683242
69,19,11280,196.293617021277,0,0,581.020124113475,1305.23005319149,24.001329787234
69,20,13277,190.684943887926,0,0,585.930029374106,1076.89764253973,46.5614220079837
69,21,11284,222.351914214817,0,0,610.521534916696,1246.26160935838,33.6227401630627
69,22,15437,241.686856254454,0,0,474.49828334521,1199.04735376045,37.1327978234113
69,23,10967,281.730281754354,0,0,493.06911644023,1252.80395732653,26.9570529771132
69,24,12194,214.794735115631,0,0,609.825569952436,1198.31843529605,44.2404461210431
69,25,14770,183.927555856466,0,0,576.438185511171,1280.98246445498,43.8993906567366
69,26,14475,213.912607944732,0,0,509.712953367876,1132.42991364421,45.5011398963731
69,27,12575,171.635308151093,0,0,670.948628230616,1155.37654075547,46.7648508946322
69,28,12676,187.576680340802,0,0,436.654544020196,1246.85878826128,29.4798832439255
69,29,10910,194.570577451879,0,0,538.912190650779,1204.52153987168,43.267919340055
69,30,11065,312.734387708992,0,0,495.804789877994,1145.64410302756,27.3749661093538
70,1,19160,225.142588726514,0,0,653.124425887265,1219.60887265136,32.4855427974948
70,2,19503,249.509613905553,0,0,611.497256832282,1145.66882018151,27.8730451725376
70,3,14122,197.416442430251,0,0,668.248831610254,1321.89739413681,28.8207760940377
70,4,12694,233.440680636521,0,0,493.679218528439,1115.7119899165,27.7704427288483
70,5,16070,163.501244555072,0,0,547.461107654014,1334.37324206596,28.287616677038
70,6,12232,210.227681491171,0,0,540.765614780903,1156.43574231524,21.7351209941138
70,7,14436,223.526530894985,0,0,604.085619285121,1071.65308949848,26.8117206982544
70,8,14987,195.05337959565,0,0,579.555481417228,1246.07993594449,19.8384599986655
70,9,15447,197.364731015731,0,0,654.442869165534,1188.82993461514,42.4426749530653
70,10,12295,251.911671411143,0,0,631.123058153721,1272.82708418056,25.7547783651891
70,11,11922,214.401694346586,0,0,564.395403455796,1051.31982888777,37.3792987753733
70,12,9926,205.965545033246,0,0,661.910336490026,1198.23211767076,21.722748337699
70,13,12625,196.678891089109,0,0,510.353267326733,1272.47825742574,29.5648316831683
70,14,12707,196.25395451326,0,0,526.33674352719,1272.19131187534,43.5119225623672
70,15,12038,227.619538129257,0,0,563.154593786343,1295.99285595614,35.1613224788171
70,16,10666,200.76448528033,0,0,521.063097693606,1185.29317457341,35.6866679167448
70,17,12693,199.243283699677,0,0,474.135428976601,1201.0157567163,42.3524777436382
70,18,11142,244.866630766469,0,0,590.118829653563,1162.76458445521,35.7197092084006
70,19,9440,266.592478813559,0,0,492.451377118644,1136.94671610169,34.40625
70,20,15724,196.555901806156,0,0,680.261193080641,1290.72468837446,38.1500890358687
70,21,11251,213.40129766243,0,0,546.168251710959,1191.94071638077,27.4284952448671
70,22,9736,229.288722267872,0,0,600.762633525062,1095.13311421528,41.7311010682005
70,23,13366,204.079979051324,0,0,497.351563669011,1080.21562172677,39.7703127338022
70,24,12731,182.324797737805,0,0,603.470347969523,1260.86505380567,40.461157803786
70,25,12070,180.657249378625,0,0,646.486826843413,1102.72071251036,46.2078707539354
70,26,16229,173.511368537803,0,0,454.103025448272,1228.66516729312,32.7040483085834
70,27,16053,240.166199464275,0,0,728.037376191366,1219.56917710085,34.968728586557
70,28,8196,263.031600780869,0,0,675.710102489019,1288.3659102001,18.8906783796974
70,29,13442,191.462356792144,0,0,544.953950305014,1180.8795566136,47.5556464811784
70,30,6948,245.047495682211,0,0,674.343552101324,1098.51295336788,36.9555267702936
70,31,7276,253.060885101704,0,0,677.856514568444,1133.93265530511,30.4268829026938
71,1,20784,298.059420708237,0,0,579.567888760585,1160.10955542725,26.326356812933
71,2,16406,232.836523223211,0,0,476.799097891015,1094.01761550652,31.3264659270998
71,3,8393,347.010842368641,0,0,399.715000595735,1169.55474800429,28.921243893721
71,4,20812,226.185758216414,0,0,539.462041130117,1227.44642513934,32.0182106477032
71,5,12773,290.346042433258,0,0,470.660768809207,1170.20120566821,33.4429656306271
71,6,13442,204.985046868026,0,0,532.41429846749,1298.97098646035,29.6320488022616
71,7,11341,233.353672515651,0,0,620.449166740146,1201.18631513976,32.405872498016
71,8,13797,237.241356816699,0,0,571.157208088715,1065.43581938102,27.8101036457201
71,9,13642,196.039876850902,0,0,614.831183110981,1289.76674974344,35.4500073303035
71,10,11754,241.906925302025,0,0,488.703930576825,1161.8456695593,23.9686915092734
71,11,15978,183.742395794217,0,0,686.728313931656,1236.84998122418,42.8410940042559
71,12,16005,231.71808809747,0,0,468.342642924086,1124.71034051859,42.6251796313652
71,13,13296,200.069118531889,0,0,434.505866425993,1225.79332129964,36.4316335740072
71,14,11182,212.338043283849,0,0,717.439098551243,1184.75183330352,27.5248613843677
71,15,19079,185.933487080036,0,0,608.329943917396,1070.4357146601,42.577179097437
71,16,13383,227.493088246283,0,0,646.681162669058,1069.30478965852,30.3100948965105
71,17,9643,219.547962252411,0,0,628.263818313803,1142.09208752463,37.9033495800062
71,18,13343,251.31132428989,0,0,629.301356516526,1146.12111219366,21.0235329386195
71,19,11221,190.506550218341,0,0,567.407361197754,1235.85928170395,41.4396221370644
71,20,12726,180.73125884017,0,0,741.503928964325,1142.81533867672,34.2252868143957
71,21,13812,184.790182450043,0,0,506.1702143064,1285.51781059948,38.3153055314219
71,22,11665,185.183111873125,0,0,709.942306043721,1305.23609087012,32.7281611658808
71,23,10272,229.473617601246,0,0,696.736565420561,1243.09248442368,31.8330412772586
71,24,12043,230.792576600515,0,0,538.724072075064,1099.33745744416,41.6800631071992
71,25,14384,206.542338709677,0,0,602.542477753059,1199.75493604004,47.4534204671858
71,26,11898,168.964279710876,0,0,671.939317532358,1144.74004034291,45.0894267944192
71,27,11347,254.702035780382,0,0,573.649246496871,1111.92896800917,32.9676566493346
71,28,13567,247.221788162453,0,0,529.960787204246,1179.42957175499,43.3474607503501
71,29,6271,303.798596715037,0,0,553.208898102376,1214.26247807367,22.7446978153405
71,30,8856,245.526987353207,0,0,670.998532068654,1117.49232158988,34.6850722673893
71,31,6813,225.200058711287,0,0,675.289153089681,1289.80155584911,26.4100983414061
72,1,19709,226.612461312091,0,0,667.581967629002,1268.42280176569,41.5140291237506
72,2,11028,287.285817918027,0,0,486.222705839681,1111.87305041712,48.7499093217265
72,3,18010,179.290949472515,0,0,586.08339811216,1323.69677956691,34.1800666296502
72,4,12365,196.536433481601,0,0,545.130772341286,1235.23210675293,36.4405175899717
72,5,12448,256.519440874036,0,0,515.273939588689,1139.69778277635,40.6272493573265
72,6,12458,270.221223310323,0,0,494.733986193611,1135.32228287044,29.4231818911543
72,7,14721,217.126621832756,0,0,705.120508117655,1267.64941240405,30.1496501596359
72,8,13204,267.391396546501,0,0,690.119660708876,1199.79612238716,27.401393517116
72,9,11029,223.984586091214,0,0,601.631335569861,1277.09384350349,29.0015413908786
72,10,14049,242.384796070895,0,0,724.962132536124,1148.20592212969,24.4854438038295
72,11,15081,249.75876931238,0,0,648.747695776142,1109.78264040846,28.7119554406206
72,12,12501,259.063034957203,0,0,524.023278137749,1149.45732341413,21.7350611951044
72,13,18923,226.623738307879,0,0,612.004703271151,1219.23193996724,40.1734925751731
72,14,13015,210.352900499424,0,0,569.833269304649,1051.19316173646,33.1854782942758
72,15,14971,225.516398370182,0,0,435.960857658139,1151.04568833077,34.7455079820987
72,16,12054,238.1943753111,0,0,630.105193296831,1190.72175211548,32.6260992201759
72,17,20556,221.938022961666,0,0,593.121959525199,1128.27048063826,36.6288674839463
72,18,9878,221.800668151448,0,0,566.67382061146,1234.59779307552,27.9916987244381
72,19,16391,221.017021536209,0,0,639.658898175828,1064.93758770057,38.4135196144225
72,20,14637,181.568354170937,0,0,542.89950126392,1288.14026098244,41.3937965430074
72,21,12709,223.200487843261,0,0,615.376426154693,1165.72893225273,19.0876544181289
72,22,14306,209.30308961275,0,0,506.216133091011,1070.07227736614,40.6759401649658
72,23,14679,164.67300224811,0,0,655.822808093194,1293.42427958308,23.1123373526807
72,24,12700,209.066771653543,0,0,471.224488188976,1213.40614173228,31.8825984251968
72,25,11957,221.220289370243,0,0,562.842184494438,1117.96428870118,28.2501463577821
72,26,11379,185.959135249143,0,0,565.076456630635,1180.80569470076,47.8346954916952
72,27,18168,173.953544693967,0,0,491.216039189784,1267.85865257596,26.6879678555702
72,28,16617,193.75813925498,0,0,482.760967683697,1211.35680327376,43.9162303664921
72,29,8636,250.872047244094,0,0,740.472904122279,1166.04782306623,31.3405511811024
72,30,12985,199.977435502503,0,0,553.872545244513,1236.37705044282,20.0224104736234
72,31,9399,209.469730822428,0,0,636.659857431642,1156.92541759762,43.4206830513884
73,1,15156,218.92154922143,0,0,592.140472420164,1266.39225389285,26.0706650831354
73,2,14719,224.791018411577,0,0,636.044704123921,1226.68815816292,18.2054487397242
73,3,15658,261.621279856942,0,0,563.297866905096,1065.95331459957,31.3860646314983
73,4,15684,213.731701096659,0,0,660.653277225198,1078.2928462127,38.314779393012
73,5,11327,308.624702039375,0,0,637.186192283923,1178.7111326918,23.5118742826874
73,6,13168,248.480634872418,0,0,655.306652490887,1105.79898238153,24.8218408262454
73,7,16150,219.368916408669,0,0,691.636408668731,1301.71405572755,36.798080495356
73,8,12205,238.44317902499,0,0,674.510446538304,1134.8834903728,34.1638672675133
73,9,19070,263.31027792344,0,0,542.807131620346,1229.7687467226,33.8501835343471
73,10,15965,189.535922330097,0,0,591.25474475415,1273.60400876918,49.1555277168807
73,11,18957,182.09653426175,0,0,537.071424803503,1317.81595189112,33.6966292134831
73,12,13621,250.866529623376,0,0,479.633286836502,1139.65443065854,40.3068790837677
73,13,22422,291.584827401659,0,0,552.489653019356,1132.24025510659,34.6080189099991
73,14,11577,310.732227692839,0,0,598.481903774726,1185.74578906452,30.3943163168351
73,15,10922,325.827412561802,0,0,441.768265885369,1217.96822926204,46.65711408167
73,16,12104,218.364838070059,0,0,621.201255783212,1292.32964309319,41.7366159947125
73,17,11914,201.404985731073,0,0,642.602904146382,1219.26196071848,45.9521571260702
73,18,13788,199.032854656223,0,0,487.477516681172,1286.01936466493,42.3011314186249
73,19,10529,254.445341437933,0,0,576.775002374394,1182.56339633393,20.0110171906164
73,20,11428,236.752712635632,0,0,606.384669233462,1158.63886944347,40.8249037451873
73,21,17298,205.871314602844,0,0,536.448144294138,1162.75413342583,47.9213781940109
73,22,11124,217.554566702625,0,0,670.771395181589,1188.69084861561,36.3851132686084
73,23,13186,252.103746397695,0,0,521.790762930381,1225.65592294858,42.4949946913393
73,24,12386,201.073147101566,0,0,731.733408687228,1127.92572259002,28.0270466655902
73,25,15654,215.788169158043,0,0,592.165836207998,1092.12016098122,43.2833141689025
73,26,13183,193.391716604718,0,0,619.100659940833,1282.10096336191,34.3179094288098
73,27,12647,190.694393927414,0,0,709.621965683561,1266.96125563375,26.9270973353364
73,28,17648,173.388202629193,0,0,708.536718041704,1185.86060743427,43.5808023572076
73,29,11420,187.882486865149,0,0,747.872942206655,1222.51987740806,35.0743432574431
73,30,9204,251.889613211647,0,0,493.663407214255,1164.41786179922,31.3014993481095
73,31,14804,234.955552553364,0,0,490.173736827884,1258.38178870576,28.3596325317482
74,1,12105,232.571829822387,0,0,616.640231309376,1126.35547294506,27.3790169351508
74,2,17680,227.021832579186,0,0,710.785407239819,1120.06872171946,27.9662330316742
74,3,13903,283.806660433,0,0,612.853412932461,1072.11565849097,31.6615119039056
74,4,22934,175.339713961803,0,0,586.160765675416,1327.39182000523,38.0788349175896
74,5,12431,232.443246721905,0,0,583.254444533827,1269.0037808704,23.4613466334165
74,6,18765,267.782414068745,0,0,668.834265920597,1186.158326672,32.649240607514
74,7,12956,226.038900895338,0,0,556.039518369867,1169.37550169805,18.383914788515
74,8,14581,232.772100678966,0,0,555.246279404705,1088.07153144503,24.7829366984432
74,9,15860,245.116519546028,0,0,656.977427490542,1194.69564943253,22.9109709962169
74,10,11717,212.341384313391,0,0,566.853460783477,1177.44132457114,38.2553554664163
74,11,13837,211.519187685192,0,0,547.666257136663,1098.91876851919,37.4631784346318
74,12,14657,200.994064269632,0,0,616.43371767756,1262.79054376748,17.0511700893771
74,13,11302,220.741550168112,0,0,533.869403645372,1172.84454078924,31.2729605379579
74,14,12183,245.969793975211,0,0,611.76294837068,1234.16293195436,29.8188459328573
74,15,12415,214.280950463149,0,0,481.083044703987,1150.15650422876,25.2280306081353
74,16,12831,192.593718338399,0,0,645.551243083158,1300.41493258515,23.9268957992362
74,17,14264,186.038418395962,0,0,469.890002804262,1256.94398485698,25.7164890633763
74,18,12471,166.306150268623,0,0,537.292518643252,1316.31088124449,27.4552161013551
74,19,15217,223.426496681343,0,0,609.265821121115,1045.2585923638,39.4726292961819
74,20,13116,272.298261665142,0,0,659.893107654773,1139.79017993291,39.8862458066484
74,21,16994,181.370307167235,0,0,607.191420501353,1139.47822760974,46.4551018006355
74,22,17596,262.077688110934,0,0,739.449931802682,1207.46857240282,29.6337804046374
74,23,11967,305.102782652294,0,0,610.60198880254,1261.89822010529,39.41305256121
74,24,15547,195.430565382389,0,0,486.455586286743,1244.96629574838,38.6670740335756
74,25,15708,219.525273745862,0,0,480.431563534505,1121.86879297173,34.940094219506
74,26,9816,225.634168704156,0,0,521.644152404238,1232.41045232274,31.829869600652
74,27,11283,189.856332535673,0,0,670.223965257467,1223.35229992023,45.0023043516795
74,28,10946,234.077379864791,0,0,710.003837018089,1123.91649917778,47.6155673305317
74,29,14538,177.530953363599,0,0,532.442633099463,1210.76881276654,44.5943045810978
74,30,9024,205.672872340426,0,0,689.072030141844,1265.41744237589,35.9849290780142
74,31,13372,210.660783727191,0,0,721.297113371223,1103.06079868382,39.0146574932695
75,1,15225,259.546206896552,0,0,493.434482758621,1217.37333333333,34.4804597701149
75,2,17315,234.405024545192,0,0,677.236846664742,1281.64458561941,35.1386081432284
75,3,12666,258.392941733775,0,0,562.482551713248,1137.47339333649,26.2633033317543
75,4,15291,237.84696880518,0,0,676.843306520175,1042.46805310313,34.1597671833104
75,5,18762,211.3515616672,0,0,627.39494723377,1274.52398464982,22.9617844579469
75,6,15420,281.497016861219,0,0,596.578793774319,1153.19306095979,19.6519455252918
75,7,11151,295.955250650166,0,0,677.861626759932,1113.56183301946,35.5068603712672
75,8,10830,214.11135734072,0,0,648.680147737765,1078.98614958449,40.6780240073869
75,9,17230,210.457748113755,0,0,660.051828206616,1218.24033662217,45.5611723737667
75,10,15280,240.977879581152,0,0,487.171138743456,1088.1372382199,30.4229712041885
75,11,13771,298.547236947208,0,0,512.981047128023,1177.93239416164,23.5296637862174
75,12,16364,279.916829626008,0,0,586.113480811538,1070.13664140797,31.7980933757028
75,13,16489,260.619018739766,0,0,504.196373339802,1080.99678573595,39.8385590393596
75,14,17107,182.649383293389,0,0,596.619921669492,1314.22861986321,37.285964809727
75,15,12859,193.91873396065,0,0,754.534256162999,1193.16377634342,30.4358814837857
75,16,13252,236.576667672804,0,0,684.128659824932,1190.63107455478,21.6889526109267
75,17,17329,250.089387731548,0,0,663.782791851809,1092.05626406602,23.9236539904207
75,18,23063,260.119585483242,0,0,537.824827646013,1140.87156918007,36.0073277544118
75,19,14761,222.952035769934,0,0,554.734638574622,1255.86308515683,24.7052367725764
75,20,12303,278.980167438836,0,0,612.536373242299,1147.58920588474,36.5040234089247
75,21,15115,193.017929209395,0,0,726.93959642739,1168.58537876282,38.4936817730731
75,22,15118,210.589694404022,0,0,505.782047889933,1241.20009260484,43.6397010186533
75,23,12485,230.912695234281,0,0,584.937444933921,1248.59951942331,33.0732879455346
75,24,11504,278.58266689847,0,0,671.79954798331,1214.35335535466,33.2118393602225
75,25,15263,192.809342855271,0,0,493.953285723645,1293.30256175064,35.1061390290244
75,26,10880,222.383180147059,0,0,552.824356617647,1153.31378676471,44.7813419117647
75,27,16057,183.021236843744,0,0,470.077100330074,1239.30429096344,24.5123622096282
75,28,8627,264.583053205054,0,0,624.086704532282,1207.2669525907,27.8981105830532
75,29,14545,268.766723960124,0,0,578.788312134754,1233.2806462702,41.5293915434857
75,30,11463,214.691354793684,0,0,425.97077553869,1175.30280031405,33.8714996074326
75,31,7431,259.996635715247,0,0,409.253667070381,1248.45067958552,38.6280446777015
76,1,21978,231.525116025116,0,0,604.681954681955,1241.94717444717,28.1562471562472
76,2,15399,276.199883109293,0,0,676.898175206182,1240.98805117215,32.3568413533346
76,3,13769,283.687341128622,0,0,686.948943278379,1148.64122303726,26.3323407654877
76,4,14182,251.742984064307,0,0,618.917430545762,1075.84233535468,26.0568326047102
76,5,16635,230.164111812444,0,0,726.337060414788,1269.42819356778,25.8183949504058
76,6,20619,222.830253649547,0,0,745.06882002037,1163.78287016829,31.7376206411562
76,7,12764,230.859213412723,0,0,621.361250391727,1153.35772485114,26.5116734565967
76,8,15708,237.282085561497,0,0,679.50273745862,1129.92914438503,35.6874204227145
76,9,14318,233.905782930577,0,0,455.57871211063,1182.68571029473,23.064953205755
76,10,19193,212.415255561924,0,0,715.516386182462,1240.45365497838,39.5857864846559
76,11,18674,192.893006318946,0,0,636.281621505837,1073.70424119096,38.9275998714791
76,12,16161,223.927974754038,0,0,443.790607016893,1180.20017325661,37.8936946971103
76,13,15846,194.535150826707,0,0,603.58853969456,1305.03704404897,22.3232992553326
76,14,9945,250.183308195073,0,0,604.342383107089,1310.2662644545,34.979185520362
76,15,12662,266.925999052282,0,0,551.188279892592,1199.15297741273,21.7877112620439
76,16,14883,243.719075455217,0,0,524.930457569038,1092.35315460593,24.1890747833098
76,17,14251,228.424110588731,0,0,543.789348115922,1222.344747737,32.5645217879447
76,18,15351,177.661911276138,0,0,631.287603413458,1203.62165331249,45.7335678457429
76,19,10951,241.848689617387,0,0,587.894530179892,1124.61017258698,34.1627248653091
76,20,15394,198.995063011563,0,0,502.130310510589,1271.93088216188,41.3121995582695
76,21,14011,208.437727499822,0,0,463.724145314396,1091.31717935907,39.1575904646349
76,22,12443,233.882182753355,0,0,546.65916579603,1217.27461223178,44.022984810737
76,23,13775,205.411252268603,0,0,558.335825771325,1042.51157894737,33.8178584392015
76,24,19614,190.034822065871,0,0,548.998266544305,1146.8624961762,45.3808504129703
76,25,15077,333.489619950919,0,0,749.399548981893,1320.71963918551,33.2993964316509
76,26,10300,266.018155339806,0,0,485.53067961165,1181.33310679612,29.7065048543689
76,27,14459,197.181962791341,0,0,664.876754962307,1316.68642368075,37.8437651289854
76,28,14244,188.752737994945,0,0,481.175231676495,1247.61429373771,27.5044229149115
76,29,13115,207.691803278689,0,0,622.389172703012,1188.00358368281,38.4561189477697
76,30,14439,201.605305076529,0,0,648.635016275365,1224.85767712445,19.4121476556548
76,31,10631,178.96745367322,0,0,568.179192926347,1322.71686576992,30.6381337597592
76,32,13850,209.051407942238,0,0,536.697400722022,1145.85646209386,38.584476534296
77,1,11850,272.891223628692,0,0,565.167088607595,1151.07485232068,26.2678481012658
77,2,16544,248.435142649903,0,0,507.366356382979,1075.88672630561,29.8481020309478
77,3,14875,244.448336134454,0,0,537.195495798319,1259.74843697479,25.8348907563025
77,4,23828,260.620110794024,0,0,553.67945274467,1128.42727043814,35.9350763807286
77,5,16995,266.34880847308,0,0,600.333097969991,1080.53627537511,30.4233598117093
77,6,11351,220.661087128887,0,0,667.785921945203,1234.51158488239,32.5710510087217
77,7,15536,311.158084449022,0,0,502.66078784758,1176.76660659114,23.9702626158599
77,8,16181,253.019838081701,0,0,672.216859279402,1117.81305234534,22.1048760892405
77,9,19483,188.323564132834,0,0,575.539290663655,1313.81861109685,38.3004157470615
77,10,16768,210.905713263359,0,0,676.98085639313,1228.55128816794,20.5051884541985
77,11,14817,204.66450698522,0,0,673.384693257745,1304.61058243909,35.2142808935682
77,12,17221,260.750130654434,0,0,525.48016956042,1056.12641542303,39.1846001974334
77,13,16509,281.998303955418,0,0,593.12169119874,1172.1236295354,19.2273305469744
77,14,21184,193.16210347432,0,0,607.595354984894,1287.24551548338,23.1789086102719
77,15,15618,185.878153412729,0,0,737.313612498399,1187.61563580484,38.3647073889102
77,16,11181,262.71093819873,0,0,622.658259547447,1215.4168679009,27.3502370092121
77,17,14190,246.908597603946,0,0,687.815856236786,1130.01381254405,33.9107117688513
77,18,9294,237.413492575855,0,0,648.865719819238,1270.52528513019,40.4735313105229
77,19,12080,238.429056291391,0,0,623.145364238411,1158.02690397351,37.3418874172185
77,20,12080,187.910513245033,0,0,764.559850993377,1237.09768211921,29.4216059602649
77,21,15183,219.309886056774,0,0,698.15286833959,1058.46361061714,31.8724889679247
77,22,15297,191.398051905602,0,0,477.124730339282,1271.04386481009,37.0054912727986
77,23,13912,249.251797009776,0,0,431.866661874641,1148.41158711903,34.7512938470385
77,24,14504,190.871207942637,0,0,654.75110314396,1208.35535024821,45.3218422504137
77,25,11257,219.767700097717,0,0,564.737052500666,1111.53602203074,44.3792307008972
77,26,16982,196.359557178189,0,0,456.434460016488,1235.48539630197,26.3724531857261
77,27,10436,204.981602146416,0,0,661.928804139517,1082.53832886163,39.0626676887696
77,28,9378,326.654084026445,0,0,405.352633823843,1208.23363190446,40.722542119855
77,29,14467,227.332619064077,0,0,576.297781157116,1245.91235224995,33.9340568189673
77,30,13601,262.68789059628,0,0,495.151753547533,1195.87486214249,35.0435997353136
77,31,14407,228.13458735337,0,0,493.633164433956,1207.99618241133,44.2353022836121
77,32,9205,312.466051059207,0,0,544.712656165128,1175.47072243346,43.5141770776752
78,1,16702,295.610405939408,0,0,594.115016165729,1272.58885163453,27.8428331936295
78,2,17210,209.903021499128,0,0,753.928646135967,1232.03736199884,33.1940732132481
78,3,17943,176.902357465307,0,0,600.032937635847,1347.13938583292,32.4624087387839
78,4,15662,277.702273017495,0,0,622.244604775891,1114.78527646533,22.3654067168944
78,5,16114,231.105808613628,0,0,501.562926647636,1203.09736874767,40.4678540399652
78,6,15923,256.523142623877,0,0,500.84745336934,1110.62155372731,30.2992526533945
78,7,15656,230.838464486459,0,0,447.386241696474,1200.59325498212,29.3237736331119
78,8,20486,219.272185883042,0,0,619.957336717758,1322.12042370399,21.8236356536171
78,9,9276,275.025981026304,0,0,440.32481673135,1271.63551099612,22.6119016817594
78,10,11963,234.396138092452,0,0,596.885981777146,1174.83917077656,39.445624007356
78,11,9893,346.299807945012,0,0,569.742444152431,1098.08066309512,28.3704639644193
78,12,15556,266.710208279763,0,0,506.380881974801,1247.49177166367,29.4731293391617
78,13,13242,241.19226702915,0,0,537.659492523788,1166.52763932941,33.6182600815587
78,14,15473,190.822271052802,0,0,604.746138434693,1248.51425063013,45.5947780003878
78,15,10956,243.180357794816,0,0,618.562887915298,1236.93747718145,19.6381891201168
78,16,12268,239.373981089012,0,0,699.145174437561,1179.56056406912,32.1853602869253
78,17,14445,190.495673243337,0,0,686.58774662513,1048.18082381447,40.9661474558671
78,18,14942,214.69716236113,0,0,534.406705929594,1293.25264355508,39.5169990630438
78,19,16361,243.474665362753,0,0,577.899578265387,1058.00024448383,34.7898050241428
78,20,22697,209.136581927127,0,0,533.865092302948,1139.91562761598,44.51685244746
78,21,16296,193.249386352479,0,0,501.308296514482,1324.37542955326,27.5736377025037
78,22,16851,178.767016794256,0,0,703.522580262299,1231.7750875319,43.2483532134591
78,23,16603,166.496416310305,0,0,668.647292657953,1277.61940613142,32.5649581400952
78,24,15632,220.110286591607,0,0,704.75153531218,1091.98925281474,29.6519959058342
78,25,12947,251.993203058624,0,0,505.487680543755,1220.71491465204,20.93774619603
78,26,11045,227.220009053871,0,0,707.281846989588,1220.11824354912,25.7722951561793
78,27,16589,200.379709446018,0,0,455.556031104949,1270.93682560733,38.3379950569655
78,28,17540,168.97976054732,0,0,623.096180159635,1144.84891676169,48.1052451539339
78,29,10205,324.668005879471,0,0,568.187261146497,1198.26810387065,21.4315531602156
78,30,9992,275.396717373899,0,0,616.407826261009,1120.84917934347,35.1668334667734
78,31,14729,214.338855319438,0,0,592.374974540023,1255.97372530382,38.045624278634
78,32,10162,263.923046644361,0,0,631.971265498918,1189.21334382995,28.6619759889785
79,1,16015,295.522884795504,0,0,597.48673118951,1056.67168279738,29.6106150483921
79,2,20998,233.402705019526,0,0,737.168873226022,1134.66239641871,31.8503667015906
79,3,14179,245.447351717328,0,0,629.096833345088,1187.60928133155,38.2756893998166
79,4,15093,218.472470681773,0,0,453.884449744915,1170.09136685881,24.6025972305042
79,5,22035,208.003630587701,0,0,723.769276151577,1228.5677331518,38.3053778080327
79,6,14496,227.884933774834,0,0,675.413838300221,1303.38624448124,33.2858719646799
79,7,12365,237.19369187222,0,0,549.678689850384,1222.84375252729,32.5877072381723
79,8,13679,295.456612325462,0,0,613.950581182835,1138.6841874406,28.4022954894364
79,9,17796,220.547426387952,0,0,600.719880872106,1265.95987862441,18.6191278939087
79,10,15329,230.54452345228,0,0,635.168308434992,1173.22773827386,19.3373344640877
79,11,11239,194.68493638224,0,0,482.481893406887,1240.6124210339,26.7667052228846
79,12,12240,282.214297385621,0,0,573.373692810458,1245.47883986928,42.2531045751634
79,13,11999,287.437453121093,0,0,581.070422535211,1121.39819984999,35.955579631636
79,14,15034,282.59385393109,0,0,681.951443394971,1219.32439803113,31.6182652653984
79,15,14467,257.200940070505,0,0,547.883735397802,1165.20218428147,23.3389092417225
79,16,12680,265.966482649842,0,0,485.840615141956,1186.83249211356,31.3710567823344
79,17,22654,209.279023571996,0,0,623.332170919043,1078.91873399841,42.4859627438863
79,18,14178,247.190153759345,0,0,713.418253632388,1228.2557483425,23.8718437015094
79,19,18396,174.136279626006,0,0,526.250108719287,1297.85877364644,38.9680908893238
79,20,13087,339.300450829067,0,0,675.799037212501,1118.56812103614,27.327271337969
79,21,10552,283.506349507202,0,0,607.966167551175,1296.79567854435,32.6958870356331
79,22,12306,195.907849829352,0,0,568.72940029254,1308.0944254835,27.4421420445311
79,23,20033,203.994808565866,0,0,553.228922278241,1182.91603853641,47.6198272849798
79,24,17090,226.358513750731,0,0,547.059391456992,1029.85763604447,39.0599765944997
79,25,14117,264.655309201672,0,0,674.204505206489,1116.38216334915,37.3606290288305
79,26,13523,258.298898173482,0,0,498.507653627154,1073.84722324928,27.2427715743548
79,27,18936,214.940959019856,0,0,642.427175749894,1231.37552809463,45.1895859738065
79,28,15959,198.167679679178,0,0,446.429600852184,1114.26110658563,45.546901434927
79,29,12562,208.067903200127,0,0,439.980337525872,1227.40073236746,39.155070848591
79,30,16639,238.293346955947,0,0,538.206923492998,1169.54522507362,40.4047719213895
79,31,11233,376.846434612303,0,0,612.032315498976,1232.02145464257,25.8899670613371
79,32,5434,520.505152741995,0,0,748.122929701877,1292.25634891424,30.6573426573427
80,1,18985,275.867474321833,0,0,554.708664735317,1038.02707400579,36.5315248880695
80,2,19485,264.046548627149,0,0,722.097254298178,1156.03879907621,27.2742109314858
80,3,18431,257.076393033476,0,0,581.946611686832,1063.77109218165,26.5365959524714
80,4,14686,305.06427890508,0,0,611.465000680921,1220.12896636252,29.1218847882337
80,5,12368,311.415588615783,0,0,590.325113195343,1153.00218305304,27.6337322121604
80,6,24559,219.456492528197,0,0,583.046988883912,1298.04694816564,24.3924426890346
80,7,17052,292.23580811635,0,0,638.607905231058,1105.87350457424,31.8404879193057
80,8,16723,226.275189858279,0,0,535.768103809125,1243.80553728398,24.1358009926449
80,9,14957,205.7680016046,0,0,680.703884468811,1234.17262820084,47.2428294444073
80,10,16210,259.223874151758,0,0,672.97236273905,1171.51696483652,38.1271437384331
80,11,12135,266.442933662958,0,0,619.07449526164,1255.79381953028,35.8399670374949
80,12,16408,192.402852267187,0,0,445.342759629449,1226.09464895173,32.2226352998537
80,13,14867,318.077756104123,0,0,641.387300733167,1182.59373108226,20.9967041097733
80,14,13334,295.58804559772,0,0,492.009149542523,1160.55302234888,31.5548972551372
80,15,18281,219.578742957169,0,0,589.813029921777,1324.12767354083,38.0798643400252
80,16,18766,215.952786955132,0,0,725.052808270276,1338.16982841309,38.8467441116914
80,17,16141,246.243789108482,0,0,721.078681618239,1113.17093116907,37.3651570534663
80,18,13218,243.860341957936,0,0,537.10553790286,1233.42578302315,33.4098199425027
80,19,12304,275.225942782835,0,0,559.597935630689,1255.07209037711,41.1839239271782
80,20,12090,239.82952853598,0,0,469.420926385442,1092.53043837883,28.6876757650951
80,21,18533,235.040468353747,0,0,677.138293854206,1285.15583014083,21.0688501591755
80,22,11645,217.988922284242,0,0,654.934220695578,1109.69480463718,42.5636753971662
80,23,8652,320.510055478502,0,0,517.258321775312,1158.45214979196,41.2083911234397
80,24,11830,334.374640743872,0,0,548.572020287405,1147.95528317836,21.6090448013525
80,25,13185,230.780356465681,0,0,456.749715585893,1151.23147516117,39.7401592718999
80,26,19378,219.523015791103,0,0,576.197595211064,1213.79022602952,47.8409020538755
80,27,16652,285.146168628393,0,0,601.473396588998,1169.40992073024,38.7061614220514
80,28,15036,224.540635807396,0,0,482.401902101623,1187.26436552275,21.1575552008513
80,29,14973,193.066185801109,0,0,495.263607827423,1280.71902758298,37.8469912509183
80,30,11092,228.159304002885,0,0,542.423187883159,1108.22051929318,45.5341687702849
80,31,8164,378.220112689858,0,0,529.049240568349,1098.70173934346,29.1271435570799
80,32,6081,386.267225785233,0,0,409.496299950666,1144.08123663871,32.8602203584937
80,33,8200,344.081585365854,0,0,577.529024390244,1102.94829268293,40.8328048780488
81,1,16480,266.564987864078,0,0,530.212560679612,1049.98828883495,29.9770024271845
81,2,17434,272.898416886544,0,0,539.84610531146,1181.48187449811,20.5581622117701
81,3,15022,236.314139262415,0,0,646.864199174544,1042.34848888297,32.1332046332046
81,4,13154,340.591227003193,0,0,572.823627793827,1098.29587958036,24.1753078911358
81,5,15435,239.555555555556,0,0,643.260965338516,1218.70229996761,36.0373177842566
81,6,15351,248.135105204873,0,0,637.516122728161,1279.7228193603,31.4958634616637
81,7,21668,225.959664020676,0,0,459.685019383423,1181.07287243862,32.1166235923943
81,8,13914,245.710651142734,0,0,550.49935316947,1200.80365099899,30.3566192324278
81,9,16755,242.643569083856,0,0,665.477588779469,1201.96609967174,25.8519844822441
81,10,8292,317.85492040521,0,0,617.439339122045,1021.23383984563,40.1771587071877
81,11,18013,215.762671403986,0,0,686.916782323877,1298.53239327153,25.0201521123633
81,12,12803,255.705381551199,0,0,603.282121377802,1154.79059595407,27.3946731234867
81,13,22588,203.564990260315,0,0,644.057508411546,1256.51881530016,45.7180803966708
81,14,18211,224.747844709242,0,0,670.273241447477,1127.85536214376,22.2147603097029
81,15,12825,215.588382066277,0,0,713.752046783626,1274.01153996101,33.5050292397661
81,16,14999,278.306753783586,0,0,504.862457497166,1124.19074604974,31.7832522168145
81,17,12753,240.52081863091,0,0,557.297106563162,1161.03426644711,37.708225515565
81,18,12994,207.241034323534,0,0,719.352701246729,1186.35916576882,41.7663537017085
81,19,12531,276.428377623494,0,0,606.772165030724,1093.99186018674,35.6232543292634
81,20,23916,147.078064893795,0,0,501.313723030607,1381.7198528182,36.2875062719518
81,21,17366,257.036680870667,0,0,735.168547736957,1139.4641828861,30.8993435448578
81,22,16222,237.736653926766,0,0,599.54789791641,1274.14418690667,19.137529281223
81,23,14662,228.506138316737,0,0,449.923680261901,1245.50709316601,23.3451780111854
81,24,10448,228.80819295559,0,0,557.182522970904,1251.06805130168,36.6339969372129
81,25,17045,222.67480199472,0,0,551.432971545908,1075.39354649457,41.7099442651804
81,26,10617,251.86559291702,0,0,660.071394932655,1156.68126589432,41.3151549401903
81,27,17714,209.510330811787,0,0,531.542452297618,1162.93265213955,45.032065033307
81,28,7035,323.281307746979,0,0,643.154228855721,1091.44136460554,29.2995024875622
81,29,20843,183.011898479106,0,0,501.022069759632,1254.30168401862,42.302211773737
81,30,12626,217.218754950103,0,0,658.464992871852,1102.20449865357,42.9961191192777
81,31,15232,178.049369747899,0,0,638.035386029412,1341.19137342437,41.2104779411765
81,32,13889,238.256893944848,0,0,576.84448124415,1224.1301749586,43.2413420692634
81,33,7695,291.433138401559,0,0,715.676283300845,1199.73320337882,36.335542560104
82,1,19106,295.065162776091,0,0,742.893802993824,1184.57348476918,27.7980215639066
82,2,12047,308.274010127003,0,0,683.729974267452,1267.03204117208,27.5787332945962
82,3,18076,238.376576676256,0,0,572.847864571808,1018.70861916353,34.1430626244744
82,4,21319,198.487733946245,0,0,582.859468080116,1345.33270791313,28.2421314320559
82,5,14165,312.995058242146,0,0,619.760395340628,1248.18475114719,24.1795270031768
82,6,17210,254.395816385822,0,0,635.678849506101,1317.20778617083,35.1180127832655
82,7,20526,196.224008574491,0,0,481.715385364903,1266.55549059729,35.8512618142843
82,8,15544,253.160190427174,0,0,673.256690684508,1290.13992537313,21.8060988162635
82,9,11045,301.862833861476,0,0,662.530194658216,1098.26138524219,22.2612041647804
82,10,19730,246.045007602636,0,0,725.433552965028,1262.029700963,35.6420172326406
82,11,15882,333.840826092432,0,0,628.362989547916,1131.08884271502,30.3303740083113
82,12,18694,267.034342569808,0,0,690.888466887772,1186.30806675939,36.4762490638708
82,13,15270,245.755140798952,0,0,678.808906352325,1073.37865094957,34.4330058939096
82,14,18428,228.102995441719,0,0,464.872910787931,1140.73079010202,31.9021054916432
82,15,17424,203.221935261708,0,0,550.185950413223,1258.82690541781,19.7693985307622
82,16,17200,235.980348837209,0,0,689.198313953488,1099.78156976744,42.4950581395349
82,17,10044,318.545101553166,0,0,538.222620469932,1126.36788132218,26.7698128235763
82,18,10960,315.553193430657,0,0,611.240054744526,1285.29032846715,15.7525547445255
82,19,11700,376.344786324786,0,0,631.156837606838,1156.08341880342,22.1577777777778
82,20,16081,204.116845967291,0,0,459.026926186182,1064.85809340215,44.2055842298365
82,21,12925,260.958065764023,0,0,640.744061895551,1240.99056092843,33.9095551257253
82,22,9788,356.077237433592,0,0,693.533408255006,1135.00991009399,27.4870249284839
82,23,14239,335.501229018892,0,0,628.182175714587,1114.69183229159,37.5192780391881
82,24,14138,237.034163247984,0,0,554.990026877918,1205.31786674211,27.3809591172726
82,25,18293,188.092767725359,0,0,489.674957634068,1265.43262450118,45.5286175039633
82,26,16561,278.998852726285,0,0,577.570315802186,1063.90368939074,25.9129279632872
82,27,11191,259.292913948709,0,0,630.030202841569,1189.83915646502,18.2163345545528
82,28,14332,230.90720066983,0,0,572.959461345241,1220.63829193413,35.5151409433436
82,29,17226,187.026936026936,0,0,539.10524788111,1290.43765238593,31.9418321142459
82,30,19604,211.18725770251,0,0,647.134513364619,1187.17465823301,47.8617118955315
82,31,15000,220.745866666667,0,0,499.994666666667,1187.65013333333,22.7612666666667
82,32,11962,245.03502758736,0,0,542.847935127905,1150.00443069721,33.9686507273031
82,33,17067,170.497451221656,0,0,604.129489658405,1284.10657994961,42.9972461475362
83,1,17154,237.855951964556,0,0,692.340620263495,1201.75055380669,34.8462749213012
83,2,11668,383.160610215975,0,0,534.751542680836,1103.99657182036,29.0743057936236
83,3,15575,312.711717495987,0,0,581.866260032103,1237.72057784912,24.3162118780096
83,4,10332,275.381145954317,0,0,644.486546651181,1267.43224932249,26.5338753387534
83,5,14082,304.363300667519,0,0,584.476139752876,1177.36834256498,18.7563556313024
83,6,17978,313.841194793637,0,0,578.939481588608,1047.77055289799,27.2069751919012
83,7,23545,231.865109365046,0,0,467.976173285199,1232.94788702485,39.298152473986
83,8,12586,280.290958207532,0,0,559.594231686,1128.98236135389,35.5339265850945
83,9,18906,240.461758172009,0,0,498.046228710462,1232.3296836983,22.4937057018936
83,10,8018,376.240084809179,0,0,541.726864554752,1267.51284609628,16.8563232726366
83,11,14878,276.30239279473,0,0,531.404825917462,1185.724828606,29.2322892861944
83,12,18379,212.370694814734,0,0,700.994123728168,1282.92349964634,33.2080091408673
83,13,14118,236.459980167162,0,0,612.486683666242,1291.26611418048,21.5661566794163
83,14,16546,276.890668439502,0,0,475.735646077602,1147.75353559773,26.3840203070228
83,15,12114,231.496698035331,0,0,700.362885917121,1090.43511639425,32.4286775631501
83,16,16060,217.074221668742,0,0,523.897384806974,1027.92833125778,47.6576587795766
83,17,15694,236.976551548362,0,0,511.865617433414,1265.50165668408,34.2939977061297
83,18,20028,268.498851607749,0,0,476.680547233873,1097.14230077891,35.6459456760535
83,19,11464,242.048150732729,0,0,622.21912072575,1239.41809141661,33.348482205164
83,20,16945,270.799409855415,0,0,717.86721746828,1209.31950427855,24.8302154027737
83,21,9418,415.160012741559,0,0,605.800063707794,1147.09449989382,22.600870673179
83,22,17408,202.520565257353,0,0,721.346622242647,1117.11023667279,39.9282513786765
83,23,13920,246.482471264368,0,0,572.947629310345,1204.13958333333,36.7073275862069
83,24,9581,313.707024318965,0,0,685.673833629058,1145.55140382006,26.1839056465922
83,25,16117,236.620711050444,0,0,616.232735620773,1008.44859465161,34.8205000930694
83,26,17796,195.516295796808,0,0,528.715947403911,1327.56035064059,29.8282760170825
83,27,17372,192.208438867143,0,0,675.052498273083,1192.33686391895,46.3884411696984
83,28,19789,206.426651169842,0,0,495.915407549649,1238.50366365152,48.3112335135681
83,29,16198,227.868008396098,0,0,603.112606494629,1312.73669588838,34.4230151870601
83,30,10570,295.305676442763,0,0,646.563481551561,1100.63822138127,21.6966887417219
83,31,14199,301.403197408268,0,0,650.336361715614,1119.09007676597,37.1271920557786
83,32,12034,331.863470167858,0,0,628.957287684893,1132.44939338541,30.0496094399202
83,33,11868,197.961661611055,0,0,595.790697674419,1280.62360970677,42.5236771149309
84,1,14864,293.217841765339,0,0,565.25215285253,1206.10192411195,26.2120559741658
84,2,10472,302.889992360581,0,0,719.890947288006,1083.05519480519,30.0190030557678
84,3,22547,180.910542422495,0,0,650.541269348472,1326.87519403912,35.4881358939105
84,4,17534,286.803239420554,0,0,492.433329531197,1147.66003193795,30.9923006729782
84,5,17898,222.333109844675,0,0,724.631523075204,1148.66348195329,32.5606771706336
84,6,17014,220.373574703186,0,0,710.645057011873,1247.26613377219,31.8180909838956
84,7,20137,308.227144063167,0,0,530.626458757511,1092.41187863137,23.2204896459254
84,8,17161,287.401783112872,0,0,502.143931006352,1234.59740108385,30.4650078666744
84,9,16781,235.234133841845,0,0,488.450211548775,1227.60949883797,22.6499016745128
84,10,17205,260.818424876489,0,0,509.132868352223,1064.10653879686,34.9758209822726
84,11,21550,192.08343387471,0,0,523.902784222738,1328.07526682135,22.8211600928074
84,12,14118,240.883765405865,0,0,654.195778438872,1204.13812154696,32.5638900694149
84,13,14973,220.54130768717,0,0,657.926400854872,1161.02531222868,41.8247512188606
84,14,15585,255.089252486365,0,0,607.880269489894,1291.15463586782,20.9199871671479
84,15,19489,151.568115347119,0,0,523.722304889938,1404.09759351429,38.8874236748935
84,16,12503,282.417899704071,0,0,641.310565464289,1268.34991602016,27.4333359993602
84,17,11921,265.016944887174,0,0,562.519251740626,1130.47512792551,35.0161060313732
84,18,10279,280.151084735869,0,0,597.596847942407,1197.66164023738,18.1220935888705
84,19,14678,273.003474587819,0,0,581.421106417768,1085.72428123723,41.4349366398692
84,20,17059,288.993962131426,0,0,440.676241280263,1197.39855794595,39.3515446391934
84,21,10117,369.567263022635,0,0,544.408026094692,1159.91361075418,21.511021053672
84,22,18633,208.591048140396,0,0,668.515805291687,1086.84597219986,42.4032093597381
84,23,13435,243.352437662821,0,0,588.234387793078,1188.13308522516,37.3708969110532
84,24,18395,246.321717858114,0,0,429.925142701821,1219.59119325904,28.6709431910845
84,25,27716,179.005989320248,0,0,658.576345793044,1225.29484774138,45.7275941694328
84,26,17007,231.940789086847,0,0,525.984300582113,1138.69665431881,45.3298641735756
84,27,11075,319.291918735892,0,0,649.40848758465,1116.0920993228,31.0370203160271
84,28,11633,226.091206051749,0,0,590.61824121035,1255.08381328978,32.8336628556692
84,29,9897,307.836415075275,0,0,590.108921895524,1081.25947256744,30.3999191674245
84,30,11790,281.393893129771,0,0,674.252926208651,1141.75453774385,23.2405428329092
84,31,16637,237.533509647172,0,0,644.401154054216,1053.87329446415,30.5407224860251
84,32,15208,186.924907943188,0,0,577.102709100473,1252.67720936349,52.3453445554971
84,33,9389,342.108744275216,0,0,630.625093194163,1176.1420811588,23.1787197784642
85,1,23260,255.822355975924,0,0,589.167884780739,1267.30124677558,18.2749785038693
85,2,27388,222.960493646853,0,0,633.253614721776,1065.00321308602,40.1957061486783
85,3,21438,235.706269241534,0,0,542.167552943372,1016.37354230805,40.6556115309264
85,4,16687,299.592077665248,0,0,693.106370228321,1077.13657338048,27.6454125966321
85,5,18846,251.19049135095,0,0,562.147829778202,1152.96222009976,18.2599490608087
85,6,15528,219.890584750129,0,0,502.857225656878,1328.00650437919,41.0365790829469
85,7,12621,292.433642342128,0,0,631.285793518739,1264.06330718644,40.1617938356707
85,8,16598,197.794674057115,0,0,509.814676467044,1312.62555729606,30.4836124834317
85,9,13360,307.706437125748,0,0,595.678592814371,1155.31878742515,32.3508982035928
85,10,23855,214.083211066862,0,0,605.972123244603,1188.26178998114,47.7726262837979
85,11,18181,273.486331884935,0,0,709.053792420659,1270.82366206479,28.9937297178373
85,12,13552,271.22373081464,0,0,580.264536599764,1266.20461924439,31.2896251475797
85,13,13595,338.129753585877,0,0,510.475101140125,1238.80897388746,32.1023905847738
85,14,16204,327.309059491484,0,0,544.274376697112,1068.74136015799,27.3900271537892
85,15,9298,302.890191439019,0,0,578.449666594967,1304.83426543343,25.2201548720155
85,16,12856,218.708696328563,0,0,624.804293714997,1337.33867454885,30.4880211574362
85,17,19270,226.611416709912,0,0,690.965542293721,1207.1835495589,42.1895692786715
85,18,15591,280.368161118594,0,0,526.646334423706,1211.23904816882,24.0064139567699
85,19,12056,387.664150630392,0,0,686.004810882548,1195.40303583278,27.253898473789
85,20,14452,264.651190146692,0,0,736.272903404373,1175.6561721561,33.9259618045945
85,21,13098,327.430142006413,0,0,593.941670484043,1169.53382195755,25.6479615208429
85,22,14672,288.950449836423,0,0,697.921619411123,1180.57395038168,21.0030670665213
85,23,19356,191.389543294069,0,0,596.248346765861,1324.49555693325,40.7746951849556
85,24,10135,245.253280710409,0,0,579.492550567341,1214.67173162309,37.6022693635915
85,25,14522,376.969287976863,0,0,613.121746315934,1094.85022724143,23.8191020520589
85,26,17517,257.127533253411,0,0,449.664383170634,1145.15796083804,28.8502597476737
85,27,12669,301.415581340279,0,0,663.22219591128,1101.87828557897,33.8293472255111
85,28,9955,369.831843294827,0,0,636.867503766951,1205.09603214465,21.5009542943245
85,29,19657,208.444370961998,0,0,446.791982499873,1256.5919519764,28.2056773668413
85,30,12511,273.250979138358,0,0,654.390776117017,1199.58364639118,35.618575653425
85,31,10837,348.978315031835,0,0,658.056104087847,1285.54443111562,30.6494417274153
85,32,19951,193.987519422585,0,0,447.518520374919,1186.73094080497,50.2738208611097
85,33,7846,419.233367320928,0,0,762.799515676778,1186.65256181494,27.3665562069845
86,1,17224,289.1820715281,0,0,652.09335810497,1170.44989549466,28.4439154667905
86,2,14230,241.09690794097,0,0,476.874912157414,1238.55108924807,31.352424455376
86,3,18079,242.015819459041,0,0,551.306377565131,1325.70534874717,33.9434150118922
86,4,20930,264.590778786431,0,0,641.938413760153,1067.3701863354,26.0206402293359
86,5,7769,410.367228729566,0,0,507.649761874115,1270.47457845283,16.8647187540224
86,6,14774,292.797685122513,0,0,592.364965479897,1201.06531744957,17.4171517530797
86,7,20894,251.644969847803,0,0,504.117689288791,1068.23303340672,33.9920072748157
86,8,16704,177.24221743295,0,0,643.575909961686,1335.43073515326,34.4294779693487
86,9,13783,275.333962127258,0,0,547.503881593267,1181.05840528187,26.0140753101647
86,10,20119,239.033798896565,0,0,741.696157860729,1190.28058054575,38.6761270440877
86,11,14432,286.210365853659,0,0,561.711682372505,1255.54365299335,23.1586058758315
86,12,16573,267.91703372956,0,0,707.718880106197,1275.56923912388,24.5992879985519
86,13,20350,206.594152334152,0,0,682.279901719902,1255.41331695332,34.4987714987715
86,14,19360,255.200154958678,0,0,490.852685950413,1213.25170454545,20.795402892562
86,15,14969,295.69730776939,0,0,501.894648941145,1120.79217048567,24.9102144431826
86,16,23156,246.748056659181,0,0,439.054586284332,1197.18716531353,36.9256348246675
86,17,13104,226.702228327228,0,0,606.695131257631,1269.47084859585,32.2160409035409
86,18,13780,281.55007256894,0,0,560.462119013062,1220.98613933237,33.4181422351234
86,19,10825,293.933025404157,0,0,703.07168591224,1208.33930715935,25.1313625866051
86,20,12182,246.857494664259,0,0,625.050402232803,1290.74388441964,25.390986701691
86,21,22008,182.857551799346,0,0,664.066430388949,1237.3524173028,46.8399218466012
86,22,12851,330.034472025523,0,0,580.502139911291,1103.60034238581,26.2125904598864
86,23,13258,246.100467642178,0,0,664.267913712475,1182.09888369286,35.9502941620154
86,24,14171,240.322489591419,0,0,731.16145649566,1150.42431726766,31.1534824641874
86,25,14597,218.597657052819,0,0,569.568678495581,1314.98211961362,21.3715832020278
86,26,14938,227.880104431651,0,0,553.194671308073,1305.1565135895,41.9078859285045
86,27,23178,223.205582880318,0,0,457.357192164984,1209.44831305548,47.7822935542325
86,28,12144,254.01506916996,0,0,580.466238471673,1149.96500329381,32.0405961791831
86,29,17588,209.166590857403,0,0,469.627359563339,1306.93245394587,29.3272117352741
86,30,8558,391.654241645244,0,0,626.650502453844,1179.10084131807,20.8091843888759
86,31,10593,260.089021051638,0,0,679.24336826206,1144.79392051355,20.9008779382611
86,32,15362,238.457817992449,0,0,702.169444082802,1053.48164301523,34.4464262465825
86,33,14987,195.091546006539,0,0,587.047908187095,1041.78367918863,50.1046907319677
87,1,25643,212.717856725032,0,0,706.060250360722,1295.65546152946,40.2493078032991
87,2,20780,242.283974975938,0,0,648.12844080847,1292.24085659288,24.0668431183831
87,3,15752,315.525647536821,0,0,505.096305231082,1175.22206703911,33.362938039614
87,4,14301,352.600517446332,0,0,539.738759527306,1181.90958674219,26.5297531641144
87,5,12546,320.61533556512,0,0,567.470588235294,1264.65526861151,23.1856368563686
87,6,18673,275.682536282333,0,0,690.323408129385,1088.79494457238,28.4768382156054
87,7,18149,329.391922419968,0,0,551.872940657888,1053.24794754532,27.7824122541187
87,8,21143,218.115451922622,0,0,598.101688502105,1354.3165586719,31.1156884075108
87,9,15671,298.470678323017,0,0,675.625295131134,1123.3508391296,39.4143322059856
87,10,11732,251.922093419707,0,0,529.105608591885,1159.28954994886,18.8510910330719
87,11,16376,310.232718612604,0,0,533.72191011236,1106.06595017098,35.6368466047875
87,12,18570,258.162035541195,0,0,602.40619278406,1058.67140549273,39.1907377490576
87,13,17742,286.384004058167,0,0,715.429714801037,1213.43281478976,24.950400180363
87,14,11735,318.953983809118,0,0,523.572475500639,1113.88760119301,24.8687686408181
87,15,12769,282.080194220377,0,0,578.2562455948,1237.30660192654,30.2815412326729
87,16,13890,322.696472282217,0,0,639.625485961123,1161.90093592513,19.5878329733621
87,17,18023,251.257837208012,0,0,436.654386062254,1137.1463685291,35.6720856683127
87,18,24024,242.483891108891,0,0,495.578671328671,1157.33578921079,45.9782301032301
87,19,19316,232.347276868917,0,0,635.861669082626,1153.83117622696,46.3370262994409
87,20,15466,269.658218026639,0,0,704.715569636622,1226.90643993276,35.5455192034139
87,21,12768,326.574013157895,0,0,607.788612155388,1134.2928414787,34.6711309523809
87,22,15080,295.653912466844,0,0,637.359350132626,1218.93600795756,26.3179708222812
87,23,21816,233.806334800147,0,0,746.876787678768,1163.31747341401,36.5090300696736
87,24,13021,231.617387297443,0,0,455.527225251517,1156.52430688887,27.4561861608171
87,25,9369,402.187426619703,0,0,627.436439321165,1087.99284875654,29.4314227772441
87,26,13844,379.905085235481,0,0,672.462583068477,1149.35221034383,27.2239959549263
87,27,17368,231.546349608475,0,0,503.437010594196,1261.88927913404,20.1105481345002
87,28,13485,320.413941416389,0,0,622.827512050426,1199.50641453467,34.0940304041528
87,29,15009,189.157772003465,0,0,420.273968951962,1250.51615697248,27.7133053501233
87,30,5948,507.99462004035,0,0,742.054472091459,1151.0615332885,24.4808338937458
87,31,18719,211.110796516908,0,0,644.862332389551,1306.98739248892,50.0581227629681
87,32,16309,168.08216322276,0,0,465.89208412533,1363.11594824943,43.5379851615672
87,33,6538,453.133680024472,0,0,582.743958397063,1165.45702049556,20.2405934536556
88,1,19150,260.125117493473,0,0,616.62454308094,1330.65577023499,23.6439164490862
88,2,23232,256.181689049587,0,0,601.250946969697,1027.62263257576,34.1389032369146
88,3,12148,275.785479091208,0,0,546.708758643398,1297.94311820876,25.9558775107013
88,4,18635,300.605580896163,0,0,544.303890528575,1081.69331902334,25.3131204722297
88,5,15965,299.272283119324,0,0,654.304165361729,1267.65750078296,21.8402756028813
88,6,21744,293.722774098602,0,0,689.734363502575,1110.96578366446,22.9042494481236
88,7,16542,320.525873534035,0,0,504.508221496796,1231.30528352074,24.7726997944626
88,8,22054,255.246168495511,0,0,629.979550194976,1299.11503582117,33.0204951482724
88,9,12337,404.751236118992,0,0,639.423036394585,1206.19413147443,24.7049525816649
88,10,14764,301.736724464915,0,0,477.789555675969,1161.24221078299,34.5165944188567
88,11,11194,314.706181883152,0,0,660.179203144542,1205.89958906557,17.3919957119886
88,12,18945,235.454631828979,0,0,527.543626286619,1261.70778569543,44.0922143045659
88,13,24148,252.595121749213,0,0,477.359367235382,1094.34789630611,40.2668958091767
88,14,12695,350.840488381252,0,0,549.779440724695,1162.84726270185,25.5569121701457
88,15,16474,278.728602646595,0,0,469.798106106592,1150.89680708996,24.6558819958723
88,16,18245,301.245163058372,0,0,494.387229377912,1269.16103041929,37.1647026582625
88,17,15456,211.034614389234,0,0,741.243271221532,1274.81560559006,33.8937629399586
88,18,13540,402.22082717873,0,0,625.959601181684,1111.32644017725,24.0153618906942
88,19,15458,348.005175313753,0,0,664.340018113598,1236.75876568767,31.6033768922241
88,20,14979,308.865278055945,0,0,564.168769610788,1261.64717270846,32.9967955137192
88,21,16887,228.80748504767,0,0,560.886480724818,1341.40984189021,37.0950435246047
88,22,16112,254.617365938431,0,0,725.699354518371,1235.96654667329,25.5893123138034
88,23,18552,244.078428201811,0,0,426.959465286762,1217.85408581285,35.5985338507978
88,24,11304,329.589614295825,0,0,544.373761500354,1200.02105449398,17.8669497523001
88,25,11894,336.060114343366,0,0,604.695644862956,1155.71439381201,29.7392803093997
88,26,19817,192.971337740324,0,0,673.455770298229,1280.6013019125,44.8087500630772
88,27,20255,219.980350530733,0,0,539.743421377438,1106.31947667243,51.5759071834115
88,28,14105,335.169727047146,0,0,553.050124069479,1192.21956752924,33.2476426799007
88,29,15396,238.847947518836,0,0,474.811899194596,1284.71525071447,26.1102234346584
88,30,18295,234.313473626674,0,0,770.755670948347,1151.40754304455,29.3113965564362
88,31,7651,495.684485688145,0,0,601.822637563717,1198.23278002875,18.5720820807738
88,32,5810,336.54148020654,0,0,430.73769363167,1207.55679862306,23.4743545611015
88,33,16456,210.007656781721,0,0,726.83039620807,1070.28737238697,46.9713782207098
89,1,17490,287.355060034305,0,0,645.155460263007,1054.27192681532,30.2817610062893
89,2,20137,263.230222972637,0,0,419.434424194269,1139.91667080499,31.9469136415553
89,3,17572,304.511097200091,0,0,510.140507625768,1184.44610744366,31.0035283405418
89,4,29947,214.920426086085,0,0,736.612448659298,1168.50389020603,40.0370654823522
89,5,14501,296.479001448176,0,0,649.759602786015,1237.40810978553,22.4356940900628
89,6,13837,346.776107537761,0,0,662.367782033678,1112.39408831394,25.2296740622967
89,7,18407,248.683870266746,0,0,575.112185581572,1084.22763079263,21.860053240615
89,8,12363,299.671358084607,0,0,580.327266844617,1193.59225107175,19.6134433389954
89,9,16852,250.26934488488,0,0,626.371291241396,1271.66520294327,30.3597792546879
89,10,18179,242.843500742615,0,0,703.34006270972,1280.07404147643,28.1860938445459
89,11,15513,250.015148585058,0,0,521.249403725907,1130.21285373558,26.1731451041062
89,12,18206,265.414149181588,0,0,500.591947709546,1042.26244095353,34.3599912116885
89,13,10962,280.081098339719,0,0,486.351213282248,1246.54278416347,23.6259806604634
89,14,12812,225.364345925695,0,0,604.630814861068,1312.72978457696,23.059007180768
89,15,19510,310.09518195797,0,0,736.70743208611,1146.30794464377,26.4679138903127
89,16,14028,207.72120045623,0,0,656.813587111491,1313.65454804676,37.238380382093
89,17,19780,280.320424671385,0,0,702.506976744186,1192.45429726997,31.9704752275025
89,18,23714,183.315467656237,0,0,629.490301087965,1267.52821118327,46.9464451378932
89,19,13840,319.08901734104,0,0,624.944580924855,1192.46972543353,31.1494942196532
89,20,15997,247.211914734013,0,0,656.761455272864,1189.97974620241,17.9663686941301
89,21,19077,236.586308119725,0,0,505.488179483147,1317.64501756041,39.4009016092677
89,22,11682,303.073874336586,0,0,591.856445814073,1153.9363122753,25.598185242253
89,23,18306,277.441767726429,0,0,502.337703485196,1190.39582650497,18.6878619032011
89,24,10661,247.625082074852,0,0,586.298752462246,1243.89137979552,35.0166025701154
89,25,15069,234.814519875241,0,0,439.187139159865,1236.19689428628,31.1209768398699
89,26,11281,272.319475223828,0,0,569.477351298644,1309.70623171705,36.7639393670774
89,27,16462,227.466893451585,0,0,421.801603693354,1246.92017980804,41.4907666140202
89,28,16007,285.905353907665,0,0,528.731992253389,1257.25588804898,30.432310863997
89,29,8774,299.46797355824,0,0,559.559379986323,1301.82676088443,25.5510599498518
89,30,21866,179.323515960852,0,0,523.537043812311,1133.1922162261,54.1571389371627
89,31,9841,201.632862513972,0,0,492.158012397114,1315.77766487146,26.645564475155
89,32,19699,240.527996344992,0,0,690.1694502259,1068.2805218539,46.466165795218
89,33,5079,473.622760385903,0,0,715.308328411105,1255.02815514865,21.0035440047253
90,1,20752,254.304645335389,0,0,562.218147648419,1021.00154202005,32.0378276792598
90,2,10813,404.501433459724,0,0,631.98326088967,1109.17257005456,24.2405437898825
90,3,20018,241.266759916076,0,0,662.908332500749,1325.86182435808,28.8833050254771
90,4,21845,311.627100022889,0,0,691.697093156329,1083.08519111925,26.9086289768826
90,5,16313,306.23870532704,0,0,693.494820082143,1259.2358854901,24.7532642677619
90,6,16579,302.793956209663,0,0,549.414741540503,1210.78979431811,31.1498280957838
90,7,14235,341.398173515982,0,0,598.680505795574,1153.0042852125,28.6500175623463
90,8,17225,262.494746008708,0,0,636.183105950653,1286.64267053701,36.4896952104499
90,9,18112,218.937886484099,0,0,573.241883833922,1341.68589885159,38.1595627208481
90,10,15255,264.511373320223,0,0,528.898066207801,1252.44333005572,22.7796787938381
90,11,13348,372.879907102188,0,0,647.359154929577,1227.21531315553,33.1236889421636
90,12,11602,278.859765557662,0,0,562.998448543355,1182.61885881745,23.3483882089295
90,13,16057,288.410101513359,0,0,573.228436196052,1272.32839260136,32.8108613065953
90,14,16804,251.246250892645,0,0,543.861342537491,1092.9977981433,23.4599500119019
90,15,12547,338.938869849366,0,0,657.3554634574,1194.36391169204,26.4821072766398
90,16,16501,268.632143506454,0,0,739.065086964426,1203.46421429004,30.8058299497
90,17,15328,241.780401878914,0,0,484.458115866388,1183.25717640919,21.067393006263
90,18,15486,272.590662533902,0,0,585.630827844505,1313.27050238925,27.974234792716
90,19,27462,196.394945743209,0,0,634.153047847935,1259.0428228097,48.9724346369529
90,20,14086,239.942638080363,0,0,497.062757347721,1286.67812011927,35.7094987931279
90,21,16406,193.935633304888,0,0,509.413507253444,1314.77544800683,25.1505546751189
90,22,14180,265.03095909732,0,0,588.070662905501,1220.8490832158,17.4438645980254
90,23,17819,213.645322408665,0,0,497.034177002076,1270.23065267411,43.1850272181379
90,24,17109,253.601379390964,0,0,470.900111052662,1185.02279502016,30.9029165936057
90,25,7892,308.34148504815,0,0,460.802584896097,1246.70919918905,19.8589711099848
90,26,21008,215.234577303884,0,0,745.471725057121,1248.9439737243,40.8408701447068
90,27,18303,201.453969294651,0,0,427.651095448834,1251.26793421843,31.2753646943124
90,28,19209,249.915456296528,0,0,751.48498099849,1095.14701442032,35.1914727471498
90,29,22733,228.366603615889,0,0,431.377864778076,1114.26261382132,35.1612193727181
90,30,12743,316.726751942243,0,0,695.880012555913,1185.58228046771,20.5604645687829
90,31,18125,212.376220689655,0,0,628.772027586207,1032.5203862069,49.5090206896552
90,32,6356,469.222152297042,0,0,636.361390811831,1212.95752045312,19.7885462555066
90,33,20289,205.242545221549,0,0,455.788161072502,1108.69826014096,47.9642663512248
90,34,5591,139.22375245931,0,0,618.650509747809,1068.6242174924,24.0316580218208
91,1,19174,208.89944716804,0,0,658.023521435277,1321.1011265255,31.5792740168979
91,2,19993,272.480318111339,0,0,428.082828990147,1087.58560496174,36.1207422597909
91,3,18577,295.395273725575,0,0,549.493029014373,1133.66259352963,19.5288259675943
91,4,15077,314.634211049944,0,0,633.8969290973,1185.39338064602,36.606950984944
91,5,23766,262.792097955062,0,0,533.172052511992,1265.34907010014,18.4386097786754
91,6,8715,443.299024670109,0,0,661.706368330465,1086.89191049914,29.3514629948365
91,7,12778,377.351619971827,0,0,564.50477383002,1066.52559085929,34.2016747534825
91,8,13245,356.791921479804,0,0,573.259720649302,1193.1288788222,29.0436391090978
91,9,18884,202.449110357975,0,0,583.431952976064,1339.13344630375,45.3308091506037
91,10,16071,284.63704809906,0,0,586.59542032232,1291.87312550557,25.4501897828387
91,11,21888,205.063230994152,0,0,565.102247807018,1084.50182748538,50.5286915204678
91,12,19402,290.230697866199,0,0,512.27079682507,1210.68003298629,23.8980002061643
91,13,14167,311.692030775746,0,0,644.371991247265,1094.99400014117,23.9062610291523
91,14,18354,291.11844829465,0,0,562.235425520323,1038.68824234499,41.7373324615888
91,15,20307,282.108878711774,0,0,502.149603584971,1076.45260255084,27.6874476781405
91,16,13098,284.66903344022,0,0,623.775461902581,1236.40990990991,29.8414261719346
91,17,17712,277.431458897922,0,0,646.894252484191,1235.94416214995,20.0171635049684
91,18,20447,204.12647332127,0,0,545.912212060449,1341.90565853181,30.6213136401428
91,19,17116,235.040488431877,0,0,660.842428137415,1255.1996961907,37.220729142323
91,20,11440,304.459440559441,0,0,561.941346153846,1133.89685314685,32.6004370629371
91,21,10657,419.986769259642,0,0,625.733696162147,1176.17368865534,21.9160176409871
91,22,14254,277.259085169075,0,0,706.792619615547,1134.64950189421,35.663041953136
91,23,11284,373.970932293513,0,0,640.32674583481,1118.41900035448,35.1347926267281
91,24,18520,282.907181425486,0,0,734.199298056155,1208.54146868251,33.3926025917927
91,25,11284,362.340038993265,0,0,587.837203119461,1117.83879829848,27.2533676001418
91,26,11904,323.211021505376,0,0,684.087869623656,1219.34375,27.3667674731183
91,27,14622,207.696347968814,0,0,669.402202161127,1119.92914785939,44.2734236082615
91,28,21862,192.247186899643,0,0,673.587046015918,1222.95709450188,49.1994785472509
91,29,10357,277.539731582505,0,0,671.987351549677,1055.24553442116,35.5204209713237
91,30,13112,342.52654057352,0,0,587.046064673581,1160.04957291031,15.2377974374619
91,31,22545,210.078820137503,0,0,421.985007762253,1214.92707917498,24.9804834774895
91,32,20695,215.561343319642,0,0,418.492389466055,1199.37419666586,50.7822179270355
91,33,17363,210.914818867707,0,0,391.547831595922,1299.67632321603,35.3068594136958
92,1,24690,158.416808424463,0,0,596.356014580802,1416.74386391252,42.1121911705144
92,2,14482,331.649703079685,0,0,615.794227316669,1105.34090595222,24.4640933572711
92,3,17503,315.836999371536,0,0,693.010969548077,1174.65160258241,28.1611152373879
92,4,17801,270.07684961519,0,0,632.650806134487,1050.42239200045,29.4954216055278
92,5,12356,306.232518614438,0,0,539.097037876335,1270.59808999676,21.6593557785691
92,6,17084,233.355478810583,0,0,431.372804963709,1215.60998595177,31.3043783657223
92,7,14377,328.76086805314,0,0,532.898935800236,1173.69625095639,32.4681087848647
92,8,20874,257.029606208681,0,0,433.932787199387,1193.72554373862,42.6239819871611
92,9,21252,207.352719744024,0,0,625.283785055524,1264.77164502165,18.3460850743459
92,10,13085,306.401146350783,0,0,595.216048910967,1121.72097821934,34.0022927015667
92,11,18525,296.524642375169,0,0,485.42008097166,1077.64453441296,33.0301214574899
92,12,19771,216.597086642051,0,0,595.365181326185,1073.39568054221,42.1477922209296
92,13,20005,243.641889527618,0,0,663.638640339915,1156.31167208198,19.5745563609098
92,14,22929,292.611670809891,0,0,736.288804570631,1116.29835579397,31.1311003532644
92,15,7944,418.297079556898,0,0,665.969410876133,1090.0470795569,20.468026183283
92,16,20892,212.238751675282,0,0,491.392638330461,1315.72831705916,22.4329408385985
92,17,17722,320.158277846744,0,0,668.798894030019,1107.22661099199,36.0814806455253
92,18,11878,249.433069540327,0,0,577.712325307291,1225.00782960094,25.8848290958074
92,19,21493,235.629786442097,0,0,687.039919973945,1147.32824640581,43.7924440515517
92,20,14627,273.027141587475,0,0,586.806453818281,1178.97559308129,22.0689820195529
92,21,14595,314.132442617335,0,0,618.411921891059,1175.18581706064,29.4688591983556
92,22,13448,307.892846519929,0,0,555.18508328376,1130.81134741225,18.3703896490184
92,23,22932,190.759288330717,0,0,636.843319379034,1358.50994243851,24.6293389150532
92,24,13218,325.203964291118,0,0,462.353003480103,1140.68028446058,27.4637615372976
92,25,10387,364.843554443054,0,0,502.968614614422,1201.63598729181,26.2775584865697
92,26,7304,468.419633077766,0,0,516.034364731654,1161.28737677985,20.8332420591457
92,27,20888,235.106281118345,0,0,751.832104557641,1303.28111834546,42.3195135963232
92,28,10186,337.956018064009,0,0,558.471136854506,1073.36226192814,31.2754761437267
92,29,26354,266.386013508386,0,0,756.158647643621,1251.21590650376,29.0901950368066
92,30,22471,201.040274131102,0,0,576.334920564283,1205.9961283432,51.3879667126519
92,31,15040,254.902659574468,0,0,539.815159574468,1136.63743351064,39.0964760638298
92,32,16720,197.359928229665,0,0,449.980921052632,1348.39862440191,31.6635167464115
92,33,12831,239.235835086899,0,0,460.836100070143,1204.71740316421,20.6649520692074
93,1,18907,329.672925371555,0,0,681.041519014122,1246.78129793198,20.0935632305495
93,2,18977,253.023185961954,0,0,694.449333403594,1115.43953206513,42.7749907783106
93,3,14047,363.852139246814,0,0,570.327187299779,1227.15341354026,24.2170570228519
93,4,15123,379.603914567215,0,0,553.451563843153,1174.85439396945,29.3009984791377
93,5,15788,309.887066126172,0,0,541.571383329111,1186.25006333924,16.7933873828224
93,6,21507,214.458036918213,0,0,560.419816803831,1394.08820384061,34.6039893988004
93,7,9450,471.387830687831,0,0,675.976507936508,1102.20761904762,27.0820105820106
93,8,20732,261.304987459001,0,0,616.837256415204,1280.38365811306,26.6832915300019
93,9,12640,405.337579113924,0,0,675.539715189873,1155.85071202532,30.628085443038
93,10,11427,370.953181062396,0,0,615.104751903387,1209.72486216855,19.1770368425659
93,11,28075,211.080747996438,0,0,544.558468388246,1107.34991985752,47.8836687444346
93,12,14746,389.662484741625,0,0,637.376169808762,1217.20276685203,28.966295944663
93,13,7748,526.038203407331,0,0,516.852994321115,1090.34950955085,19.8991997934951
93,14,13781,418.763732675423,0,0,565.318409404252,1136.19802626805,21.8794717364487
93,15,21356,251.690391459075,0,0,422.752107136168,1135.07290691141,37.4552350627458
93,16,12222,339.822614956636,0,0,715.033709703813,1185.83333333333,25.5604647357225
93,17,19209,227.871674735801,0,0,550.831849653808,1304.57962413452,19.9072309854756
93,18,16798,291.460114299321,0,0,491.831527562805,1236.57697344922,22.8968329563043
93,19,16131,335.917302089145,0,0,481.411257826545,1153.02058148906,29.8101791581427
93,20,12096,321.80505952381,0,0,601.23544973545,1138.91087962963,34.0779596560847
93,21,14714,328.775859725432,0,0,525.341171673236,1066.99809705043,27.2380725839337
93,22,20869,252.585509607552,0,0,718.864104652834,1330.86721932052,32.205088887824
93,23,12601,380.120069835727,0,0,632.235854297278,1087.82374414729,23.610665820173
93,24,12232,373.061232831916,0,0,595.128351863963,1101.78932308698,29.234466971877
93,25,15742,246.028649472748,0,0,744.554630923644,1216.29195781985,33.3881336551899
93,26,20504,264.596030042918,0,0,566.585593055014,1057.00487709715,37.6589445961764
93,27,10348,381.198879010437,0,0,647.387127947429,1100.9138964051,37.7615964437572
93,28,18742,235.2595240636,0,0,462.836783694376,1300.8205634404,27.8378508163483
93,29,26178,190.694285277714,0,0,565.243792497517,1279.0009932004,55.0090152036061
93,30,11915,289.262106588334,0,0,725.012924884599,1111.72572387747,31.290809903483
93,31,22989,216.130323198051,0,0,410.064030623342,1271.95319500631,43.5772760885641
93,32,17172,260.857791754018,0,0,431.533484742604,1176.16596785465,24.1635220125786
93,33,14685,200.350425604358,0,0,728.295131086142,1206.84405856316,46.7406877766428
93,34,3356,142.193384982122,0,0,516.145411203814,1045.27651966627,20.1090584028605
94,1,26456,246.615550347747,0,0,782.061347142425,1284.55363622619,21.8853190202601
94,2,23796,197.794545301731,0,0,628.354345268112,1370.31580937973,40.1300218524122
94,3,11452,386.549947607405,0,0,642.721882640587,1219.93285015718,20.9887355920363
94,4,19567,267.373281545459,0,0,652.870598456585,1029.33004548474,38.9402565544028
94,5,27205,215.789487226613,0,0,784.822422348833,1041.24932916743,36.7096857195369
94,6,22227,270.801682638233,0,0,548.716111036127,1275.44904845458,32.127592567598
94,7,21787,245.803873869739,0,0,679.803506678294,1072.94896038922,25.9263781153899
94,8,15231,250.897642965006,0,0,669.036176219552,1277.56647626551,18.9566016676515
94,9,11903,330.029824414013,0,0,613.853398302949,1177.69335461648,36.1727295639755
94,10,19466,235.142813110038,0,0,773.801859652728,1137.54967635878,23.1911024350149
94,11,13049,346.327841213886,0,0,670.353437044984,1251.0737221243,25.9267376810484
94,12,12796,351.512347608628,0,0,556.410206314473,1201.28227571116,33.1989684276336
94,13,11150,278.032556053812,0,0,712.975695067265,1186.92331838565,28.414798206278
94,14,8825,415.017223796034,0,0,611.313994334278,1053.69869688385,27.057790368272
94,15,15207,331.196817255211,0,0,556.574538041691,1112.17623462879,34.2001052147038
94,16,11517,312.638707996874,0,0,678.727967352609,1154.31119215073,24.8673265607363
94,17,14588,312.172744721689,0,0,613.476967370441,1110.13613929257,41.5167946257198
94,18,16372,255.378939653066,0,0,608.053261666259,1236.5317615441,39.8443073540191
94,19,13269,315.033310724244,0,0,746.360012058181,1225.20611952672,23.1027959906549
94,20,13170,325.306302201974,0,0,668.267501898254,1151.96135155657,33.4091875474563
94,21,18889,191.703742919159,0,0,661.820371644873,1347.2679866589,28.0409762295516
94,22,15648,202.755240286299,0,0,808.908039366053,1359.72705777096,30.0394299591002
94,23,14287,297.450759431651,0,0,642.346328830405,1242.24819766221,33.1627353538182
94,24,14335,264.43369375654,0,0,606.901639344262,1283.81213812347,25.9526334147192
94,25,15702,342.466055279582,0,0,611.22379314737,1119.26213221246,28.79174627436
94,26,13203,345.246156176627,0,0,620.325910777854,1165.7823221995,21.5800196924941
94,27,21245,221.745963756178,0,0,901.459496352083,1267.02847728877,43.935608378442
94,28,17166,284.002446696959,0,0,692.874577653501,1078.74723290225,35.0602353489456
94,29,17262,226.634225466342,0,0,642.081045070096,1113.8647897115,49.1611632487545
94,30,22119,233.294362312944,0,0,558.637325376373,1189.99358017994,44.5720873457209
94,31,21439,246.630346564672,0,0,871.855170483698,1172.03778161295,29.0172116236765
94,32,22105,233.918932368242,0,0,817.00226193169,1104.29102013119,50.1420945487446
94,33,24945,192.720184405693,0,0,668.819522950491,1263.99502906394,53.3293245139307
95,1,22247,249.903582505506,0,0,663.297163662516,1296.1354339911,22.089764912123
95,2,29243,285.835926546524,0,0,743.866292788018,1251.66723660363,35.1044694456793
95,3,22632,257.069282431955,0,0,571.412645811241,1212.35683987275,16.1599063273241
95,4,11730,504.900852514919,0,0,693.395396419437,1155.72190963342,23.2588235294118
95,5,15321,308.248286665361,0,0,642.66882057307,1154.20135761373,32.727171855623
95,6,17871,291.298024732807,0,0,501.975267192659,1030.65866487606,36.2565609087348
95,7,21431,277.974429564649,0,0,638.201390509076,1036.85492977463,34.0249171760534
95,8,27041,200.335453570504,0,0,543.243704005029,1336.45797122887,22.1334270182316
95,9,17674,318.136132171551,0,0,557.67290935838,1070.38644336313,37.0351363584927
95,10,16297,382.366325090507,0,0,592.504203227588,1205.23998281892,25.6587101920599
95,11,15860,303.909773013871,0,0,478.180643127364,1105.42950819672,30.3965952080706
95,12,15540,390.056241956242,0,0,595.339961389961,1070.962998713,26.4132561132561
95,13,15547,338.509358718724,0,0,652.715379172831,1222.86962114877,19.3317681867884
95,14,16560,278.778985507246,0,0,419.70845410628,1135.4884057971,35.5306763285024
95,15,15703,361.840094249506,0,0,672.89078520028,1100.94682544737,23.1360886454818
95,16,18068,260.965297764003,0,0,516.184912552579,1212.02750719504,25.1949302634492
95,17,17901,217.623931623932,0,0,708.610748002905,1346.24596391263,36.6043237807944
95,18,11695,328.053698161608,0,0,552.831637451903,1146.98854211201,19.6855921333903
95,19,7641,503.433974610653,0,0,596.069755267635,1013.87370762989,28.2325611830912
95,20,15527,283.093256907323,0,0,528.685579957493,1070.91518000902,23.2455722290204
95,21,26284,227.355082940192,0,0,568.499010805053,1064.36345305129,46.8470171967737
95,22,14396,376.91303139761,0,0,578.432133926091,1126.82224228952,31.4212281189219
95,23,18861,243.346800275701,0,0,708.717671385398,1108.00185568103,38.8803881024336
95,24,18767,251.94943251452,0,0,444.78083870624,1170.00042628017,24.313315926893
95,25,13073,342.746041459497,0,0,732.032662739999,1215.33626558556,24.3348122083684
95,26,10829,421.319420075723,0,0,707.19087635054,1180.14110259488,33.8521562471142
95,27,21018,209.636644780664,0,0,693.049814444762,1181.02711961176,48.5175563802455
95,28,25616,224.327022173641,0,0,415.145182698314,1285.26936289819,33.8248750780762
95,29,8176,371.457191780822,0,0,537.4478962818,1153.4637964775,26.7331213307241
95,30,9451,410.477621415723,0,0,659.715903079039,1106.29986244842,30.0478256269178
95,31,9702,539.988249845393,0,0,668.858379715523,1196.81374974232,25.9652648938363
95,32,23267,183.72592083208,0,0,589.736493746508,1331.90385524563,52.0881076202347
95,33,21087,210.806658130602,0,0,467.425333143643,1176.84236733532,51.4499928866126
96,1,26016,164.112353936039,0,0,572.300930196802,1416.25242158672,41.9140913284133
96,2,19136,344.615802675585,0,0,487.169105351171,1061.07786371237,36.1010137959866
96,3,20336,273.094463021243,0,0,654.189024390244,1161.4579563336,18.4148800157356
96,4,14255,388.37635917222,0,0,621.482146615223,1095.15320940021,25.0115047351806
96,5,31425,242.499665871122,0,0,457.283309466985,1280.08187748608,22.0249164677804
96,6,12297,372.650971781735,0,0,559.88200374075,1055.81271854924,32.3949743839961
96,7,10039,533.094730550852,0,0,494.816615200717,1126.0977188963,22.0599661320849
96,8,24630,238.079049939099,0,0,590.636784409257,1252.00259845717,16.724035728786
96,9,12500,460.86616,0,0,492.64312,1168.26504,27.26808
96,10,16790,284.779928528886,0,0,680.66950565813,1105.73329362716,36.1977367480643
96,11,19310,277.420403935785,0,0,643.684722941481,1046.77239772139,30.0919212843086
96,12,15481,351.494670886894,0,0,572.377753375105,1152.1151088431,21.1497319294619
96,13,6881,522.110158407208,0,0,666.135881412585,1094.38351983723,19.9494259555297
96,14,24725,191.960606673407,0,0,594.696541961577,1358.55005055612,21.9924368048534
96,15,23933,261.845025696737,0,0,443.55542556303,1154.41904483349,45.1597376008022
96,16,12898,405.500465188401,0,0,519.323693595906,1231.18057063111,21.6216467669406
96,17,16248,267.602166420483,0,0,406.579640571147,1173.07964057115,33.5512063023141
96,18,14221,373.303143238872,0,0,597.705857534632,1103.322973068,33.7154911750229
96,19,12981,302.897080348201,0,0,570.474693783222,1191.26877744396,25.3035205300054
96,20,14116,362.866109379428,0,0,542.895437801077,1097.24674128648,20.1387786908473
96,21,20492,271.605992582471,0,0,744.008100722233,1138.00522154987,29.4865801288308
96,22,19708,218.043129693525,0,0,719.322559366755,1146.39075502334,42.4934036939314
96,23,14275,362.297513134851,0,0,452.749772329247,1119.023117338,29.7775831873905
96,24,17915,285.98353335194,0,0,688.338933854312,1174.90700530282,26.9264861847614
96,25,24853,225.2252042007,0,0,610.172172373556,1192.77861827546,51.9441113748843
96,26,13562,410.730128299661,0,0,616.814702846188,1150.61709187435,28.7950154844418
96,27,14077,445.466434609647,0,0,529.789585849258,1133.91411522341,33.2001846984443
96,28,20936,222.043752388231,0,0,738.809753534582,1317.568781047,42.0246465418418
96,29,24508,236.016035580219,0,0,739.55565529623,1256.10368043088,25.1364452423698
96,30,18986,263.012851574845,0,0,560.185610449805,1119.29047719372,40.1669651322027
96,31,20281,235.554016074158,0,0,629.618657857108,1067.84216754598,42.6921256348306
96,32,11719,314.906050004267,0,0,438.921153682055,1173.89751685297,22.6253946582473
96,33,17037,211.949991195633,0,0,419.543464224922,1328.94963902095,32.9612607853495
97,1,18581,266.237608309564,0,0,755.946881222754,1151.54539583445,36.3738765405522
97,2,20081,275.403515761167,0,0,645.422488919874,1230.22125392162,24.0598575768139
97,3,19310,275.016882444329,0,0,524.773433454169,1217.37835318488,20.1266701191093
97,4,22139,219.303446406793,0,0,616.771218212205,1370.88183748137,25.935950133249
97,5,15927,463.645319269166,0,0,657.152257173353,1106.75412820996,33.4933760281283
97,6,10534,518.239700018986,0,0,657.150560091133,1050.47199544333,31.3512435921777
97,7,15773,247.885373739935,0,0,476.739174538769,1070.71749191657,31.1950802003424
97,8,23494,221.85489912318,0,0,600.75781050481,1257.46113901422,16.5852132459351
97,9,12953,343.433181502355,0,0,552.568053732726,1151.95275225816,28.2785455106925
97,10,26313,204.782426937255,0,0,504.534336639684,1296.76665526546,20.1899061300498
97,11,29426,255.879528308299,0,0,645.680656562224,1094.74692448855,46.7736695439407
97,12,13223,351.121757543674,0,0,555.881040611057,1091.65212130379,23.7726688346064
97,13,20852,249.873297525417,0,0,400.775273355074,1181.85210051794,33.9439382313447
97,14,17689,228.001865566171,0,0,511.462773475041,1069.10266267172,41.4100288314772
97,15,16125,301.178356589147,0,0,571.69488372093,1064.83956589147,32.0031627906977
97,16,14725,355.622478777589,0,0,717.048692699491,1110.9659762309,30.3610186757216
97,17,12889,323.622468771821,0,0,643.007370626115,1138.17914500737,20.137869501125
97,18,13055,338.024894676369,0,0,598.200153198008,1177.04450402145,23.6390654921486
97,19,25071,308.881855530294,0,0,759.090463084839,1270.07957400981,30.3618523393562
97,20,23585,273.482001271995,0,0,716.761246555014,1166.05817256731,22.851642993428
97,21,10861,299.050639904245,0,0,576.068778197219,1122.25513304484,34.1497099714575
97,22,18687,275.666934232354,0,0,477.105795472789,1152.71081500508,28.1900251511746
97,23,22078,283.194990488269,0,0,440.441299030709,1180.90660385905,22.5930790832503
97,24,15110,460.110191925877,0,0,656.386697551291,1166.76187954997,27.9258769027134
97,25,8410,426.775862068966,0,0,497.558858501784,1058.39762187872,23.4579072532699
97,26,12417,336.481758878956,0,0,608.032938713055,1035.75895949102,28.0406700491262
97,27,19166,200.100020870291,0,0,442.517426693102,1353.36084733382,36.0735156005426
97,28,19421,265.989289943875,0,0,554.780804284022,1135.88955254621,17.6106791617321
97,29,12307,408.530267327537,0,0,602.00146258227,1086.35662631023,39.8521979361339
97,30,21596,168.902343026486,0,0,563.293341359511,1346.60664011854,51.1814224856455
97,31,23257,191.773057574064,0,0,496.244958507116,1152.58855398375,50.0324633443694
97,32,20934,217.485478169485,0,0,696.273908474252,1209.58679659883,50.8203401165568
97,33,13217,308.631762124537,0,0,690.753423621094,1052.38117575849,37.8931678898388
98,1,18320,317.469268558952,0,0,562.473417030568,1035.85545851528,29.1982532751092
98,2,14619,444.639783842944,0,0,529.064778712634,1216.99616936863,22.1346877351392
98,3,21111,257.970157737672,0,0,698.039884420444,1230.70437212827,20.765004026337
98,4,30410,248.622821440316,0,0,589.555277869122,1325.21900690562,19.7336731338376
98,5,15450,345.082977346278,0,0,607.680064724919,1247.74051779935,21.3562459546926
98,6,16861,306.844671134571,0,0,487.667872605421,1136.51936421327,35.9694561413914
98,7,20608,272.944778726708,0,0,690.313810170807,1123.31827445652,22.5787558229814
98,8,19561,193.190634425643,0,0,536.827974029958,1407.92362353663,32.6384642911917
98,9,23212,278.676589694985,0,0,680.722643460279,1045.81518180252,36.1722815784939
98,10,16619,419.437691798544,0,0,511.117636440219,1169.77640050545,28.9958481256393
98,11,23308,237.092500429037,0,0,594.417882272181,1071.63832160632,46.6231336880041
98,12,12625,321.520554455446,0,0,606.553504950495,1190.9596039604,25.1506534653465
98,13,14382,416.904950632735,0,0,593.511055486024,1085.58420247532,23.7769434014741
98,14,14461,423.42618076205,0,0,601.325288707558,1134.67374317129,29.3339326464283
98,15,20726,267.921258322879,0,0,499.680063688121,1068.2843288623,40.9267586606195
98,16,8784,478.017304189435,0,0,656.641621129326,1064.14970400729,21.9183743169399
98,17,14420,351.134604715673,0,0,618.212898751734,1158.53696255201,20.170319001387
98,18,15436,347.260948432236,0,0,564.433726353978,1134.47706659756,17.5322622441047
98,19,18408,244.666829639287,0,0,399.578444154715,1247.83143198609,37.0363972186006
98,20,19653,304.145728387524,0,0,674.619040350074,1101.7150053427,31.0414186129344
98,21,15631,348.370609685881,0,0,587.170622480967,1063.15430874544,37.1693429722986
98,22,18042,193.04777740827,0,0,641.870690610797,1383.62642722536,46.8252965303181
98,23,16737,257.187429049411,0,0,526.525183724682,1260.12600824521,16.1532532711956
98,24,19388,206.364349081906,0,0,441.557612956468,1279.99370744791,24.8444914380029
98,25,13864,318.651832083093,0,0,466.193378534334,1207.45527986151,22.7134304673976
98,26,13000,416.438692307692,0,0,539.121153846154,1109.12353846154,31.0753076923077
98,27,12961,390.133708818764,0,0,492.957333539079,1092.67787979323,27.05524265103
98,28,6999,532.019717102443,0,0,533.442206029433,1190.56322331762,17.1754536362337
98,29,27247,219.579696847359,0,0,758.922633684442,1132.95041655962,35.1053326971777
98,30,16899,228.103911474052,0,0,722.328125924611,1319.39215338186,27.2619681637967
98,31,26699,230.596951196674,0,0,503.348290198135,1174.13865687853,51.2073485898348
98,32,18612,296.77229744251,0,0,429.558940468515,1145.14753922201,28.5933806146572
98,33,24392,232.991144637586,0,0,699.337200721548,1208.21482453263,51.4683502787799
99,1,31962,215.154652399725,0,0,469.473937801139,1286.29162755772,21.8399349227207
99,2,9406,517.655645332766,0,0,466.882415479481,1136.46916861578,25.0292366574527
99,3,12743,354.438044416542,0,0,582.67746998352,1071.94161500432,26.4644903084046
99,4,22439,315.77097909889,0,0,728.348143856678,1087.54556798431,29.9277597040866
99,5,17298,269.73043126373,0,0,606.674760087871,1026.55890854434,32.3970401202451
99,6,26984,262.796138452416,0,0,780.204788022532,1282.11013934183,40.4229914023125
99,7,12723,332.988131729938,0,0,550.079462390946,1133.7654641201,21.8251198616678
99,8,13236,406.806134783923,0,0,479.091870655787,1178.27757630704,29.2008159564823
99,9,20483,287.276229068008,0,0,461.870624420251,1095.35585607577,40.5892691500269
99,10,22065,178.813505551779,0,0,650.464944482212,1414.61468388851,40.0407885791978
99,11,17777,305.050458457558,0,0,672.52742307476,1120.91258367554,26.252742307476
99,12,23588,220.029845684246,0,0,585.398210954723,1221.19331863659,16.4665083940987
99,13,12624,382.093235107731,0,0,597.344660963245,1125.58919518378,29.7622782002535
99,14,16215,326.404378661733,0,0,656.77119950663,1070.0918902251,37.2695035460993
99,15,10723,280.627249836799,0,0,557.598060244335,1169.59395691504,26.6803133451459
99,16,25864,233.175765542839,0,0,644.34631147541,1196.10404423136,52.7113362202289
99,17,26257,242.443462695662,0,0,714.580492820962,1110.23852686903,43.5552424115474
99,18,12812,372.599125819544,0,0,518.638307836403,1216.1563378083,23.0480799250702
99,19,26156,195.755467196819,0,0,611.340419024316,1326.14103838507,18.767166233369
99,20,13003,331.230485272629,0,0,570.035914788895,1090.65077289856,35.578789510113
99,21,11998,340.887981330222,0,0,507.467994665778,1091.61101850308,23.2445407567928
99,22,24378,247.621010747395,0,0,749.594224300599,1183.88054803511,23.9442119944212
99,23,12419,309.485787905628,0,0,518.693373057412,1057.53893228118,34.8170545132458
99,24,15539,341.238432331553,0,0,515.347062230517,1141.93281420941,35.689362249823
99,25,9793,387.037986316757,0,0,438.229143265598,1146.46635351782,33.6656795670377
99,26,24133,216.966228815315,0,0,458.128744872167,1208.0411884142,48.8293622840094
99,27,13087,308.499044853672,0,0,431.675937953695,1202.17834492244,24.1573317032169
99,28,6141,484.090050480378,0,0,625.040872822016,1058.13987949845,21.2374206155349
99,29,21035,169.81117185643,0,0,472.24345139054,1377.18578559544,35.7231756596149
99,30,16853,268.035008603809,0,0,404.27383848573,1218.25965703436,36.4643090250994
99,31,18092,258.441189476012,0,0,633.445279681627,1127.04880610214,19.0240990493036
99,32,19761,230.742674965842,0,0,616.127017863468,1068.67122109205,45.3388492485198
99,33,18407,232.108708643451,0,0,556.204378768947,1124.04683001032,42.5154017493345
100,1,17550,223.806210826211,0,0,661.259088319088,1411.2350997151,37.4492877492877
100,2,26025,220.765225744476,0,0,621.920960614793,1287.93129682997,16.0429971181556
100,3,19220,281.292299687825,0,0,689.018990634755,1218.13303850156,20.2915192507804
100,4,18973,253.130817477468,0,0,652.953723712644,1159.34037843251,16.3298371369841
100,5,15729,375.613516434611,0,0,568.176616440969,1082.7507788162,33.5338546633607
100,6,15553,410.47945733942,0,0,639.291069247091,1107.54034591397,30.772969845046
100,7,19350,230.179173126615,0,0,443.780361757106,1201.37700258398,30.0123514211886
100,8,12940,337.229289026275,0,0,583.01429675425,1135.49860896445,19.1650695517774
100,9,13576,341.548394225103,0,0,660.298246906305,1082.64916028285,22.9637595757219
100,10,19282,251.469401514366,0,0,573.725650866093,1236.62607613318,20.1130588113266
100,11,11734,336.102352139083,0,0,545.825038350094,1172.89048917675,14.846088290438
100,12,27651,298.457849625692,0,0,702.764420816607,1048.49332754692,31.4161513145998
100,13,14309,335.010273254595,0,0,601.003494304284,1176.68795862744,24.664197358306
100,14,12589,289.664786718564,0,0,509.415759790293,1045.45341170863,36.1592660258956
100,15,13934,330.467274293096,0,0,503.14482560643,1131.52440074638,33.6239414382087
100,16,17079,244.840622987294,0,0,625.110076702383,1030.98987060132,42.4848644534223
100,17,32855,238.701354436159,0,0,745.958758179881,1089.35851468574,42.7610409374524
100,18,19545,245.655257099002,0,0,497.844154515221,1213.89091839345,19.9124072652852
100,19,15144,320.596671949287,0,0,621.485142630745,1032.19459852087,33.4047147385103
100,20,21862,270.172811270698,0,0,748.014820236026,1290.27335102003,23.472051962309
100,21,22065,183.832585542715,0,0,579.40077045094,1158.53972354407,54.4612735100838
100,22,19574,311.663482170226,0,0,469.180085828139,1112.17880862368,41.1609788494942
100,23,10117,430.578036967481,0,0,547.196500939014,1047.25462093506,29.4018977957893
100,24,9953,280.776449311765,0,0,558.07947352557,1148.98754144479,29.3530593790817
100,25,14303,297.464098440887,0,0,512.065580647417,1136.23121023561,24.9307837516605
100,26,20519,277.508065695209,0,0,763.719284565525,1184.01072177007,24.4749256786393
100,27,12613,378.258859906446,0,0,664.428129707445,1140.12732894633,24.9453738206612
100,28,31615,270.765238019927,0,0,795.429574569034,1260.73942748695,36.7913648584533
100,29,17089,329.392123588273,0,0,715.605652759085,1135.8741880742,29.8455146585523
100,30,14822,301.079206584806,0,0,541.582647416003,1076.02887599514,23.4983133180408
100,31,31900,182.916332288401,0,0,534.049686520376,1337.91699059561,22.1309717868339
100,32,22905,217.424710761842,0,0,437.987731936258,1261.00240122244,39.9084042785418
100,33,20509,162.393193232239,0,0,607.467550831342,1334.70222829002,52.3484323955337
101,1,9212,477.511072514112,0,0,542.042878853669,1018.21406860617,26.6417716022579
101,2,28135,217.934103429892,0,0,624.121663408566,1355.1746223565,21.7856406610983
101,3,13781,397.300341049271,0,0,551.970176329729,1173.53247224439,22.6629417313693
101,4,17118,351.158546559177,0,0,467.052167309265,1159.71421895081,23.9018576936558
101,5,27565,243.150879738799,0,0,472.671830219481,1066.91928169781,43.1508434609106
101,6,20718,321.529153393185,0,0,435.065353798629,1081.80080123564,31.9770730765518
101,7,17534,338.676400136877,0,0,507.347382228813,1082.68472681647,32.0201893464127
101,8,18554,371.957583270454,0,0,684.705130969063,1167.78214940175,26.4304732133233
101,9,20906,274.529608724768,0,0,554.151487611212,1242.42657610255,21.6034152874773
101,10,25355,294.421060934727,0,0,632.182054821534,1239.21573654112,16.0678761585486
101,11,14625,446.856273504274,0,0,617.362666666667,1198.17976068376,23.5416068376068
101,12,9293,441.977509953729,0,0,695.676530722049,1119.01237490584,23.7888733455289
101,13,13802,379.67917693088,0,0,590.633314012462,1149.28677003333,17.5034777568468
101,14,13759,442.227923540955,0,0,564.888000581438,1122.8695399375,27.4575187150229
101,15,13234,431.788801571709,0,0,566.702282000907,1071.6183315702,24.3583950430709
101,16,12851,347.731927476461,0,0,686.142946074236,1121.7137965917,33.6246984670454
101,17,26893,245.429368237088,0,0,754.795969211319,1155.85903394935,38.1832818949169
101,18,10928,304.881680087848,0,0,622.534040995608,1130.26729502196,30.227397510981
101,19,14681,333.349431237654,0,0,689.78373407806,1196.48225597711,20.4892037327158
101,20,18270,304.669074986316,0,0,506.057799671593,1101.19698960044,20.5060207991242
101,21,17165,304.404951937081,0,0,651.458374599476,1075.40903000291,23.6165452956598
101,22,22025,245.370124858116,0,0,402.626833144154,1222.47259931896,28.1499205448354
101,23,19773,244.774591614828,0,0,735.17442977798,1265.59485156527,24.3986749608051
101,24,22916,248.583740617909,0,0,563.810525397102,1022.68969279106,34.8497556292547
101,25,15685,305.940006375518,0,0,635.814791201785,1062.30812878546,30.6085431941345
101,26,19485,214.793482165769,0,0,652.811906594816,1055.08396202207,41.3183474467539
101,27,25123,232.908370815587,0,0,425.964892727779,1262.58472316204,48.3489232973769
101,28,24649,228.074972615522,0,0,470.430889691265,1240.2258915169,19.7815327193801
101,29,16364,185.814531899291,0,0,728.720667318504,1329.73246150086,42.6659129797116
101,30,16650,210.128708708709,0,0,464.168528528529,1347.44432432432,28.9387987987988
101,31,15764,261.797576757168,0,0,748.301382897742,1140.42356001015,28.8452169500127
101,32,20182,192.113616093549,0,0,668.553017540382,1125.08081458726,49.3791001882866
101,33,21145,163.088153227713,0,0,581.792291321825,1339.58888626153,52.3311421139749
102,1,14069,352.957139810932,0,0,643.088847821451,1097.79088776743,22.6217925936456
102,2,26827,268.414731427293,0,0,425.181421702017,1225.10489432288,23.710440973646
102,3,19754,280.049103978941,0,0,527.047484053862,1030.30565961324,38.2175255644426
102,4,24778,287.367019129873,0,0,756.924933408669,1193.09330858019,26.3599160545645
102,5,20299,258.833834179024,0,0,566.015567269324,1161.18074782009,18.6707719592098
102,6,17512,332.400125628141,0,0,708.019472361809,1116.05116491549,34.4955459113751
102,7,31697,227.901978105183,0,0,716.788371139225,1307.5936208474,23.2933400637284
102,8,15163,324.268746290312,0,0,602.52140077821,1034.95245004287,30.3881817582273
102,9,16919,270.026951947515,0,0,416.381819256457,1103.33630829245,35.7634611974703
102,10,20296,231.984676783603,0,0,693.71447575877,1370.68363224281,43.3305084745763
102,11,16452,363.983831752978,0,0,624.922076343302,1088.00753707756,32.1027838560661
102,12,17285,306.237604859705,0,0,695.304136534568,1072.0908301996,27.8536881689326
102,13,19816,304.308134840533,0,0,684.468510294711,1183.85915421881,23.7672083165119
102,14,9275,459.240754716981,0,0,515.355040431267,1086.12388140162,23.0415094339623
102,15,14922,404.65051601662,0,0,495.044028950543,1122.01896528615,27.5630612518429
102,16,12888,297.474860335196,0,0,568.421322160149,1084.30051210428,20.0548572315332
102,17,21934,204.07294611106,0,0,541.231239172062,1274.12364365825,16.7941096015319
102,18,15285,330.097088649002,0,0,506.101472031403,1186.30592083742,22.7468105986261
102,19,12959,332.680839570955,0,0,490.212284898526,1061.86966586928,31.2297245157805
102,20,11987,426.443647284558,0,0,625.097188621006,1138.9102360891,27.2233252690415
102,21,24877,217.97821280701,0,0,648.862041242915,1206.3139044097,16.3965108332998
102,22,16153,356.746981984771,0,0,555.364142883675,1095.25648486349,32.2244784250604
102,23,18572,162.302875296145,0,0,524.208216670256,1393.06595950894,45.113611888865
102,24,24000,239.366041666667,0,0,752.209916666667,1164.35004166667,41.2737083333333
102,25,21336,241.022637795276,0,0,675.570866141732,1075.88577990251,43.0965035620547
102,26,18827,258.793328730015,0,0,598.679449726457,1082.72167631593,39.6408880862591
102,27,26161,229.251710561523,0,0,498.67203088567,1102.78968693857,49.4061389090631
102,28,10502,276.431251190249,0,0,564.105598933536,1156.41839649591,25.6464482955627
102,29,21691,252.736757180397,0,0,664.410170116638,1195.02019270665,52.2697432114702
102,30,20022,202.128908200979,0,0,397.272899810209,1284.7807411847,42.2579162920787
102,31,24528,176.200627853881,0,0,497.641878669276,1353.05984996738,23.4409654272668
102,32,6417,456.821723546829,0,0,674.784946236559,1130.35873461119,17.2856474988312
102,33,12872,306.390692977004,0,0,449.307411435674,1134.03379428216,22.1463642013673
103,1,9252,432.730112408128,0,0,522.72514051016,1017.87440553394,26.8054474708171
103,2,12449,350.100168688248,0,0,564.516507349988,1171.37071250703,22.465258253675
103,3,19867,221.545578094327,0,0,668.245885136155,1352.42714048422,23.5179946645191
103,4,13749,382.941595752418,0,0,701.253400247291,1137.39115572042,28.1557931485926
103,5,18920,258.622410147992,0,0,584.192124735729,1232.60354122622,20.8264799154334
103,6,19577,325.580068447668,0,0,418.395566225673,1104.67165551412,30.2819635286305
103,7,13879,363.293320844441,0,0,555.05065206427,1066.07428489084,23.8660566323222
103,8,16748,335.424050632911,0,0,477.061022211607,1182.96250298543,22.3719847145928
103,9,20023,281.958697497877,0,0,667.560855016731,1226.8705488688,17.5038705488688
103,10,27188,252.1508753862,0,0,737.779314403413,1116.13447109019,40.1728703839929
103,11,23371,248.658337255573,0,0,439.132771383338,1087.74271533097,42.7650507038638
103,12,9068,424.604322893692,0,0,684.569364799294,1093.17302602558,25.0262461402735
103,13,16438,271.794257208906,0,0,618.19740844385,1046.04361844507,31.9993308188344
103,14,16579,332.18987876229,0,0,493.715000904759,1087.49653175704,30.7675975631823
103,15,11911,409.188733103854,0,0,558.416757619008,1122.85223742759,27.3315422718495
103,16,25390,237.273651043718,0,0,413.074044899567,1246.54671130366,25.8916896415912
103,17,28665,215.5094714809,0,0,507.56713762428,1264.81423338566,18.0654805511948
103,18,13024,340.710073710074,0,0,599.550522113022,1135.92951474201,17.576550982801
103,19,16071,365.61215854645,0,0,634.156430838156,1174.88525916247,23.9193578495427
103,20,13458,328.728785852281,0,0,668.485584782286,1097.16852429782,33.8060633080695
103,21,24904,224.715226469643,0,0,433.430854481208,1289.29746225506,48.1675232894314
103,22,20328,196.41051751279,0,0,620.963695395514,1043.84902597403,43.5928276269185
103,23,13239,298.817357806481,0,0,701.714404411209,1170.04736007251,21.9197824609109
103,24,19684,247.505181873603,0,0,527.670188985978,1022.21672424304,35.4016968095915
103,25,10566,277.467064168086,0,0,612.210391822828,1112.43374976339,30.1681809577891
103,26,16502,306.252272451824,0,0,498.965882923282,1109.30462974185,20.0778087504545
103,27,15140,281.293461030383,0,0,631.268428005284,1055.6287318362,23.9745046235139
103,28,23048,208.913528288789,0,0,485.50850399167,1372.25698542173,29.4066296424852
103,29,18888,246.952562473528,0,0,762.406024989411,1222.00005294367,27.5178420160949
103,30,18452,193.362616518535,0,0,732.946835031433,1312.17933015391,46.0810752221981
103,31,10412,189.930080676143,0,0,581.58461390703,1333.81521321552,52.0019208605455
103,32,12171,294.118560512694,0,0,734.818913811519,1085.49823350587,31.1824829512776
103,33,20668,184.646409909038,0,0,646.307431778595,1119.9794851945,51.5103057867234
104,1,20070,274.864474339811,0,0,519.900398604883,1024.9720976582,38.6828101644245
104,2,29881,231.500719520766,0,0,717.980623138449,1315.50343027342,24.0900572270004
104,3,27287,276.763073991278,0,0,434.914391468465,1216.84527430645,22.2622494228021
104,4,15221,374.138295775573,0,0,631.406280796268,1082.37257736023,32.4081203600289
104,5,19007,311.316462355974,0,0,690.073867522492,1174.88388488452,23.7128426369232
104,6,24604,293.396114452934,0,0,758.140993334417,1196.08014956918,26.4444399284669
104,7,18716,268.849487069887,0,0,577.337251549476,1156.59708270998,18.509670869844
104,8,15721,329.027161122066,0,0,608.602124546785,1027.16907321417,30.3313402455315
104,9,24791,214.534145456012,0,0,655.705376951313,1212.24117623331,16.3326610463475
104,10,16586,391.730857349572,0,0,484.128542143977,1112.81134691909,27.3778487881346
104,11,19502,234.642344374936,0,0,673.146651625474,1383.42857142857,44.1045533791406
104,12,15710,274.390197326544,0,0,576.953851050286,1071.85798854233,20.8644812221515
104,13,14122,372.410494264268,0,0,657.259099277723,1089.58660246424,22.6629372610112
104,14,16783,306.878925102783,0,0,711.090806172913,1074.64577250789,28.4038610498719
104,15,18205,314.540675638561,0,0,712.473056852513,1113.6293875309,35.6181268882175
104,16,9515,454.456752496059,0,0,519.312348922754,1071.69942196532,23.8458223857068
104,17,16548,280.143642736282,0,0,411.989968576263,1103.46682378535,34.9087503021513
104,18,30697,218.653744665602,0,0,497.728084177607,1103.32420106199,50.9727660683454
104,19,14435,331.949844128853,0,0,519.722064426741,1161.41842743332,23.1085555940423
104,20,9925,437.148312342569,0,0,630.860755667506,1131.50831234257,27.1169773299748
104,21,17754,262.289117945252,0,0,598.092373549623,1067.46750028163,39.0649431114115
104,22,24189,237.735210219521,0,0,758.372276654678,1165.23506552565,41.8354624002646
104,23,9857,292.699908694329,0,0,575.541341178858,1136.99228974333,25.7784315714721
104,24,26608,193.537394768491,0,0,539.455953096813,1275.68802615755,16.5380712567649
104,25,25060,225.295690343176,0,0,674.422665602554,1069.68016759777,44.4156823623304
104,26,13456,334.332045184304,0,0,494.351070154578,1058.3780469679,31.5763971462545
104,27,16315,374.421513944223,0,0,557.330125651241,1084.04676677904,31.8017162120748
104,28,6486,467.50015417823,0,0,680.309281529448,1127.99321615788,17.2587110699969
104,29,20102,175.348074818426,0,0,490.67087851955,1354.84628395185,23.8836931648592
104,30,27416,243.136270790779,0,0,658.59385030639,1209.9402173913,53.6216807703531
104,31,5783,189.3648625281,0,0,540.526024554729,1366.97544527062,48.139201106692
104,32,14334,306.253313799358,0,0,458.266080647412,1129.57276405749,21.1228547509418
104,33,6116,167.064257684761,0,0,521.797580117724,1392.65778286462,42.2074885546109
104,34,19174,188.199436737248,0,0,411.139042453322,1306.2556587045,44.5343694586419
105,1,21896,207.996255023749,0,0,573.706841432225,1413.50356229448,30.6835495067592
105,2,23202,277.190371519697,0,0,523.656150331868,1224.98245840876,18.2966554607361
105,3,21972,274.783770253049,0,0,468.817768068451,1057.70425996723,31.9074731476425
105,4,31142,213.565827499839,0,0,598.693597071479,1289.88134994541,16.2941686468435
105,5,19378,345.419238311487,0,0,486.179069047373,1122.38708845082,25.828155640417
105,6,20752,288.676850424055,0,0,738.293128373169,1201.01941981496,22.1380589822668
105,7,12708,426.883931381807,0,0,548.654390934844,1085.75881334592,21.2063267233239
105,8,19071,273.719207173195,0,0,652.215982381627,1221.64941534267,21.025221540559
105,9,10574,444.511821448837,0,0,679.534613202194,1064.9095895593,26.4595233591829
105,10,24677,221.571422782348,0,0,389.348178465778,1168.81286217936,37.3517850630141
105,11,13770,332.614161220044,0,0,598.384967320261,1169.25032679739,21.2162672476398
105,12,15507,273.21835300187,0,0,688.612433094731,1032.14967434062,34.7370864770749
105,13,14901,396.399100731495,0,0,702.119589289309,1095.35574793638,31.761089859741
105,14,13129,355.074872419834,0,0,642.262396222104,1138.09650392261,17.3048975550308
105,15,24801,249.148179508891,0,0,668.839441957986,1060.82097496069,43.8186766662635
105,16,18998,305.877776608064,0,0,574.613275081588,1042.65959574692,30.6659122012843
105,17,16733,256.455925416841,0,0,457.833084324389,1354.49345604494,44.5077989601387
105,18,22602,219.330103530661,0,0,538.210202636935,1042.16414476595,43.3483762498894
105,19,15114,419.127365356623,0,0,669.385867407701,1153.82089453487,24.2908561598518
105,20,15299,295.711353683247,0,0,623.245636969737,1049.86966468397,23.5027125955945
105,21,11409,349.63958278552,0,0,728.216846349373,1131.90919449557,26.4354457007626
105,22,9345,324.375815944355,0,0,610.661851257357,1109.46506153023,28.6430176565008
105,23,14998,319.054273903187,0,0,426.731030804107,1172.56967595679,23.7729697292972
105,24,18741,242.965263326397,0,0,748.947761592231,1333.96841150419,29.6498052398485
105,25,11558,403.148555113341,0,0,499.863211628309,1044.03720366845,23.3575012978024
105,26,12000,390.088833333333,0,0,635.051,1077.3505,33.2989166666667
105,27,13831,417.675873038826,0,0,566.248716651001,1135.37249656569,24.3677969778035
105,28,26226,212.178067566537,0,0,474.143521696027,1302.34858537329,20.8384046366201
105,29,5665,209.766813768756,0,0,600.465489849956,1377.65348631951,48.1371579876434
105,30,5118,241.391559202814,0,0,533.650840171942,1275.00625244236,53.3776865963267
105,31,18834,230.914197727514,0,0,781.709886375703,1153.47228416693,34.4475416799405
105,32,18184,291.68956225253,0,0,527.694566652002,1151.21166959965,16.6019027716674
105,33,23156,200.762739678701,0,0,557.192002072897,1126.78372775954,53.3380549317671
105,34,20600,181.651310679612,0,0,699.31927184466,1302.02470873786,52.1074757281553
106,1,11907,433.805240614764,0,0,495.730830603846,1093.92231460485,22.2872260015117
106,2,38342,238.787439361536,0,0,464.586615200042,1267.79544624694,20.6235981430285
106,3,17298,408.439357151116,0,0,454.552896288588,1147.91444097584,25.3959995375188
106,4,14936,350.285551687199,0,0,523.95500803428,1168.14528655597,23.0362212104981
106,5,12040,342.299750830565,0,0,561.710299003322,1016.83828903654,29.3113787375415
106,6,21476,175.791115663997,0,0,563.308018252933,1395.72555410691,28.3402868318123
106,7,7794,421.418911983577,0,0,668.213625866051,1096.33872209392,18.8217859892225
106,8,16579,290.124434525605,0,0,460.626575788648,1172.84438144641,19.0010253935702
106,9,20269,212.089002910849,0,0,613.911934481227,1015.90986235137,43.5716118210075
106,10,17175,281.64,0,0,689.830509461426,1129.26823871907,25.8685298398835
106,11,20248,311.519656262347,0,0,459.392927696563,1044.05165942315,36.7984492295535
106,12,16801,256.756145467532,0,0,682.547705493721,1037.76322837926,29.4573537289447
106,13,15205,294.409996711608,0,0,556.118645182506,1068.61486353173,20.4895100295955
106,14,9265,461.309552077712,0,0,763.159848893686,1129.40086346465,31.3395574743659
106,15,13264,324.230398069964,0,0,635.162846803378,1065.03302171291,22.787394451146
106,16,22214,221.835374088413,0,0,685.711983433871,1182.90294408931,18.9333753488791
106,17,10378,278.874831374061,0,0,557.800539603006,1124.97648872615,25.9173251108113
106,18,14638,333.940975543107,0,0,591.995969394726,1063.99098237464,31.1875939335975
106,19,16679,292.411955153187,0,0,579.706277354758,1154.90958690569,18.8709754781462
106,20,24192,230.630663029101,0,0,743.42117228836,1104.27579365079,42.9261739417989
106,21,25019,205.880251009233,0,0,586.063951396938,1280.0825772413,17.0059554738399
106,22,19627,263.874815305447,0,0,679.253986854843,1061.16859428339,36.2629540938503
106,23,13235,471.882659614658,0,0,518.072232716283,1078.55768794862,30.0050623347185
106,24,23407,226.877985218097,0,0,632.924766095612,1180.70799333533,56.1735378305635
106,25,15200,283.967828947368,0,0,385.683947368421,1158.43065789474,32.055
106,26,12945,384.416608729239,0,0,617.457010428737,1101.54360757049,27.1079953650058
106,27,11108,385.524576881527,0,0,453.832553114872,1092.01107310047,29.3532589124955
106,28,9965,163.708981435023,0,0,609.714902157551,1410.43030607125,41.6071249372805
106,29,27269,254.652535846566,0,0,445.061571748139,1122.45865268253,49.90505702446
106,30,26233,251.219189570388,0,0,770.891625052415,1267.51820226432,30.120268364274
106,31,15336,263.158255086072,0,0,544.506064162754,1046.488523735,36.84011476265
106,32,7970,176.94730238394,0,0,581.163613550816,1329.62672521957,52.9426599749059
106,33,17970,186.062993878687,0,0,477.156983861992,1354.93355592654,48.1032832498609
106,34,14672,247.337172846238,0,0,706.467011995638,1330.0244002181,47.4360687022901
106,35,4720,287.018008474576,0,0,741.363347457627,1163.76525423729,31.1398305084746
107,1,14367,355.920373077191,0,0,564.539152223846,1048.52008074059,23.3904781791606
107,2,28027,262.702822278517,0,0,657.93202982838,1249.2155064759,16.7451029364541
107,3,24076,250.243520518359,0,0,648.005316497757,1386.74169297225,27.0130835686991
107,4,17585,417.069604776798,0,0,574.426954791015,1098.80147853284,25.3170315609895
107,5,14019,331.956772950995,0,0,569.167130323133,1154.31107782295,21.8851558599044
107,6,17651,289.363605461447,0,0,515.991558551923,1059.6699337148,30.158857855079
107,7,23133,250.141356503696,0,0,537.323477283534,1002.51515151515,35.9772619202006
107,8,13778,435.419364203803,0,0,698.505007983742,1103.24270576281,23.3455508782116
107,9,19726,236.532191016932,0,0,585.551100070972,1216.63246476731,19.626989759708
107,10,14779,405.682319507409,0,0,678.366533594966,1099.02693010353,30.4766222342513
107,11,17464,274.68214612918,0,0,469.589441136051,1160.37419835089,23.7036188731104
107,12,26480,277.527870090634,0,0,757.794335347432,1108.76159365559,39.7534365558912
107,13,14967,470.191153871851,0,0,731.221286831028,1149.07249281753,27.1650297320772
107,14,6485,524.156360832691,0,0,549.743253662298,1001.20046260601,27.2476484194295
107,15,17055,332.635649369686,0,0,642.257871591908,1040.26203459396,30.9845793022574
107,16,12033,355.675143355772,0,0,704.110030748774,1185.22978475858,21.7308235685199
107,17,22213,182.326115337865,0,0,460.702471525683,1373.5614730113,36.4228154684194
107,18,8777,304.847442178421,0,0,409.185142987353,1119.18628232881,37.0713227754358
107,19,15567,308.590351384339,0,0,640.39037707972,1057.95548275198,21.7242885591315
107,20,17996,427.065570126695,0,0,649.640531229162,1164.50794621027,21.2520560124472
107,21,9675,329.951937984496,0,0,632.544186046512,1112.11927648579,27.429354005168
107,22,21715,205.432742344002,0,0,443.546258346765,1089.80400644716,45.1786322818328
107,23,17887,251.949180969419,0,0,449.472242410689,1256.49644993571,50.3395762285459
107,24,23621,216.522670505059,0,0,659.558359087253,1028.30654925702,43.3581558782439
107,25,15760,303.505710659898,0,0,751.181979695431,1086.14308375635,30.6937817258883
107,26,13520,274.439644970414,0,0,491.310355029586,1095.56471893491,21.3406065088757
107,27,10137,179.983722994969,0,0,529.233402387294,1365.06066883693,49.3411265660452
107,28,10545,329.723281175913,0,0,594.31569464201,1138.88686581318,16.3384542437174
107,29,19673,263.96782392111,0,0,769.790525085142,1237.77065012962,26.2935495348955
107,30,20274,212.946285883397,0,0,656.51164052481,1144.07349314393,54.6221268619907
107,31,15489,242.761314481245,0,0,389.972367486603,1200.29220737297,30.045580734715
107,32,21746,177.276050767957,0,0,663.648487078083,1362.3790582176,49.5921548790582
107,33,23008,203.561022253129,0,0,492.952799026426,1245.70897079277,17.8638734353268
107,34,13155,203.705283162296,0,0,576.135309768149,1232.34694032687,57.5551501330293
107,35,5750,392.414260869565,0,0,463.640347826087,1081.39373913043,28.2286956521739
107,36,3314,134.857573928787,0,0,461.007543753772,1040.78123114062,28.3008449004225
108,1,12446,338.691868873534,0,0,625.268359312229,1015.82902137233,42.7528523220312
108,2,22317,266.920777882332,0,0,477.344132275844,1033.51534704485,37.8292333198907
108,3,19085,183.913492271417,0,0,573.766256222164,1410.96279800891,29.6755567199371
108,4,14076,352.109832338733,0,0,571.698849104859,1013.71604148906,29.7433219664677
108,5,17504,281.824840036563,0,0,555.89116773309,1052.21138025594,36.6042047531993
108,6,21994,246.388924252069,0,0,715.892243339092,1198.4161134855,19.7752114212967
108,7,16277,392.687104503287,0,0,594.821220126559,1068.3836702095,29.9916446519629
108,8,16734,328.439823114617,0,0,682.817019242261,1149.08192900681,23.9419744233297
108,9,10828,388.800424824529,0,0,495.155799778352,1097.57342076099,22.0881972663465
108,10,33360,230.466426858513,0,0,456.336960431655,1263.87622901679,20.6478417266187
108,11,16837,340.444022094197,0,0,453.213280275584,1150.29340143731,25.5445150561264
108,12,12953,329.525592526828,0,0,520.421832780051,1169.0672431097,21.9762989268895
108,13,18928,321.211961115807,0,0,688.254966187659,1069.62980769231,34.5684171597633
108,14,10889,305.375424740564,0,0,783.962622830379,1212.18045734227,33.2770686013408
108,15,13216,304.396337772397,0,0,458.836107748184,1090.0205811138,29.3491979418886
108,16,13920,254.63275862069,0,0,759.087212643678,1304.83110632184,32.3802442528736
108,17,17037,304.757116863298,0,0,691.446264013617,1042.4962141222,28.5914773727769
108,18,10393,180.582892331377,0,0,617.138554796498,1425.00914076782,40.2384297123064
108,19,16390,267.012812690665,0,0,581.294142769982,1162.23776693106,17.9115924344112
108,20,13143,466.253062466712,0,0,613.982119759568,1108.92360952598,25.541885414289
108,21,13580,384.10736377025,0,0,640.796907216495,1076.38033873343,21.5439617083947
108,22,27213,180.621430933745,0,0,587.683019145261,1289.21151655459,16.570572887958
108,23,10667,276.400393737696,0,0,555.120839973751,1127.58676291366,24.5314521421206
108,24,9625,258.000311688312,0,0,747.437090909091,1288.62545454545,44.1841038961039
108,25,33924,232.230692135361,0,0,640.934824902724,1203.21963801439,56.4258931729749
108,26,23702,280.067420470846,0,0,460.468905577588,1152.46962281664,52.2401485106742
108,27,15219,392.19968460477,0,0,522.624219725343,1070.60207635193,28.5770418555753
108,28,8767,453.430249800388,0,0,673.927113037527,1109.15775065587,17.844644690316
108,29,13705,265.546588836191,0,0,563.73425757023,1067.81196643561,20.0593214155418
108,30,10697,250.811722912966,0,0,658.802561465832,1368.67037487146,47.1113396279331
108,31,14935,256.691864747238,0,0,390.661064613324,1143.64265148979,32.4366923334449
108,32,22427,225.622909885406,0,0,766.024791545904,1120.32590181478,40.4881615909395
108,33,14805,275.052617359,0,0,462.224518743668,1177.86072272881,18.7837217156366
108,34,7418,399.558236721488,0,0,733.651792936101,1116.62348341871,26.4059045564842
108,35,9174,178.811423588402,0,0,597.738282101591,1333.21778940484,53.7831916285154
108,36,18805,174.961659133209,0,0,472.755969157139,1347.97660196756,49.2613666578038
108,37,6149,126.689543015124,0,0,550.791348186697,1119.30655391121,35.7697186534396
109,1,21641,332.531537359641,0,0,752.024998844785,1110.55367127212,42.6085670717619
109,2,23646,239.39012940878,0,0,657.207392370803,1378.34360991288,27.4072147509092
109,3,13462,310.269276481949,0,0,591.148863467538,1135.54412420146,22.677388203833
109,4,16162,449.500123747061,0,0,747.755228313328,1133.74130676896,31.4290310605123
109,5,13878,331.281524715377,0,0,578.859417783542,1027.30760916559,25.4640438103473
109,6,19038,274.538501943481,0,0,530.782540182792,1042.88034457401,31.2168294988969
109,7,19683,228.146268353401,0,0,609.271249301428,1192.30320581212,20.0790021846263
109,8,13768,339.194944799535,0,0,726.279052876235,1165.39025276002,24.464482858803
109,9,21923,216.280937827852,0,0,498.018564977421,1009.13634082927,38.0259088628381
109,10,16986,255.578476392323,0,0,516.876368774285,1226.19357117626,17.1553632403156
109,11,17196,354.961909746453,0,0,592.859676668993,1079.14718539195,26.6411374738311
109,12,19677,289.136758652234,0,0,495.759922752452,1139.67881282716,22.9167556029883
109,13,17559,372.498661654992,0,0,673.745543595877,1135.64217780056,22.4220058089868
109,14,21839,277.728467420669,0,0,649.014652685563,1026.88003113696,34.4110078300289
109,15,10363,312.672585158738,0,0,468.523979542604,1056.25542796488,28.1325870886809
109,16,10524,438.734416571646,0,0,692.003325731661,1085.50950209046,33.5449448878753
109,17,11059,296.78253006601,0,0,398.592729903246,1114.21095939958,38.0528076679627
109,18,13986,265.923637923638,0,0,654.472472472472,1041.76104676105,23.96996996997
109,19,9967,510.669208387679,0,0,719.029798334504,1084.43664091502,26.7437543894853
109,20,20101,238.775732550619,0,0,425.361424804736,1130.1098950301,47.0182577981195
109,21,5502,509.846237731734,0,0,552.656852053799,986.319338422392,29.3582333696838
109,22,11205,267.352878179384,0,0,387.011423471664,1222.47371709058,43.8228469433289
109,23,14513,288.532488114105,0,0,508.215737614552,1079.88741128643,21.1152070557431
109,24,24023,240.402364400783,0,0,675.028639220747,1230.04949423469,17.6818881904841
109,25,17440,191.255389908257,0,0,672.543233944954,1373.74885321101,48.3329701834862
109,26,11393,308.850522250505,0,0,616.903537259721,1131.50118493812,17.0219432985166
109,27,27430,187.740247903755,0,0,641.722675902297,1031.07874589865,47.4854538826103
109,28,21727,196.482533253555,0,0,459.265292032954,1373.43388410733,33.8821742532333
109,29,9494,216.034653465347,0,0,484.513692858648,1317.43143037708,52.0441331367179
109,30,17108,261.158931494038,0,0,399.420388122516,1172.59960252513,27.5443652092588
109,31,9783,161.404783808648,0,0,520.156700398651,1381.75620975161,47.7428191761218
109,32,19093,271.488398889645,0,0,782.895878070497,1218.68951971927,29.3549992143718
109,33,9380,287.999147121535,0,0,651.731236673774,1093.07526652452,29.3909381663113
109,34,15078,310.422337179997,0,0,759.053853296193,1070.94853428837,35.6817880355485
109,35,25333,180.539770260135,0,0,618.023210831721,1165.94690719615,57.6202976354952
109,36,14581,181.051436801317,0,0,557.544955764351,1254.04409848433,58.2523146560593
110,1,22455,157.850812736584,0,0,534.281006457359,1414.59242930305,33.9379648185259
110,2,21221,248.969888318175,0,0,514.169407662221,1007.78884124217,38.9448659346873
110,3,19006,255.053509418079,0,0,733.143165316216,1334.75013153741,30.2438177417658
110,4,17418,310.981915260076,0,0,586.54282925709,1062.07446319899,28.8353427488805
110,5,22469,275.790644888513,0,0,411.997997240643,1264.44301036984,28.1575949085407
110,6,13767,367.770392968693,0,0,462.212246676836,1096.18515290187,24.2598242173313
110,7,12993,311.237974293851,0,0,574.953051643192,1010.48187485569,29.5474486261833
110,8,10158,310.190785587714,0,0,716.392596967907,1133.08899389644,22.0354400472534
110,9,12577,337.483501629959,0,0,479.901566351276,1165.98242824203,23.8972727995547
110,10,17560,319.678530751708,0,0,679.474145785877,1083.13935079727,29.5138382687927
110,11,18571,263.131764579183,0,0,523.202681600345,1175.62156049755,18.5516127295245
110,12,12617,308.526432590949,0,0,605.027185543315,1083.24665134343,19.1858603471507
110,13,14367,283.534349551055,0,0,512.921069116726,1116.21918284959,53.7701677455279
110,14,24012,259.087123105114,0,0,774.841995668832,1122.98692320506,33.0984924204564
110,15,15045,278.300033233632,0,0,646.491326021934,1148.71764705882,20.9614489863742
110,16,12236,371.071428571429,0,0,579.186090225564,1116.28694017653,23.9315952925793
110,17,14038,306.577290212281,0,0,454.717623593104,1080.9912380681,31.5614047585126
110,18,15817,384.172599102232,0,0,508.063223114371,1052.24018461149,28.6946323575899
110,19,9802,213.126300754948,0,0,672.118547235258,1376.50091817996,48.1180371352785
110,20,15169,391.377810007252,0,0,431.635440701431,1149.0681653372,29.3160392906586
110,21,12347,270.934316028185,0,0,677.017413136794,1055.21454604357,23.9340730541832
110,22,12183,256.602807190347,0,0,778.366904703275,1296.54863334154,38.992612656981
110,23,17133,241.536858693749,0,0,572.889219634623,1040.96252845386,35.0100391058192
110,24,11071,154.099268358775,0,0,594.036762713395,1421.95004967934,43.5293108120314
110,25,13458,262.254049635904,0,0,526.616362015158,1070.5971912617,20.3357111012037
110,26,13348,276.998726400959,0,0,419.231869943063,1196.12825891519,23.2641594246329
110,27,16326,266.143145902242,0,0,391.050777900282,1116.28280044101,36.467230184981
110,28,13305,258.586396091695,0,0,634.248402856069,1219.14798947764,15.6045095828636
110,29,11371,254.437868261367,0,0,522.935449828511,1124.7244745405,25.4100782692815
110,30,27943,188.683927996278,0,0,528.956840711448,1289.76813513223,17.1945030955874
110,31,14035,299.175774848593,0,0,772.127467046669,1234.13273957962,26.7835411471322
110,32,23283,252.700167504188,0,0,709.874328909505,1183.13198470987,54.0445389339862
110,33,11998,357.748374729122,0,0,667.378813135523,1019.90248374729,37.4940823470578
110,34,29916,166.409546730846,0,0,471.548402192807,1307.01734857601,53.6472121941436
110,35,6658,455.903424451787,0,0,626.249924902373,1130.78477020126,14.7978371883448
110,36,9804,154.152896776826,0,0,630.784577723378,1310.1811505508,55.890146878825
111,1,23232,275.771220730028,0,0,575.535037878788,1198.75779097796,17.3536931818182
111,2,22717,221.306070343795,0,0,641.577629088348,1425.98490117533,32.9589294361051
111,3,17124,277.501635131979,0,0,686.510161177295,1180.14097173558,21.7655337537958
111,4,15943,265.47776453616,0,0,638.530326789186,999.093332497021,39.4033745217337
111,5,12447,393.265927532739,0,0,620.913232104121,1048.74162448783,34.0751988430947
111,6,15577,283.024972716184,0,0,625.952686653399,1036.9893432625,22.9200102715542
111,7,19098,231.58739134988,0,0,485.998952769924,1037.54544978532,40.1207456278144
111,8,22681,264.854547859442,0,0,765.364005114413,1172.27979365989,23.2296195053128
111,9,20479,306.238244054886,0,0,518.038869085405,1123.03745300063,22.5952927389033
111,10,12665,408.820371101461,0,0,676.535175681011,1027.80757994473,29.6885906040268
111,11,17227,391.586172868172,0,0,588.735531433215,1102.59122308005,24.6290706449179
111,12,19340,426.092605997932,0,0,695.5367114788,1092.58826266805,24.3548603929679
111,13,19097,305.047232549615,0,0,557.375294548882,1034.23872859611,31.7100068073519
111,14,11784,308.377970128988,0,0,724.406143923965,1081.88170400543,30.5212152070604
111,15,13935,376.718622174381,0,0,689.373591675637,1051.34050950843,36.8068173663437
111,16,10678,365.025191983518,0,0,682.362802022851,1139.38434163701,17.4839857651246
111,17,27535,200.628545487561,0,0,505.144071182132,1288.01256582531,17.8844743054295
111,18,11432,167.671273617915,0,0,616.758747375787,1400.95302659202,48.7017144856543
111,19,12048,209.870268924303,0,0,512.567978087649,1372.1546314741,49.3511786188579
111,20,14617,378.207361291647,0,0,636.778613942669,1136.21050831224,21.5806937128002
111,21,9136,287.930385288967,0,0,476.221760070053,1168.364382662,18.9059763572679
111,22,13452,378.123253047874,0,0,565.278991971454,1072.37696996729,20.4080434136188
111,23,15455,245.046198641216,0,0,552.79081203494,1153.74991912003,15.0532513749596
111,24,14751,294.768761439902,0,0,455.328791268389,1098.48952613382,27.9847467968273
111,25,7954,269.131506160422,0,0,781.873899924566,1310.77093286397,38.7172491828011
111,26,8319,303.01069840125,0,0,634.113835797572,1079.01033778098,29.0393076090876
111,27,13858,347.319237985279,0,0,634.02215326887,1063.0707894357,46.4018617405109
111,28,9690,253.406914344685,0,0,711.744582043344,1276.8008255934,20.4115583075335
111,29,6672,278.918165467626,0,0,417.190947242206,1249.90557553957,41.4076738609113
111,30,13140,198.583409436834,0,0,511.562633181126,1282.74056316591,55.7213089802131
111,31,20967,212.702294081175,0,0,771.170887585253,1083.61706491153,38.259836886536
111,32,5946,288.534140598722,0,0,402.620921627985,1241.3291288261,29.4730911537168
111,33,10194,401.226800078478,0,0,492.179026878556,1061.9597802629,21.3757112026682
111,34,8432,261.754388045541,0,0,612.375830170778,1288.43951612903,14.9010910815939
111,35,9913,214.002723696157,0,0,433.245637042268,1351.74114798749,34.4311510138202
111,36,6842,345.387167494885,0,0,789.40192926045,1280.43802981584,29.8526746565332
111,37,12089,234.959715443792,0,0,422.628008933741,1249.29142195384,23.9047894780379
111,38,22178,182.131526738209,0,0,710.699792587249,1278.46501037064,54.9956713860583
111,39,16742,209.385497551069,0,0,499.578783896787,1164.71317644248,54.7674710309402
112,1,17263,270.335573191218,0,0,602.222441058912,996.146787927938,33.5480507443666
112,2,22797,302.67820327236,0,0,523.403035487126,1227.18116418827,18.850989165241
112,3,16519,473.653187238937,0,0,494.748289848054,1108.10751256129,24.2490465524548
112,4,12235,371.462607274213,0,0,494.850837760523,1040.67748263179,30.2557417245607
112,5,21150,269.244822695035,0,0,422.93304964539,1109.38605200946,31.9118676122931
112,6,19944,290.190483353389,0,0,641.894354191737,1144.69639991978,17.9802948255114
112,7,16170,297.564873222016,0,0,589.664502164502,1041.12646876933,35.9728509585652
112,8,15716,303.90080173072,0,0,484.459404428608,1173.87916772716,22.2199669127004
112,9,20619,185.058004752898,0,0,520.960182356079,1427.41806101169,39.3546243755759
112,10,14076,283.320403523728,0,0,547.015416311452,1068.70858198352,19.9504830917874
112,11,36365,248.752866767496,0,0,532.053485494294,1221.26575003437,56.2939639763509
112,12,11709,163.358356819541,0,0,709.1989922282,1412.89794175421,39.22709027244
112,13,13159,215.958051523672,0,0,713.563948628315,1359.9319857132,49.8912531347367
112,14,9530,260.975865687303,0,0,561.473767051417,1020.79947534103,45.0168940188877
112,15,13407,398.279630044007,0,0,547.146639815022,1075.95770865966,29.5801447005296
112,16,17390,314.068717653824,0,0,659.949396204715,1062.1341000575,28.9481886141461
112,17,12115,272.924803962031,0,0,572.5971935617,1227.2,13.6445728435823
112,18,12324,387.47776695878,0,0,615.486205777345,1039.02564102564,23.4969165855242
112,19,13268,367.760853180585,0,0,585.163928248417,1181.34119686464,19.3736056677721
112,20,16316,188.760664378524,0,0,748.909843098799,1361.48388085315,29.1857072811964
112,21,12704,251.342805415617,0,0,754.175771410579,1062.29974811083,40.3596505037783
112,22,7749,481.867724867725,0,0,685.931475029036,1036.59607691315,22.9530261969286
112,23,9723,247.873187287874,0,0,782.386300524529,1115.66563817752,38.9016764373136
112,24,23191,217.491225044198,0,0,672.68457591307,1035.64042085292,45.0924496571946
112,25,6436,463.948881292728,0,0,618.984307022996,1258.47234307023,15.5887197016781
112,26,12681,237.467313303367,0,0,810.815708540336,1260.68157085403,38.3872722971375
112,27,10614,207.077068023365,0,0,411.447616355757,1304.25758432259,43.6274731486716
112,28,11395,250.416322948662,0,0,563.15892935498,1136.32777534006,23.4272926722247
112,29,12598,446.926575646928,0,0,596.474122876647,1095.19241149389,25.4144308620416
112,30,10344,256.083236658933,0,0,562.288283062645,1354.3126450116,19.844837587007
112,31,11269,244.028041529861,0,0,447.741591977993,1087.20756056438,42.3682669269678
112,32,8558,434.000817948119,0,0,523.748071979434,1149.72423463426,17.5205655526992
112,33,18850,273.895013262599,0,0,504.476710875332,1096.43267904509,33.368275862069
112,34,10671,264.758129509887,0,0,396.87676881267,1194.03017524131,43.5558054540343
112,35,11169,170.415793714746,0,0,599.040469155699,1371.63613573283,52.6372101351956
112,36,9826,307.807958477509,0,0,701.901485853857,1024.45756157134,33.1909220435579
112,37,20353,205.88050901587,0,0,719.241880803813,1205.61396354346,17.5983393111581
112,38,20188,202.012878937983,0,0,444.844561125421,1252.55850009907,21.3152367743214
112,39,11415,264.052562417871,0,0,773.091809023215,1194.93832676303,49.7821287779238
112,40,12677,324.331939733375,0,0,735.787568036602,1105.04512108543,25.8982409087324
113,1,21865,211.518820032015,0,0,610.291882003201,1427.29169906243,37.371918591356
113,2,23914,244.686250731789,0,0,549.605963034206,1204.89366061721,17.9919294137325
113,3,9638,346.498236148579,0,0,606.702220377672,1016.13944801826,38.0288441585391
113,4,17964,402.106435092407,0,0,687.217156535293,1115.34391004231,23.2458806501893
113,5,12595,365.405637157602,0,0,628.477888050814,1050.28376339817,31.9938070662961
113,6,21545,277.259039220237,0,0,734.883963796705,1197.02979809701,21.6233928985844
113,7,14572,382.545017842438,0,0,687.042753225364,1046.9468844359,27.4805791929728
113,8,17347,287.30962126016,0,0,667.868622816625,1001.83172882919,35.9773447858419
113,9,16535,417.621530087693,0,0,700.832355609314,1056.5614756577,35.3117024493499
113,10,19028,200.759669960059,0,0,490.005202858945,1017.03237334454,37.6163548454909
113,11,13190,304.594617134193,0,0,613.286125852919,1152.14040940106,21.7536770280516
113,12,20025,280.857528089888,0,0,509.002397003745,1122.44,22.1740823970037
113,13,14714,274.794209596303,0,0,689.063680848172,1072.56225363599,50.0184857958407
113,14,17235,253.936930664346,0,0,563.023730780389,1026.4182767624,30.2333043225994
113,15,13399,282.79185013807,0,0,655.838495410105,1168.63586834838,16.6960967236361
113,16,10277,417.374817553761,0,0,488.372871460543,1059.62323635302,20.9501800136227
113,17,30022,221.594897075478,0,0,450.13236959563,1270.0734461395,20.8314569315835
113,18,9090,259.096479647965,0,0,635.405280528053,1090.14499449945,27.7114411441144
113,19,14457,259.359894860621,0,0,765.10327177146,1328.28512139448,41.3130663346476
113,20,15364,334.333376724811,0,0,583.245704243687,1104.17183025254,24.611168966415
113,21,12076,348.932013911891,0,0,717.463150049685,1098.29927128188,29.3265154024511
113,22,22868,242.091175441665,0,0,776.094455133811,1102.9462130488,35.7367500437292
113,23,12966,194.133580132655,0,0,686.067329939843,1296.63982724048,19.8152090081752
113,24,13947,244.216749121675,0,0,520.702946870295,1170.61733706173,15.1787481178748
113,25,12931,278.215915242441,0,0,393.972469259918,1211.98894130384,26.0343360915629
113,26,13457,202.033142602363,0,0,487.761611057442,1318.63632310322,53.6826187114513
113,27,14776,239.737885760693,0,0,629.65762046562,1058.79527612344,20.6167433676232
113,28,11829,327.437568687125,0,0,554.535717304929,1079.63733198073,19.3924253952151
113,29,12818,192.075986893431,0,0,549.303947573724,1296.79989077859,16.4872835075675
113,30,15570,238.581310211946,0,0,652.198137443802,1189.80918432884,23.3504174694926
113,31,10375,294.104481927711,0,0,759.968963855422,1320.65503614458,30.1573975903614
113,32,9495,334.581569246972,0,0,452.546814112691,1147.84065297525,20.9581885202738
113,33,11388,168.616613979628,0,0,599.941693010186,1371.82332279593,52.398401826484
113,34,14401,203.895423928894,0,0,392.416568293868,1186.93354628151,46.0150683980279
113,35,12278,186.684394852582,0,0,528.700114025086,1210.69897377423,58.7383124287343
113,36,9771,262.420018421861,0,0,378.277351345819,1186.99314297411,32.1800225156074
113,37,10165,212.140875553369,0,0,390.700049188392,1305.35543531727,39.7065420560748
113,38,23111,214.398381722989,0,0,716.046904071654,1246.56540175674,55.3724200597118
113,39,13913,188.162509882843,0,0,498.088190900597,1108.16581614318,53.6000862502695
113,41,13150,316.269201520913,0,0,448.083269961977,1086.41688212928,29.6253231939164
114,1,18188,309.128656256873,0,0,472.648724433693,1171.47899714097,22.7415328788212
114,2,13820,364.853400868307,0,0,580.671852387844,1050.88075253256,32.1910998552822
114,3,23410,253.037462622811,0,0,673.795472020504,998.704186245194,35.419350704827
114,4,12014,227.950058265357,0,0,681.269768603296,1403.83352755119,45.7020143166306
114,5,14075,449.98458259325,0,0,605.185577264654,1079.89207815275,26.0679218472469
114,6,17084,408.09359634746,0,0,506.808651369703,1060.55882697261,28.5239990634512
114,7,14697,324.935224875825,0,0,544.407838334354,1003.04749268558,34.7756685037763
114,8,13899,169.74983811785,0,0,613.109360385639,1438.69170443917,35.3762860637456
114,9,13165,322.993847322446,0,0,542.690922901633,1147.43820736802,21.1266236232435
114,10,12101,269.976696140815,0,0,563.19494256673,1214.83084042641,15.8472853483183
114,11,16609,276.494731771931,0,0,654.91161418508,1047.48052260822,36.410139081221
114,12,13428,263.418156091749,0,0,549.017500744712,1033.55913017575,23.101727733095
114,13,12723,287.634913149414,0,0,468.373025229899,1117.99567712018,27.4315020042443
114,14,16174,345.985841473971,0,0,629.870471126499,1024.30604674168,25.1796092494126
114,15,16002,315.595675540557,0,0,681.235908011499,1066.61073615798,28.5533683289589
114,16,11337,261.729469877393,0,0,656.753550321955,1218.68289670989,15.7000970274323
114,17,12013,351.434862232581,0,0,490.566469657871,1096.5122783651,21.4053109131774
114,18,9105,287.692915980231,0,0,753.212740252608,1203.38220757825,22.3923119165294
114,19,9844,421.068569687119,0,0,697.318569687119,1052.899634295,21.7897196261682
114,20,9915,276.231467473525,0,0,548.637922339889,1108.04165405951,25.0394351991931
114,21,13143,216.916305257552,0,0,663.88313170509,1025.45583200183,46.3309746633189
114,22,42032,229.315711838599,0,0,596.039707841644,1219.38815664256,58.2391511229539
114,23,20537,171.968057652043,0,0,633.974095534888,1388.21317621853,23.9795491064907
114,24,17514,277.269099006509,0,0,603.822427772068,1137.59609455293,18.1964713943131
114,25,12664,217.313881869867,0,0,518.383370183196,1035.81111813013,46.7555274794694
114,26,13715,225.424717462632,0,0,417.97506379876,1254.48771418155,49.7668975574189
114,27,17142,253.570120172675,0,0,543.571053552678,1070.33187492708,36.9579395636448
114,28,16500,229.645272727273,0,0,448.938606060606,1293.66763636364,21.155696969697
114,29,9986,325.237131984779,0,0,741.550170238334,1076.61766473062,28.5831163629081
114,30,12531,229.577447929136,0,0,795.825073816934,1275.97406432049,44.3452238448647
114,31,22599,220.14752865171,0,0,757.578565423249,1071.97243240851,41.2004955971503
114,32,13298,253.290720409084,0,0,800.125582794405,1130.31177620695,33.4245751240788
114,33,13340,254.268815592204,0,0,505.628785607196,1181.88605697151,16.3261619190405
114,34,11592,174.976966873706,0,0,576.400621118012,1375.70453761215,52.1746894409938
114,35,15648,214.228974948875,0,0,399.061605316973,1165.05751533742,27.9540516359918
114,36,11652,248.801064194988,0,0,809.406368005493,1204.09054239616,31.5770683144525
114,37,12010,191.483430474604,0,0,451.64354704413,1383.36103247294,39.6563696919234
114,38,14879,305.205591773641,0,0,440.89078567108,1058.59903219302,36.2467907789502
114,39,11744,189.312755449591,0,0,770.431965258856,1328.80177111717,30.3651226158038
114,40,5609,381.449456231057,0,0,655.472276698164,1108.22249955429,18.7300766625067
114,41,14010,218.500499643112,0,0,433.515631691649,1133.04175588865,49.5704496788009
115,1,26334,186.284195336827,0,0,521.827675248728,1422.00926558821,38.5409736462368
115,2,10017,221.256464011181,0,0,764.390336428072,1295.57382449835,49.4291704103025
115,3,13533,295.056380699032,0,0,715.310574152073,1158.63600088672,24.4770560851252
115,4,12250,248.828816326531,0,0,725.024408163265,1394.57020408163,37.4249795918367
115,5,13548,378.212282255683,0,0,584.470032477118,1104.55048715678,24.2023914968999
115,6,13660,364.588653001464,0,0,714.200805270864,1093.95966325037,23.159224011713
115,7,13932,262.793640539765,0,0,593.020743611829,1188.74877978754,15.1424059718633
115,8,11432,393.457400279916,0,0,672.517144856543,1079.94987753674,29.1294611616515
115,9,19062,210.17327667611,0,0,605.421676634141,1219.08241527647,20.8897807155598
115,10,14371,421.196158931181,0,0,737.845939739754,1124.85025398372,29.942662306033
115,11,16746,291.465006568733,0,0,625.08079541383,1037.14678132091,29.6076077869342
115,12,18792,274.300074499787,0,0,502.508620689655,1095.20439548744,23.9394955300128
115,13,13313,296.373845113799,0,0,585.96627356719,1159.76609329227,21.5395478104109
115,14,18623,256.757987434892,0,0,503.640713096708,1176.14004188369,21.5440584223809
115,15,12709,186.7297977811,0,0,586.44519631757,1313.84884727359,17.0500432764183
115,16,8334,402.763378929686,0,0,504.731101511879,1029.11267098632,23.7504199664027
115,17,17942,279.10065767473,0,0,732.074573626129,1050.18465054063,32.057128525248
115,18,14778,375.60820138043,0,0,662.048721071864,1149.58140479091,19.7694545946677
115,19,10077,226.743971420065,0,0,684.069663590354,1382.18864741491,25.9246799642751
115,20,9561,254.878255412614,0,0,644.67566154168,1112.72429662169,25.7639368266918
115,21,12207,325.566805931023,0,0,687.032604243467,1234.77357254035,17.741214057508
115,22,10388,360.818059299191,0,0,679.437716596072,1021.44455140547,37.0995379283789
115,23,8890,236.02879640045,0,0,482.705061867267,1025.73914510686,39.6752530933633
115,24,15118,273.017661066279,0,0,786.216033866914,1108.97301230321,39.8812012170922
115,25,14637,244.588713534194,0,0,590.686137869782,1005.57757737241,38.9137118261939
115,26,13467,196.286700824237,0,0,460.212742258855,1265.59307937922,19.5263236058513
115,27,16594,240.532059780644,0,0,400.248342774497,1195.03139689044,26.0976256478245
115,28,9737,312.157954195337,0,0,447.471397761117,1081.04395604396,26.4399712437096
115,29,25821,181.05607838581,0,0,631.464776732117,1081.66318113164,54.6289841601797
115,30,17878,244.869672222844,0,0,788.807193198344,1193.02572994742,27.4018346571205
115,31,12420,302.75885668277,0,0,551.423590982287,1081.12834138486,19.2118357487923
115,32,10577,302.937411364281,0,0,385.718729318332,1121.28127068167,33.2695471305663
115,33,14723,234.887590844257,0,0,636.461658629355,1080.38144399918,18.8140324662093
115,34,14353,193.186163171462,0,0,631.428899881558,1196.33498223368,59.5212150769874
115,35,13311,166.994816317332,0,0,606.040117196304,1368.71219292315,53.4695364735933
115,36,7117,239.868624420402,0,0,477.782211606014,1179.52676689616,16.9825769284811
115,37,11715,231.895091762697,0,0,401.684165599659,1096.74793000427,41.0810072556551
115,38,13704,212.193155283129,0,0,528.565236427321,1273.95176590776,58.4638791593695
115,39,7334,279.703436051268,0,0,570.164030542678,1022.54785928552,28.1574856831197
115,40,15227,181.178630065016,0,0,463.997438760097,1099.61666776121,51.8423195639325
115,41,13499,230.464330691162,0,0,394.748055411512,1233.41077116823,47.9296984961849
115,42,8489,240.351042525621,0,0,463.22629284957,1150.76098480386,18.766403581105
116,1,22093,282.977504186846,0,0,527.681030190558,1262.91323043498,20.0226316027701
116,2,16964,240.650613062957,0,0,589.996286253242,1340.12709266682,17.6787903796274
116,3,16586,326.138490293018,0,0,535.885264681056,1045.41697817436,24.1081032195828
116,4,19567,374.99795574181,0,0,467.538559820105,1154.86932079522,23.7623549854347
116,5,14864,293.597349300323,0,0,529.966698062433,1051.46885091496,35.3780947255113
116,6,15025,259.016505823627,0,0,507.720399334443,1006.91054908486,37.9484193011647
116,7,21531,217.670057126933,0,0,598.05206446519,996.458176582602,43.0954902233988
116,8,15776,300.51014198783,0,0,606.652193204868,1143.63457150101,18.5460192697769
116,9,7925,488.475078864353,0,0,611.760630914826,1008.60176656151,23.8015141955836
116,10,13517,340.13989790634,0,0,566.1808833321,1197.26115262262,19.6936450395798
116,11,11542,207.399844047825,0,0,612.498267198059,1439.30176745798,38.6543926529198
116,12,11464,333.930390788555,0,0,445.013782274948,1083.42620376832,31.4808967201675
116,13,14756,271.521957169965,0,0,478.192464082407,1225.02880184332,23.3702222824614
116,14,11565,373.454734111543,0,0,501.615304798962,1196.00328577605,17.3258106355383
116,15,11073,369.997561636413,0,0,412.129323579879,1190.3247539059,29.421656281044
116,16,12497,160.37881091462,0,0,772.370408898136,1372.16876050252,38.7442586220693
116,17,10391,247.567991531133,0,0,531.63266288134,1158.12664806082,23.2941969011645
116,18,35618,216.187854455612,0,0,553.82834521871,1237.393143916,58.7560503116402
116,19,18675,235.585863453815,0,0,461.652262382865,1141.3472021419,34.2050870147256
116,20,14680,324.953269754768,0,0,504.667847411444,1107.48467302452,29.6968664850136
116,21,10610,307.452780395853,0,0,655.576248821866,1217.69566446748,15.4459943449576
116,22,15738,221.334985385691,0,0,696.895539458635,1003.36688270428,40.4536154530436
116,23,16879,250.782925528764,0,0,583.589845369986,1236.77255761597,14.3936844599799
116,24,11597,231.4783995861,0,0,481.263430197465,1384.89298956627,45.5843752694662
116,25,12220,214.66464811784,0,0,769.313338788871,1054.49247135843,38.6567921440262
116,26,10896,220.673091042584,0,0,403.440436857562,1142.10471732746,42.0836086637298
116,27,11059,279.031558007053,0,0,637.761009132833,997.452301293064,31.7643548241251
116,28,14302,437.549713326807,0,0,557.631450146833,1099.8238707873,25.2424835687316
116,30,10998,231.877523186034,0,0,486.067739589016,1043.84215311875,45.2341334788143
116,31,4635,324.507443365696,0,0,680.835598705502,1110.18554476807,20.508953613808
116,32,10469,231.368612092846,0,0,753.6894641322,1087.0958066673,26.3135925112236
116,33,13598,202.470216208266,0,0,829.299602882777,1168.7602588616,36.1515664068245
116,34,10118,276.180272781182,0,0,628.238782368057,1077.12996639652,19.7911642617118
116,35,15494,318.706660642829,0,0,583.84613398735,1031.4053827288,29.651607073706
116,36,11889,213.982084279586,0,0,773.362688199176,1301.81781478678,50.4726217511986
116,37,4990,270.50501002004,0,0,735.368336673347,1216.10400801603,20.5889779559118
116,38,10443,157.526285550129,0,0,662.283634970794,1369.94331130901,52.804175045485
116,39,20818,193.342924392353,0,0,457.135892016524,1302.98472475742,22.9761744644058
116,40,15756,249.633917237878,0,0,504.141914191419,1104.30661335364,19.2805280528053
116,41,12575,228.175188866799,0,0,398.449701789264,1280.52079522863,44.0252882703777
116,42,11434,240.350533496589,0,0,761.160748644394,1133.96816512157,51.5814238236837
116,43,16091,175.725312286371,0,0,793.991423777267,1294.43838170406,27.0766266857249
117,1,17411,286.087875481018,0,0,583.285624030785,993.000976394233,31.2860260754695
117,2,14630,414.684073820916,0,0,593.974914559125,1138.17614490772,21.3737525632262
117,3,21435,199.421833449965,0,0,664.269045952881,1396.83648238862,46.3093538605085
117,4,15916,308.895199798944,0,0,653.964563960794,1168.41247800955,22.3857753204323
117,5,18643,214.484042267875,0,0,646.252641742209,1286.64195676661,16.2268411736309
117,6,17606,404.858400545269,0,0,691.944053163694,1104.53839600136,23.6412018630012
117,7,16912,251.852235099338,0,0,625.128429517502,1241.05995742668,19.5377838221381
117,8,8792,218.765013648772,0,0,419.177775250227,1065.03252957234,35.2419244767971
117,9,15703,266.796854104311,0,0,615.694007514488,986.627905495765,42.2186206457365
117,10,13004,300.841356505691,0,0,695.02722239311,1066.09920024608,30.6368809597047
117,11,13160,374.689589665654,0,0,659.860258358663,1028.22705167173,26.5186170212766
117,12,11895,368.441530054645,0,0,756.974611181169,1140.48659100462,26.2073139974779
117,13,11856,196.26745951417,0,0,673.382169365722,1343.8201754386,21.6883434547908
117,14,19565,265.477638640429,0,0,562.76197291081,1204.08602095579,16.7064145157168
117,15,17558,361.692960473858,0,0,650.227873334093,1025.63469643467,34.2734366100923
117,16,11720,352.351535836177,0,0,504.391467576792,1013.41723549488,31.4486348122867
117,17,5957,245.794695316434,0,0,612.915393654524,1114.73392647306,56.9162330031895
117,18,12813,204.729493483181,0,0,438.682197767892,1380.39475532662,39.2594240224772
117,19,24367,183.75565313744,0,0,563.500554027989,1342.27623425124,19.478885377765
117,20,9920,245.678629032258,0,0,809.591633064516,1242.80151209677,40.7914314516129
117,21,14901,346.492852828669,0,0,604.913294409771,1054.00328836991,28.7048520233541
117,22,15214,250.989286183778,0,0,631.61936374392,1075.26337583804,18.7800709872486
117,23,18969,206.58516526965,0,0,734.732932679635,1035.81569929886,37.1653223680742
117,24,17980,297.562569521691,0,0,544.965294771969,1059.73292547275,24.4610122358176
117,25,7381,229.209592196179,0,0,641.713317978594,1156.65194418101,58.6313507654789
117,26,13528,205.581164991129,0,0,359.606445890006,1223.65412477824,38.4815198107629
117,27,14784,188.980316558442,0,0,456.031588203463,1297.40915854978,54.7729301948052
117,28,16211,242.263401394115,0,0,709.527851458886,1191.32490284375,19.2765406205663
117,29,19208,227.861463973344,0,0,707.954341940858,1199.97381299459,26.1542065805914
117,30,13169,286.534664742957,0,0,517.753208292201,1157.45166679323,13.7316424937353
117,31,12156,221.417324777887,0,0,772.469726883843,1270.68287265548,27.3707634090161
117,32,14012,312.481444476163,0,0,604.93298601199,1144.52091064802,15.155224093634
117,33,13961,182.335720936896,0,0,459.819998567438,1328.54809827376,22.6889191318673
117,34,14351,173.159919169396,0,0,584.48993101526,1293.03602536409,58.3824820569995
117,35,12279,219.920840459321,0,0,504.37177294568,1238.19113934359,15.8609821646714
117,36,12276,231.04504724666,0,0,756.240387748452,1217.95340501792,52.6733463668948
117,37,10663,242.660789646441,0,0,515.58079339773,1107.96923942605,18.6609772109163
117,38,19458,181.203618049131,0,0,415.991571590091,1083.5088909446,46.3365196834207
117,39,9517,214.891562467164,0,0,401.905222233897,1153.29620678785,24.8725438688662
117,40,12435,194.254925613189,0,0,464.896743063932,1163.63377563329,56.4765581021311
117,41,9464,270.339708368555,0,0,636.202768385461,1095.13535502959,26.2013947590871
117,42,11574,194.70874373596,0,0,394.504752030413,1290.74053913945,28.0086400552964
117,43,7390,249.294316644114,0,0,491.921380243572,1096.52801082544,23.6928281461434
118,1,20359,273.727982710349,0,0,500.191954418193,1221.35723758534,20.1354683432389
118,2,16492,218.78644191123,0,0,599.188576279408,986.164928450158,39.6196943972835
118,3,13575,256.557716390424,0,0,525.58349907919,1017.80839779006,32.0248987108656
118,4,17430,347.611703958692,0,0,503.838668961561,1087.24784853701,24.2042455536431
118,5,13818,156.32928064843,0,0,659.49471703575,1441.04653350702,37.4182226081922
118,6,10503,339.445015709797,0,0,507.236599066933,1142.47748262401,17.9701989907645
118,7,13162,268.084561616776,0,0,560.001291597022,1070.61472420605,30.0347211669959
118,8,14745,233.13021363174,0,0,556.078399457443,1212.08206171584,14.5199050525602
118,9,8343,454.390147428982,0,0,710.213352511087,1032.1805106077,24.0741939350354
118,10,14244,259.475217635496,0,0,474.73251895535,1159.63774220725,23.8204156135917
118,11,18143,292.981204872403,0,0,666.118172297856,1033.81287548917,29.5036653254699
118,12,12160,277.610279605263,0,0,558.954029605263,1171.88733552632,19.8120065789474
118,13,27598,206.275563446627,0,0,696.910536995434,1015.78306399014,43.9142691499384
118,14,11687,204.137931034483,0,0,466.655600239582,1048.16993240353,43.5599383930863
118,15,16215,258.309096515572,0,0,610.368609312365,1030.10366944187,34.8905951279679
118,16,12677,290.773842391733,0,0,733.987694249428,1031.77471010491,32.0085193657806
118,17,14207,343.218695009502,0,0,605.642852115154,1086.53410290702,25.0639825438164
118,18,17690,229.257320520068,0,0,624.205257207462,1146.79383832674,18.0255511588468
118,19,11740,252.283730834753,0,0,638.890374787053,1233.27010221465,14.4840715502555
118,20,8348,216.217896502156,0,0,706.945016770484,1140.0699568759,19.1915428845232
118,21,13976,218.32985117344,0,0,706.573196908987,1385.52275329136,49.4055523755009
118,22,14744,183.048426478568,0,0,819.277875746066,1296.0413049376,34.7507460661964
118,23,15750,212.692888888889,0,0,495.501142857143,1307.14812698413,18.9853968253968
118,24,10025,216.526284289277,0,0,550.187231920199,1125.28269326683,23.5359600997506
118,25,11252,233.106558833985,0,0,692.15668325631,1085.6204230359,20.4450764308567
118,26,14343,210.474656626926,0,0,514.420623300565,1067.48169838946,35.6014083525064
118,27,13115,190.102401829966,0,0,404.924895158216,1298.86031261914,46.038658025162
118,28,12698,229.956843597417,0,0,830.833044573949,1161.2301937313,38.9744841707356
118,29,36471,193.354583093417,0,0,562.527131145294,1228.99437909572,59.3136464588303
118,30,17707,238.66250635342,0,0,789.21053820523,1076.08301801547,41.0739820410007
118,31,5553,359.846569421934,0,0,463.975688816856,1054.73509814515,32.7242931748604
118,32,11347,190.183572750507,0,0,584.26544461091,1009.54023089803,47.5723098616374
118,33,14215,216.101723531481,0,0,566.582412944073,1062.29370383398,19.5180443193809
118,34,12455,281.45435568045,0,0,619.405620232838,1024.21075873143,24.7227619429948
118,35,12025,149.41446985447,0,0,577.692390852391,1390.39234927235,51.9666528066528
118,36,16444,171.343407929944,0,0,705.888044271467,1388.02675747993,26.3078934565799
118,37,7787,169.863233594452,0,0,521.161551303455,1420.57030949018,33.6960318479517
118,38,6670,176.839130434783,0,0,483.125787106447,1403.83628185907,42.4655172413793
118,39,10798,200.863678458974,0,0,739.693554361919,1298.60576032599,20.3117243934062
118,40,12948,278.894732777263,0,0,779.832174853259,1235.57900834106,51.7299196787149
118,41,17463,207.03859588845,0,0,422.137089847105,1218.65721811831,24.0766191376052
118,42,7456,343.875268240343,0,0,427.317864806867,1121.56115879828,29.4853809012876
118,43,14171,259.877778561852,0,0,394.688095406111,1179.55465387058,46.1308305694729
118,44,10721,242.64844697323,0,0,791.978733327115,1156.84637627087,24.2110810558717
119,1,27815,171.558295883516,0,0,636.490886212475,1417.29638684163,44.1754449038289
119,2,17207,234.895275178706,0,0,633.268902190969,995.005927820073,31.5214738187947
119,3,9350,269.468128342246,0,0,498.089090909091,1092.92705882353,19.6605347593583
119,4,22023,187.374154293239,0,0,598.950642510103,1295.01512055578,16.0886346092721
119,5,19096,291.79775869292,0,0,683.653592375367,1042.15175953079,34.420297444491
119,6,19566,300.616579781253,0,0,702.081007870796,1122.92706736175,21.6354390268834
119,7,14563,254.761106914784,0,0,632.597404380965,1170.01778479709,21.9923092769347
119,8,16018,231.391497065801,0,0,583.3782619553,1233.22605818454,18.5176676239231
119,9,11919,305.161926336102,0,0,690.310428727242,1047.84260424532,26.0333081634365
119,10,12497,279.866928062735,0,0,549.178842922301,992.496919260623,33.4028166760022
119,11,17218,157.891450807295,0,0,612.46933441747,1364.27314438378,20.7274944825183
119,12,15604,342.476608561907,0,0,585.904832094335,1122.55761343245,21.3636247116124
119,13,12849,195.127247256596,0,0,727.747762471788,1305.64199548603,23.3193244610476
119,14,12952,255.66067016677,0,0,713.581145768993,1090.96996602841,29.1744132180358
119,15,16940,251.026623376623,0,0,565.113046044864,1048.013459268,25.9255017709563
119,16,13020,255.668049155146,0,0,684.831259600614,1006.24546850998,42.1363287250384
119,17,18868,267.173786304855,0,0,527.192654229383,1188.08792664829,16.8543035827857
119,18,13376,232.571845095694,0,0,783.742150119617,1274.29440789474,48.1263456937799
119,19,13904,331.926280207135,0,0,477.736047180667,1139.45411392405,15.6608170310702
119,20,13209,241.726701491407,0,0,659.262321144674,1209.16700734348,16.9039291392233
119,21,9064,211.920785525154,0,0,644.667144748455,1103.92277140335,25.4430714916152
119,22,27198,177.497941025075,0,0,505.888190308111,1328.30285315097,19.3991469961027
119,23,14017,275.495113076978,0,0,633.836769636869,1055.65063851038,28.684454590854
119,24,11456,274.433397346369,0,0,797.685579608938,1301.16454259777,37.2951291899441
119,25,12779,255.172392205963,0,0,460.116206275921,1217.06440253541,17.78308161828
119,26,9612,224.482729920932,0,0,488.497919267582,1053.93736995422,25.2416770703288
119,27,6437,399.707472425043,0,0,778.738232095697,1139.65496349231,29.1527108901662
119,28,13357,295.184247959871,0,0,574.899453470091,1145.11858950363,15.2692969978289
119,29,18214,191.333973866257,0,0,674.049247831339,1223.03936532338,23.0073569781487
119,30,7750,212.986193548387,0,0,419.287225806452,978.558709677419,41.1357419354839
119,31,8877,196.404528556945,0,0,667.339754421539,1109.63230821223,56.724907063197
119,32,19739,226.570241653579,0,0,768.752520391104,1075.43234206393,35.3903946501849
119,33,11804,207.860894611996,0,0,421.644103693663,1357.23441206371,43.9550999661132
119,34,10198,206.062267111198,0,0,702.166797411257,1192.61943518337,57.6742498529123
119,35,10074,242.61911852293,0,0,391.871550526107,1115.22582886639,27.8518959698233
119,36,11309,178.585728181095,0,0,533.655495622955,1142.29419046777,59.6849411972765
119,37,14252,219.879104687061,0,0,625.134998596688,1081.7217934325,18.1688885770418
119,38,11612,241.473820186014,0,0,360.060799173269,1253.65527040992,33.3701343437823
119,39,15196,218.897867859963,0,0,401.291326664912,1295.47084759147,25.313832587523
119,40,13378,144.808043055763,0,0,618.91343997608,1297.38690387203,59.0050082224548
119,41,14045,207.834318262727,0,0,492.795300818797,1277.58611605554,58.4384478462086
119,42,15988,181.65743057293,0,0,369.358769076808,1169.88303727796,45.5765574180636
119,43,4559,332.991884185128,0,0,717.859179644659,1226.64882649704,19.4268479929809
119,44,14745,181.472227873856,0,0,469.410851135978,1055.61614106477,51.0384537131231
120,1,21239,234.661848486275,0,0,596.612316964075,1232.96407552145,18.0630914826498
120,2,15655,228.770360907058,0,0,505.693388693708,1009.31338230597,38.9926541041201
120,3,12218,257.255279096415,0,0,496.983467015878,1045.79440170241,29.3514486822721
120,4,18595,219.229577843506,0,0,580.233288518419,999.043721430492,46.9319171820382
120,5,13041,267.219231654014,0,0,666.736599953991,983.426577716433,38.3824093244383
120,6,13606,282.350580626194,0,0,594.865574011466,1014.06085550492,26.2689989710422
120,7,12377,159.522097438798,0,0,719.068998949665,1419.18914114891,38.975680698069
120,8,18820,319.148990435707,0,0,500.716631243358,1124.24952178533,21.3460148777896
120,9,10964,177.293870850055,0,0,620.709686245896,1428.80527179861,29.8931959139
120,10,18819,321.575588500983,0,0,608.704660183857,1082.04091609544,25.4945533769063
120,11,9633,262.192048167757,0,0,467.27914460708,1202.50046714419,19.9204816775667
120,12,11914,250.144200100722,0,0,697.423115662246,1030.84639919423,26.398858485815
120,13,13760,209.508575581395,0,0,621.751744186046,1315.02827034884,16.6313953488372
120,14,17778,252.984531443357,0,0,669.715041061987,1117.39335133311,20.0815614804815
120,15,13185,250.043610163064,0,0,619.951156617368,1166.94470989761,18.7638983693591
120,16,22004,271.243364842756,0,0,618.951145246319,1002.20491728777,32.4658243955644
120,17,12849,159.801774457156,0,0,577.89968090902,1410.16079072301,49.9015487586583
120,18,17285,252.29540063639,0,0,558.017471796355,1036.75082441423,33.9945617587504
120,19,10509,215.01103815777,0,0,405.275763631173,1112.10733656866,37.3151584356266
120,20,7570,496.59749009247,0,0,685.449933949802,987.166050198151,29.8494055482166
120,21,11490,289.5590948651,0,0,729.443516100957,1189.84369016536,18.3644908616188
120,22,16640,180.712079326923,0,0,798.252584134615,1330.88539663462,32.0788461538462
120,23,15236,225.959766342872,0,0,539.03970858493,1191.54719086374,19.2765817799947
120,24,9685,221.387609705731,0,0,737.286112545173,1086.87062467734,24.3484770263294
120,25,10567,295.866944260433,0,0,562.013248793413,1158.32951641904,15.6632913788209
120,26,12284,211.527434060567,0,0,569.607294041029,1065.57595245848,19.4314555519375
120,27,16320,195.832107843137,0,0,490.02181372549,1101.98780637255,32.0554534313725
120,28,13158,193.587247302022,0,0,470.266377868977,1048.29206566347,46.7880376956984
120,29,13817,256.853730911196,0,0,547.269523051314,1092.92140117247,27.8386046175002
120,30,12573,223.076195021077,0,0,379.981229619025,1273.69577666428,37.2555476020043
120,31,22702,185.177693595278,0,0,506.219319883711,1277.38622147828,17.2947757906792
120,32,13165,220.986175465249,0,0,650.833042157235,1205.21200151918,14.4831750854539
120,33,11898,192.594805849723,0,0,421.740964868045,1354.42897966045,39.3819129265423
120,34,16142,296.756411844877,0,0,468.087783422129,1262.70232932722,55.2484822202949
120,35,11787,226.866123695597,0,0,797.509968609485,1075.66972087893,34.0945957410707
120,36,9412,170.753824904377,0,0,556.549936251594,1441.7774118147,38.6634084147896
120,37,14641,218.809370944608,0,0,699.854381531316,1034.35557680486,50.4244928625094
120,38,9870,203.335258358663,0,0,575.103647416413,1130.49452887538,21.8066869300912
120,39,14188,197.164998590358,0,0,825.013250634339,1229.99668734142,46.0587115872568
120,40,14059,188.163809659293,0,0,686.751262536454,1366.57358275838,53.6398748132869
120,41,9686,194.699566384472,0,0,884.762130910593,1234.71288457568,24.0769151352467
120,42,18599,212.265928275714,0,0,681.773159847304,1206.93246948761,59.6647669229529
120,43,8667,288.409830391139,0,0,441.147109726549,1089.11514941733,29.2467982000692
120,44,11503,202.689472311571,0,0,773.243849430583,1094.81491784752,49.2833173954621
121,1,18091,202.373998120612,0,0,540.997070366481,984.358189154828,36.1810292410591
121,2,13092,249.43583868011,0,0,532.388634280477,1029.92262450351,26.3833638863428
121,3,19619,207.772924206127,0,0,602.997706305112,983.353432896682,45.5855548193078
121,4,19342,234.928290766208,0,0,602.157015820494,1248.67728259746,18.3945817392203
121,5,21672,290.490956072351,0,0,523.307585825028,1121.8965485419,19.5184108527132
121,6,15723,252.851427844559,0,0,636.098645296699,1029.74623163518,24.5140876423074
121,7,10435,268.113751796838,0,0,480.878581696215,1185.94413033062,17.9105893627216
121,8,11771,192.363860334721,0,0,481.491207204146,1004.93968226999,43.9192931781497
121,9,12924,158.519266480966,0,0,632.815536985453,1433.73050139276,43.5516094088517
121,10,11745,154.502596849723,0,0,555.301660280971,1429.73622818221,32.330097914006
121,11,15526,311.097900296277,0,0,633.970179054489,1099.41137446863,24.633517969857
121,12,13803,258.977396218213,0,0,702.246902847207,998.599797145548,38.1019343620952
121,13,19600,270.654591836735,0,0,656.972908163265,1013.13933673469,31.4335714285714
121,14,17267,171.221694561881,0,0,728.053107082875,1393.17889616031,36.1950541495338
121,15,16531,239.155404996673,0,0,568.750045369306,1087.50541407053,26.1785130966064
121,16,12298,252.122621564482,0,0,637.376321353066,1187.51585623679,19.1688079362498
121,17,11723,249.113025676021,0,0,731.11959396059,1063.64991896272,27.0777957860616
121,18,11181,227.745639924873,0,0,418.166264198193,1060.50505321528,34.0329129773723
121,19,9816,288.799103504483,0,0,588.45935207824,1173.58985330073,15.2154645476773
121,20,14912,278.312835300429,0,0,354.763948497854,1215.46378755365,34.9698900214592
121,21,15667,247.353545669241,0,0,693.553137167294,1148.35692857599,21.1381885491798
121,22,14871,200.928585838209,0,0,507.342344159774,1074.14054199449,29.9731692555981
121,23,14970,194.650300601202,0,0,607.640013360053,1335.56760187041,19.1581830327321
121,24,23763,188.057315995455,0,0,500.496528216134,1271.80915709296,16.8440011783024
121,25,12248,284.605894839974,0,0,737.141655780536,1234.63920640105,20.6014859568909
121,26,16365,227.972441185457,0,0,592.224747937672,1026.55264283532,31.8520012221204
121,27,12424,221.284368963297,0,0,662.328396651642,1238.64858338699,15.6510785576304
121,28,14753,220.208025486342,0,0,551.1552904494,1196.95831356334,18.8237646580357
121,29,14737,301.972111013096,0,0,417.045192372939,1201.58845083803,52.6989210829884
121,30,12412,217.845230422172,0,0,810.813486948115,1127.00757331615,37.0389139542378
121,31,6770,540.371196454948,0,0,729.15199409158,1016.78892171344,30.1322008862629
121,32,11463,192.535200209369,0,0,595.347291285004,1140.8178487307,21.0671726424147
121,33,9457,221.749074759437,0,0,759.163371047901,1123.62324204293,26.2804271967854
121,34,10284,187.020322831583,0,0,864.008168028005,1312.72831583042,28.8621159082069
121,35,14664,191.766434806328,0,0,599.558237861429,1355.65561920349,56.5891298417894
121,36,13596,210.760738452486,0,0,365.744483671668,1291.89482200647,38.5255957634598
121,37,10607,154.598566984067,0,0,473.109738851702,1414.63967191477,40.153389271236
121,38,9243,282.283457751812,0,0,460.217894622958,1060.95034079844,26.2963323596235
121,39,14404,203.339627881144,0,0,607.015828936407,1076.39787559011,18.057761732852
121,40,19297,217.060631186195,0,0,624.536508265533,1197.61869720682,61.0317147743173
121,41,14978,225.414474562692,0,0,707.71398050474,1046.85885966084,51.1016157030311
121,42,12895,149.542303218302,0,0,485.020317952695,1372.10833656456,51.4111671190384
121,43,16993,200.185958924263,0,0,775.308362266816,1274.40928617666,51.0828576472665
121,44,10700,214.402242990654,0,0,762.000373831776,1124.88897196262,51.5839252336449
122,1,18806,185.991598426034,0,0,700.285440816761,991.964000850792,38.297405083484
122,2,14855,255.019925950858,0,0,533.045371928644,988.525614271289,34.8704813194211
122,3,20823,292.747778898334,0,0,676.474667435048,1058.77404792777,24.1465206742544
122,4,12251,230.851685576688,0,0,648.225287731614,1031.17606725982,31.546404375153
122,5,16398,226.402488108306,0,0,602.824917672887,1193.24551774607,17.9187095987316
122,6,9968,252.827447833066,0,0,722.888844301766,1028.00541733547,30.0026083467095
122,7,17254,258.112843398632,0,0,500.411788570766,1061.98533673351,27.2622580271241
122,8,12646,187.181243080816,0,0,577.403843112447,1433.98908745848,44.6360113869998
122,9,11624,300.501376462491,0,0,611.649690295939,1006.27752924983,27.9788368891948
122,10,16167,342.024370631533,0,0,559.160326591204,1115.23362404899,23.615141955836
122,11,17870,240.593508673755,0,0,628.050923335199,1127.64269725797,22.7903749300504
122,12,17305,279.209130309159,0,0,594.012713088703,1013.26067610517,36.6272175671771
122,13,12838,246.819598068235,0,0,594.973671911513,985.859090200966,44.9193799657267
122,14,12279,301.109455167359,0,0,455.262643537747,1040.73475038684,35.432608518609
122,15,10832,242.06508493353,0,0,465.484675036928,1144.6795605613,20.3389032496307
122,16,13690,252.930606281958,0,0,667.011833455077,1145.46880934989,17.1626734842951
122,17,12793,267.852497459548,0,0,762.119362151176,1374.01719690456,40.6553583991245
122,18,20551,198.648094983213,0,0,650.99352829546,1256.3212009148,15.3774025594862
122,19,16292,167.873496194451,0,0,707.082064817088,1327.4393567395,19.5020869138227
122,20,16195,259.929052176598,0,0,558.494473602964,1132.02970052485,16.1158382216734
122,21,11875,280.633768421053,0,0,555.399915789474,1035.08917894737,30.5259789473684
122,22,17447,251.503524961311,0,0,534.394795666877,1200.11887430504,16.5604401902906
122,23,16147,216.667987861522,0,0,598.220660184554,1061.7678206478,19.2554654115316
122,24,16067,216.8190079044,0,0,487.419866807743,1268.47575776436,17.6471027572042
122,25,9844,210.280170662332,0,0,599.352092645266,1069.06349045104,26.7846403900853
122,26,12756,196.012856694889,0,0,773.161649419881,1218.27453747256,22.2155064283474
122,27,10058,205.497912109763,0,0,429.375919665938,1120.97494531716,26.1455557764963
122,28,16566,186.049619703006,0,0,687.173125679102,1169.02692261258,22.1366654593746
122,29,13067,294.098645442718,0,0,844.13713935869,1182.54557281702,36.8927068187036
122,30,20927,172.841305490515,0,0,590.904477469298,1343.89568500024,17.8492856118889
122,31,13680,264.839619883041,0,0,836.296198830409,1194.21907894737,44.2103070175439
122,32,13280,180.25843373494,0,0,485.650602409639,1382.21159638554,26.7980421686747
122,33,11284,214.885412974123,0,0,383.577632045374,1228.06912442396,30.3766394895427
122,34,14178,192.664550712371,0,0,607.240795598815,1347.08929327127,57.4550007053181
122,35,8269,181.670334986093,0,0,326.848832990688,1086.24573709034,47.0343451445157
122,36,9689,176.918464237795,0,0,648.822169470534,1089.11280833935,58.297760346785
122,37,12981,179.517756721362,0,0,434.472767891534,1368.73045219937,35.0858177336107
122,38,14880,140.295497311828,0,0,715.133333333333,1290.83084677419,58.1028225806452
122,39,9187,250.336453684554,0,0,740.819309894416,1147.4283226298,19.9050832698378
122,40,12656,174.134007585335,0,0,573.022518963338,1196.8382585335,61.447218710493
122,41,11342,178.060835831423,0,0,734.432463410333,1172.6249338741,57.9493034738141
122,42,15856,158.482593340061,0,0,431.723637739657,1319.84933148335,48.9021821392533
122,43,8268,386.185776487663,0,0,462.455974842767,1189.42150459603,16.9033623609095
123,1,18332,213.800185468034,0,0,532.198232598734,983.281420466943,37.7489635609863
123,2,20409,328.992846293302,0,0,638.629918173355,1089.29124405899,25.512812974668
123,3,13335,237.762354705662,0,0,522.811098612673,1027.97922759655,26.4204724409449
123,4,17009,239.146157916397,0,0,564.586748192134,1081.02916103239,26.5105532365218
123,5,17451,239.056615666724,0,0,585.79015529196,1017.72763738468,32.0881324852444
123,6,19710,240.494520547945,0,0,609.688026382547,1228.60877727042,17.6372399797057
123,7,10116,251.117931988928,0,0,482.468169236853,1167.82759984183,17.0754250691973
123,8,11347,203.85388208337,0,0,413.439235040099,1059.44778355512,34.6511853353309
123,9,15974,275.591335920871,0,0,635.355765619131,1017.67534743959,26.0041943157631
123,10,21085,278.233957789898,0,0,521.667915579796,1111.82342897795,19.4594261323216
123,11,13426,235.942797556979,0,0,694.382019961269,996.159466706391,40.6475495307612
123,12,17037,248.429242237483,0,0,702.023713095028,1128.9741738569,21.8453953160768
123,13,19522,162.47592459789,0,0,728.30642352218,1395.86087491036,35.2310214117406
123,14,22274,199.566579868905,0,0,581.426551135854,991.790158929694,47.7322887671725
123,15,12876,155.383271202237,0,0,553.105545200373,1431.57820751786,30.0525007766387
123,16,19228,261.584824214687,0,0,653.772623257749,1002.20870605367,33.2819325982942
123,17,13567,207.492960860913,0,0,615.940001474165,1316.82339500258,16.6428834672367
123,18,12545,179.543244320446,0,0,463.347389398167,1019.68537265843,45.5139099242726
123,19,12869,156.395291009402,0,0,622.705027585671,1444.58341751496,41.8518144377963
123,20,16061,187.622065873856,0,0,501.984807919806,1065.84484154162,30.4942407073034
123,21,10410,297.213064361191,0,0,351.771757925072,1213.31325648415,33.3899135446686
123,22,9690,283.275128998968,0,0,600.743756449948,1152.97162022704,15.3480908152735
123,23,12137,281.603196836121,0,0,650.557633682129,1170.90154074318,19.1867842135618
123,24,9880,178.661032388664,0,0,882.168117408907,1307.85273279352,29.1365384615385
123,25,12425,225.525472837022,0,0,354.50921529175,1276.12981891348,35.8725150905433
123,26,14986,198.271787001201,0,0,579.232016548779,1380.17676498065,54.8285733351128
123,27,11008,150.368095930233,0,0,470.952216569767,1423.56922238372,36.7902434593023
123,28,13061,216.642446979557,0,0,554.898170124799,1175.95467422096,18.4332746344078
123,29,11438,231.592586116454,0,0,729.059363525092,1047.88127294982,29.1001049134464
123,30,9435,268.598410174881,0,0,748.301006889242,1208.15304716481,21.1913089560148
123,31,14173,227.698864037254,0,0,676.691102801101,1221.45318563466,15.6101037183377
123,32,12060,200.427031509121,0,0,810.014262023217,1128.49742951907,39.3199834162521
123,33,13539,201.710761503804,0,0,601.283403500997,1057.88315237462,19.2633872516434
123,34,9715,207.540710241894,0,0,766.617189912506,1102.923623263,28.0555841482244
123,35,8063,264.307577824631,0,0,411.951382859978,1224.28054074166,52.0174872876101
123,36,12820,146.725663026521,0,0,479.822230889236,1388.67503900156,49.613728549142
123,37,7551,463.497417560588,0,0,731.200238379023,1006.79274268309,33.0230433055224
123,38,15713,209.040794246802,0,0,689.886527079488,1061.38337682174,53.567046394705
123,39,11936,194.174430294906,0,0,602.681300268096,1125.03644436997,21.0413036193029
123,40,19081,165.235574655416,0,0,760.50940726377,1294.9098579739,51.9650437608092
123,41,9810,250.387054026504,0,0,449.019062181448,1056.78970438328,27.1021406727829
123,42,25059,177.098168322758,0,0,510.109262141346,1262.5733269484,15.6383335328624
123,43,21423,201.018438127246,0,0,595.898753675956,1230.37931195444,61.563786584512
123,44,7742,280.4773960217,0,0,453.059157840351,1198.80534745544,56.7047274606045
123,45,11835,193.196028728348,0,0,740.792986903253,1148.61563160118,54.4245035910435
124,1,15041,212.382421381557,0,0,579.09906256233,977.58706203045,36.5389269330497
124,2,19127,247.098551785434,0,0,641.929889684739,1019.57468500026,35.9555602028546
124,3,8069,267.744825876813,0,0,756.012517040525,1396.87408600818,35.6821167430908
124,4,10694,197.774920516177,0,0,439.935851879559,1073.86310080419,29.2218066205349
124,5,23158,193.803653165213,0,0,747.872096035927,1019.98065463339,36.4396752742033
124,6,16924,285.776530371071,0,0,558.615398251005,1101.594126684,24.6767312692035
124,7,11638,267.291716789826,0,0,752.018559890015,1061.78681904107,27.2883656985736
124,8,18422,173.300835957008,0,0,666.046846162197,1193.26386928672,19.8793290630768
124,9,7449,258.167270774601,0,0,700.120687340583,1427.18405155054,38.9573097060008
124,10,19703,271.931076485814,0,0,689.464447038522,1078.69304166878,22.9530020809014
124,11,20411,228.873842535888,0,0,504.677673803341,1174.96952623585,17.8886874724413
124,12,15985,224.762277134814,0,0,521.450046918987,1038.22821395058,29.1515796058805
124,13,13271,222.934066762113,0,0,574.221460327029,1179.00632959084,17.9378343757064
124,14,12549,261.034584429038,0,0,492.814088772014,1010.33237708184,38.0272531675831
124,15,13354,212.941515650741,0,0,372.137861314962,1175.55406619739,35.8900703908941
124,16,9942,272.782035807685,0,0,628.78857372762,1128.95151880909,21.8345403339368
124,17,12184,224.442219304005,0,0,659.461096520026,989.728578463559,44.6121963230466
124,18,14882,185.230412578954,0,0,733.10079290418,1265.76058325494,18.2171751108722
124,19,9534,203.48804279421,0,0,374.652716593245,1007.17757499476,53.8174952800503
124,20,10782,183.210072342794,0,0,612.687071044333,1061.36579484326,26.3132071971805
124,21,11953,170.093449343261,0,0,541.248305864636,1429.77260938676,45.2257173931231
124,22,9040,241.773230088496,0,0,455.678761061947,1105.69800884956,23.4106194690265
124,23,11813,224.356133073732,0,0,675.608820790654,1048.88182510793,29.610513840684
124,24,11773,263.552960163085,0,0,638.161046462244,1008.59305189841,28.0504544296271
124,25,22726,183.345463345947,0,0,592.926955909531,1255.02015312858,14.2556103141776
124,26,15214,155.774418298935,0,0,645.778756408571,1351.44813987117,17.8034047587748
124,27,11095,234.752771518702,0,0,582.301667417756,1022.55664713835,31.9936007210455
124,28,12790,231.300469116497,0,0,842.611102423769,1266.58412822518,38.3594996090696
124,29,15306,254.505684045472,0,0,548.966875735006,1118.0555337776,17.2465046387038
124,30,12469,199.533803833507,0,0,426.032560750662,1350.13569652739,29.7515438286952
124,31,13050,257.867662835249,0,0,836.636091954023,1244.99862068966,31.4023754789272
124,32,14326,194.051514728466,0,0,604.089417841686,1061.69691470054,19.0245707105961
124,33,9792,223.662071078431,0,0,724.400531045752,1185.32291666667,17.0888480392157
124,34,13087,214.242301520593,0,0,647.494001681058,1154.11148467945,15.4107129212195
124,35,14949,162.976921533213,0,0,627.400561910496,1201.31520503044,62.0189310321761
124,36,13044,179.386001226618,0,0,609.996243483594,1349.49080036799,57.9586783195339
124,37,12908,217.674233033778,0,0,444.279051750852,1231.86760148745,19.7050666253486
124,38,8953,176.850329498492,0,0,728.385233999777,1113.77482408131,56.6069473919357
124,39,25083,161.801778096719,0,0,520.493322170394,1338.2504086433,18.5225052824622
124,40,12116,169.590376361836,0,0,400.646417959723,1330.18570485309,38.8361670518323
124,41,18586,171.939793392876,0,0,520.685784999462,1123.27138706553,58.3509630904982
124,42,11540,150.586828422877,0,0,721.542374350087,1328.95320623917,55.1361351819757
124,43,10691,192.816200542512,0,0,773.872696660743,1190.75521466654,55.6664484145543
124,44,21479,150.939801666744,0,0,432.029377531542,1280.75939289539,53.3418688020858
124,45,9070,399.460308710033,0,0,434.256229327453,1146.81664829107,20.1491730981257
125,1,11695,258.849764856776,0,0,469.301581872595,1062.69525438221,26.1796494228303
125,2,17874,217.421841781358,0,0,462.600984670471,1020.95121405393,36.4614523889448
125,3,22549,286.573772672846,0,0,513.307064614839,1149.05712004967,18.5666770145018
125,4,12179,210.10247146728,0,0,606.276048936694,968.399786517777,40.7305197471057
125,5,20579,237.47810875164,0,0,639.977841488897,1219.07935273823,18.0334321395597
125,6,19439,286.192293842276,0,0,611.586912907043,1077.35840321004,25.7526107310047
125,7,12097,239.58072249318,0,0,665.936678515334,1156.50219062578,19.2923038769943
125,8,11220,148.913725490196,0,0,650.885294117647,1433.5734402852,30.3046345811052
125,9,19249,192.677074133721,0,0,502.183593952933,1016.98888253935,48.6300067535976
125,10,17394,214.078992756123,0,0,683.818328159135,1096.10313901345,21.8072323789813
125,11,12204,282.206407735169,0,0,610.364798426745,1145.47853162897,15.3788921665028
125,12,13308,143.274571686204,0,0,721.212353471596,1414.95205891193,42.2089720468891
125,13,18182,195.219667803322,0,0,466.042459575404,1113.16917830822,29.0426795732043
125,14,14113,262.956139729328,0,0,573.459859703819,1013.05944873521,25.838375965422
125,15,12203,202.650823567975,0,0,672.161845447841,997.346144390724,30.5553552405146
125,16,12213,238.782690575616,0,0,494.467207074429,1216.12552198477,16.1833292393351
125,17,14515,210.463589390286,0,0,681.847812607647,1293.1123665174,16.6013778849466
125,18,13403,226.828918898754,0,0,572.623517123032,1186.10960232784,18.2136088935313
125,19,11260,150.307992895204,0,0,594.552664298401,1454.54156305506,34.9194493783304
125,20,12199,217.923518321174,0,0,558.76621034511,1061.34945487335,19.2933847036642
125,21,14206,232.208081092496,0,0,533.43706884415,1039.77502463748,30.9322821343094
125,22,10941,219.399780641623,0,0,380.199433324193,1133.79362032721,34.1594004204369
125,23,10317,251.823301347291,0,0,761.044877386837,1146.2397014636,22.6071532422216
125,24,12350,142.208663967611,0,0,571.413117408907,1417.14380566802,50.063967611336
125,25,27788,172.786094717144,0,0,567.655174895638,1280.96347344177,14.8524183100619
125,26,10524,222.953344735842,0,0,413.664481185861,1293.74524895477,50.1049980995819
125,27,15297,179.739033797477,0,0,623.869451526443,1034.72053343793,54.9367196182258
125,28,12490,186.761409127302,0,0,593.409927942354,1125.66365092074,21.097357886309
125,29,17850,222.510588235294,0,0,578.422352941176,990.779663865546,33.4389355742297
125,30,8048,358.154324055666,0,0,656.551192842942,962.493911530815,33.8921471172962
125,31,12933,205.826258408722,0,0,409.808397123637,1359.45341374778,35.6923374313771
125,32,11428,218.924833741687,0,0,382.912495624781,1305.83216660833,31.8490549527476
125,33,12944,193.976205191595,0,0,775.913241656366,1047.78584672435,41.626390605686
125,34,10054,189.822757111597,0,0,959.757807837677,1185.11537696439,29.8516013526954
125,35,10002,229.503899220156,0,0,444.497200559888,1257.0973805239,55.7981403719256
125,36,9295,182.591931145777,0,0,727.422054868209,1035.38934911243,28.6975793437332
125,37,14470,167.27194194886,0,0,657.549550794748,1371.43552176918,55.413407049067
125,38,18882,179.241393920136,0,0,601.07801080394,1229.30690604809,62.2446245101155
125,39,12535,208.562903869166,0,0,806.261906661348,1317.7420023933,36.7742321499801
125,40,11150,201.25533632287,0,0,405.169596412556,1079.76340807175,44.8650224215247
125,41,8639,361.95149901609,0,0,533.121426090983,1099.56360689895,25.2716749623799
125,42,10693,260.012251005331,0,0,412.070981015618,1119.40521836716,26.4485177218741
125,43,11933,178.134919969832,0,0,710.719768708623,1097.22131903126,55.9530713148412
125,44,14078,199.905313254724,0,0,787.594402614008,1224.08928825117,52.6297769569541
125,45,13567,213.120365592983,0,0,711.975307731997,1190.00788678411,17.1471954006044
126,1,15688,216.914903110658,0,0,530.343128505864,1169.57234829169,20.4399541050484
126,2,12210,241.23144963145,0,0,651.610728910729,1028.35896805897,30.0282555282555
126,3,17323,218.64844426485,0,0,662.890376955493,987.618599549732,33.9359233389136
126,4,17143,331.440412996558,0,0,558.700460829493,1088.22959808668,25.2840226331447
126,5,13448,271.073245092207,0,0,581.818932183224,977.130577037478,36.2311124330756
126,6,18045,304.011415904683,0,0,684.654641174841,1137.52507619839,18.8563591022444
126,7,19958,247.766158933761,0,0,715.469986972643,1053.34547549855,31.6215552660587
126,8,9856,224.520596590909,0,0,607.499289772727,1238.1796875,17.6816152597403
126,9,10888,195.895573108009,0,0,482.276634827333,1019.25872520206,30.1811168258633
126,10,14767,234.277713821358,0,0,524.578113360872,1111.32890905397,18.1117356267353
126,11,13079,223.014756479853,0,0,702.770701123939,1100.04495756556,24.9816499732395
126,12,11063,228.523456566935,0,0,755.271174184218,1147.76127632649,21.57886649191
126,13,12310,222.99731925264,0,0,754.537530463038,1032.66994313566,38.1865150284322
126,14,14315,201.830527418791,0,0,798.415927348935,1344.39196646874,32.7237862382117
126,15,11695,280.075331338179,0,0,675.338606241984,1042.54484822574,23.2674647285165
126,16,9828,205.159340659341,0,0,460.292226292226,1069.95879120879,25.1339031339031
126,17,12038,243.686160491776,0,0,665.974995846486,1248.54502409038,13.9627845157003
126,18,9943,193.093633712159,0,0,638.487981494519,1450.84421200845,38.1476415568742
126,19,15191,176.84359160029,0,0,629.139358830887,1330.60200118491,16.5516424198539
126,20,14414,220.171083668655,0,0,576.639309005134,1196.29811294575,14.5369085611211
126,21,9558,213.503766478343,0,0,589.762397991212,1452.16143544675,40.0274115923833
126,22,12037,196.158511256958,0,0,637.465647586608,1075.0078092548,23.7698762150037
126,23,10875,176.211310344828,0,0,494.741425287356,877.775632183908,55.9893333333333
126,24,9732,236.545828195643,0,0,794.386765310316,1107.28956021373,29.783806000822
126,25,16614,204.332731431323,0,0,464.410858312267,1154.45046346455,20.5518237630914
126,26,12403,196.555510763525,0,0,361.204547286947,1271.72442151092,36.7793275820366
126,27,9889,228.35301850541,0,0,625.273435129942,1051.97866316109,54.9112144807362
126,28,14148,185.519578739044,0,0,411.752403166525,1299.90415606446,24.7896522476675
126,29,10352,217.019030139104,0,0,779.711360123648,1332.76081916538,26.3546174652241
126,30,23801,163.025335069955,0,0,502.285870341582,1257.96706020755,16.1478089155918
126,31,16010,194.655340412242,0,0,600.075140537164,1308.62679575265,60.7360399750156
126,32,11123,199.372741166951,0,0,399.695046300459,1184.66924390902,24.3677065539872
126,33,13456,172.046819262782,0,0,691.324836504162,1187.34371284185,60.4686385255648
126,34,11195,179.503885663243,0,0,401.617865118356,1070.71674854846,40.7062974542206
126,35,5548,416.516402307138,0,0,412.17429704398,1098.63896899784,24.0739005046864
126,36,13851,155.095949750921,0,0,471.913363656054,1367.05284816981,50.6992274925998
126,37,16526,152.132155391504,0,0,512.102565654121,1373.68243979184,21.8496308846666
126,38,9612,156.229920932168,0,0,699.513004577611,1351.43435289222,55.0465043695381
126,39,10459,308.710775408739,0,0,571.356343818721,1023.38301940912,27.6322784204991
126,40,15145,163.142753383955,0,0,372.314295146913,1229.11845493562,46.7109276989105
126,41,10008,249.201738609113,0,0,622.333832933653,1112.68275379696,15.5813349320544
126,42,19460,145.354984583762,0,0,467.115005138746,1175.68196300103,57.563874614594
126,43,8169,193.045782837557,0,0,811.234667645979,1222.05202595177,50.7126943322316
126,44,3361,382.733710205296,0,0,612.888426063672,1111.00476048795,24.481999404939
126,45,7916,180.435826174836,0,0,803.835396664982,1156.46627084386,50.3548509348156
126,83,4933,344.915467261301,0,0,613.43300222988,1178.59294546929,15.751672410298
127,1,19549,223.522840042969,0,0,675.013811448156,1171.52330042457,18.3173052330042
127,2,14615,200.338008894971,0,0,596.204789599726,1155.36024632227,18.1626411221348
127,3,12576,316.595896946565,0,0,597.235925572519,1058.29158715013,29.491332697201
127,4,10788,210.047923618836,0,0,521.903133110864,987.091212458287,45.2488876529477
127,5,16764,210.761811023622,0,0,425.311500835123,1053.67114053925,37.0142567406347
127,7,11285,246.100930438635,0,0,539.689233495791,1199.63464776252,14.9519716437749
127,8,22409,275.528225266634,0,0,529.332366459905,1129.43781516355,18.5097951715828
127,9,11884,151.960955907102,0,0,703.829771120835,1415.17140693369,28.4072702793672
127,10,12114,143.105662869407,0,0,643.653128611524,1441.97894997524,45.2232953607396
127,11,13505,233.723139577934,0,0,465.250425768234,1065.302850796,28.360236949278
127,12,10832,284.879985228951,0,0,755.889771048744,1058.49658419498,27.509047267356
127,13,15832,179.162708438605,0,0,490.079648812532,1391.38169530066,25.8625568468924
127,14,10642,228.663409133622,0,0,615.002725051682,1233.55027250517,13.9519827100169
127,15,13350,159.726891385768,0,0,791.029812734082,1371.22337078652,40.1136329588015
127,16,15740,216.229669631512,0,0,544.269695044473,1000.72573062262,30.3151207115629
127,17,12086,217.291577031276,0,0,683.368525566771,1106.18484196591,21.3756412377958
127,18,11027,173.026299084066,0,0,682.583204860796,982.334723859617,34.066563888637
127,19,13672,200.962039204213,0,0,452.857445874781,1347.34201287303,50.5027794031597
127,20,10028,241.171918627842,0,0,535.843538093339,1051.69904268049,21.8469285999202
127,21,10711,226.746428904864,0,0,732.638129026235,1216.37979647092,17.3833442255625
127,22,14133,184.955777258898,0,0,452.434656477747,1342.74258826859,24.0671478100899
127,23,9566,268.533033660882,0,0,664.209178339954,1038.72904035124,26.2008153878319
127,24,12084,217.123303541874,0,0,739.515226746111,1110.32092022509,21.2655577623304
127,25,13150,200.50319391635,0,0,519.828060836502,1051.95292775665,33.1804562737643
127,26,13973,194.264366993487,0,0,712.800472339512,1375.77592499821,53.0457310527446
127,27,17756,213.833690020275,0,0,526.060148682136,996.270218517684,37.427066906961
127,28,11193,240.3808630394,0,0,424.430000893416,1151.18198874296,23.4322344322344
127,29,16947,173.118310025373,0,0,546.714462736768,1070.65279990559,58.3091402608131
127,30,10361,190.666827526301,0,0,960.373033490976,1052.86748383361,38.0989286748383
127,31,15952,185.896627382146,0,0,606.794947342026,1265.8827106319,62.4368731193581
127,33,10028,196.314020741923,0,0,378.399481451935,1187.75957319505,31.3724571200638
127,34,12777,227.873287939266,0,0,452.497456366909,1080.38389293261,51.0478203021053
127,35,12719,178.450507115339,0,0,655.22305212674,1109.82844563252,60.2423146473779
127,36,10732,251.230525531122,0,0,628.320723071189,1094.96477823332,17.0064293701081
127,37,10660,207.353189493433,0,0,839.83818011257,1228.76857410882,36.9265478424015
127,38,9319,232.307221804915,0,0,457.670243588368,1128.77508316343,28.9568623242837
127,39,11749,159.56651629926,0,0,741.367775980935,1368.13550089369,24.983998638182
127,40,5514,270.052774755169,0,0,594.425462459195,1101.77149075082,22.9742473703301
127,41,13024,189.280328624079,0,0,723.04675982801,1013.51259213759,47.7781787469287
127,42,15730,195.542466624285,0,0,777.35715193897,1195.72860775588,55.283534647171
127,43,11245,187.037527790129,0,0,382.07309915518,1140.27167630058,45.1339261894175
127,44,5689,285.262436280541,0,0,491.438917208648,1089.13394269643,26.1086306908068
127,84,10723,173.851907115546,0,0,624.959806024433,1091.21272032081,21.4168609530915
127,169,9604,198.839546022491,0,0,613.376197417743,966.633381924198,36.8957725947522
127,170,6366,380.999057492931,0,0,585.49355953503,947.704366949419,40.4173735469683
127,171,6209,179.046545337413,0,0,441.594781768401,1364.62860363988,45.3797712997262
128,1,18133,202.293994374897,0,0,649.073291788452,982.218441515469,33.977168697954
128,2,19622,262.370808276424,0,0,706.838242788707,1142.91825501988,19.1471307715829
128,3,11631,225.063021236351,0,0,652.016851517496,1023.36101796922,29.6290946608202
128,4,18386,196.712933753943,0,0,546.081529424562,1159.40781029044,20.5259436527793
128,5,10485,183.598855507868,0,0,627.147639484979,1452.58512160229,39.9217930376729
128,6,12012,264.926406926407,0,0,566.741841491841,974.211621711622,34.8638861138861
128,7,7467,268.55202892728,0,0,644.094683273068,1093.4336413553,22.6572920851748
128,8,9931,193.563488067667,0,0,580.457557144296,1454.86698217702,41.4614842412647
128,9,13501,242.455151470261,0,0,526.816235834383,1107.92215391452,18.2301311013999
128,10,10938,219.306637410861,0,0,771.77729018102,1158.23560065826,23.572499542878
128,11,13455,218.572203641769,0,0,684.271869193608,1243.78573021182,14.9918989223337
128,12,14539,188.112662493982,0,0,805.180136185432,1334.98768828668,35.8766765252081
128,13,6357,262.545383042316,0,0,633.6103507944,1157.58785590687,17.6281264747522
128,14,15929,170.824533869044,0,0,650.82867725532,1330.44403289598,16.6270324565258
128,15,11326,179.068426628995,0,0,464.175348755077,877.677909235388,52.8251809994702
128,16,12295,202.386498576657,0,0,726.016266775112,1100.54599430663,26.1385115900773
128,17,7504,449.893256929638,0,0,582.325026652452,1100.97547974414,24.1715085287846
128,18,10798,220.538803482126,0,0,513.968512687535,1222.46693832191,14.9812002222634
128,19,10001,283.94400559944,0,0,702.837116288371,1045.50944905509,32.6040395960404
128,20,14757,214.752253167988,0,0,598.689503286576,1188.17706850986,15.1330893813106
128,21,11167,192.722485895943,0,0,479.764574191815,1027.20802364109,28.0719083012447
128,22,10676,249.908579992507,0,0,689.908017984264,1043.65839265643,23.8329898838516
128,23,18791,206.221010058006,0,0,473.576020435315,1150.88026182747,19.989888776542
128,24,12408,188.667794970986,0,0,408.336879432624,1196.27071244358,22.2869922630561
128,25,5498,203.751727901055,0,0,403.518915969443,1273.81593306657,24.7761004001455
128,26,19320,154.065683229814,0,0,449.359316770186,1350.1382505176,52.2425465838509
128,27,12077,182.165107228616,0,0,354.460627639314,1283.17123457812,35.2288647843007
128,28,4043,276.414543655701,0,0,641.981944100915,1159.91738807816,22.3935196636161
128,29,17557,150.758614797517,0,0,488.328985589793,1373.16267016005,22.4165290197642
128,30,8898,213.124971903799,0,0,450.256911665543,1086.59136884693,23.0639469543718
128,31,10596,231.730936202341,0,0,789.661759154398,1114.40184975462,30.6929029822575
128,32,11287,182.324355453176,0,0,388.26340037211,1071.46150438558,39.3093824754142
128,33,10926,216.137012630423,0,0,746.473457807066,1022.49130514369,38.1989749222039
128,34,12615,201.68418549346,0,0,792.513674197384,1326.0995640111,29.0056282203726
128,35,16530,177.896854204477,0,0,577.296551724138,1279.4108892922,62.9098003629764
128,36,15933,155.421075754723,0,0,356.398983242327,1228.42277035084,45.5971882256951
128,37,4978,216.10626757734,0,0,425.098834873443,1364.48051426276,29.7942948975492
128,38,5638,227.620787513303,0,0,626.14845689961,1258.50957786449,13.8164242639234
128,39,6260,214.600319488818,0,0,568.134664536741,1054.19936102236,55.476357827476
128,40,3855,275.397405966278,0,0,611.237872892348,1128.12581063554,14.1942931258106
128,41,15178,159.955527737515,0,0,673.756226116748,1166.88107787587,60.8642772433786
128,42,4039,341.245110175786,0,0,605.295865313196,1055.23297846001,28.0376330774944
128,43,3939,280.909621731404,0,0,598.726326478802,1066.73318101041,19.1071337903021
128,44,4016,359.052539840637,0,0,534.560756972112,1010.65488047809,26.1494023904382
128,45,5755,401.04135534318,0,0,409.233188531712,1116.48583840139,21.9838401390096
128,46,4677,213.143681847338,0,0,654.282446012401,1026.73187940988,52.3840068419927
128,47,7399,142.211920529801,0,0,693.03486957697,1334.42330044601,56.5475064197865
128,48,8115,165.964633394948,0,0,798.686999383857,1190.21528034504,51.8
128,85,10407,183.551455750937,0,0,665.637743826271,1068.18381858365,25.631498030172
128,86,12203,173.054494796362,0,0,447.252560845694,1152.25010243383,57.5730558059494
128,88,7886,167.58990616282,0,0,792.583692619833,1127.34174486432,50.7363682475273
129,1,10779,189.170423972539,0,0,650.170052880601,1454.05575656369,37.946933852862
129,2,19248,213.086606400665,0,0,654.151080631754,976.116271820449,34.9338632585204
129,3,17562,287.389932809475,0,0,684.722981437194,1127.73414189728,17.7017423983601
129,4,12382,263.172427717655,0,0,574.511629785172,970.661120982071,36.9979001776773
129,5,13168,213.086345686513,0,0,719.307715674362,1089.03455346294,24.63707472661
129,6,14132,204.79790546278,0,0,516.570266062836,1086.99540050948,20.0784743843759
129,7,12146,231.125473406883,0,0,756.375185246172,1155.20385312037,20.3312201547835
129,8,10277,192.070059355843,0,0,603.722876325776,1456.0719081444,39.9993188673737
129,10,17250,191.145913043478,0,0,465.098086956522,1129.11785507246,22.2669565217391
129,11,8071,196.249039772023,0,0,439.799653078925,1078.5475157973,26.4586792219056
129,12,13554,194.014386896857,0,0,580.542644237863,1184.17330677291,16.0099601593625
129,13,11006,172.134108667999,0,0,474.637924768308,1021.20170815919,31.2769398509904
129,14,10348,332.473811364515,0,0,713.261982991883,1041.6530730576,31.3977580208736
129,15,6978,196.351533390656,0,0,617.795930065921,1074.32559472628,57.7956434508455
129,16,14509,195.186022468812,0,0,811.477427803432,1332.20063408919,31.6759252877524
129,17,6605,189.561998485995,0,0,683.123694171083,1042.30431491294,53.1470098410295
129,18,5813,240.769654223293,0,0,581.537416136246,1033.7438499914,21.7665577154653
129,19,12123,228.233358079683,0,0,654.606862987709,1009.20250763012,30.6681514476615
129,20,12034,222.487784610271,0,0,651.378261592156,1225.26807379093,13.5594980887485
129,21,15021,166.531056520871,0,0,619.508754410492,1313.79235736635,15.1019905465681
129,22,11425,229.305733041575,0,0,761.117374179431,1018.79728665208,36.5858205689278
129,23,6272,186.316167091837,0,0,580.420121173469,1252.63058035714,14.6457270408163
129,24,11050,178.073574660633,0,0,507.630407239819,887.220633484163,57.5410859728507
129,25,12591,212.817250416964,0,0,787.552696370423,1315.08148677627,24.7515685807323
129,26,6770,266.252289512555,0,0,622.959379615953,1079.28552437223,21.4196454948301
129,27,10484,203.488744753911,0,0,392.713563525372,1174.58412819535,25.902995040061
129,28,5857,286.79272665187,0,0,614.782653235445,1046.23083489841,28.6952364691822
129,29,10637,203.361380088371,0,0,539.876092883332,1144.26454827489,22.2421735451725
129,30,5027,242.733041575492,0,0,649.680127312512,1155.48418539885,21.8261388502089
129,31,6824,248.054806565064,0,0,613.266705744431,1138.70339976553,17.2360785463072
129,32,5232,392.015290519878,0,0,533.762614678899,1060.61410550459,24.7553516819572
129,33,5585,242.302775290958,0,0,392.152730528201,1249.02417188899,27.7418084153984
129,34,13916,171.300229951135,0,0,365.189709686692,1284.81812302386,38.4775797643001
129,35,15379,141.889914818909,0,0,461.300409649522,1365.37018011574,25.1985174588725
129,36,6491,367.872438761362,0,0,609.042058234479,1106.01371129256,27.1443537205361
129,37,5085,295.02418879056,0,0,525.450147492625,998.322320550639,29.7016715830875
129,38,11857,171.001771105676,0,0,408.43417390571,1072.0193134857,43.8331787129965
129,39,12196,166.571170875697,0,0,724.792144965562,1174.51188914398,59.5564119383404
129,40,12994,165.629367400339,0,0,490.64545174696,1361.98329998461,53.3804063413883
129,41,14530,193.458293186511,0,0,637.417756366139,1294.33819683414,62.075361321404
129,42,6263,224.762414178509,0,0,818.402043749002,1128.67683218905,31.5663420086221
129,44,10584,214.260015117158,0,0,478.728835978836,1203.29223356009,17.2171201814059
129,45,4728,219.881345177665,0,0,570.288282571912,1125.15989847716,14.8868443316413
129,46,6364,174.236015084852,0,0,428.905719673162,1369.68133249529,33.8739786297926
129,47,22709,151.394337046986,0,0,503.400898322251,1164.80553965388,59.8963846932934
129,48,9217,170.474774872518,0,0,836.165238146902,1191.16111533037,47.9873060648801
129,49,4849,447.509383378016,0,0,395.969684471025,1103.09362755207,26.1763250154671
129,50,3960,318.62601010101,0,0,766.169696969697,1112.90303030303,23.0906565656566
129,51,8772,150.22537619699,0,0,739.956794345645,1343.55483356133,53.9953260373917
129,52,16381,154.768939625176,0,0,385.851413222636,1239.86392772114,49.3422867956779
129,53,8749,170.350325751514,0,0,826.748199794262,1134.96936792776,47.4250771516745
129,89,11398,186.054570977364,0,0,666.454202491665,1061.75495701,25.1947710124583
129,90,11206,264.670355166875,0,0,679.792968052829,1030.03034088881,23.3513296448331
130,1,12348,211.076692581795,0,0,687.605199222546,1187.05855199223,17.747084548105
130,2,15881,221.285939172596,0,0,621.675587179649,1020.28826900069,23.8335747119199
130,3,15091,146.155920747465,0,0,611.228414286661,1432.94188589225,27.8912596912067
130,4,11390,194.401053555751,0,0,630.569271290606,958.77594381036,40.7119402985075
130,5,12969,141.299637597348,0,0,699.397948955201,1433.45523941707,41.6054437504819
130,6,13509,217.817158931083,0,0,500.004441483455,1063.81027463173,26.5722111185136
130,7,4526,200,0,0,605.677198409191,1151.77684489616,19.4617764030049
130,8,7084,213.13198757764,0,0,527.349943534726,1013.05011293055,23.7850084697911
130,9,14109,317.381316889928,0,0,533.264086753136,1124.53625345524,17.9832730880998
130,10,8099,236.588467712063,0,0,610.492900358069,1086.53265835288,20.3507840474133
130,11,15484,198.404934125549,0,0,673.759299922501,1296.08783260139,15.8579824334797
130,12,10529,186.444201728559,0,0,383.272865419318,1087.22927153576,32.6056605565581
130,14,13058,294.723924031245,0,0,638.295527645888,1232.17223158217,17.3534997702558
130,15,12086,217.537812344862,0,0,433.38052291908,1096.93372497104,24.0025649511832
130,16,14768,207.426462621885,0,0,730.940005417118,1223.11728060672,18.6100352112676
130,17,8306,205.691668673248,0,0,538.11016132916,1127.77606549482,23.6225620033711
130,18,6902,216.346711098232,0,0,453.729643581571,1047.37960011591,30.5917125470878
130,19,7644,249.786106750392,0,0,539.402145473574,1065.01151229723,21.3006279434851
130,20,20448,191.471635367762,0,0,622.336218701096,999.832697574335,30.8150919405321
130,21,10199,185.087165408373,0,0,503.820570644181,1067.28581233454,56.9114619080302
130,22,9456,236.977474619289,0,0,780.125423011844,1170.83999576988,23.7509517766497
130,23,9243,217.819863680623,0,0,485.786324786325,1185.82462403981,16.1026722925457
130,24,12531,197.007341792355,0,0,566.423908706408,1188.96193440268,17.0537866092092
130,25,9283,165.764838952925,0,0,529.441128945384,1340.77841215124,17.759237315523
130,26,9869,168.066572094437,0,0,976.090991995136,1229.29232951667,32.416962204884
130,27,12229,143.761305094448,0,0,569.333387848557,1451.50576498487,31.857306402813
130,28,6217,236.202991796687,0,0,677.098118063375,1151.95528389899,20.9620395689239
130,29,6499,317.765348515156,0,0,669.387905831666,1065.24065240806,24.6847207262656
130,30,5959,212.294176875315,0,0,566.005370028528,969.319684510824,45.0537002852828
130,31,7888,311.374619675456,0,0,602.873985801217,1122.97261663286,25.4652636916836
130,32,13388,187.383627128772,0,0,388.431132357335,1338.50082163131,31.8756348969226
130,33,12278,136.918390617364,0,0,529.971738068089,1428.2621762502,49.0655644241733
130,34,7436,284.597902097902,0,0,580.370360408822,1057.05554061323,28.3329747175901
130,35,9920,164.219153225806,0,0,751.002419354839,1046.22348790323,29.4610887096774
130,36,16874,165.197226502311,0,0,627.192604006163,1038.99964442337,57.2703567618822
130,37,10072,147.398629864972,0,0,807.798451151708,1316.2370929309,37.2596306592534
130,38,9217,157.775740479549,0,0,778.254204187914,1350.52142779646,32.6292719973961
130,39,5150,234.900582524272,0,0,518.562912621359,1216.17650485437,15.1801941747573
130,40,12281,169.234915723475,0,0,712.473821350053,1114.41348424395,58.4142985098933
130,41,11885,181.768195204039,0,0,802.646445098864,1083.71846865797,42.5627261253681
130,42,13550,169.010627306273,0,0,369.90405904059,1281.16118081181,27.5461254612546
130,43,13628,161.392353977106,0,0,643.846932785442,1390.02252714999,55.091209275022
130,44,15429,208.975565493551,0,0,408.820662389008,1241.60496467691,55.5027545531143
130,45,6582,226.59450015193,0,0,729.300668489821,1094.2450622911,24.4570039501671
130,46,9816,277.186226568867,0,0,523.820293398533,984.529849225754,32.9676039119804
130,47,17730,168.413705583756,0,0,605.543203609701,1240.16311336717,63.9495205865764
130,48,16735,168.260830594562,0,0,789.989423364207,1273.11305646848,52.6663878099791
130,49,10944,181.931469298246,0,0,453.74168494152,1028.3007127193,50.0274122807018
130,50,12355,182.366491299069,0,0,378.455443140429,1260.74536624848,51.2331849453662
130,91,5543,215.977088219376,0,0,671.357387696193,1068.25870467256,19.4683384448854
130,172,9321,190.491149018346,0,0,688.359832635983,991.987125844866,31.9265100311125
130,173,6207,390.045271467698,0,0,688.015949734171,962.182696955051,35.6937328822297
130,174,11432,235.969646606018,0,0,621.502011896431,1163.47891882435,14.1819454163751
131,1,8735,385.605953062393,0,0,674.686204922725,1114.37344018317,17.4122495706926
131,2,11900,254.204453781513,0,0,552.730588235294,970.120504201681,38.0791596638655
131,3,6653,339.064933112881,0,0,527.659702389899,1054.89643769728,24.7909213888471
131,4,19010,195.160547080484,0,0,649.407680168332,971.193477117307,35.8168332456602
131,5,13365,205.022970445193,0,0,649.316797605686,999.137822671156,31.0143658810325
131,6,13709,195.976001167116,0,0,613.330658691371,1197.87723393391,16.6038368954701
131,7,9838,244.23439723521,0,0,742.921833706038,1133.90089449075,19.7753608457003
131,8,12315,218.531871701177,0,0,677.957531465692,1228.719772635,14.1258627689809
131,9,12065,236.045752175715,0,0,681.471777869872,1028.15598839619,24.5382511396602
131,10,11358,167.439249867935,0,0,461.2382461701,1028.10979045607,31.0487761929917
131,11,8109,237.618078678012,0,0,531.019237883833,1014.80453816747,30.8775434702183
131,12,10460,182.055449330784,0,0,624.614818355641,1460.78307839388,39.3307839388145
131,13,18781,148.03189393536,0,0,495.380118204568,1386.09951546776,51.4472605292583
131,14,11412,210.8325446898,0,0,739.804766912022,1001.17858394672,37.5535401331931
131,15,16405,162.815726912527,0,0,655.792989942091,1318.77232551051,15.4546784516916
131,16,9780,233.697137014315,0,0,558.513599182004,1153.80736196319,20.5539877300614
131,17,11624,167.618547832072,0,0,676.844545767378,1450.70965244322,38.2478492773572
131,18,8709,312.155700998967,0,0,587.241474336893,1112.55471351475,25.6269376507062
131,19,6753,214.434621649637,0,0,558.115948467348,1016.57944617207,23.7284169998519
131,20,11418,152.690401121037,0,0,453.517954107549,1400.17122087931,33.6861096514276
131,21,7367,239.737206461246,0,0,594.682910275553,1069.25383466811,19.9687796932266
131,22,12717,196.332546984352,0,0,704.836753951404,1078.66124085869,24.9788472123929
131,23,7972,234.729804315103,0,0,594.867912694431,1028.0595835424,29.3797039638736
131,24,5798,232.010865815799,0,0,760.132286995516,1101.2735426009,23.157295619179
131,25,12469,204.244285828856,0,0,533.148608549202,1088.71296816104,18.1270350469164
131,26,14167,169.77504058728,0,0,374.847532999224,1313.61727959342,37.5991388437919
131,27,13777,188.139072366988,0,0,834.034259998548,1307.72562967264,33.4553240908761
131,28,13467,195.19195069429,0,0,813.904210291824,1291.56812950175,26.2454889730452
131,29,7740,184.449224806202,0,0,415.939405684755,1267.02777777778,22.5133074935401
131,30,7794,177.459199384142,0,0,599.707210674878,1249.3358994098,15.4098024121119
131,31,7109,194.801659867773,0,0,638.425235616824,1152.64495709664,21.558869039246
131,32,8237,188.58722835984,0,0,441.368095180284,1098.64720165109,24.3882481485978
131,33,8943,178.047858660405,0,0,832.828581013083,1115.57251481606,34.4591300458459
131,34,5943,300.514050143025,0,0,747.383308093555,1032.08312300185,31.0232205956588
131,35,9408,169.509460034014,0,0,596.050276360544,1047.12170493197,57.1167091836735
131,36,4328,387.788817005545,0,0,637.143715341959,1058.8073012939,31.0619223659889
131,37,8301,167.057583423684,0,0,646.965787254548,1025.03879050717,54.3456210095169
131,38,7702,229.108023889899,0,0,612.93157621397,1135.91054271618,15.802648662685
131,39,6598,174.016217035465,0,0,564.438769324038,1166.48317672022,13.1041224613519
131,40,8735,219.420263308529,0,0,502.883800801374,1222.73440183171,15.5939324556382
131,41,5896,258.080223880597,0,0,484.805800542741,1122.69894843962,22.0583446404342
131,42,12302,155.758657128922,0,0,441.822955616973,894.489188749797,57.2346772882458
131,43,14428,153.490088716385,0,0,698.679234821181,1158.1433324092,61.1963543110618
131,44,16086,150.497326868084,0,0,381.810456297401,1265.07882630859,48.189357205023
131,45,11959,183.873651643114,0,0,400.814282130613,1194.17183711013,23.6283134041308
131,46,12164,165.822015784281,0,0,392.806395922394,1087.84026635975,42.768332785268
131,47,13416,139.667412045319,0,0,478.073047107931,1377.46772510435,24.0708109719738
131,48,9053,140.66110681542,0,0,739.586435435767,1338.70009941456,55.2438970507014
131,49,14052,170.992670082551,0,0,622.025832621691,1298.82294335326,62.3474238542556
131,50,4396,455.393312101911,0,0,398.376933575978,1121.50409463148,24.3475887170155
131,51,17882,164.246840398166,0,0,490.084106923163,1174.42635052008,60.4399955262275
131,52,8050,165.214534161491,0,0,828.109937888199,1175.5349068323,50.4106832298137
131,53,9571,159.45627416153,0,0,818.398704419601,1119.26653432243,49.2105318148574
131,92,5239,212.862378316473,0,0,631.771712158809,1063.55048673411,25.3785073487307
132,2,13447,145.839964304306,0,0,677.341042611735,1447.86063806053,40.9196846880345
132,3,13542,182.235046521932,0,0,643.074361246492,958.676118741693,41.8558558558559
132,4,14842,184.743902439024,0,0,603.425279611912,999.871311144051,25.7209944751381
132,5,7028,297.024473534434,0,0,554.790267501423,1091.04183266932,17.8244166192373
132,6,7090,295.007052186178,0,0,500.025669957687,1109.26784203103,19.6665726375176
132,7,13323,185.028597162801,0,0,682.905426705697,1168.95353899272,16.721083839976
132,8,7486,218.777451242319,0,0,725.40368688218,1103.11541544216,24.6606999732835
132,9,7194,230.077564637198,0,0,608.269113149847,1234.29093689185,13.7510425354462
132,10,11589,195.573474846838,0,0,490.771248597808,1064.7524376564,26.1087237898007
132,12,8097,201.360874397925,0,0,534.64838829196,1044.73335803384,23.0319871557367
132,13,10298,195.510778791998,0,0,383.414158088949,1077.03767721888,33.3291901340066
132,14,10667,236.222555545139,0,0,428.572325864817,1084.25817943189,25.1560888722227
132,15,11512,176.141157053509,0,0,512.243485059069,1075.15210215427,58.9734190410007
132,16,7477,254.628594356025,0,0,597.24969907717,1094.44255717534,25.1777450849271
132,17,11052,245.226746290264,0,0,782.831704668838,1168.76574375679,24.0926529134998
132,18,8320,194.180048076923,0,0,614.390384615385,1054.99603365385,20.2530048076923
132,19,10962,232.999726327313,0,0,488.569056741471,1164.808520343,15.9968071519796
132,20,13859,189.929287827405,0,0,661.575871274984,1282.89104552998,14.6154845226928
132,21,7986,275.001001753068,0,0,685.150638617581,1044.90758827949,25.3628850488355
132,22,16928,152.343513705104,0,0,625.618679111531,1399.32927693762,55.4827504725898
132,23,7216,204.824140798226,0,0,524.194567627495,1202.0399113082,14.4329268292683
132,24,12531,135.751097278749,0,0,507.067991381374,1426.54512808236,48.6282020588939
132,25,7319,183.817324771144,0,0,459.469872933461,1039.19319579177,31.0348408252494
132,26,7739,192.082827238661,0,0,684.555239695051,1115.79157513891,21.8065641555757
132,27,7962,180.382064807837,0,0,577.329691032404,961.208741522231,46.0071590052751
132,28,10297,154.638341264446,0,0,789.999611537341,1354.05088860833,35.6813635039332
132,29,13484,162.611094630673,0,0,717.271136161376,1141.94230198754,59.2911598932068
132,30,11331,172.452740270056,0,0,765.177036448681,1056.28461742123,29.6408966551937
132,31,12251,187.766712921394,0,0,381.358338094849,1329.79087421435,29.60746061546
132,32,15717,164.313164089839,0,0,634.962333778711,1056.87898453903,59.0962015651842
132,33,12292,181.295395379108,0,0,809.615847705825,1099.26505043931,44.3630003254149
132,34,9157,164.819700775363,0,0,620.494594299443,1128.81893633286,21.0792836081686
132,35,7686,265.529794431434,0,0,633.443533697632,1026.03447827218,30.7781680978402
132,36,8886,240.943844249381,0,0,537.199189736664,975.359554355165,34.9693900517668
132,37,17956,142.051236355536,0,0,520.54388505235,1321.15354199153,15.9205279572288
132,38,6154,219.930126746831,0,0,657.805979850504,1179.65550861228,20.6582710432239
132,39,11967,176.331829196958,0,0,566.961895211832,1168.6727667753,16.9814489847079
132,40,11668,194.956804936579,0,0,364.475317106616,1269.00454233802,27.2088618443606
132,41,16373,181.245526171135,0,0,714.357600928358,1218.33787332804,17.1078605020461
132,42,10998,203.058101472995,0,0,617.010547372249,1148.06792144026,14.6594835424623
132,43,17576,147.083352298589,0,0,776.133420573509,1298.14627901684,53.8706190259445
132,44,20137,160.467596960818,0,0,587.350548741123,1251.70387843274,64.4165466554104
132,46,7839,168.273631840796,0,0,541.251052430157,1102.44265850236,24.7452481183824
132,47,16507,213.443993457321,0,0,400.42454716181,1228.99739504453,55.5256557823953
132,48,12455,167.306704134886,0,0,473.973103171417,1018.3617824167,51.8349257326375
132,49,11420,150.804028021016,0,0,979.259369527145,1231.27451838879,32.3829246935201
132,50,3730,228.056836461126,0,0,607.903485254692,1068.33780160858,28.4847184986595
132,51,6120,178.243300653595,0,0,690.297385620915,1065.9818627451,20.2011437908497
132,52,12372,182.685176204332,0,0,373.086243129648,1254.62116068542,51.5376656967346
132,93,9969,196.46504162905,0,0,688.005717724947,985.060487511285,33.0881733373458
132,94,7898,408.272094201064,0,0,705.070397569005,965.028741453533,37.2509496074956
132,175,3129,260.110578459572,0,0,524.505592841163,1026.05305209332,28.7750079897731
132,176,7072,182.071691176471,0,0,521.4280260181,988.261877828054,27.7682409502262
132,177,10063,160.208884030607,0,0,778.851535327437,1353.29494186624,30.8266918413992
132,178,8338,140.877788438474,0,0,588.273806668266,1428.8485248261,25.717318301751
132,179,6830,143.895754026354,0,0,548.376866764275,1442.53440702782,28.892532942899
133,1,18216,198.417490118577,0,0,603.126482213439,963.678579270971,35.9580039525692
133,2,12310,205.208285946385,0,0,683.987489845654,967.094557270512,38.7744110479285
133,3,11390,207.982352941176,0,0,599.849604916594,984.7007023705,29.6847234416155
133,4,11745,245.298850574713,0,0,494.877650063857,991.802383993189,37.0313324819072
133,5,9308,175.938332617104,0,0,667.59024495058,1120.07445208423,22.9981736140954
133,6,18172,163.882016288796,0,0,529.24735857363,1415.10318071759,50.9882786704821
133,7,9152,213.230004370629,0,0,648.020541958042,1125.83413461538,16.9085445804196
133,8,16359,197.443792407849,0,0,866.943456201479,1233.9625282719,37.8265786417263
133,10,13011,192.877488279148,0,0,669.844208746445,1168.30858504342,17.717854123434
133,11,12797,164.488083144487,0,0,364.247167304837,1153.22903805579,39.2317730718137
133,12,11326,210.318294190358,0,0,734.519247748543,1198.20395550062,16.3870739890517
133,13,13175,175.275521821632,0,0,703.374193548387,1051.8539658444,26.2265654648956
133,14,7878,270.011805026657,0,0,622.68532622493,1020.87750698147,31.7805280528053
133,15,8988,214.75945705385,0,0,563.512683578104,1025.85614152203,27.0270360480641
133,16,15888,171.595480866062,0,0,729.082074521652,1285.35876132931,16.7168303121853
133,17,7615,220.167564018385,0,0,590.272882468812,1063.41904136573,19.8082731451083
133,18,6214,323.180399098809,0,0,726.243321532024,1136.57306083038,19.7547473447055
133,19,7930,246.51790668348,0,0,696.264438839849,994.652206809584,31.5134930643127
133,20,4552,298.218365553603,0,0,545.407732864675,1103.89015817223,24.9613356766257
133,21,10109,218.697398357899,0,0,760.491838955386,1083.52893461272,23.3146700959541
133,22,12665,145.296881168575,0,0,516.407422029214,1435.73714962495,32.5693643900513
133,23,7794,305.289068514242,0,0,616.546317680267,1097.24159609956,23.7258147292789
133,24,8119,176.945190294371,0,0,662.906022909225,1220.94383544772,16.2023648232541
133,25,7187,281.408793655211,0,0,514.694587449562,1069.75511339919,22.6952831501322
133,26,6458,209.744502942087,0,0,760.858934654692,1044.01068442242,26.812635490864
133,28,15214,153.078348889181,0,0,418.421256737216,1374.40475877481,34.5297752070461
133,29,10178,224.874042051484,0,0,658.475142464138,1005.73039889959,25.7296128905482
133,30,16048,141.614157527418,0,0,551.220775174477,1401.9925224327,22.4226694915254
133,31,4876,396.518047579984,0,0,649.6802707137,1064.55537325677,18.2869155045119
133,32,10580,163.77145557656,0,0,810.675425330813,1048.50425330813,36.619943289225
133,33,10688,161.132391467066,0,0,441.596369760479,1056.9905501497,28.8099738023952
133,34,7759,220.806933883232,0,0,514.728573269751,1033.6413197577,29.5018687975255
133,35,15026,184.031545321443,0,0,550.111207240783,1120.72035139092,16.3613736190603
133,36,11889,168.111531667928,0,0,458.027756749937,1140.94398183195,20.4715283034738
133,37,17329,147.360205435974,0,0,607.106872872064,1302.19072075711,63.7556696866524
133,38,5879,197.898962408573,0,0,538.958496342916,1027.60503486988,22.2411974825651
133,39,14133,154.217788155381,0,0,472.564282176466,1307.08865775136,19.8841717965046
133,40,5395,201.009082483781,0,0,589.1453197405,1288.20352177943,14.9833178869323
133,41,16716,176.864620722661,0,0,435.871440536013,1235.17234984446,20.3005503709021
133,42,14731,195.457063335822,0,0,857.244654130745,1229.10196184916,31.3531328490937
133,43,15184,152.47240516333,0,0,651.904438883035,1150.87414383562,63.3328503688093
133,44,16033,139.17807023015,0,0,394.644732738726,1321.93419821618,45.0115387014283
133,45,10277,168.917291038241,0,0,530.727449644838,1053.93860075898,57.3262625279751
133,46,4072,257.978143418468,0,0,521.833251473477,1185.26792730845,18.184184675835
133,47,5756,354.177380125087,0,0,409.363273106324,1167.82835302293,21.0375260597637
133,48,9074,169.603592682389,0,0,572.759642935861,1016.82653735949,55.0865109102931
133,49,5363,230.311579339922,0,0,588.049785567779,1131.15588290136,21.6621294051837
133,50,12541,136.374372059644,0,0,742.438402041304,1306.16258671557,58.6110358025676
133,51,8346,169.454109753175,0,0,609.627006949437,1190.91085549964,12.7195063503475
133,52,3759,194.713487629689,0,0,589.088055333865,1071.61213088587,29.1601489757914
133,53,10561,154.053025281697,0,0,375.442382350156,943.364643499669,53.9505728624183
133,54,8547,159.018486018486,0,0,803.517491517492,1125.43313443313,53.2698022698023
133,95,2101,229.053783912423,0,0,656.014754878629,1034.06473108044,22.7053783912423
133,96,3959,251.705733771154,0,0,619.739580702197,1171.18413740844,16.5733771154332
133,97,3350,241.706268656716,0,0,513.103582089552,1209.96208955224,14.7477611940299
133,99,14156,166.921729302063,0,0,449.946383159084,1221.87835546765,58.8729160779881
133,180,6304,163.032519035533,0,0,784.545209390863,1074.70050761421,52.1330901015228
133,181,11219,163.922809519565,0,0,737.487833140209,1428.52375434531,38.6290221944915
133,182,8198,183.65491583313,0,0,685.578311783362,1451.51963893633,39.0942912905587
134,1,9223,267.180960641874,0,0,479.642090426109,1112.51425783368,19.9090317684051
134,2,6791,134.343101163304,0,0,542.645265792961,1438.85171550582,27.9686349580327
134,4,12264,152.303571428571,0,0,934.786692759296,1306.225456621,31.1627527723418
134,5,15004,177.774526792855,0,0,636.64089576113,1010.90489202879,25.7625966408958
134,6,7872,197.996824186992,0,0,460.270198170732,985.729293699187,39.7562245934959
134,7,12901,135.75498023409,0,0,652.04255484071,1453.49453530734,44.2616076273157
134,8,8874,245.434865900383,0,0,602.159567275186,1117.67455487942,23.0365111561866
134,9,15733,178.891819741944,0,0,658.456111358292,1299.98124960275,15.1435199898303
134,10,8098,218.629044208447,0,0,655.848481106446,1202.82390713756,18.6425043220548
134,11,11062,227.060748508407,0,0,438.734044476587,1073.65919363587,23.6537696619056
134,12,11046,186.292323012855,0,0,671.297392721347,963.093789607098,39.0740539561832
134,13,7480,174.182085561497,0,0,531.005080213904,977.369251336898,29.7110962566845
134,14,11121,149.579174534664,0,0,773.784821508857,1378.77223271289,36.9738332883733
134,15,17857,161.272386179089,0,0,711.272722181777,1242.81743853951,17.5324522596181
134,16,7673,219.132021373648,0,0,611.708458230158,1237.9727616317,14.6511142968852
134,17,12362,160.061964083482,0,0,486.359488755865,992.350347840155,49.9335059051933
134,18,8626,175.930326918618,0,0,594.265128680733,948.266635752376,42.4421516345931
134,19,7894,183.652774258931,0,0,486.059538890296,1031.69027109197,28.4646567012921
134,20,11005,221.213721035893,0,0,489.141026805997,1168.67960018174,15.9734666060881
134,21,7823,251.769653585581,0,0,699.293749201074,1068.23686565256,23.758021219481
134,22,11293,199.744266359692,0,0,620.441866643053,1163.81873727088,14.2435136810414
134,23,7592,192.720890410959,0,0,624.141991570074,1069.4064805058,20.3366701791359
134,24,6016,201.493517287234,0,0,629.846575797872,966.482878989362,33.0044880319149
134,25,10943,241.013067714521,0,0,789.697432148405,1196.10243991593,24.3207529927808
134,26,6227,193.50152561426,0,0,604.048819656335,1054.61795407098,26.1471013329051
134,27,14083,164.781225591138,0,0,558.836185471846,1174.33884825676,16.4885322729532
134,28,13541,135.302784137065,0,0,474.45380695665,1403.79979322059,51.224577209955
134,29,8521,194.468841685248,0,0,517.803426827837,1223.46449947189,13.6502757892266
134,30,10377,189.837139828467,0,0,387.728823359352,1065.97157174521,31.8638334778838
134,31,14345,170.115440920181,0,0,723.630951551063,1134.58703380969,59.3588009759498
134,32,13592,172.672601530312,0,0,819.93128310771,1114.13015008829,43.6670100058858
134,33,7213,194.263136004436,0,0,732.024954942465,1132.81131290725,23.5169832247331
134,34,7035,292.887562189055,0,0,575.76986496091,1069.07007818053,17.7455579246624
134,35,6076,207.055299539171,0,0,660.465766951942,1101.67741935484,24.6400592495063
134,36,16137,156.667224391151,0,0,604.26039536469,1383.83503749148,57.9859949185103
134,38,10924,201.919351885756,0,0,363.159373855731,1316.31371292567,31.2813987550348
134,39,6166,193.615958481998,0,0,560.636555303276,1022.00924424262,27.058709049627
134,40,17194,171.130510643248,0,0,648.546702338025,1033.95300686286,57.5268698383157
134,41,10512,172.921803652968,0,0,693.148306697108,1183.54575722983,16.3829908675799
134,42,19930,167.157852483693,0,0,588.544254892122,1228.76979427998,65.3255393878575
134,43,11477,165.758996253376,0,0,777.928814150039,1083.81946501699,28.2092010107171
134,44,7812,184.36866359447,0,0,694.369815668203,1132.86085509473,19.6299283154122
134,45,11509,162.593796159527,0,0,530.348336084803,1042.93578938222,58.354418281345
134,46,18506,148.854803847401,0,0,764.271209337512,1297.52296552469,55.4632551604885
134,47,6217,198.696155702107,0,0,645.896573910246,1010.91153289368,31.1470162457777
134,48,7724,172.124029000518,0,0,544.897203521491,1121.2771879855,21.8623770067323
134,49,16462,222.688373223181,0,0,403.833070100838,1183.45626290852,56.5995018831248
134,50,16837,147.087129536141,0,0,514.309793906278,1317.31917800083,15.2694660568985
134,51,5517,156.3699474352,0,0,661.15769439913,1159.83197389886,21.5412361790828
134,52,13564,203.14597463875,0,0,370.583013860218,1210.93232084931,52.458714243586
134,53,10507,201.909013038926,0,0,354.96887789093,1262.56124488436,28.1773103645189
134,183,5442,163.308893789048,0,0,605.40407938258,1128.8210216832,16.8506063947078
134,184,6413,173.678309683455,0,0,700.360361765164,1079.67441135194,19.0098237954156
134,185,7195,212.229047949965,0,0,551.00722724114,1063.076580959,21.3997220291869
134,186,12563,189.674838812386,0,0,523.191275969116,1047.88107936003,24.7350155217703
134,187,9403,188.053280867808,0,0,711.868233542486,1004.05923641391,30.7595448261193
134,188,6692,434.674387328153,0,0,726.875523012552,976.72145845786,35.3774656306037
134,196,8515,140.846271285966,0,0,516.188021139166,1447.03793305931,31.8811509101585
134,197,8360,156.136961722488,0,0,765.250598086124,1376.48959330144,31.7988038277512
135,1,10822,200.453705414896,0,0,578.416374052855,956.325355756792,40.2103123267418
135,2,11474,195.598483527976,0,0,461.639707164023,1046.72093428621,25.7450758236012
135,3,11683,199.666524009244,0,0,658.545835829838,1227.10408285543,13.7908071556963
135,4,8045,240.990304536979,0,0,691.642759477937,1177.60795525171,17.0316967060286
135,5,7223,211.18136508376,0,0,583.233144122941,1055.43056901564,27.0455489408833
135,6,13999,159.956711193657,0,0,717.946353310951,1099.02478748482,23.6826201871562
135,7,8638,207.265918036583,0,0,743.852396388053,1151.6677471637,19.8541329011345
135,8,13169,201.976459867872,0,0,522.390766193333,1073.16569215582,19.9142683575063
135,9,10959,168.079751802172,0,0,491.635550688931,985.008759923351,32.7095537914043
135,10,16831,153.731685580179,0,0,629.175093577328,1314.81789554988,14.6085794070465
135,11,6963,205.568433146632,0,0,556.991670257073,1112.87088898463,21.618555220451
135,12,15565,171.796787664632,0,0,690.162736909733,983.029938965628,37.0102152264696
135,13,12193,158.744607561716,0,0,542.001230214057,1461.48232592471,39.0578200606906
135,14,9622,162.822074412804,0,0,657.808563708169,1139.30191228435,21.530035335689
135,15,7610,264.617345597897,0,0,626.05085413929,1098.50591327201,24.5452036793693
135,16,14246,193.195002105854,0,0,805.654990874631,1351.19795030184,33.7739716411624
135,17,7678,198.964834592342,0,0,600.247069549362,1063.65108101068,20.6794738213076
135,18,8409,278.685099298371,0,0,547.267213699608,1020.177904626,26.0746818884528
135,19,11227,194.47136367685,0,0,760.967400017814,1016.78061815267,37.9251803687539
135,20,13257,152.889718639209,0,0,606.029569284152,1465.06373991099,38.3487214301878
135,21,7969,262.018070021333,0,0,636.041284979295,1092.2189735224,16.387878027356
135,22,8087,209.894893038209,0,0,747.961295907011,1052.17559045381,30.6165450723383
135,23,8674,172.630043809085,0,0,587.875259395896,1210.61286603643,15.6974867419875
135,24,7178,192.175257731959,0,0,619.562412928392,1004.82251323488,28.1847311228755
135,25,12006,182.799516908213,0,0,602.268865567216,1165.65234049642,16.2824421122772
135,26,14130,165.859943382873,0,0,666.985916489738,989.163765038924,31.3773531493277
135,27,5908,480.22105619499,0,0,406.968517264726,1061.59851049425,25.9463439404198
135,28,13619,163.951905426243,0,0,338.285997503488,1262.02063293928,38.075335927748
135,29,8073,183.771460423634,0,0,785.41384863124,1117.75572897312,25.055493620711
135,30,8556,210.021739130435,0,0,685.624941561477,1039.83952781674,31.1377980364656
135,31,11948,135.620187479076,0,0,693.020170739873,1389.53448275862,54.8152828925343
135,32,11488,170.947423398329,0,0,506.636403203343,1301.71143802228,16.0199338440111
135,33,10718,186.619798469864,0,0,707.353237544318,1034.68044411271,24.7683336443366
135,34,11274,196.987670746851,0,0,403.133226893738,1123.13100940216,24.3795458577257
135,35,7820,191.885294117647,0,0,580.624040920716,999.839002557545,32.4777493606138
135,36,9767,159.791133408416,0,0,390.964267431146,1355.68864543872,33.6950957305211
135,37,12633,174.817620517692,0,0,404.78904456582,1043.55711232486,44.7945064513576
135,38,6435,220.25034965035,0,0,455.821600621601,1128.5365967366,19.2742812742813
135,39,6360,233.504559748428,0,0,477.972955974843,1093.88742138365,22.4042452830189
135,41,7069,178.58169472344,0,0,407.604045833923,1200.00763898713,20.7759230442778
135,42,5855,206.477028181042,0,0,549.626473099915,1141.66473099915,18.0093936806149
135,43,14940,145.86639892905,0,0,699.535609103079,1202.85100401606,63.1492637215529
135,44,16020,166.022034956305,0,0,450.579775280899,1368.1570536829,53.1466916354557
135,45,13864,146.985934795153,0,0,566.549336410848,906.521638776688,58.947345643393
135,46,10179,147.880636604775,0,0,677.323607427056,1038.1396011396,56.4749975439631
135,47,12698,188.782091667979,0,0,789.736730193731,1334.97724051032,27.3498976216727
135,48,16685,153.459874138448,0,0,357.576985316152,1216.35774647887,49.4681450404555
135,49,8327,176.669028461631,0,0,529.086105440134,1176.24042272127,14.1836195508587
135,50,10355,150.726605504587,0,0,628.7763399324,1054.41892805408,59.3303718010623
135,51,6033,188.575667163932,0,0,581.264047737444,993.078070611636,24.6280457483839
135,52,11036,166.562613265676,0,0,829.977256252265,1124.97961217833,32.424882203697
135,53,13240,143.732628398792,0,0,427.318429003021,1339.18451661631,24.2496223564955
135,54,12395,154.915853166599,0,0,586.635982250908,1326.00709963695,62.7064945542557
135,55,6051,155.257808626673,0,0,670.597752437614,1067.94976037019,22.7550818046604
135,57,17582,156.837390513025,0,0,480.070981685815,1171.32846092595,62.1134114435218
135,102,7459,204.256200563078,0,0,632.656656388256,1132.97466148277,17.3635876122805
135,104,4657,154.309856130556,0,0,644.128194116384,1039.3268198411,29.3592441485935
135,198,7376,193.785249457701,0,0,832.118899132321,1187.76559110629,49.923535791757
135,199,6967,205.440218171379,0,0,831.851011913306,1240.31936270992,50.2684082101335
136,1,8812,235.332841579664,0,0,630.58125283704,1104.47980027236,15.9517703132093
136,2,11369,216.612191045826,0,0,613.578590905093,953.824522825226,39.3815639018383
136,3,17010,191.586596119929,0,0,766.464021164021,1385.48924162258,30.5144620811287
136,4,8470,237.330578512397,0,0,661.128335301063,1195.29208972845,15.647225501771
136,5,8483,224.916303194625,0,0,754.748673818225,1092.19910409053,27.5232818578333
136,6,10683,170.282972947674,0,0,468.880745109052,1026.59627445474,27.1071796311897
136,7,8172,273.626651982379,0,0,628.9453010279,1102.33247674988,23.7965002447381
136,8,14588,165.948930627913,0,0,707.347957225116,1126.83692075679,21.98094324102
136,9,8408,189.124881065652,0,0,599.856803044719,1072.40520932445,20.2112274024738
136,10,16145,193.277051718798,0,0,713.64125116135,995.562774852896,34.4911117993187
136,11,13005,189.663590926567,0,0,332.449058054594,1216.76831987697,41.5269511726259
136,12,12040,154.888122923588,0,0,524.259468438538,971.202657807309,33.1325581395349
136,13,10032,219.648325358852,0,0,724.833433014354,1183.75707735247,17.6870015948963
136,14,13788,155.445677400638,0,0,651.431317087322,896.390774586597,55.3707571801567
136,15,13555,161.288085577278,0,0,568.855403909996,1466.73021025452,39.4509774990778
136,16,6081,389.566847557967,0,0,413.640355204736,1037.81746423286,27.7553034040454
136,17,13178,182.420094096221,0,0,685.764607679466,1007.05114584914,29.6098801032023
136,18,7121,187.926274399663,0,0,449.773908158966,1113.64892571268,20.9347001825586
136,19,8683,194.070943222389,0,0,596.513647356904,1050.93043878844,26.0681792007371
136,20,12711,152.960742663834,0,0,476.042482888836,1290.67052159547,16.8583903705452
136,21,7573,255.060742110128,0,0,549.712927505612,1015.53703948237,25.9228839297504
136,22,7821,242.566168009206,0,0,706.776754890679,1059.95051783659,29.1306738268764
136,23,9414,167.22339069471,0,0,643.556936477587,1156.19513490546,20.5975143403442
136,24,11085,196.439693279206,0,0,743.193865584123,1371.59693279206,24.6939106901218
136,25,11292,181.333421891605,0,0,616.101044987602,1241.8572440666,13.1107863974495
136,26,10947,155.858500045675,0,0,511.505069882159,1452.03690508815,41.4656983648488
136,27,7699,197.223275750097,0,0,779.424990258475,1150.48928432264,22.5587738667359
136,28,7278,157.495603187689,0,0,547.767930750206,1212.14509480627,16.1350645781808
136,29,10347,167.911858509713,0,0,835.806320672659,1273.81540543153,48.3448342514739
136,30,8487,159.670083657358,0,0,499.972899728997,1175.95770001178,15.2129138682691
136,31,7429,217.216718266254,0,0,531.074168797954,1064.46587696864,20.8477587831471
136,32,7724,204.203133091662,0,0,597.835577421025,1004.87389953392,31.3160279647851
136,33,10658,207.551416776131,0,0,780.969131169075,1039.91170951398,34.8222931131544
136,34,13493,159.023567775884,0,0,573.861409619803,1168.54354109538,16.1244348921663
136,35,17876,150.255929738196,0,0,512.967945849183,1143.213526516,63.7491049451779
136,36,11608,158.216660923501,0,0,439.249569262578,1014.82089937974,47.0185217091661
136,37,13122,138.153482700808,0,0,684.272595640908,1399.880810852,54.456332876086
136,38,6588,173.794778384942,0,0,520.028233151184,1142.31268973892,18.1273527625987
136,39,9807,156.875497093913,0,0,364.725604160294,1326.90037728153,37.2287141837463
136,40,6680,176.644610778443,0,0,559.379640718563,1117.89431137725,22.7082335329341
136,41,10621,194.699934092835,0,0,398.072403728462,1096.81781376518,26.4127671594012
136,42,10774,197.551884165584,0,0,722.910061258586,1056.50594022647,23.2355671059959
136,43,6760,190.658136094675,0,0,399.847485207101,1171.62795857988,22.2158284023669
136,44,10778,156.060029690109,0,0,718.016236778623,1045.21952124698,54.9672480979774
136,45,7438,187.472438827642,0,0,475.545038988976,1075.64883033073,23.3117773595052
136,46,18704,136.794642857143,0,0,577.780581693755,1329.73112703165,15.3380560307956
136,47,15123,150.805395754811,0,0,595.365073067513,1312.57977914435,63.6751305957813
136,49,14309,158.005800545111,0,0,723.617164022643,1212.86120623384,62.4183381088825
136,50,6237,162.103575436909,0,0,681.423761423761,1085.29805996473,21.4712201378868
136,51,6298,203.314067958082,0,0,637.76055890759,1007.28104160051,27.2983486821213
136,52,6186,188.659392175881,0,0,598.068380213385,997.663756870352,24.1241513094083
136,53,16909,167.171092317701,0,0,374.650836832456,1172.07179608493,52.636110946833
136,54,10373,154.048491275427,0,0,668.300298852791,1051.11905909573,58.6994119348308
136,55,12476,141.784786790638,0,0,394.915036870792,1316.55105803142,26.4297050336646
136,56,16323,152.984622924707,0,0,446.864975801017,1341.59762298597,56.1674937205171
136,57,6286,161.731466751511,0,0,659.279191854916,1054.73926185173,27.5084314349348
136,59,9121,173.92292511786,0,0,826.648393816468,1145.21752000877,29.2117092424076
136,189,7236,189.331260364842,0,0,623.259812050857,1146.20757324489,16.0355168601437
136,200,7574,171.723923950356,0,0,842.509770266702,1217.40335357803,48.465275944019
137,2,12538,137.200590205774,0,0,643.376535332589,1452.69811772212,46.1702823416813
137,4,8509,228.404160300858,0,0,598.214361264543,1115.67023151957,22.7186508402868
137,5,10611,173.591367448874,0,0,441.926491376873,984.832061068702,38.1231740646499
137,6,12245,188.722335647203,0,0,673.648754593712,955.948632094732,38.3658636178032
137,7,8958,240.715561509265,0,0,477.695021210092,1094.04844831436,20.5080375083724
137,8,10259,214.853689443416,0,0,438.715566819378,1053.09864509211,25.1457257042597
137,9,8234,236.342725285402,0,0,709.617925674034,1064.02246781637,24.6322564974496
137,10,13208,160.701014536644,0,0,691.963355542096,1190.87166868565,17.8279073288916
137,11,9794,243.995507453543,0,0,795.158260159281,1197.65325709618,25.5380845415561
137,12,11435,210.519982509838,0,0,481.592391779624,1153.25334499344,16.7231307389593
137,13,14582,172.260046632835,0,0,658.288506377726,1300.70806473735,15.773693594843
137,14,17718,154.092674116717,0,0,718.195958911841,1243.30088046055,18.6477029010046
137,15,7852,211.080489047376,0,0,650.178298522669,1031.41416199694,26.0827814569536
137,16,8187,180.4259191401,0,0,722.647367778185,1132.10944179797,23.7670697447172
137,17,9369,155.99455651617,0,0,536.459921016117,1103.63272494396,22.8421389689401
137,18,12702,152.857266572193,0,0,475.357030388915,978.585183435679,49.3279798456936
137,19,7141,178.030948046492,0,0,692.861223918219,1139.75969752136,18.8253745973953
137,20,14242,152.3499508496,0,0,762.453939053504,1378.29665777278,34.2617609886252
137,21,14897,154.058803785997,0,0,598.914479425388,1372.6400617574,59.7190038262737
137,22,13164,168.072166514737,0,0,824.481996353692,1122.47158918262,43.7135369188696
137,23,7316,171.673865500273,0,0,571.752460360853,997.430699835976,28.6961454346638
137,24,11577,160.132331346636,0,0,527.6732314071,1027.72963634793,58.787596095707
137,25,7875,175.37219047619,0,0,591.070476190476,940.346793650794,39.4850793650794
137,26,13147,155.570928728988,0,0,548.857457975203,1162.97429071271,17.755685707766
137,27,6592,181.35755461165,0,0,613.992870145631,1068.23361650485,20.7134405339806
137,28,8758,185.695364238411,0,0,588.137588490523,1231.66339346883,15.9836720712491
137,29,8770,229.678335233751,0,0,567.783010262258,1067.57502850627,17.4647662485747
137,30,8419,183.711723482599,0,0,516.082788929802,1222.78465375935,14.4368689868155
137,31,7462,168.141919056553,0,0,529.567274189225,971.385151433932,29.9364781559904
137,32,7965,199.44670433145,0,0,634.919522912743,1210.32793471438,18.2729441305713
137,33,15696,154.918004587156,0,0,535.984518348624,1296.33862130479,14.7813455657492
137,34,8038,178.346479223687,0,0,626.54528489674,964.407688479721,32.4952724558348
137,35,7397,169.253886710829,0,0,593.128971204542,1052.05340002704,27.101662836285
137,36,12970,148.476946800308,0,0,896.728912875867,1309.63562066307,29.2909020817271
137,37,7234,182.456732098424,0,0,662.944014376555,1097.90282001659,22.4647497926458
137,38,11028,180.395629307218,0,0,379.385654697135,1052.52584330794,33.6350199492202
137,39,7039,145.291376615997,0,0,643.976417104702,1161.63560164796,19.8677368944452
137,40,10435,198.570292285577,0,0,344.681935793004,1297.36981312889,32.8002874940105
137,41,7166,181.723416131733,0,0,664.274211554563,990.869662294167,30.2280212112755
137,42,11755,169.201020842195,0,0,729.996937473416,1123.85095703956,59.4792003402807
137,43,13193,133.276661866141,0,0,462.184340180399,1390.93708784962,53.2682483134996
137,44,11389,136.745280533848,0,0,499.583633330407,1448.21819299324,34.7407147247344
137,45,22853,160.740252920842,0,0,582.501815954142,1217.36428477662,66.3795125366473
137,46,18538,161.931060524328,0,0,656.162962563383,1024.2588736649,57.5819397993311
137,47,8359,176.870558679268,0,0,611.08469912669,1180.09726043785,13.9836104797225
137,48,10827,161.55130691789,0,0,776.103906899418,1085.09282349681,27.5405929620393
137,49,9872,132.833873581848,0,0,550.200769854133,1451.77937601297,32.1071717990276
137,50,8700,216.277701149425,0,0,336.507356321839,1238.9991954023,30.2927586206897
137,51,19009,148.919564416855,0,0,761.32889683834,1292.22210531853,56.3102740806986
137,52,7348,193.593086554164,0,0,529.564779531845,1058.95005443658,20.4390310288514
137,53,14317,199.129775791018,0,0,361.917091569463,1206.23671160159,53.4578473143815
137,55,6478,166.178295770299,0,0,693.660697746218,1083.62395801173,18.8459401049707
137,56,11211,234.028900187316,0,0,402.154669521006,1175.10132905182,58.1198822584961
137,64,5750,150.678434782609,0,0,597.882608695652,1139.03669565217,16.7165217391304
137,66,10716,186.225830533781,0,0,725.120940649496,1008.73684210526,31.1243934303845
137,67,6913,419.240995226385,0,0,730.748444958773,974.751193403732,35.1510198177347
137,190,12219,167.865291758736,0,0,526.323921761192,1028.09436124069,25.3223668057943
137,191,7577,169.474990101623,0,0,495.353570014518,1015.07021248515,29.3716510492279
137,201,7214,144.680759634045,0,0,788.149154421957,1362.17729415026,38.4341558081508
138,1,18362,175.191155647533,0,0,625.056584250082,955.445267400065,38.0239625313147
138,2,10757,220.028539555638,0,0,519.156177372873,965.872826996374,38.3174676954541
138,3,14958,162.877924856264,0,0,856.826848509159,1296.98194945848,39.6987565182511
138,4,11833,159.669568156849,0,0,692.283867151187,1453.72331614975,41.0856925547198
138,5,11292,195.658607863974,0,0,727.35485299327,1218.37725823592,16.1594934466879
138,6,8813,189.279246567571,0,0,612.34868943606,997.49642573471,27.7092930897538
138,7,8714,173.973835207712,0,0,611.90578379619,1136.42345650677,21.2051870553133
138,8,8485,200.828285209193,0,0,587.81178550383,1042.49958750737,24.5035945786682
138,9,8508,223.863657733897,0,0,739.529736718383,1159.81194170193,19.2630465444288
138,10,9970,177.803309929789,0,0,715.317251755266,1000.45085255767,28.5574724172518
138,11,10881,163.578439481665,0,0,483.077014980241,1011.00275709953,28.720062494256
138,12,11426,186.211272536321,0,0,708.152021704884,968.889812707859,41.7959915981096
138,13,7797,272.397075798384,0,0,526.421059381814,1044.25304604335,23.6211363344876
138,14,18575,143.790524899058,0,0,476.903580080754,1399.81744279946,51.6336473755047
138,15,13025,166.932053742802,0,0,646.917773512476,978.250364683301,32.2714011516315
138,16,13729,152.486488455095,0,0,730.214290917037,1075.52028552699,26.9987617452109
138,17,15154,148.094034578329,0,0,641.619968325195,1323.4269499802,15.3524481984954
138,18,7879,207.029826120066,0,0,686.490036806701,1011.77865211321,34.890341413885
138,19,13089,144.585147834059,0,0,472.30697532279,1414.8807395523,30.8303919321568
138,20,9870,196.58399189463,0,0,781.839918946302,1116.70506585613,23.5514690982776
138,21,7769,174.488608572532,0,0,521.719655039259,1165.58939374437,15.7446260780023
138,22,9007,235.637948262463,0,0,644.417897191074,1086.54868435661,26.0367491950705
138,23,8127,176.86575612157,0,0,797.960748123539,1059.88445921004,30.2310815799188
138,24,11595,159.520741699008,0,0,629.926261319534,1469.6730487279,41.2187149633463
138,25,8195,159.246613788896,0,0,652.691275167785,1221.81549725442,15.6445393532642
138,26,8495,192.882283696292,0,0,737.96762801648,1027.9808122425,33.1184226015303
138,27,10181,152.797760534329,0,0,687.590217071015,1130.00088399961,22.7273352322955
138,28,7942,244.868421052632,0,0,685.725006295643,1073.10022664316,18.6470662301687
138,29,15446,168.801437265311,0,0,853.521300012948,1288.98297293798,33.2313220251198
138,30,8232,193.263605442177,0,0,564.408770651118,1012.68391642371,30.0043731778426
138,31,10131,168.862994768532,0,0,474.25821735268,1090.62254466489,21.2637449412694
138,32,9444,179.19557390936,0,0,655.436891147819,1169.12875900042,16.0471198644642
138,33,13114,152.586396217783,0,0,368.530425499466,1101.29922220528,38.4559249656855
138,34,8246,147.069488236721,0,0,649.239267523648,1034.65474169294,29.8519282076158
138,35,11888,150.235279273217,0,0,800.906123822342,1033.69540713324,37.1912012113055
138,36,6374,184.042673360527,0,0,586.30577345466,1009.30106683401,22.303890806401
138,37,8660,162.905542725173,0,0,504.945727482679,1245.35080831409,15.0391454965358
138,38,17652,141.473374121913,0,0,358.1186267845,1280.71368683435,43.5321210061183
138,39,13343,145.102150940568,0,0,468.41265082815,915.282170426441,51.8611256838792
138,40,16410,155.655453991469,0,0,623.884887263863,1176.02169408897,65.9784277879342
138,41,7439,185.309719048259,0,0,520.292109154456,1120.53327060089,18.3829815835462
138,42,7821,185.913821761923,0,0,713.009589566552,1120.23309039765,17.7730469249457
138,43,12252,152.990858635325,0,0,381.854962455109,1324.09949396017,31.8827130264447
138,44,7599,179.443347808922,0,0,588.548888011581,1169.16370575076,15.4815107250954
138,45,10173,160.467905239359,0,0,579.572102624595,1013.66794455913,57.0367639830925
138,46,11688,135.931724845996,0,0,693.197039698836,1356.03396646133,59.1596509240246
138,47,8022,150.094614809275,0,0,691.924457741212,1042.05447519322,25.3087758663675
138,48,13208,168.73690187765,0,0,550.169669897032,1317.88938522108,63.0357359176257
138,49,16802,136.996726580169,0,0,550.474050708249,1389.53749553625,20.8499583382931
138,50,16231,149.247612593186,0,0,735.333805680488,1320.3645493192,18.5334853058961
138,51,7315,256.468489405332,0,0,570.402460697198,1089.95023923445,19.4963773069036
138,52,9677,164.154903379146,0,0,524.005993593056,1038.13919603183,58.0680996176501
138,53,11354,171.737097058305,0,0,452.257970759204,1179.64012682755,18.1667253831249
138,55,6647,165.201745148187,0,0,608.837821573642,1201.91214081541,12.6554836768467
138,56,9449,151.797015557202,0,0,778.801460472008,1131.48565985819,58.1741983278654
138,57,6582,189.605287146764,0,0,635.532360984503,1071.32391370404,20.2254633849894
138,106,15264,154.672431865828,0,0,419.410639412998,1197.91804245283,58.1217243186583
138,192,8958,154.227617771824,0,0,797.594998883679,1187.02154498772,58.3229515516856
138,207,5343,416.627175743964,0,0,435.166198764739,1119.76960509077,20.0907729739847
139,1,13969,137.719307037011,0,0,636.489727253204,1464.88760827547,43.9117331233445
139,2,11561,155.441051812127,0,0,441.21295735663,985.335265115474,39.1456621399533
139,3,10274,233.49124002336,0,0,727.281973914736,1039.14823827136,29.1006423982869
139,4,11705,187.837334472448,0,0,466.338316958565,1025.5180692012,25.8915847928236
139,5,12505,169.809996001599,0,0,709.417832866853,1171.30635745702,19.3486605357857
139,6,9597,233.250390747108,0,0,629.378659997916,1104.53537563822,24.5803897051162
139,7,16755,174.109698597434,0,0,709.09400179051,1059.13017009848,23.5501044464339
139,8,9794,180.445885235859,0,0,717.641515213396,1113.19624259751,21.2019603839085
139,9,11797,184.509621090108,0,0,674.787318809867,954.66652538781,42.740018648809
139,10,12802,189.551320106233,0,0,687.741602874551,1277.90040618653,15.9746133416654
139,12,8296,203.749276759884,0,0,660.535679845709,1210.99445515911,18.6650192864031
139,13,9263,183.38205764871,0,0,635.004858037353,1048.1178883731,22.833423296988
139,14,7793,209.256512254587,0,0,600.064673424868,1045.80674964712,19.1310150134736
139,15,11319,210.30612244898,0,0,749.045763760049,1219.79167771004,20.3087728597933
139,16,11436,189.544770898916,0,0,512.817681007345,1119.68791535502,16.5468695348024
139,17,8117,175.347418997166,0,0,607.630405322163,1043.66687199704,29.4927929037822
139,18,7848,176.679918450561,0,0,595.164373088685,986.22629969419,32.4388379204893
139,19,9598,149.43613252761,0,0,569.526880600125,1081.5729318608,24.1687851635757
139,20,14908,144.010464180306,0,0,770.939361416689,1377.2141132278,33.77944727663
139,21,8684,181.813680331644,0,0,688.980999539383,998.826001842469,33.31989866421
139,22,9346,181.267173122191,0,0,639.576503316927,954.806227263,36.3681789000642
139,23,14733,144.335098079142,0,0,589.862417701758,1137.34962329464,19.248421909998
139,24,9855,221.798985286657,0,0,812.064941653983,1187.82201927955,27.942262810756
139,25,8142,190.389584868583,0,0,590.670842544829,941.701547531319,42.5289855072464
139,26,8527,160.905242171924,0,0,555.860208748681,954.506977835112,31.8481294710918
139,27,7934,216.377489286615,0,0,503.823292160323,1067.71061255357,21.5224350894883
139,28,8132,149.28848991638,0,0,668.396458435809,1145.36325627152,21.7131087063453
139,29,8114,153.894873058911,0,0,507.059033768795,993.65393147646,31.2939364062115
139,30,14171,130.065485851387,0,0,554.649566015101,1446.10055747654,28.6779338084821
139,31,7677,191.005861664713,0,0,613.114237332291,1203.26924579914,15.8658330076853
139,32,4468,236.0393912265,0,0,659.379140555058,1071.68128916741,28.9485228290063
139,33,11621,155.729455296446,0,0,792.436709405387,1075.3037604337,31.2252818173995
139,34,11276,166.984480312167,0,0,385.803653777935,1042.57325292657,33.9269244412912
139,35,11002,161.479185602618,0,0,509.337484093801,1062.00318123977,61.0825304490093
139,36,12162,130.577536589377,0,0,502.721345173491,1444.58477224141,31.0864989310969
139,37,15691,174.977184373208,0,0,632.259957937671,1053.28621502772,61.2458096998279
139,38,16008,156.60219890055,0,0,577.398988005997,1402.6328085957,57.4535857071464
139,39,10998,163.735497363157,0,0,647.319512638662,1156.15184579014,14.7442262229496
139,40,10461,187.134690756142,0,0,345.732625943982,1277.58407418029,28.6988815600803
139,41,8148,173.695508100147,0,0,552.084683357879,1193.05903289151,12.9548355424644
139,42,8135,174.498340503995,0,0,737.39409956976,1118.80971112477,26.3213275968039
139,43,12668,156.247473950111,0,0,821.76491948216,1128.54333754342,47.508525418377
139,44,9958,142.10875677847,0,0,790.784294034947,1367.59489857401,38.814018879293
139,45,15932,162.4143861411,0,0,704.190748179764,1163.33241275421,62.622834546824
139,46,12549,130.514463303849,0,0,448.488803888756,1411.15578930592,49.0322734879273
139,47,8428,166.867702895112,0,0,545.029781680114,1046.66789273849,19.9746084480304
139,48,8049,184.359547769909,0,0,556.739843458815,1015.28127717729,27.1264753385514
139,49,4556,226.034899034241,0,0,650.337137840211,969.928884986831,29.608867427568
139,50,12656,149.381874209861,0,0,455.853034134008,996.333912768647,51.0546776232617
139,51,22554,160.448922585794,0,0,556.862773787355,1258.24811563359,66.3109426265851
139,52,14421,147.831218362111,0,0,583.36627140975,1263.12807710977,13.0684418556272
139,53,14733,183.802280594584,0,0,377.24041267902,1211.85318672368,56.321726735899
139,54,12195,142.841082410824,0,0,896.025420254203,1298.53562935629,31.6141041410414
139,56,15018,170.388999866826,0,0,346.153549074444,1227.16320415501,51.4819549873485
139,57,13118,140.041164811709,0,0,744.555191340143,1318.75362097881,56.6946943131575
139,58,5858,146.381529532264,0,0,636.46671218846,1109.62803004438,17.4793444861728
139,59,10493,212.737253407033,0,0,347.960449823692,1214.37872867626,26.8612408272181
139,193,10123,171.315914254668,0,0,740.698508347328,1000.88916329151,35.7786229378643
139,194,5445,398.435629017447,0,0,738.124334251607,970.899724517906,40.3518824609734
140,1,11351,205.912694916747,0,0,522.967403752973,958.614395207471,38.85314069245
140,2,11100,178.533153153153,0,0,840.278648648649,1309.23576576577,32.1154954954955
140,3,10793,163.717502084685,0,0,483.119892522932,1004.37237098119,29.0048179375521
140,4,8212,164.704943984413,0,0,588.116780321481,1129.49817340477,21.0708718947881
140,5,12460,147.110192616372,0,0,679.471027287319,1460.77921348315,41.9810593900482
140,6,8335,200.179124175165,0,0,720.250629874025,1162.15728854229,18.7208158368326
140,7,9758,180.39106374257,0,0,455.673396187743,1083.12789506046,22.4864726378356
140,8,15383,142.592017161802,0,0,699.792043164532,1080.52447506988,26.1969056750959
140,9,24106,141.206960922592,0,0,464.020949141293,1392.88434414669,52.4213058989463
140,10,7715,167.963707064161,0,0,563.703823720026,1171.39701879456,16.8771224886585
140,11,12571,154.274918463129,0,0,656.71688807573,1000.87550711956,31.6529313499324
140,12,10157,180.012405237767,0,0,567.298316432017,1022.85576449739,29.565915132421
140,13,16999,141.901935407965,0,0,619.385669745279,1328.67903994353,14.9894699688217
140,14,11538,186.204714855261,0,0,704.453631478592,1223.22109551049,14.7029814525914
140,15,8023,227.493830238066,0,0,671.723170883709,1082.00673064938,17.7166895176368
140,16,8880,221.301576576577,0,0,627.160135135135,1085.65968468468,25.6268018018018
140,17,10605,146.659688826025,0,0,662.399339933993,1134.34464875059,21.6914662894861
140,18,8079,141.363658868672,0,0,647.015719767298,1039.41873994306,28.1519990097784
140,19,14035,153.074884218026,0,0,487.267260420378,919.981118631991,52.470965443534
140,20,12043,148.206593041601,0,0,796.007473220958,1036.42207091256,35.9661213983227
140,21,9026,257.354088189674,0,0,515.305450919566,1039.8032350986,23.4769554619987
140,22,12550,145.045577689243,0,0,451.31187250996,1417.38725099602,32.3170517928287
140,23,12129,153.479924148734,0,0,615.265809217578,1474.03372083436,41.6504246021931
140,24,9175,176.496675749319,0,0,588.780599455041,1013.07389645777,22.2152588555858
140,25,8008,171.550574425574,0,0,485.226898101898,1240.36825674326,15.1848151848152
140,26,11023,173.535335208201,0,0,715.849859384922,973.011884242039,41.1084096888324
140,27,7078,182.320005651314,0,0,569.652726758971,1040.40830743148,24.2949985871715
140,28,7696,172.75090956341,0,0,791.634875259875,1061.32952182952,29.5600311850312
140,29,17289,138.975996298224,0,0,348.325293539245,1267.56186014229,45.3993290531552
140,30,10658,183.201163445299,0,0,769.908331769563,1120.62657158942,22.0809720397823
140,31,15811,133.302637404339,0,0,531.820567959016,1403.72348365062,21.7429005123016
140,32,9001,180.377846905899,0,0,740.654593934007,1036.98122430841,31.9413398511277
140,33,10129,152.79405666897,0,0,619.712508638563,1226.12350676276,14.4110968506269
140,34,11416,160.239050455501,0,0,718.903293622985,1012.85432725999,27.3671163279608
140,35,9149,175.412941305061,0,0,602.770029511422,999.168324407039,26.8701497431413
140,36,7186,174.210826607292,0,0,702.94544948511,1125.2137489563,17.4066239910938
140,37,8703,181.082730093071,0,0,694.693553946915,1014.56670113754,35.3310352751925
140,38,7524,188.829744816587,0,0,504.941919191919,1168.15231259968,15.3245614035088
140,39,12453,150.81723279531,0,0,368.974383682647,1081.56026660243,39.585481410102
140,40,9785,204.004292284108,0,0,624.949003576903,961.487583035258,35.495758814512
140,41,4877,210.543571867952,0,0,547.022759893377,1096.70719704737,23.1742874718064
140,42,16860,150.93084223013,0,0,632.722597864769,1173.67924080664,66.126393831554
140,43,14841,141.234148642275,0,0,709.920827437504,1335.91873862947,17.8275722660198
140,44,13016,153.280347264905,0,0,367.784496004917,1323.31415181315,33.410110633067
140,45,7719,141.929783650732,0,0,677.769141080451,1045.21725612126,23.1760590750097
140,46,7908,162.91110268083,0,0,590.056904400607,1194.40541224077,12.4615579160344
140,47,10506,152.819436512469,0,0,592.711117456691,1005.27974490767,56.8122025509233
140,48,8735,190.063194046938,0,0,505.408929593589,1097.2677733257,19.6969662278191
140,49,6263,356.912342327958,0,0,414.824045984353,1115.96471339614,20.7427750279419
140,50,11715,168.003841229193,0,0,432.65693555271,1177.07434912505,18.7922321809646
140,51,10054,158.627014123732,0,0,540.340660433658,1031.46290033817,58.5388899940322
140,52,7568,177.383720930233,0,0,615.494846723044,1082.17494714588,18.8082716701903
140,53,10625,132.949552941176,0,0,695.923764705882,1361.1408,58.9348705882353
140,54,15331,158.557106516209,0,0,553.93151131694,1323.40864914226,63.5781097123475
140,55,4443,208.907269862705,0,0,529.496736439343,1102.3031735314,16.3718208417736
140,56,2151,196.536959553696,0,0,588.687122268712,1132.65411436541,15.1264528126453
140,57,11302,146.68589630154,0,0,800.5898955937,1202.28870996284,57.2464165634401
140,107,13997,155.608701864685,0,0,422.831106665714,1187.18589697792,59.2172608416089
140,109,2007,239.048829098156,0,0,678.173393124066,1196.04185351271,16.5640259093174
140,195,7088,149.457816027088,0,0,793.218538374718,1144.15547404063,57.4549943566591
140,202,12029,166.230110566132,0,0,850.930501288553,1318.5621414914,37.0896167594979
141,1,15016,174.89810868407,0,0,700.886987213639,1081.39424613745,20.8768646776771
141,2,12338,163.096612092722,0,0,683.995947479332,1190.10593289026,18.8351434592316
141,3,12011,179.119224044626,0,0,660.205395054533,941.540254766464,38.8196653068021
141,4,12675,136.162130177515,0,0,665.680867850099,1450.36599605523,47.5678106508876
141,5,8539,170.348050122965,0,0,581.267712846938,1000.19709567865,29.6928211734395
141,7,8849,230.925076279806,0,0,738.909142275963,1213.49711831845,19.7462990168381
141,8,9349,168.649481227939,0,0,612.803401433308,1056.26558990266,26.8347416836025
141,9,8871,183.869349566002,0,0,619.901589448766,957.297486190959,32.0405816706121
141,10,9295,234.526734803658,0,0,627.458526089295,1116.67756858526,23.2566971490048
141,11,14494,144.429005105561,0,0,590.084103767076,1158.86718642197,19.0794811646198
141,12,8524,189.414594087283,0,0,576.01067573909,933.762552792116,38.5703894885031
141,13,15420,172.905966277562,0,0,694.557717250324,1307.47068741894,17.6430609597925
141,14,9495,208.065297525013,0,0,811.529963138494,1189.84591890469,27.3456556082149
141,15,11088,153.599386724387,0,0,425.078823953824,996.017676767677,36.3163780663781
141,16,15032,160.297299095263,0,0,597.321713677488,1370.72186003193,60.9699308142629
141,17,10847,177.760671153314,0,0,514.030330967088,1149.28984972804,15.5829261546972
141,18,8549,166.715054392327,0,0,534.725581939408,978.130190665575,27.4729208094514
141,19,12440,135.972588424437,0,0,518.147427652733,1461.04911575563,36.266961414791
141,20,10013,153.277239588535,0,0,557.644861679816,1087.49565564766,23.871167482273
141,21,8843,220.588261902069,0,0,732.219947981454,1048.87504240642,26.2916431075427
141,22,9774,197.304583589114,0,0,665.725393902189,1246.72048291385,18.6256394516063
141,23,12654,146.484273747432,0,0,828.058242452979,1102.2392919235,45.3046467520152
141,24,10688,180.29313248503,0,0,448.531624251497,1050.13398203593,24.0550149700599
141,25,8115,159.279852125693,0,0,506.367221195317,1013.34134319162,28.9836105976587
141,26,7943,214.548659196777,0,0,587.803348860632,1074.64283016493,17.1877124512149
141,27,11698,134.262181569499,0,0,569.612754316977,1461.51692597025,33.2201230979655
141,28,13333,140.39263481587,0,0,787.381309532738,1366.74529363234,35.996849921248
141,29,9108,194.432476943347,0,0,503.551822573562,1096.92457180501,20.1766578831796
141,30,10571,152.912969444707,0,0,787.05940781383,1074.82650647999,28.6156465802668
141,31,17319,143.10843582193,0,0,592.607252150817,1293.96454760667,14.5226629713032
141,32,8007,176.92531534907,0,0,683.783064818284,1010.26988884726,28.8960909204446
141,33,10500,179.637428571429,0,0,346.700095238095,1297.68542857143,31.5314285714286
141,34,16539,167.247233810992,0,0,625.176189612431,1014.60058044622,59.4447669145656
141,35,9974,191.1442751153,0,0,344.024162823341,1243.76077802286,28.263084018448
141,36,12850,167.993151750973,0,0,502.199844357977,1034.93579766537,60.0646692607004
141,37,25234,168.381627962273,0,0,577.4086549893,1222.18633589601,67.3347071411588
141,39,12366,149.369966035905,0,0,438.980268478085,990.791606016497,49.184133915575
141,40,12451,133.433941048912,0,0,468.927636334431,1401.14095253393,53.2341177415469
141,41,9159,178.541434654438,0,0,610.566000655093,1230.15274593296,15.8992248062016
141,42,4951,200.314279943446,0,0,667.369420319127,1051.60452433852,27.0993738638659
141,43,13808,156.508618192352,0,0,715.531286210892,1120.58683371958,61.9957995365006
141,44,5938,192.429100707309,0,0,651.74082182553,987.384641293365,26.7815762883126
141,45,10109,160.35008408349,0,0,367.719754674053,1067.65792857849,32.8583440498566
141,46,10780,162.856957328386,0,0,626.077643784787,1184.35769944341,13.8702226345083
141,47,9610,159.810197710718,0,0,556.313007284079,1232.52049947971,13.1585848074922
141,48,17482,157.616805857453,0,0,355.033577393891,1232.6339663654,53.6209815810548
141,49,19376,144.606317093311,0,0,765.609723369116,1275.22125309661,58.5434042113955
141,50,6625,182.492679245283,0,0,626.407245283019,1052.3960754717,21.3331320754717
141,51,4158,198.10582010582,0,0,600.188071188071,1007.80904280904,23.5262145262145
141,52,6183,146.9121785541,0,0,620.843603428756,1125.01310043668,16.3600194080543
141,53,12668,138.414982633407,0,0,906.227265550995,1283.62614461636,32.8910640985159
141,54,7141,148.040050413107,0,0,661.691359753536,1149.83713765579,20.2795126732951
141,55,4478,170.56565430996,0,0,497.469852612774,1049.64761054042,24.199196069674
141,56,7980,163.307518796992,0,0,537.161278195489,1073.55839598997,18.480701754386
141,110,9674,172.633967335125,0,0,731.385362828199,997.467025015505,32.4612363034939
141,111,6450,391.397984496124,0,0,724.008992248062,959.542945736434,36.1255813953488
141,112,6243,203.389556303059,0,0,390.389075764857,1196.54541086016,58.0259490629505
141,203,5207,131.259266372191,0,0,805.733819857884,1352.4219320146,40.4344152102938
141,208,7725,179.06783171521,0,0,713.893980582524,1125.89993527508,20.3159870550162
141,209,6637,180.890311887901,0,0,721.930088895585,1125.81392195269,24.9010094922405
142,1,15358,150.788579242089,0,0,580.278486782133,1471.72541997656,44.8535616616747
142,2,12179,149.909270055013,0,0,777.570243862386,1409.03087281386,38.5810000821085
142,3,18482,202.80884103452,0,0,863.332052808138,1132.3197705876,42.7511091873174
142,4,8673,197.059379684077,0,0,627.299896229678,993.940620315923,24.6877666320766
142,5,10142,204.505422993492,0,0,392.322027213567,1049.9036679156,39.9310786827056
142,6,12267,187.354772968126,0,0,529.780467922067,969.288334556126,49.3833048015
142,7,12518,151.095702188848,0,0,600.523645949832,946.006071257389,34.9646908451829
142,8,12973,143.582980035458,0,0,630.975872966931,947.527017652047,46.5635550759269
142,9,11995,165.816423509796,0,0,705.734139224677,983.979741558983,31.8013338891205
142,10,9501,174.945584675297,0,0,743.923902747079,1080.86222502894,21.2540785180507
142,11,12566,138.690752825084,0,0,645.045758395671,1426.52650007958,24.1197676269298
142,12,16304,137.602980863592,0,0,619.127514720314,1007.42511040236,32.6388002944063
142,13,7722,181.039238539239,0,0,491.408443408443,1105.62470862471,21.1070966070966
142,14,8767,236.900536101289,0,0,453.361126953348,1069.24010493898,25.3185810425459
142,15,8888,177.561768676868,0,0,698.236611161116,1032.39693969397,26.5969846984698
142,16,7952,185.896881287726,0,0,549.214914486922,1144.08589034205,14.4769869215292
142,17,12209,174.846015234663,0,0,501.175444344336,997.995249406176,30.3110819886969
142,18,20648,140.311168151879,0,0,515.867299496319,1411.46595311895,23.3615846571096
142,19,8872,172.396302975654,0,0,614.016568981064,967.264878268711,39.8298016230839
142,20,16951,136.139165830924,0,0,435.952097221403,1411.73824553124,35.5131260692584
142,21,10837,168.992894712559,0,0,492.783334871274,1047.19747162499,32.0592414874965
142,22,10907,176.497570367654,0,0,555.236270285138,988.695516640689,42.1945539561749
142,23,8123,221.594238581805,0,0,565.10550289302,1045.42225778653,29.3836021174443
142,24,8170,155.340269277846,0,0,666.776621787026,1118.63659730722,18.6390452876377
142,25,10511,155.696223004472,0,0,405.603938730853,1073.90676434212,29.1477499762154
142,26,12416,140.37862435567,0,0,813.463514819588,1365.71391752577,41.171150128866
142,27,9898,153.305516265912,0,0,665.901293190544,944.406647807638,40.4682764194787
142,28,11929,164.321150138318,0,0,443.060021795624,1131.01173610529,19.6665269511275
142,29,11200,143.441071428571,0,0,640.439553571429,1063.19473214286,25.6946428571429
142,30,8367,161.251583602247,0,0,575.524799808773,1086.25576670252,24.1801123461217
142,31,9913,145.112680318773,0,0,665.834459800262,1109.27953192777,64.8874205588621
142,32,5320,203.028571428571,0,0,499.74492481203,983.243984962406,45.8610902255639
142,33,12177,139.06512277244,0,0,313.114970846678,1096.66543483617,49.7730968218773
142,34,14374,149.571309308474,0,0,531.015861973007,977.182064839293,37.7291637679143
142,35,13635,156.774404107077,0,0,585.94132746608,1403.43314998166,58.5480014668133
142,36,8122,168.691455306575,0,0,581.762866289091,1032.82738241812,22.9639251415907
142,37,8175,182.269480122324,0,0,582.733944954128,1213.44721712538,12.1662385321101
142,38,7955,179.448020113136,0,0,495.916027655563,1032.51464487744,26.624512884978
142,39,7055,167.578029766123,0,0,587.580864635011,1121.07356484763,18.5268603827073
142,40,6603,186.48508253824,0,0,513.14402544298,1077.19263970922,24.4301075268817
142,41,11845,145.640607851414,0,0,348.431067961165,1241.52984381596,33.1546644153651
142,42,11508,145.700643030935,0,0,708.815258950295,1152.62582551269,64.678745220716
142,43,7994,159.269827370528,0,0,662.420940705529,1032.38829121841,23.0243932949712
142,44,6217,183.764677497185,0,0,528.952710310439,1084.08927135274,17.5829178060158
142,45,5411,162.804472371096,0,0,691.799482535576,1076.95361301053,20.8721123637036
142,46,17026,138.484905438741,0,0,415.457653001292,1362.20086925878,51.0476330318337
142,47,7976,163.38816449348,0,0,636.291875626881,1099.18279839519,15.5771063189569
142,48,7718,329.641746566468,0,0,439.849313293599,1170.35462555066,16.5352422907489
142,49,18597,138.579932247137,0,0,547.342904769587,1252.66419314943,66.956874764747
142,50,9463,152.018493078305,0,0,746.133150163796,1198.70749233858,16.8581845080841
142,51,11569,179.598236666955,0,0,501.247644567378,1201.87665312473,14.2107355864811
142,52,5060,178.292885375494,0,0,587.093675889328,1065.48616600791,18.3737154150198
142,53,6330,212.702369668246,0,0,467.121327014218,995.495734597156,35.5538704581359
142,54,6348,138.920132325142,0,0,590.351921865154,979.34404536862,29.2416509136736
142,55,10032,153.186004784689,0,0,429.433612440191,1108.87818979266,57.9386961722488
142,56,14356,136.160977988298,0,0,712.096893285038,1336.96224575091,17.8174282529953
142,57,9127,131.236441327928,0,0,731.392133231073,1336.69529966035,59.0391147145831
142,58,15357,147.414664322459,0,0,811.863970827636,1171.63957804259,23.5220420655076
142,113,7784,141.889902363823,0,0,554.496402877698,1006.34134121274,32.6256423432682
142,204,7332,152.833742498636,0,0,406.860883797054,1162.42689579924,57.1609383524277
143,1,10242,164.919546963484,0,0,709.412809998047,1121.00126928334,24.3496387424331
143,2,8600,234.461744186047,0,0,628.767674418605,1100.64395348837,23.5848837209302
143,3,8692,216.180855959503,0,0,731.638057984353,1046.82006442706,26.5063276576162
143,4,9292,163.345673697805,0,0,615.156263452432,1051.99300473526,26.7902496771416
143,5,12657,133.788496484159,0,0,662.395670380027,1454.37449632614,47.7168365331437
143,6,8714,180.727909111774,0,0,570.059903603397,931.128069772779,39.2341060362635
143,7,12904,157.103378797272,0,0,677.704355238686,1187.99690018599,17.703890266584
143,8,12104,175.651602775942,0,0,658.895819563781,939.961087243886,39.0916226040978
143,9,9427,173.689721014108,0,0,616.337010713907,950.274000212157,32.7581415084332
143,10,15414,171.385039574413,0,0,696.358894511483,1308.6041909952,17.6239133255482
143,11,8945,160.646618222471,0,0,511.0296254891,1008.08641699273,28.9792062604807
143,12,10811,173.373693460364,0,0,506.125242808251,1148.16917953936,15.7311997040052
143,13,8768,193.774064781022,0,0,605.459283759124,1213.28330291971,15.2106523722628
143,14,11041,150.157050991758,0,0,413.723666334571,999.629562539625,36.4825649850557
143,15,7922,165.954809391568,0,0,538.744635193133,978.163342590255,26.8476394849785
143,16,16491,164.160269237766,0,0,622.504275059123,1022.0063064702,60.6170032138742
143,17,9739,160.462675839409,0,0,592.814560016429,994.435773693398,30.3058835609405
143,18,14263,157.306667601486,0,0,598.105938442123,1373.43132580803,61.2824791418355
143,19,15809,145.908406603833,0,0,605.728698842432,1284.49054336138,14.0576254032513
143,20,11555,133.267589787971,0,0,570.143141497187,1465.54236261359,33.2487234963219
143,21,12737,134.321661301719,0,0,516.186857187721,1464.00211980843,36.0270079296538
143,22,12916,143.344843604831,0,0,824.453623412821,1097.66754413131,46.4195571384329
143,23,12736,134.845241834171,0,0,466.756045854271,1406.45061243719,53.1376413316583
143,24,26923,163.739404969728,0,0,573.330720944917,1225.03101437433,67.8140251829291
143,25,13106,162.877918510606,0,0,490.831527544636,1041.35304440714,60.8416755684419
143,26,7875,172.184634920635,0,0,684.031746031746,1011.2386031746,29.6782222222222
143,27,9852,188.753958587089,0,0,660.001522533496,1231.73589118961,18.4551360129923
143,28,12915,167.826093689508,0,0,703.745954316686,1076.49864498645,20.8280294231514
143,29,6144,157.336751302083,0,0,486.209309895833,1040.88883463542,24.8486328125
143,30,9267,168.710370130571,0,0,611.132189489587,1046.54699471242,21.3237293622532
143,31,10123,191.726760841648,0,0,805.804208238664,1191.89617702262,26.6029833053443
143,32,6218,163.805886137022,0,0,584.718237375362,1138.50032164683,19.690414924413
143,33,5976,180.294176706827,0,0,673.072456492637,1045.71787148594,26.7069946452477
143,34,7557,175.639274844515,0,0,714.734550747651,1265.26677252878,19.1926690485642
143,35,7587,207.415579280348,0,0,568.764465533149,1066.16449189403,17.2645314353499
143,37,9453,158.481011319158,0,0,528.653760710885,1050.60615677563,21.2709192848831
143,38,10839,146.851923609189,0,0,785.890857090138,1079.10296152782,28.2413506781068
143,39,10453,174.308810867693,0,0,439.766382856596,1049.5815555343,24.3573136898498
143,40,6625,169.590037735849,0,0,746.476377358491,1162.90173584906,20.2718490566038
143,41,11085,161.667298150654,0,0,614.147406405052,1157.57474064051,13.9844835363103
143,42,10421,149.721140005758,0,0,552.780635255734,1078.92447941656,24.3037136551195
143,43,8421,185.785536159601,0,0,506.553497209358,1102.14535090844,19.7573922337015
143,44,10654,171.335085413929,0,0,346.655434578562,1304.84794443402,31.2553970339779
143,45,8148,171.028105056456,0,0,700.932007854688,1128.8881934217,19.4018163966618
143,46,6441,145.40412979351,0,0,661.511411271542,1136.74693370595,20.4351808725353
143,47,13699,137.657858237828,0,0,785.606905613548,1370.05423753559,35.6498284546317
143,48,7113,175.247996625896,0,0,647.769436243498,986.814424293547,26.2377337269788
143,49,9905,158.210499747602,0,0,360.715497223624,1074.9624432105,32.2987380111055
143,50,6598,170.519399818127,0,0,593.782812973628,1001.41861170052,24.947256744468
143,51,14529,149.230986303256,0,0,719.590956018997,1119.21309105926,62.2716635694129
143,52,10711,159.265988236393,0,0,569.247876015311,1230.44888432453,13.1414433759686
143,53,13040,147.862039877301,0,0,430.217944785276,997.922392638037,50.7995398773006
143,54,6465,146.084609435421,0,0,612.311059551431,1103.89853054911,16.8843000773395
143,55,10543,177.26719150147,0,0,340.01270985488,1248.14075690031,28.1831546998008
143,56,19307,139.80307660434,0,0,767.795100222717,1275.84031698348,58.6901641891542
143,57,18925,152.753236459709,0,0,349.98034346103,1232.59117569353,53.9941347424042
143,58,10843,138.573549755603,0,0,902.366780411325,1277.85022595223,33.5280826339574
143,114,9436,163.156104281475,0,0,728.390419669351,991.261233573548,33.2425816023739
143,115,5956,368.721961047683,0,0,722.285426460712,955.716252518469,36.7333781061115
143,116,6207,187.654583534719,0,0,382.881907523764,1200.89350733043,58.05477686483
143,205,4655,130.754672395274,0,0,810.563265306123,1345.14715359828,39.465306122449
144,1,19121,176.537105799906,0,0,837.855394592333,1335.34517023168,34.8275717797186
144,2,10636,151.0291462956,0,0,499.348157201956,980.295505829259,30.8394133132757
144,3,9824,165.81575732899,0,0,718.165513029316,1017.41571661238,33.2782980456026
144,4,12367,140.849842322309,0,0,656.318508935069,1471.81434462683,41.7371229885987
144,5,11183,151.253241527318,0,0,655.898685504784,1154.14700885272,16.0786908700706
144,6,9283,156.448346439729,0,0,595.943337283206,1020.02499192072,29.2888074975762
144,7,9439,172.775823710139,0,0,749.202140057209,1058.60949253099,27.6195571564784
144,8,11617,146.54007058621,0,0,593.542308685547,1204.45080485495,14.9220969269174
144,9,10331,172.753750846965,0,0,762.991481947536,1133.66547284871,20.618526764108
144,10,8436,153.024774774775,0,0,565.803224276909,1108.64260312945,21.9257942152679
144,11,11532,170.634582032605,0,0,568.964620187305,942.97528616025,40.1181061394381
144,12,12347,147.280958937394,0,0,594.143111687049,1478.33546610513,42.8626386976593
144,13,11729,169.465086537642,0,0,680.635177764515,1237.7385966408,13.6950294142723
144,14,9897,154.063857734667,0,0,595.473274729716,998.433565726988,23.2099626149338
144,15,8615,175.794196169472,0,0,715.696691816599,1150.46581543819,18.6155542658154
144,16,8937,185.648092200962,0,0,668.677520420723,1102.01163701466,16.0792212151729
144,17,11394,161.826312094085,0,0,745.375285237844,979.632789187292,41.7284535720555
144,18,11325,166.227373068433,0,0,797.364150110375,1051.47602649007,30.6168653421634
144,19,8826,203.50203942896,0,0,617.106163607523,1075.45558576932,24.072513029685
144,20,8874,161.261663286004,0,0,633.241942754113,961.658553076403,32.4450078882128
144,21,5670,161.997001763668,0,0,569.725749559083,1010.32134038801,26.5747795414462
144,22,13977,140.450812048365,0,0,698.044501681334,998.752450454318,29.4096730342706
144,23,7363,170.411517044683,0,0,533.535922857531,1079.81162569605,17.2765177237539
144,24,7749,231.808749516067,0,0,525.865918182991,1018.0027100271,25.3393986320816
144,25,12655,140.695614381667,0,0,425.924930857369,1411.20758593441,34.7610430659818
144,26,15336,144.305620761607,0,0,521.373435054773,923.038862806468,54.2689749608764
144,27,9056,152.419390459364,0,0,635.02871024735,990.069898409894,27.5586351590106
144,28,7372,164.097395550733,0,0,694.357297883885,967.573521432447,38.8486163863266
144,29,17706,137.245001694341,0,0,344.140573816785,1230.74754320569,48.9326781881848
144,30,7930,135.014249684741,0,0,651.238461538462,1030.46279949559,26.8996216897856
144,31,6920,435.733959537572,0,0,408.711271676301,1089.99031791908,22.6375722543353
144,32,20241,143.721357640433,0,0,563.078701645176,1316.35042735043,65.7534212736525
144,33,8509,173.045833823011,0,0,458.249030438359,1226.24726759901,16.5448348807145
144,34,8181,171.857719105244,0,0,498.992176995477,1071.98533186652,22.3846718005134
144,35,9344,138.279109589041,0,0,634.831121575342,1149.51969178082,20.7866010273973
144,36,9138,171.254760341431,0,0,449.122236813307,1058.67027796017,24.356752024513
144,37,8080,179.305940594059,0,0,484.479579207921,1157.11522277228,16.3938118811881
144,38,12563,156.381039560615,0,0,380.432142004298,1051.90758576773,42.7779192867946
144,39,15973,132.213798284605,0,0,489.658674012396,1402.67044387404,24.1538220747511
144,40,12320,177.102678571429,0,0,824.445698051948,1324.25925324675,28.9047077922078
144,41,13306,149.445287840072,0,0,344.36359537051,1297.1502329776,36.3521719525026
144,42,16275,139.532964669739,0,0,593.540768049155,1329.51741935484,14.5243625192012
144,43,6724,158.226055919096,0,0,577.611838191553,1127.41017251636,15.7904521118382
144,44,16413,141.151343447267,0,0,662.135075854506,1182.45744227137,66.9815999512581
144,45,6416,173.81421446384,0,0,552.083541147132,1060.42752493766,23.5696695760599
144,46,11214,146.832530765115,0,0,724.82254324951,1046.66559657571,22.8371678259319
144,47,14575,136.310874785592,0,0,690.245077186964,1345.62675814751,17.676295025729
144,48,7209,157.218199472881,0,0,530.942155638785,1148.78804272437,17.5587460119295
144,49,7051,150.253722876188,0,0,656.267621613955,1199.00425471564,14.7603176854347
144,50,11498,130.928683249261,0,0,700.355540093929,1376.55792311706,58.7110801878588
144,51,11186,139.145896656535,0,0,634.947344895405,1011.49865903808,58.6184516359735
144,52,8187,158.053010870893,0,0,609.065591791865,1087.70379870526,18.103945279101
144,53,8564,135.581503970107,0,0,665.848201774872,1056.72933208781,20.7470808033629
144,54,6449,155.025895487672,0,0,679.881842146069,1084.93161730501,25.0685377577919
144,55,13757,156.168205277313,0,0,450.878171112888,1381.19248382642,54.9094279276005
144,56,7774,150.719320812966,0,0,797.714947260098,1027.81026498585,35.8923334190893
144,57,11639,180.623163502019,0,0,419.616805567489,1148.60537846894,20.4909356473924
144,58,10657,141.771230177348,0,0,576.150605235995,1023.04560382847,60.0341559538332
144,59,10881,153.968201452072,0,0,819.618141714916,1231.35244922342,56.1799466960757
144,60,9462,148.534347917988,0,0,819.673536250264,1174.53603889241,55.6122384273938
144,61,13152,151.748099148419,0,0,439.788853406326,1160.25106447689,61.8648114355231
144,62,3993,146.146255947909,0,0,407.087152516905,1049.04232406712,22.9907337841222
144,63,9400,147.375744680851,0,0,580.279255319149,1167.92468085106,13.0331914893617
145,1,13062,135.765120195988,0,0,720.376435461645,1470.55879650896,43.2080845199816
145,2,12145,163.914944421573,0,0,804.03886372993,1007.09880609304,32.5324001646768
145,3,11833,184.560720020282,0,0,664.910504521254,930.310572128792,39.8831234682667
145,4,7404,186,0,0,654.456780118855,999.165586169638,26.8552133981632
145,5,16586,154.6588689256,0,0,589.334559266852,1416.58434824551,55.9611117810201
145,6,9122,167.150076737558,0,0,881.351348388511,1097.57783380838,29.6473361105021
145,7,12340,147.34773095624,0,0,757.785818476499,939.137844408428,39.1350081037277
145,8,14955,144.255232363758,0,0,739.370712136409,992.884252758275,28.9064526914076
145,9,7663,192.341380660316,0,0,645.113010570273,957.239984340337,33.9859063030145
145,10,8979,159.673237554293,0,0,763.905446040762,1266.89787281434,18.2090433233099
145,11,8340,223.859472422062,0,0,661.277458033573,1122.74208633094,19.4152278177458
145,12,11004,166.912304616503,0,0,884.630588876772,1048.83296982915,32.8954016721192
145,13,10534,171.668596924245,0,0,721.216347066641,981.144484526296,33.9494968672869
145,14,8437,209.435107265616,0,0,748.35486547351,1112.52660898424,24.4187507407846
145,15,9870,136.090881458967,0,0,828.509929078014,1430.8569402229,38.0845997973658
145,16,10443,201.069424494877,0,0,557.528392224457,1029.49956908934,28.3812122953174
145,17,9263,148.389506639318,0,0,751.806002375041,1171.46032602828,23.0199719313397
145,18,10860,147.947145488029,0,0,499.749539594843,1013.2788213628,48.7384898710866
145,19,9918,166.363278886872,0,0,643.644484775156,1212.23502722323,16.7240371042549
145,20,14734,145.965182570924,0,0,611.598751187729,1443.67327270259,34.4978960228044
145,21,9774,147.458563535912,0,0,773.632596685083,1333.21209330878,20.6515244526294
145,22,15134,142.084445619136,0,0,495.063102947007,1378.0572221488,39.5335007268402
145,23,8575,138.954052478134,0,0,853.741457725947,1225.64664723032,25.7443731778426
145,25,20187,138.934116015257,0,0,432.584187843662,1256.64496953485,49.2034477634121
145,26,7711,163.662170924653,0,0,686.44274413176,1181.11438205161,18.6122422513293
145,27,12776,144.849639949906,0,0,791.643941765811,1397.80416405761,59.1012836568566
145,28,9648,144.680037313433,0,0,862.031405472637,1140.1296641791,25.8931384742952
145,29,9511,165.107454526338,0,0,674.892650615077,1069.19587845652,25.4622016612344
145,30,10668,146.339238845144,0,0,720.746812898388,1050.24953130859,67.1119235095613
145,31,11181,142.962704588141,0,0,465.503175029067,1055.04793846704,47.8630712816385
145,32,7854,341.142602495544,0,0,641.569136745607,1265.76024955437,15.5417621594092
145,33,13599,167.409883079638,0,0,948.578277814545,1135.25406279874,52.6764467975586
145,34,6567,168.006091061367,0,0,709.289629968022,1142.63819095477,20.9334551545607
145,35,14344,139.196597880647,0,0,959.353457891801,1254.02000836587,38.8714445064138
145,36,17776,156.098897389739,0,0,693.766370387039,1299.82346984698,17.5361161116112
145,37,7359,148.004484304933,0,0,780.713819812475,1227.23617339312,20.6735969561082
145,38,12834,142.825853202431,0,0,690.678120617111,1006.19471715755,64.4376655758143
145,39,8139,135.739771470697,0,0,795.399680550436,1068.48200024573,24.9805872957366
145,40,7080,159.447316384181,0,0,743.031638418079,1176.36666666667,16.7594632768362
145,41,8747,171.668915056591,0,0,840.031325025723,1100.83857322511,23.1882931290728
145,42,12963,137.147265293528,0,0,910.503047134151,1312.37691892309,32.1656252410707
145,43,8438,151.760488267362,0,0,788.677174685945,1133.21972031287,21.3349134866082
145,44,8955,159.421775544389,0,0,813.278615298716,963.381909547739,36.0676716917923
145,45,14132,138.011958675347,0,0,697.48492782338,1233.66020379281,71.185324087178
145,46,7184,144.546631403118,0,0,888.62416481069,1178.39727171492,26.8900334075724
145,47,10014,134.7172957859,0,0,815.463451168364,1147.74475733972,27.7626323147593
145,48,10684,152.725196555597,0,0,596.902564582553,1114.05438038188,20.1434855859229
145,49,6839,166.057610761807,0,0,693.986547740898,1029.47974850124,24.0862699225033
145,50,9952,162.806973472669,0,0,926.615856109325,1193.26115353698,29.7513062700965
145,51,6196,150.171239509361,0,0,802.747256294383,1183.21755971595,20.4448030987734
145,52,10737,144.007450870821,0,0,428.687715376735,1038.38362671137,35.8879575300363
145,53,13495,166.40318636532,0,0,915.681808077066,1131.97132271212,57.7347906632086
145,54,10391,144.951015301703,0,0,834.054085266096,1354.90867096526,59.947165816572
145,55,9811,146.563041484049,0,0,810.193762103761,1021.20701253695,27.9724798695342
145,56,18048,157.456726507092,0,0,557.298758865248,1282.12566489362,66.004765070922
145,57,12083,149.085905818092,0,0,482.677232475379,1234.93751551767,26.9813787966565
145,58,7964,157.196132596685,0,0,716.854846810648,1067.9750125565,19.6379959819186
145,59,12607,146.442214642659,0,0,538.093598794321,1113.58578567463,65.3186325057508
145,117,6946,147.119493233516,0,0,852.061330262021,1212.13043478261,20.8279585372876
145,118,1701,172.379776601999,0,0,829.854203409759,1071.00058788948,30.3744855967078
145,119,7914,167.572024260804,0,0,670.662623199393,1084.73565832702,21.6206722264342
145,210,6066,142.204088361358,0,0,731.384602703594,1041.6876030333,26.0443455324761
145,211,1515,173.123432343234,0,0,738.792739273927,1072.27788778878,28.4283828382838
146,1,20213,147.052490971157,0,0,546.591154207688,1418.78508880423,25.1781032009103
146,2,12139,143.034599225636,0,0,849.562237416591,1012.88565779718,46.9882197874619
146,3,11818,178.583516669487,0,0,467.647909967846,981.911406329328,33.6078862751735
146,4,14434,150.433559650824,0,0,690.329291949564,1066.8010253568,23.1457669391714
146,5,10642,132.728998308589,0,0,756.538338658147,1424.7114264236,41.117271189626
146,6,14590,139.14372858122,0,0,649.538176833448,953.99389993146,48.9891706648389
146,7,11114,152.417941335253,0,0,460.475976246176,1129.58484793954,22.1476516105812
146,8,9456,153.909369712352,0,0,578.785850253807,998.261527072758,28.2523265651438
146,9,9485,174.001581444386,0,0,772.821929362151,1022.49277807064,32.4535582498682
146,10,9791,148.243488918394,0,0,678.92207128996,1014.82504340721,26.6463078337249
146,11,8380,177.250835322196,0,0,457.046420047733,1028.31276849642,27.5564439140811
146,12,14034,138.689183411714,0,0,710.44491948126,1133.26143651133,18.5286447199658
146,13,10535,168.145514950166,0,0,672.00711912672,1198.32406264832,16.5041290934979
146,14,12389,170.012107514731,0,0,604.068770683671,1231.48696424247,13.8292840422956
146,15,6823,176.741462699692,0,0,798.051590209585,1130.95647076066,25.10479261322
146,16,12224,154.50752617801,0,0,561.999018324607,958.303746727749,31.345222513089
146,17,12039,139.132818340394,0,0,674.938782290888,968.339563086635,31.1111387989036
146,18,9276,165.280185424752,0,0,746.003234152652,1158.38249245364,21.8689090125054
146,19,8892,188.984705353126,0,0,562.673976608187,1118.08142150247,15.2016419253261
146,20,17369,144.301686913467,0,0,653.710749035638,1307.24451609189,64.8866946859347
146,21,11071,129.916448378647,0,0,630.482341251919,1427.76090687381,54.3366452894951
146,22,11418,141.726221755123,0,0,375.179541075495,1201.14424592748,26.6327728148537
146,23,10165,187.272602065912,0,0,819.329463846532,1189.57796360059,25.6134776192818
146,24,8322,162.036409516943,0,0,540.555635664504,1009.17856284547,23.5058880076905
146,25,7863,375.769807961338,0,0,520.244308787994,940.805799313239,33.9638814701768
146,26,6465,195.441144624903,0,0,401.283681361176,1049.42861562258,31.9186388244393
146,27,18150,150.694269972452,0,0,447.972837465565,1403.87134986226,47.9310192837466
146,28,7464,200.173365487674,0,0,602.712754555198,1083.28135048232,22.7362004287245
146,29,10627,145.707819704526,0,0,859.558106709325,1166.02239578432,45.7388726827891
146,30,7733,197.718479244795,0,0,633.132290184922,1000.32393637657,26.7499030130609
146,31,8228,176.814535731648,0,0,555.967428293632,1195.35294117647,14.7815994166262
146,32,9610,140.363371488033,0,0,550.949531737773,1138.23142559834,22.4969823100937
146,33,8555,153.328345996493,0,0,485.564348334307,1062.93150204559,25.9338398597312
146,34,13239,128.829669914646,0,0,798.502454868192,1304.24699750736,56.3245713422464
146,35,11351,147.525504360849,0,0,333.552550436085,1202.65906087569,41.0739141925822
146,36,11237,150.234404200409,0,0,768.273916525763,1223.29723235739,19.8534306309513
146,37,8624,150.284090909091,0,0,551.740723562152,1069.27400278293,25.3945964749536
146,38,7500,137.451733333333,0,0,617.839066666667,1123.772,17.2249333333333
146,39,7133,167.654002523482,0,0,753.071078087761,1070.06210570587,23.5606336744708
146,40,16289,136.886794769476,0,0,406.263490699245,1293.18834796488,23.4513475351464
146,41,8183,161.3821336918,0,0,722.474886960772,1222.99169008921,15.9132347549798
146,42,6431,163.31970144612,0,0,597.125796921163,1035.40615767377,25.4691338827554
146,43,11557,167.250064895734,0,0,458.837847192178,1208.51181102362,17.2734273600415
146,44,9593,154.983008443657,0,0,555.529135828208,1073.96163869488,19.7855728135099
146,45,13266,143.765189205488,0,0,707.069048695914,1111.90554801749,63.3744911804613
146,46,11802,134.156498898492,0,0,798.516353160481,1387.6688696831,39.0620233858668
146,47,5749,147.024526004523,0,0,603.64793877196,1170.79352930945,17.8658897199513
146,48,12273,154.76810885684,0,0,434.088486922513,1368.4593823841,51.8635215513729
146,49,13615,156.376643408006,0,0,368.378185824458,1189.8147631289,53.3325743665075
146,50,7802,150.384132273776,0,0,643.975519097667,1029.96949500128,19.9052806972571
146,51,13949,146.708151121944,0,0,552.310559896767,1047.8326761775,61.793533586637
146,52,11052,138.369163952226,0,0,838.547955121245,1130.95412595005,49.6693811074919
146,53,9214,150.553831126547,0,0,652.333188626004,1160.29183850662,14.7695897547211
146,54,6982,154.105843597823,0,0,486.749785161845,1165.04812374678,17.6415067315955
146,55,18231,171.569798694531,0,0,503.883714552136,1242.710657671,65.3404091931326
146,56,14875,175.340907563025,0,0,425.714890756303,1054.22568067227,54.8320672268908
146,57,6444,157.138888888889,0,0,462.461514587213,1093.51210428305,19.7481378026071
146,120,8350,153.559880239521,0,0,532.304910179641,1148.33053892216,17.7650299401198
146,121,5759,160.912137523876,0,0,509.588470220524,1069.14707414482,21.5658968570932
146,123,5159,134.846869548362,0,0,681.403954254701,1106.54855592169,20.8168249660787
146,124,4380,145.013698630137,0,0,641.286757990868,1098.80251141553,21.9869863013699
146,206,11280,153.299822695035,0,0,577.670567375887,1444.43945035461,28.6919326241135
147,1,16045,142.331692115924,0,0,629.810969149268,1446.04157058274,33.4726706138984
147,2,12818,135.581447963801,0,0,742.3466219379,1463.4237790607,42.9280699017007
147,3,13029,159.520838130325,0,0,798.275001918797,1004.12226571494,32.0666973674112
147,4,7374,185.495796040141,0,0,644.262408462164,995.64496880933,26.9964740981828
147,5,14972,140.135452845311,0,0,733.354194496393,995.009551162169,28.4933208656158
147,6,15619,142.237659261156,0,0,850.208976246879,1204.54920289391,22.5310199116461
147,7,16300,151.854601226994,0,0,611.86717791411,1422.55981595092,55.3178527607362
147,8,8410,205.825326991677,0,0,731.267538644471,1109.56539833532,23.5316290130797
147,9,12300,176.915528455285,0,0,647.823008130081,937.578699186992,39.8885365853659
147,10,15217,141.516330419925,0,0,507.045146875205,1389.54130249064,39.2538608135638
147,11,10823,153.414949644276,0,0,767.933382611106,1258.17952508547,17.6367920170008
147,12,10261,198.838709677419,0,0,545.730045804503,1047.68492349674,27.4252022220057
147,13,7869,184.805820307536,0,0,630.551658406405,964.640233828949,33.6697166094802
147,14,10828,166.015700036941,0,0,697.695511636498,978.81492427041,33.2164758034725
147,15,8466,142.166194188519,0,0,780.975549255847,1219.6309945665,20.7577368296716
147,16,8216,157.225778967868,0,0,674.197906523856,1176.06097857838,18.2408714703019
147,17,7762,217.859701107962,0,0,654.924117495491,1124.59340376192,20.0441896418449
147,18,10995,163.828285584357,0,0,867.826102773988,1038.15970895862,32.7238744884038
147,19,11604,133.374267493968,0,0,845.57316442606,1415.40399862117,37.4086521889004
147,20,9341,162.164971630446,0,0,874.97280805053,1085.34353923563,28.7457445669629
147,21,8706,171.406616126809,0,0,817.059499195957,1091.66873420629,22.223294279807
147,22,9659,146.379128274148,0,0,782.307692307692,1328.28170618076,19.9752562377058
147,23,9719,159.339438213808,0,0,667.290256199197,1066.73392324313,25.6511986829921
147,24,11128,143.553558590942,0,0,482.605589503954,1036.99083393242,47.8667325664989
147,25,17989,153.912613263661,0,0,696.398076602368,1297.12518761465,16.5839679804325
147,26,9400,143.875531914894,0,0,840.445531914894,1127.29829787234,25.3318085106383
147,27,14678,143.896920561384,0,0,957.341327156288,1235.72346368715,38.9993868374438
147,28,8793,146.339588308882,0,0,741.815989992039,1170.29125440691,22.5765950187649
147,29,20710,140.421632061806,0,0,440.535972959923,1278.87662964751,48.0625784645099
147,30,8284,287.768107194592,0,0,640.705939159826,1266.87469821342,15.0292129406084
147,31,8878,156.673462491552,0,0,628.303897274161,1082.02815949538,22.0683712547871
147,32,9910,149.616246215944,0,0,774.298284561049,1134.69445005045,20.7137235116044
147,33,7160,144.003770949721,0,0,873.345670391062,1160.98491620112,25.5872905027933
147,34,7750,137.30335483871,0,0,816.142838709677,1062.1855483871,29.6567741935484
147,35,11217,141.330658821432,0,0,451.742801105465,1083.72853704199,46.146384951413
147,36,14402,142.015067351757,0,0,668.499513956395,1009.05318705735,62.8784196639356
147,37,11561,155.224115560938,0,0,645.643542946112,1216.49692933137,16.0507741544849
147,38,9527,158.855673349428,0,0,774.901123123754,955.65645008922,35.4170252965257
147,39,11209,144.325631189223,0,0,802.924703363369,1379.38049781426,58.471317691141
147,40,7301,155.88261881934,0,0,736.414463772086,1180.06670319134,16.1546363511848
147,41,11569,149.114098020572,0,0,724.89385426571,942.322413346011,38.5395453366756
147,42,15178,165.718539992094,0,0,928.801884306233,1105.89689023587,52.3994597443668
147,43,9649,142.876049331537,0,0,800.38045393305,1017.75914602549,27.1914187998756
147,44,14164,137.458274498729,0,0,696.189282688506,1234.36373905676,70.0475854278452
147,45,8587,154.4227320368,0,0,706.720507744265,1074.22673809247,18.8095959007802
147,46,8004,136.960894552724,0,0,721.478510744628,1038.77836081959,26.984007996002
147,47,10558,159.902633074446,0,0,917.769748058344,1174.2796931237,29.0124076529646
147,48,8017,156.80329300237,0,0,680.645752775352,1031.96669577149,23.5942372458526
147,49,10532,150.728921382453,0,0,585.678123813141,1123.52373718192,19.9124572730725
147,50,13668,139.39764413228,0,0,910.937810945274,1291.13740122915,30.2788264559555
147,51,10054,144.121941515815,0,0,701.745076586433,1051.88452357271,66.0651481997215
147,52,18202,143.0295022525,0,0,562.617404680804,1297.35182946929,64.8226568508955
147,53,5376,169.724330357143,0,0,700.158854166667,1142.37834821429,20.0366443452381
147,54,7231,134.476420965288,0,0,785.343382658,1060.32236205227,25.5044945374084
147,55,7001,146.5579202971,0,0,810.540208541637,1178.23982288245,18.4875017854592
147,56,11166,141.691115887516,0,0,417.502059824467,1084.76258284077,34.9611320078811
147,57,10739,161.10373405345,0,0,896.98119005494,1106.93193034733,57.3190241177018
147,58,9454,134.323143642902,0,0,796.862386291517,1142.26687116564,26.8297017135604
147,59,10341,139.467266221835,0,0,837.735422106179,1333.69306643458,59.5006285659027
147,60,13058,146.966840251187,0,0,483.952596109665,1249.33443100015,26.4051922193291
147,61,12917,146.555082449485,0,0,523.559262986762,1135.23720678176,63.6734535882945
147,125,5254,148.589074990483,0,0,738.474305291207,1075.02017510468,25.9478492577084
148,1,16876,154.280516710121,0,0,696.058070632851,1322.76641384214,17.9269376629533
148,2,12542,154.425530218466,0,0,642.422659862861,937.019693828735,37.6930314144475
148,3,7787,184.220752536278,0,0,714.507127263388,1061.92025170155,26.6652112495184
148,4,11011,151.724729815639,0,0,539.661611116157,1085.61629279811,20.8573244936881
148,5,8754,167.586246287411,0,0,544.383481836875,934.003427004798,38.5618003198538
148,6,8474,164.063370309181,0,0,729.975100306821,1256.26846825584,17.9769884352136
148,7,12530,147.556584197925,0,0,609.882362330407,1032.85969672785,22.9337589784517
148,8,10019,155.307515720132,0,0,580.153408523805,953.741491166783,32.1540073859667
148,9,8788,169.679676832044,0,0,671.838074647246,1230.08215748748,16.6819526627219
148,10,8131,185.170089779855,0,0,657.757348419629,1071.70446439552,22.9316197269709
148,12,10625,156.848,0,0,411.477741176471,1010.13364705882,33.8136470588235
148,13,8582,186.381845723608,0,0,589.464460498718,1069.91598694943,17.7190631554416
148,14,10072,172.912529785544,0,0,585.482327243844,1201.41789118348,15.0227362986497
148,15,9086,167.647479639005,0,0,599.958287475237,1246.58870790227,12.7486242570988
148,16,8405,148.584533016062,0,0,636.078048780488,982.188816180845,25.8249851279001
148,17,10440,142.847605363985,0,0,699.240325670498,1135.2382183908,22.7724137931034
148,18,10019,138.191835512526,0,0,573.508733406528,1072.20021958279,25.1198722427388
148,19,12009,129.781913564826,0,0,518.434923807145,1466.89607794154,36.5265217753352
148,20,12988,132.247690175547,0,0,467.206960271019,1408.33238373884,52.9984601170311
148,21,8004,140.889055472264,0,0,625.495502248876,1031.10444777611,28.2327586206897
148,22,13861,129.159800880167,0,0,816.934131736527,1336.32292042421,41.1632638337782
148,23,8616,146.410863509749,0,0,567.064182915506,995.456128133705,29.3048978644383
148,24,10876,139.655847738139,0,0,779.271974990805,1069.97112909158,28.1874770136079
148,26,10949,128.856790574482,0,0,673.771668645538,1444.74737418942,49.8883916339392
148,27,7189,138.785366532202,0,0,595.180831826401,1112.49074975657,17.6266518291835
148,28,9786,171.520437359493,0,0,809.824238708359,1182.75240138974,26.8287349274474
148,29,13849,139.958841793631,0,0,815.906202613907,1076.59628854069,45.8403494837172
148,30,14941,148.649287196305,0,0,592.90074292216,1361.29783816344,62.5878455257346
148,31,13187,162.433684689467,0,0,364.868734359597,1327.46007431561,29.627891104876
148,32,11535,151.763589076723,0,0,522.925097529259,1002.71764195925,24.1407022106632
148,33,7652,164.544955567172,0,0,732.822922111866,1189.67315734449,17.5028750653424
148,34,16355,157.147538978906,0,0,606.38508101498,1007.09892999083,59.4492815652706
148,35,14063,146.588992391382,0,0,634.360378297661,1286.89532816611,14.5632510844059
148,36,10998,130.598381523913,0,0,570.71094744499,1467.79950900164,33.8203309692671
148,37,9328,181.193932246998,0,0,500.037843053173,1103.79084476844,17.3741423670669
148,38,6921,148.352261233926,0,0,507.993353561624,1025.09998555122,28.2030053460483
148,39,7965,140.134965473949,0,0,636.478844946642,1108.79974890144,21.6883866917765
148,40,11423,181.803991946074,0,0,498.802066007178,1161.97224897137,15.2855642125536
148,41,12683,153.136560750611,0,0,354.771505164393,1273.41031301742,26.3385634313648
148,42,13247,157.163508718955,0,0,467.562542462444,1058.64346644523,60.6025515210991
148,43,26360,158.035470409712,0,0,550.410584218513,1214.212784522,67.7942336874052
148,44,10498,152.384930462945,0,0,592.100685844923,1151.6404076967,13.9894265574395
148,45,11950,140.679916317992,0,0,713.739832635983,1122.84158995816,62.4835146443515
148,46,8373,146.388988415144,0,0,710.454556311955,1140.396034874,17.8693419324018
148,47,8891,143.646721403667,0,0,745.939151951412,1107.10988640198,24.2659993251603
148,48,19988,143.965729437663,0,0,348.577946768061,1250.18040824495,52.9546728036822
148,49,10219,183.177512476759,0,0,440.254134455426,1054.62227223799,23.2389666307858
148,50,6427,157.003734246149,0,0,670.119651470359,1037.22965613817,26.3454177687879
148,51,11468,149.065312173003,0,0,653.490146494594,1169.07490408092,16.8113882106732
148,52,12771,142.7681465821,0,0,888.943700571608,1243.50113538486,39.0225510923185
148,53,8007,140.071937055077,0,0,555.339827650806,1153.29611589859,17.4718371425003
148,54,9273,131.098673568424,0,0,795.118084762213,1367.68305834142,37.3156475789928
148,55,12281,148.977037700513,0,0,404.06823548571,1013.27229053009,49.2306815405912
148,56,17071,139.295237537344,0,0,768.623337824381,1264.68390838264,58.9277722453283
148,57,9161,149.562384019212,0,0,352.101298984827,1099.95262525925,31.0068769784958
148,58,11226,152.534829859255,0,0,374.515856048459,1225.35542490647,57.4849456618564
148,126,5134,135.165952473705,0,0,663.327619789638,1124.12271133619,18.9746786131671
148,127,7346,148.215627552409,0,0,693.184726381704,1062.18676830928,19.0288592431255
148,129,1921,158.123373243103,0,0,480.831337844872,1058.10098906819,22.6038521603332
148,212,7625,148.394754098361,0,0,695.911081967213,1004.1731147541,28.663868852459
148,213,10630,149.462746942615,0,0,711.579397930386,981.969896519285,32.644590780809
148,214,5096,363.486263736264,0,0,707.978021978022,950.617150706436,36.368328100471
149,1,13912,134.488786658999,0,0,745.378090856814,1463.26897642323,44.6142179413456
149,2,16287,143.333456130656,0,0,636.71154908823,1448.33351752932,34.7686498434334
149,3,12365,178.404771532552,0,0,654.711928831379,931.419167003639,39.9991912656692
149,5,9554,198.740318191333,0,0,729.31452794641,1115.18432070337,21.6175423906217
149,6,9825,173.07368956743,0,0,701.519389312977,977.096692111959,32.6401017811705
149,7,7120,186.094382022472,0,0,665.209269662921,988.64297752809,27.0044943820225
149,8,10587,318.771701142911,0,0,655.500708415982,1270.38112779824,15.5797676395579
149,9,17490,151.187535734706,0,0,606.979759862779,1418.86449399657,56.188679245283
149,10,13263,134.988690341552,0,0,794.141219935158,1149.63613058886,26.1899268642087
149,11,7421,189.970623905134,0,0,643.352513138391,960.819431343485,32.7511117100121
149,12,11943,147.725529598928,0,0,789.549945574814,1267.61592564682,19.1951770911831
149,13,8678,192.970039179534,0,0,559.288430513943,1046.7395713298,26.7689559806407
149,14,12918,159.085075089023,0,0,801.374748413067,996.135315064251,33.3450224492956
149,15,9734,159.240291760838,0,0,780.629032258065,950.898911033491,35.8889459626053
149,16,14805,139.250455927052,0,0,509.473961499493,1388.84714623438,39.48463356974
149,17,11548,158.358763422238,0,0,881.589625909248,1035.60434707309,34.2903533079321
149,18,10226,159.987287306865,0,0,655.871601799335,1219.86231175435,16.6800312927831
149,19,10436,174.300498275201,0,0,822.552893829053,1089.15666922192,23.0504982752012
149,20,8085,140.326283240569,0,0,806.580333951763,1223.26604823748,21.6930117501546
149,21,11520,138.61015625,0,0,799.653298611111,1334.50607638889,22.0983506944444
149,22,8378,204.290642158033,0,0,665.354022439723,1133.64561947959,21.1277154452137
149,23,11586,132.31270498878,0,0,853.970395304678,1414.93828758847,39.6040048334196
149,24,9979,143.67100911915,0,0,812.695761098306,1015.78434712897,28.5066639943882
149,25,19266,133.551126336551,0,0,438.075729263988,1274.83795287034,47.5959721789681
149,26,8640,157.148726851852,0,0,695.005902777778,1026.3650462963,24.2383101851852
149,27,14499,143.987654320988,0,0,662.543002965722,997.353610593834,63.053176081109
149,28,10393,139.902722986626,0,0,843.080727412682,1108.90002886558,27.8644279803714
149,29,8633,157.724197845477,0,0,683.782346808757,1072.29526236534,25.8272906289818
149,30,10889,146.720911011112,0,0,695.128937459822,1041.2748645422,66.5568004408118
149,31,16350,155.180244648318,0,0,711.049296636086,1299.06917431193,17.6574923547401
149,32,11074,146.90012642225,0,0,692.220516525194,1179.59255914755,17.7521220877732
149,33,10649,133.546530190628,0,0,448.302469715466,1083.80984129965,44.9657244811719
149,34,15850,137.027192429022,0,0,965.182018927445,1235.34731861199,41.289905362776
149,35,14657,140.558640922426,0,0,684.394214368561,1227.67667326192,70.9477382820495
149,36,12679,136.638299550438,0,0,924.659673475826,1286.89533874911,32.5590346241817
149,37,9081,142.973901552692,0,0,749.819182909371,1178.38409866755,22.3124105274749
149,38,10051,134.41558053925,0,0,739.152422644513,1055.4738831957,24.9064769674659
149,39,10744,139.801935964259,0,0,427.086653015637,1096.98510796724,33.1220215934475
149,40,6379,141.345195171657,0,0,747.618278727073,1095.05831635053,25.9996864712337
149,41,9512,147.951640033642,0,0,604.249158957107,1114.49873843566,20.0731707317073
149,42,10936,139.899871982443,0,0,834.4900329188,1326.8757315289,61.6113752743233
149,43,11706,153.466940030753,0,0,731.028446950282,937.057150179395,38.3197505552708
149,44,9247,159.302152049313,0,0,886.49929706932,1090.79312209365,29.5177895533687
149,45,8421,147.402446265289,0,0,790.7703360646,1145.02636266477,20.8679491746823
149,46,7789,135.392348183335,0,0,835.910258056233,1045.41391706252,31.6310181024522
149,47,10395,138.315824915825,0,0,478.03645983646,1035.55257335257,46.6334776334776
149,48,10221,150.995303786322,0,0,720.46463164074,1077.31484199198,19.1006750807162
149,49,8274,151.02538071066,0,0,758.016678752719,1183.5852066715,16.8226976069616
149,50,11209,145.66901596931,0,0,794.709786778482,1372.62423052904,60.8818806316353
149,51,9763,153.454266106729,0,0,639.308102017822,1077.59797193486,22.318652053672
149,52,8658,134.283321783322,0,0,802.043428043428,1062.56133056133,27.2443982443982
149,53,12783,155.374168817961,0,0,931.317139951498,1099.67347258077,53.7904247829148
149,54,12707,137.134492799244,0,0,497.030455654364,1247.41056110805,25.5513496497993
149,55,7768,164.802780638517,0,0,748.736997940268,1005.97283728115,28.5260041194645
149,56,16395,145.769136931991,0,0,553.018115279049,1294.08154925282,64.9126562976517
149,57,12342,145.943040025928,0,0,516.185788364933,1127.4469291849,63.6089774752876
149,58,13210,154.848145344436,0,0,930.758364875095,1177.97577592733,30.3593489780469
149,59,3396,175.974970553592,0,0,877.467020023557,1142.64929328622,24.8106595995289
149,130,5827,164.953492363137,0,0,709.766088896516,1151.14089582976,20.3615925862365
149,232,12997,158.896206816958,0,0,895.211048703547,1094.10340847888,59.3571593444641
149,234,6581,146.914754596566,0,0,865.169731043914,1193.55569062453,21.7076432153168
149,235,6942,140.011235955056,0,0,860.75468164794,1212.1848170556,26.4635551714203
150,1,12240,161.915277777778,0,0,644.733333333333,932.722549019608,38.2191993464052
150,2,17218,160.573179231037,0,0,697.405622023464,1320.98571262632,18.0660936229527
150,3,8941,164.281400290795,0,0,540.652723409015,929.151772732357,38.9316631249301
150,4,9971,158.113930398155,0,0,588.802828201785,946.316618192759,32.6855882057968
150,5,11966,144.78271770015,0,0,507.376399799432,1007.79525321745,27.8693799097443
150,6,9375,190.921813333333,0,0,649.81664,1072.98304,23.11616
150,7,9628,166.879933527212,0,0,685.705130868301,1236.50903614458,16.9436019941836
150,8,11837,130.917546675678,0,0,671.499112950917,1447.87589760919,50.1756357185098
150,9,10217,146.955270627386,0,0,700.546637956347,1130.9199373593,22.5591660957228
150,11,12805,132.284576337368,0,0,572.990081999219,1467.28730964467,33.3370558375635
150,12,9123,145.383645730571,0,0,571.843472541927,981.434177353941,29.1107091965362
150,13,10360,144.1611003861,0,0,411.246814671815,1002.45685328185,34.3017374517375
150,14,8712,185.434687786961,0,0,715.356978879706,1056.52571166208,26.757116620753
150,15,12789,147.059895222457,0,0,596.300101649855,1028.40878880288,23.5747908358746
150,16,15790,158.155224825839,0,0,604.091196960101,1010.55889803673,60.5151994933502
150,17,10423,170.210783843423,0,0,586.217115993476,1200.14084236784,14.7116952892641
150,18,9690,179.776883384933,0,0,586.202270381837,1057.1169246646,17.8599587203302
150,19,11537,129.37210713357,0,0,518.986131576666,1468.12498916529,36.4121522059461
150,20,8445,165.579514505625,0,0,603.179632918887,1245.76104203671,12.7418590882179
150,21,13960,151.700429799427,0,0,364.418696275072,1326.98015759312,28.9154727793696
150,22,9628,165.635646032405,0,0,810.891150810137,1178.89167012879,26.5924387203988
150,23,16543,147.348908904068,0,0,596.892703862661,1361.75881037297,63.1655685184066
150,24,9349,141.628730345492,0,0,756.059578564552,1109.78232966093,24.2762862338218
150,25,15789,146.606814871113,0,0,637.806510861992,1283.29868896067,14.3325099752993
150,26,7121,183.206150821514,0,0,736.737396433085,1252.63418059261,18.2387305153771
150,27,13847,136.607712861992,0,0,818.241929659854,1072.00050552466,46.4000866613707
150,28,26263,156.152990899745,0,0,552.717739786011,1221.47755397327,68.0007996040056
150,29,12038,136.513540455225,0,0,572.320734341253,1063.05981059977,25.5242565210168
150,30,9497,147.107191744762,0,0,706.105507002211,1142.7510792882,17.4226597873013
150,31,9582,147.174076393237,0,0,547.669797537049,1094.05291170946,19.6850344395742
150,32,11892,129.939455095863,0,0,466.496636394215,1411.06634712412,53.053229061554
150,33,9856,162.840604707792,0,0,434.576907467532,1041.98792613636,24.6222605519481
150,34,11164,138.394213543533,0,0,785.687119312075,1069.61617699749,28.2718559656037
150,35,9054,167.149878506737,0,0,500.569803401811,1085.34239010382,19.108460349017
150,36,12298,148.640591966173,0,0,464.434460887949,1059.3780289478,61.181899495853
150,37,8910,151.979124579125,0,0,689.488552188552,1006.00740740741,27.8746352413019
150,38,14192,144.237175873732,0,0,717.36118940248,1107.04255918828,62.4872463359639
150,39,11365,165.745358556973,0,0,505.558732952046,1153.21187857457,15.2160140783106
150,40,8141,142.347868812185,0,0,619.413708389633,1024.17332023093,28.3836138066577
150,41,13069,149.317698370189,0,0,352.931058229398,1272.88644884842,26.0541739995409
150,42,8551,149.811484036955,0,0,693.226055432113,1057.06221494562,19.7759326394574
150,43,8259,152.442184283812,0,0,650.880130766437,991.664487226056,25.4581668482867
150,44,12505,147.819352259096,0,0,595.958336665334,1145.63702518992,14.7188324670132
150,45,8202,151.598512557913,0,0,521.938307729822,993.108510119483,23.8582053157766
150,46,13604,127.064466333431,0,0,818.833872390473,1336.55424875037,41.4715524845634
150,47,21417,146.597142456927,0,0,347.772797310548,1246.32035299061,53.9717047205491
150,48,8867,147.365287019285,0,0,348.486184729897,1093.57110634939,31.9174467125296
150,49,4098,190.192288921425,0,0,522.816251830161,1036.36530014641,20.7391410444119
150,50,10354,135.014004249565,0,0,891.851072049449,1227.59532547808,40.2707166312536
150,51,7276,170.290681693238,0,0,734.165887850467,1188.18760307861,17.2688290269379
150,52,6551,140.858647534728,0,0,556.272324835903,1148.63974965654,16.1869943520073
150,53,5074,149.576862435948,0,0,656.218565234529,1068.92234923138,29.7526606227828
150,55,10715,138.280261315912,0,0,399.78656089594,1016.38413439104,50.3366308912739
150,56,18306,138.952092210204,0,0,773.908827706763,1266.64514366874,59.0325030044794
150,131,2243,177.144895229603,0,0,647.559518502006,1125.17521176995,14.5229603209987
150,132,1914,183.677115987461,0,0,656.129571577847,1211.4592476489,18.1332288401254
150,133,6399,147.986404125645,0,0,642.413033286451,1103.96749492108,22.0525082044069
150,134,7157,134.903171719994,0,0,664.977504541009,1120.56112896465,19
150,135,4082,137.515433610975,0,0,598.901028907398,1106.55120039196,17.7381185693288
150,136,852,234.528169014085,0,0,574.360328638498,1030.00234741784,19.4612676056338
150,137,9993,147.139797858501,0,0,711.410187130992,975.871209846893,32.4922445711998
150,138,9421,290.44729858826,0,0,706.79980893748,944.207621271627,36.997558645579
151,3,13434,129.442161679321,0,0,599.463376507369,1464.2250260533,34.6365937174334
151,4,11946,167.731123388582,0,0,745.425665494726,995.358111501758,31.2733132429265
151,5,9518,146.757196890103,0,0,721.572704349653,996.44084891784,26.8504938012187
151,6,14366,150.918070444104,0,0,745.171237644438,1455.14854517611,43.9498816650425
151,7,14155,162.74913458142,0,0,687.79067467326,935.656870363829,46.5700459201695
151,8,9125,159.855342465753,0,0,609.045808219178,941.410849315069,33.8395616438356
151,9,12147,136.844570675887,0,0,388.443401662962,1034.14423314399,49.8928953651107
151,10,10560,163.993465909091,0,0,669.37178030303,953.72196969697,37.7979166666667
151,11,16921,138.0848649607,0,0,543.11027717038,1437.50907156787,51.5307014951835
151,13,13229,149.555370776325,0,0,795.554539269786,1424.67268878978,43.8633305616449
151,14,15754,133.524692141678,0,0,687.60257712327,1421.5034277009,24.9611527231179
151,15,8331,170.140919457448,0,0,626.197215220262,931.964950186052,40.8356739887168
151,16,9861,142.367711185478,0,0,620.535341243282,968.249264780448,29.3706520636852
151,17,11157,175.322398494219,0,0,546.757820202563,1061.32320516268,24.209016760778
151,18,12139,154.950407776588,0,0,501.544773045556,974.21237334212,38.8052557871324
151,19,9487,132.19742805945,0,0,691.377463897966,1197.58416780858,16.573943290819
151,20,9017,142.539980037707,0,0,595.803149606299,1014.42808029278,30.1502717089941
151,21,19108,139.079704835671,0,0,618.063585932594,1187.83985765125,69.0152815574628
151,22,12263,173.892685313545,0,0,800.552719562913,1051.62358313626,25.9370463997391
151,23,13810,131.475380159305,0,0,399.648950036206,1326.68544532947,43.2069514844316
151,24,8508,136.463798777621,0,0,634.580747531735,1163.07851433945,16.187118006582
151,25,9525,144.596325459318,0,0,721.672545931759,1074.00524934383,22.7420472440945
151,26,10298,162.477082928724,0,0,681.648960963294,1052.11817828705,19.4649446494465
151,27,9313,172.901320734457,0,0,606.703210565876,1053.70804252121,23.2094921078063
151,28,10637,150.01560590392,0,0,597.794020870546,1273.38911347184,13.9572247814233
151,29,10843,139.477819791571,0,0,483.120815272526,1030.25610993268,28.6490823572812
151,30,8974,134.336750612882,0,0,618.711277022509,1131.15199465121,20.5704256741698
151,31,13485,145.773451983686,0,0,378.7219873934,1151.37352614016,36.6941787170931
151,32,21217,139.211811283405,0,0,583.64179667248,1346.74982325494,64.4273931281519
151,33,10739,137.608529658255,0,0,537.785920476767,1001.58310829686,29.8408604153087
151,34,9497,167.890491734232,0,0,758.951668948089,1101.89449299779,20.2780878172054
151,35,8659,148.031989837164,0,0,586.507564383878,1194.5109135004,14.20556646264
151,36,14256,135.148078002245,0,0,466.849677328844,1392.03156565657,31.6372755331089
151,37,12739,130.016170814036,0,0,749.576104874794,1341.32035481592,61.5383468090117
151,38,8723,138.152814398716,0,0,703.491230081394,1154.8622033704,14.1789521953456
151,39,13059,159.787579447125,0,0,784.706103070679,1180.68841412053,17.4534037828318
151,40,8003,141.175309259028,0,0,567.241159565163,1114.10870923404,16.300387354742
151,41,15037,135.150827957704,0,0,753.354858016892,1287.69674802155,16.6642282370154
151,42,8497,142.4882899847,0,0,590.368836059786,1021.8626574085,20.8710132988113
151,43,15255,149.443526712553,0,0,514.362504097017,1216.50154047853,16.7180596525729
151,44,10603,133.743091577855,0,0,539.419409601056,1022.83004809959,59.8871074224276
151,45,9540,290.194758909853,0,0,467.791719077568,1170.40649895178,18.3582809224319
151,46,8455,135.232406859846,0,0,640.95340035482,1039.95328208161,26.6018923713779
151,47,11816,147.643957345972,0,0,491.640148950576,1125.4653859174,19.7670108327691
151,48,8498,133.460814309249,0,0,692.978347846552,1036.72652388797,25.7382913626736
151,50,8530,144.362133645955,0,0,790.181594372802,1092.50879249707,61.5242672919109
151,51,5994,146.647814481148,0,0,680.11995328662,989.53970637304,34.7487487487487
151,52,7994,144.652239179385,0,0,536.877658243683,1092.53865399049,21.0346509882412
151,53,10413,143.570920964179,0,0,812.065495054259,1152.86795351964,62.0780754825699
151,54,4762,152.982570348593,0,0,675.908231835363,984.115077698446,25.4815203695926
151,55,15186,141.650862636639,0,0,845.523640194916,1279.0985776373,23.2389042539181
151,56,10622,135.098474863491,0,0,489.778761061947,1055.79881378272,59.1720956505366
151,139,9172,133.732010466638,0,0,683.664195377235,1129.03107283035,21.7867422590493
151,140,9785,140.726417986714,0,0,654.299335717936,1101.50567194686,19.2075625958099
151,141,4187,163.151182230714,0,0,722.479101982326,1109.66515404824,16.4910437067112
151,144,5963,132.956900888814,0,0,653.011906758343,1001.07496226732,28.4863323830287
151,146,15536,139.37390576725,0,0,423.888323892894,1231.65447991761,58.4157440782698
151,147,7248,141.083057395143,0,0,757.984547461369,1029.07740066225,26.1548013245033
151,236,6742,170.197715811332,0,0,760.537080984871,960.154850192821,35.1659744882824
151,237,8961,155.425733735074,0,0,734.842205111037,950.681397165495,40.1869211025555
151,238,11356,195.328901021486,0,0,920.499559704121,1193.50801338499,37.8885170834801
151,239,10213,177.629883481837,0,0,919.742093410359,1198.79232350925,43.8309997062567
152,1,18345,153.166639411284,0,0,681.302262196784,1329.79225947125,17.9411828836195
152,2,13130,130.08773800457,0,0,660.45034272658,1453.70685453161,50.2315308453922
152,3,9643,158.803380690656,0,0,547.405268070103,925.941097168931,38.8925645545992
152,4,14130,158.068506723284,0,0,650.785562632696,931.213800424628,38.0797593772116
152,6,8875,143.781971830986,0,0,565.573070422535,986.607323943662,27.6945352112676
152,7,25306,151.105469058721,0,0,562.613214257488,1217.34082826207,68.7953449774757
152,8,10094,155.89706756489,0,0,595.842579750347,946.240836140281,32.0371507826432
152,9,11726,129.952669281938,0,0,561.947808289272,1468.34939450793,33.0103189493433
152,11,11417,149.872295699396,0,0,727.688622230008,1254.330472103,18.1172812472629
152,12,10323,160.599438147825,0,0,676.627918240821,1242.69553424392,16.7126804223578
152,13,10535,165.052301850973,0,0,805.303084954912,1184.16336022781,25.8297104888467
152,14,11284,171.164923785892,0,0,590.755051400213,1051.3982630273,18.2306806097129
152,15,10769,139.859225554833,0,0,414.754109016622,995.470331507104,34.5851982542483
152,16,11575,152.318012958963,0,0,575.027559395248,1193.39835853132,14.0698920086393
152,17,8978,131.943640008911,0,0,596.238917353531,1122.09100022277,18.9255959010916
152,18,11055,138.012754409769,0,0,506.911804613297,993.785707824514,29.5572139303483
152,19,9211,187.836716968842,0,0,700.992617522527,1052.76984040821,25.1536206709369
152,20,20384,143.259958791209,0,0,596.636381475667,1361.3489010989,63.866807299843
152,21,14351,145.758832137133,0,0,624.190579053724,1285.63006062295,14.5580795763361
152,22,6135,150.669437652812,0,0,619.885737571312,1078.31898940505,31.2903015484923
152,23,9061,147.962697274032,0,0,589.899348857742,1245.8452709414,12.4911157708862
152,24,8862,147.629203340104,0,0,688.309072444144,1136.55721056195,21.9429022793952
152,25,7761,148.495039299059,0,0,669.209251385131,1013.92385001933,31.8836490143023
152,26,11475,129.791459694989,0,0,513.67991285403,1470.4902832244,36.6524618736383
152,27,9324,192.352423852424,0,0,655.389961389961,1065.89167739168,21.9683612183612
152,28,8335,141.189202159568,0,0,590.312537492502,1153.66082783443,14.2511097780444
152,29,10739,158.233820653692,0,0,489.275258403948,1150.20877176646,15.352826147686
152,30,10150,154.01960591133,0,0,502.353793103448,1074.09674876847,19.9700492610837
152,31,11279,139.373703342495,0,0,780.561574607678,1077.35490734994,27.1548009575317
152,32,11049,126.905602316952,0,0,458.829577337316,1406.53307991673,54.3734274594986
152,33,18231,154.217376995228,0,0,618.980363117766,1008.37699522791,60.692995447315
152,34,15510,138.076466795616,0,0,822.908833010961,1079.54571244358,45.5546744036106
152,35,9317,151.372759471933,0,0,728.689814317913,1188.68090587099,17.3311151658259
152,36,10569,141.37307219226,0,0,742.174567130287,1112.04560507144,23.4267196518119
152,37,12141,152.731735441891,0,0,432.613211432337,1037.57178156659,24.8460588089943
152,38,10159,134.698297076484,0,0,544.314696328379,1054.17629687961,25.4064376415001
152,39,9028,139.823327425786,0,0,504.814355338946,995.594262295082,24.106446610545
152,40,12633,152.232011398718,0,0,355.591308477796,1328.97554025172,29.6044486661917
152,41,6910,139.926917510854,0,0,640.403328509407,1112.31201157742,20.7675832127352
152,42,9098,140.16619037151,0,0,552.267091668499,1091.87909430644,19.8274346010112
152,43,13351,126.538836042244,0,0,814.887124559958,1344.14313534567,41.3167552992285
152,44,6812,144.608191426894,0,0,640.932031708749,1204.31782149149,17.1774809160305
152,45,10379,147.627324405049,0,0,340.072261296849,1089.25118026785,33.2614895461991
152,46,10150,147.966699507389,0,0,691.849162561576,1006.70669950739,27.2180295566502
152,47,12750,153.414117647059,0,0,342.572078431373,1271.75662745098,26.9081568627451
152,48,12775,143.099099804305,0,0,725.60602739726,1125.98919765166,62.7654011741683
152,49,5020,155.607171314741,0,0,522.121314741036,1025.02111553785,20.4659362549801
152,50,9641,128.913598174463,0,0,795.21429312312,1369.45586557411,36.8631884659268
152,51,13200,141.780984848485,0,0,471.490833333333,1052.84189393939,62.0072727272727
152,52,7616,151.825761554622,0,0,680.330488445378,1051.97308298319,19.0053834033613
152,53,4248,153.671139359699,0,0,634.316148775895,1128.22904896422,14.3531073446328
152,54,19154,154.923775712645,0,0,366.826459225227,1212.84812571787,58.4024224705022
152,55,21334,137.772757101341,0,0,778.023202399925,1273.98176619481,58.6520108746602
152,56,15947,144.083463974415,0,0,337.147425848122,1239.57082836897,54.086160406346
152,57,12670,137.01089187056,0,0,403.981689029203,1007.34680347277,51.2574585635359
152,58,13049,134.775844892329,0,0,897.060617671852,1209.14606483255,39.8829029044371
152,59,7071,131.896478574459,0,0,544.236883043417,1134.28935086975,16.7568943572338
152,148,6414,134.328656064858,0,0,652.329903336451,1160.50561272217,17.8233551605862
152,150,11983,147.870816990737,0,0,710.765668029709,974.001752482684,31.8860886255529
152,151,5160,423.835852713178,0,0,713.211821705426,947.070930232558,36.5996124031008
152,240,9333,145.361620057859,0,0,696.310618236366,1143.48569591771,17.0144648023144
152,245,8168,149.112144955926,0,0,587.062438785504,1028.80399118511,23.2615083251714
152,246,6343,145.618161753114,0,0,603.407062903989,1039.64512060539,26.7203216143781
153,1,9331,285.355803236523,0,0,641.21444646876,1264.02915014468,16.7068910084664
153,2,15330,134.04324853229,0,0,717.41911285062,1470.33437703849,45.8590998043053
153,3,13390,166.040851381628,0,0,693.560343539955,918.361837191934,41.5755041075429
153,4,11091,137.490577946082,0,0,830.162383914886,1437.21702281129,40.5588314849878
153,5,17184,157.013675512104,0,0,828.338978119181,1000.08798882682,32.3183775605214
153,6,10299,160.789494125643,0,0,809.294591707933,950.811243810079,36.5860763180891
153,7,12532,145.252872646026,0,0,427.144909032876,1087.48523779125,32.8424832428982
153,8,12760,166.160423197492,0,0,904.641692789969,1058.5592476489,33.5737460815047
153,9,13858,156.166835041131,0,0,745.424087169866,1092.57533554625,20.6781642372637
153,10,7136,160.907511210762,0,0,679.326933856502,982.176849775785,27.7921804932735
153,11,22188,134.372047953849,0,0,427.445466017667,1230.31165494862,49.6320984315846
153,12,12457,134.190575579995,0,0,857.541462631452,1246.20406197319,25.6372320783495
153,13,9833,164.244787958914,0,0,715.198616902268,960.58883351978,34.2543476050036
153,14,11827,136.953580789718,0,0,724.225923733829,1014.09436036188,25.7747526845354
153,15,8371,168.234738979811,0,0,698.999163779716,1123.77505674352,20.4876358857962
153,16,14718,146.267631471667,0,0,785.253159396657,1397.4812474521,61.0348552792499
153,17,9821,159.977599022503,0,0,578.247938091844,1022.44313206394,27.5348742490581
153,18,13744,131.355136786962,0,0,481.875,1359.65053841676,41.1080471478463
153,19,7809,161.923165578179,0,0,661.285695991804,949.573697016263,33.6368292995262
153,20,12328,135.938351719663,0,0,770.358533419857,1263.8161907852,19.0341499026606
153,21,15607,134.315883898251,0,0,908.25629525213,1310.60370346639,31.493112065099
153,22,13118,151.036667174874,0,0,761.528434212532,934.984601311176,39.3948772678762
153,23,8561,161.907370634272,0,0,890.501343301016,1122.35112720477,28.3157341432076
153,24,11340,131.459788359788,0,0,836.308201058201,1169.81746031746,26.9516754850088
153,25,14570,134.708167467399,0,0,601.266026080988,1439.29800960879,35.8658201784489
153,26,12127,159.821802589264,0,0,821.689288364806,1105.82213243176,22.0267172425167
153,27,12353,131.234922690844,0,0,466.671658706387,1042.35764591597,47.5733020318951
153,28,10031,140.801914066394,0,0,783.807795832918,1336.32927923437,21.8651181337853
153,29,13872,141.551038062284,0,0,726.337874855825,1026.83974913495,67.3848760092272
153,30,20343,136.940126824952,0,0,693.618689475495,1299.72285306985,18.2368873814088
153,31,15548,135.291162850527,0,0,967.608438384358,1268.62477489066,42.0473372781065
153,32,10177,136.462611771642,0,0,705.580328191019,1168.36494055223,18.5525203891127
153,33,10750,131.455720930233,0,0,501.79376744186,998.680651162791,47.950976744186
153,34,16692,138.883716750539,0,0,579.959741193386,1408.63281811646,57.2987059669303
153,35,9884,150.970052610279,0,0,824.544314042898,1352.98199109672,62.7321934439498
153,36,9165,135.022040370977,0,0,812.942389525368,1216.705400982,22.2891434806328
153,37,9050,141.064751381215,0,0,709.056243093923,1060.23359116022,27.1412154696133
153,38,7427,132.558098828598,0,0,803.834388043625,1065.27117274808,28.6359229837081
153,39,13742,163.086013680687,0,0,949.902852568767,1121.93450734973,54.8867704846456
153,40,8248,141.258001939864,0,0,756.521580989331,992.693137730359,32.8496605237633
153,41,14818,134.204143609124,0,0,700.206168173843,1228.59528951275,72.7411256579835
153,42,10743,135.371497719445,0,0,660.625058177418,1062.41422321512,23.5490086567998
153,43,14118,141.069131605043,0,0,658.409406431506,1202.51189970251,16.8631534211645
153,44,12073,140.469891493415,0,0,708.363538474281,981.559347303901,63.8160357823242
153,45,7767,135.099137376078,0,0,763.832110209862,1065.63666795416,27.0260074674907
153,46,11858,135.345842469219,0,0,611.283184348119,1091.43363130376,21.0246247259234
153,47,6167,154.4100859413,0,0,884.352845792119,1167.07248256851,24.1122101508027
153,48,5739,148.26607422896,0,0,746.522739153163,1156.14270778881,30.5448684439798
153,49,8549,139.322961749912,0,0,836.560416422974,1105.13346590244,27.1089016259212
153,50,14210,163.389021815623,0,0,933.158902181562,1214.73047149894,30.3107670654469
153,51,17206,144.094501917936,0,0,546.298384284552,1274.46088573753,66.3699290945019
153,52,6370,146.192307692308,0,0,791.718367346939,1015.53861852433,26.4097331240188
153,53,7539,135.344475394615,0,0,851.257859132511,1060.71654065526,29.6223637087147
153,54,8957,136.69353578207,0,0,772.002791113096,1159.28647984816,24.2391425700569
153,55,13869,162.995529598385,0,0,913.13901506958,1110.56838993439,59.7739563054294
153,56,12108,134.695490584737,0,0,534.917988107037,1101.02064750578,65.9878592666006
153,57,12357,143.513150441046,0,0,486.128672007769,1218.05867119851,26.9524156348628
153,58,3978,140.268225238813,0,0,922.06686777275,1170.48768225239,28.9861739567622
153,152,9270,142.928802588997,0,0,812.584250269687,1151.43754045307,22.7719525350593
153,153,7851,144.440835562349,0,0,882.626671761559,1212.33791873647,23.3686154629983
153,154,5599,132.404893731023,0,0,752.738346133238,1018.97767458475,29.7715663511341
154,1,16518,131.948904225693,0,0,696.51767768495,1474.96603705049,45.8625136215038
154,2,10474,259.181592514799,0,0,669.174336452167,1267.9574183693,15.1749092992171
154,3,12010,135.506744379684,0,0,825.541548709409,1445.7948376353,42.2993338884263
154,4,9173,169.258584977652,0,0,710.283222500818,983.131799847378,27.2721029107162
154,5,22243,136.45726745493,0,0,721.058939891202,1309.0950860945,17.9328328013308
154,6,14151,152.87866581867,0,0,848.083810331425,1009.37347183945,33.9841000635997
154,7,10239,134.013380212911,0,0,836.04326594394,1222.96093368493,23.8448090633851
154,8,14137,163.858527268869,0,0,711.788851948787,920.012732545802,41.2361887246233
154,9,13277,148.544098817504,0,0,778.468705279807,939.796414852753,39.9662574376742
154,10,9492,155.575958702065,0,0,916.957543194269,1129.12241887906,30.7002739148757
154,11,8845,180.875522894291,0,0,768.306500847937,1099.20146975692,23.4222724703222
154,12,10050,157.75184079602,0,0,828.088855721393,959.232437810945,37.0410945273632
154,13,9942,165.701569100785,0,0,733.523737678536,965.15761416214,34.1148662240998
154,14,9371,177.38128268061,0,0,739.175008003415,1135.00458862448,20.0425781666845
154,15,11904,140.622899865591,0,0,443.221858198925,1080.86290322581,28.7359711021505
154,16,12650,138.654624505929,0,0,798.184664031621,1277.74324110672,19.8292490118577
154,17,16148,144.43355214268,0,0,753.818367599703,1401.71965568491,62.1955660143671
154,18,10244,157.593127684498,0,0,610.077606403749,1019.83600156189,25.4702264740336
154,19,12266,156.866786238383,0,0,923.358144464373,1069.58552095223,35.7632480026088
154,20,7872,174.812881097561,0,0,684.326600609756,950.536331300813,33.0228658536585
154,21,12435,129.735504624045,0,0,861.369360675513,1177.7993566546,28.4061921994371
154,22,17158,139.334887516028,0,0,707.355111318336,1015.89614174146,66.9455064692855
154,23,14010,132.363882940757,0,0,913.757244825125,1328.49514632405,34.3972162740899
154,24,16389,138.891939715663,0,0,548.952224052718,1399.82134358411,56.1408871804259
154,25,13064,131.792559706062,0,0,878.836037966932,1252.93746172688,27.6883037354562
154,26,10614,142.013661202186,0,0,751.355191256831,1015.57056717543,25.944036178632
154,27,7875,143.051428571429,0,0,812.544253968254,1015.31580952381,27.6058412698413
154,28,11931,129.724331573213,0,0,472.805297125136,1028.6996898835,44.188919621155
154,29,14765,131.146291906536,0,0,963.117981713512,1287.1289536065,45.3411445987132
154,30,8907,146.804872572134,0,0,740.047266195127,1064.35488941282,27.0783653306388
154,31,14805,137.521918270854,0,0,594.798649105032,1436.77845322526,34.4434312732185
154,32,10759,129.860860674784,0,0,509.491309601264,986.353843293986,44.3269820615299
154,33,8600,139.139651162791,0,0,783.238255813954,990.603255813954,32.9718604651163
154,34,10340,138.567601547389,0,0,695.030657640232,1066.99593810445,22.510251450677
154,35,9878,139.579064587973,0,0,738.325774448269,1177.97691840454,18.239420935412
154,36,14152,131.880794234031,0,0,661.20414075749,1222.47272470322,72.6705059355568
154,37,6709,147.089581159636,0,0,784.192726188702,1117.84558056342,36.0527649426144
154,38,10168,152.679583005507,0,0,794.413158929976,1360.25019669552,64.3010424862313
154,39,19490,143.288814776809,0,0,509.377475628527,1263.79733196511,64.4969214982042
154,40,14634,155.32848161815,0,0,939.165231652316,1141.68416017494,57.4209375427088
154,41,12095,138.128565522943,0,0,416.161223646135,1208.09549400579,45.3824720959074
154,42,8376,131.15317574021,0,0,825.75405921681,1082.29847182426,30.7170487106017
154,43,10900,136.505596330275,0,0,863.242568807339,1114.53990825688,27.8408256880734
154,44,10385,142.783919114107,0,0,803.151372171401,1345.96658642273,22.7060182956187
154,45,13823,156.415756348115,0,0,848.820299500832,1118.46154959126,22.638862764957
154,46,6531,145.976420150054,0,0,779.354616444649,1087.36533455826,19.238248354004
154,47,7517,134.003990953838,0,0,793.893175468937,1069.9458560596,27.6808567247572
154,48,12327,130.53127281577,0,0,474.700575971445,1347.11446418431,38.4772450717936
154,49,15973,136.865210041946,0,0,685.347210918425,1200.1695986978,16.1934514493207
154,50,11629,137.009201135093,0,0,697.211970074813,972.752171295898,62.9668931120475
154,51,7412,149.062061521856,0,0,925.802752293578,1187.14746357258,28.7742849433351
154,52,9694,135.30833505261,0,0,792.030637507737,1158.96925933567,25.1434908190633
154,53,9204,137.858213820078,0,0,900.452194697957,1225.92459800087,24.3917861799218
154,54,11941,133.315300226112,0,0,643.040616363789,1093.36127627502,19.4658738799096
154,55,12728,133.912633563796,0,0,516.147941546197,1087.40744814582,64.1039440603394
154,56,5427,158.392297770407,0,0,731.07112585222,1178.19016030956,26.5995946194951
154,57,14683,156.188381121024,0,0,946.880882653409,1233.30960975278,32.887761356671
154,58,16715,160.201675142088,0,0,897.590726892013,1122.98175291654,62.0618007777445
154,60,13655,140.616990113512,0,0,501.570194068107,1214.85990479678,24.484730867814
154,61,7891,129.37320998606,0,0,770.930933975415,1025.91965530351,31.261437080218
154,62,7087,131.325948920559,0,0,873.606039226753,1064.5264568929,31.8467616763087
154,155,7868,139.102440264362,0,0,851.782791052364,1025.77033553635,29.6814946619217
154,156,8961,142.026001562326,0,0,838.235018413123,1161.4760629394,23.8310456422274
155,1,13889,129.56274749802,0,0,471.023759809922,1456.15242278062,36.1547267621859
155,2,11345,126.431820185104,0,0,638.164213309828,1465.30744821507,49.4146319964742
155,3,18513,133.821476800086,0,0,603.632096364717,1370.81553502944,63.6378760870739
155,4,11267,254.393627407473,0,0,748.794976479986,965.420520102955,35.7056891807935
155,5,18225,147.823648834019,0,0,638.787105624143,1334.55890260631,16.6966255144033
155,6,10377,152.958080370049,0,0,657.392502650092,1251.43692782114,16.212874626578
155,7,13079,145.866503555318,0,0,684.992430613961,935.916125086016,38.0513036164844
155,8,10153,144.059391312912,0,0,622.122131389737,942.043041465577,32.8221215404314
155,9,9233,168.605328712228,0,0,688.119137875014,1065.98862774829,23.6771363587133
155,10,9833,145.178175531374,0,0,589.530356961253,916.936235126614,39.477372114309
155,11,10339,161.61427604217,0,0,559.622787503627,1185.73585453139,14.1954734500435
155,12,13573,160.186104766816,0,0,443.785677447874,1007.370514993,27.4972371620128
155,13,11128,134.892343637671,0,0,585.116193386053,984.695003594536,28.1565420560748
155,14,15401,140.85565872346,0,0,522.975910655152,981.305889227972,29.1702486851503
155,15,14794,142.150939570096,0,0,851.175341354603,1116.74597809923,43.5967959983777
155,16,12551,142.74241096327,0,0,441.247868695721,967.12708150745,37.4217193849096
155,17,11008,138.80441497093,0,0,558.317678052326,1067.59765625,20.26953125
155,18,11951,169.043092628232,0,0,481.874654840599,1122.95397874655,16.810559785792
155,19,13010,160.7714066103,0,0,613.188854727133,1035.45134511914,19.295618754804
155,20,10704,135.6841367713,0,0,672.171711509716,1149.76093049327,20.2499065769806
155,21,11326,128.230178350698,0,0,514.828977573724,1454.84125022073,31.3716228147625
155,22,16516,142.706224267377,0,0,680.837188181158,1018.72426737709,60.6045652700412
155,23,7737,168.356856662789,0,0,655.33540131834,1095.67170738012,20.8889750549309
155,24,10483,161.870170752647,0,0,504.108079748164,1063.98836211008,19.6673662119622
155,25,10081,135.152365836723,0,0,618.467017160996,1214.7197698641,14.758754091856
155,26,9230,156.330769230769,0,0,566.419934994583,1240.02979414951,12.2074756229686
155,27,14682,127.733755619125,0,0,448.591608772647,1394.39912818417,56.3714071652363
155,28,9282,155.171945701357,0,0,707.606658047835,1273.49493643611,16.8186813186813
155,29,11019,132.786550503675,0,0,733.414738179508,1121.75859878392,21.954351574553
155,30,23045,146.599088739423,0,0,598.606812757648,1217.77591668475,69.7977435452376
155,31,16079,139.810684744076,0,0,586.21898127993,1288.02941725232,14.3033148827663
155,32,15518,129.333548137647,0,0,783.396507281866,1386.36609099111,35.2820595437556
155,33,16585,130.134579439252,0,0,799.698160988845,1292.60596924932,56.7496533011758
155,34,11947,138.184983677911,0,0,902.461371055495,1251.26492006361,39.8820624424542
155,35,11811,136.417746168826,0,0,689.646431292863,1024.0668021336,26.3684700702735
155,36,9958,140.018276762402,0,0,607.452299658566,1018.71620807391,24.3105041172926
155,37,5788,162.423635107118,0,0,497.850552868003,1008.28697304768,22.8771596406358
155,38,12754,134.901599498197,0,0,771.925905598244,1149.92582719147,61.2346714756155
155,39,12639,132.178099533191,0,0,540.663106258407,1036.97942875227,24.9362291320516
155,40,12553,149.786027244483,0,0,330.934119334024,1291.22146100534,31.5719748267346
155,41,12418,140.78402319214,0,0,350.976163633435,1048.21509099694,37.4392816878724
155,42,7741,127.691125177626,0,0,638.373336778194,1188.00955948844,18.0528355509624
155,43,10529,159.761325861905,0,0,324.646785069807,1234.4798176465,29.8626650204198
155,44,9878,134.390362421543,0,0,618.910710670176,1055.7234257947,25.6805021259364
155,45,14423,142.553976287874,0,0,523.492893295431,1042.88663939541,64.2543853567219
155,46,8972,154.11413285778,0,0,715.361346411057,1203.55249665626,16.1728711547035
155,47,11855,133.996035428089,0,0,789.798987768874,1105.26140868832,25.2718684099536
155,48,7447,142.409829461528,0,0,683.968175104069,1063.82556734255,18.1935007385524
155,49,11774,142.710888398165,0,0,439.779259385086,983.273568880584,53.4954136232376
155,50,16949,162.754616791551,0,0,358.259307333766,1197.96867071804,57.9217652958877
155,51,11567,150.616581654707,0,0,794.516987983055,1204.82865047117,23.1050402005706
155,52,8512,133.435737781955,0,0,538.027020676692,1123.4101268797,17.6468515037594
155,53,8504,151.043391345249,0,0,745.002116650988,999.789275634995,31.1665098777046
155,54,5607,143.31924380239,0,0,627.615302300696,1140.5443196005,13.9056536472267
155,55,5156,157.05159038014,0,0,565.618114817688,1138.14778898371,26.5040729247479
155,56,9703,141.390394723281,0,0,581.707616201175,1138.89900030918,14.3441203751417
155,157,7094,134.03016633775,0,0,624.100648435297,1121.65576543558,19.70890893713
155,158,7319,130.840688618664,0,0,580.549118732067,1121.07419046318,20.0520562918431
155,160,8390,137.949106078665,0,0,680.973539928486,1155.04517282479,15.8519666269368
156,1,16398,155.96103183315,0,0,764.340773265032,980.087083790706,33.58775460422
156,2,18409,137.395350100494,0,0,666.107175837905,1477.0459557825,44.4108316584279
156,3,14397,128.947211224561,0,0,476.21490588317,1447.419462388,38.0727234840592
156,4,13464,137.941844919786,0,0,590.39683600713,1095.43166963755,17.5982620320856
156,5,10037,137.743050712364,0,0,545.324698615124,1061.69771844177,22.820464282156
156,6,10336,161.358552631579,0,0,745.90673374613,1015.40595975232,27.3848684210526
156,7,12465,133.186040914561,0,0,603.01620537505,1191.22302446851,14.4500601684717
156,8,11394,146.357468843251,0,0,526.01290152712,935.796559592768,39.5894330349307
156,9,9924,150.155985489722,0,0,617.678153970173,935.821644498186,33.231459089077
156,10,13317,139.364947060149,0,0,716.392055267703,1463.13321318615,42.629646316738
156,11,13900,140.22309352518,0,0,360.990791366906,1075.65705035971,41.8692086330935
156,12,9584,155.150667779633,0,0,656.722558430718,927.998747913189,39.4219532554257
156,13,12221,133.82071843548,0,0,486.023402340234,977.554700924638,31.7801325587104
156,14,10839,154.882738259987,0,0,681.139865301227,960.489436294861,35.9138296890857
156,15,11933,130.975278639068,0,0,564.917790999749,975.222995055728,30.433084723037
156,16,9467,161.866377944439,0,0,611.74173444597,1029.97697264181,24.4978345832893
156,17,9027,167.351611831173,0,0,557.32192311953,1022.29267752299,26.6720948266312
156,18,12955,155.271555384022,0,0,739.824006175222,948.757159397916,42.6763411810112
156,19,19363,131.294375871508,0,0,360.59959716986,1257.34865465062,52.6818158343232
156,20,11259,133.478550492939,0,0,641.446487254641,970.169020339284,28.0409450217604
156,21,10956,166.240963855422,0,0,771.037604965316,1097.7123037605,21.00428988682
156,22,13117,128.130136464131,0,0,637.925897690021,1153.16291835023,16.5410535945719
156,23,10119,150.094475738709,0,0,497.888625358237,1165.0661132523,16.1868761735349
156,24,16923,147.521184187201,0,0,363.740530638776,1329.35744253383,38.0462093009514
156,25,19152,140.544956140351,0,0,493.401315789474,1399.06803467001,57.703790726817
156,26,21963,161.783727177526,0,0,884.449801939626,1265.82329372126,36.311979237809
156,27,9821,135.738824966908,0,0,624.977395377253,1014.45575806944,30.1290092658589
156,28,10669,144.618333489549,0,0,713.410254006936,1115.30893242103,17.6193645140126
156,29,10243,132.76305769794,0,0,565.702333300791,1144.64649028605,17.1773894366885
156,30,15133,130.922619440957,0,0,625.254146567105,1305.8243573647,14.4352078239609
156,31,11024,131.832728592163,0,0,668.985939767779,1090.53165820029,19.010885341074
156,32,10109,157.977841527352,0,0,477.246117321199,1239.538431101,16.4192303887625
156,33,9381,152.313719219699,0,0,620.068009807057,1051.33717087731,17.7878690971112
156,34,6357,140.054900110115,0,0,680.972628598395,991.538461538462,24.7461066540821
156,35,18805,133.649348577506,0,0,592.640095719224,1312.59569263494,67.1831427811752
156,36,17773,137.449276993192,0,0,675.993754571541,1157.66432228661,68.7691442075058
156,37,7228,128.149003873824,0,0,674.503320420587,1000.80713890426,31.8487825124516
156,38,12931,145.11499497332,0,0,688.656561750831,1216.41705977883,13.6315830175547
156,40,7370,143.644776119403,0,0,549.809362279512,1086.46797829037,29.1259158751696
156,41,5419,136.862520760288,0,0,608.879867134158,1155.47757888909,12.2445100572061
156,42,9260,153.3843412527,0,0,468.126457883369,1065.20561555076,23.3035637149028
156,43,8029,357.433553369037,0,0,401.390957778055,1109.88940092166,23.1036243616889
156,44,8098,138.255248209434,0,0,712.362064707335,1020.53704618424,23.3591010125957
156,45,5765,129.58317432784,0,0,682.014744145707,1075.78057241977,24.1221162185603
156,46,12904,128.725356478611,0,0,595.553936763794,974.46675449473,58.8512089274643
156,47,7903,137.438441098317,0,0,709.380108819436,975.341136277363,30.5489054789321
156,48,12983,133.70222598783,0,0,739.463529230532,1344.75429407687,19.7753215743665
156,49,6318,148.755144032922,0,0,680.003165558721,1102.55001582779,29.4227603672048
156,50,8296,139.436234329797,0,0,572.440694310511,1004.36101735776,21.2074493731919
156,51,11556,157.174887504327,0,0,423.890446521288,1165.18215645552,20.4779335410177
156,52,11455,127.984635530336,0,0,558.496027935399,1004.4536883457,61.4781318201659
156,53,7777,130.11829754404,0,0,659.239295358107,1042.3471775749,25.7351163687797
156,55,4926,149.944579780755,0,0,675.981729598051,1152.52760860739,13.6764108810394
156,68,12782,137.34751994993,0,0,399.630574245032,985.55265216711,52.1554529807542
156,72,13272,139.775768535262,0,0,444.764918625678,1160.86821880651,63.7179023508137
156,74,9600,129.511458333333,0,0,754.3503125,1344.855625,60.4736458333333
156,161,7417,133.433598489956,0,0,728.840636375893,1076.9389240933,22.6849130376163
156,162,7337,132.618781518332,0,0,603.254599972741,1093.06964699468,22.7305438189996
156,163,8973,124.384598239162,0,0,553.276941936922,1429.39273375683,25.599910843642
156,164,15102,143.473049927162,0,0,847.666600450272,1131.81353463117,56.0423122765197
157,1,15832,129.431025770591,0,0,523.191574027286,1461.00151591713,31.6908160687216
157,2,18810,138.51706539075,0,0,515.438490164806,970.97889420521,30.0249867091972
157,3,16465,136.295961129669,0,0,597.541451563923,991.496021864561,27.288187063468
157,4,14041,227.288156114237,0,0,726.252688554946,944.225126415497,37.7797877644042
157,5,16207,148.021410501635,0,0,648.904053803912,1307.15036712532,14.9781575862282
157,6,11349,125.554938761124,0,0,668.35183716627,1470.26883425852,46.7195347607719
157,7,10711,156.936327140323,0,0,563.792082905424,1179.84492577724,14.3132293903464
157,8,15653,137.172043697694,0,0,666.901105219447,1027.38388807257,24.5842969398837
157,9,8180,175.592542787286,0,0,642.288630806846,1077.24547677262,21.2727383863081
157,10,12167,131.269170707652,0,0,732.552231445714,1112.13774965069,21.2851154762883
157,11,11403,161.345084626853,0,0,474.807857581338,1131.55634482154,16.8601245286328
157,12,10450,137.960574162679,0,0,667.44038277512,1127.90114832536,21.3112918660287
157,13,12021,158.583978038433,0,0,589.009150653024,1023.01114715914,20.0226270692954
157,14,13489,143.943064719401,0,0,671.546074579287,926.587960560457,40.0770257246645
157,15,10501,144.281306542234,0,0,577.267593562518,915.629559089611,41.6880297114561
157,16,8667,170.152994115611,0,0,698.940233067959,1070.19730010384,23.5420560747664
157,17,8912,160.601772890485,0,0,587.275695691203,1228.04432226212,12.2125224416517
157,18,8945,129.861598658468,0,0,643.764896590274,1173.66875349357,17.7037451089994
157,19,12477,138.96906307606,0,0,907.194838502845,1216.77021719965,39.6421415404344
157,20,14354,139.121011564721,0,0,843.875574752682,1081.88567646649,42.8527936463704
157,21,8410,132.105588585018,0,0,524.654577883472,1113.19131985731,18.7457788347206
157,22,13055,131.507621600919,0,0,519.2199923401,1020.42167751819,26.7171198774416
157,23,15631,135.868466508861,0,0,623.350713326083,1392.16844731623,61.8797901605783
157,24,9903,153.973240432192,0,0,673.321922649702,1218.34312834495,16.3918004645057
157,25,10582,142.509544509544,0,0,605.943110943111,933.320827820828,34.5612360612361
157,26,8419,157.871956289346,0,0,716.891317258582,1241.73049055707,16.5524409074712
157,27,13042,140.310458518632,0,0,424.176276644686,975.45169452538,39.195368808465
157,28,7108,137.067388857625,0,0,623.461029825549,1182.72608328644,13.5956668542487
157,29,14774,142.08122377149,0,0,598.742452957899,1270.30885339109,14.0753350480574
157,30,13148,156.014070581077,0,0,432.71311226042,1013.45299665348,28.1611651962276
157,31,10556,158.316691928761,0,0,490.062618416067,1070.29566123532,19.9493179234559
157,32,13146,127.835082914955,0,0,469.984101627872,1422.52533089913,54.4803742583295
157,33,10957,137.849867664507,0,0,664.523135894862,1125.59505339053,15.7860728301542
157,34,15049,144.208319489667,0,0,674.302677918799,1027.61871220679,62.4520566150575
157,35,12609,137.971369656595,0,0,336.002775795067,1069.55626933143,38.38662859862
157,36,9123,134.609119807081,0,0,598.827469034309,1051.4815301984,25.5430231283569
157,37,14705,143.186875212513,0,0,519.356205372322,1072.37606256375,66.4164569874192
157,38,10085,137.873376301438,0,0,544.493901834408,1054.33445711453,20.8464055528012
157,39,11726,133.411052362272,0,0,780.713286713287,1073.12698277332,26.2475695036671
157,40,21746,148.16918053895,0,0,613.963303596064,1243.789892394,70.0536650418468
157,41,7979,144.202656974558,0,0,563.655470610352,1141.42173204662,25.2489033713498
157,42,7054,137.912106606181,0,0,716.489651261695,988.608307343351,31.6162461015027
157,43,16648,130.145002402691,0,0,816.704469005286,1286.16818837098,55.7691614608361
157,44,11195,152.936489504243,0,0,325.492094685127,1255.43528360875,29.9937472085753
157,45,7301,143.349952061361,0,0,663.849883577592,1034.19778112587,19.12683194083
157,46,9390,148.584877529286,0,0,344.095207667732,1313.76474973376,30.7762513312034
157,47,8782,158.222045092234,0,0,723.247096333409,1164.3691641995,16.8851058984286
157,48,5067,160.226564041839,0,0,478.668245510164,1017.96092362345,22.8521807775804
157,49,8943,127.820082746282,0,0,797.578441238958,1361.64441462596,31.2946438555295
157,50,8726,141.323172129269,0,0,565.502635801054,1126.85170754068,14.5634884253954
157,51,17432,144.989559430932,0,0,357.453705828362,1237.37454107389,58.4787746672786
157,52,10887,133.219711582621,0,0,775.266097180123,1155.78019656471,61.7920455589235
157,53,5887,143.404110752506,0,0,610.744861559368,1118.70800067946,14.1910990317649
157,54,12608,141.672985406091,0,0,422.479060913706,1008.03204314721,55.9601840101523
157,55,10038,150.148934050608,0,0,803.491930663479,1164.97469615461,24.2324168160988
157,165,8161,132.854919740228,0,0,611.450925131724,1112.94142874648,19.4738389903198
157,166,7394,130.303354070868,0,0,567.634027589938,1114.15931836624,20.5444955369218
158,1,14819,131.259464201363,0,0,718.039003981375,1476.02395573251,49.844523921992
158,2,19808,154.802756462036,0,0,770.001211631664,932.598848949919,38.2722132471729
158,3,10526,133.116188485655,0,0,870.868706061182,1236.02413072392,25.9317879536386
158,4,16188,132.242340004942,0,0,602.930380528787,1447.96608598962,37.9698542129973
158,5,8381,153.979954659349,0,0,669.319890227896,997.748120749314,26.5474287077914
158,6,10922,155.457242263322,0,0,764.759750961362,1083.87017029848,25.2432704632851
158,7,12532,158.444781359719,0,0,704.226141078838,914.89339291414,40.4086338972231
158,8,9418,150.275005308983,0,0,702.755680611595,968.918878742833,32.7298789551922
158,9,11868,145.696747556454,0,0,833.101449275362,1105.1716380182,22.7692113245703
158,10,10858,131.490606004789,0,0,853.976054522011,1436.83164487014,43.8831276478173
158,11,12665,131.187208843269,0,0,671.249743387288,1055.05629688117,23.5635215159889
158,12,8515,160.796476805637,0,0,696.222078684674,1103.78015267176,22.5800352319436
158,13,11618,133.253399896712,0,0,797.961611292821,1345.05233258736,23.248924083319
158,14,13422,152.84607361049,0,0,819.596930412755,977.473625391149,34.7190433616451
158,15,15360,133.125,0,0,984.920377604167,1258.0732421875,44.4041666666667
158,16,13763,143.069388941365,0,0,423.722153600233,1128.68531570152,29.9828525757466
158,17,18282,131.898534077234,0,0,698.58095394377,1190.45148233235,75.1743244721584
158,18,9911,134.730703259005,0,0,727.263545555443,1053.89032388255,28.3620219957623
158,19,8087,155.805366637814,0,0,655.045257821194,956.50822307407,32.5366637813775
158,20,9913,131.678301220619,0,0,813.725007565823,1202.23423786946,23.5176031473822
158,21,13453,157.728313387349,0,0,899.116405262767,1029.42875195124,34.8194454768453
158,22,10815,134.355987055016,0,0,750.3448913546,1132.83763291724,22.6797965788257
158,23,9283,134.313583970699,0,0,761.177313368523,968.821609393515,30.6996660562318
158,24,11903,131.738973368058,0,0,787.786944467781,1269.35890111737,19.2403595732168
158,25,10062,131.945239515007,0,0,802.133969389783,1128.34396740211,26.9833035181872
158,26,10123,153.533932628667,0,0,901.585893509829,1086.90971056011,30.1181467944285
158,27,10892,131.510741828865,0,0,739.698494307749,1013.60429673155,25.1874770473742
158,28,19133,129.694663670099,0,0,423.000104531438,1235.35953588042,49.4043798672451
158,29,14016,133.984089611872,0,0,929.173515981735,1312.45676369863,34.4912243150685
158,30,14406,128.384076079411,0,0,487.617242815494,1369.80501180064,41.9169790365126
158,31,16289,137.446865983179,0,0,570.146172263491,1399.71097059365,59.9802934495672
158,32,14432,137.207940687361,0,0,722.999861419069,979.827120288248,66.4569013303769
158,33,12804,133.961808809747,0,0,717.665573258357,1308.25171821306,18.6948609809435
158,34,13385,248.621591333582,0,0,652.739708629062,1303.04646992903,17.189764661935
158,35,12403,144.617108764009,0,0,802.471498830928,1379.07852938805,65.1030395871966
158,36,11117,129.614374381578,0,0,870.971665017541,1159.90357110731,28.5624718898984
158,37,10243,139.563799668066,0,0,843.456897393342,1333.53382798008,66.1560089817436
158,38,7890,135.845627376426,0,0,798.331432192649,1017.43257287706,26.7713561470215
158,39,11268,128.790646077387,0,0,470.089900603479,1024.85818246361,45.8468228611999
158,40,16155,146.270628288456,0,0,921.234664190653,1065.61306097184,59.9728876508821
158,41,9421,134.127799596646,0,0,753.948306973782,1092.47977921664,19.3981530623076
158,42,15942,150.792309622381,0,0,944.745514991845,1199.63580479237,31.1399447998996
158,43,7667,126.799660884309,0,0,741.111777748794,1005.41502543368,31.6953175948872
158,44,12045,149.246658364467,0,0,958.472146118721,1097.53275217933,56.2068078040681
158,45,16406,135.479946361087,0,0,706.612763623065,941.941301962697,61.252590515665
158,46,9636,128.850560398506,0,0,505.015877957659,983.41697799917,45.4153175591532
158,47,10688,135.651946107784,0,0,834.858626497006,1004.39801646707,30.0735404191617
158,48,10513,133.759440692476,0,0,856.93512793684,1098.25511271759,27.9927708551317
158,50,7104,138.228322072072,0,0,735.15160472973,1162.60670045045,18.6417511261261
158,51,7675,130.337850162866,0,0,777.621889250814,1040.53120521173,29.8112052117264
158,52,9355,151.960555852485,0,0,572.849919828968,1052.20427578835,25.473115980759
158,54,15633,138.473549542634,0,0,502.973709460756,1240.506556643,26.1475724429092
158,55,6845,129.140978816654,0,0,817.331044558072,1056.58363769175,31.3151205259313
158,56,11607,130.995347635048,0,0,527.952011717067,1068.72688894633,66.0594468855001
158,57,11685,132.096705177578,0,0,619.799315361575,1114.44946512623,20.467864783911
158,58,15043,145.589510071129,0,0,541.816791863325,1254.04633384298,69.2456956724058
158,75,9955,134.772375690608,0,0,803.582923154194,1168.9350075339,21.7517830236062
158,76,2847,158.192132068844,0,0,919.234281700035,1145.65753424658,27.1714085001756
158,167,7957,131.781701646349,0,0,864.741736835491,1051.37690084203,32.8645218047003
158,168,8309,136.190275604766,0,0,876.67023709231,1214.52027921531,22.5353231435793
159,1,20115,281.22624906786,0,0,664.067710663684,1288.10708426547,17.347104151131
159,2,13712,127.719442823804,0,0,666.895784714119,1468.99781213536,50.0953908984831
159,3,16670,130.781163767247,0,0,884.723635272945,1249.77660467906,26.0619676064787
159,4,19431,143.944212855746,0,0,810.012042612321,940.468889918172,38.3731665894704
159,5,12782,129.032858707557,0,0,842.524800500704,1211.52691284619,25.3605851979346
159,6,15306,138.643473147785,0,0,414.832157323925,1186.51300143734,45.905527244218
159,7,11817,128.614369129221,0,0,816.59972920369,1452.80773461962,45.7639840907168
159,8,8104,159.336253701876,0,0,719.461994076999,994.693608094768,25.8650049358342
159,9,9279,165.08707834896,0,0,724.467399504257,1108.81237202285,22.2956137514818
159,10,11826,143.247674615255,0,0,851.404786064603,992.519871469643,36.5668865212244
159,11,10936,133.768379663497,0,0,780.316752011704,1143.7085771763,22.8447329919532
159,12,9486,154.277356103732,0,0,799.80761121653,1095.30929791271,25.9814463419777
159,13,12307,130.841066059966,0,0,802.944584382872,1284.43357438856,21.1847728934753
159,14,9839,131.042483992276,0,0,815.830470576278,1187.50503099909,22.2092692346783
159,15,12058,150.608061038315,0,0,747.718858848897,910.841847735943,40.294659147454
159,16,16261,141.477461410737,0,0,572.022753828178,1429.1175204477,37.2697866059898
159,17,8161,160.530939835804,0,0,705.561328268594,949.094718784463,31.7825021443451
159,18,18357,132.267799749414,0,0,718.080677670643,1316.8526992428,19.0619927003323
159,19,11132,128.081836148042,0,0,822.412773984908,1141.73616600791,27.7676967301473
159,20,11684,140.686922286888,0,0,866.168777815816,1128.79638822321,24.3980657309141
159,21,10530,143.003038936372,0,0,926.775308641975,1115.45982905983,32.4143399810066
159,22,11497,131.363051230756,0,0,492.485691919631,986.266939201531,43.1843959293729
159,23,13469,133.16667904076,0,0,719.196228376271,1054.41049818101,23.3353626846833
159,24,11895,136.560823875578,0,0,448.470197562001,1093.03968053804,27.2478352248844
159,25,18419,144.381671100494,0,0,516.714805364026,1368.75612139638,58.2845974265704
159,26,9833,130.101800061019,0,0,810.822943150615,977.677006000203,31.1523441472592
159,27,12982,127.799876752426,0,0,794.081728547219,1363.19249730396,25.6048374672624
159,28,11140,146.654398563734,0,0,748.085008976661,971.588599640934,32.1675044883303
159,29,15980,131.339549436796,0,0,965.950187734668,1292.81195244055,47.9612640801001
159,30,7685,132.200650618087,0,0,849.96447625244,1038.54664931685,27.3686402081978
159,31,12026,147.917262597705,0,0,930.217694994179,1055.33294528522,37.0446532512889
159,32,9373,134.675344073402,0,0,763.349301184253,1057.67160994345,28.4585511575803
159,33,16339,131.743313544281,0,0,653.272109676235,1175.04014933594,74.6113593243161
159,34,12016,129.560419440746,0,0,920.983355525965,1343.54552263648,38.6394806924101
159,35,10754,133.037939371397,0,0,535.578110470523,951.11260926167,42.4000371954622
159,36,10273,130.29290372822,0,0,882.913754502093,1121.27499269931,29.6433369025601
159,37,11747,130.773984847195,0,0,786.552396356517,1022.95513748191,25.3964416446752
159,38,7825,137.70428115016,0,0,765.472204472843,1180.36460063898,18.8209584664537
159,39,12094,126.537291218786,0,0,891.34165702001,1178.3809326939,31.001405655697
159,40,13711,133.22295966742,0,0,722.880971482751,974.847494712275,66.2434541608927
159,41,10141,162.626269598659,0,0,618.25322946455,1033.10975248989,23.9543437530815
159,42,8564,147.705511443251,0,0,666.837225595516,1220.12914525922,17.3708547407753
159,43,10629,140.193809389406,0,0,794.053626869884,1345.89058236899,67.4578982030294
159,44,14528,146.97184746696,0,0,951.162720264317,1234.79577367841,34.0687637665198
159,45,13982,132.109855528537,0,0,723.047346588471,936.838864254041,61.1869546559863
159,46,13491,148.697131420947,0,0,947.722185160477,1127.88325550367,59.1417982358609
159,47,14778,145.528555961564,0,0,910.25686831777,1090.03647313574,62.6179455948031
159,48,10913,132.094016310822,0,0,460.608906808394,1328.75359662787,40.1355264363603
159,49,14845,136.522600202088,0,0,517.700505220613,1037.27436847423,63.5422701246211
159,50,8012,135.973165252122,0,0,792.905516724913,1102.70943584623,20.1522715926111
159,51,7794,127.578906851424,0,0,811.21247113164,1050.12702078522,30.3822170900693
159,52,13549,138.431028120156,0,0,747.291534430585,1380.63060004428,66.6117056609344
159,53,13346,136.671661921175,0,0,657.387981417653,1114.23684999251,19.3566611718867
159,54,15754,157.68065253269,0,0,497.476577377174,1221.63907579028,66.6359654690872
159,57,10835,143.669773880941,0,0,524.231287494232,1207.51952007383,23.3585602215044
159,58,6387,125.779082511351,0,0,780.896351964929,1014.76780961328,31.9965555033662
159,77,7033,126.542584956633,0,0,854.133229062989,1062.89691454571,32.8930755012086
159,78,8348,127.018327743172,0,0,891.082175371346,1072.53845232391,34.4705318639195
159,79,10166,130.396616171552,0,0,875.952390320677,1018.45052134566,31.8468424158961
160,1,14185,282.48036658442,0,0,686.752555516391,1282.52809305605,16.6866408177652
160,2,18033,132.206066655576,0,0,901.566683302834,1240.59923473632,26.974823933899
160,3,15326,129.668471877855,0,0,675.412240636826,1474.87504893645,50.0738614119796
160,4,8931,162.239278916135,0,0,730.654797894973,988.678423468817,26.4902026648752
160,5,9566,156.516621367343,0,0,757.663495713987,968.232385532093,32.483901317165
160,6,20316,150.141267966135,0,0,809.26122268163,936.481935420358,39.3899389643631
160,7,13972,154.035714285714,0,0,745.021972516461,908.154451760664,41.6324792442027
160,8,9365,162.469407367859,0,0,815.878270154832,1092.86705819541,26.4327816337427
160,9,12392,136.742817947063,0,0,446.053825048418,1083.33892834087,26.4017107811491
160,10,12921,131.426050615277,0,0,819.752186363285,1456.93158424271,46.6011918582153
160,11,13448,133.715571088638,0,0,827.515541344438,1278.62633848899,21.5770374776918
160,12,15282,136.404070147886,0,0,580.316974218034,1435.38980499935,36.9079963355582
160,13,10863,150.608763693271,0,0,855.863665654055,985.744269538801,37.7689404400258
160,14,8751,165.490001142727,0,0,710.117472288881,948.601874071535,31.9555479373786
160,15,12037,128.247486915344,0,0,897.985046107834,1178.65024507768,31.474204536014
160,16,13516,132.63865048831,0,0,831.164323764427,1189.23653447766,22.9519828351583
160,17,12608,147.262848984772,0,0,933.20217322335,1050.60691624365,38.6723508883249
160,18,17159,128.276531266391,0,0,644.579287837287,1174.24203042135,74.9154962410397
160,19,11421,144.915944313107,0,0,878.24743892829,1120.43822782593,25.0846685929428
160,20,16180,130.067119901112,0,0,968.921755253399,1292.21112484549,49.8781829419036
160,21,12274,130.330454619521,0,0,932.882678833306,1343.78841453479,40.59670848949
160,22,15081,134.141436244281,0,0,740.458391353358,1318.8224918772,19.4683376433923
160,23,9734,146.159749332238,0,0,936.763303883296,1109.21173207315,33.4696938565852
160,24,10196,130.647606904668,0,0,864.008532757944,1203.94958807375,27.0817967830522
160,25,9642,169.846297448662,0,0,725.87025513379,1108.53183986725,21.3130056004978
160,26,12621,138.484668409793,0,0,413.867205451232,1189.68346406782,44.3785753902226
160,27,9646,137.450860460294,0,0,794.711901306241,1141.26104084595,23.055774414265
160,28,14249,133.373499894729,0,0,736.077128219524,1050.07691767843,23.8365499333287
160,29,11902,130.434884893295,0,0,807.738615358763,1369.53848092758,26.0614182490338
160,30,17930,136.439040713887,0,0,520.316564417178,1375.7667038483,58.2843279419967
160,31,12275,133.338900203666,0,0,806.207576374745,1023.12619144603,26.080733197556
160,32,9865,133.255347187025,0,0,834.107146477446,1133.83649265079,28.2504815002534
160,33,8863,133.424912557825,0,0,819.159765316484,969.912106510211,32.4713979465192
160,34,20332,135.166092858548,0,0,714.620204603581,945.373991737163,62.6617155223293
160,35,8608,138.310525092937,0,0,782.393238847584,1181.05703996283,18.7292053903346
160,36,14747,130.980267172984,0,0,878.744965077643,1016.97897877534,32.7736488777378
160,37,9314,150.665986686708,0,0,629.248872664806,1033.34904444922,23.5341421515997
160,38,14262,147.566820922732,0,0,961.384588416772,1229.85794418735,35.2021455616323
160,41,11042,129.936877377287,0,0,470.927368230393,1338.90418402463,38.3309183119
160,42,8665,132.94795152914,0,0,884.935141373341,1123.70155799192,31.1717253317946
160,43,12829,131.625691792034,0,0,665.50253332294,1111.06329409931,19.1677449528412
160,44,9095,129.073886750962,0,0,532.284112149533,956.09708631116,42.1221550302364
160,45,9670,127.923681489142,0,0,492.427611168563,990.098655635988,42.3259565667011
160,46,7545,134.13717693837,0,0,869.19098740888,1050.58528827038,28.4889330682571
160,47,8025,129.801246105919,0,0,814.917009345794,1048.53981308411,30.8898442367601
160,48,14009,148.273395674209,0,0,946.236562210008,1121.52908844314,59.6156756370904
160,49,14974,131.208094029651,0,0,509.469413650327,1038.03973554161,62.7290637104314
160,50,7917,139.330428192497,0,0,767.732979664014,1050.19413919414,28.2364532019704
160,51,14316,135.532550991897,0,0,534.168971779827,1206.40877340039,22.5231908354289
160,52,8364,138.855930176949,0,0,805.146102343376,1098.83632233381,20.4435676709708
160,53,8614,136.278616206176,0,0,690.925818435106,1205.00650104481,16.639308103088
160,54,8127,127.245108896272,0,0,895.105697059185,1067.36495631844,35.5375907468931
160,56,16648,147.459574723691,0,0,492.392539644402,1225.50570639116,66.4947140797693
160,57,15108,151.250926661371,0,0,911.931096108022,1083.91719618745,62.842467566852
160,80,6386,128.514719699342,0,0,850.763075477607,1052.68556216724,33.7619793297839
160,81,7556,127.310217046056,0,0,789.00172048703,1003.41900476443,32.0287188988883
160,82,25787,144.427424671346,0,0,774.923760034126,1357.92503974871,67.6654515841315
