'001_001','002_002'
'001_002','002_016'
'001_003','002_019'
'001_004','002_015'
'001_005','002_024'
'001_006','002_009'
'001_007','002_012'
'001_008','002_017'
'001_009','002_006'
'001_010','002_014'
'001_011','002_022'
'001_012','002_010'
'001_013','002_003'
'001_014','002_001'
'001_015','002_013'
'001_016','002_028'
'001_017','002_005'
'001_018','002_018'
'001_019','002_027'
'001_020','002_031'
'001_021','002_011'
'001_022','002_023'
'001_023','002_026'
'001_024','002_025'
'001_025','002_021'
'001_026','002_020'
'001_027','002_033'
'001_027','002_034'
'001_028','002_008'
'001_029','002_004'
'001_030','002_007'
'001_031','002_029'
'001_033','002_032'
'002_001','003_001'
'002_002','003_006'
'002_003','003_024'
'002_004','003_019'
'002_005','003_016'
'002_006','003_011'
'002_007','003_009'
'002_008','003_005'
'002_009','003_018'
'002_010','003_014'
'002_011','003_002'
'002_012','003_032'
'002_013','003_034'
'002_014','003_027'
'002_015','003_004'
'002_016','003_012'
'002_017','003_010'
'002_018','003_008'
'002_019','003_013'
'002_020','003_022'
'002_021','003_007'
'002_022','003_003'
'002_023','003_029'
'002_024','003_023'
'002_025','003_020'
'002_026','003_028'
'002_027','003_021'
'002_028','003_030'
'002_029','003_017'
'002_031','003_033'
'002_032','003_026'
'002_032','003_031'
'002_033','003_025'
'002_034','003_015'
'003_001','004_002'
'003_002','004_009'
'003_003','004_030'
'003_004','004_011'
'003_005','004_004'
'003_006','004_024'
'003_007','004_021'
'003_008','004_023'
'003_009','004_008'
'003_010','004_019'
'003_011','004_013'
'003_012','004_028'
'003_013','004_017'
'003_014','004_025'
'003_015','004_016'
'003_016','004_031'
'003_017','004_005'
'003_018','004_022'
'003_019','004_027'
'003_020','004_001'
'003_021','004_020'
'003_022','004_006'
'003_023','004_026'
'003_024','004_012'
'003_025','004_014'
'003_026','004_015'
'003_027','004_007'
'003_028','004_018'
'003_029','004_003'
'003_030','004_035'
'003_031','004_010'
'003_032','004_029'
'003_033','004_033'
'003_034','004_034'
'004_001','005_024'
'004_002','005_007'
'004_003','005_001'
'004_004','005_032'
'004_005','005_035'
'004_006','005_036'
'004_007','005_023'
'004_008','005_030'
'004_009','005_010'
'004_010','005_018'
'004_011','005_004'
'004_012','005_014'
'004_013','005_006'
'004_014','005_019'
'004_015','005_002'
'004_016','005_016'
'004_017','005_008'
'004_018','005_017'
'004_019','005_009'
'004_020','005_022'
'004_021','005_028'
'004_022','005_012'
'004_023','005_013'
'004_024','005_025'
'004_025','005_029'
'004_026','005_026'
'004_027','005_003'
'004_028','005_027'
'004_029','005_015'
'004_030','005_037'
'004_031','005_033'
'004_033','005_011'
'004_033','005_020'
'004_034','005_021'
'004_034','005_034'
'004_035','005_005'
'004_035','005_031'
'005_001','006_027'
'005_002','006_010'
'005_003','006_019'
'005_004','006_018'
'005_005','006_020'
'005_006','006_004'
'005_007','006_001'
'005_008','006_009'
'005_009','006_007'
'005_010','006_012'
'005_011','006_005'
'005_012','006_008'
'005_013','006_021'
'005_014','006_015'
'005_015','006_013'
'005_016','006_017'
'005_017','006_023'
'005_018','006_038'
'005_019','006_003'
'005_020','006_016'
'005_021','006_011'
'005_022','006_040'
'005_023','006_033'
'005_024','006_028'
'005_024','006_037'
'005_025','006_032'
'005_026','006_029'
'005_027','006_014'
'005_028','006_026'
'005_029','006_024'
'005_030','006_036'
'005_031','006_006'
'005_032','006_039'
'005_033','006_025'
'005_033','006_030'
'005_034','006_002'
'005_035','006_022'
'005_035','006_034'
'005_036','006_035'
'005_036','006_041'
'005_037','006_031'
'006_001','007_015'
'006_002','007_005'
'006_003','007_003'
'006_004','007_006'
'006_005','007_009'
'006_006','007_016'
'006_007','007_001'
'006_008','007_002'
'006_009','007_025'
'006_010','007_004'
'006_011','007_018'
'006_012','007_023'
'006_013','007_024'
'006_014','007_012'
'006_015','007_019'
'006_016','007_021'
'006_017','007_007'
'006_018','007_013'
'006_019','007_026'
'006_020','007_017'
'006_021','007_033'
'006_022','007_029'
'006_023','007_010'
'006_024','007_022'
'006_025','007_027'
'006_026','007_008'
'006_027','007_035'
'006_028','007_030'
'006_029','007_036'
'006_030','007_028'
'006_031','007_040'
'006_032','007_032'
'006_032','007_042'
'006_033','007_031'
'006_034','007_034'
'006_035','007_037'
'006_036','007_041'
'006_036','007_043'
'006_037','007_014'
'006_038','007_020'
'006_039','007_011'
'006_040','007_038'
'006_041','007_039'
'007_001','008_013'
'007_002','008_011'
'007_003','008_009'
'007_004','008_018'
'007_005','008_025'
'007_006','008_017'
'007_007','008_005'
'007_008','008_045'
'007_009','008_006'
'007_010','008_012'
'007_011','008_029'
'007_012','008_014'
'007_013','008_010'
'007_014','008_035'
'007_015','008_024'
'007_016','008_015'
'007_017','008_037'
'007_018','008_020'
'007_019','008_007'
'007_020','008_016'
'007_021','008_022'
'007_022','008_002'
'007_023','008_008'
'007_024','008_040'
'007_025','008_004'
'007_026','008_001'
'007_026','008_038'
'007_027','008_019'
'007_028','008_032'
'007_029','008_027'
'007_030','008_030'
'007_031','008_039'
'007_032','008_033'
'007_033','008_031'
'007_033','008_041'
'007_034','008_021'
'007_035','008_036'
'007_036','008_003'
'007_037','008_042'
'007_038','008_043'
'007_038','008_046'
'007_039','008_026'
'007_040','008_028'
'007_041','008_044'
'007_042','008_023'
'007_043','008_034'
'008_001','009_028'
'008_002','009_009'
'008_003','009_040'
'008_004','009_020'
'008_005','009_025'
'008_006','009_036'
'008_007','009_013'
'008_008','009_001'
'008_009','009_021'
'008_010','009_005'
'008_011','009_002'
'008_012','009_027'
'008_013','009_003'
'008_014','009_004'
'008_015','009_018'
'008_016','009_024'
'008_017','009_011'
'008_018','009_006'
'008_019','009_016'
'008_020','009_034'
'008_021','009_010'
'008_022','009_039'
'008_023','009_015'
'008_024','009_035'
'008_025','009_017'
'008_026','009_022'
'008_027','009_032'
'008_028','009_042'
'008_029','009_037'
'008_030','009_030'
'008_031','009_014'
'008_032','009_038'
'008_033','009_029'
'008_034','009_026'
'008_035','009_046'
'008_036','009_045'
'008_036','009_047'
'008_037','009_033'
'008_038','009_008'
'008_039','009_012'
'008_040','009_019'
'008_041','009_007'
'008_042','009_041'
'008_043','009_023'
'008_044','009_031'
'008_045','009_043'
'008_045','009_048'
'008_046','009_044'
'009_001','010_002'
'009_002','010_031'
'009_003','010_003'
'009_004','010_037'
'009_005','010_044'
'009_006','010_019'
'009_007','010_001'
'009_008','010_026'
'009_009','010_032'
'009_010','010_016'
'009_011','010_008'
'009_012','010_040'
'009_013','010_048'
'009_014','010_041'
'009_015','010_018'
'009_016','010_013'
'009_017','010_029'
'009_018','010_036'
'009_019','010_004'
'009_020','010_038'
'009_021','010_010'
'009_022','010_006'
'009_023','010_009'
'009_024','010_027'
'009_025','010_015'
'009_026','010_022'
'009_027','010_025'
'009_028','010_033'
'009_029','010_024'
'009_030','010_030'
'009_031','010_007'
'009_032','010_021'
'009_033','010_047'
'009_034','010_035'
'009_035','010_028'
'009_036','010_042'
'009_037','010_017'
'009_038','010_043'
'009_039','010_012'
'009_040','010_020'
'009_041','010_045'
'009_042','010_023'
'009_043','010_034'
'009_044','010_014'
'009_045','010_005'
'009_046','010_011'
'009_047','010_039'
'009_048','010_046'
'010_001','011_021'
'010_002','011_022'
'010_003','011_008'
'010_004','011_035'
'010_005','011_004'
'010_006','011_006'
'010_007','011_018'
'010_008','011_024'
'010_009','011_032'
'010_010','011_015'
'010_011','011_017'
'010_012','011_009'
'010_013','011_038'
'010_014','011_001'
'010_015','011_003'
'010_016','011_023'
'010_017','011_031'
'010_018','011_030'
'010_019','011_041'
'010_020','011_002'
'010_021','011_005'
'010_022','011_012'
'010_023','011_027'
'010_024','011_026'
'010_025','011_019'
'010_026','011_037'
'010_027','011_014'
'010_028','011_013'
'010_029','011_042'
'010_030','011_036'
'010_031','011_045'
'010_032','011_011'
'010_033','011_043'
'010_034','011_025'
'010_035','011_010'
'010_036','011_039'
'010_037','011_029'
'010_038','011_016'
'010_039','011_040'
'010_040','011_047'
'010_041','011_020'
'010_042','011_034'
'010_043','011_033'
'010_044','011_007'
'010_045','011_046'
'010_046','011_028'
'010_047','011_044'
'010_048','011_048'
'010_048','011_049'
'011_001','012_041'
'011_002','012_039'
'011_003','012_031'
'011_004','012_019'
'011_005','012_007'
'011_006','012_032'
'011_007','012_013'
'011_008','012_026'
'011_009','012_009'
'011_010','012_015'
'011_011','012_047'
'011_011','012_049'
'011_012','012_033'
'011_013','012_002'
'011_014','012_004'
'011_015','012_018'
'011_016','012_036'
'011_017','012_006'
'011_018','012_022'
'011_019','012_027'
'011_020','012_035'
'011_021','012_001'
'011_022','012_016'
'011_023','012_029'
'011_024','012_044'
'011_025','012_025'
'011_026','012_030'
'011_027','012_048'
'011_028','012_011'
'011_029','012_003'
'011_030','012_014'
'011_031','012_017'
'011_032','012_005'
'011_033','012_037'
'011_034','012_020'
'011_035','012_045'
'011_036','012_028'
'011_037','012_008'
'011_038','012_023'
'011_039','012_010'
'011_040','012_040'
'011_041','012_043'
'011_042','012_012'
'011_043','012_024'
'011_044','012_046'
'011_045','012_034'
'011_046','012_051'
'011_047','012_052'
'011_048','012_042'
'011_049','012_021'
'012_001','013_002'
'012_002','013_025'
'012_003','013_008'
'012_004','013_010'
'012_005','013_041'
'012_006','013_003'
'012_007','013_021'
'012_008','013_022'
'012_009','013_019'
'012_010','013_031'
'012_011','013_047'
'012_012','013_009'
'012_013','013_024'
'012_014','013_004'
'012_015','013_043'
'012_016','013_030'
'012_017','013_011'
'012_018','013_018'
'012_019','013_027'
'012_020','013_026'
'012_021','013_017'
'012_022','013_035'
'012_023','013_007'
'012_024','013_005'
'012_025','013_020'
'012_026','013_015'
'012_027','013_034'
'012_028','013_046'
'012_029','013_032'
'012_030','013_013'
'012_031','013_023'
'012_032','013_042'
'012_033','013_038'
'012_034','013_036'
'012_035','013_014'
'012_036','013_016'
'012_036','013_051'
'012_037','013_037'
'012_039','013_049'
'012_040','013_039'
'012_041','013_006'
'012_042','013_012'
'012_043','013_028'
'012_044','013_045'
'012_045','013_001'
'012_046','013_040'
'012_047','013_052'
'012_048','013_050'
'012_049','013_033'
'012_051','013_029'
'012_052','013_044'
'012_052','013_048'
'013_001','014_053'
'013_001','014_055'
'013_002','014_027'
'013_003','014_023'
'013_004','014_018'
'013_005','014_030'
'013_006','014_038'
'013_007','014_033'
'013_008','014_022'
'013_009','014_011'
'013_010','014_040'
'013_011','014_007'
'013_012','014_025'
'013_013','014_010'
'013_014','014_047'
'013_015','014_004'
'013_016','014_032'
'013_017','014_028'
'013_018','014_001'
'013_019','014_042'
'013_020','014_044'
'013_021','014_034'
'013_022','014_006'
'013_023','014_013'
'013_024','014_016'
'013_025','014_005'
'013_026','014_012'
'013_027','014_041'
'013_028','014_045'
'013_029','014_048'
'013_030','014_002'
'013_031','014_003'
'013_032','014_015'
'013_033','014_043'
'013_034','014_050'
'013_035','014_031'
'013_036','014_051'
'013_037','014_014'
'013_038','014_035'
'013_039','014_019'
'013_040','014_026'
'013_041','014_024'
'013_042','014_017'
'013_043','014_036'
'013_044','014_046'
'013_045','014_052'
'013_045','014_056'
'013_046','014_021'
'013_047','014_020'
'013_048','014_009'
'013_049','014_049'
'013_049','014_054'
'013_050','014_037'
'013_050','014_039'
'013_051','014_008'
'013_052','014_029'
'014_001','015_008'
'014_002','015_005'
'014_003','015_013'
'014_004','015_003'
'014_005','015_006'
'014_006','015_032'
'014_007','015_014'
'014_008','015_010'
'014_009','015_007'
'014_010','015_044'
'014_011','015_023'
'014_012','015_001'
'014_013','015_034'
'014_014','015_043'
'014_015','015_015'
'014_016','015_037'
'014_017','015_019'
'014_018','015_030'
'014_019','015_051'
'014_020','015_052'
'014_021','015_040'
'014_022','015_016'
'014_023','015_025'
'014_024','015_011'
'014_025','015_047'
'014_026','015_045'
'014_027','015_017'
'014_028','015_022'
'014_029','015_042'
'014_030','015_002'
'014_031','015_049'
'014_032','015_036'
'014_033','015_038'
'014_034','015_028'
'014_035','015_046'
'014_036','015_026'
'014_037','015_009'
'014_038','015_054'
'014_039','015_020'
'014_040','015_031'
'014_041','015_035'
'014_042','015_018'
'014_043','015_021'
'014_044','015_053'
'014_045','015_033'
'014_046','015_039'
'014_047','015_029'
'014_048','015_056'
'014_049','015_004'
'014_050','015_055'
'014_051','015_027'
'014_052','015_041'
'014_053','015_012'
'014_054','015_050'
'014_055','015_024'
'014_056','015_048'
'015_001','016_001'
'015_002','016_006'
'015_003','016_005'
'015_004','016_016'
'015_005','016_043'
'015_006','016_056'
'015_007','016_014'
'015_008','016_045'
'015_009','016_024'
'015_010','016_026'
'015_011','016_017'
'015_012','016_003'
'015_013','016_030'
'015_014','016_031'
'015_015','016_035'
'015_016','016_052'
'015_017','016_020'
'015_018','016_032'
'015_019','016_004'
'015_020','016_011'
'015_021','016_039'
'015_022','016_008'
'015_023','016_013'
'015_024','016_044'
'015_025','016_007'
'015_026','016_023'
'015_027','016_042'
'015_028','016_022'
'015_029','016_002'
'015_030','016_029'
'015_031','016_015'
'015_032','016_046'
'015_033','016_025'
'015_034','016_033'
'015_035','016_037'
'015_036','016_036'
'015_037','016_028'
'015_038','016_047'
'015_039','016_009'
'015_040','016_012'
'015_041','016_038'
'015_042','016_021'
'015_043','016_050'
'015_044','016_018'
'015_045','016_051'
'015_046','016_027'
'015_047','016_040'
'015_048','016_019'
'015_049','016_041'
'015_050','016_010'
'015_051','016_048'
'015_052','016_034'
'015_053','016_053'
'015_054','016_049'
'015_055','016_055'
'015_055','016_057'
'015_056','016_054'
'016_001','017_038'
'016_002','017_035'
'016_003','017_048'
'016_004','017_011'
'016_005','017_053'
'016_006','017_051'
'016_007','017_003'
'016_008','017_005'
'016_009','017_001'
'016_010','017_024'
'016_011','017_019'
'016_012','017_016'
'016_013','017_017'
'016_014','017_032'
'016_015','017_029'
'016_016','017_042'
'016_017','017_018'
'016_018','017_044'
'016_019','017_040'
'016_020','017_023'
'016_021','017_041'
'016_022','017_008'
'016_023','017_049'
'016_024','017_037'
'016_025','017_045'
'016_026','017_002'
'016_027','017_039'
'016_028','017_054'
'016_028','017_056'
'016_029','017_025'
'016_030','017_034'
'016_031','017_013'
'016_032','017_046'
'016_033','017_026'
'016_034','017_036'
'016_035','017_020'
'016_036','017_033'
'016_037','017_009'
'016_038','017_028'
'016_039','017_022'
'016_040','017_031'
'016_041','017_004'
'016_042','017_012'
'016_043','017_052'
'016_044','017_010'
'016_045','017_021'
'016_046','017_047'
'016_047','017_030'
'016_048','017_050'
'016_049','017_007'
'016_050','017_006'
'016_051','017_027'
'016_052','017_014'
'016_053','017_058'
'016_054','017_015'
'016_055','017_057'
'016_056','017_055'
'016_057','017_043'
'017_001','018_039'
'017_002','018_052'
'017_003','018_018'
'017_004','018_014'
'017_005','018_051'
'017_006','018_022'
'017_007','018_016'
'017_008','018_013'
'017_009','018_021'
'017_010','018_015'
'017_011','018_020'
'017_012','018_040'
'017_013','018_010'
'017_014','018_044'
'017_014','018_050'
'017_015','018_053'
'017_016','018_012'
'017_017','018_019'
'017_018','018_017'
'017_019','018_007'
'017_020','018_028'
'017_021','018_001'
'017_022','018_036'
'017_023','018_011'
'017_024','018_008'
'017_025','018_047'
'017_026','018_023'
'017_027','018_038'
'017_028','018_035'
'017_029','018_037'
'017_030','018_043'
'017_031','018_032'
'017_032','018_025'
'017_033','018_004'
'017_034','018_034'
'017_035','018_045'
'017_036','018_033'
'017_037','018_006'
'017_038','018_046'
'017_039','018_003'
'017_040','018_009'
'017_041','018_031'
'017_042','018_029'
'017_043','018_048'
'017_044','018_041'
'017_045','018_002'
'017_046','018_026'
'017_047','018_055'
'017_048','018_030'
'017_049','018_005'
'017_050','018_049'
'017_051','018_024'
'017_052','018_057'
'017_053','018_058'
'017_054','018_027'
'017_055','018_056'
'017_055','018_060'
'017_056','018_059'
'017_057','018_042'
'017_058','018_054'
'018_001','019_055'
'018_002','019_050'
'018_003','019_005'
'018_004','019_017'
'018_005','019_028'
'018_006','019_025'
'018_007','019_051'
'018_008','019_034'
'018_009','019_021'
'018_010','019_053'
'018_011','019_019'
'018_012','019_004'
'018_013','019_006'
'018_014','019_043'
'018_015','019_047'
'018_016','019_044'
'018_017','019_013'
'018_018','019_011'
'018_019','019_020'
'018_020','019_009'
'018_021','019_023'
'018_022','019_048'
'018_023','019_012'
'018_024','019_038'
'018_025','019_026'
'018_026','019_018'
'018_027','019_010'
'018_028','019_016'
'018_029','019_030'
'018_030','019_031'
'018_031','019_058'
'018_032','019_052'
'018_033','019_039'
'018_034','019_037'
'018_035','019_040'
'018_036','019_033'
'018_037','019_027'
'018_038','019_056'
'018_039','019_022'
'018_040','019_059'
'018_041','019_032'
'018_042','019_060'
'018_043','019_046'
'018_044','019_014'
'018_045','019_049'
'018_046','019_015'
'018_047','019_029'
'018_048','019_042'
'018_049','019_036'
'018_050','019_041'
'018_051','019_024'
'018_052','019_035'
'018_053','019_001'
'018_054','019_002'
'018_055','019_045'
'018_056','019_003'
'018_057','019_057'
'018_058','019_007'
'018_058','019_061'
'018_059','019_054'
'018_060','019_008'
'019_001','020_007'
'019_002','020_044'
'019_003','020_018'
'019_004','020_009'
'019_005','020_014'
'019_006','020_013'
'019_007','020_038'
'019_008','020_002'
'019_009','020_005'
'019_010','020_040'
'019_011','020_019'
'019_012','020_030'
'019_013','020_004'
'019_014','020_043'
'019_015','020_006'
'019_016','020_001'
'019_017','020_039'
'019_018','020_012'
'019_019','020_015'
'019_020','020_047'
'019_021','020_016'
'019_022','020_024'
'019_023','020_042'
'019_024','020_020'
'019_025','020_053'
'019_026','020_035'
'019_027','020_025'
'019_028','020_026'
'019_029','020_046'
'019_030','020_028'
'019_031','020_003'
'019_032','020_048'
'019_033','020_045'
'019_034','020_017'
'019_035','020_010'
'019_036','020_041'
'019_037','020_031'
'019_038','020_061'
'019_039','020_049'
'019_040','020_034'
'019_041','020_033'
'019_042','020_011'
'019_043','020_023'
'019_044','020_051'
'019_045','020_036'
'019_046','020_058'
'019_047','020_021'
'019_048','020_060'
'019_049','020_054'
'019_050','020_056'
'019_051','020_032'
'019_052','020_029'
'019_053','020_027'
'019_054','020_055'
'019_055','020_008'
'019_056','020_062'
'019_057','020_057'
'019_057','020_059'
'019_058','020_022'
'019_059','020_052'
'019_060','020_050'
'019_061','020_037'
'020_001','021_014'
'020_002','021_015'
'020_003','021_021'
'020_004','021_044'
'020_005','021_030'
'020_006','021_061'
'020_007','021_017'
'020_008','021_004'
'020_009','021_022'
'020_010','021_050'
'020_011','021_049'
'020_012','021_020'
'020_013','021_002'
'020_014','021_040'
'020_015','021_019'
'020_016','021_016'
'020_017','021_003'
'020_018','021_001'
'020_019','021_009'
'020_020','021_012'
'020_021','021_048'
'020_022','021_057'
'020_023','021_025'
'020_024','021_037'
'020_025','021_056'
'020_026','021_038'
'020_027','021_032'
'020_028','021_024'
'020_029','021_023'
'020_030','021_027'
'020_031','021_033'
'020_032','021_005'
'020_033','021_007'
'020_034','021_008'
'020_035','021_029'
'020_036','021_041'
'020_037','021_028'
'020_038','021_018'
'020_039','021_058'
'020_040','021_011'
'020_041','021_013'
'020_042','021_036'
'020_043','021_035'
'020_044','021_055'
'020_045','021_047'
'020_046','021_010'
'020_047','021_039'
'020_048','021_043'
'020_049','021_060'
'020_050','021_051'
'020_051','021_006'
'020_052','021_062'
'020_052','021_100'
'020_053','021_046'
'020_054','021_034'
'020_055','021_026'
'020_056','021_059'
'020_057','021_054'
'020_058','021_045'
'020_059','021_031'
'020_060','021_053'
'020_061','021_042'
'020_062','021_052'
'021_001','022_012'
'021_002','022_034'
'021_003','022_026'
'021_004','022_017'
'021_005','022_009'
'021_006','022_051'
'021_007','022_001'
'021_008','022_010'
'021_009','022_004'
'021_010','022_008'
'021_011','022_020'
'021_012','022_031'
'021_013','022_028'
'021_014','022_019'
'021_015','022_016'
'021_016','022_021'
'021_017','022_035'
'021_018','022_039'
'021_019','022_018'
'021_020','022_029'
'021_021','022_033'
'021_022','022_011'
'021_023','022_023'
'021_024','022_040'
'021_025','022_043'
'021_026','022_003'
'021_027','022_013'
'021_028','022_052'
'021_029','022_048'
'021_030','022_027'
'021_031','022_046'
'021_032','022_049'
'021_033','022_054'
'021_034','022_030'
'021_035','022_005'
'021_036','022_015'
'021_037','022_060'
'021_038','022_061'
'021_039','022_007'
'021_040','022_022'
'021_041','022_036'
'021_042','022_050'
'021_043','022_041'
'021_044','022_014'
'021_045','022_053'
'021_046','022_045'
'021_047','022_037'
'021_048','022_032'
'021_049','022_025'
'021_050','022_044'
'021_051','022_024'
'021_052','022_059'
'021_053','022_042'
'021_054','022_038'
'021_055','022_047'
'021_056','022_055'
'021_057','022_057'
'021_058','022_006'
'021_059','022_058'
'021_060','022_062'
'021_061','022_063'
'021_062','022_056'
'021_100','022_002'
'022_001','023_002'
'022_002','023_021'
'022_003','023_008'
'022_004','023_016'
'022_005','023_005'
'022_006','023_055'
'022_007','023_046'
'022_008','023_043'
'022_009','023_025'
'022_010','023_003'
'022_011','023_029'
'022_012','023_004'
'022_013','023_050'
'022_014','023_027'
'022_015','023_009'
'022_016','023_018'
'022_017','023_012'
'022_018','023_010'
'022_019','023_024'
'022_020','023_022'
'022_021','023_001'
'022_022','023_023'
'022_023','023_034'
'022_024','023_048'
'022_025','023_037'
'022_026','023_031'
'022_027','023_044'
'022_028','023_056'
'022_029','023_007'
'022_030','023_017'
'022_031','023_026'
'022_032','023_035'
'022_033','023_057'
'022_034','023_006'
'022_035','023_011'
'022_036','023_039'
'022_037','023_036'
'022_038','023_033'
'022_039','023_049'
'022_040','023_014'
'022_041','023_030'
'022_042','023_047'
'022_043','023_054'
'022_044','023_042'
'022_045','023_040'
'022_046','023_015'
'022_047','023_053'
'022_048','023_028'
'022_049','023_063'
'022_050','023_051'
'022_051','023_041'
'022_052','023_058'
'022_053','023_059'
'022_054','023_052'
'022_055','023_038'
'022_056','023_013'
'022_057','023_020'
'022_058','023_019'
'022_059','023_061'
'022_060','023_045'
'022_061','023_032'
'022_062','023_062'
'022_063','023_060'
'023_001','024_004'
'023_002','024_037'
'023_003','024_015'
'023_004','024_043'
'023_005','024_030'
'023_006','024_055'
'023_007','024_020'
'023_008','024_052'
'023_009','024_047'
'023_010','024_002'
'023_011','024_045'
'023_012','024_011'
'023_013','024_026'
'023_014','024_038'
'023_015','024_012'
'023_016','024_007'
'023_017','024_021'
'023_018','024_048'
'023_019','024_006'
'023_020','024_059'
'023_021','024_022'
'023_022','024_054'
'023_023','024_035'
'023_024','024_040'
'023_025','024_016'
'023_026','024_034'
'023_027','024_051'
'023_028','024_027'
'023_029','024_031'
'023_030','024_042'
'023_031','024_003'
'023_032','024_061'
'023_033','024_041'
'023_034','024_025'
'023_035','024_060'
'023_036','024_039'
'023_037','024_050'
'023_038','024_046'
'023_039','024_056'
'023_040','024_028'
'023_041','024_019'
'023_042','024_032'
'023_043','024_005'
'023_044','024_023'
'023_045','024_001'
'023_046','024_018'
'023_047','024_044'
'023_048','024_017'
'023_049','024_009'
'023_050','024_049'
'023_051','024_010'
'023_052','024_053'
'023_053','024_058'
'023_054','024_013'
'023_055','024_008'
'023_056','024_024'
'023_057','024_057'
'023_058','024_036'
'023_059','024_033'
'023_060','024_029'
'023_061','024_062'
'023_062','024_063'
'023_063','024_014'
'024_001','025_001'
'024_002','025_005'
'024_003','025_002'
'024_004','025_006'
'024_005','025_025'
'024_006','025_040'
'024_007','025_013'
'024_008','025_015'
'024_009','025_044'
'024_010','025_037'
'024_011','025_012'
'024_012','025_027'
'024_013','025_007'
'024_014','025_004'
'024_014','025_048'
'024_015','025_003'
'024_016','025_032'
'024_017','025_010'
'024_018','025_022'
'024_019','025_029'
'024_020','025_019'
'024_021','025_011'
'024_022','025_017'
'024_023','025_023'
'024_024','025_031'
'024_025','025_020'
'024_026','025_034'
'024_027','025_016'
'024_028','025_009'
'024_029','025_008'
'024_030','025_046'
'024_031','025_014'
'024_032','025_024'
'024_033','025_036'
'024_034','025_039'
'024_035','025_026'
'024_036','025_051'
'024_037','025_028'
'024_038','025_021'
'024_039','025_045'
'024_040','025_052'
'024_041','025_054'
'024_042','025_018'
'024_043','025_033'
'024_044','025_057'
'024_045','025_061'
'024_046','025_055'
'024_047','025_049'
'024_048','025_035'
'024_049','025_050'
'024_050','025_030'
'024_051','025_053'
'024_052','025_043'
'024_053','025_038'
'024_054','025_042'
'024_055','025_047'
'024_056','025_060'
'024_057','025_063'
'024_058','025_059'
'024_059','025_062'
'024_060','025_041'
'024_061','025_064'
'024_062','025_056'
'024_063','025_058'
'025_001','026_013'
'025_002','026_003'
'025_003','026_008'
'025_004','026_007'
'025_005','026_031'
'025_006','026_001'
'025_007','026_010'
'025_008','026_059'
'025_009','026_041'
'025_010','026_005'
'025_011','026_006'
'025_012','026_009'
'025_013','026_034'
'025_014','026_060'
'025_015','026_018'
'025_016','026_021'
'025_017','026_038'
'025_018','026_039'
'025_019','026_015'
'025_020','026_004'
'025_021','026_048'
'025_022','026_026'
'025_023','026_053'
'025_024','026_046'
'025_025','026_002'
'025_026','026_032'
'025_027','026_056'
'025_028','026_011'
'025_029','026_035'
'025_030','026_033'
'025_031','026_029'
'025_032','026_024'
'025_033','026_025'
'025_034','026_037'
'025_035','026_051'
'025_036','026_057'
'025_037','026_027'
'025_038','026_023'
'025_039','026_055'
'025_040','026_014'
'025_041','026_019'
'025_042','026_043'
'025_043','026_017'
'025_044','026_020'
'025_045','026_028'
'025_046','026_049'
'025_047','026_052'
'025_048','026_012'
'025_049','026_030'
'025_050','026_036'
'025_051','026_022'
'025_052','026_047'
'025_053','026_061'
'025_054','026_040'
'025_055','026_016'
'025_056','026_064'
'025_057','026_062'
'025_058','026_063'
'025_059','026_045'
'025_060','026_054'
'025_061','026_050'
'025_062','026_042'
'025_063','026_044'
'025_064','026_058'
'026_001','027_004'
'026_002','027_029'
'026_003','027_010'
'026_004','027_014'
'026_005','027_036'
'026_006','027_016'
'026_007','027_007'
'026_008','027_006'
'026_009','027_012'
'026_010','027_030'
'026_011','027_001'
'026_012','027_002'
'026_013','027_042'
'026_014','027_008'
'026_015','027_013'
'026_016','027_049'
'026_017','027_009'
'026_018','027_011'
'026_019','027_032'
'026_020','027_045'
'026_021','027_021'
'026_022','027_044'
'026_023','027_053'
'026_024','027_058'
'026_025','027_052'
'026_026','027_035'
'026_027','027_027'
'026_028','027_048'
'026_029','027_026'
'026_030','027_033'
'026_031','027_005'
'026_032','027_015'
'026_033','027_055'
'026_034','027_025'
'026_035','027_017'
'026_036','027_022'
'026_037','027_018'
'026_038','027_034'
'026_039','027_050'
'026_040','027_046'
'026_041','027_023'
'026_042','027_040'
'026_043','027_003'
'026_044','027_054'
'026_045','027_057'
'026_046','027_041'
'026_047','027_031'
'026_048','027_020'
'026_049','027_063'
'026_050','027_039'
'026_051','027_061'
'026_052','027_059'
'026_053','027_028'
'026_054','027_037'
'026_055','027_056'
'026_056','027_019'
'026_057','027_062'
'026_058','027_024'
'026_059','027_043'
'026_060','027_038'
'026_061','027_064'
'026_062','027_060'
'026_063','027_047'
'026_064','027_051'
'027_001','028_003'
'027_002','028_036'
'027_003','028_009'
'027_004','028_016'
'027_005','028_018'
'027_006','028_052'
'027_007','028_024'
'027_008','028_044'
'027_009','028_022'
'027_010','028_015'
'027_011','028_013'
'027_012','028_048'
'027_013','028_057'
'027_014','028_031'
'027_015','028_004'
'027_016','028_001'
'027_017','028_064'
'027_018','028_005'
'027_019','028_023'
'027_020','028_019'
'027_021','028_028'
'027_022','028_050'
'027_023','028_011'
'027_024','028_061'
'027_025','028_040'
'027_026','028_055'
'027_027','028_038'
'027_028','028_020'
'027_029','028_021'
'027_030','028_002'
'027_031','028_045'
'027_032','028_025'
'027_033','028_054'
'027_034','028_056'
'027_035','028_007'
'027_036','028_043'
'027_037','028_063'
'027_038','028_034'
'027_039','028_053'
'027_040','028_046'
'027_041','028_029'
'027_042','028_051'
'027_043','028_042'
'027_044','028_030'
'027_045','028_032'
'027_046','028_012'
'027_047','028_060'
'027_048','028_041'
'027_049','028_058'
'027_050','028_017'
'027_051','028_059'
'027_052','028_026'
'027_053','028_014'
'027_054','028_047'
'027_055','028_008'
'027_056','028_039'
'027_057','028_010'
'027_058','028_006'
'027_059','028_037'
'027_060','028_027'
'027_061','028_049'
'027_062','028_062'
'027_063','028_033'
'027_064','028_035'
'028_001','029_018'
'028_002','029_009'
'028_003','029_001'
'028_004','029_032'
'028_005','029_003'
'028_006','029_042'
'028_007','029_019'
'028_008','029_047'
'028_009','029_052'
'028_010','029_006'
'028_011','029_031'
'028_012','029_036'
'028_013','029_005'
'028_014','029_046'
'028_015','029_022'
'028_016','029_037'
'028_017','029_017'
'028_018','029_058'
'028_019','029_020'
'028_020','029_029'
'028_021','029_025'
'028_022','029_004'
'028_023','029_013'
'028_024','029_050'
'028_025','029_016'
'028_026','029_011'
'028_027','029_040'
'028_028','029_002'
'028_029','029_056'
'028_030','029_014'
'028_031','029_057'
'028_032','029_059'
'028_033','029_015'
'028_034','029_038'
'028_035','029_054'
'028_036','029_030'
'028_037','029_007'
'028_038','029_028'
'028_039','029_044'
'028_040','029_051'
'028_041','029_035'
'028_042','029_062'
'028_043','029_024'
'028_044','029_026'
'028_045','029_048'
'028_046','029_023'
'028_047','029_049'
'028_048','029_021'
'028_049','029_012'
'028_050','029_060'
'028_051','029_010'
'028_052','029_045'
'028_053','029_033'
'028_054','029_053'
'028_055','029_039'
'028_056','029_041'
'028_057','029_027'
'028_058','029_063'
'028_059','029_064'
'028_060','029_061'
'028_061','029_008'
'028_062','029_055'
'028_063','029_034'
'028_064','029_043'
'029_001','030_006'
'029_002','030_035'
'029_003','030_024'
'029_004','030_039'
'029_005','030_012'
'029_006','030_059'
'029_007','030_057'
'029_008','030_001'
'029_009','030_021'
'029_010','030_017'
'029_011','030_023'
'029_012','030_018'
'029_013','030_009'
'029_014','030_003'
'029_015','030_020'
'029_016','030_058'
'029_017','030_013'
'029_018','030_011'
'029_019','030_048'
'029_020','030_004'
'029_021','030_022'
'029_022','030_005'
'029_023','030_040'
'029_024','030_051'
'029_025','030_014'
'029_026','030_032'
'029_027','030_027'
'029_028','030_050'
'029_029','030_016'
'029_030','030_026'
'029_031','030_043'
'029_032','030_010'
'029_033','030_054'
'029_034','030_002'
'029_035','030_015'
'029_036','030_029'
'029_037','030_008'
'029_038','030_061'
'029_039','030_062'
'029_040','030_056'
'029_041','030_064'
'029_042','030_049'
'029_043','030_053'
'029_044','030_028'
'029_045','030_031'
'029_046','030_037'
'029_047','030_047'
'029_048','030_036'
'029_049','030_007'
'029_050','030_046'
'029_051','030_044'
'029_052','030_030'
'029_053','030_055'
'029_054','030_041'
'029_055','030_060'
'029_056','030_052'
'029_057','030_025'
'029_058','030_042'
'029_059','030_033'
'029_060','030_034'
'029_061','030_019'
'029_062','030_045'
'029_063','030_038'
'029_064','030_063'
'030_001','031_033'
'030_002','031_009'
'030_003','031_005'
'030_004','031_012'
'030_005','031_003'
'030_006','031_030'
'030_007','031_006'
'030_008','031_015'
'030_009','031_001'
'030_010','031_002'
'030_011','031_034'
'030_012','031_011'
'030_013','031_025'
'030_014','031_017'
'030_015','031_029'
'030_016','031_041'
'030_017','031_032'
'030_018','031_035'
'030_019','031_023'
'030_020','031_007'
'030_021','031_010'
'030_022','031_019'
'030_023','031_038'
'030_024','031_021'
'030_025','031_050'
'030_026','031_013'
'030_027','031_055'
'030_028','031_020'
'030_029','031_008'
'030_030','031_027'
'030_031','031_028'
'030_032','031_039'
'030_033','031_031'
'030_034','031_018'
'030_035','031_014'
'030_036','031_026'
'030_037','031_044'
'030_038','031_037'
'030_039','031_036'
'030_040','031_022'
'030_041','031_048'
'030_042','031_004'
'030_043','031_042'
'030_044','031_056'
'030_045','031_049'
'030_046','031_040'
'030_047','031_058'
'030_048','031_043'
'030_049','031_045'
'030_050','031_052'
'030_051','031_024'
'030_052','031_054'
'030_053','031_060'
'030_054','031_057'
'030_055','031_051'
'030_056','031_062'
'030_057','031_046'
'030_058','031_059'
'030_059','031_053'
'030_060','031_063'
'030_061','031_016'
'030_062','031_047'
'030_063','031_064'
'030_064','031_061'
'031_001','032_004'
'031_002','032_001'
'031_003','032_014'
'031_004','032_012'
'031_005','032_002'
'031_006','032_007'
'031_007','032_037'
'031_008','032_008'
'031_009','032_031'
'031_010','032_021'
'031_011','032_019'
'031_012','032_003'
'031_013','032_060'
'031_014','032_034'
'031_015','032_005'
'031_016','032_049'
'031_017','032_030'
'031_018','032_018'
'031_019','032_039'
'031_020','032_017'
'031_021','032_044'
'031_022','032_033'
'031_023','032_064'
'031_024','032_028'
'031_025','032_013'
'031_026','032_048'
'031_027','032_015'
'031_028','032_023'
'031_029','032_025'
'031_030','032_026'
'031_031','032_009'
'031_032','032_058'
'031_033','032_062'
'031_034','032_024'
'031_035','032_027'
'031_036','032_011'
'031_037','032_059'
'031_038','032_010'
'031_039','032_057'
'031_040','032_036'
'031_041','032_022'
'031_042','032_041'
'031_043','032_006'
'031_044','032_055'
'031_045','032_040'
'031_046','032_020'
'031_047','032_042'
'031_048','032_038'
'031_049','032_050'
'031_050','032_016'
'031_051','032_063'
'031_052','032_047'
'031_053','032_043'
'031_054','032_054'
'031_055','032_035'
'031_056','032_061'
'031_057','032_029'
'031_058','032_032'
'031_059','032_045'
'031_060','032_056'
'031_061','032_052'
'031_062','032_046'
'031_063','032_053'
'031_064','032_051'
'032_001','033_033'
'032_002','033_005'
'032_003','033_009'
'032_004','033_023'
'032_005','033_006'
'032_006','033_011'
'032_007','033_010'
'032_008','033_029'
'032_009','033_031'
'032_010','033_046'
'032_011','033_038'
'032_012','033_037'
'032_013','033_014'
'032_014','033_019'
'032_015','033_044'
'032_016','033_034'
'032_017','033_039'
'032_018','033_020'
'032_019','033_002'
'032_020','033_007'
'032_021','033_017'
'032_022','033_015'
'032_023','033_001'
'032_024','033_021'
'032_025','033_018'
'032_026','033_022'
'032_027','033_043'
'032_028','033_012'
'032_029','033_055'
'032_030','033_030'
'032_031','033_032'
'032_032','033_059'
'032_033','033_004'
'032_034','033_041'
'032_035','033_048'
'032_036','033_040'
'032_037','033_028'
'032_038','033_045'
'032_039','033_016'
'032_040','033_061'
'032_041','033_027'
'032_042','033_036'
'032_043','033_024'
'032_044','033_035'
'032_045','033_008'
'032_046','033_003'
'032_047','033_025'
'032_048','033_050'
'032_049','033_013'
'032_050','033_056'
'032_051','033_047'
'032_052','033_042'
'032_053','033_049'
'032_054','033_057'
'032_055','033_064'
'032_056','033_063'
'032_057','033_062'
'032_058','033_060'
'032_059','033_054'
'032_060','033_026'
'032_061','033_052'
'032_062','033_051'
'032_063','033_058'
'032_064','033_053'
'033_001','034_002'
'033_002','034_007'
'033_003','034_016'
'033_004','034_018'
'033_005','034_006'
'033_006','034_001'
'033_007','034_024'
'033_008','034_019'
'033_009','034_011'
'033_010','034_010'
'033_011','034_017'
'033_012','034_020'
'033_013','034_003'
'033_014','034_013'
'033_015','034_004'
'033_016','034_032'
'033_017','034_008'
'033_018','034_014'
'033_019','034_033'
'033_020','034_021'
'033_021','034_012'
'033_022','034_034'
'033_023','034_015'
'033_024','034_025'
'033_025','034_027'
'033_026','034_028'
'033_027','034_023'
'033_028','034_039'
'033_029','034_022'
'033_030','034_009'
'033_031','034_038'
'033_032','034_050'
'033_033','034_031'
'033_034','034_042'
'033_035','034_044'
'033_036','034_055'
'033_037','034_040'
'033_038','034_043'
'033_039','034_047'
'033_040','034_030'
'033_041','034_041'
'033_042','034_049'
'033_043','034_037'
'033_044','034_035'
'033_045','034_045'
'033_046','034_005'
'033_047','034_029'
'033_048','034_060'
'033_049','034_051'
'033_050','034_052'
'033_051','034_062'
'033_052','034_063'
'033_053','034_036'
'033_054','034_064'
'033_055','034_053'
'033_056','034_048'
'033_057','034_046'
'033_058','034_054'
'033_059','034_026'
'033_060','034_056'
'033_061','034_059'
'033_062','034_057'
'033_063','034_058'
'033_064','034_061'
'034_001','035_003'
'034_002','035_007'
'034_003','035_002'
'034_004','035_013'
'034_005','035_018'
'034_006','035_006'
'034_007','035_001'
'034_008','035_009'
'034_009','035_015'
'034_010','035_023'
'034_011','035_005'
'034_012','035_004'
'034_013','035_025'
'034_014','035_012'
'034_015','035_044'
'034_016','035_011'
'034_017','035_017'
'034_018','035_008'
'034_019','035_019'
'034_020','035_020'
'034_021','035_032'
'034_022','035_010'
'034_023','035_016'
'034_024','035_021'
'034_025','035_030'
'034_026','035_052'
'034_027','035_033'
'034_028','035_042'
'034_029','035_048'
'034_030','035_027'
'034_031','035_049'
'034_032','035_034'
'034_033','035_035'
'034_034','035_041'
'034_035','035_053'
'034_036','035_054'
'034_037','035_029'
'034_038','035_043'
'034_039','035_026'
'034_040','035_014'
'034_041','035_022'
'034_042','035_039'
'034_043','035_037'
'034_044','035_036'
'034_045','035_038'
'034_046','035_047'
'034_047','035_024'
'034_048','035_046'
'034_049','035_028'
'034_050','035_031'
'034_051','035_050'
'034_052','035_051'
'034_053','035_040'
'034_054','035_045'
'034_055','035_056'
'034_056','035_059'
'034_057','035_055'
'034_058','035_057'
'034_059','035_058'
'034_060','035_063'
'034_061','035_060'
'034_062','035_064'
'034_063','035_061'
'034_064','035_062'
'035_001','036_003'
'035_002','036_001'
'035_003','036_002'
'035_004','036_005'
'035_005','036_014'
'035_006','036_012'
'035_007','036_008'
'035_008','036_013'
'035_009','036_007'
'035_010','036_048'
'035_011','036_009'
'035_012','036_010'
'035_013','036_016'
'035_014','036_028'
'035_015','036_004'
'035_016','036_031'
'035_017','036_017'
'035_018','036_022'
'035_019','036_011'
'035_020','036_036'
'035_021','036_023'
'035_022','036_035'
'035_023','036_033'
'035_024','036_026'
'035_025','036_015'
'035_026','036_018'
'035_027','036_029'
'035_028','036_032'
'035_029','036_020'
'035_030','036_027'
'035_031','036_006'
'035_032','036_019'
'035_033','036_051'
'035_034','036_039'
'035_035','036_030'
'035_036','036_044'
'035_037','036_025'
'035_038','036_024'
'035_039','036_037'
'035_040','036_042'
'035_041','036_045'
'035_042','036_021'
'035_043','036_040'
'035_044','036_049'
'035_045','036_047'
'035_046','036_041'
'035_047','036_052'
'035_048','036_034'
'035_049','036_046'
'035_050','036_060'
'035_051','036_056'
'035_052','036_038'
'035_053','036_050'
'035_054','036_043'
'035_055','036_057'
'035_056','036_058'
'035_057','036_054'
'035_058','036_064'
'035_059','036_053'
'035_060','036_059'
'035_061','036_055'
'035_062','036_062'
'035_063','036_061'
'035_064','036_063'
'036_001','037_011'
'036_002','037_002'
'036_003','037_006'
'036_004','037_012'
'036_005','037_004'
'036_006','037_021'
'036_007','037_003'
'036_008','037_026'
'036_009','037_020'
'036_010','037_015'
'036_011','037_019'
'036_012','037_001'
'036_013','037_029'
'036_014','037_007'
'036_015','037_025'
'036_016','037_017'
'036_017','037_014'
'036_018','037_009'
'036_019','037_008'
'036_020','037_032'
'036_021','037_013'
'036_022','037_028'
'036_023','037_049'
'036_024','037_040'
'036_025','037_039'
'036_026','037_031'
'036_027','037_036'
'036_028','037_022'
'036_029','037_054'
'036_030','037_030'
'036_031','037_023'
'036_032','037_010'
'036_033','037_016'
'036_034','037_050'
'036_035','037_035'
'036_036','037_018'
'036_037','037_034'
'036_038','037_058'
'036_039','037_051'
'036_040','037_027'
'036_041','037_042'
'036_042','037_046'
'036_043','037_047'
'036_044','037_033'
'036_045','037_044'
'036_046','037_024'
'036_047','037_037'
'036_048','037_005'
'036_049','037_038'
'036_050','037_043'
'036_051','037_062'
'036_052','037_041'
'036_053','037_056'
'036_054','037_060'
'036_055','037_057'
'036_056','037_052'
'036_057','037_059'
'036_058','037_045'
'036_059','037_055'
'036_060','037_053'
'036_061','037_048'
'036_062','037_063'
'036_063','037_061'
'036_064','037_064'
'037_001','038_003'
'037_002','038_006'
'037_003','038_017'
'037_004','038_001'
'037_005','038_002'
'037_006','038_027'
'037_007','038_018'
'037_008','038_009'
'037_009','038_013'
'037_010','038_016'
'037_011','038_020'
'037_012','038_005'
'037_013','038_028'
'037_014','038_014'
'037_015','038_025'
'037_016','038_004'
'037_017','038_019'
'037_018','038_032'
'037_019','038_021'
'037_020','038_034'
'037_021','038_008'
'037_022','038_043'
'037_023','038_024'
'037_024','038_012'
'037_025','038_010'
'037_026','038_026'
'037_027','038_022'
'037_028','038_033'
'037_029','038_015'
'037_030','038_023'
'037_031','038_045'
'037_032','038_039'
'037_033','038_030'
'037_034','038_007'
'037_035','038_037'
'037_036','038_044'
'037_037','038_041'
'037_038','038_011'
'037_039','038_038'
'037_040','038_040'
'037_041','038_036'
'037_042','038_052'
'037_043','038_046'
'037_044','038_035'
'037_045','038_042'
'037_046','038_048'
'037_047','038_050'
'037_048','038_061'
'037_049','038_031'
'037_050','038_060'
'037_051','038_029'
'037_052','038_059'
'037_053','038_053'
'037_054','038_047'
'037_055','038_054'
'037_056','038_049'
'037_057','038_055'
'037_058','038_051'
'037_059','038_063'
'037_060','038_062'
'037_061','038_058'
'037_062','038_056'
'037_063','038_057'
'037_064','038_064'
'038_001','039_002'
'038_002','039_041'
'038_003','039_001'
'038_004','039_017'
'038_005','039_020'
'038_006','039_005'
'038_007','039_016'
'038_008','039_015'
'038_009','039_004'
'038_010','039_026'
'038_011','039_023'
'038_012','039_008'
'038_013','039_027'
'038_014','039_006'
'038_015','039_007'
'038_016','039_033'
'038_017','039_010'
'038_018','039_018'
'038_019','039_013'
'038_020','039_014'
'038_021','039_021'
'038_022','039_031'
'038_023','039_011'
'038_024','039_012'
'038_025','039_024'
'038_026','039_052'
'038_027','039_057'
'038_028','039_043'
'038_029','039_009'
'038_030','039_046'
'038_031','039_029'
'038_032','039_025'
'038_033','039_003'
'038_034','039_044'
'038_035','039_034'
'038_036','039_032'
'038_037','039_047'
'038_038','039_022'
'038_039','039_053'
'038_040','039_037'
'038_041','039_042'
'038_042','039_056'
'038_043','039_039'
'038_044','039_048'
'038_045','039_030'
'038_046','039_050'
'038_047','039_063'
'038_048','039_028'
'038_049','039_019'
'038_050','039_062'
'038_051','039_035'
'038_052','039_040'
'038_053','039_045'
'038_054','039_036'
'038_055','039_054'
'038_056','039_038'
'038_057','039_064'
'038_058','039_060'
'038_059','039_051'
'038_060','039_055'
'038_061','039_049'
'038_062','039_058'
'038_063','039_061'
'038_064','039_059'
'039_001','040_003'
'039_002','040_011'
'039_003','040_008'
'039_004','040_001'
'039_005','040_004'
'039_006','040_013'
'039_007','040_015'
'039_008','040_033'
'039_009','040_030'
'039_010','040_009'
'039_011','040_006'
'039_012','040_057'
'039_013','040_027'
'039_014','040_007'
'039_015','040_010'
'039_016','040_023'
'039_017','040_005'
'039_018','040_002'
'039_019','040_021'
'039_020','040_050'
'039_021','040_039'
'039_022','040_024'
'039_023','040_019'
'039_024','040_022'
'039_025','040_036'
'039_026','040_012'
'039_027','040_032'
'039_028','040_028'
'039_029','040_017'
'039_030','040_020'
'039_031','040_029'
'039_032','040_026'
'039_033','040_014'
'039_034','040_051'
'039_035','040_035'
'039_036','040_055'
'039_037','040_034'
'039_038','040_046'
'039_039','040_031'
'039_040','040_044'
'039_041','040_065'
'039_042','040_045'
'039_043','040_025'
'039_044','040_018'
'039_045','040_052'
'039_046','040_016'
'039_047','040_059'
'039_048','040_041'
'039_049','040_037'
'039_050','040_053'
'039_051','040_049'
'039_052','040_064'
'039_053','040_040'
'039_054','040_056'
'039_055','040_048'
'039_056','040_054'
'039_057','040_047'
'039_058','040_058'
'039_059','040_038'
'039_060','040_060'
'039_061','040_063'
'039_062','040_042'
'039_063','040_043'
'039_064','040_061'
'040_001','041_012'
'040_002','041_005'
'040_003','041_003'
'040_004','041_001'
'040_005','041_008'
'040_006','041_002'
'040_007','041_018'
'040_008','041_017'
'040_009','041_011'
'040_010','041_013'
'040_011','041_010'
'040_012','041_026'
'040_013','041_034'
'040_014','041_035'
'040_015','041_037'
'040_016','041_009'
'040_017','041_041'
'040_018','041_020'
'040_019','041_014'
'040_020','041_015'
'040_021','041_007'
'040_022','041_032'
'040_023','041_019'
'040_024','041_006'
'040_025','041_022'
'040_026','041_004'
'040_027','041_029'
'040_028','041_025'
'040_029','041_053'
'040_030','041_031'
'040_031','041_027'
'040_032','041_021'
'040_033','041_065'
'040_034','041_040'
'040_035','041_064'
'040_036','041_038'
'040_037','041_036'
'040_038','041_056'
'040_039','041_033'
'040_040','041_048'
'040_041','041_039'
'040_042','041_058'
'040_043','041_057'
'040_044','041_049'
'040_045','041_044'
'040_046','041_050'
'040_047','041_028'
'040_048','041_042'
'040_049','041_052'
'040_050','041_024'
'040_051','041_016'
'040_052','041_045'
'040_053','041_030'
'040_054','041_043'
'040_055','041_055'
'040_056','041_051'
'040_057','041_047'
'040_058','041_054'
'040_059','041_046'
'040_060','041_061'
'040_061','041_063'
'040_062','041_059'
'040_063','041_060'
'040_064','041_062'
'040_065','041_023'
'041_001','042_005'
'041_002','042_046'
'041_003','042_013'
'041_004','042_032'
'041_005','042_004'
'041_006','042_008'
'041_007','042_022'
'041_008','042_007'
'041_009','042_003'
'041_010','042_027'
'041_011','042_020'
'041_012','042_014'
'041_013','042_009'
'041_014','042_015'
'041_015','042_026'
'041_016','042_030'
'041_017','042_001'
'041_018','042_019'
'041_019','042_021'
'041_020','042_012'
'041_021','042_017'
'041_022','042_038'
'041_023','042_023'
'041_024','042_016'
'041_025','042_006'
'041_026','042_002'
'041_027','042_011'
'041_028','042_036'
'041_029','042_010'
'041_030','042_037'
'041_031','042_024'
'041_032','042_018'
'041_033','042_035'
'041_034','042_054'
'041_035','042_029'
'041_036','042_043'
'041_037','042_050'
'041_038','042_065'
'041_039','042_028'
'041_040','042_041'
'041_041','042_040'
'041_042','042_039'
'041_043','042_047'
'041_044','042_031'
'041_045','042_044'
'041_046','042_053'
'041_047','042_033'
'041_048','042_052'
'041_049','042_034'
'041_050','042_045'
'041_051','042_057'
'041_052','042_042'
'041_053','042_025'
'041_054','042_055'
'041_055','042_051'
'041_056','042_064'
'041_057','042_059'
'041_058','042_056'
'041_059','042_063'
'041_060','042_049'
'041_061','042_061'
'041_062','042_058'
'041_063','042_060'
'041_064','042_048'
'041_065','042_066'
'042_001','043_014'
'042_002','043_004'
'042_003','043_008'
'042_004','043_005'
'042_005','043_007'
'042_006','043_018'
'042_007','043_001'
'042_008','043_003'
'042_009','043_009'
'042_010','043_017'
'042_011','043_021'
'042_012','043_022'
'042_013','043_028'
'042_014','043_010'
'042_015','043_037'
'042_016','043_012'
'042_017','043_002'
'042_018','043_006'
'042_019','043_026'
'042_020','043_048'
'042_021','043_044'
'042_022','043_013'
'042_023','043_027'
'042_024','043_043'
'042_025','043_011'
'042_026','043_024'
'042_027','043_033'
'042_028','043_061'
'042_029','043_025'
'042_030','043_042'
'042_031','043_031'
'042_032','043_023'
'042_033','043_041'
'042_034','043_038'
'042_035','043_039'
'042_036','043_054'
'042_037','043_020'
'042_038','043_019'
'042_039','043_030'
'042_040','043_034'
'042_041','043_036'
'042_042','043_057'
'042_043','043_035'
'042_044','043_015'
'042_045','043_040'
'042_046','043_032'
'042_047','043_016'
'042_048','043_046'
'042_049','043_055'
'042_050','043_053'
'042_051','043_062'
'042_052','043_059'
'042_053','043_052'
'042_054','043_045'
'042_055','043_050'
'042_056','043_056'
'042_057','043_060'
'042_058','043_029'
'042_059','043_047'
'042_060','043_058'
'042_061','043_049'
'042_063','043_051'
'042_064','043_066'
'042_065','043_064'
'042_066','043_067'
'043_001','044_004'
'043_002','044_012'
'043_003','044_009'
'043_004','044_022'
'043_005','044_014'
'043_006','044_050'
'043_007','044_011'
'043_008','044_010'
'043_009','044_008'
'043_010','044_002'
'043_011','044_029'
'043_012','044_028'
'043_013','044_048'
'043_014','044_007'
'043_015','044_037'
'043_016','044_032'
'043_017','044_016'
'043_018','044_026'
'043_019','044_001'
'043_020','044_020'
'043_021','044_003'
'043_022','044_024'
'043_023','044_013'
'043_024','044_018'
'043_025','044_031'
'043_026','044_005'
'043_027','044_043'
'043_028','044_006'
'043_029','044_047'
'043_030','044_055'
'043_031','044_036'
'043_032','044_039'
'043_033','044_021'
'043_034','044_042'
'043_035','044_027'
'043_036','044_040'
'043_037','044_017'
'043_038','044_030'
'043_039','044_044'
'043_040','044_035'
'043_041','044_038'
'043_042','044_052'
'043_043','044_054'
'043_044','044_045'
'043_045','044_023'
'043_046','044_067'
'043_047','044_033'
'043_048','044_062'
'043_049','044_058'
'043_050','044_060'
'043_051','044_064'
'043_052','044_041'
'043_053','044_034'
'043_054','044_063'
'043_055','044_057'
'043_056','044_053'
'043_057','044_019'
'043_058','044_049'
'043_059','044_015'
'043_060','044_059'
'043_061','044_025'
'043_062','044_056'
'043_064','044_051'
'043_066','044_066'
'043_067','044_068'
'044_001','045_008'
'044_002','045_038'
'044_003','045_004'
'044_004','045_015'
'044_005','045_016'
'044_006','045_019'
'044_007','045_001'
'044_008','045_011'
'044_009','045_025'
'044_010','045_065'
'044_011','045_018'
'044_012','045_020'
'044_013','045_035'
'044_014','045_010'
'044_015','045_026'
'044_016','045_005'
'044_017','045_012'
'044_018','045_022'
'044_019','045_013'
'044_020','045_028'
'044_021','045_024'
'044_022','045_009'
'044_023','045_030'
'044_024','045_040'
'044_025','045_034'
'044_026','045_017'
'044_027','045_027'
'044_028','045_039'
'044_029','045_032'
'044_030','045_049'
'044_031','045_036'
'044_032','045_006'
'044_033','045_007'
'044_034','045_046'
'044_035','045_037'
'044_036','045_033'
'044_037','045_053'
'044_038','045_014'
'044_039','045_002'
'044_040','045_043'
'044_041','045_045'
'044_042','045_052'
'044_043','045_003'
'044_044','045_044'
'044_045','045_029'
'044_047','045_056'
'044_048','045_041'
'044_049','045_021'
'044_050','045_047'
'044_051','045_057'
'044_052','045_060'
'044_053','045_048'
'044_054','045_055'
'044_055','045_051'
'044_056','045_031'
'044_057','045_023'
'044_058','045_050'
'044_059','045_061'
'044_060','045_059'
'044_062','045_054'
'044_063','045_042'
'044_064','045_063'
'044_066','045_064'
'044_067','045_066'
'044_068','045_067'
'045_001','046_002'
'045_002','046_003'
'045_003','046_069'
'045_004','046_001'
'045_005','046_041'
'045_006','046_020'
'045_007','046_021'
'045_008','046_006'
'045_009','046_004'
'045_010','046_023'
'045_011','046_027'
'045_012','046_013'
'045_013','046_008'
'045_014','046_025'
'045_015','046_017'
'045_016','046_024'
'045_017','046_011'
'045_018','046_022'
'045_019','046_037'
'045_020','046_007'
'045_021','046_437'
'045_021','046_456'
'045_022','046_005'
'045_023','046_030'
'045_024','046_009'
'045_025','046_010'
'045_026','046_026'
'045_027','046_049'
'045_027','046_065'
'045_028','046_019'
'045_029','046_018'
'045_030','046_015'
'045_031','046_028'
'045_032','046_014'
'045_033','046_039'
'045_034','046_034'
'045_035','046_043'
'045_036','046_038'
'045_037','046_033'
'045_038','046_016'
'045_039','046_012'
'045_040','046_036'
'045_041','046_042'
'045_042','046_047'
'045_043','046_048'
'045_044','046_054'
'045_045','046_044'
'045_046','046_045'
'045_047','046_032'
'045_048','046_059'
'045_049','046_058'
'045_050','046_046'
'045_051','046_040'
'045_052','046_051'
'045_053','046_063'
'045_054','046_053'
'045_055','046_057'
'045_055','046_060'
'045_056','046_052'
'045_057','046_029'
'045_059','046_056'
'045_060','046_055'
'045_061','046_061'
'045_062','046_067'
'045_063','046_064'
'045_064','046_068'
'045_065','046_031'
'045_066','046_070'
'045_067','046_071'
'046_001','047_071'
'046_002','047_017'
'046_003','047_004'
'046_004','047_045'
'046_005','047_011'
'046_006','047_021'
'046_007','047_019'
'046_008','047_023'
'046_009','047_008'
'046_010','047_013'
'046_011','047_012'
'046_012','047_005'
'046_013','047_022'
'046_014','047_009'
'046_015','047_031'
'046_016','047_028'
'046_017','047_018'
'046_018','047_025'
'046_019','047_029'
'046_020','047_059'
'046_021','047_032'
'046_022','047_030'
'046_023','047_010'
'046_024','047_007'
'046_025','047_020'
'046_026','047_037'
'046_027','047_052'
'046_028','047_049'
'046_029','047_003'
'046_030','047_016'
'046_031','047_001'
'046_032','047_062'
'046_033','047_036'
'046_034','047_033'
'046_036','047_043'
'046_037','047_048'
'046_038','047_044'
'046_039','047_041'
'046_040','047_054'
'046_041','047_051'
'046_041','047_066'
'046_042','047_026'
'046_043','047_039'
'046_044','047_046'
'046_045','047_040'
'046_046','047_057'
'046_047','047_050'
'046_048','047_053'
'046_049','047_027'
'046_051','047_034'
'046_052','047_002'
'046_053','047_060'
'046_054','047_056'
'046_055','047_055'
'046_056','047_061'
'046_057','047_024'
'046_058','047_063'
'046_059','047_064'
'046_060','047_015'
'046_061','047_067'
'046_063','047_058'
'046_064','047_068'
'046_065','047_065'
'046_067','047_035'
'046_068','047_070'
'046_069','047_038'
'046_070','047_047'
'046_071','047_073'
'046_437','047_104'
'046_456','047_042'
'047_001','048_015'
'047_002','048_008'
'047_003','048_048'
'047_004','048_034'
'047_005','048_018'
'047_007','048_045'
'047_008','048_002'
'047_009','048_001'
'047_010','048_029'
'047_011','048_031'
'047_012','048_010'
'047_013','048_006'
'047_015','048_012'
'047_016','048_021'
'047_017','048_013'
'047_018','048_026'
'047_019','048_058'
'047_020','048_036'
'047_021','048_033'
'047_022','048_014'
'047_023','048_057'
'047_024','048_007'
'047_025','048_005'
'047_026','048_028'
'047_027','048_055'
'047_028','048_019'
'047_029','048_051'
'047_030','048_003'
'047_031','048_046'
'047_032','048_009'
'047_033','048_050'
'047_034','048_025'
'047_035','048_054'
'047_036','048_044'
'047_037','048_043'
'047_038','048_039'
'047_039','048_020'
'047_040','048_049'
'047_041','048_035'
'047_042','048_067'
'047_043','048_056'
'047_044','048_023'
'047_045','048_037'
'047_046','048_032'
'047_047','048_004'
'047_048','048_052'
'047_049','048_041'
'047_050','048_016'
'047_051','048_022'
'047_052','048_017'
'047_053','048_053'
'047_054','048_063'
'047_055','048_068'
'047_056','048_061'
'047_057','048_062'
'047_058','048_059'
'047_059','048_024'
'047_060','048_042'
'047_061','048_065'
'047_062','048_047'
'047_063','048_064'
'047_063','048_069'
'047_064','048_066'
'047_065','048_038'
'047_066','048_011'
'047_067','048_060'
'047_068','048_040'
'047_070','048_102'
'047_071','048_030'
'047_073','048_103'
'047_104','048_027'
'048_001','049_025'
'048_002','049_010'
'048_003','049_003'
'048_004','049_021'
'048_005','049_002'
'048_006','049_004'
'048_007','049_007'
'048_008','049_009'
'048_009','049_012'
'048_010','049_026'
'048_011','049_016'
'048_012','049_046'
'048_013','049_020'
'048_014','049_015'
'048_015','049_013'
'048_016','049_037'
'048_017','049_019'
'048_018','049_017'
'048_019','049_006'
'048_020','049_048'
'048_021','049_033'
'048_022','049_008'
'048_023','049_005'
'048_024','049_065'
'048_025','049_049'
'048_025','049_063'
'048_026','049_032'
'048_027','049_062'
'048_028','049_027'
'048_029','049_022'
'048_030','049_023'
'048_031','049_034'
'048_032','049_050'
'048_033','049_024'
'048_034','049_001'
'048_035','049_044'
'048_036','049_055'
'048_037','049_011'
'048_038','049_057'
'048_039','049_028'
'048_040','049_066'
'048_041','049_041'
'048_042','049_043'
'048_043','049_031'
'048_044','049_030'
'048_045','049_060'
'048_046','049_042'
'048_047','049_014'
'048_048','049_052'
'048_049','049_047'
'048_050','049_051'
'048_051','049_040'
'048_052','049_039'
'048_053','049_029'
'048_054','049_071'
'048_055','049_064'
'048_056','049_053'
'048_057','049_045'
'048_058','049_035'
'048_059','049_059'
'048_060','049_038'
'048_061','049_058'
'048_062','049_061'
'048_063','049_068'
'048_064','049_054'
'048_065','049_069'
'048_066','049_070'
'048_067','049_056'
'048_068','049_067'
'048_069','049_036'
'048_102','049_018'
'049_001','050_015'
'049_002','050_016'
'049_003','050_005'
'049_004','050_008'
'049_005','050_007'
'049_006','050_006'
'049_007','050_029'
'049_008','050_032'
'049_009','050_061'
'049_010','050_001'
'049_011','050_033'
'049_012','050_011'
'049_013','050_002'
'049_014','050_020'
'049_015','050_017'
'049_016','050_014'
'049_017','050_024'
'049_018','050_028'
'049_019','050_021'
'049_020','050_010'
'049_021','050_019'
'049_022','050_039'
'049_023','050_030'
'049_024','050_025'
'049_025','050_004'
'049_026','050_009'
'049_027','050_041'
'049_028','050_027'
'049_029','050_018'
'049_030','050_042'
'049_031','050_003'
'049_032','050_013'
'049_033','050_054'
'049_034','050_012'
'049_035','050_031'
'049_036','050_051'
'049_037','050_063'
'049_038','050_045'
'049_039','050_038'
'049_040','050_037'
'049_041','050_067'
'049_042','050_035'
'049_043','050_023'
'049_044','050_059'
'049_045','050_066'
'049_046','050_026'
'049_047','050_040'
'049_048','050_065'
'049_049','050_034'
'049_050','050_022'
'049_051','050_055'
'049_052','050_062'
'049_053','050_058'
'049_054','050_043'
'049_055','050_047'
'049_056','050_060'
'049_057','050_048'
'049_058','050_046'
'049_059','050_057'
'049_060','050_036'
'049_061','050_049'
'049_062','050_056'
'049_063','050_052'
'049_064','050_050'
'049_065','050_044'
'049_066','050_068'
'049_067','050_069'
'049_068','050_064'
'049_069','050_070'
'049_070','050_071'
'049_071','050_053'
'050_001','051_013'
'050_002','051_006'
'050_003','051_014'
'050_004','051_002'
'050_005','051_015'
'050_006','051_001'
'050_007','051_016'
'050_008','051_018'
'050_009','051_022'
'050_010','051_003'
'050_011','051_004'
'050_012','051_011'
'050_013','051_005'
'050_014','051_035'
'050_015','051_023'
'050_016','051_028'
'050_017','051_009'
'050_018','051_043'
'050_019','051_010'
'050_020','051_012'
'050_021','051_021'
'050_022','051_038'
'050_023','051_027'
'050_024','051_029'
'050_025','051_026'
'050_026','051_036'
'050_027','051_030'
'050_028','051_034'
'050_029','051_017'
'050_030','051_031'
'050_031','051_047'
'050_032','051_007'
'050_033','051_019'
'050_034','051_024'
'050_035','051_039'
'050_036','051_044'
'050_037','051_040'
'050_038','051_025'
'050_039','051_033'
'050_040','051_037'
'050_041','051_032'
'050_042','051_052'
'050_043','051_054'
'050_044','051_069'
'050_045','051_065'
'050_046','051_058'
'050_047','051_046'
'050_048','051_061'
'050_049','051_056'
'050_050','051_049'
'050_051','051_067'
'050_052','051_045'
'050_053','051_060'
'050_054','051_041'
'050_055','051_050'
'050_056','051_063'
'050_057','051_062'
'050_058','051_008'
'050_059','051_048'
'050_060','051_042'
'050_061','051_059'
'050_062','051_064'
'050_063','051_020'
'050_064','051_051'
'050_065','051_055'
'050_066','051_053'
'050_067','051_068'
'050_067','051_070'
'050_068','051_057'
'050_069','051_072'
'050_070','051_066'
'050_071','051_071'
'051_001','052_012'
'051_002','052_055'
'051_003','052_003'
'051_004','052_027'
'051_005','052_010'
'051_006','052_011'
'051_007','052_020'
'051_008','052_005'
'051_009','052_014'
'051_010','052_024'
'051_011','052_035'
'051_012','052_052'
'051_013','052_007'
'051_014','052_016'
'051_015','052_006'
'051_016','052_015'
'051_017','052_033'
'051_018','052_013'
'051_019','052_037'
'051_020','052_022'
'051_021','052_009'
'051_022','052_032'
'051_023','052_034'
'051_024','052_047'
'051_025','052_048'
'051_026','052_021'
'051_027','052_023'
'051_028','052_031'
'051_029','052_041'
'051_030','052_001'
'051_031','052_043'
'051_032','052_026'
'051_033','052_025'
'051_034','052_038'
'051_035','052_019'
'051_036','052_051'
'051_037','052_004'
'051_038','052_030'
'051_039','052_040'
'051_040','052_039'
'051_041','052_059'
'051_042','052_054'
'051_043','052_044'
'051_044','052_061'
'051_045','052_056'
'051_046','052_045'
'051_047','052_050'
'051_048','052_036'
'051_049','052_053'
'051_050','052_065'
'051_050','052_073'
'051_051','052_018'
'051_052','052_002'
'051_053','052_063'
'051_054','052_029'
'051_055','052_017'
'051_056','052_008'
'051_057','052_066'
'051_058','052_046'
'051_059','052_069'
'051_060','052_070'
'051_061','052_062'
'051_062','052_049'
'051_063','052_067'
'051_064','052_071'
'051_065','052_058'
'051_066','052_057'
'051_067','052_068'
'051_068','052_028'
'051_069','052_060'
'051_070','052_042'
'051_071','052_064'
'051_072','052_072'
'052_001','053_023'
'052_002','053_025'
'052_003','053_001'
'052_004','053_047'
'052_005','053_067'
'052_005','053_073'
'052_006','053_022'
'052_007','053_010'
'052_008','053_060'
'052_008','053_063'
'052_009','053_013'
'052_010','053_018'
'052_011','053_024'
'052_012','053_004'
'052_013','053_017'
'052_014','053_020'
'052_015','053_041'
'052_016','053_015'
'052_017','053_016'
'052_018','053_068'
'052_019','053_009'
'052_020','053_002'
'052_021','053_014'
'052_022','053_031'
'052_023','053_012'
'052_024','053_027'
'052_025','053_032'
'052_026','053_008'
'052_027','053_049'
'052_028','053_006'
'052_029','053_066'
'052_030','053_003'
'052_031','053_045'
'052_032','053_057'
'052_033','053_005'
'052_034','053_019'
'052_035','053_035'
'052_036','053_042'
'052_037','053_037'
'052_038','053_040'
'052_039','053_007'
'052_040','053_046'
'052_041','053_011'
'052_042','053_026'
'052_043','053_053'
'052_044','053_036'
'052_045','053_028'
'052_046','053_064'
'052_047','053_039'
'052_048','053_030'
'052_049','053_054'
'052_050','053_038'
'052_051','053_033'
'052_052','053_021'
'052_053','053_061'
'052_054','053_055'
'052_055','053_043'
'052_056','053_056'
'052_057','053_071'
'052_058','053_050'
'052_059','053_062'
'052_060','053_034'
'052_061','053_052'
'052_062','053_058'
'052_063','053_048'
'052_064','053_044'
'052_065','053_029'
'052_066','053_070'
'052_067','053_051'
'052_068','053_065'
'052_069','053_059'
'052_070','053_074'
'052_071','053_069'
'052_072','053_072'
'052_073','053_075'
'053_001','054_056'
'053_002','054_046'
'053_003','054_023'
'053_004','054_013'
'053_005','054_034'
'053_006','054_005'
'053_007','054_017'
'053_008','054_053'
'053_009','054_002'
'053_010','054_036'
'053_011','054_079'
'053_012','054_026'
'053_013','054_006'
'053_013','054_014'
'053_014','054_066'
'053_015','054_018'
'053_016','054_007'
'053_017','054_019'
'053_018','054_009'
'053_019','054_063'
'053_020','054_057'
'053_021','054_039'
'053_022','054_011'
'053_023','054_001'
'053_024','054_050'
'053_025','054_064'
'053_025','054_077'
'053_026','054_028'
'053_027','054_030'
'053_028','054_042'
'053_029','054_029'
'053_030','054_062'
'053_031','054_015'
'053_032','054_016'
'053_033','054_012'
'053_034','054_027'
'053_035','054_020'
'053_036','054_004'
'053_037','054_054'
'053_038','054_024'
'053_039','054_067'
'053_040','054_070'
'053_041','054_010'
'053_042','054_025'
'053_043','054_033'
'053_044','054_044'
'053_044','054_065'
'053_045','054_032'
'053_046','054_035'
'053_047','054_022'
'053_048','054_037'
'053_049','054_021'
'053_050','054_073'
'053_051','054_045'
'053_052','054_040'
'053_053','054_072'
'053_054','054_041'
'053_055','054_038'
'053_056','054_055'
'053_057','054_068'
'053_058','054_058'
'053_059','054_078'
'053_060','054_043'
'053_061','054_047'
'053_062','054_069'
'053_063','054_003'
'053_064','054_052'
'053_065','054_051'
'053_066','054_061'
'053_067','054_048'
'053_068','054_049'
'053_068','054_074'
'053_069','054_060'
'053_070','054_075'
'053_071','054_059'
'053_072','054_076'
'053_073','054_008'
'053_074','054_071'
'053_075','054_031'
'054_001','055_031'
'054_002','055_007'
'054_003','055_005'
'054_004','055_010'
'054_005','055_029'
'054_006','055_063'
'054_007','055_012'
'054_008','055_006'
'054_009','055_002'
'054_010','055_018'
'054_011','055_009'
'054_012','055_021'
'054_013','055_034'
'054_014','055_001'
'054_015','055_045'
'054_016','055_014'
'054_017','055_025'
'054_018','055_024'
'054_019','055_017'
'054_020','055_036'
'054_021','055_003'
'054_022','055_049'
'054_023','055_061'
'054_023','055_078'
'054_024','055_040'
'054_025','055_066'
'054_026','055_027'
'054_027','055_028'
'054_028','055_013'
'054_029','055_065'
'054_030','055_019'
'054_031','055_022'
'054_032','055_042'
'054_033','055_030'
'054_034','055_015'
'054_035','055_068'
'054_036','055_008'
'054_037','055_073'
'054_038','055_053'
'054_039','055_004'
'054_040','055_059'
'054_041','055_046'
'054_042','055_050'
'054_043','055_032'
'054_044','055_057'
'054_045','055_048'
'054_046','055_041'
'054_047','055_020'
'054_048','055_052'
'054_049','055_023'
'054_050','055_056'
'054_051','055_069'
'054_052','055_055'
'054_053','055_051'
'054_054','055_033'
'054_055','055_062'
'054_056','055_026'
'054_057','055_039'
'054_058','055_047'
'054_059','055_054'
'054_060','055_072'
'054_061','055_037'
'054_062','055_035'
'054_063','055_043'
'054_064','055_011'
'054_065','055_058'
'054_066','055_076'
'054_067','055_064'
'054_068','055_067'
'054_069','055_038'
'054_070','055_070'
'054_071','055_075'
'054_072','055_079'
'054_073','055_071'
'054_074','055_044'
'054_075','055_080'
'054_076','055_074'
'054_077','055_016'
'054_078','055_077'
'054_079','055_060'
'055_001','056_019'
'055_002','056_050'
'055_003','056_027'
'055_004','056_034'
'055_005','056_002'
'055_006','056_039'
'055_007','056_032'
'055_008','056_004'
'055_009','056_028'
'055_010','056_009'
'055_011','056_049'
'055_012','056_048'
'055_013','056_011'
'055_014','056_017'
'055_015','056_023'
'055_016','056_025'
'055_017','056_016'
'055_018','056_008'
'055_019','056_020'
'055_020','056_040'
'055_021','056_047'
'055_022','056_010'
'055_023','056_033'
'055_024','056_012'
'055_025','056_018'
'055_026','056_014'
'055_027','056_024'
'055_028','056_073'
'055_029','056_007'
'055_030','056_030'
'055_031','056_003'
'055_032','056_015'
'055_033','056_005'
'055_034','056_079'
'055_035','056_051'
'055_036','056_041'
'055_037','056_038'
'055_038','056_077'
'055_039','056_022'
'055_040','056_042'
'055_041','056_080'
'055_042','056_021'
'055_043','056_031'
'055_044','056_001'
'055_045','056_029'
'055_046','056_037'
'055_047','056_046'
'055_048','056_043'
'055_049','056_056'
'055_050','056_013'
'055_051','056_006'
'055_052','056_064'
'055_053','056_052'
'055_054','056_066'
'055_055','056_035'
'055_056','056_062'
'055_057','056_057'
'055_058','056_054'
'055_059','056_069'
'055_060','056_083'
'055_061','056_060'
'055_062','056_061'
'055_063','056_044'
'055_064','056_026'
'055_065','056_072'
'055_066','056_076'
'055_067','056_036'
'055_067','056_081'
'055_068','056_058'
'055_068','056_070'
'055_069','056_045'
'055_070','056_059'
'055_071','056_071'
'055_072','056_068'
'055_073','056_053'
'055_073','056_055'
'055_074','056_074'
'055_075','056_078'
'055_076','056_063'
'055_077','056_082'
'055_078','056_075'
'055_079','056_067'
'055_079','056_084'
'055_080','056_065'
'056_001','057_031'
'056_002','057_023'
'056_003','057_003'
'056_004','057_001'
'056_005','057_024'
'056_006','057_008'
'056_007','057_005'
'056_008','057_020'
'056_009','057_013'
'056_010','057_004'
'056_011','057_016'
'056_012','057_019'
'056_013','057_035'
'056_014','057_018'
'056_015','057_012'
'056_016','057_011'
'056_017','057_002'
'056_018','057_028'
'056_019','057_026'
'056_020','057_006'
'056_021','057_009'
'056_022','057_033'
'056_023','057_049'
'056_024','057_051'
'056_025','057_041'
'056_026','057_022'
'056_027','057_014'
'056_028','057_017'
'056_029','057_036'
'056_030','057_052'
'056_031','057_047'
'056_032','057_048'
'056_033','057_050'
'056_034','057_057'
'056_035','057_027'
'056_036','057_072'
'056_037','057_021'
'056_038','057_045'
'056_039','057_064'
'056_040','057_034'
'056_041','057_040'
'056_042','057_038'
'056_043','057_042'
'056_044','057_066'
'056_045','057_056'
'056_046','057_032'
'056_047','057_030'
'056_048','057_053'
'056_049','057_059'
'056_050','057_067'
'056_051','057_044'
'056_052','057_025'
'056_053','057_029'
'056_054','057_046'
'056_055','057_037'
'056_056','057_069'
'056_057','057_061'
'056_058','057_010'
'056_059','057_068'
'056_060','057_055'
'056_061','057_070'
'056_062','057_062'
'056_063','057_071'
'056_064','057_043'
'056_065','057_076'
'056_066','057_079'
'056_067','057_063'
'056_068','057_078'
'056_069','057_060'
'056_070','057_007'
'056_071','057_073'
'056_072','057_075'
'056_073','057_065'
'056_074','057_074'
'056_075','057_058'
'056_076','057_081'
'056_076','057_083'
'056_077','057_054'
'056_078','057_080'
'056_079','057_084'
'056_080','057_077'
'056_081','057_015'
'056_082','057_082'
'056_083','057_085'
'056_084','057_039'
'057_001','058_002'
'057_002','058_017'
'057_003','058_001'
'057_004','058_023'
'057_005','058_012'
'057_006','058_031'
'057_007','058_006'
'057_008','058_003'
'057_009','058_004'
'057_010','058_020'
'057_011','058_025'
'057_012','058_014'
'057_013','058_009'
'057_014','058_008'
'057_015','058_015'
'057_016','058_019'
'057_017','058_027'
'057_018','058_013'
'057_019','058_010'
'057_020','058_007'
'057_021','058_037'
'057_022','058_069'
'057_023','058_021'
'057_024','058_030'
'057_025','058_067'
'057_026','058_054'
'057_027','058_026'
'057_028','058_084'
'057_029','058_045'
'057_030','058_018'
'057_031','058_042'
'057_032','058_044'
'057_033','058_005'
'057_034','058_035'
'057_035','058_028'
'057_036','058_043'
'057_037','058_024'
'057_038','058_022'
'057_039','058_016'
'057_040','058_060'
'057_041','058_049'
'057_042','058_072'
'057_043','058_052'
'057_044','058_036'
'057_045','058_040'
'057_046','058_034'
'057_047','058_033'
'057_048','058_055'
'057_049','058_038'
'057_050','058_032'
'057_051','058_041'
'057_052','058_048'
'057_053','058_063'
'057_054','058_059'
'057_055','058_051'
'057_056','058_050'
'057_057','058_039'
'057_058','058_057'
'057_059','058_066'
'057_060','058_061'
'057_061','058_075'
'057_062','058_065'
'057_063','058_011'
'057_064','058_058'
'057_065','058_062'
'057_066','058_047'
'057_067','058_046'
'057_068','058_029'
'057_069','058_064'
'057_070','058_056'
'057_071','058_053'
'057_072','058_086'
'057_073','058_077'
'057_074','058_071'
'057_075','058_070'
'057_076','058_076'
'057_077','058_074'
'057_078','058_080'
'057_079','058_081'
'057_079','058_082'
'057_080','058_079'
'057_081','058_068'
'057_082','058_083'
'057_083','058_123'
'057_084','058_078'
'057_085','058_073'
'057_085','058_085'
'058_001','059_001'
'058_002','059_058'
'058_003','059_051'
'058_004','059_071'
'058_005','059_042'
'058_006','059_046'
'058_007','059_015'
'058_008','059_022'
'058_009','059_047'
'058_010','059_037'
'058_011','059_025'
'058_012','059_021'
'058_013','059_006'
'058_014','059_039'
'058_015','059_026'
'058_016','059_010'
'058_017','059_035'
'058_018','059_068'
'058_019','059_034'
'058_020','059_024'
'058_021','059_080'
'058_022','059_063'
'058_023','059_002'
'058_024','059_033'
'058_025','059_049'
'058_026','059_064'
'058_027','059_027'
'058_028','059_012'
'058_029','059_004'
'058_030','059_017'
'058_031','059_043'
'058_032','059_074'
'058_033','059_040'
'058_034','059_061'
'058_035','059_055'
'058_036','059_072'
'058_037','059_060'
'058_038','059_036'
'058_039','059_050'
'058_040','059_044'
'058_041','059_078'
'058_042','059_077'
'058_043','059_007'
'058_044','059_057'
'058_045','059_030'
'058_046','059_056'
'058_047','059_019'
'058_048','059_062'
'058_049','059_028'
'058_050','059_029'
'058_051','059_016'
'058_052','059_065'
'058_053','059_008'
'058_054','059_048'
'058_055','059_014'
'058_056','059_070'
'058_057','059_041'
'058_058','059_045'
'058_059','059_031'
'058_060','059_003'
'058_061','059_075'
'058_062','059_013'
'058_063','059_018'
'058_064','059_023'
'058_065','059_005'
'058_066','059_032'
'058_067','059_009'
'058_068','059_079'
'058_069','059_082'
'058_070','059_052'
'058_071','059_085'
'058_072','059_084'
'058_073','059_020'
'058_074','059_054'
'058_075','059_011'
'058_076','059_086'
'058_077','059_066'
'058_078','059_073'
'058_079','059_083'
'058_080','059_081'
'058_081','059_076'
'058_082','059_059'
'058_083','059_069'
'058_084','059_087'
'058_085','059_038'
'058_086','059_053'
'058_123','059_067'
'059_001','060_005'
'059_002','060_062'
'059_003','060_034'
'059_004','060_032'
'059_005','060_040'
'059_006','060_019'
'059_007','060_037'
'059_008','060_010'
'059_009','060_008'
'059_010','060_092'
'059_011','060_089'
'059_012','060_015'
'059_013','060_055'
'059_014','060_018'
'059_015','060_014'
'059_016','060_064'
'059_017','060_091'
'059_018','060_042'
'059_019','060_043'
'059_020','060_059'
'059_021','060_074'
'059_022','060_053'
'059_023','060_039'
'059_024','060_025'
'059_025','060_028'
'059_026','060_006'
'059_027','060_084'
'059_027','060_084'
'059_027','060_084'
'059_028','060_056'
'059_029','060_050'
'059_030','060_073'
'059_031','060_024'
'059_032','060_080'
'059_033','060_045'
'059_034','060_046'
'059_035','060_011'
'059_036','060_012'
'059_037','060_021'
'059_038','060_061'
'059_039','060_027'
'059_040','060_004'
'059_041','060_026'
'059_042','060_017'
'059_043','060_051'
'059_044','060_009'
'059_045','060_044'
'059_046','060_047'
'059_047','060_013'
'059_048','060_003'
'059_049','060_022'
'059_050','060_007'
'059_051','060_052'
'059_052','060_065'
'059_053','060_002'
'059_054','060_035'
'059_055','060_058'
'059_056','060_001'
'059_057','060_070'
'059_058','060_038'
'059_059','060_076'
'059_060','060_054'
'059_060','060_082'
'059_061','060_023'
'059_062','060_016'
'059_063','060_020'
'059_064','060_079'
'059_065','060_048'
'059_066','060_063'
'059_067','060_071'
'059_068','060_049'
'059_069','060_086'
'059_070','060_057'
'059_071','060_067'
'059_072','060_029'
'059_073','060_030'
'059_074','060_066'
'059_075','060_060'
'059_076','060_075'
'059_077','060_081'
'059_078','060_041'
'059_079','060_069'
'059_080','060_031'
'059_081','060_068'
'059_082','060_033'
'059_083','060_083'
'059_084','060_036'
'059_085','060_072'
'059_086','060_077'
'059_087','060_078'
'060_001','061_053'
'060_001','061_063'
'060_002','061_043'
'060_003','061_050'
'060_004','061_101'
'060_005','061_015'
'060_006','061_062'
'060_007','061_061'
'060_008','061_036'
'060_009','061_035'
'060_010','061_018'
'060_011','061_057'
'060_012','061_024'
'060_013','061_016'
'060_014','061_034'
'060_015','061_072'
'060_016','061_022'
'060_017','061_033'
'060_018','061_059'
'060_019','061_011'
'060_020','061_047'
'060_021','061_048'
'060_022','061_102'
'060_023','061_010'
'060_024','061_039'
'060_025','061_023'
'060_026','061_046'
'060_027','061_031'
'060_028','061_012'
'060_029','061_051'
'060_030','061_300'
'060_031','061_025'
'060_032','061_013'
'060_033','061_066'
'060_034','061_021'
'060_035','061_045'
'060_036','061_029'
'060_037','061_037'
'060_038','061_074'
'060_039','061_079'
'060_040','061_032'
'060_041','061_004'
'060_042','061_030'
'060_043','061_054'
'060_044','061_028'
'060_045','061_083'
'060_046','061_077'
'060_047','061_014'
'060_048','061_064'
'060_049','061_001'
'060_050','061_019'
'060_051','061_017'
'060_052','061_044'
'060_053','061_008'
'060_054','061_038'
'060_055','061_065'
'060_055','061_073'
'060_056','061_058'
'060_057','061_076'
'060_058','061_200'
'060_059','061_056'
'060_060','061_052'
'060_061','061_203'
'060_062','061_002'
'060_063','061_055'
'060_064','061_067'
'060_065','061_081'
'060_066','061_075'
'060_067','061_104'
'060_068','061_049'
'060_069','061_080'
'060_070','061_007'
'060_071','061_040'
'060_072','061_100'
'060_073','061_068'
'060_074','061_041'
'060_075','061_026'
'060_076','061_020'
'060_077','061_027'
'060_078','061_042'
'060_079','061_060'
'060_080','061_069'
'060_081','061_084'
'060_082','061_005'
'060_083','061_009'
'060_084','061_071'
'060_089','061_070'
'060_091','061_078'
'060_092','061_240'
'060_300','061_082'
'061_001','062_009'
'061_002','062_019'
'061_004','062_039'
'061_005','062_058'
'061_007','062_400'
'061_008','062_035'
'061_009','062_001'
'061_010','062_018'
'061_011','062_042'
'061_012','062_101'
'061_013','062_005'
'061_014','062_057'
'061_015','062_056'
'061_016','062_032'
'061_017','062_069'
'061_018','062_003'
'061_019','062_017'
'061_020','062_015'
'061_021','062_028'
'061_022','062_022'
'061_023','062_037'
'061_024','062_011'
'061_025','062_059'
'061_026','062_067'
'061_027','062_033'
'061_028','062_073'
'061_029','062_341'
'061_030','062_088'
'061_031','062_004'
'061_033','062_020'
'061_034','062_027'
'061_035','062_036'
'061_036','062_023'
'061_037','062_053'
'061_038','062_008'
'061_039','062_012'
'061_040','062_025'
'061_041','062_045'
'061_042','062_013'
'061_043','062_060'
'061_044','062_026'
'061_045','062_065'
'061_046','062_024'
'061_047','062_054'
'061_048','062_052'
'061_049','062_016'
'061_050','062_010'
'061_051','062_031'
'061_052','062_050'
'061_052','062_076'
'061_053','062_075'
'061_054','062_007'
'061_055','062_079'
'061_056','062_034'
'061_057','062_343'
'061_058','062_080'
'061_059','062_041'
'061_060','062_081'
'061_061','062_048'
'061_062','062_046'
'061_063','062_021'
'061_064','062_070'
'061_065','062_074'
'061_066','062_066'
'061_067','062_072'
'061_068','062_044'
'061_069','062_051'
'061_070','062_077'
'061_071','062_038'
'061_072','062_043'
'061_073','062_063'
'061_074','062_029'
'061_075','062_030'
'061_076','062_064'
'061_077','062_040'
'061_078','062_092'
'061_079','062_071'
'061_080','062_078'
'061_081','062_068'
'061_082','062_085'
'061_083','062_062'
'061_084','062_082'
'061_100','062_102'
'061_101','062_103'
'061_102','062_061'
'061_104','062_055'
'061_200','062_002'
'061_203','062_340'
'061_240','062_100'
'061_300','062_342'
'062_001','063_003'
'062_002','063_005'
'062_003','063_002'
'062_004','063_014'
'062_005','063_025'
'062_007','063_023'
'062_008','063_051'
'062_009','063_011'
'062_010','063_016'
'062_011','063_007'
'062_012','063_030'
'062_013','063_004'
'062_015','063_008'
'062_016','063_009'
'062_017','063_027'
'062_018','063_012'
'062_019','063_056'
'062_020','063_057'
'062_021','063_048'
'062_022','063_037'
'062_023','063_031'
'062_024','063_026'
'062_025','063_055'
'062_026','063_010'
'062_027','063_050'
'062_028','063_043'
'062_029','063_061'
'062_030','063_015'
'062_031','063_024'
'062_032','063_080'
'062_033','063_020'
'062_034','063_500'
'062_035','063_073'
'062_036','063_017'
'062_037','063_062'
'062_038','063_001'
'062_039','063_070'
'062_040','063_072'
'062_041','063_040'
'062_042','063_035'
'062_043','063_077'
'062_044','063_047'
'062_045','063_021'
'062_046','063_029'
'062_048','063_078'
'062_050','063_046'
'062_051','063_028'
'062_052','063_064'
'062_053','063_052'
'062_054','063_068'
'062_055','063_022'
'062_056','063_013'
'062_057','063_059'
'062_058','063_018'
'062_059','063_063'
'062_060','063_041'
'062_061','063_053'
'062_062','063_081'
'062_063','063_076'
'062_064','063_049'
'062_065','063_044'
'062_066','063_038'
'062_067','063_054'
'062_068','063_042'
'062_069','063_019'
'062_070','063_060'
'062_071','063_069'
'062_072','063_045'
'062_073','063_058'
'062_074','063_074'
'062_075','063_071'
'062_076','063_032'
'062_078','063_082'
'062_079','063_079'
'062_080','063_083'
'062_081','063_065'
'062_082','063_067'
'062_085','063_066'
'062_088','063_075'
'062_100','063_200'
'062_101','063_033'
'062_102','063_100'
'062_103','063_101'
'062_340','063_201'
'062_341','063_102'
'062_342','063_084'
'062_343','063_006'
'062_400','063_094'
'063_001','064_004'
'063_002','064_014'
'063_003','064_106'
'063_004','064_052'
'063_005','064_006'
'063_006','064_047'
'063_007','064_105'
'063_008','064_022'
'063_009','064_104'
'063_010','064_086'
'063_011','064_060'
'063_012','064_056'
'063_013','064_011'
'063_014','064_029'
'063_015','064_031'
'063_016','064_013'
'063_017','064_035'
'063_018','064_068'
'063_019','064_400'
'063_020','064_078'
'063_021','064_009'
'063_022','064_071'
'063_023','064_027'
'063_024','064_037'
'063_025','064_015'
'063_026','064_017'
'063_027','064_038'
'063_028','064_080'
'063_029','064_046'
'063_030','064_034'
'063_031','064_018'
'063_032','064_032'
'063_033','064_876'
'063_035','064_059'
'063_037','064_041'
'063_038','064_039'
'063_040','064_057'
'063_041','064_021'
'063_042','064_092'
'063_043','064_019'
'063_044','064_064'
'063_045','064_063'
'063_046','064_040'
'063_047','064_065'
'063_048','064_070'
'063_049','064_066'
'063_050','064_045'
'063_051','064_048'
'063_052','064_025'
'063_053','064_033'
'063_054','064_050'
'063_055','064_055'
'063_056','064_030'
'063_057','064_072'
'063_058','064_081'
'063_059','064_043'
'063_060','064_074'
'063_061','064_082'
'063_062','064_010'
'063_063','064_062'
'063_064','064_007'
'063_065','064_005'
'063_066','064_500'
'063_067','064_058'
'063_068','064_049'
'063_069','064_054'
'063_070','064_036'
'063_071','064_069'
'063_072','064_012'
'063_073','064_088'
'063_074','064_067'
'063_075','064_073'
'063_075','064_100'
'063_076','064_061'
'063_077','064_020'
'063_077','064_044'
'063_078','064_042'
'063_079','064_079'
'063_080','064_024'
'063_080','064_026'
'063_081','064_084'
'063_082','064_083'
'063_083','064_053'
'063_084','064_023'
'063_094','064_016'
'063_100','064_102'
'063_101','064_103'
'063_102','064_051'
'063_200','064_028'
'063_201','064_085'
'063_500','064_008'
'064_004','065_023'
'064_005','065_009'
'064_006','065_013'
'064_007','065_038'
'064_008','065_106'
'064_009','065_014'
'064_010','065_029'
'064_011','065_015'
'064_012','065_011'
'064_013','065_074'
'064_014','065_026'
'064_015','065_048'
'064_016','065_020'
'064_017','065_019'
'064_018','065_058'
'064_019','065_080'
'064_020','065_051'
'064_021','065_018'
'064_022','065_035'
'064_023','065_007'
'064_024','065_016'
'064_025','065_039'
'064_026','065_010'
'064_027','065_046'
'064_028','065_034'
'064_029','065_077'
'064_030','065_063'
'064_031','065_024'
'064_032','065_060'
'064_033','065_030'
'064_034','065_054'
'064_035','065_042'
'064_036','065_064'
'064_037','065_040'
'064_038','065_041'
'064_039','065_056'
'064_040','065_055'
'064_041','065_022'
'064_042','065_062'
'064_043','065_061'
'064_044','065_017'
'064_045','065_090'
'064_046','065_031'
'064_047','065_002'
'064_048','065_067'
'064_049','065_036'
'064_050','065_047'
'064_051','065_050'
'064_052','065_025'
'064_052','065_052'
'064_053','065_033'
'064_054','065_037'
'064_055','065_032'
'064_056','065_006'
'064_057','065_065'
'064_058','065_049'
'064_059','065_057'
'064_060','065_027'
'064_061','065_070'
'064_062','065_076'
'064_063','065_045'
'064_064','065_068'
'064_065','065_075'
'064_066','065_066'
'064_067','065_069'
'064_068','065_071'
'064_069','065_078'
'064_070','065_053'
'064_071','065_043'
'064_072','065_028'
'064_073','065_059'
'064_074','065_072'
'064_075','065_091'
'064_078','065_092'
'064_079','065_082'
'064_080','065_079'
'064_081','065_073'
'064_082','065_101'
'064_082','065_103'
'064_083','065_083'
'064_084','065_084'
'064_085','065_094'
'064_086','065_044'
'064_086','065_102'
'064_088','065_104'
'064_092','065_086'
'064_100','065_088'
'064_102','065_105'
'064_103','065_008'
'064_104','065_200'
'064_105','065_004'
'064_106','065_003'
'064_400','065_085'
'064_500','065_107'
'064_876','065_845'
'065_002','066_009'
'065_002','066_065'
'065_003','066_095'
'065_004','066_043'
'065_006','066_008'
'065_007','066_041'
'065_008','066_021'
'065_009','066_023'
'065_009','066_030'
'065_010','066_007'
'065_011','066_042'
'065_013','066_001'
'065_014','066_019'
'065_015','066_014'
'065_016','066_039'
'065_017','066_016'
'065_018','066_006'
'065_019','066_055'
'065_020','066_018'
'065_022','066_066'
'065_023','066_002'
'065_024','066_073'
'065_025','066_093'
'065_026','066_035'
'065_027','066_010'
'065_028','066_054'
'065_029','066_013'
'065_030','066_034'
'065_031','066_027'
'065_032','066_012'
'065_033','066_056'
'065_034','066_100'
'065_035','066_025'
'065_036','066_040'
'065_037','066_084'
'065_038','066_017'
'065_039','066_044'
'065_040','066_045'
'065_041','066_051'
'065_042','066_005'
'065_043','066_082'
'065_044','066_015'
'065_045','066_038'
'065_046','066_074'
'065_047','066_064'
'065_048','066_028'
'065_049','066_069'
'065_050','066_063'
'065_051','066_050'
'065_052','066_061'
'065_053','066_058'
'065_054','066_031'
'065_055','066_032'
'065_056','066_033'
'065_057','066_037'
'065_058','066_060'
'065_059','066_094'
'065_060','066_047'
'065_061','066_026'
'065_062','066_052'
'065_063','066_062'
'065_064','066_081'
'065_065','066_036'
'065_066','066_070'
'065_067','066_083'
'065_068','066_029'
'065_069','066_077'
'065_070','066_067'
'065_071','066_088'
'065_072','066_079'
'065_073','066_087'
'065_074','066_024'
'065_075','066_049'
'065_076','066_068'
'065_077','066_020'
'065_078','066_080'
'065_079','066_086'
'065_080','066_046'
'065_080','066_075'
'065_082','066_057'
'065_083','066_091'
'065_084','066_090'
'065_085','066_534'
'065_086','066_097'
'065_088','066_059'
'065_090','066_076'
'065_091','066_098'
'065_092','066_078'
'065_094','066_106'
'065_101','066_092'
'065_102','066_053'
'065_103','066_200'
'065_104','066_071'
'065_105','066_101'
'065_106','066_107'
'065_107','066_105'
'065_200','066_004'
'065_845','066_022'
'066_001','067_008'
'066_002','067_015'
'066_004','067_005'
'066_005','067_006'
'066_006','067_030'
'066_007','067_020'
'066_008','067_049'
'066_009','067_036'
'066_010','067_055'
'066_011','067_021'
'066_012','067_004'
'066_013','067_007'
'066_014','067_056'
'066_015','067_066'
'066_016','067_067'
'066_017','067_017'
'066_018','067_073'
'066_019','067_044'
'066_020','067_035'
'066_021','067_052'
'066_022','067_037'
'066_023','067_050'
'066_024','067_047'
'066_025','067_032'
'066_026','067_029'
'066_027','067_038'
'066_028','067_058'
'066_029','067_039'
'066_030','067_086'
'066_031','067_059'
'066_032','067_043'
'066_033','067_042'
'066_034','067_048'
'066_035','067_046'
'066_036','067_040'
'066_037','067_112'
'066_038','067_010'
'066_039','067_028'
'066_040','067_034'
'066_041','067_011'
'066_042','067_012'
'066_043','067_001'
'066_044','067_016'
'066_044','067_110'
'066_045','067_076'
'066_046','067_068'
'066_047','067_045'
'066_049','067_064'
'066_050','067_026'
'066_051','067_051'
'066_052','067_065'
'066_053','067_075'
'066_054','067_027'
'066_055','067_078'
'066_056','067_069'
'066_057','067_022'
'066_058','067_071'
'066_059','067_018'
'066_060','067_079'
'066_061','067_082'
'066_062','067_014'
'066_063','067_025'
'066_064','067_033'
'066_065','067_062'
'066_066','067_013'
'066_066','067_031'
'066_067','067_081'
'066_068','067_053'
'066_069','067_083'
'066_070','067_074'
'066_071','067_104'
'066_073','067_070'
'066_074','067_054'
'066_075','067_023'
'066_076','067_061'
'066_077','067_072'
'066_078','067_003'
'066_079','067_063'
'066_080','067_080'
'066_081','067_095'
'066_082','067_088'
'066_083','067_092'
'066_084','067_087'
'066_086','067_057'
'066_087','067_091'
'066_088','067_090'
'066_090','067_084'
'066_091','067_093'
'066_092','067_024'
'066_093','067_094'
'066_094','067_100'
'066_095','067_105'
'066_097','067_097'
'066_098','067_077'
'066_100','067_114'
'066_101','067_103'
'066_105','067_106'
'066_106','067_108'
'066_107','067_107'
'066_200','067_041'
'066_534','067_534'
'066_902','067_060'
'066_905','067_905'
'067_001','068_104'
'067_003','068_301'
'067_004','068_014'
'067_005','068_002'
'067_006','068_012'
'067_007','068_008'
'067_008','068_003'
'067_010','068_011'
'067_011','068_007'
'067_012','068_022'
'067_013','068_068'
'067_014','068_010'
'067_015','068_072'
'067_016','068_089'
'067_017','068_024'
'067_018','068_063'
'067_020','068_025'
'067_021','068_101'
'067_022','068_032'
'067_023','068_028'
'067_024','068_013'
'067_025','068_035'
'067_026','068_020'
'067_027','068_048'
'067_028','068_065'
'067_029','068_040'
'067_030','068_042'
'067_031','068_016'
'067_032','068_037'
'067_033','068_021'
'067_034','068_064'
'067_035','068_033'
'067_036','068_036'
'067_037','068_027'
'067_038','068_056'
'067_039','068_062'
'067_040','068_058'
'067_041','068_030'
'067_042','068_047'
'067_043','068_041'
'067_044','068_051'
'067_045','068_059'
'067_046','068_038'
'067_047','068_031'
'067_048','068_015'
'067_049','068_006'
'067_050','068_057'
'067_051','068_017'
'067_052','068_044'
'067_053','068_073'
'067_054','068_067'
'067_055','068_045'
'067_056','068_046'
'067_057','068_074'
'067_058','068_034'
'067_059','068_079'
'067_060','068_907'
'067_061','068_023'
'067_062','068_005'
'067_063','068_026'
'067_064','068_070'
'067_065','068_066'
'067_066','068_019'
'067_067','068_054'
'067_068','068_009'
'067_069','068_060'
'067_070','068_029'
'067_071','068_075'
'067_072','068_081'
'067_073','068_018'
'067_074','068_069'
'067_075','068_053'
'067_076','068_076'
'067_077','068_106'
'067_078','068_077'
'067_079','068_050'
'067_080','068_080'
'067_081','068_071'
'067_082','068_078'
'067_083','068_049'
'067_084','068_061'
'067_086','068_082'
'067_087','068_086'
'067_088','068_083'
'067_090','068_084'
'067_091','068_085'
'067_092','068_088'
'067_093','068_087'
'067_095','068_200'
'067_096','068_906'
'067_097','068_300'
'067_100','068_107'
'067_103','068_043'
'067_104','068_039'
'067_105','068_105'
'067_106','068_102'
'067_107','068_103'
'067_108','068_091'
'067_110','068_201'
'067_112','068_055'
'067_114','068_100'
'067_534','068_435'
'067_905','068_905'
'068_002','069_006'
'068_003','069_003'
'068_005','069_018'
'068_006','069_011'
'068_007','069_049'
'068_008','069_010'
'068_009','069_094'
'068_010','069_004'
'068_011','069_016'
'068_012','069_031'
'068_013','069_015'
'068_014','069_053'
'068_015','069_047'
'068_016','069_022'
'068_017','069_030'
'068_018','069_034'
'068_019','069_039'
'068_020','069_071'
'068_021','069_045'
'068_022','069_033'
'068_023','069_017'
'068_024','069_020'
'068_025','069_054'
'068_026','069_073'
'068_027','069_012'
'068_028','069_013'
'068_029','069_064'
'068_030','069_067'
'068_031','069_060'
'068_032','069_014'
'068_032','069_069'
'068_033','069_035'
'068_034','069_074'
'068_035','069_028'
'068_036','069_008'
'068_037','069_058'
'068_038','069_021'
'068_039','069_103'
'068_040','069_050'
'068_041','069_038'
'068_042','069_025'
'068_043','069_037'
'068_044','069_024'
'068_045','069_007'
'068_046','069_009'
'068_047','069_019'
'068_048','069_005'
'068_049','069_044'
'068_050','069_062'
'068_051','069_029'
'068_053','069_027'
'068_054','069_052'
'068_055','069_063'
'068_055','069_083'
'068_056','069_059'
'068_057','069_055'
'068_058','069_036'
'068_059','069_043'
'068_060','069_076'
'068_061','069_066'
'068_062','069_056'
'068_063','069_110'
'068_064','069_057'
'068_065','069_048'
'068_066','069_023'
'068_067','069_077'
'068_068','069_046'
'068_069','069_079'
'068_070','069_075'
'068_071','069_068'
'068_072','069_104'
'068_073','069_065'
'068_074','069_080'
'068_075','069_085'
'068_076','069_026'
'068_077','069_082'
'068_078','069_061'
'068_079','069_051'
'068_080','069_084'
'068_081','069_072'
'068_082','069_081'
'068_083','069_091'
'068_083','069_100'
'068_084','069_070'
'068_085','069_089'
'068_086','069_086'
'068_087','069_088'
'068_088','069_087'
'068_089','069_040'
'068_091','069_095'
'068_100','069_101'
'068_101','069_123'
'068_102','069_002'
'068_103','069_001'
'068_104','069_115'
'068_105','069_304'
'068_106','069_042'
'068_107','069_102'
'068_200','069_092'
'068_201','069_096'
'068_300','069_113'
'068_435','069_090'
'068_906','069_906'
'069_001','070_019'
'069_002','070_114'
'069_003','070_004'
'069_004','070_005'
'069_005','070_007'
'069_006','070_002'
'069_007','070_037'
'069_008','070_006'
'069_009','070_063'
'069_010','070_021'
'069_011','070_003'
'069_012','070_116'
'069_013','070_009'
'069_014','070_030'
'069_015','070_049'
'069_016','070_047'
'069_017','070_089'
'069_017','070_102'
'069_018','070_018'
'069_019','070_065'
'069_020','070_035'
'069_021','070_046'
'069_022','070_041'
'069_023','070_078'
'069_024','070_015'
'069_025','070_033'
'069_026','070_027'
'069_027','070_100'
'069_028','070_070'
'069_029','070_068'
'069_030','070_026'
'069_031','070_008'
'069_033','070_017'
'069_034','070_040'
'069_035','070_043'
'069_036','070_045'
'069_037','070_034'
'069_038','070_067'
'069_039','070_044'
'069_040','070_110'
'069_042','070_053'
'069_043','070_061'
'069_044','070_073'
'069_045','070_029'
'069_046','070_024'
'069_047','070_048'
'069_048','070_060'
'069_049','070_036'
'069_050','070_031'
'069_051','070_085'
'069_052','070_058'
'069_053','070_012'
'069_054','070_050'
'069_055','070_074'
'069_056','070_022'
'069_057','070_016'
'069_058','070_014'
'069_059','070_038'
'069_060','070_052'
'069_061','070_056'
'069_062','070_071'
'069_063','070_200'
'069_064','070_076'
'069_065','070_025'
'069_066','070_081'
'069_067','070_032'
'069_068','070_055'
'069_069','070_020'
'069_070','070_088'
'069_071','070_010'
'069_072','070_087'
'069_073','070_051'
'069_074','070_092'
'069_075','070_069'
'069_076','070_057'
'069_077','070_042'
'069_079','070_080'
'069_080','070_075'
'069_081','070_082'
'069_082','070_062'
'069_083','070_011'
'069_084','070_079'
'069_085','070_066'
'069_086','070_083'
'069_087','070_054'
'069_088','070_091'
'069_089','070_064'
'069_090','070_106'
'069_091','070_107'
'069_092','070_097'
'069_094','070_112'
'069_095','070_400'
'069_096','070_111'
'069_100','070_084'
'069_101','070_013'
'069_102','070_101'
'069_103','070_059'
'069_104','070_108'
'069_110','070_094'
'069_113','070_109'
'069_115','070_115'
'069_123','070_090'
'069_906','070_077'
'070_002','071_027'
'070_003','071_010'
'070_004','071_406'
'070_005','071_077'
'070_006','071_089'
'070_007','071_047'
'070_008','071_019'
'070_009','071_018'
'070_010','071_063'
'070_011','071_034'
'070_012','071_042'
'070_013','071_102'
'070_014','071_017'
'070_015','071_075'
'070_016','071_040'
'070_016','071_081'
'070_017','071_051'
'070_018','071_057'
'070_019','071_013'
'070_020','071_041'
'070_021','071_066'
'070_022','071_058'
'070_024','071_022'
'070_025','071_062'
'070_026','071_037'
'070_027','071_071'
'070_029','071_046'
'070_030','071_025'
'070_031','071_076'
'070_032','071_004'
'070_033','071_065'
'070_034','071_096'
'070_035','071_008'
'070_036','071_086'
'070_037','071_080'
'070_038','071_067'
'070_040','071_407'
'070_041','071_038'
'070_042','071_028'
'070_043','071_039'
'070_044','071_036'
'070_045','071_031'
'070_046','071_024'
'070_047','071_056'
'070_048','071_014'
'070_049','071_021'
'070_050','071_055'
'070_051','071_059'
'070_052','071_054'
'070_053','071_078'
'070_054','071_049'
'070_055','071_090'
'070_056','071_006'
'070_057','071_050'
'070_058','071_084'
'070_059','071_095'
'070_060','071_029'
'070_061','071_082'
'070_062','071_030'
'070_063','071_069'
'070_064','071_074'
'070_065','071_048'
'070_066','071_079'
'070_067','071_061'
'070_068','071_044'
'070_069','071_035'
'070_070','071_053'
'070_071','071_033'
'070_073','071_091'
'070_074','071_093'
'070_075','071_032'
'070_076','071_005'
'070_077','071_900'
'070_078','071_012'
'070_078','071_068'
'070_079','071_070'
'070_080','071_020'
'070_081','071_085'
'070_082','071_092'
'070_083','071_072'
'070_084','071_026'
'070_085','071_016'
'070_087','071_087'
'070_088','071_060'
'070_089','071_906'
'070_090','071_600'
'070_091','071_094'
'070_092','071_052'
'070_094','071_043'
'070_097','071_920'
'070_100','071_007'
'070_101','071_100'
'070_102','071_101'
'070_106','071_105'
'070_107','071_073'
'070_108','071_045'
'070_109','071_023'
'070_110','071_002'
'070_111','071_088'
'070_111','071_088'
'070_112','071_011'
'070_114','071_902'
'070_115','071_001'
'070_116','071_064'
'070_200','071_009'
'070_700','071_015'
'071_001','072_005'
'071_002','072_080'
'071_004','072_067'
'071_005','072_057'
'071_006','072_058'
'071_007','072_111'
'071_008','072_063'
'071_009','072_015'
'071_010','072_025'
'071_011','072_113'
'071_012','072_019'
'071_013','072_028'
'071_014','072_065'
'071_014','072_092'
'071_015','072_045'
'071_016','072_051'
'071_017','072_016'
'071_018','072_004'
'071_019','072_038'
'071_020','072_027'
'071_021','072_030'
'071_022','072_011'
'071_023','072_789'
'071_024','072_046'
'071_025','072_034'
'071_026','072_008'
'071_027','072_062'
'071_028','072_032'
'071_029','072_083'
'071_030','072_055'
'071_031','072_026'
'071_032','072_074'
'071_033','072_039'
'071_034','072_114'
'071_035','072_087'
'071_036','072_048'
'071_037','072_037'
'071_038','072_012'
'071_039','072_021'
'071_040','072_007'
'071_041','072_036'
'071_042','072_043'
'071_043','072_112'
'071_044','072_078'
'071_045','072_073'
'071_046','072_029'
'071_047','072_107'
'071_048','072_018'
'071_049','072_096'
'071_050','072_054'
'071_051','072_053'
'071_052','072_033'
'071_053','072_070'
'071_054','072_041'
'071_055','072_035'
'071_056','072_042'
'071_057','072_020'
'071_058','072_085'
'071_059','072_081'
'071_060','072_072'
'071_061','072_056'
'071_062','072_068'
'071_063','072_069'
'071_064','072_121'
'071_065','072_040'
'071_066','072_009'
'071_067','072_031'
'071_068','072_023'
'071_069','072_061'
'071_070','072_090'
'071_071','072_100'
'071_071','072_101'
'071_072','072_079'
'071_073','072_108'
'071_074','072_075'
'071_075','072_106'
'071_076','072_044'
'071_077','072_049'
'071_078','072_060'
'071_079','072_094'
'071_080','072_024'
'071_081','072_052'
'071_082','072_071'
'071_083','072_110'
'071_084','072_091'
'071_085','072_086'
'071_086','072_047'
'071_087','072_088'
'071_088','072_093'
'071_089','072_014'
'071_090','072_077'
'071_091','072_050'
'071_092','072_089'
'071_093','072_084'
'071_094','072_097'
'071_095','072_059'
'071_096','072_066'
'071_096','072_105'
'071_100','072_082'
'071_101','072_017'
'071_102','072_120'
'071_105','072_076'
'071_406','072_002'
'071_407','072_006'
'071_905','072_064'
'071_906','072_102'
'072_002','073_017'
'072_004','073_036'
'072_005','073_001'
'072_006','073_043'
'072_007','073_012'
'072_008','073_057'
'072_009','073_046'
'072_011','073_067'
'072_012','073_008'
'072_014','073_069'
'072_015','073_010'
'072_016','073_033'
'072_017','073_103'
'072_018','073_048'
'072_019','073_004'
'072_020','073_020'
'072_021','073_021'
'072_023','073_005'
'072_024','073_065'
'072_025','073_006'
'072_026','073_041'
'072_027','073_068'
'072_028','073_019'
'072_029','073_080'
'072_030','073_029'
'072_031','073_026'
'072_032','073_044'
'072_033','073_061'
'072_034','073_039'
'072_035','073_056'
'072_036','073_047'
'072_037','073_045'
'072_038','073_003'
'072_039','073_042'
'072_040','073_050'
'072_041','073_060'
'072_042','073_022'
'072_043','073_028'
'072_044','073_059'
'072_045','073_100'
'072_046','073_025'
'072_047','073_023'
'072_048','073_063'
'072_049','073_032'
'072_050','073_058'
'072_051','073_089'
'072_052','073_018'
'072_053','073_015'
'072_054','073_051'
'072_055','073_053'
'072_056','073_027'
'072_057','073_052'
'072_058','073_064'
'072_059','073_081'
'072_060','073_077'
'072_061','073_055'
'072_062','073_030'
'072_063','073_009'
'072_064','073_101'
'072_065','073_038'
'072_066','073_035'
'072_067','073_073'
'072_068','073_083'
'072_069','073_087'
'072_070','073_076'
'072_071','073_049'
'072_072','073_084'
'072_073','073_024'
'072_074','073_071'
'072_075','073_094'
'072_076','073_066'
'072_077','073_085'
'072_078','073_075'
'072_079','073_078'
'072_080','073_097'
'072_081','073_086'
'072_082','073_011'
'072_083','073_034'
'072_084','073_095'
'072_085','073_074'
'072_086','073_037'
'072_087','073_062'
'072_088','073_082'
'072_089','073_088'
'072_090','073_091'
'072_091','073_092'
'072_092','073_108'
'072_093','073_789'
'072_094','073_072'
'072_096','073_093'
'072_097','073_090'
'072_099','073_096'
'072_100','073_054'
'072_101','073_040'
'072_102','073_102'
'072_103','073_079'
'072_105','073_790'
'072_106','073_070'
'072_107','073_013'
'072_108','073_031'
'072_110','073_104'
'072_111','073_016'
'072_112','073_098'
'072_113','073_106'
'072_114','073_007'
'072_120','073_120'
'072_121','073_121'
'072_789','073_107'
'073_001','074_103'
'073_003','074_040'
'073_004','074_007'
'073_005','074_005'
'073_006','074_016'
'073_007','074_058'
'073_008','074_101'
'073_009','074_047'
'073_010','074_018'
'073_011','074_049'
'073_012','074_031'
'073_013','074_046'
'073_015','074_037'
'073_016','074_013'
'073_017','074_014'
'073_018','074_012'
'073_019','074_003'
'073_020','074_010'
'073_021','074_009'
'073_022','074_045'
'073_023','074_004'
'073_024','074_022'
'073_025','074_029'
'073_026','074_027'
'073_027','074_019'
'073_028','074_030'
'073_029','074_043'
'073_030','074_062'
'073_031','074_023'
'073_032','074_066'
'073_033','074_032'
'073_034','074_054'
'073_035','074_106'
'073_036','074_053'
'073_037','074_052'
'073_038','074_015'
'073_039','074_028'
'073_040','074_008'
'073_041','074_055'
'073_042','074_064'
'073_043','074_069'
'073_044','074_057'
'073_045','074_025'
'073_046','074_033'
'073_047','074_059'
'073_048','074_050'
'073_049','074_039'
'073_050','074_067'
'073_051','074_034'
'073_052','074_036'
'073_053','074_035'
'073_054','074_051'
'073_055','074_065'
'073_056','074_044'
'073_057','074_020'
'073_058','074_075'
'073_059','074_072'
'073_060','074_070'
'073_061','074_086'
'073_062','074_074'
'073_063','074_024'
'073_064','074_006'
'073_065','074_042'
'073_066','074_061'
'073_067','074_026'
'073_068','074_077'
'073_069','074_104'
'073_070','074_021'
'073_071','074_078'
'073_072','074_079'
'073_073','074_056'
'073_074','074_088'
'073_075','074_063'
'073_076','074_091'
'073_077','074_041'
'073_078','074_060'
'073_079','074_097'
'073_080','074_083'
'073_081','074_002'
'073_082','074_081'
'073_083','074_038'
'073_084','074_082'
'073_085','074_089'
'073_086','074_071'
'073_087','074_073'
'073_088','074_087'
'073_089','074_068'
'073_090','074_094'
'073_091','074_085'
'073_092','074_093'
'073_093','074_092'
'073_094','074_090'
'073_095','074_084'
'073_096','074_098'
'073_097','074_102'
'073_098','074_080'
'073_100','074_001'
'073_101','074_099'
'073_102','074_096'
'073_103','074_076'
'073_104','074_118'
'073_106','074_011'
'073_107','074_105'
'073_108','074_200'
'073_109','074_100'
'073_120','074_120'
'073_121','074_121'
'073_790','074_790'
'074_001','075_008'
'074_002','075_051'
'074_003','075_105'
'074_004','075_038'
'074_005','075_019'
'074_006','075_109'
'074_007','075_037'
'074_008','075_024'
'074_009','075_040'
'074_010','075_057'
'074_011','075_025'
'074_012','075_082'
'074_013','075_026'
'074_014','075_112'
'074_015','075_092'
'074_016','075_065'
'074_018','075_002'
'074_019','075_027'
'074_020','075_104'
'074_021','075_016'
'074_022','075_003'
'074_023','075_061'
'074_024','075_042'
'074_025','075_028'
'074_026','075_007'
'074_027','075_054'
'074_028','075_041'
'074_029','075_013'
'074_030','075_062'
'074_031','075_023'
'074_032','075_078'
'074_033','075_020'
'074_034','075_067'
'074_035','075_074'
'074_036','075_058'
'074_037','075_066'
'074_038','075_072'
'074_039','075_044'
'074_040','075_046'
'074_041','075_069'
'074_042','075_650'
'074_043','075_100'
'074_044','075_073'
'074_045','075_053'
'074_046','075_063'
'074_046','075_097'
'074_047','075_039'
'074_049','075_060'
'074_050','075_081'
'074_051','075_101'
'074_052','075_017'
'074_053','075_009'
'074_054','075_052'
'074_055','075_029'
'074_056','075_012'
'074_057','075_050'
'074_058','075_018'
'074_059','075_047'
'074_060','075_084'
'074_061','075_055'
'074_062','075_021'
'074_063','075_033'
'074_064','075_034'
'074_065','075_043'
'074_066','075_108'
'074_067','075_049'
'074_068','075_056'
'074_069','075_111'
'074_070','075_059'
'074_071','075_094'
'074_072','075_015'
'074_073','075_093'
'074_074','075_064'
'074_075','075_076'
'074_076','075_045'
'074_077','075_071'
'074_078','075_032'
'074_079','075_091'
'074_080','075_014'
'074_081','075_087'
'074_082','075_022'
'074_083','075_031'
'074_084','075_083'
'074_085','075_090'
'074_086','075_070'
'074_087','075_080'
'074_088','075_075'
'074_089','075_085'
'074_090','075_099'
'074_091','075_048'
'074_092','075_079'
'074_093','075_096'
'074_094','075_095'
'074_096','075_764'
'074_098','075_107'
'074_099','075_068'
'074_100','075_110'
'074_101','075_004'
'074_102','075_102'
'074_103','075_106'
'074_104','075_035'
'074_105','075_086'
'074_106','075_006'
'074_118','075_122'
'074_120','075_120'
'074_121','075_121'
'074_200','075_001'
'074_790','075_098'
'075_001','076_035'
'075_002','076_017'
'075_003','076_001'
'075_004','076_011'
'075_006','076_110'
'075_007','076_043'
'075_008','076_006'
'075_009','076_071'
'075_012','076_044'
'075_013','076_012'
'075_014','076_005'
'075_015','076_081'
'075_016','076_101'
'075_017','076_073'
'075_018','076_108'
'075_019','076_021'
'075_020','076_026'
'075_021','076_008'
'075_022','076_049'
'075_023','076_053'
'075_024','076_109'
'075_025','076_104'
'075_026','076_023'
'075_027','076_037'
'075_028','076_032'
'075_029','076_054'
'075_031','076_064'
'075_032','076_098'
'075_033','076_050'
'075_034','076_019'
'075_035','076_093'
'075_037','076_042'
'075_038','076_065'
'075_039','076_079'
'075_040','076_045'
'075_041','076_056'
'075_042','076_040'
'075_043','076_084'
'075_044','076_069'
'075_045','076_020'
'075_046','076_029'
'075_047','076_058'
'075_048','076_080'
'075_049','076_085'
'075_050','076_048'
'075_051','076_015'
'075_052','076_051'
'075_053','076_087'
'075_054','076_070'
'075_055','076_092'
'075_056','076_041'
'075_057','076_063'
'075_058','076_010'
'075_059','076_076'
'075_060','076_028'
'075_061','076_030'
'075_062','076_066'
'075_063','076_072'
'075_064','076_013'
'075_065','076_060'
'075_066','076_046'
'075_067','076_077'
'075_068','076_061'
'075_069','076_057'
'075_070','076_034'
'075_071','076_059'
'075_072','076_086'
'075_073','076_096'
'075_074','076_055'
'075_075','076_088'
'075_076','076_082'
'075_078','076_022'
'075_079','076_024'
'075_080','076_099'
'075_081','076_031'
'075_082','076_083'
'075_083','076_067'
'075_084','076_075'
'075_085','076_094'
'075_086','076_106'
'075_087','076_089'
'075_090','076_078'
'075_091','076_097'
'075_092','076_105'
'075_093','076_074'
'075_094','076_052'
'075_095','076_095'
'075_096','076_090'
'075_097','076_068'
'075_098','076_100'
'075_099','076_400'
'075_100','076_102'
'075_101','076_103'
'075_102','076_018'
'075_104','076_025'
'075_105','076_027'
'075_106','076_014'
'075_107','076_039'
'075_108','076_036'
'075_109','076_002'
'075_110','076_007'
'075_111','076_300'
'075_112','076_033'
'075_120','076_111'
'075_121','076_112'
'075_122','076_091'
'075_650','076_009'
'075_764','076_764'
'076_001','077_010'
'076_002','077_015'
'076_005','077_003'
'076_006','077_030'
'076_007','077_061'
'076_008','077_063'
'076_009','077_054'
'076_010','077_012'
'076_011','077_027'
'076_012','077_056'
'076_013','077_081'
'076_014','077_062'
'076_015','077_084'
'076_017','077_549'
'076_018','077_009'
'076_019','077_037'
'076_020','077_076'
'076_021','077_044'
'076_022','077_004'
'076_023','077_075'
'076_024','077_049'
'076_025','077_005'
'076_026','077_050'
'076_027','077_107'
'076_028','077_011'
'076_029','077_023'
'076_030','077_031'
'076_031','077_021'
'076_032','077_007'
'076_033','077_301'
'076_034','077_008'
'076_035','077_106'
'076_036','077_079'
'076_037','077_053'
'076_039','077_038'
'076_040','077_068'
'076_041','077_014'
'076_042','077_036'
'076_043','077_060'
'076_044','077_048'
'076_045','077_029'
'076_046','077_047'
'076_048','077_013'
'076_049','077_026'
'076_050','077_078'
'076_051','077_016'
'076_052','077_059'
'076_053','077_065'
'076_054','077_032'
'076_055','077_025'
'076_056','077_035'
'076_057','077_103'
'076_058','077_040'
'076_059','077_041'
'076_060','077_020'
'076_061','077_042'
'076_063','077_055'
'076_064','077_064'
'076_065','077_105'
'076_066','077_046'
'076_067','077_083'
'076_068','077_006'
'076_069','077_045'
'076_070','077_080'
'076_071','077_028'
'076_072','077_051'
'076_073','077_074'
'076_074','077_033'
'076_075','077_090'
'076_076','077_022'
'076_077','077_067'
'076_078','077_066'
'076_079','077_073'
'076_080','077_069'
'076_081','077_071'
'076_082','077_085'
'076_083','077_086'
'076_084','077_070'
'076_085','077_082'
'076_086','077_072'
'076_087','077_043'
'076_088','077_052'
'076_089','077_092'
'076_090','077_077'
'076_091','077_095'
'076_092','077_108'
'076_093','077_104'
'076_094','077_088'
'076_095','077_091'
'076_096','077_089'
'076_097','077_096'
'076_098','077_039'
'076_099','077_094'
'076_100','077_100'
'076_101','077_001'
'076_102','077_550'
'076_103','077_034'
'076_104','077_057'
'076_105','077_109'
'076_106','077_099'
'076_108','077_024'
'076_109','077_102'
'076_110','077_101'
'076_111','077_110'
'076_112','077_111'
'076_300','077_300'
'076_400','077_087'
'076_764','077_097'
'077_001','078_036'
'077_003','078_022'
'077_004','078_017'
'077_005','078_030'
'077_006','078_038'
'077_007','078_004'
'077_008','078_080'
'077_009','078_021'
'077_010','078_045'
'077_011','078_104'
'077_012','078_018'
'077_013','078_056'
'077_014','078_053'
'077_015','078_016'
'077_016','078_040'
'077_020','078_015'
'077_021','078_026'
'077_022','078_043'
'077_023','078_005'
'077_024','078_203'
'077_025','078_032'
'077_026','078_034'
'077_027','078_027'
'077_028','078_048'
'077_029','078_052'
'077_030','078_106'
'077_031','078_088'
'077_032','078_009'
'077_033','078_033'
'077_034','078_023'
'077_035','078_025'
'077_036','078_031'
'077_037','078_068'
'077_038','078_073'
'077_039','078_090'
'077_040','078_049'
'077_041','078_035'
'077_042','078_097'
'077_043','078_002'
'077_044','078_074'
'077_045','078_070'
'077_046','078_019'
'077_047','078_044'
'077_048','078_054'
'077_049','078_039'
'077_050','078_014'
'077_051','078_013'
'077_052','078_067'
'077_053','078_047'
'077_054','078_011'
'077_055','078_024'
'077_056','078_041'
'077_057','078_028'
'077_059','078_082'
'077_060','078_105'
'077_061','078_001'
'077_062','078_066'
'077_063','078_103'
'077_064','078_012'
'077_065','078_062'
'077_066','078_061'
'077_067','078_046'
'077_068','078_058'
'077_069','078_086'
'077_070','078_051'
'077_071','078_077'
'077_072','078_063'
'077_073','078_075'
'077_074','078_083'
'077_075','078_095'
'077_076','078_096'
'077_077','078_064'
'077_078','078_059'
'077_079','078_050'
'077_080','078_079'
'077_081','078_084'
'077_082','078_071'
'077_083','078_078'
'077_084','078_076'
'077_084','078_108'
'077_085','078_057'
'077_086','078_008'
'077_087','078_092'
'077_088','078_085'
'077_089','078_091'
'077_090','078_055'
'077_090','078_065'
'077_091','078_089'
'077_092','078_087'
'077_094','078_093'
'077_096','078_094'
'077_099','078_107'
'077_100','078_003'
'077_101','078_111'
'077_102','078_020'
'077_103','078_110'
'077_104','078_100'
'077_105','078_060'
'077_106','078_101'
'077_107','078_102'
'077_108','078_112'
'077_109','078_037'
'077_110','078_109'
'077_111','078_072'
'077_300','078_042'
'077_301','078_007'
'077_549','078_010'
'077_550','078_406'
'078_001','079_014'
'078_002','079_026'
'078_003','079_003'
'078_004','079_013'
'078_005','079_016'
'078_007','079_025'
'078_008','079_006'
'078_009','079_019'
'078_010','079_027'
'078_011','079_008'
'078_012','079_015'
'078_013','079_005'
'078_014','079_022'
'078_015','079_071'
'078_016','079_011'
'078_017','079_031'
'078_018','079_001'
'078_019','079_017'
'078_020','079_100'
'078_021','079_080'
'078_022','079_064'
'078_023','079_104'
'078_024','079_010'
'078_025','079_020'
'078_026','079_061'
'078_027','079_066'
'078_028','079_004'
'078_030','079_052'
'078_031','079_068'
'078_032','079_033'
'078_033','079_086'
'078_034','079_038'
'078_035','079_044'
'078_036','079_047'
'078_037','079_340'
'078_038','079_040'
'078_039','079_053'
'078_040','079_024'
'078_041','079_007'
'078_042','079_074'
'078_043','079_087'
'078_044','079_030'
'078_045','079_045'
'078_046','079_062'
'078_047','079_041'
'078_048','079_012'
'078_049','079_028'
'078_050','079_069'
'078_051','079_058'
'078_052','079_046'
'078_053','079_057'
'078_054','079_050'
'078_055','079_018'
'078_056','079_029'
'078_057','079_088'
'078_058','079_067'
'078_059','079_036'
'078_060','079_048'
'078_061','079_090'
'078_062','079_021'
'078_063','079_032'
'078_064','079_070'
'078_065','079_023'
'078_066','079_056'
'078_067','079_060'
'078_068','079_049'
'078_070','079_037'
'078_071','079_051'
'078_072','079_109'
'078_073','079_456'
'078_074','079_055'
'078_075','079_079'
'078_076','079_039'
'078_077','079_073'
'078_078','079_078'
'078_079','079_075'
'078_080','079_084'
'078_082','079_081'
'078_083','079_085'
'078_084','079_076'
'078_085','079_091'
'078_086','079_077'
'078_087','079_089'
'078_088','079_092'
'078_089','079_095'
'078_090','079_096'
'078_091','079_065'
'078_092','079_082'
'078_093','079_093'
'078_094','079_099'
'078_095','079_002'
'078_096','079_063'
'078_100','079_042'
'078_101','079_009'
'078_102','079_106'
'078_103','079_107'
'078_104','079_105'
'078_105','079_054'
'078_106','079_043'
'078_107','079_108'
'078_108','079_097'
'078_109','079_110'
'078_110','079_102'
'078_111','079_101'
'078_112','079_103'
'078_203','079_083'
'078_406','079_034'
'079_001','080_003'
'079_002','080_068'
'079_003','080_044'
'079_004','080_004'
'079_005','080_027'
'079_006','080_002'
'079_007','080_094'
'079_008','080_084'
'079_009','080_016'
'079_010','080_053'
'079_011','080_001'
'079_012','080_049'
'079_013','080_009'
'079_014','080_106'
'079_015','080_006'
'079_016','080_056'
'079_017','080_022'
'079_018','080_031'
'079_019','080_029'
'079_020','080_200'
'079_021','080_014'
'079_022','080_034'
'079_023','080_046'
'079_024','080_036'
'079_025','080_075'
'079_026','080_008'
'079_027','080_055'
'079_028','080_030'
'079_029','080_057'
'079_030','080_018'
'079_031','080_015'
'079_032','080_066'
'079_033','080_033'
'079_034','080_107'
'079_036','080_019'
'079_037','080_070'
'079_038','080_071'
'079_039','080_007'
'079_040','080_102'
'079_041','080_072'
'079_042','080_050'
'079_043','080_092'
'079_044','080_201'
'079_045','080_079'
'079_046','080_028'
'079_047','080_045'
'079_048','080_010'
'079_049','080_058'
'079_050','080_051'
'079_051','080_043'
'079_052','080_067'
'079_053','080_032'
'079_054','080_040'
'079_055','080_025'
'079_056','080_042'
'079_057','080_005'
'079_058','080_081'
'079_060','080_035'
'079_061','080_052'
'079_062','080_077'
'079_063','080_073'
'079_064','080_024'
'079_065','080_047'
'079_066','080_026'
'079_067','080_021'
'079_068','080_011'
'079_069','080_104'
'079_070','080_064'
'079_071','080_061'
'079_073','080_063'
'079_074','080_080'
'079_075','080_012'
'079_076','080_083'
'079_077','080_020'
'079_078','080_089'
'079_079','080_054'
'079_080','080_013'
'079_081','080_074'
'079_082','080_078'
'079_083','080_076'
'079_084','080_048'
'079_085','080_088'
'079_086','080_038'
'079_087','080_087'
'079_088','080_060'
'079_089','080_082'
'079_090','080_069'
'079_091','080_085'
'079_092','080_103'
'079_093','080_093'
'079_095','080_090'
'079_096','080_065'
'079_097','080_109'
'079_099','080_091'
'079_100','080_101'
'079_101','080_100'
'079_102','080_097'
'079_103','080_112'
'079_104','080_108'
'079_105','080_110'
'079_106','080_017'
'079_107','080_039'
'079_108','080_105'
'079_109','080_790'
'079_110','080_789'
'079_340','080_345'
'079_456','080_086'
'080_001','081_452'
'080_002','081_041'
'080_003','081_042'
'080_004','081_059'
'080_005','081_091'
'080_006','081_018'
'080_007','081_005'
'080_008','081_083'
'080_009','081_017'
'080_010','081_039'
'080_011','081_029'
'080_012','081_047'
'080_013','081_013'
'080_014','081_036'
'080_015','081_034'
'080_016','081_002'
'080_017','081_103'
'080_018','081_019'
'080_019','081_020'
'080_020','081_046'
'080_021','081_048'
'080_022','081_065'
'080_024','081_032'
'080_025','081_053'
'080_026','081_051'
'080_027','081_060'
'080_028','081_050'
'080_029','081_010'
'080_030','081_016'
'080_031','081_045'
'080_032','081_056'
'080_033','081_044'
'080_034','081_037'
'080_035','081_068'
'080_036','081_072'
'080_038','081_054'
'080_039','081_049'
'080_040','081_099'
'080_042','081_077'
'080_043','081_027'
'080_044','081_062'
'080_045','081_094'
'080_046','081_063'
'080_047','081_052'
'080_048','081_074'
'080_049','081_102'
'080_050','081_105'
'080_051','081_104'
'080_052','081_011'
'080_053','081_008'
'080_054','081_088'
'080_054','081_096'
'080_055','081_043'
'080_056','081_082'
'080_057','081_040'
'080_058','081_070'
'080_060','081_028'
'080_061','081_014'
'080_063','081_055'
'080_064','081_033'
'080_065','081_080'
'080_066','081_086'
'080_067','081_004'
'080_068','081_093'
'080_069','081_067'
'080_070','081_071'
'080_071','081_073'
'080_072','081_026'
'080_074','081_092'
'080_075','081_023'
'080_076','081_078'
'080_077','081_075'
'080_078','081_061'
'080_079','081_006'
'080_080','081_058'
'080_081','081_095'
'080_082','081_087'
'080_083','081_012'
'080_085','081_084'
'080_087','081_064'
'080_088','081_066'
'080_089','081_085'
'080_090','081_090'
'080_091','081_079'
'080_092','081_069'
'080_093','081_089'
'080_094','081_021'
'080_094','081_022'
'080_097','081_109'
'080_100','081_097'
'080_101','081_057'
'080_102','081_025'
'080_103','081_009'
'080_104','081_081'
'080_105','081_100'
'080_106','081_453'
'080_107','081_001'
'080_108','081_030'
'080_109','081_098'
'080_110','081_106'
'080_112','081_015'
'080_200','081_035'
'080_201','081_024'
'080_345','081_560'
'080_789','081_108'
'080_790','081_107'
