Frame,ID,Volume_nowarp,MeanIntensity_nowarp,GMMIntensity_nowarp,Bimodality_nowarp,Volume_rigid,MeanIntensity_rigid,GMMIntensity_rigid,Bimodality_rigid
32,1,200367,127.962239290901,127.962239290901,0.390456827561023,200367,129.261130824936,129.261130824936,0.340146652605867
32,2,133001,135.554507108969,144.103715375296,0.604718370754074,133001,142.087239945564,146.230169186947,0.435260098523761
32,3,159763,120.853927379932,120.853927379932,0.091575090441122,159763,121.483146911362,121.483146911362,0.123853665626263
32,4,187640,127.67087507994,130.252022780717,0.412118607894034,187640,129.222697719036,129.222697719036,0.364009048805192
32,5,158459,122.867334767984,122.867334767984,0.117588113221358,158459,123.004354438688,123.004354438688,0.0855352114505363
32,6,139995,139.105032322583,142.836246503689,0.452302310031835,139995,141.350962534376,145.527540802625,0.411911052611397
32,7,120513,135.397052600134,142.062859102706,0.557282928528556,120513,142.726643598616,146.533956045148,0.414722239513952
32,8,162313,137.973058227006,146.534695970484,0.582002704358001,162313,143.269966053243,148.467135343103,0.462271782191228
32,9,134869,123.960079781121,123.960079781121,0.170597602679982,134869,124.403443341316,124.403443341316,0.128708696162358
32,10,176344,124.047537767092,124.047537767092,0.217489618584888,176344,125.529119221522,125.529119221522,0.11321634589857
32,11,207375,126.876986136227,126.876986136227,0.313427712824638,207375,128.004465340567,128.004465340567,0.268572639162624
32,12,164650,161.487452171272,178.566889563321,0.617513258521678,164650,176.170646826602,193.825453384574,0.479262463681123
32,13,160611,137.737340530848,146.910108411471,0.613003141998706,160611,146.859044523725,151.743724385085,0.440419086240984
32,14,138298,123.38676625837,123.38676625837,0.175981012982156,138298,123.987136473412,123.987136473412,0.168943147261102
32,15,123254,134.890989339088,142.926874150127,0.583714300979401,123254,141.395119022506,144.213213584131,0.406352893961816
32,16,167056,128.118361507518,128.118361507518,0.391408442627239,167056,130.371019298918,130.371019298918,0.342863084653661
36,1,213214,132.261821456377,137.331826013664,0.538376096133849,213214,135.434239777876,139.571157441141,0.469053095229995
36,2,171657,123.611993685081,123.611993685081,0.210399912263886,171657,123.878082455129,123.878082455129,0.225420551798458
36,3,152553,138.096353398491,138.096353398491,0.398078767151584,152553,137.760450466395,140.803039453506,0.428352379371527
36,4,136869,135.493084628367,141.817412261963,0.560980097813774,136869,141.569500763504,145.907560091154,0.433163528798229
36,5,173698,147.482613501595,160.527278108268,0.614723381695179,173698,154.850562470495,164.14424834077,0.493930184530736
36,6,184359,120.975862312119,120.975862312119,0.0906937454682434,184359,121.778437722053,121.778437722053,0.15954257160574
36,7,203071,130.804610210222,130.804610210222,0.337865393846165,203071,129.890732797888,129.890732797888,0.364191955382115
36,8,178716,145.296392041004,157.800246301534,0.633616166822586,178716,153.570570066474,160.909256889856,0.491151082970968
36,9,176352,128.305871212121,130.613923176174,0.417597080370604,176352,130.735477907821,130.735477907821,0.364640769230134
36,10,134005,133.915741949927,139.536036972353,0.546379146208378,134005,138.873900227603,142.413034634547,0.429081748221222
36,11,187550,167.834790722474,191.294286550413,0.639645037734024,187550,186.818315115969,199.288848806583,0.500802676748337
36,12,182988,131.704811244453,136.395068407609,0.518319016119732,182988,134.781969309463,137.243248875941,0.431450451432858
36,13,124627,126.291044476719,126.291044476719,0.328864076540608,124627,128.086875235703,128.086875235703,0.284285006068703
36,14,191267,129.655565256944,134.401880717268,0.531763796378304,191267,133.443814144625,136.009346815359,0.433301095499232
36,15,116568,136.860047354334,143.554685639791,0.550132848393927,116568,141.565824239929,144.97991922607,0.428471005924518
36,16,240468,125.815780062212,125.815780062212,0.284647256954675,240468,126.670970773658,126.670970773658,0.274199538082265
40,1,196871,164.132477612244,189.160086990207,0.668983410013897,196871,173.744944659193,193.764155043322,0.551741256773636
40,2,130464,124.149811442237,124.149811442237,0.154790792659945,130464,124.199242702968,124.199242702968,0.130937114236217
40,3,200296,139.586332228302,150.516393991571,0.621998048502343,200296,147.321653952151,154.584887306453,0.488608638744091
40,4,176543,138.347292161117,146.037636304067,0.562804888229314,176543,142.694805231587,146.933972192607,0.443615838846049
40,5,164005,132.341379835981,137.809831634767,0.547668114016771,164005,136.141349349105,139.352069035179,0.437919328243272
40,6,173949,123.71300783563,123.71300783563,0.229516336492651,173949,123.638284784621,123.638284784621,0.229027451676828
40,7,141786,133.370868774068,138.19959421546,0.514382229237664,141786,136.569802378232,136.569802378232,0.399135844182974
40,8,138426,135.020624738127,141.785897060616,0.560729609402942,138426,140.961929117362,140.961929117362,0.388972425994137
40,9,130633,126.595393200799,126.595393200799,0.311187911097179,130633,125.534084036959,125.534084036959,0.266720463092748
40,10,135124,131.085625055505,135.893241011692,0.529675415580267,135124,135.398300819988,137.89491414624,0.40402649093653
40,11,199700,130.856334501753,130.856334501753,0.345382239656896,199700,130.776644967451,130.776644967451,0.39164943581131
40,12,171581,147.129192626223,160.828202507113,0.643258796272354,171581,159.573455102838,169.781489359261,0.481673555557432
40,13,113269,132.784883772259,132.784883772259,0.32487247595076,113269,131.445620602283,131.445620602283,0.293312321929996
40,14,148793,143.04854395032,148.509435217858,0.464931527469707,148793,145.413090669588,150.224462944249,0.439386226464785
40,15,135919,120.761519728662,120.761519728662,0.0975144832170322,135919,120.764433228614,120.764433228614,0.163690991310068
40,16,88153,123.788390639003,123.788390639003,0.279373293305658,88153,126.198246230985,126.198246230985,0.227084330270839
40,17,75196,126.508152029363,126.508152029363,0.169630555164661,75196,126.773192723017,126.773192723017,0.210278031317597
44,1,212489,158.896352281765,180.472176444011,0.674225691929547,212489,175.915205022378,192.02031994607,0.508135720026239
44,2,198389,147.156278825943,147.156278825943,0.720142734310729,198389,163.594402915484,178.694765045514,0.512125393626036
44,3,169784,135.977436036376,143.422910262035,0.578063786948256,169784,141.798538142581,145.450591459848,0.432317163579839
44,4,156792,131.671360783713,123.06855150083,0.693343131204011,156792,140.989119342824,144.997936327463,0.444449350842078
44,5,152068,128.719040166241,128.719040166241,0.625637661067526,152068,136.105472551753,136.105472551753,0.399322434426384
44,6,186543,173.392279528044,127.574840411948,0.817272586672392,186543,234.883249438467,278.694594333146,0.565412654299687
44,7,203932,122.326961928486,122.326961928486,0.118976092877016,203932,124.413667300865,124.413667300865,0.106476966479544
44,8,215959,144.084756828843,144.084756828843,0.688727899126856,215959,153.754295954325,163.62383050244,0.505231029545294
44,9,153155,136.726094479449,136.726094479449,0.620188455467305,153155,143.635767686331,148.474722157659,0.434562967688634
44,10,112826,130.413716696506,130.413716696506,0.629361251990684,112826,138.736363958662,141.890886645704,0.42639207075231
44,11,88294,136.495424377647,141.395718279241,0.496785307735447,88294,139.253652569824,139.253652569824,0.379621982514453
44,12,98776,167.870758078886,189.506767553741,0.62481617561324,98776,181.424192111444,195.787457729993,0.495181539219449
44,13,116646,132.314515714212,138.688894346264,0.576904302920309,116646,139.762400768136,142.701553365616,0.400263006273612
44,14,101604,136.531671981418,136.531671981418,0.650647480960879,101604,144.06157237904,148.765314396937,0.440430935785775
44,15,133306,142.012797623513,151.548776234042,0.572904318566424,133306,147.642334178507,152.386734670358,0.443122240869849
44,16,129687,170.59205625853,194.483546601759,0.659576260098415,129687,184.5770431886,184.5770431886,0.534832195212679
44,17,152354,124.840306129147,124.840306129147,0.211855543236449,152354,124.325734801843,124.325734801843,0.159002831596855
44,18,93117,122.303703942352,122.303703942352,0.166447673007228,93117,122.745341881719,122.745341881719,0.140366045669073
44,19,45683,127.27598887989,127.27598887989,0.362776811155047,45683,126.633189589125,126.633189589125,0.174111509879985
44,20,82198,134.564344631256,139.107008048829,0.487721833016147,82198,137.514087934013,140.119876268301,0.403683447984122
44,21,95643,121.000135922127,121.000135922127,0.122346955308581,95643,120.913741727047,120.913741727047,0.115001201306869
44,22,50806,132.898712750463,132.898712750463,0.338220665597448,50806,130.316301224265,130.316301224265,0.300100688251718
48,1,199759,168.953844382481,191.595874913718,0.659084300025082,199759,183.897921996005,202.945797029006,0.526240659536143
48,2,276255,151.427684566795,163.484000366908,0.562364618725628,276255,155.518672965195,165.07621633449,0.502977856198007
48,3,155206,134.33280929861,142.593434238062,0.606179597783049,155206,141.342203265338,145.201210044617,0.429671630986468
48,4,166407,144.045659136935,157.188875066497,0.630500365020228,166407,153.544706652965,160.658698356806,0.473551200641025
48,5,255226,122.519821648265,122.519821648265,0.209787010935629,255226,124.490361483548,124.490361483548,0.188148001811105
48,6,198234,214.975634855777,262.413528296182,0.678813700368629,198234,242.620857168801,280.624723252791,0.552018633048007
48,7,189975,140.45672851691,149.540241269467,0.589647318978598,189975,146.312983287275,152.512892504291,0.474336996366344
48,8,146980,133.954299904749,140.658958970844,0.564914276713269,146980,139.912743230371,144.241917939882,0.437109468758567
48,9,155688,169.756943373927,194.015777004536,0.666855059598861,155688,186.637653512152,208.430329383796,0.537391738142136
48,10,136725,122.590835618943,122.590835618943,0.199929147061751,136725,122.347405375754,122.347405375754,0.142282180182977
48,11,117219,134.020312406692,139.41494450477,0.526609306974314,117219,139.225466861174,142.450552191747,0.406966312107047
48,12,114726,141.696450673779,153.589096270992,0.63775011612941,114726,149.042326935481,155.409542645564,0.476271804633676
48,13,163441,142.740768840132,153.31053833663,0.581421822568048,163441,148.731046677394,154.640893631441,0.465391132319967
48,14,105031,137.961097199874,147.807632957575,0.624287552262636,105031,145.952852015119,151.736636584056,0.444938409969348
48,15,107349,150.288414423982,166.115939639706,0.655609073655578,107349,164.746741935183,173.006446987898,0.463564293994608
48,16,94398,141.369923091591,141.369923091591,0.655640515457666,94398,151.926269624356,158.976002857197,0.457778847045689
48,17,86651,132.612606894323,131.118450802702,0.442555404338026,86651,129.758283228122,129.758283228122,0.216533895822943
48,18,75900,129.253517786561,129.253517786561,0.193915204325571,75900,129.398629776021,129.398629776021,0.213286072593606
48,19,126142,175.482805092673,200.691897409178,0.639348694464745,126142,189.533612912432,213.969603242978,0.510304530907247
48,20,80248,149.644963114346,165.024345519548,0.646002258439419,80248,160.760293091417,169.459978075258,0.449611404627523
48,21,119365,122.112889037825,122.112889037825,0.317100594154186,119365,122.706706320948,121.567643500813,0.579704125927857
48,22,85544,138.9378097821,146.846592454725,0.579835146306977,85544,145.720763583653,150.679709410913,0.426820295277051
48,23,115903,139.272391568812,139.272391568812,0.647083366159709,115903,145.84266153594,153.741480338081,0.486206169355163
48,24,119495,138.030972007197,144.500571504272,0.547636632421227,119495,141.570659860245,147.381108541126,0.482179457630103
52,1,102842,137.090313296124,137.090313296124,0.309622304439057,102842,137.13873709185,137.13873709185,0.303385546896242
52,2,235064,147.120009869653,147.120009869653,0.607317917832974,235064,152.264749174693,161.643085119455,0.513577069368822
52,3,116389,154.862160513451,172.698050218313,0.639767040067118,116389,165.058364622086,165.058364622086,0.490817622345391
52,4,180375,146.847107415107,159.9639903308,0.623596270699316,180375,155.094591822592,161.999977744122,0.465617341050124
52,5,100259,163.384035348448,163.384035348448,0.618153465075737,100259,172.791839136636,188.8441210834,0.475496531109629
52,6,195863,203.314520864073,259.838171607689,0.734981716671906,195863,239.898842558319,278.918722194059,0.544172246342001
52,7,126304,133.216034329871,138.523791152495,0.527421097792677,126304,137.233610970357,140.52543989713,0.40662217102902
52,8,172788,155.299702525638,174.445818098049,0.655563972718032,172788,171.386201588073,184.015517517497,0.472945441212145
52,9,155215,139.035454047611,147.013206305119,0.575269438104794,155215,145.501085590954,150.742654691666,0.439101772492001
52,10,129259,121.831292211761,121.831292211761,0.164521745084342,129259,121.791565771049,121.791565771049,0.221807939408804
52,11,142046,121.64343240922,121.64343240922,0.211774556626846,142046,122.247532489475,122.247532489475,0.32003229506038
52,12,132084,145.955793283062,162.551267222327,0.672654993177909,132084,156.392787922837,164.72416750614,0.468364661742025
52,13,129484,138.976221000278,148.411802280825,0.600019053309964,129484,146.082095085107,150.705038322182,0.438612117132291
52,14,115022,138.987193754238,138.987193754238,0.647913925511019,115022,146.969918798143,152.736791030565,0.462357932455413
52,15,168955,140.587097156047,153.738160462716,0.644366919847865,168955,150.325731703708,156.58985115015,0.450058824735666
52,16,113048,156.823296298917,178.376569239503,0.701571113308885,113048,172.894929587432,190.554550660988,0.526606606475164
52,17,181312,121.371779032827,121.371779032827,0.0884829128975858,181312,122.770765310625,121.660276067455,0.49950114987951
52,18,111908,159.525708617793,180.32829848881,0.652737361557573,111908,177.245639275119,187.543913499193,0.446453412368573
52,19,93325,141.164371818912,141.164371818912,0.665272254941299,93325,152.950452718993,157.764297409504,0.421123050498675
52,20,172811,169.788468326669,194.346431283888,0.677131451521808,172811,181.654263906811,181.654263906811,0.568500775520045
52,21,130357,140.910745107666,140.910745107666,0.639957619639237,130357,148.062405547842,155.475241183872,0.484158389042619
52,22,129782,168.528794439907,193.609635596085,0.664129973053896,129782,182.392766331232,201.587302726843,0.521664828030456
52,23,103913,161.398824016244,161.398824016244,0.658749663759341,103913,171.621625783107,154.714709595379,0.542282333641382
52,24,93277,159.233637445458,159.233637445458,0.653222558358019,93277,177.020616014666,187.676760814175,0.454169771869591
52,25,114367,137.053546914757,145.086891620502,0.579003726274577,114367,142.472242867261,147.353191715192,0.456257878705654
56,1,245291,203.009380694767,232.225666873137,0.605875169545665,245291,213.347407772809,238.939591165127,0.528948897861415
56,2,180284,121.90252601451,121.90252601451,0.0980034313266297,180284,122.814431674469,122.814431674469,0.275884994725062
56,3,200602,151.714220197206,168.728990189305,0.659580671317325,200602,160.040468190746,175.453136107626,0.541991734520943
56,4,168909,150.607546075106,168.480921019638,0.660284824258989,168909,159.311570135398,172.603493777263,0.544540034669638
56,5,135645,134.772383795938,139.672191926463,0.496041784275692,135645,137.21543735486,139.846067250231,0.425882786750785
56,6,84061,147.820475607,158.662225271417,0.570449563933556,84061,155.592617266033,163.718672272099,0.468465381026601
56,7,135215,148.646156121732,161.893322838329,0.618211815561675,135215,155.026927485856,164.072363048352,0.503772778769146
56,8,194360,164.071187487137,185.986212295044,0.652922000630435,194360,176.05009775674,189.924675006292,0.530840829499585
56,9,125895,159.586449024981,177.502061218811,0.634451650736205,125895,172.943635569324,185.155696458879,0.492583098707126
56,10,126940,135.632149046794,143.237145919008,0.582342498376123,126940,140.725799590358,145.068896491769,0.445360696644845
56,11,111150,158.473297345929,175.133681417456,0.618134848005774,111150,173.170787224471,185.510553769714,0.463616785252833
56,12,96503,124.195455063573,124.195455063573,0.277391559686868,96503,124.882843020424,124.882843020424,0.291406935484754
56,13,151249,167.599865123075,193.043818702743,0.683960756159109,151249,182.269231532109,182.269231532109,0.540392214062913
56,14,111167,160.712477623755,180.418827083166,0.659479290565921,111167,172.366484658217,186.435135491837,0.491430774691761
56,15,115751,157.584763846533,177.906490528476,0.657493971510061,115751,169.629169510415,184.032741466615,0.502545808047454
56,16,159551,162.601870248385,188.637081202235,0.689708620332417,159551,180.886838691077,201.249773999941,0.544045603601595
56,17,148404,152.316116816258,168.869101682577,0.641257507634891,148404,159.925278294386,173.720450058788,0.527356096306726
56,18,88618,162.844963777111,191.164255215371,0.708018326729349,88618,188.681994628631,205.521867632749,0.495460803554792
56,19,125782,174.786455931691,200.340252306893,0.665389752528897,125782,196.300949261421,196.300949261421,0.54504117575206
56,20,139155,130.847019510618,130.847019510618,0.275999285414228,139155,131.380431892494,131.380431892494,0.260652724993064
56,21,105493,124.040287033263,124.040287033263,0.267728148947792,105493,125.009972225645,125.009972225645,0.271757187443547
56,22,88966,145.184036598251,145.184036598251,0.634345520519372,88966,156.391025785131,164.127455864666,0.479007782837944
56,23,149960,121.89507868765,121.89507868765,0.0988979518036118,149960,122.815810882902,122.815810882902,0.281309289889545
56,24,182412,138.835411047519,149.067803929716,0.626646915997637,182412,146.829627436791,154.502393558047,0.490877446154717
56,25,143830,138.000062573872,147.200570238009,0.609082093650123,143830,144.554606132239,151.09708127285,0.478823943726821
56,26,77884,160.61773920189,180.000836466176,0.665714688110233,77884,180.839312310616,195.027387113884,0.439586776599326
56,27,113434,138.233281026853,146.543226575197,0.58580924717335,113434,145.098012941446,150.315029462274,0.443447317049543
56,28,121596,156.14201125037,175.476724508771,0.682164161996619,121596,168.353884996217,168.353884996217,0.522060218062269
60,1,290714,194.312262223354,230.519750923863,0.656429399088221,290714,201.62383992515,230.359359671789,0.585861035842936
60,2,137760,133.815425377468,137.495273387826,0.469541883414945,137760,136.361723286876,139.454381478069,0.418108463190345
60,3,168698,163.189865914237,184.221407875534,0.652556957558714,168698,177.1632977273,177.1632977273,0.544523547125544
60,4,109667,152.648262467287,152.648262467287,0.699148199596013,109667,165.739566141136,178.183612591025,0.531335824524164
60,5,139248,142.606184648972,142.606184648972,0.641675138694941,139248,150.204821613237,159.439463691675,0.510287377606125
60,6,139228,145.924462033499,157.871230809272,0.607526214436524,139228,154.141638176229,162.588120552785,0.485655467182843
60,7,124502,175.905495494048,205.077699381768,0.65760228691143,124502,195.948049027325,213.639232276018,0.519148924644455
60,8,134077,171.190905226101,195.846267809394,0.625655135126721,134077,193.260715857306,209.815999111639,0.483697072385799
60,9,115744,147.640396046447,147.640396046447,0.647047192490093,115744,156.146789466409,156.146789466409,0.511354491313142
60,10,147578,124.17035737034,124.17035737034,0.22106962850392,147578,125.596660748892,125.596660748892,0.280272521232413
60,11,161770,160.008487358596,179.052313346814,0.652463777630078,161770,170.80480929715,170.80480929715,0.527150738247036
60,12,180342,121.37980060108,121.37980060108,0.112274782510637,180342,122.200751904714,122.200751904714,0.211023815770542
60,13,145093,166.607506909362,189.372867735389,0.669002862634433,145093,180.983858628604,198.151483723552,0.540046950313131
60,14,120566,164.681709603039,164.681709603039,0.662607880471987,120566,184.267587877179,200.473943957653,0.511500883726847
60,15,147447,143.491356216132,157.05622073602,0.645246908287721,147447,154.411544487172,162.07455687949,0.482755300028179
60,16,94981,155.037618049926,173.779353974595,0.670233904345999,94981,171.007127741338,184.608252719818,0.497545511768404
60,17,171761,145.548663549933,159.80712836153,0.64029856178732,171761,158.18085013478,169.634739216774,0.492051610336279
60,18,130545,123.911218353824,123.911218353824,0.218413143374819,130545,124.47650235551,124.47650235551,0.266642409204458
60,19,109410,183.838314596472,217.967219076131,0.684587027843737,109410,210.358778905036,240.284424769677,0.524265771971813
60,20,100102,154.502417534115,154.502417534115,0.698793306643773,100102,175.33773550978,184.136399815692,0.452482914527575
60,21,124899,155.431965027742,173.837560922638,0.647332034054689,124899,167.496609260282,178.101002735127,0.479645539160789
60,22,130613,147.106237510814,160.897654433976,0.630433638456937,130613,156.30679182011,165.041444080061,0.4874467784129
60,23,109315,183.448355669396,210.757429320102,0.620052565458086,109315,196.30049855921,211.745534138459,0.483214785006464
60,24,137143,164.591958758376,187.660819546967,0.667445114336307,137143,177.150529009866,177.150529009866,0.523141351584193
60,25,165129,121.183184056102,121.183184056102,0.098625317013838,165129,122.500602559211,122.500602559211,0.375137149948311
60,26,72998,132.735513301734,132.735513301734,0.243994165098136,72998,131.78218581331,131.78218581331,0.305254521297001
60,27,148085,143.118344194213,150.186355862953,0.504354342504466,148085,147.267616571564,152.230869396812,0.468444486410016
60,28,116202,157.183344520748,176.321692219233,0.644246576586864,116202,173.242560369013,183.395184905498,0.475147879636113
60,29,69409,129.982106066937,129.982106066937,0.32976638502775,69409,132.334841303001,132.334841303001,0.275911554821599
60,30,67045,137.525154746812,137.525154746812,0.280529178350117,67045,139.411484823626,139.411484823626,0.301644776201996
60,31,65896,141.087061430132,141.087061430132,0.294283005228231,65896,140.181573995387,140.181573995387,0.31976606099767
64,1,305588,188.795770776339,218.097217330468,0.61865814488842,305588,192.669807060487,222.15705145388,0.553473713106452
64,2,152091,172.290516861616,193.611423367371,0.573216065397088,152091,182.561637440743,192.249345749915,0.453676871314844
64,3,192554,168.084786605316,194.418471571971,0.660835097004938,192554,180.374814337796,156.680009108529,0.565199837574667
64,4,118383,150.59361563738,165.337545302954,0.631980933506431,118383,159.55060270478,168.842297300178,0.503091968212574
64,5,190916,153.775058140753,169.788666239812,0.621772663277937,190916,164.327987177607,176.107645868694,0.48700046131148
64,6,168338,169.509985861778,195.105755836057,0.665135559628385,168338,182.346671577422,200.681792016611,0.538005478340672
64,7,141509,175.470026641415,203.004301928642,0.681307383012049,141509,196.662360697906,217.094039853273,0.535655122992462
64,8,166536,149.502491953692,159.355731905092,0.537835272426641,166536,153.883310515444,159.707779035431,0.450451047459373
64,9,160738,149.563021811893,163.833378907927,0.630544392242117,160738,155.444481081014,165.672395377917,0.508793037341391
64,10,144955,151.952240350454,167.646300835536,0.614806757651667,144955,158.713380014487,168.820772030367,0.487298700852172
64,11,149791,173.318924367953,198.972759878218,0.644891834977276,149791,188.314398061299,206.556851647807,0.499630980556412
64,12,144647,123.9230678825,123.9230678825,0.206881346893323,144647,125.375714670888,125.375714670888,0.254995620888113
64,13,115799,195.840629020976,231.073149180942,0.697098248553278,115799,222.628226495911,258.950914641372,0.542177792900622
64,14,152344,157.960313501024,177.348117097433,0.654508870058461,152344,169.040776138214,183.887974531472,0.524313915571728
64,15,159915,177.646312103305,203.339722881971,0.631360826987104,159915,191.72384079042,208.767494126212,0.495037109401454
64,16,97679,149.346635407815,164.547305525255,0.65538187136856,97679,162.257445305542,175.515525007785,0.491863346455505
64,17,141924,134.0618993264,138.862157568113,0.498072506301796,141924,137.144337814605,137.144337814605,0.3996187243529
64,18,163570,150.041761936785,165.972565250469,0.638654316333732,163570,160.536693770251,169.774818297497,0.476605168521182
64,19,117781,144.764367767297,144.764367767297,0.64353930197571,117781,152.51436988988,162.434630707828,0.487703758167843
64,20,125890,182.497108586862,211.833710897912,0.649233931429272,125890,195.127619350226,218.069529434708,0.510273054124656
64,21,157557,123.907233572612,123.907233572612,0.240196152106821,157557,124.975938866569,124.975938866569,0.21058886494676
64,22,111576,181.459355058436,213.345197075063,0.672839821424888,111576,203.757438875744,226.539309992017,0.529149868732553
64,23,100773,179.260774215316,205.798048485691,0.664651465831935,100773,200.703402697151,220.205220946162,0.501200213831613
64,24,86391,185.671481983077,216.349740940677,0.680056670067348,86391,211.58220184973,211.58220184973,0.504020486025793
64,25,95788,164.29053743684,188.738843947339,0.681731562236015,95788,185.275514678248,200.436950821855,0.49224201455873
64,26,166310,121.9177439721,121.9177439721,0.10029138494553,166310,123.191744332872,123.191744332872,0.288434674468639
64,27,159669,152.130388491191,152.130388491191,0.599318238524016,159669,160.622130783057,171.548969171728,0.495803964261477
64,28,182941,121.997578454256,121.997578454256,0.0683265528417384,182941,123.18513619145,123.18513619145,0.18380562023788
64,29,139370,141.891870560379,152.405045581067,0.592706709734556,139370,149.03154911387,155.464798929002,0.458525427830872
64,30,104951,147.709254795095,161.632815316442,0.643435749793394,104951,157.091642766624,166.095832463516,0.487006723872271
64,31,160883,163.165878309082,177.637074979414,0.578504203607458,160883,171.31539690334,181.713273661429,0.477949130796627
68,1,161492,127.913444628836,127.913444628836,0.390082272114943,161492,129.537339310926,129.537339310926,0.353065529769476
68,2,159047,163.412242921904,183.628558436338,0.612303660635201,159047,177.599288260703,189.401818737241,0.465821124490552
68,3,186100,161.424653412144,181.53262171046,0.64526182322095,186100,174.363782912413,186.76041219112,0.500659059941882
68,4,209080,163.169217524393,184.043347917009,0.649126151205316,209080,174.342165678209,188.376613255649,0.52331148710298
68,5,134275,148.27887544219,161.103643195154,0.607693590984706,134275,154.439620182461,163.658565999719,0.496636715733536
68,6,206883,123.322665467921,123.322665467921,0.209579208078982,206883,124.864367782756,124.864367782756,0.232295340503172
68,7,166809,150.935638964324,150.935638964324,0.594837540299467,166809,157.855739198724,168.194272175477,0.485772275898206
68,8,136922,144.2231708564,154.135123588334,0.584101366870608,136922,152.168665371525,157.773630362256,0.432361265138192
68,9,165548,167.495040713267,190.882860574961,0.673552601794364,165548,178.30426220794,198.266553791645,0.53670866945427
68,10,148518,169.607300125237,196.032515215032,0.660907512031041,148518,186.103300610027,208.448631698803,0.527072233840664
68,11,139819,154.838469735873,154.838469735873,0.632105825634433,139819,162.397420951373,174.437508715489,0.485952022228565
68,12,153732,177.885489032862,209.554277585392,0.68779457979647,153732,191.872362292821,214.610697630517,0.542442659014223
68,13,174412,122.913268582437,122.913268582437,0.152266217688122,174412,124.174248331537,124.174248331537,0.209530365013764
68,14,191550,155.45427825633,172.79401114785,0.609083699064393,191550,163.785544244323,173.546768523379,0.47869245446817
68,15,164996,141.861414822177,152.513175220518,0.616659306166525,164996,147.592244660477,154.712390977337,0.485400317794947
68,16,109331,147.370846329038,147.370846329038,0.68963433847166,109331,161.169421298625,174.903134775777,0.492848945354041
68,17,165818,181.564974851946,212.097745135517,0.667326866804439,165818,194.953744466825,221.368244630507,0.537441322653324
68,18,146367,190.027649675132,217.830409385248,0.640682438803452,146367,210.676518614168,228.714752467294,0.488604322011694
68,19,164953,176.829327141671,202.199022221237,0.638103691884211,164953,191.210981309828,206.981900207039,0.495142110955173
68,20,105868,171.778148260097,198.486666602009,0.668653097900525,105868,196.004335587713,215.621435029547,0.479382149998663
68,21,113271,149.232866311766,165.058912059496,0.652795369563404,113271,160.326773843261,169.280134747027,0.476781807383543
68,22,187847,122.245077110627,122.245077110627,0.164689256376433,187847,123.988283017562,123.988283017562,0.292805176339336
68,23,125509,198.213992622043,234.746024531542,0.668502037966854,125509,225.444812722594,250.80203559698,0.514353743465844
68,24,108092,179.564371091293,212.850868449839,0.695955543486594,108092,210.031278910558,237.056803297854,0.480079141116239
68,25,98850,205.866130500759,249.690555995845,0.686638938567943,98850,239.838806272129,263.841175054999,0.485331702411306
68,26,119498,142.995322097441,152.634623753403,0.582687857676447,119498,148.377847327989,154.651538497069,0.460835557519014
68,27,188197,176.225503063279,176.225503063279,0.67114219711097,188197,191.103710473599,216.268490048859,0.556618617478943
68,28,124960,177.330601792574,206.291977862198,0.624016764248965,124960,195.905265685019,215.606401027095,0.484696383708243
68,29,119096,184.132347014173,205.430628000034,0.590422041993275,119096,204.837677167999,217.006811283216,0.458082643915594
68,30,158579,158.963008973445,178.567807295184,0.644346036805877,158579,169.166213685292,182.327254592,0.480417753837477
68,31,85775,166.82836490819,166.82836490819,0.572716827058456,85775,178.206808510638,187.692388301346,0.464297323463638
68,32,125003,157.689775445389,171.593532751924,0.570666815769023,125003,164.949369215139,174.054589171017,0.483580511413979
72,1,178484,214.66510163376,259.770639493672,0.68106407769729,178484,239.679416642388,268.503952140021,0.53672961037761
72,2,139801,179.6397736783,179.6397736783,0.685085182972826,139801,194.054885158189,221.756349164149,0.547032288596993
72,3,224521,164.765536408621,186.48501462403,0.650693007986217,224521,178.059041247812,194.59254793016,0.526689170170472
72,4,205978,169.194074124421,191.864844567879,0.623798059119977,205978,181.701895348047,195.942570652811,0.506294090520189
72,5,241815,125.616181791866,125.616181791866,0.357358833439209,241815,127.210483220644,127.210483220644,0.369018298902228
72,6,179099,129.614325038107,133.098901204757,0.471559681754891,179099,132.062814421074,134.032033881372,0.41829881721416
72,7,195458,152.587261713514,152.587261713514,0.625872385308456,195458,158.048460538837,158.048460538837,0.526185540696168
72,8,107686,225.198094459818,270.088654522258,0.648120886383182,107686,253.149675909589,291.877779020298,0.547359871798135
72,9,155164,149.43919981439,163.058363237836,0.62245276852045,155164,157.152541826712,167.488276407209,0.503043084345495
72,10,196079,181.257182054172,209.212908549562,0.662087627507141,196079,196.97680016728,222.033999062088,0.540639001006029
72,11,172333,122.500467118892,122.500467118892,0.111790172366234,172333,123.739121352266,123.739121352266,0.238915947776766
72,12,158196,162.459493286809,180.999480785134,0.566652601249148,158196,176.223425371059,183.572883380447,0.439331678553818
72,13,135782,190.697596146765,218.23233454815,0.656931701641925,135782,215.291879630584,215.291879630584,0.505501376857477
72,14,155688,174.875044961718,198.730447916919,0.631540943174957,155688,185.627954627203,204.039078540441,0.495529146650295
72,15,200491,175.182297459736,199.83395316568,0.656292887550574,200491,186.781900434433,186.781900434433,0.545864275655661
72,16,154244,168.146346049117,186.790074696176,0.598173028358686,154244,174.909727444828,191.468795464171,0.508719153935916
72,17,172386,187.324051837156,218.512101598597,0.662378779560067,172386,200.983055468542,200.983055468542,0.538423771091211
72,18,145796,176.992612966062,205.111461736995,0.640169946175854,145796,196.264520288622,219.626657349246,0.508195032318547
72,19,124061,140.121133958295,147.000171299198,0.536605045784022,124061,144.072061324671,149.455127528471,0.474428315759082
72,20,129509,143.654896570895,153.01100942056,0.56653607175152,129509,149.611108108317,154.996814041784,0.455477078235658
72,21,194876,122.549646954987,122.549646954987,0.171027904844691,194876,124.522291097929,124.522291097929,0.381434253061224
72,22,178582,182.674855248569,213.650974902301,0.693233697896543,178582,197.426683540334,223.370352895128,0.563004863029195
72,23,157534,168.635424733708,190.350578124431,0.628664179704897,157534,177.936077291251,177.936077291251,0.500142177595713
72,24,176852,183.364836134169,211.794947096676,0.642323324349049,176852,198.88967611336,219.157898736204,0.515570540209861
72,25,166724,160.364362659245,179.179468833408,0.653354389259854,166724,172.43827523332,186.887486372915,0.508462781587076
72,26,131172,216.5899201049,270.718613423641,0.703615281178875,131172,259.422109901503,259.422109901503,0.529289900946203
72,27,106169,172.932371972986,200.127206748916,0.669359664114891,106169,196.624334786991,213.558353828149,0.476356098981173
72,28,112727,147.254969971702,147.254969971702,0.65706426612191,112727,160.801458390625,169.578836138172,0.475555022157324
72,29,166663,159.367070075542,179.066845035155,0.652948974076966,166663,170.027498604969,183.144295962837,0.499346495596453
72,30,148570,165.612277041125,184.717407704018,0.575911791027277,148570,173.434091673958,187.3545461539,0.511211585354579
72,31,115578,192.040864178304,234.650595868775,0.714614164044012,115578,234.65985741231,234.65985741231,0.477774693666434
72,32,117649,151.574854014909,167.06497274914,0.641774185256311,117649,161.179168543719,173.704614560843,0.503040755521296
76,1,169368,164.697640640499,183.355526293278,0.582937030745177,169368,177.06367790846,186.376735310841,0.458469009932188
76,2,183874,122.571326016729,122.571326016729,0.180401081050012,183874,123.756169985969,123.756169985969,0.262798083010234
76,3,177330,184.900095866464,209.971994821187,0.610915113789519,177330,199.530169740033,218.842935235085,0.487418162996773
76,4,96016,242.659775454091,274.140471648458,0.543762428150407,96016,268.471171471421,293.876389042343,0.454728238932778
76,5,180455,220.64597268017,265.527911604002,0.661157001872064,180455,251.174270593777,281.113614083513,0.514112620670895
76,6,234502,127.305626391246,130.002667153091,0.429773418515834,234502,129.479070540976,129.479070540976,0.297259013287524
76,7,203633,179.5899191192,206.382869935202,0.635734531188664,203633,193.587213270933,211.189505590318,0.513052421028817
76,8,67162,140.657395551056,143.711044356431,0.410548970870136,67162,146.392751853727,146.392751853727,0.336311537813945
76,9,187517,174.299882144019,200.977404133327,0.659721927283076,187517,188.117098716383,208.712904514401,0.510159903414756
76,10,184252,130.529014610425,134.35247774047,0.476746902250005,184252,133.50075982893,133.50075982893,0.397857870543649
76,11,150639,175.819336294054,175.819336294054,0.642342273597066,150639,187.457710154741,209.821359167932,0.523520170836091
76,12,157219,155.524911111252,155.524911111252,0.661848403333413,157219,168.927152570618,180.567759789543,0.485827375912608
76,13,196123,197.779118206432,233.484083504162,0.66891155934629,196123,225.34601245137,255.345497860666,0.50997736289491
76,14,118931,213.735695487299,259.599998230827,0.663005612522491,118931,259.536537992618,282.745415506103,0.443842950836404
76,15,138811,181.525772453192,209.129137159,0.623910710593494,138811,200.418389032569,218.762006449978,0.451386826911519
76,16,159654,168.526883134779,185.641575988584,0.570438594465007,159654,172.700608816566,186.736303254309,0.453604852369475
76,17,165992,192.876662730734,226.696779333041,0.658629433154182,165992,218.018759940238,237.260786451912,0.480318052362757
76,18,146696,137.610568795332,137.610568795332,0.549696385250402,146696,142.279516823908,146.644292024101,0.426692669867597
76,19,206342,180.029814579678,207.094920609942,0.632476839522689,206342,195.188812747768,210.542706538522,0.480791246299553
76,20,198153,152.940783132226,152.940783132226,0.598521356845641,198153,160.162308922903,160.162308922903,0.455579653593912
76,21,206835,173.047081006599,194.221721215535,0.612533140253637,206835,184.575661759373,202.069071197093,0.505606058486365
76,22,132425,226.056394185388,279.130650376873,0.659895445531362,132425,275.00345856145,313.536762011124,0.505323455248494
76,23,139755,139.577761081893,146.844973450423,0.512054645830428,139755,144.123115452041,144.123115452041,0.395597348377527
76,24,100020,177.511977604479,209.76946372853,0.678955323015298,100020,217.49399120176,217.49399120176,0.450107131766028
76,25,130366,152.911687096329,171.452471335813,0.674974354333608,130366,168.651826396453,168.651826396453,0.504309654366073
76,26,142533,170.755333852511,190.234871113756,0.594344014073589,142533,180.546631306434,189.994602346133,0.437902083085011
76,27,141650,203.261814331098,232.754024600063,0.609817558788378,141650,228.690158842217,245.025912461682,0.463395175277744
76,28,134624,177.180465593059,203.823165681662,0.637558895184225,134624,192.072030247207,205.597126446679,0.414373695214224
76,29,196847,122.347472910433,122.347472910433,0.144351661436136,196847,125.042687975941,125.042687975941,0.314670996597647
76,30,59533,142.639913997279,147.393967194887,0.45976772119575,59533,149.974484739556,149.974484739556,0.359299964716858
76,31,127638,154.416842946458,168.343449194351,0.571084724464649,127638,163.105948071891,171.287778827632,0.462690905486597
76,32,171484,154.763668913718,154.763668913718,0.634257594604931,171484,164.908708684192,175.32872770533,0.456607441003193
76,33,123538,153.988505561042,166.105851474184,0.590409239342428,123538,163.406498405349,175.124639391687,0.480293023997146
80,1,161538,210.495852369102,248.799304438537,0.60865062468741,161538,240.518608624596,258.368242520805,0.472811235427813
80,2,184732,224.961094991664,271.889895267252,0.637578008379807,184732,256.268242643397,282.418429003989,0.495808302268031
80,3,166580,190.071509184776,226.32474413314,0.646776086217522,166580,212.891067355025,237.205631335219,0.497599144311553
80,4,174792,187.198779120326,187.198779120326,0.621544767257493,174792,190.976806718843,190.976806718843,0.507345515700893
80,5,137367,216.456375985499,270.74288764022,0.667704689790688,137367,258.646363391499,297.009611286845,0.470398134562498
80,6,186251,131.581575400937,135.776187089958,0.490850500478254,186251,134.840553876221,137.014096933635,0.402806874514443
80,7,240126,166.733681483888,189.327017021956,0.632886281213276,240126,175.135678768646,175.135678768646,0.534919318409091
80,8,199161,160.75447502272,179.367939084234,0.600222059048306,199161,168.547105105919,168.547105105919,0.518344554170668
80,9,185989,122.019060267005,122.019060267005,0.148683078597488,185989,123.132513213147,123.132513213147,0.239111565788395
80,10,179306,170.480218174517,189.014971285612,0.590747394582204,179306,179.881526552374,193.794214260526,0.471855545228312
80,11,122164,155.314953668839,173.615396927873,0.630349757938041,122164,167.955297796405,178.738437268634,0.477010744625063
80,12,149838,143.297074173441,150.794906445309,0.514058929925099,149838,147.154820539516,154.537362087421,0.41318117260108
80,13,164081,163.473863518628,183.187052514414,0.633301141616293,164081,178.422949640726,191.078005237544,0.485494419848655
80,14,192212,160.873342975465,175.610746872693,0.56165923576684,192212,170.623030820136,178.626030719068,0.454308101425404
80,15,152501,240.358050111147,308.645559797183,0.700392000984059,152501,287.453387190904,287.453387190904,0.533436251837067
80,16,188398,193.3898395949,225.215764563123,0.652722829648896,188398,213.704726164821,236.67895982473,0.511603444727982
80,17,145840,140.626769061986,147.666027944763,0.510874983399348,145840,144.959428140428,148.816566547123,0.414128397900197
80,18,206853,207.375169806578,249.701494704593,0.681274777061911,206853,237.938690761072,275.515087831176,0.525550874547027
80,19,148476,144.49438966567,144.49438966567,0.625792111769776,148476,151.870255125407,151.870255125407,0.514494898666609
80,20,176032,159.904983184875,176.380150217339,0.611167878199811,176032,167.610678740229,181.212213766638,0.500722438677036
80,21,175299,181.851505142642,211.329567638481,0.675854775115634,175299,202.51721344674,227.300029755746,0.512874755973717
80,22,134683,180.266871097317,209.426619593158,0.641922235227534,134683,200.012585107252,220.152825104591,0.477999367300335
80,23,166431,192.4893739748,218.427751665282,0.579752952059492,166431,197.927104926366,220.388182010002,0.497422029620242
80,24,109973,184.797477562674,218.219164901581,0.64687270492628,109973,215.785456430215,237.631523828222,0.459415271813987
80,25,143397,155.142074101969,171.112105763217,0.618487306085301,143397,164.980320369324,164.980320369324,0.454614678834573
80,26,226334,127.31013016162,130.509290011398,0.469949026706532,226334,130.213966969169,130.213966969169,0.386885534874818
80,27,137402,152.321399979622,164.495251796588,0.545309596343584,137402,158.350220520808,169.414559981073,0.504025766767882
80,28,127494,176.86662117433,206.879989562505,0.664881860363511,127494,201.569822893626,224.465964074887,0.478470585681098
80,29,226330,181.181716961958,198.469052746056,0.550720878837019,226330,189.158392612557,201.379634604578,0.474041115053576
80,30,95737,150.445585301399,164.495258042797,0.633764280830508,95737,163.917701620063,175.16826066223,0.474492204253081
80,31,114991,243.609665104226,283.161867734543,0.614661600042732,114991,277.782330791105,314.646289640373,0.494718190554186
80,32,73753,174.466516616273,197.509069002018,0.623208799208162,73753,196.977844969018,208.014892971533,0.427778923863826
80,33,195201,123.470699432892,123.470699432892,0.264260150711684,195201,126.103426724248,126.103426724248,0.288518731911485
80,34,69269,155.158627957672,155.158627957672,0.662382647214977,69269,176.461822748993,184.974501303073,0.406697800544052
84,1,172411,132.768796654506,137.654496119186,0.517652189327947,172411,137.488692716822,140.413856885576,0.42819449307822
84,2,156195,143.541329748071,152.023251948094,0.542344816873816,156195,149.87167963123,156.282375892111,0.455475549660756
84,3,180023,229.018314326503,267.89020013332,0.616802614129636,180023,256.39750476328,280.186507707577,0.480932522870084
84,4,189388,223.333004203012,263.928617280052,0.636413538807518,189388,248.299654677171,280.702589653098,0.512965024885968
84,5,125679,201.09855266194,238.292206923216,0.609670820414899,125679,224.154234199827,244.887350522168,0.468383845422191
84,6,168596,183.780581982965,209.766911016758,0.610385204179264,168596,195.832374433557,213.495961852302,0.503118809969992
84,7,180008,151.203707612995,167.206679673283,0.64057629341674,180008,160.833074085596,173.136954806272,0.502581101346708
84,8,189977,184.89500307932,210.077388350235,0.596007225918105,189977,203.901193302347,218.639791492846,0.468160917703933
84,9,204468,125.741005927578,125.741005927578,0.236893443126308,204468,126.72857855508,126.72857855508,0.295409026878558
84,10,267022,157.812569750807,170.838421931453,0.527644787566956,267022,161.861419658305,171.53136466879,0.449233154752926
84,11,195188,169.978400311495,191.312250951816,0.618325814514478,195188,180.122410189151,180.122410189151,0.522509265929306
84,12,124337,214.961523922887,260.354881212596,0.68162979249502,124337,262.914812163716,262.914812163716,0.480966159977199
84,13,202934,130.380774044763,135.588579289133,0.564020056086821,202934,135.040998551253,138.061639365979,0.420676033321588
84,14,184840,169.372792685566,190.617817694378,0.603640689628377,184840,180.335008656135,197.318730092838,0.494603227453085
84,15,179827,221.93360841253,267.80976784808,0.649763005192796,179827,257.737208539318,285.595307570135,0.513833010726556
84,16,142637,159.156712493953,178.217067919049,0.620105129472728,142637,171.600678645793,181.757041503484,0.485397981368811
84,17,165775,171.118648770924,192.588603215282,0.632246924189465,165775,186.087956567637,201.132615152397,0.475326124731407
84,18,140306,242.917002836657,304.443129642121,0.639795271063805,140306,278.628932476159,318.660964015716,0.504478115092117
84,19,223137,169.794843526623,187.474701493899,0.560021082103542,223137,178.623679622833,189.017993288196,0.449365909937677
84,20,126042,153.535615112423,167.877511320547,0.608398328217738,126042,167.357166658733,176.921180004839,0.438149651134628
84,21,163608,175.786770818053,198.637320485891,0.609821933679445,163608,188.350801916777,188.350801916777,0.464573565433692
84,22,234312,159.880317696063,182.064293125162,0.641420436056474,234312,174.440387176073,191.148029389405,0.512136429774007
84,23,74912,135.121195536096,135.121195536096,0.300854602279366,74912,134.462369179838,134.462369179838,0.306478525267059
84,24,151818,226.206246953589,282.421669788054,0.660452288325764,151818,276.046615025886,320.630144781429,0.478526498384779
84,25,200965,193.744721717712,193.744721717712,0.653007648178173,200965,201.223979299878,201.223979299878,0.53188385998555
84,26,100033,183.047884198215,208.836108713855,0.63708745232159,100033,203.633380984275,221.115221633543,0.470137051789772
84,27,142130,147.350087947654,165.217972899151,0.659565850078656,142130,159.459952156476,169.463866958667,0.474138120184187
84,28,188603,184.242429865909,208.556742147868,0.630623236780802,188603,201.084240441562,221.442380704403,0.494075418586518
84,29,158093,120.960194316004,120.960194316004,0.119240114826827,158093,122.334714376981,122.334714376981,0.348600315408898
84,30,87678,171.141791555464,194.920700348046,0.67147681322625,87678,188.768470996145,188.768470996145,0.460508810327496
84,31,200558,125.880877352187,128.351752450171,0.452230773113075,200558,128.744293421354,128.744293421354,0.384044795839021
84,32,114689,143.886493037693,143.886493037693,0.566428682351982,114689,150.500056675008,155.767489067623,0.457487650845709
84,33,191623,196.803734416015,225.4055162284,0.628901867109118,191623,208.686676442807,208.686676442807,0.500168305612873
84,34,116639,242.855914402558,299.346612454778,0.687224511096588,116639,293.099889402344,329.400604527335,0.488191117286104
84,35,55029,135.914808555489,135.914808555489,0.321410205925261,55029,137.263115811663,137.263115811663,0.337922057465771
88,1,253594,173.580321300977,185.151881942017,0.47540632485802,253594,176.6295417084,185.77003806777,0.42188002693559
88,2,210907,249.58609244833,299.398287444246,0.680078889061875,210907,273.820446926845,273.820446926845,0.566437785940706
88,3,127180,267.391602453216,328.156229851311,0.606321982030927,127180,298.709301777009,337.984831549305,0.526158556779999
88,4,158476,216.60553648502,259.77686917254,0.687710812853898,158476,264.49469951286,306.777935025376,0.469367802456136
88,5,134815,181.034091161963,200.071137071149,0.571515172325946,134815,190.639157363795,205.148713592193,0.478856425636308
88,6,209674,185.27726852161,210.287955343656,0.634560902503897,209674,196.47143661112,196.47143661112,0.524364097926313
88,7,171499,232.541151843451,283.083549300416,0.655673727652735,171499,271.524131336043,297.865693116356,0.481724411239446
88,8,194972,123.484505467452,122.216857374254,0.566575352163893,194972,121.936775537,121.936775537,0.221220004657529
88,9,225066,171.308744990358,171.308744990358,0.555551032174956,225066,187.030839842535,179.071155217878,0.427586273553729
88,10,131330,187.19432726719,187.19432726719,0.618039711224724,131330,203.466801187847,186.402176070955,0.475031576393535
88,11,106799,164.659219655615,164.659219655615,0.645756518098887,106799,176.43779436137,193.31127559935,0.505413118044234
88,12,131339,233.949108794798,269.41966951005,0.536477695527867,131339,267.363608676783,294.877291613194,0.448737723604402
88,13,154066,221.020179663261,221.020179663261,0.585270942474728,154066,255.852225669518,289.052392534376,0.458376698082848
88,14,230648,152.775519406195,166.33652918667,0.560349158983318,230648,158.655860878915,169.451150851858,0.47564668078949
88,15,120281,173.549055960626,191.298602662552,0.582834862860258,120281,186.556072862713,197.968100303519,0.428055595923833
88,16,196266,180.710296230626,211.094511053971,0.675818518896456,196266,205.822460334444,205.822460334444,0.546483446705043
88,17,172413,192.576835853445,215.058535900014,0.562799245830129,172413,201.094273633659,221.3352989482,0.510963564317305
88,18,99114,191.546723974413,191.546723974413,0.624473760562466,99114,207.390217325504,221.860140715184,0.462002003346255
88,19,96825,173.524410018074,173.524410018074,0.587097697965347,96825,188.993317841467,201.990057819997,0.478335817382089
88,20,161634,187.563779897794,215.787242018647,0.622801926941077,161634,199.734740215549,199.734740215549,0.532517272971033
88,21,176204,228.515147215727,268.79549460981,0.63982346149695,176204,264.622783818756,264.622783818756,0.501245211647801
88,22,134140,237.402206649769,285.984779532963,0.634036704522925,134140,273.045884896377,302.194555365958,0.463120093703973
88,23,186906,178.75761077761,217.982516073103,0.765757602283873,186906,222.319427947738,193.988998763838,0.501618128295347
88,24,72578,150.26877290639,157.29973138583,0.457445296207267,72578,152.649673454766,152.649673454766,0.39502928650966
88,25,166429,136.306563159065,141.948428602272,0.506435856884035,166429,140.332982833521,143.347569937008,0.432159712268467
88,26,92438,193.677740755966,222.357339128586,0.625971577310865,92438,217.988522036392,230.827042585716,0.46574723719913
88,27,111413,145.238652580938,151.049871702305,0.473199192288022,111413,146.83182393437,150.728708400796,0.438155026956992
88,28,149408,162.631552527308,182.719281167347,0.608672465179508,149408,177.122998768473,190.998835406598,0.474806218036748
88,29,127351,122.191321622916,122.191321622916,0.146943390117405,127351,121.937432764564,121.937432764564,0.11178240568646
88,30,171362,189.04885563894,206.110711019067,0.549255928347056,171362,201.0424306439,220.395120733822,0.498004857264262
88,31,138113,129.866442695474,135.463506171958,0.577240404526384,138113,138.985533584818,138.985533584818,0.391422507974437
88,32,90155,164.677300205202,156.556018985562,0.652497659621731,90155,156.001142476845,156.001142476845,0.398358061949427
88,33,230522,125.117385759277,124.481841541319,0.402571494514435,230522,123.765610223753,123.765610223753,0.251033501062413
88,34,151775,156.549319716686,177.730828210562,0.693196637036179,151775,182.696241146434,182.696241146434,0.496339380316495
88,35,125021,146.221882723702,152.898227670863,0.497047129169182,125021,150.460530630854,153.675497634351,0.423490242633844
88,36,64832,149.552319842053,149.552319842053,0.321357599940185,64832,149.329235562685,149.329235562685,0.333045598485955
88,37,52005,145.310970099029,145.310970099029,0.27298954765977,52005,145.406422459379,145.406422459379,0.304099272946459
92,1,156242,136.752300917807,136.752300917807,0.399811561739917,156242,138.062588804547,138.062588804547,0.377762885400368
92,2,201986,122.599536601547,121.162979900096,0.629417056838166,201986,120.917256641549,120.917256641549,0.170471427139032
92,3,203070,169.399433692815,190.37037474142,0.602970838460958,203070,183.628364603339,200.152249544889,0.500539022357
92,4,259705,141.59874858012,149.488295108838,0.567301359537987,259705,150.425136212241,150.425136212241,0.394283112934053
92,5,149181,193.896977497134,223.106150530279,0.632561476856787,149181,212.296813937432,236.942376128758,0.501951107908606
92,6,165963,218.185770322301,244.886479783145,0.571755416480527,165963,229.482643721793,229.482643721793,0.43961698766643
92,7,198756,216.352059812031,216.352059812031,0.671481595632174,198756,239.496568657047,262.533596430035,0.525850031325945
92,8,147965,187.924894400703,210.223428864979,0.579886151969213,147965,206.500706248099,206.500706248099,0.424294318644272
92,9,156396,172.830590296427,198.129559420773,0.685609541855499,156396,205.427677178444,205.427677178444,0.511216019964213
92,10,169980,226.641775503,273.22051438235,0.610429664830522,169980,246.270696552536,284.450636834815,0.500562952652872
92,11,119793,145.024133296603,145.024133296603,0.385395627880353,119793,146.016879116476,146.016879116476,0.380118819541604
92,12,110548,188.02278648189,188.02278648189,0.558237524670154,110548,203.128885190144,221.38173084712,0.489641385782239
92,13,107289,183.48730997586,183.48730997586,0.33204515632201,107289,181.898181547037,181.898181547037,0.266789030723907
92,14,305105,124.768227331574,124.768227331574,0.269050109731706,305105,123.996846987103,123.996846987103,0.319774930479901
92,15,119388,189.72594398097,189.72594398097,0.564007918733208,119388,193.430420142728,176.406189603161,0.44170790286196
92,16,108985,274.492664128091,330.7674361721,0.601074551100223,108985,323.632353076111,344.231522262406,0.433498117592273
92,17,74758,188.406966478504,213.493936872902,0.584178397753925,74758,211.594785842318,211.594785842318,0.436889933682616
92,18,125325,183.193967684022,183.193967684022,0.554055974739493,125325,212.801292639138,212.801292639138,0.399300418778711
92,19,143755,155.791123786999,155.791123786999,0.376673923172112,143755,154.467399394804,154.467399394804,0.319075554636086
92,20,139933,167.42398147685,188.277533572101,0.629239703647997,139933,191.24854751917,203.552352020217,0.438134160879695
92,21,172738,235.693906378446,262.364148776966,0.555065496455375,172738,242.756683532286,264.836200842661,0.466610071716285
92,22,87731,183.514493166612,183.514493166612,0.671237486482853,87731,214.278202687761,229.88300985586,0.487147294129194
92,23,115362,167.999055148142,191.968460508648,0.629896178654566,115362,182.158631091694,204.565998282825,0.525353527660683
92,24,112682,159.99786123782,172.006030748518,0.541511096534071,112682,170.504437265934,183.833822507949,0.497013407466907
92,25,138322,167.150605109816,167.150605109816,0.644600285891512,138322,179.982439525166,198.534018836137,0.558745793511654
92,26,111415,170.831225597989,196.521802915843,0.679058578945378,111415,193.54266481174,193.54266481174,0.509791369825144
92,27,113518,148.50967247485,148.50967247485,0.62249951360462,113518,159.172122482778,168.072471080521,0.500069530768658
92,28,67304,191.875326875074,201.674524890553,0.44575279773689,67304,202.994844288601,202.994844288601,0.360169934129192
92,29,119526,151.180513026454,151.180513026454,0.593888669831845,119526,157.682387095695,167.168351746892,0.44583419890611
92,30,39428,219.959698691285,219.959698691285,0.365498481388468,39428,217.51925027899,217.51925027899,0.394882318071263
92,31,112354,197.031382950318,224.877426520133,0.56531159904201,112354,215.06880039874,228.833319852356,0.454544974398071
92,32,165277,146.00009075673,152.471387693509,0.440051813408892,165277,145.391349068533,151.494375916516,0.496236037059052
92,33,145973,122.727161872401,122.727161872401,0.168502821212839,145973,123.248470607578,123.248470607578,0.286159027698349
92,34,158159,180.750415720888,206.355106586177,0.600653314528517,158159,203.312893986431,215.976044386692,0.463677820208569
92,35,155006,287.302510870547,334.033080421176,0.617195537819755,155006,319.09362863373,319.09362863373,0.487820073148591
92,36,169464,188.499291885002,214.326215715813,0.584810877718371,169464,212.413710286551,228.562381099447,0.4719577008851
92,37,184554,200.781148065065,258.145098089595,0.763539506430219,184554,271.014933298655,236.206770241004,0.480812911379713
92,38,110325,123.020774983005,123.020774983005,0.181286767593948,110325,123.676474053932,123.676474053932,0.19690337414595
92,39,176610,195.229262216183,232.421656525829,0.69395365062043,176610,228.619761055433,262.939133640285,0.531279060015738
92,40,75026,197.457734651987,211.073604622685,0.51324689761526,75026,212.085650307893,227.399654373379,0.47217138388253
92,41,115946,129.079994135201,127.584720364433,0.446781412890578,115946,126.850240629258,126.850240629258,0.252475980821087
96,1,173279,132.329982282908,136.426493363898,0.490385874741677,173279,134.711794273974,137.566834104037,0.431400166879909
96,2,180960,242.220098364279,293.745194951599,0.562373057676873,180960,266.977409372237,302.347479242154,0.513883991892104
96,3,191122,189.089696633564,215.649092330062,0.574799510301337,191122,205.221732715229,219.098434945192,0.437534855908914
96,4,143660,313.513531950439,313.513531950439,0.625655473623733,143660,360.347494083252,360.347494083252,0.503457266926063
96,5,120159,189.522832247272,189.522832247272,0.289363151863301,120159,189.787614743798,189.787614743798,0.330040597499232
96,6,127775,197.096810800235,225.336808773449,0.583940205958295,127775,214.494869888476,233.861372327408,0.474803056930156
96,7,152023,140.575202436473,140.575202436473,0.642611866238576,152023,149.339915670655,157.404855998271,0.485584090575553
96,8,79187,189.443721823026,213.887955488024,0.633515332339061,79187,228.675123441979,228.675123441979,0.382717135718458
96,9,116317,121.724115993363,121.724115993363,0.176626001371751,116317,122.351891812891,122.351891812891,0.15496560544797
96,10,121014,175.436147883716,153.975587611329,0.609679087258204,121014,190.966706331499,207.332126039656,0.478525646824772
96,11,138783,143.601075059625,157.650584957215,0.689902578543767,138783,159.23146206668,167.980634896472,0.423932551628028
96,12,91168,133.650644963145,130.434937905909,0.727805450003577,91168,155.632952351702,129.817284621028,0.814351428531353
96,13,110254,200.006748054492,230.644946372549,0.626426689405896,110254,219.504598472618,239.552876860756,0.468627601536992
96,14,119562,241.303741991603,277.907502928216,0.584347441670847,119562,267.117662802563,267.117662802563,0.455195756022701
96,15,116051,175.54496729886,204.521349764556,0.712785167303067,116051,207.905455360143,232.602581397819,0.473511968418309
96,16,104623,172.996100283876,202.507072985634,0.675045257013307,104623,204.913212199994,223.827787589918,0.468328059845035
96,17,81266,160.147601703049,160.147601703049,0.329663767060634,81266,157.713336450668,157.713336450668,0.325639736634821
96,18,169959,238.065551103501,238.065551103501,0.598837594420805,169959,251.596508569714,274.22417964853,0.452072922772188
96,19,136066,175.722164243823,201.378055738401,0.636647655298517,136066,205.128040803728,216.233421811211,0.42305665187551
96,20,101613,236.244693100292,297.538298756877,0.67713808446379,101613,291.896066448191,291.896066448191,0.502141039217948
96,21,75172,199.216383759911,170.580487108573,0.531990857355218,75172,231.649829723833,207.518286476358,0.413075821782507
96,22,126042,141.942780977769,150.586062838443,0.540268564644747,126042,145.915329810698,151.482861361382,0.444469549699679
96,23,98382,140.367750198207,137.622955529151,0.431560770556877,98382,137.824093838304,137.824093838304,0.360561945826725
96,24,88990,124.152185638836,124.152185638836,0.145441350432609,88990,123.39797730082,123.39797730082,0.105980362922534
96,25,149272,298.741485342194,376.390984786852,0.652539164449894,149272,348.590747092556,348.590747092556,0.495452452524357
96,26,151603,145.900602230827,145.900602230827,0.553353714498442,151603,150.290733032987,158.428813668236,0.454489206860682
96,27,83035,228.822412235804,272.736465700363,0.637133432991446,83035,275.673089660986,304.860858186105,0.455081030807643
96,28,119504,199.088273195876,227.724649634703,0.640468272022042,119504,217.523764894899,217.523764894899,0.4424240023373
96,29,101997,145.417443650303,143.518874034511,0.487843200115878,101997,143.08687510417,143.08687510417,0.322148275022597
96,30,133049,184.318611939962,203.254717298342,0.567700944650902,133049,200.902374313223,220.128081248184,0.459284249418349
96,31,114442,166.976721832894,151.961398177832,0.561115474817803,114442,175.718879432376,184.450949612918,0.423912295206496
96,32,159859,212.774607622968,264.679630561649,0.724284440540313,159859,274.617863241982,320.998303024559,0.487177181139062
96,33,85865,122.868363128166,122.868363128166,0.313945627649071,85865,122.643137483259,122.643137483259,0.217074422773772
96,34,108384,147.428716415707,139.804151622283,0.657591873954868,108384,136.426031517567,136.426031517567,0.380744669029511
96,35,123520,195.36411107513,195.36411107513,0.603091155161465,123520,209.46929242228,229.550232068344,0.466694623768392
96,36,202000,257.900306930693,257.900306930693,0.649931494858462,202000,282.597138613861,346.23077404179,0.565255045359446
96,37,105713,123.515508972406,123.515508972406,0.13584087228493,105713,123.622846764353,123.622846764353,0.0955255526655876
96,38,39421,141.007736992973,141.007736992973,0.376122509148025,39421,134.842824890287,132.269855612202,0.439280046695201
96,39,116086,203.271255793119,238.817369244743,0.664515461814496,116086,229.266896955705,229.266896955705,0.472272789298721
96,40,46802,171.307871458485,171.307871458485,0.342351715081823,46802,163.986197171061,163.986197171061,0.327446804756787
96,41,123133,138.18571788229,138.18571788229,0.285553519632145,123133,139.930782162377,139.930782162377,0.322675673785087
96,42,91692,142.657996335558,142.657996335558,0.293058057477934,91692,143.556395323474,140.663504944281,0.409891973183273
96,43,154740,121.895431045625,121.895431045625,0.153160765932232,154740,122.405635259144,122.405635259144,0.155461695308936
96,44,91566,183.662451128148,197.2377715135,0.530851261367431,91566,193.985562326628,193.985562326628,0.411159453866431
96,45,85900,123.295878928987,123.295878928987,0.376692323155893,85900,122.030721769499,122.030721769499,0.199580741833983
96,46,49610,135.381314251159,133.310841778661,0.525677469885084,49610,131.383289659343,131.383289659343,0.263957812183797
96,47,44088,145.492401560515,138.930502767385,0.735469314177662,44088,139.056840863727,134.09414510128,0.686298334528233
96,48,86850,202.737351755901,223.693229918246,0.543592486057077,86850,203.649694876223,225.435666096021,0.481970051710633
100,1,161105,123.368455355203,123.368455355203,0.19933003092734,161105,123.244492722138,123.244492722138,0.289765083420645
100,2,127590,136.605047417509,147.142381847232,0.670004103339501,127590,149.766219923191,154.426582580593,0.45344586921194
100,3,94024,225.415851272016,262.061722267319,0.626099691730592,94024,258.599261890581,287.360413330509,0.439335228177017
100,4,87808,210.266911898688,210.266911898688,0.600997533969992,87808,224.985775783528,249.295301259454,0.520182936070193
100,5,97840,254.878321749796,315.177245837196,0.634566698109624,97840,309.018540474244,262.814873001863,0.485449669369065
100,6,143332,125.996762760584,123.568935265522,0.635732060780315,143332,123.512265230374,123.512265230374,0.280042369485698
100,7,97875,227.138656449553,227.138656449553,0.569849518802494,97875,252.207775223499,278.857396862299,0.478949070240426
100,8,113589,218.348528466665,254.723823774335,0.631236912532748,113589,232.664298479606,232.664298479606,0.489655264854773
100,9,160184,193.940187534336,223.642743643463,0.61478042825332,160184,207.612888927733,187.128555213478,0.478263690801971
100,10,161935,131.17782443573,134.207146500902,0.439495646136745,161935,135.055509926822,135.055509926822,0.39794308063704
100,12,180839,250.848893214406,288.033633058821,0.566364183083554,180839,260.239500329022,234.432247920077,0.504148628888474
100,13,147648,205.292418454703,205.292418454703,0.641527236233842,147648,220.125487646294,192.811860822858,0.48982471231421
100,14,157017,142.8489908736,153.0930281035,0.544382208175921,157017,147.160613182012,147.160613182012,0.502251570911429
100,15,151144,133.522316466416,141.62732279902,0.63258049142837,151144,140.99239136188,146.181517627214,0.484246986538063
100,16,148410,261.759847719156,318.088203699996,0.645052566055787,148410,288.084819082272,331.26223844065,0.52872190661058
100,17,101304,246.577963357814,309.387118353515,0.685629944357027,101304,301.748637763563,301.748637763563,0.51247826854624
100,18,163643,143.547343913275,143.547343913275,0.301634907754023,163643,142.550674333763,146.646266426989,0.422227031169492
100,19,99646,210.346145354555,210.346145354555,0.612866032856044,99646,238.613562009514,238.613562009514,0.4979630941949
100,20,139481,312.201626027918,383.061521635225,0.622042598619461,139481,365.516149152931,365.516149152931,0.485106146583581
100,21,161364,309.519099675268,380.871112046973,0.627748790229858,161364,351.198532510349,351.198532510349,0.499475554793303
100,22,81306,156.365557277446,164.775848964752,0.471484819233136,81306,163.557880107249,167.013974542436,0.40515481290829
100,23,122552,175.9543051113,191.395568296219,0.538324543267871,122552,187.149308048828,195.885099566612,0.444051751866089
100,24,110665,182.722387385352,182.722387385352,0.586045379292856,110665,199.609262187684,219.866763044379,0.510399472733598
100,25,104942,121.255541156067,121.255541156067,0.126895303810143,104942,120.91510548684,120.91510548684,0.202027676722693
100,26,103442,144.696873610332,157.468878770806,0.624933945731582,103442,158.373581330601,166.167706597618,0.464031129596958
100,27,87344,153.255129144532,153.255129144532,0.552970420269727,87344,162.381857941015,162.381857941015,0.486078682165931
100,28,114593,176.776452313841,209.362276878316,0.678983129335232,114593,205.349366889775,187.867015408278,0.46060338553664
100,29,132406,169.453355588115,195.132229838578,0.705814122988295,132406,197.942895337069,197.942895337069,0.487639423758209
100,30,76653,145.377049821925,145.377049821925,0.382229770346161,76653,148.445435925535,148.445435925535,0.386309864282829
100,31,128008,167.405248109493,189.309162557806,0.634161558169433,128008,194.461752390476,210.563723851566,0.451091223859971
100,32,89998,209.04552323385,209.04552323385,0.661592952803071,89998,246.367863730305,246.367863730305,0.456101198932777
100,33,93519,153.069483206621,153.069483206621,0.561516481671762,93519,169.276831446016,169.276831446016,0.309059895291219
100,34,133360,180.157543491302,209.189995759888,0.653904032145055,133360,200.39149670066,200.39149670066,0.490811048966022
100,35,220159,199.617104002108,242.514988333873,0.731344033925888,220159,238.539251177558,285.414815815208,0.545000537142031
100,36,89071,139.217893590506,144.620979430084,0.481959756863337,89071,146.23640691134,146.23640691134,0.359845159794878
100,37,63465,207.359426455527,207.359426455527,0.582107839186733,63465,240.153880091389,264.364094801155,0.45109525611072
100,38,87396,194.464105908737,194.464105908737,0.354992735988657,87396,189.381905350359,189.381905350359,0.350714962166795
100,39,130322,181.077178066635,206.698106826981,0.634091098757246,130322,198.768166541336,198.768166541336,0.496278150854108
100,40,122085,141.683867797027,141.683867797027,0.308401272269704,122085,140.764082401605,140.764082401605,0.382356198372476
100,41,79788,154.171529553316,151.703841581776,0.487902414212147,79788,146.950769539279,151.827807074494,0.463031070334839
100,42,120893,137.14662552836,133.448967641746,0.558727095974329,120893,132.6435194759,132.6435194759,0.426724133304855
100,43,147768,267.318465432299,267.318465432299,0.654217559524005,147768,302.227694764766,364.725915926608,0.505448495958756
100,44,102613,137.879771568905,137.879771568905,0.368114237618458,102613,136.56129340337,136.56129340337,0.384515517717263
100,45,125966,121.419263928362,121.419263928362,0.131475064964431,125966,121.58512614515,121.58512614515,0.225814306417389
100,46,45313,139.580495663496,139.580495663496,0.277495700479097,45313,139.832211506632,139.832211506632,0.329403371782095
100,47,135228,174.631503830568,207.95552719645,0.696585690857793,135228,194.815541160115,194.815541160115,0.551866182380601
100,48,113902,137.285438359291,137.285438359291,0.352724517563155,113902,139.234807114888,139.234807114888,0.389811089392994
100,49,56465,168.295014610821,168.295014610821,0.359278708364767,56465,172.914920747366,172.914920747366,0.318144306508624
100,50,115685,120.836149889787,120.836149889787,0.0724756062339661,115685,121.021887020789,121.021887020789,0.187732412994171
100,51,167940,121.481028938907,121.481028938907,0.0788329222971787,167940,121.6933071335,121.6933071335,0.226737395946857
100,52,78138,220.023048964652,220.023048964652,0.370429432244124,78138,216.704023650465,226.239816453683,0.411177285541621
100,53,43919,143.841093831827,143.841093831827,0.336022014009316,43919,140.186866731938,140.186866731938,0.352925425771771
100,54,38877,173.723358283818,173.723358283818,0.327067722411488,38877,169.726933662577,169.726933662577,0.308766442306499
100,160,127244,180.762511395429,196.344575318825,0.489136471390214,127244,185.64821916947,195.101400875544,0.452036599049129
100,161,77974,173.745004745171,173.745004745171,0.564307027454428,77974,207.030176725575,223.472083884629,0.487631242256511
104,1,153016,203.948763527997,227.722588561464,0.527635978776654,153016,215.052602342239,215.052602342239,0.451569118031777
104,2,96153,205.151113329797,227.617883013783,0.522071596059118,96153,202.217892317452,186.271182251358,0.472650908199286
104,3,165717,122.080939191513,122.080939191513,0.111223441496325,165717,122.011966183313,122.011966183313,0.147443760001021
104,4,99271,157.21618599591,172.588691175363,0.607198909432645,99271,172.88523335113,185.010110248386,0.450233208175152
104,5,111557,210.753336859184,243.253790350486,0.628095415465829,111557,232.079564706831,254.506425258265,0.481431311814164
104,6,201410,134.843731691574,130.525321138485,0.586253149885541,201410,131.582503351373,129.984956205379,0.426474711021262
104,7,179647,141.415409107862,147.765184461371,0.450910721610222,179647,142.379432999159,147.924973791637,0.469800513473829
104,8,95758,212.449194845339,246.422098501448,0.589186950821101,95758,247.010557864617,247.010557864617,0.380062871968174
104,9,102661,207.810278489397,207.810278489397,0.641231566418171,102661,232.645746680823,262.077680853216,0.513870533423274
104,10,145960,177.134797204714,193.34708389256,0.536141391955435,145960,189.365970128802,199.440720079574,0.422766293430483
104,11,148465,138.333977705183,138.333977705183,0.575257637314134,148465,142.213989829253,147.982986462906,0.477082585987431
104,12,180120,162.863468798579,185.528815850906,0.588560088608642,180120,179.832683766378,192.441349492875,0.43874352802503
104,13,93718,165.90042467829,165.90042467829,0.593789936705785,93718,174.000768262234,188.356049483533,0.466904297031001
104,14,125540,147.410626095268,147.410626095268,0.372657965693951,125540,146.004779353194,146.004779353194,0.385347686449648
104,15,170388,268.71513252107,311.603015506716,0.575608716498964,170388,311.103733831021,355.8819857678,0.471860992682588
104,16,124537,139.236395609337,134.248574725978,0.661378763825908,124537,134.47173932245,134.47173932245,0.311697798629192
104,17,150874,130.420357384307,136.355595541386,0.591971363537588,150874,136.637724193698,139.295129829354,0.42114084538247
104,18,93728,175.820032434278,185.721223249673,0.481400123309829,93728,185.695213810174,194.977521377435,0.418899657369779
104,19,95091,146.735905606209,159.09437100287,0.582163031752207,95091,158.887791694272,165.092399172548,0.420528316293289
104,20,126723,133.477387688107,137.674903040774,0.492567514157275,126723,134.683474980864,134.683474980864,0.387455297360587
104,21,106817,259.663115421703,322.905847817284,0.67149629397985,106817,315.629122705187,266.249166824511,0.510503813327947
104,22,95640,147.46764951903,147.46764951903,0.571195521811456,95640,160.877906733584,160.877906733584,0.237028280734993
104,23,151512,124.576106183009,123.156682285447,0.44762325085335,151512,124.924712234014,123.991746623526,0.444755709334155
104,24,148408,121.500424505417,121.500424505417,0.118696096782368,148408,121.50476389413,121.50476389413,0.213801436743521
104,25,132921,288.250374282469,288.250374282469,0.586528035897347,132921,335.415976407039,369.980614758269,0.497706677098002
104,26,103606,262.885856031504,331.952569009225,0.697989305585761,103606,332.777590100959,279.83813381052,0.53791687052574
104,27,103757,209.242084871382,209.242084871382,0.670147379745889,103757,240.098152413813,240.098152413813,0.484115377390693
104,28,95310,165.268292938831,181.637547959776,0.60981916843898,95310,180.577232189697,185.67331674024,0.425240972035284
104,29,110412,140.8564014781,152.390382340947,0.646101040966941,110412,153.079873564468,153.079873564468,0.436849243266995
104,30,138891,161.86770921082,181.766724824551,0.67203703457069,138891,187.946569612142,180.645980266767,0.421900138754149
104,31,247209,196.367082104616,226.548133877692,0.688778837116785,247209,222.490928728323,222.490928728323,0.542795395127747
104,32,141397,137.121275557473,137.121275557473,0.369876400953658,141397,139.021711917509,139.021711917509,0.356789139764617
104,33,101518,205.128597884119,162.044083191346,0.645161561700238,101518,247.676215055458,247.676215055458,0.505281450167737
104,34,98562,208.645319697246,248.813717027193,0.606408726963312,98562,239.018069844362,239.018069844362,0.533619612577689
104,35,117987,121.341368116826,121.341368116826,0.162046268678723,117987,121.22699110919,121.22699110919,0.21318825180388
104,36,90769,228.043704348401,228.043704348401,0.621155880003941,90769,249.080291729555,249.080291729555,0.492675827058759
104,37,136546,130.331587889795,130.331587889795,0.625475091248871,136546,141.431019583144,141.431019583144,0.303028130344216
104,38,146500,220.512894197952,243.631916340537,0.430027812528716,146500,220.726245733788,250.466035343471,0.453269536888848
104,39,96901,200.450222391926,233.183110351498,0.612412925281655,96901,238.784367550386,238.784367550386,0.502453842740204
104,40,94452,150.777802481684,163.911965828381,0.58387223177786,94452,160.953415491467,171.818264947927,0.450978757066453
104,41,89118,152.548699477098,149.286292669822,0.530628322550874,89118,150.18626988936,154.155381685115,0.407700496339831
104,42,86368,137.130036587625,137.130036587625,0.307550412274793,86368,139.223856057799,139.223856057799,0.366022715165611
104,43,117998,202.432473431753,196.065583846741,0.532669965258413,117998,191.84471770708,191.84471770708,0.390215224132644
104,44,96335,191.26541755333,191.26541755333,0.664725708401471,96335,211.218383764987,233.031857842201,0.524119512282493
104,45,171089,297.203812051038,366.463510836158,0.636637852955655,171089,337.387289656261,337.387289656261,0.517470823747997
104,46,80529,152.174868680848,152.174868680848,0.340092570647834,80529,150.647642464205,156.408808959127,0.471952168615922
104,47,130975,160.236052681809,183.697253004254,0.714502512108109,130975,189.874495132659,177.560881559592,0.442590743208239
104,48,78252,188.008076470889,188.008076470889,0.613344651973451,78252,202.314790676277,202.314790676277,0.495089240910165
104,49,145064,164.889338498869,187.553690265421,0.621253794026856,145064,177.862529642089,196.454935418586,0.504242775224022
104,50,121792,202.991017472412,241.93471194323,0.626770317566563,121792,230.070686087756,230.070686087756,0.514072028341195
104,51,156549,233.388517333231,271.200663320408,0.588517986594247,156549,260.715252093594,300.325112548575,0.487054349077512
104,52,130176,172.77935256883,195.078393188565,0.600497818482067,130176,190.537610619469,205.423530095388,0.486425213881877
104,53,126493,120.962156008633,120.962156008633,0.0813419862611542,126493,121.192042247397,121.192042247397,0.142780137501135
104,54,188914,121.172194755285,121.172194755285,0.113011223963729,188914,121.23230147051,121.23230147051,0.115062111665422
104,55,92882,191.362126138541,212.009130788269,0.568007613946816,92882,210.992334359725,235.030315729758,0.519204343385528
104,56,51498,221.951104897278,221.951104897278,0.671871376233751,51498,263.786690745272,263.786690745272,0.454499706771631
108,1,101179,225.963618932782,225.963618932782,0.299625343365814,101179,233.18867551567,233.18867551567,0.360607204686771
108,2,175754,121.59723249542,121.59723249542,0.122709395667204,175754,121.638022463216,121.638022463216,0.133489437918948
108,4,117086,184.801726935757,184.801726935757,0.331118590420448,117086,184.624259091608,192.483655219162,0.431813791431137
108,5,149651,205.377157519829,205.377157519829,0.595057690158852,149651,234.455386198555,260.625775167877,0.484976150834388
108,6,207809,131.165045787237,128.941129329354,0.465406560754925,207809,129.511623654413,129.511623654413,0.364223047443525
108,7,103853,218.407759044033,218.407759044033,0.640580176613376,103853,249.172609361309,249.172609361309,0.493170812515162
108,8,101611,145.856255720345,152.740967917443,0.478943968652126,101611,153.817175305823,153.817175305823,0.395424929416197
108,9,109317,203.3050852109,227.551837694795,0.547165709293521,109317,219.334998216197,234.693414598994,0.434923542578794
108,10,144051,121.285246197527,121.285246197527,0.146453688135785,144051,121.079381607903,121.079381607903,0.125999606398784
108,11,191186,209.309473497013,209.309473497013,0.379993381733262,191186,209.243192493174,209.243192493174,0.483664390431667
108,12,109081,148.776881400061,148.776881400061,0.611583571566236,109081,160.78858829677,170.767267036071,0.446858861931049
108,13,135238,173.418891140064,173.418891140064,0.239152591591272,135238,176.946331652346,176.946331652346,0.388018258619997
108,14,93304,212.225938866501,212.225938866501,0.654854349430638,93304,251.524264768927,267.664413906174,0.441786559863216
108,15,145726,224.918285000618,224.918285000618,0.396652928108451,145726,218.021286524025,241.925868951656,0.454598760294616
108,16,125415,152.256332974525,170.178227617489,0.687423924871375,125415,177.888593868357,187.286664636599,0.498888448280734
108,17,150731,133.295407049645,133.295407049645,0.325857851261575,150731,134.134756619408,134.134756619408,0.332670767164897
108,18,77000,199.044116883117,217.499088270706,0.533661450426522,77000,205.508077922078,222.401841725119,0.430978078904197
108,19,161023,125.52838414388,125.52838414388,0.35277001142861,161023,126.460896890506,126.460896890506,0.309477320392182
108,20,102625,184.312399512789,203.182760397595,0.543879944547994,102625,193.667615103532,202.702088712093,0.430957710643692
108,21,108309,157.587476571661,157.587476571661,0.56436265213323,108309,163.835747721796,175.897392088433,0.481331825749581
108,22,81845,142.453625756002,149.576870603078,0.528217673729719,81845,153.123220722097,153.123220722097,0.362104404066086
108,23,88077,231.561860644663,253.925813113708,0.524266908801785,88077,246.853673490242,265.178935792548,0.445231554030759
108,24,117939,205.683624585591,235.944213709296,0.600764412758153,117939,240.812080821442,273.000098807688,0.520690456168377
108,25,240909,185.029052463793,213.708487645118,0.697543101741187,240909,211.938727901407,177.323834946293,0.486794488902973
108,26,119379,121.081412978832,121.081412978832,0.0990871104386068,119379,121.254265825648,121.254265825648,0.0712602495572587
108,27,125935,155.990582443324,153.198016073947,0.446442405959688,125935,151.600079406043,155.969155259757,0.412694738732518
108,28,96519,229.443197712368,193.860921517254,0.563800922807611,96519,245.015603145495,222.764366453666,0.48644831660116
108,29,120166,131.177121648386,131.177121648386,0.32222644201011,120166,130.340720336867,130.340720336867,0.308067983522833
108,30,102728,262.122556654466,262.122556654466,0.705553989002299,102728,359.107925784596,424.508736370248,0.490847032221084
108,31,130732,236.049911268855,288.755456079548,0.646453246478848,130732,274.077899825597,313.571841571297,0.517198240806845
108,32,108210,172.129433508918,172.129433508918,0.609066469227961,108210,201.304287958599,211.084165404436,0.432324183691162
108,33,98279,206.34854852003,245.387916952055,0.661860625657618,98279,232.309822037261,261.366895431222,0.516736766208332
108,34,145419,126.905631313652,130.965445689173,0.543536776435652,145419,131.88744937044,131.88744937044,0.360887282440275
108,35,104462,241.347389481343,241.347389481343,0.696598208192911,104462,313.428624763072,267.75506854986,0.51059981282166
108,36,100466,154.417584058288,148.880270539281,0.504818662616746,100466,148.530746720283,151.656846844087,0.409321289650141
108,37,96853,146.915862182896,158.902141335052,0.539963675139248,96853,156.526178848358,161.609864849829,0.41153118168552
108,38,130357,137.966307908283,143.893799034416,0.464509772020439,130357,138.85871107804,131.864014545035,0.428299505790254
108,39,157526,134.926424844153,141.094517325903,0.515641824533422,157526,136.53422292193,136.53422292193,0.384447177603471
108,40,137701,285.055794801781,333.065264932337,0.599108079929615,137701,311.964858643002,311.964858643002,0.506153112697998
108,41,137760,128.186287746806,128.186287746806,0.583587309259666,137760,137.841354529617,137.841354529617,0.236127360050631
108,42,77631,256.035746029292,298.651353213738,0.592071651116617,77631,293.335085210805,320.934568444681,0.493190700140537
108,43,116038,201.824014546959,243.8998701485,0.639845977285808,116038,239.628328650959,239.628328650959,0.457371586597805
108,44,112591,136.901945981473,145.066470741177,0.60354404030014,112591,145.950369034825,149.461369966833,0.406337002482904
108,45,102660,150.01526397818,154.136738906925,0.408326611565303,102660,149.310120787064,149.310120787064,0.373568509851722
108,46,79845,237.201690775878,237.201690775878,0.603517808801406,79845,262.163516813827,284.901582492598,0.466439347628585
108,47,135434,173.264571673287,194.781242174689,0.589559969588641,135434,189.575091926695,203.344305285781,0.424161067185899
108,48,179034,143.477981835852,152.155797499723,0.521397021137471,179034,145.553811007965,152.13682698701,0.465386927483125
108,49,169358,307.177600113369,364.562466287552,0.538253150623628,169358,324.223780394195,377.898891837263,0.512576421512204
108,50,48389,147.71586517597,147.71586517597,0.36795861778765,48389,145.893157535804,143.309881781562,0.443791223950717
108,51,133330,152.482307057676,169.732646995111,0.673381340733573,133330,176.968934223356,176.968934223356,0.389790057901462
108,52,89818,136.280400365183,136.280400365183,0.282772552491982,89818,134.775991449375,134.775991449375,0.340299901017084
108,53,122519,157.934075531142,172.434402708598,0.568591205343839,122519,164.512540912022,174.626013697219,0.46137721267541
108,54,75658,203.42386793201,224.082829589838,0.575425894823533,75658,222.994488355494,248.370581341095,0.527706716295216
108,55,54959,140.808402627413,140.808402627413,0.338083411605187,54959,138.679997816554,138.679997816554,0.351335740488123
108,56,133266,120.982553689613,120.982553689613,0.0772431491687859,133266,121.041135773566,121.041135773566,0.0692127182142014
108,57,194160,120.688803049032,120.688803049032,0.0696945376528695,194160,120.685285331685,120.685285331685,0.0751031631453025
108,170,75985,217.859959202474,231.007221202292,0.443201065456114,75985,210.328380601435,223.484714722991,0.455860824983625
108,171,97209,211.235976092749,211.235976092749,0.660854431300225,97209,256.527780349556,272.046679136637,0.426849278962133
112,1,216262,121.698199406276,121.698199406276,0.0973508534271263,216262,121.559654493161,121.559654493161,0.102471376807702
112,2,114864,159.705643195431,159.705643195431,0.305811370617101,114864,169.448634907369,169.448634907369,0.220378482536312
112,3,107877,192.328874551573,192.328874551573,0.364878385474637,107877,197.734975944826,185.272465259069,0.419528321354872
112,5,124587,220.666530215833,244.131466078698,0.490289288829426,124587,233.177113181953,248.967146218609,0.42246495467472
112,6,93969,193.937979546446,181.502698799247,0.72136751406798,93969,175.692611393119,175.692611393119,0.223132668522681
112,7,120600,201.946849087894,230.855761346424,0.60313445979282,120600,224.492669983416,241.961313261345,0.465415533115666
112,8,99355,218.172341603342,218.172341603342,0.60539471875671,99355,258.49202355191,290.25883467582,0.447244739383506
112,9,162729,121.000221226702,121.000221226702,0.125896140281521,162729,120.944982148234,120.944982148234,0.129672602515982
112,10,118527,216.168594497456,174.378408454677,0.660380104610746,118527,249.000911184793,281.814315968017,0.528061777044316
112,11,106774,239.078961170322,305.400968517187,0.659494296648302,106774,303.551070485324,303.551070485324,0.512346082471362
112,12,147978,222.536106718566,222.536106718566,0.328519700116764,147978,225.61215180635,245.006677840175,0.447446555532802
112,13,78320,190.064747191011,212.288699556039,0.609459572791877,78320,234.451762002043,234.451762002043,0.395718046791312
112,14,104838,147.072416490204,151.262771302204,0.444286480552368,104838,154.368292031515,154.368292031515,0.403460366423504
112,15,85027,218.794312394886,218.794312394886,0.309988971192775,85027,215.137438695944,215.137438695944,0.323452933591999
112,16,103840,147.591795069337,158.068604621102,0.525044034431177,103840,157.222736902928,157.222736902928,0.38174166734834
112,17,162204,138.947917437301,145.042784607637,0.478003016110086,162204,140.293408300658,140.293408300658,0.4388203747106
112,18,80382,157.448458610137,172.8329568309,0.549748790971305,80382,174.888482496081,181.951253576288,0.416615932376743
112,19,86498,155.591817151842,171.370153591252,0.5490086621828,86498,167.476947443872,167.476947443872,0.418940772067826
112,20,84263,205.199909806202,205.199909806202,0.648892024436048,84263,220.660811981534,200.986754397102,0.447017200730905
112,21,122988,129.252260383127,127.977399406931,0.544248544485605,122988,126.49156015221,126.49156015221,0.323970945777664
112,22,85896,137.319246530688,141.109883826612,0.46677033923679,85896,142.572529570644,144.408315590601,0.401245842713522
112,23,64919,249.226482231704,283.722495482707,0.590950785442109,64919,305.723301344753,282.940650326259,0.448848367998596
112,24,151184,130.376091385332,130.376091385332,0.385195385248093,151184,128.936911313366,128.936911313366,0.295339356382379
112,25,113404,193.58865648478,217.878019198579,0.564831653930788,113404,206.06529752037,222.480145729549,0.441772909537752
112,26,87860,184.879273844753,201.251053740076,0.562613100185935,87860,207.283667197815,226.716694293666,0.442750447962142
112,27,111478,160.400599221371,177.517890796193,0.581956157021411,111478,167.517949729992,173.665867472218,0.442752430359077
112,28,71987,236.713434370095,236.713434370095,0.499276669467691,71987,283.897023073611,283.897023073611,0.376700429937471
112,29,112938,133.264065239335,133.264065239335,0.322840405078237,112938,130.473020595371,130.473020595371,0.325696819763504
112,30,77258,267.132620570038,235.279087837141,0.531292966479433,77258,282.184382199902,259.64615156823,0.488007666003573
112,31,107768,133.9817107119,141.669104166656,0.601669543390666,107768,142.818276297231,145.806959754166,0.414038800740431
112,32,146830,125.161247701423,127.837463443026,0.431661308733706,146830,130.120622488592,130.120622488592,0.337238792040352
112,33,112347,187.895635842524,214.765270309655,0.592151979121758,112347,216.412552182079,216.412552182079,0.472308205469463
112,34,178855,138.015107209751,146.601576021712,0.58928444832529,178855,141.525777864751,149.525345581382,0.511759252901025
112,35,95252,265.742882039222,234.600796043932,0.468485321518265,95252,271.482005627178,230.340677008055,0.489925072020202
112,36,143509,134.847208189033,141.338308452412,0.54316896154926,143509,136.746566417437,136.746566417437,0.44100947247405
112,37,135228,168.987406454285,184.922183306462,0.531906513736443,135228,180.753335108114,180.753335108114,0.393566266485668
112,38,128897,141.74025772516,155.141233164916,0.679218716673647,128897,163.250967827025,169.957027565226,0.497134378110913
112,39,139538,194.653198411902,194.653198411902,0.693998635592526,139538,229.845877108745,271.116746572831,0.559687050784674
112,40,112665,236.218124528469,295.932522160454,0.680943515552375,112665,318.637349664936,361.670073886574,0.508092525279913
112,41,123899,320.190534225458,439.208538448941,0.706048289914657,123899,396.202293803824,396.202293803824,0.544168953277573
112,42,101368,144.124023360429,144.124023360429,0.266524008173377,101368,149.012222792203,149.012222792203,0.32481492622521
112,43,147587,141.790510004269,141.790510004269,0.559488821883025,147587,147.36394126854,154.454890685109,0.461195869984489
112,44,73000,205.322260273973,205.322260273973,0.526595163122922,73000,203.616424657534,182.016245783573,0.469021897978328
112,45,93193,144.672335905057,144.672335905057,0.326852772813381,93193,145.895914929233,150.697285597475,0.466405258834338
112,46,151590,128.273817534138,131.087503996406,0.414526748146053,151590,130.011095718715,130.011095718715,0.349746101468621
112,47,93934,146.703525879873,146.703525879873,0.270234888459023,93934,143.913662784508,149.258632186196,0.466130043251279
112,48,118819,121.417273331706,121.417273331706,0.106989853971115,118819,122.041516929111,122.041516929111,0.141043938706937
112,49,103600,248.460579150579,248.460579150579,0.485498315507266,103600,250.40499034749,225.458320618185,0.49542461850953
112,50,95641,169.268932779875,164.119630024848,0.666366112027206,95641,159.520048932989,159.520048932989,0.397529122567018
112,51,188595,124.451533709801,124.451533709801,0.280374662829693,188595,124.927861290066,124.927861290066,0.307540253308624
112,52,143885,125.697001077249,125.697001077249,0.542832210560765,143885,135.40605344546,135.40605344546,0.301441227040386
112,53,112985,144.292737974067,158.187591378639,0.652176774915353,112985,169.365526397309,169.365526397309,0.390686287934116
112,54,121492,181.159500214006,200.438301727838,0.625483862291347,121492,208.164471734764,190.131660425058,0.448558408713555
112,55,81257,223.980826267275,262.363373135565,0.638256623221577,81257,267.246846425539,267.246846425539,0.485553840250413
112,56,86040,256.830555555556,297.885279133541,0.519579327472762,86040,270.680776383078,250.191508971054,0.458278915150462
112,57,144170,120.892814038982,120.892814038982,0.0898059038321494,144170,121.061607824097,121.061607824097,0.0954541030418166
112,58,100887,237.59024453101,237.59024453101,0.315170063714976,100887,229.838443010497,235.87501747502,0.507753512622096
112,59,173946,120.536758534258,120.536758534258,0.0717433396982683,173946,120.459746128109,120.459746128109,0.0646226492311539
112,99,109206,194.935589619618,219.026756857027,0.558918510320457,109206,221.499047671373,201.692496766633,0.487316751988405
112,100,101873,192.736426727396,192.736426727396,0.630750207186674,101873,242.921137102078,260.12446978016,0.445771420831919
116,1,280019,121.354672361518,121.354672361518,0.0929592130552972,280019,121.151693277956,121.151693277956,0.0915037381947143
116,2,113919,189.721179083384,214.844422186957,0.571624166968224,113919,213.244419280366,234.847191457811,0.415445192827229
116,3,143568,125.992930179427,125.992930179427,0.296104825187757,143568,124.808209350273,124.808209350273,0.197885809702501
116,4,101955,163.358314942867,182.074498404672,0.655919217286917,101955,190.55433279388,202.899309501033,0.445371010335738
116,5,89230,161.085498150846,161.085498150846,0.561923472637204,89230,171.395237027905,181.179013688931,0.45741141151606
116,6,164776,120.87771884255,120.87771884255,0.113144062568844,164776,120.866297276302,120.866297276302,0.0998577685279257
116,8,107650,205.093776126335,245.579955362933,0.643389830014082,107650,254.291342313052,231.312101363222,0.47148056322738
116,9,126783,126.619373259822,125.379348120251,0.481693160099706,126783,125.093324814841,125.093324814841,0.263480494137586
116,10,126833,223.763302925895,257.388834588037,0.596826746526304,126833,245.598645462932,265.086256258967,0.488546476709692
116,11,159909,131.353332207693,135.318319953612,0.467332126230531,159909,132.288945587803,135.285077855921,0.442341008031627
116,13,133967,123.84547687117,123.84547687117,0.331660045347429,133967,125.25998193585,125.25998193585,0.264075093584382
116,14,105587,145.457717332626,145.457717332626,0.388427534845051,105587,148.203263659352,148.203263659352,0.395245127468264
116,15,88286,201.713703191899,227.897552626115,0.525086118894273,88286,233.976836644542,252.300443953646,0.435258340966964
116,16,86126,281.561142976569,301.436372659227,0.516725085394024,86126,282.701031047535,321.438866755553,0.509442403575822
116,17,109336,334.572867125192,428.886169428496,0.708854126268634,109336,411.467092266042,331.626931059155,0.503272612764219
116,18,134305,143.701314172965,143.701314172965,0.506265735867368,134305,148.016343397491,154.326631577001,0.434157056266344
116,19,87390,190.135301521913,213.251074655635,0.61023800090367,87390,218.478761872068,238.747997252415,0.442273988793332
116,20,134155,217.679236703813,240.001260199139,0.534611076182335,134155,235.322343557825,254.875080116892,0.42282957524482
116,21,78574,209.99758189732,209.99758189732,0.650122523999364,78574,236.491345737776,256.050736518234,0.488248845061792
116,22,113155,132.278626662543,136.533168700316,0.493185241873789,113155,136.59413194291,136.59413194291,0.370713846714211
116,23,93906,209.40221072136,209.40221072136,0.586788767448401,93906,257.843716056482,273.715935624736,0.422683721291547
116,24,135616,190.115045422369,158.712559709867,0.64969610576586,135616,222.196407503539,241.677598908787,0.590436407664778
116,25,102464,130.43488444722,133.80962644092,0.472153142785767,102464,134.022232198626,134.022232198626,0.382137284593994
116,26,176701,136.144181413801,139.894215314632,0.450859836572497,176701,136.825643318374,141.15180560549,0.452671634438961
116,27,142106,153.02037915359,167.078511016769,0.586736859055302,142106,159.801859175545,171.971474597509,0.492964395550115
116,28,94350,208.088542660307,222.55708007598,0.476329522470187,94350,215.716036036036,226.724849616814,0.429279640037481
116,29,112512,185.670035196246,200.529988640223,0.531023129651252,112512,194.884670079636,208.146698099741,0.415884044548204
116,30,126561,162.240706062689,182.487549667122,0.604811704753514,126561,172.486421567465,180.901238594726,0.461188415890963
116,31,157736,141.843003499518,141.843003499518,0.548263471528379,157736,148.666708931379,156.276768688508,0.478028680128626
116,33,83899,157.266510923849,157.266510923849,0.617779113513734,83899,180.883240563058,193.624326795306,0.429136940438025
116,34,137968,129.919597297924,129.919597297924,0.318670610283273,137968,126.893685492288,126.893685492288,0.271021497192964
116,35,104641,139.235710667903,142.391615388977,0.405333666915924,104641,139.67896904655,144.376698081492,0.436374429414703
116,36,73404,226.961827693314,250.19445764713,0.483726119382587,73404,234.576399106316,216.145137438021,0.468581818441052
116,37,121057,221.047374377359,245.144331227815,0.540910686622891,121057,232.590523472414,221.077720852779,0.436746922386065
116,38,118107,244.990127596163,244.990127596163,0.637301713064794,118107,299.444198904383,254.235876695497,0.49818112022758
116,39,99489,179.251193599292,200.851951882519,0.594864760920646,99489,207.888691212094,207.888691212094,0.418345629048236
116,40,104698,247.747731570804,280.500289420241,0.55088806524504,104698,252.821266881889,227.075577449092,0.472424276182209
116,41,137211,125.217570019896,127.528648511715,0.428141841702086,137211,128.839604696416,128.839604696416,0.336759998611094
116,42,168356,159.369484901043,166.960190307032,0.462965330415721,168356,159.001924493336,169.188880010441,0.419712878962714
116,43,116064,272.548705886408,309.212908138973,0.50857852099275,116064,270.192971119382,242.148896628973,0.468870937381384
116,44,129790,145.74367824948,157.800238340359,0.620309680798394,129790,164.906911164188,164.906911164188,0.356926099262273
116,45,183032,127.226785480135,131.342272411382,0.53390941569388,183032,129.31779142445,132.336686503432,0.441903501192431
116,46,125442,141.194655697454,135.863742316026,0.636326365382514,125442,148.368528881874,138.571576784436,0.684919885718425
116,47,93759,144.547115476914,149.019705603293,0.469416110243507,93759,148.298456681492,153.645012069935,0.438988601143055
116,48,108051,131.17991504012,131.17991504012,0.684551885211476,108051,150.048986126922,155.137110080741,0.456795721322524
116,49,92812,219.991100288756,219.991100288756,0.537339959883407,92812,220.282151014955,231.36806369933,0.443081053554514
116,50,92447,253.496868475992,275.590019934135,0.49693909583601,92447,258.671584799939,273.92292802331,0.457597137998957
116,51,96502,247.424706223705,296.663000649777,0.629140705135649,96502,285.208088951524,323.47041001636,0.499477581165403
116,52,98806,180.120174888165,171.272069867424,0.723479635680146,98806,164.850029350444,164.850029350444,0.391659622926337
116,53,94981,139.88819869237,139.88819869237,0.323853643421612,94981,142.598698687106,142.598698687106,0.360953129802976
116,54,119879,213.724880921596,254.494767396711,0.636771121748866,119879,255.788586825049,255.788586825049,0.507913389150401
116,55,107565,121.899549109841,121.899549109841,0.0707303316186085,107565,122.987217031562,122.987217031562,0.0908575600590151
116,56,77740,255.929701569334,255.929701569334,0.57381445397991,77740,293.774144584512,293.774144584512,0.459380168779599
116,57,153644,120.637239332483,120.637239332483,0.0716727419186322,153644,120.911438129702,120.911438129702,0.0594209816527529
116,58,138716,123.635269183079,123.635269183079,0.459260615609279,138716,132.351660947548,132.351660947548,0.339215749038224
116,59,66055,280.796881386723,280.796881386723,0.530609792351741,66055,304.947134963288,304.947134963288,0.501904251961507
116,60,211987,120.381240359079,120.381240359079,0.0829502131374383,211987,120.526334162,120.526334162,0.0908975091943984
116,61,93236,232.699247071946,232.699247071946,0.679319159176205,93236,319.84129520786,361.550260312479,0.519324365041905
116,62,41032,293.44779684149,269.692649689637,0.425614155406606,41032,287.023883798011,322.738787663513,0.547336362320676
116,111,100203,216.08547648274,239.249276386118,0.579825947637613,100203,258.930361366426,258.930361366426,0.468424777050535
116,112,88859,157.677128934604,157.677128934604,0.753549765713911,88859,214.45385385836,228.690830987313,0.487218390941717
116,114,92387,192.705607931852,213.528583464646,0.53262566086938,92387,227.829240044595,210.296976276558,0.446755692677215
116,115,93336,180.623778606326,213.666326151871,0.624408057109123,93336,232.417855918402,250.338152622967,0.423216039164047
116,184,57345,276.810742000174,326.581809550268,0.564902738348833,57345,304.382997645828,338.482934955799,0.485014663560846
116,185,78352,259.88321931795,289.357448078316,0.533368939641976,78352,289.50006381458,289.50006381458,0.468513422127459
120,1,284519,121.388227148275,121.388227148275,0.130333940815814,284519,121.251083407435,121.251083407435,0.108031503012799
120,4,157908,124.828488740279,123.85896412377,0.443376914431998,157908,123.235415558426,123.235415558426,0.244320895775316
120,5,130391,162.253000590532,180.217735829905,0.657760423670942,130391,186.337952772814,199.075007858639,0.442374089260803
120,6,128852,243.538408406544,283.194807557566,0.604433450092242,128852,262.382151615807,220.751032522086,0.517790166387129
120,7,138783,142.540433626597,140.424433986345,0.487955519841929,138783,140.884935474806,140.884935474806,0.349895228525894
120,8,199856,133.148987270835,133.148987270835,0.556888083327985,199856,135.523907213193,135.523907213193,0.497562025798377
120,9,162530,120.738700547591,120.738700547591,0.115950429607021,162530,120.675918292008,120.675918292008,0.109634292256629
120,10,132216,141.660941187148,146.879785940127,0.457093761349912,132216,142.897107763054,147.044826259181,0.414698989408151
120,11,115440,185.675008662509,208.653742512307,0.608740764201529,115440,221.501195426195,205.364200143576,0.412538619407178
120,12,101780,162.137954411476,162.137954411476,0.559038176388675,101780,172.304214973472,172.304214973472,0.475290647076719
120,13,156583,128.945843418506,128.945843418506,0.385567981212511,156583,129.262359259945,131.211760727469,0.411474361830729
120,14,97624,219.199879128083,256.069562849305,0.566911332627626,97624,237.409049004343,209.462633649694,0.460630592273122
120,15,122404,182.510563380282,196.719081222976,0.477115079791023,122404,189.42008431097,195.689944533904,0.421123939673807
120,16,147677,139.569174617578,149.315924533428,0.605149068444808,147677,148.264191444842,156.515608842912,0.488645130463045
120,17,135243,219.037480682919,234.465281346123,0.482798989897623,135243,221.784225431261,227.975975119001,0.454363949161324
120,18,163714,215.205242068485,241.344527293889,0.451907146628146,163714,241.854716151337,241.854716151337,0.292351236919747
120,19,98623,158.778824412155,168.209805488527,0.544845766677042,98623,177.426827413484,177.426827413484,0.307730152212565
120,21,93014,180.996742425871,205.435827470512,0.653948216022827,93014,218.58205216419,199.114523483377,0.471823151048807
120,22,113076,327.793616682585,412.327206382773,0.717276325865155,113076,392.58362517245,331.308578048968,0.52047920016396
120,23,113719,185.947220781048,198.837704139017,0.50812715699399,113719,196.411400029898,196.411400029898,0.460470937063929
120,25,91170,263.598168257102,284.993565486728,0.449835082402066,91170,263.858473181968,273.007785217328,0.437558884308763
120,27,144544,127.389348572061,129.554859239312,0.429035818236117,144544,131.131911390303,128.835955555596,0.431684611842086
120,28,127960,128.41199593623,132.251478040852,0.50779666094914,127960,133.152524226321,133.152524226321,0.347657523427235
120,29,190481,127.536006215843,127.536006215843,0.597077769708301,190481,130.212661630294,134.251418696037,0.482695149524895
120,30,163124,128.338362227508,125.845700602712,0.408093087659277,163124,125.140837644982,125.140837644982,0.288718525174267
120,31,143111,133.574421253433,138.00729676785,0.419035956573626,143111,133.337157870464,137.138248163576,0.466478013351959
120,32,127183,126.347342018981,126.347342018981,0.331117291523414,127183,125.003192250537,125.003192250537,0.305414023774535
120,33,141575,144.985053858379,155.497611402294,0.582197667862802,141575,164.90956736712,164.90956736712,0.221938056504139
120,34,119902,133.163375089657,136.106769272693,0.43400923035582,119902,135.19828693433,135.19828693433,0.373162444286928
120,35,71509,267.637905718161,267.637905718161,0.552532801277273,71509,286.798179250164,320.751322920253,0.490678475315937
120,36,77639,256.034544494391,280.465822567278,0.518300294924872,77639,273.348368732209,299.399069337374,0.486452792839128
120,37,99818,282.37758720872,333.752009521272,0.600118912936628,99818,306.019655773508,264.08853638416,0.506277465700967
120,38,74702,222.732256164494,222.732256164494,0.6590571060746,74702,255.317742496854,286.352893083147,0.489735404732738
120,39,155087,124.02951891519,124.02951891519,0.391102829737225,155087,126.28399543482,126.28399543482,0.311943986410189
120,40,103425,197.252501812908,230.423473757098,0.600803394077768,103425,240.910485859318,249.097195784326,0.433863808938978
120,41,128365,218.878183305418,269.633067361127,0.646070468807483,128365,252.752596112648,225.832698437517,0.50681305186672
120,42,74465,213.444598133351,249.365837951792,0.560403744212729,74465,256.84019337944,269.974261749974,0.480461052229707
120,43,97834,174.025993008566,168.97036748548,0.643594473743082,97834,166.621399513462,172.901779822491,0.449178577797749
120,44,116210,157.153437742019,173.427221439019,0.571308693003314,116210,166.669701402633,173.175139519537,0.474034083531883
120,45,97841,137.615120450527,136.224695334516,0.425271664564802,97841,136.48187365215,136.48187365215,0.335929526570722
120,46,89626,166.732778434829,187.612570558073,0.634813718641625,89626,196.991754624774,203.35737090652,0.436646024799249
120,47,123311,257.057715856655,257.057715856655,0.659113861017733,123311,325.161226492365,325.161226492365,0.489825281698511
120,48,103807,134.607020721146,134.607020721146,0.370592261393157,103807,133.935023649658,133.935023649658,0.293884652258588
120,49,100047,140.606315031935,142.93787594247,0.425545242389274,100047,141.211530580627,146.722044946041,0.43385914354137
120,50,74146,297.311574461198,332.986235839714,0.514137906456642,74146,279.00809214253,232.626366689872,0.542463262282961
120,51,147507,153.473950388795,153.473950388795,0.64374387331326,147507,166.299856955941,176.634654419332,0.483150184006911
120,53,169645,153.180694980695,158.814536650716,0.428060738728295,169645,154.199540216334,159.973933258147,0.413955808127023
120,54,121592,121.405783275215,121.405783275215,0.113913717189067,121592,121.757656753734,121.757656753734,0.175298478320761
120,55,161476,120.722522232406,120.722522232406,0.0526887367072267,161476,120.929599445119,120.929599445119,0.0448445020989958
120,56,46711,252.002975744471,274.67470419435,0.414246076867468,46711,232.986983793967,248.542429501083,0.490964049678499
120,57,143373,123.104880277319,123.104880277319,0.270181901537898,143373,131.136769126684,129.651428108282,0.402276122819413
120,58,237706,120.3598689137,120.3598689137,0.0728358664369606,237706,120.45055656988,120.45055656988,0.0543275056425093
120,59,70206,263.146995983249,263.146995983249,0.494578025138512,70206,289.69457026465,289.69457026465,0.458357256419436
120,60,57635,311.230710505769,311.230710505769,0.526580136930224,57635,309.416500390388,360.474105152553,0.601935046122285
120,61,87977,176.34403309956,158.804134133742,0.568924250598934,87977,209.49441331257,188.849502830158,0.443059482951797
120,131,112345,223.387262450487,250.403650843716,0.534464551661093,112345,253.652383283635,268.981545304374,0.444166514183113
120,132,108557,151.739224554842,151.739224554842,0.77013724969494,108557,203.397754175226,219.943768360015,0.509138521336428
120,133,69517,222.60454277371,254.920345691604,0.593788577801225,69517,270.925572162205,293.211005030318,0.444097343569259
120,134,142612,129.473662805374,129.473662805374,0.574081979935384,142612,146.378432389981,146.378432389981,0.340644979631574
120,135,67135,254.94213152603,269.895764839443,0.459547352033534,67135,270.196693230059,258.571410041324,0.404672915974049
120,136,121487,183.103064525422,183.103064525422,0.665580145642344,121487,231.292492200812,260.697832852418,0.482961244609914
120,197,84261,207.459156667972,229.777810489248,0.484579204545166,84261,226.86265294739,239.618372713126,0.436963250665859
120,198,99716,234.15115929239,234.15115929239,0.620801548303927,99716,306.655351197401,306.655351197401,0.469448076601329
120,199,94857,209.175864722688,232.116218346646,0.522391832740266,94857,235.018733461948,235.018733461948,0.387721702486827
120,200,92886,189.986994810843,218.470414528341,0.592254828229573,92886,232.419535775036,248.095789207583,0.44593265949139
124,1,182350,254.925478475459,231.965380629689,0.432244584579452,182350,238.741157115437,264.425488737365,0.444964243906268
124,4,192046,124.615045353717,124.615045353717,0.312995052299558,192046,125.546837736792,125.546837736792,0.341974063698092
124,6,153981,139.367746670044,135.548309558232,0.521751905453558,153981,134.096609321929,131.012904698738,0.421266753093341
124,7,135306,130.253795101474,133.232056079272,0.463540960187791,135306,132.652380530058,134.769287181366,0.421693070272783
124,8,110660,163.830516898608,163.830516898608,0.559522782129534,110660,171.113383336346,171.113383336346,0.465255507313018
124,9,121446,156.30638308384,165.619671322861,0.46195650071442,121446,188.529288737381,171.554149868802,0.726397144314256
124,10,121991,192.487806477527,221.171242821044,0.640639285766411,121991,229.810371256896,205.785121371976,0.448720588499951
124,12,162415,127.430095742388,127.430095742388,0.314677609317313,162415,125.441480158852,125.441480158852,0.353949922793817
124,14,167758,128.717849521334,133.636451397737,0.512705700993412,167758,129.775110575949,133.296341272125,0.46908438479293
124,15,160006,158.796963863855,183.579659115766,0.679134553345239,160006,173.334006224767,188.349323235355,0.505380375599488
124,16,118285,269.370951515408,250.899560214668,0.430350743715062,118285,266.079908695101,253.974710338591,0.410703616747867
124,17,192543,124.104906436484,122.691200815655,0.55328069236424,192543,122.804853980669,122.804853980669,0.212869228863827
124,18,89809,225.558173457003,257.539293039738,0.55524021974153,89809,250.722388624748,282.488230193861,0.447606700903584
124,19,139074,181.157455742986,201.639997488902,0.625085041858086,139074,235.410982642334,235.410982642334,0.381537884298787
124,20,72494,221.249731012222,255.009371735913,0.628966535357671,72494,256.742861478191,273.970252534865,0.447760344584807
124,21,93312,262.54075574417,303.560672585533,0.540380445392706,93312,299.582915380658,299.582915380658,0.368825789539208
124,22,161981,133.86642260512,138.716530762195,0.509322055721902,161981,137.736135719621,137.736135719621,0.390766442265438
124,23,150845,148.837687692665,156.035923306772,0.489439770873538,150845,165.845576585237,159.387779511422,0.593612573927281
124,24,130034,208.23553839765,208.23553839765,0.53947960276849,130034,235.173623821462,235.173623821462,0.441344109736472
124,25,139887,287.423849249752,338.750482578429,0.56496472609116,139887,315.976237963499,362.123064015362,0.494558483183585
124,26,147774,159.981072448469,168.771571362706,0.482116990798559,147774,164.855894812349,172.272203547242,0.429787238209044
124,27,121561,154.106859930405,173.973597849461,0.707015341127962,121561,183.923018073231,183.923018073231,0.361411237172836
124,28,135942,129.51953038796,129.51953038796,0.355612788487408,135942,129.328176722426,129.328176722426,0.33866279029878
124,29,119087,283.920318758555,333.437280790849,0.595385904118208,119087,287.356999504564,340.755951006348,0.562701300998722
124,30,78896,180.192278442507,208.417956330348,0.675169343265955,78896,232.673443520584,232.673443520584,0.343232266130512
124,31,125746,295.060041671306,376.960627717897,0.589487163473023,125746,346.01729677286,387.018478051191,0.451875734529435
124,32,105508,131.36728020624,131.36728020624,0.631716039721001,105508,138.589424498616,143.431192374148,0.468700054750444
124,33,130988,164.609865025804,159.873150540384,0.682200997522492,130988,155.691643509329,155.691643509329,0.377894657174003
124,34,110453,274.008048672286,274.008048672286,0.545340149783553,110453,300.009569681222,261.247522736347,0.459461454303847
124,35,94348,129.763270021622,129.763270021622,0.344386668941089,94348,131.343536693942,131.343536693942,0.299441451560815
124,36,91400,206.702538293217,237.980767066367,0.62597634881168,91400,237.256411378556,247.225468934145,0.45875420577143
124,37,161959,127.67163294414,127.67163294414,0.342507674088624,161959,126.99220790447,126.99220790447,0.338311852256495
124,38,153859,121.040004159653,121.040004159653,0.0661217309925454,153859,121.42478503045,121.42478503045,0.0883845480183413
124,39,139068,124.568369430782,124.568369430782,0.238093328241386,139068,124.688821296057,124.688821296057,0.253520086019901
124,40,108997,132.090516252741,136.485401372199,0.467262097090573,108997,133.885850069268,137.832607397979,0.462505664215181
124,41,136624,152.314044384588,166.138289411192,0.544521679948731,136624,157.208587071086,169.254526588851,0.480484678744574
124,42,166545,142.762268455973,152.882851791972,0.593878871579094,166545,149.139127563121,158.202994094608,0.47998047684464
124,43,81802,256.209640351092,302.088869928948,0.573144195009428,81802,303.152832449084,320.744322552445,0.435686575518612
124,44,82802,253.420956015555,283.953942597924,0.51276911255029,82802,271.506883891693,288.693169448899,0.446687521590663
124,45,118911,126.100957859239,128.51844642527,0.419789949306507,118911,128.778548662445,128.778548662445,0.37148793786131
124,46,126903,196.068469618528,190.92261017443,0.450058080121326,126903,191.870444355137,198.453211717865,0.444438601382635
124,47,121536,143.445579910479,143.445579910479,0.392114843674376,121536,143.189647511848,143.189647511848,0.399365371502771
124,48,101740,284.767603695695,344.28687042128,0.604784692402614,101740,306.554413210143,348.564455453546,0.515748036775398
124,49,212302,138.411032397245,146.002713341065,0.543342883774466,212302,141.409082344961,147.487899107482,0.502572332850615
124,50,117441,184.64136034264,196.235499018533,0.513987575974936,117441,193.958370586082,193.958370586082,0.442146401304209
124,51,66054,199.873527719744,199.873527719744,0.618233143450919,66054,250.751566899809,273.447053960369,0.480056144720763
124,52,79759,235.584134705801,262.944178372928,0.52381978188197,79759,242.64188367457,268.377259816245,0.533941860425494
124,53,128289,121.944804309021,121.944804309021,0.265787349927357,128289,130.950767407962,127.487034351927,0.595847516320497
124,54,111623,259.049729894377,310.950631610875,0.558609122514858,111623,275.751099683757,315.972597810304,0.485594456850015
124,55,143576,121.106459296818,121.106459296818,0.116388262761631,143576,121.220280548281,121.220280548281,0.103579405702259
124,56,82128,282.927783459965,282.927783459965,0.548580340238847,82128,281.951137249172,327.57761089493,0.582383061143584
124,57,55670,228.601023890785,263.937530975937,0.562801508605327,55670,263.294054248249,280.203006234929,0.425318984784056
124,58,140855,128.727251428774,128.727251428774,0.529105687916252,140855,149.177771467112,142.436610676562,0.587879395766002
124,59,124266,121.162538425635,121.162538425635,0.277548598101747,124266,121.45603785428,122.202507319532,0.410666560156859
124,60,141912,121.308973166469,121.308973166469,0.115506609292451,141912,121.341126895541,121.341126895541,0.11338634661907
124,61,136671,120.248260421011,120.248260421011,0.080430092633598,136671,120.142649135515,120.142649135515,0.104767243499689
124,219,92963,196.864849456235,184.679538657781,0.448919896134485,92963,204.954541053968,216.881071301701,0.408584026255988
124,220,166959,146.376026449607,146.376026449607,0.699882804294438,166959,177.128768140681,181.772825316571,0.414549926088859
124,221,83812,216.14497923925,238.617228714147,0.539777800071622,83812,219.137784565456,227.403714180208,0.430148368991402
124,222,70307,254.893993485713,272.590592306518,0.438308491933308,70307,261.263899753936,261.263899753936,0.38972656370837
124,223,88540,177.978348768918,208.155167765213,0.672961978311788,88540,233.641574429636,207.18677721384,0.480109687084392
124,224,106020,215.697547632522,244.011076945926,0.569370232823212,106020,248.530003772873,232.433608132935,0.436364700558689
124,225,113264,148.359496397796,148.359496397796,0.744628808624588,113264,194.326387907897,202.678806669845,0.444917554046783
124,226,133610,212.131831449742,241.787420689957,0.543509047738308,133610,236.735536262256,252.623163786076,0.432517238804666
124,227,87885,204.611560562098,245.062800965559,0.626733189264916,87885,266.262479376458,289.943508787452,0.449416818595072
128,3,142667,275.399251403618,331.512793538176,0.610655567926029,142667,301.165504286205,360.919169994369,0.519427480647595
128,4,137965,127.475765592723,130.30898207028,0.461484000834732,137965,129.902460769036,129.902460769036,0.427346650949282
128,5,216435,139.382230230785,147.577958025305,0.558118377218172,216435,142.905542079608,148.798073392997,0.503490460974518
128,6,176460,132.065555933356,128.972259770511,0.542561527462242,176460,128.196033095319,126.862286447898,0.449379809976708
128,7,131992,147.678139584217,165.583223644279,0.688553629410482,131992,173.276456148858,184.797012400504,0.428484261022423
128,8,141174,134.694426735801,137.730043278911,0.449227407831545,141174,136.900257837845,139.110926858592,0.41376022256619
128,11,112630,159.538258012963,159.538258012963,0.491555440801324,112630,164.594681701145,164.594681701145,0.414326969090226
128,12,143000,138.265825174825,144.75502203389,0.528350342970565,143000,140.494272727273,147.494731488055,0.51080561667581
128,13,107942,149.960793759612,157.442946413011,0.508296675693197,107942,167.948935539456,164.013756139288,0.474520258320384
128,14,148092,261.752147313832,261.752147313832,0.685182079632776,148092,318.500668503363,350.766748742265,0.478483870154704
128,16,141418,127.623810264606,127.623810264606,0.343889045615598,141418,127.428905796999,127.428905796999,0.355665761166909
128,17,114535,270.989156153141,335.826000382084,0.567819697483285,114535,308.100161522679,256.052235964535,0.488323012774955
128,18,143516,163.884047771677,191.301064737809,0.702930894112563,143516,189.859465146743,209.397097200703,0.490770923137926
128,19,140977,271.068294828234,293.437505153182,0.444106483481564,140977,259.258836547806,298.280879100917,0.533618239349675
128,20,181103,123.395918344809,123.395918344809,0.247723801526969,181103,124.205816579516,124.205816579516,0.253938757618475
128,21,126329,278.037513160082,350.009177543308,0.621646849872295,126329,335.06335837377,335.06335837377,0.443107262618473
128,22,186734,123.68447095869,123.68447095869,0.347648774636618,186734,123.465373204665,123.465373204665,0.276037120755403
128,23,108045,274.529242445277,258.533457847113,0.439518907895033,108045,270.164301911241,258.829300475215,0.417216939105851
128,24,134384,126.131957673533,126.131957673533,0.368327528963987,134384,127.469914573163,127.469914573163,0.373359433967171
128,25,115198,219.582301776073,246.431791040064,0.560913445113295,115198,262.521736488481,238.736701452385,0.46465048614431
128,26,142325,157.475004391358,168.788572165731,0.525127916575629,142325,162.910205515545,173.737170524544,0.485464680583458
128,27,131062,229.852939830004,229.852939830004,0.604104653049212,131062,270.821954494819,270.821954494819,0.482069601935072
128,28,68143,236.371630248155,253.206350862356,0.457855815887463,68143,259.072920182557,267.496191835634,0.403813215770352
128,29,82402,247.779859712143,272.084848412259,0.520245226310643,82402,265.355209825004,287.687327780453,0.46999422631084
128,30,105815,129.215432594623,129.215432594623,0.398210238387199,105815,129.148873033124,129.148873033124,0.343723819673913
128,31,300246,138.211872930863,138.211872930863,0.339087762278077,300246,135.981295337823,135.981295337823,0.360605212933706
128,32,134185,127.913686328576,125.919549481413,0.404336816719696,134185,125.792592316578,125.792592316578,0.375706387225345
128,33,163520,124.258891878669,124.258891878669,0.274107821333809,163520,123.639952299413,123.639952299413,0.285959976853363
128,34,134666,155.497861375551,176.300085861023,0.714252748244793,134666,182.998797023748,187.219576890847,0.421532021426098
128,35,178550,141.440095211425,151.782856085572,0.610867014236086,178550,147.064928591431,156.135175798518,0.518423775381174
128,36,126284,156.720233758829,148.784074136994,0.600444314710594,126284,167.601659751037,155.879756889482,0.691253613225896
128,37,117433,205.482504917698,205.482504917698,0.330667635678229,117433,208.338507915152,208.338507915152,0.395587478591514
128,38,154582,163.135371518029,180.96854300638,0.587971784251148,154582,198.519976452627,187.209297699347,0.462127043957723
128,39,108107,144.158028619793,144.158028619793,0.718271305309492,108107,160.535395487804,175.416820132027,0.538516078254123
128,40,82493,223.690701029178,281.126933448739,0.652963334426254,82493,259.243147903458,234.293900428254,0.456668626244911
128,41,97460,217.849630617689,192.40561905408,0.565109346909475,97460,228.430063615842,241.88956194102,0.494360920942132
128,42,83466,185.526190305034,215.63855437672,0.67190336001358,83466,234.595044688855,234.595044688855,0.255408650333578
128,43,123518,165.541831959714,176.104106696382,0.510682910941675,123518,174.321815443903,182.480833194037,0.442432250474008
128,44,112953,131.715642789479,131.715642789479,0.459956641956346,112953,154.304312413128,146.135828192065,0.591781331840806
128,45,137720,121.271195178623,121.271195178623,0.0980673418625794,137720,121.275856810921,121.693963415695,0.405737020023217
128,46,92862,312.806207059938,386.151706110972,0.653759807077981,92862,348.56684111908,405.31028357538,0.568242321396916
128,47,87669,259.121742006867,279.274789113371,0.427079047898835,87669,266.986540282198,291.087951474551,0.547348245218403
128,48,128504,127.574900392206,127.574900392206,0.527739066186829,128504,131.813126439644,135.849269258209,0.470116600017876
128,49,129715,144.749890143777,144.749890143777,0.475483552212224,129715,147.492340901206,153.926835681493,0.415660658683007
128,50,187260,121.564247570223,121.564247570223,0.103172460281179,187260,121.589554629926,121.589554629926,0.198965338303332
128,51,112827,125.963980252954,128.245622568222,0.431843062342423,112827,128.451017930105,126.254481285907,0.439760831225593
128,52,159896,120.328982588683,120.328982588683,0.0829432915370586,159896,120.310676940011,120.310676940011,0.199169882054733
128,53,87428,199.869767122661,222.449010234125,0.52446595648508,87428,211.214073294597,231.904871786348,0.434423976738893
128,54,180184,121.880982773165,121.880982773165,0.118637268028982,180184,121.981041601918,121.981041601918,0.228551891358135
128,55,102369,174.847522199103,186.768408141172,0.507927048326682,102369,186.92127499536,203.064710562283,0.431944476584568
128,56,117543,234.232161847154,234.232161847154,0.552146420526673,117543,254.246437473946,254.246437473946,0.496172958308635
128,57,116977,121.026082050318,121.026082050318,0.164438829838221,116977,121.227737076519,121.858227633399,0.454416044504575
128,263,122255,276.731479285101,235.189625021958,0.463649767702318,122255,287.363895137213,324.024047299399,0.486908357059185
128,264,59863,265.575296927986,265.575296927986,0.481986536209184,59863,303.918814626731,303.918814626731,0.433497917752514
128,265,103297,165.166035799684,187.108048237346,0.664788337087161,103297,226.790410176481,245.540620935973,0.458675224498013
128,266,93194,202.172135545207,230.58198877309,0.551963858997422,93194,244.418632100779,244.418632100779,0.388302008626416
128,267,55606,251.310398158472,270.852175798525,0.47228813959362,55606,265.118890047837,265.118890047837,0.403529602435009
128,268,108885,177.248133351701,177.248133351701,0.707967559829739,108885,232.228507140561,266.802663270145,0.528384620622056
128,269,114815,135.798031616078,123.98164286809,0.724647356212897,114815,171.246274441493,181.452390938786,0.484206721174191
128,270,150675,194.123086112494,185.849163773946,0.502120964588679,150675,214.902677949228,188.936450146775,0.684774086495365
128,272,111280,219.346081955428,247.002547721767,0.512596058032073,111280,246.610424155284,254.421180651205,0.404181150299776
128,273,122858,221.135115336405,281.852758604159,0.670131674981806,122858,275.160429113285,275.160429113285,0.453447128680678
128,274,85941,221.0235859485,258.092883180671,0.610864065750724,85941,275.00265298286,247.527824817373,0.436286826657567
128,275,117041,121.880247092899,121.880247092899,0.265806611808354,117041,128.667748908502,126.434035250622,0.556414567164159
132,1,273445,135.237481029092,140.36091768905,0.507765547977802,273445,137.496472782461,141.57161495036,0.456159998505608
132,2,146740,121.066076052883,121.066076052883,0.105787249833952,146740,121.514760801417,121.514760801417,0.21447355582565
132,5,150227,157.147836274438,171.394979213141,0.560486496367449,150227,161.216778608373,172.739662556368,0.53289149434165
132,6,170677,134.357406094553,134.357406094553,0.665722157592219,170677,139.567047698284,139.567047698284,0.542676620297068
132,7,164110,244.626055694351,294.917214275285,0.616516493239124,164110,274.66771068186,298.813753267581,0.464521720249927
132,8,100801,288.088044761461,330.621757140318,0.524592502655982,100801,331.467009255861,331.467009255861,0.373676713160958
132,9,112297,230.333063216293,251.939839213361,0.450850311015354,112297,215.984309465079,215.984309465079,0.447216204007729
132,10,120584,240.264512704836,287.177026242314,0.576640881198325,120584,294.553763351688,327.963827395262,0.406798515005346
132,11,101487,202.306078611054,197.308258867601,0.417557813998173,101487,195.734409333215,195.734409333215,0.359067850553348
132,12,195799,129.93931531826,124.557451789947,0.710593409705789,195799,129.32981782338,124.469202594073,0.731373474461833
132,14,171692,123.973510705216,123.973510705216,0.360458396460171,171692,127.263978519675,127.263978519675,0.286956866510195
132,15,125264,262.309099182526,306.61291429447,0.569362220468033,125264,311.817649125048,311.817649125048,0.415347047844907
132,17,85726,224.327508573828,267.164794642942,0.654930484802691,85726,239.695133331778,280.369955577863,0.49673245339778
132,18,89231,243.967713014535,266.843159094299,0.443996837242118,89231,257.81776512647,252.602386378013,0.401471776409702
132,19,104531,145.049219848657,150.741217367945,0.49455923767193,104531,150.955008562053,157.957848953308,0.432130662554841
132,20,241266,121.738388334867,121.738388334867,0.175212914342684,241266,122.075634362073,122.075634362073,0.158663058376914
132,21,125895,226.440374915604,226.440374915604,0.594769251938316,125895,271.912959212042,304.401591312626,0.453504765102849
132,22,149487,136.454474302113,136.454474302113,0.366554793376438,149487,134.595115294307,138.984444624334,0.486200069078631
132,23,87452,331.022252206925,396.771362446364,0.538933287635894,87452,371.935415999634,402.60267754121,0.423045625136266
132,24,119268,133.570027165711,133.570027165711,0.319920569649093,119268,131.817536975551,131.817536975551,0.267614641902409
132,25,113417,213.127926148637,224.982459900443,0.514140072378248,113417,247.999321089431,247.999321089431,0.403669108567556
132,26,51792,124.058426011739,124.058426011739,0.255698419587871,51792,130.848354958295,126.119240985895,0.59893092880413
132,27,73230,143.023255496381,140.0188239679,0.42587319656851,73230,144.324716646183,140.875485922882,0.484530269466695
132,28,110660,175.828185432857,175.828185432857,0.326050245444532,110660,179.395373215254,179.395373215254,0.328838731953896
132,29,110238,189.318519929607,212.08253565127,0.597865963659829,110238,230.25879460803,230.25879460803,0.30327948707916
132,30,118464,132.412386885467,132.412386885467,0.340196208974998,118464,128.53116558617,128.53116558617,0.31508369727876
132,31,122457,184.624619254106,187.767384431428,0.407013580332839,122457,187.446524086006,187.446524086006,0.342541987894493
132,32,136154,125.182807703042,125.182807703042,0.34966491663364,136154,127.742732494088,127.742732494088,0.279639067621042
132,33,165252,129.53385133009,126.567013874675,0.640459778656585,165252,125.653414179556,125.653414179556,0.253763757132556
132,34,160712,134.990479864603,134.990479864603,0.670571399304563,160712,139.844299118921,148.466954603624,0.544107118438246
132,35,110856,138.390046546872,145.379831072248,0.524821775648763,110856,151.186575377066,151.186575377066,0.271619754385184
132,36,236501,123.26584665604,123.26584665604,0.130012163615019,236501,123.369013238845,123.369013238845,0.288664055617856
132,37,140566,140.215443279314,143.999561638326,0.403155786990192,140566,140.975918785482,140.975918785482,0.390099138006032
132,38,144154,152.037397505446,159.250408497831,0.475198133802599,144154,158.452772729165,163.899611849653,0.420170473380267
132,39,126751,225.341157071739,269.833322301054,0.64481532938662,126751,274.759820435342,274.759820435342,0.565835781722984
132,40,148953,154.065906695401,173.332894376799,0.637575619942871,148953,165.58987734386,177.937323021491,0.497297773208169
132,41,129210,123.38558161133,122.419213854879,0.471832875385499,129210,122.424719448959,122.424719448959,0.263107564121599
132,42,111253,255.477775880201,286.656125032283,0.489983518279605,111253,244.60079278761,260.225872947502,0.495324641982612
132,43,121787,136.482079368077,136.482079368077,0.305400350882108,121787,134.632325289234,134.632325289234,0.36730200598432
132,44,127094,124.607770626465,124.607770626465,0.338924258606405,127094,126.330818134609,126.330818134609,0.271512760791805
132,45,113864,268.235588069978,302.070944822666,0.495776100751894,113864,271.282995503408,306.636222620394,0.562866805388078
132,46,64188,120.781064996573,120.781064996573,0.0761227389819075,64188,121.111313641179,121.111313641179,0.176660212184733
132,47,88379,133.736600323606,130.785141956777,0.56741064474669,88379,129.845223412802,129.845223412802,0.345923827413547
132,48,95014,242.285694739723,221.485716559227,0.413891903180282,95014,239.793767234302,258.511075900061,0.51307922079789
132,49,57638,120.70503834276,120.70503834276,0.0689952338990553,57638,121.1087824005,121.1087824005,0.167519072809813
132,50,122650,181.279486343253,198.886144501584,0.512316783392071,122650,190.378010599266,206.047455607606,0.493820671471051
132,51,117924,120.578609952173,120.578609952173,0.0936956513674182,117924,121.076269461687,121.076269461687,0.140435125465553
132,52,61184,239.428298247908,250.168015426388,0.400542033832025,61184,244.990128138075,258.649275517483,0.45895580536456
132,53,182597,123.29062361375,123.29062361375,0.218728355324302,182597,123.799454536493,123.799454536493,0.2679644290977
132,54,137017,147.546384755176,165.46628936039,0.695807811270066,137017,173.257617667881,173.257617667881,0.386630169357045
132,55,99365,210.130760328083,239.652811292481,0.555844592490649,99365,235.904392894883,247.572895687171,0.492679922803032
132,56,68598,238.835082655471,238.835082655471,0.375706135531479,68598,236.641403539462,236.641403539462,0.368281317836055
132,57,125917,122.148256391115,122.148256391115,0.255203955990443,125917,123.838885932797,123.838885932797,0.227325862192988
132,58,67254,214.163692865852,214.163692865852,0.390494392746986,67254,236.867814553781,236.867814553781,0.388420426994173
132,59,62813,275.003836785379,298.144870910172,0.503144547905185,62813,267.279751006957,234.035599968727,0.540569705190005
132,61,70147,156.229332687071,165.27333406454,0.51999106676391,70147,177.041298986414,177.041298986414,0.397278992167552
132,62,27920,237.114541547278,237.114541547278,0.502556631773392,27920,257.063502865329,270.25371420545,0.400821271742965
132,63,80709,148.390452118103,166.166026103855,0.701463399594146,80709,160.350456578572,171.97379781694,0.497502488413334
132,64,53041,200.708621632322,210.795748860684,0.469494737782047,53041,208.811768254746,208.811768254746,0.3694129412682
132,294,107280,247.785169649515,247.785169649515,0.399975995351694,107280,249.231133482476,249.231133482476,0.39502640128958
132,295,92878,200.418807467861,224.240117579693,0.583339434550565,92878,273.076024462198,301.503190498314,0.432571569833444
132,368,134295,220.61085669608,254.72097562239,0.585945076971794,134295,263.455556796604,292.559051073993,0.420228679489861
132,369,155847,126.761426270637,121.128473687651,0.662757203473402,155847,145.475370074496,145.475370074496,0.388676584794552
132,370,121940,130.332097752993,125.640829872908,0.703488769396046,121940,156.551205510907,138.38393533213,0.707475984633005
132,371,65972,259.268932274298,285.444000033022,0.506146741809664,65972,276.615837021767,276.615837021767,0.353174890230019
132,411,30461,126.684186336627,126.684186336627,0.219386408407125,30461,138.249302386658,127.807443013284,0.716365693466065
132,414,90669,199.177061619738,227.717336061152,0.640476878585984,90669,237.376490310911,237.376490310911,0.437621481072138
132,415,31644,172.239097459234,190.595555050914,0.544530338763275,31644,204.146947288586,204.146947288586,0.323155644606908
136,1,188614,121.18437125558,121.18437125558,0.141509312755524,188614,121.594876308227,121.594876308227,0.100987869795159
136,2,92813,127.323866268734,127.323866268734,0.344129254368978,92813,129.788855009535,129.788855009535,0.302424091373967
136,3,320694,142.822048432462,140.11144380102,0.477931464864845,320694,139.725648125628,139.725648125628,0.341417858058851
136,4,163796,178.349947495665,196.786787987703,0.541626666337973,163796,186.354587413612,204.013132175206,0.514102765661147
136,5,125065,124.111677927478,124.111677927478,0.243540839789352,125065,124.783816415464,124.783816415464,0.221673128201805
136,7,147450,191.443533401153,213.959339411326,0.57890627832318,147450,241.920576466599,241.920576466599,0.383105148817
136,8,122404,251.49044148884,251.49044148884,0.609512098270565,122404,309.545398843175,279.452894573336,0.443218250528721
136,10,142995,218.334494213084,196.981687510828,0.673521916718519,142995,195.663897339068,195.663897339068,0.264586076966173
136,12,140188,156.314277969584,156.314277969584,0.735319160451375,140188,192.81210945302,214.421478515394,0.530234125067054
136,14,100339,125.369367843012,122.267265280565,0.682737389551336,100339,150.300710591096,150.300710591096,0.695826441164598
136,15,162759,251.442887950897,322.483617907801,0.656540520852097,162759,290.091982624617,319.405022944826,0.496342179627451
136,16,194121,122.802401594882,122.802401594882,0.336450115988037,194121,123.349014274602,123.349014274602,0.342794145186494
136,17,112990,145.894079122046,153.865183634729,0.474890324800531,112990,150.351685989911,150.351685989911,0.435609755802832
136,18,106253,218.351030088562,231.053434070697,0.442511912592209,106253,211.199062614703,211.199062614703,0.356053605412788
136,19,116904,261.185305892014,312.437688457016,0.594805761096495,116904,323.677744131937,352.924820370323,0.45391951027157
136,20,129163,134.825538273345,134.825538273345,0.304442034823618,129163,133.204981302695,133.204981302695,0.377584034406333
136,21,87472,248.740374062557,279.151324237662,0.530357930461055,87472,275.185876623377,242.392757205695,0.453379602833761
136,23,118041,199.591946865919,237.746849799666,0.597664851557433,118041,240.822324446591,240.822324446591,0.375442570068732
136,24,124847,130.417575111937,127.654357702289,0.602295163023381,124847,126.222856776695,126.222856776695,0.239864308413329
136,25,152020,130.807413498224,130.807413498224,0.695177632929746,152020,137.946796474148,144.915904886015,0.520976861823342
136,26,90086,249.22851497458,249.22851497458,0.350691912018523,90086,248.540505738961,260.341845173669,0.449000934315711
136,27,103866,136.455336683804,136.455336683804,0.703314851028112,103866,151.066576165444,157.929282516493,0.46371145204754
136,29,98815,202.111430450842,245.474233146141,0.673883380395722,98815,256.778100490816,205.156160368928,0.589839583897298
136,30,65813,126.382386458602,126.382386458602,0.376417202292894,65813,128.986127360856,128.986127360856,0.265318524586785
136,31,80750,222.909523219814,256.64909027358,0.513238440514096,80750,259.080111455108,259.080111455108,0.287607438312485
136,32,142624,144.861488949966,144.861488949966,0.675345415475097,142624,163.387066692843,175.856290439233,0.506983641568565
136,33,83074,165.219731805378,178.848923386835,0.541786443507526,83074,205.936285721164,205.936285721164,0.313876051619663
136,34,143917,124.051293453866,124.051293453866,0.302165729266967,143917,125.678932996102,125.678932996102,0.299187398407008
136,35,154749,147.736062914785,153.513808910445,0.450377030555168,154749,151.435201519881,155.23187789519,0.40985996425586
136,36,86433,123.61429083799,123.61429083799,0.376301641955488,86433,126.239665405574,126.239665405574,0.323747554193054
136,37,174872,122.434392012443,122.434392012443,0.21470877687499,174872,122.634738551626,122.634738551626,0.157765900491057
136,38,75896,254.338278697165,254.338278697165,0.363160357010535,75896,263.066854643196,263.066854643196,0.376217154069287
136,39,88212,336.84273114769,336.84273114769,0.582602525401728,88212,379.904480116084,417.750096594834,0.492349762096384
136,40,115475,270.68310889803,326.106375806163,0.564821252482623,115475,328.265945009742,355.285198578116,0.448665219283105
136,41,160283,160.337752600089,175.395656241127,0.489744421008608,160283,189.068092062165,180.073671679873,0.433382226426714
136,42,140729,124.631802968827,124.631802968827,0.331929928842049,140729,123.703195503414,123.703195503414,0.263056686551992
136,43,111803,120.168349686502,120.168349686502,0.145275151318746,111803,120.091464450864,120.091464450864,0.09941788177591
136,44,204678,121.967573456844,121.967573456844,0.15933998017811,204678,122.173350335649,122.173350335649,0.141369322005086
136,45,97783,182.342360123948,182.342360123948,0.326259652880161,97783,181.543816409805,181.543816409805,0.355620678986131
136,46,141787,199.620070951498,212.081132023434,0.406555440260261,141787,231.570637646611,231.570637646611,0.304570629656777
136,47,87197,128.993119029324,128.993119029324,0.368512610071071,87197,125.334357833412,125.334357833412,0.196187198486962
136,48,97516,128.145063374216,128.145063374216,0.354095953966504,97516,128.727131957833,128.727131957833,0.334139062067973
136,49,130172,142.98264603755,150.662226111572,0.473915842817193,130172,145.454306609716,149.566565143921,0.430757909343369
136,50,128322,129.229500787082,126.606284284149,0.628556060879685,128322,126.03203659544,126.03203659544,0.34039649970531
136,51,120527,265.082296912725,290.409683322988,0.47811920754204,120527,258.920789532636,285.609981897972,0.545973123441925
136,52,82573,259.589236191007,259.589236191007,0.485143935397758,82573,249.917624405072,281.428889338128,0.539522054513694
136,53,121604,122.414797210618,122.414797210618,0.287669088631539,121604,124.216834972534,124.216834972534,0.249597530884498
136,54,57491,236.931224017672,236.931224017672,0.197359431179585,57491,237.926753752761,237.926753752761,0.270803967820506
136,55,48134,194.68500436282,194.68500436282,0.339797016970463,48134,192.235883159513,198.958851638537,0.417138591226448
136,56,132424,120.712182081798,120.712182081798,0.138112009156024,132424,120.420905576029,120.420905576029,0.138326582577048
136,57,181897,125.251323551241,125.251323551241,0.32061826587379,181897,125.136247436736,125.136247436736,0.323426170936111
136,58,113806,120.661256875736,120.661256875736,0.0886987003103533,113806,121.120046394742,121.120046394742,0.0535522813399235
136,59,87682,228.472936292512,221.86538052099,0.464328116712565,87682,220.366871193632,220.366871193632,0.372391876115903
136,60,40726,278.31923095811,278.31923095811,0.375983735868078,40726,262.849113588371,285.063706921429,0.445794853212897
136,61,58528,219.042065336249,219.042065336249,0.371838261820564,58528,221.684885866594,230.994506266653,0.412200359240013
136,325,32075,139.016710833983,134.431869716226,0.491544445345547,32075,176.350148090413,135.691023212227,0.789902472621782
136,326,85526,130.962818324252,130.962818324252,0.550755118465514,85526,146.396452540748,146.396452540748,0.346364402684696
136,327,91709,121.940082216576,121.940082216576,0.250743648338247,91709,137.503941815961,125.745323252084,0.647391568774482
136,328,103373,227.60595126387,274.009834936819,0.670618478166785,103373,313.655364553607,288.688308762107,0.460066098883989
136,329,127603,252.407850912596,243.592408365563,0.414676450979488,127603,233.830764166987,245.189888709383,0.430320186692126
136,330,81476,216.062398743188,263.613076835009,0.639435997463028,81476,314.892127743139,290.828277627461,0.446084274617225
136,374,119806,140.900605979667,145.972797506597,0.489668628747717,119806,142.965894863362,146.545229114732,0.410295731592154
136,375,104621,153.430362929049,165.36596393505,0.52500524274437,104621,160.18509668231,165.246133103106,0.407744216831217
136,376,58721,186.318114473527,180.017022798064,0.473980842017227,58721,186.834267127603,184.446104579064,0.412480245862993
136,378,61196,126.012010588927,126.012010588927,0.43024629689816,61196,136.9922053729,133.37177465074,0.493258164116867
136,380,47761,184.056929293775,208.530299959223,0.535905954973268,47761,213.55256380729,213.55256380729,0.339590923865821
136,381,48382,210.294841056591,237.419658426715,0.59203315799825,48382,275.954445868298,251.279716154936,0.495219411071189
136,382,27777,183.323829067214,183.323829067214,0.423399414338312,27777,210.773481657486,210.773481657486,0.381818354833768
136,383,54905,154.679009197705,167.683559844149,0.579755037866851,54905,182.214989527365,188.456354180404,0.414902130188404
136,384,142090,233.005440213949,277.170572667943,0.573582556048123,142090,263.311717925259,276.771815429434,0.426765357389919
136,385,27335,133.69431132248,130.7508511411,0.453451771858179,27335,142.788915310042,136.22086288966,0.705854027161969
140,1,163317,120.702119191511,120.702119191511,0.0948510998578575,163317,120.644856322367,120.644856322367,0.143042358677221
140,2,140571,167.058070298995,177.316654456315,0.483921612947118,140571,174.344324220501,182.341431213359,0.402887561517842
140,3,147506,228.999471207951,278.155255700544,0.590047009597582,147506,264.899773568533,293.007005378239,0.463129716317432
140,6,164852,126.351393977628,123.184152521356,0.628512820237862,164852,122.528728799165,122.528728799165,0.275553214461824
140,7,91320,219.443659658344,236.335235587631,0.419585771624228,91320,250.337122207622,259.492429697558,0.409336608968693
140,8,84090,133.490748008087,137.882183406582,0.469020660235427,84090,135.747865382328,138.937586124017,0.430496353746875
140,9,117353,120.273866028137,120.273866028137,0.0989534366256347,117353,120.157345785792,120.157345785792,0.164036576978359
140,10,230883,123.122646535258,123.122646535258,0.309116424566129,230883,124.06525816106,124.06525816106,0.320931899715521
140,11,143913,264.459360863855,318.670320519662,0.586114250778877,143913,306.742031644118,306.742031644118,0.482527266729956
140,12,135978,141.265226727853,151.916678651145,0.604042388393221,135978,149.777883186986,154.576081961271,0.425541670536125
140,13,124941,241.593320047062,286.917596360602,0.619165787027668,124941,285.069456783602,285.069456783602,0.468723923104944
140,15,120609,125.836488155942,124.332296674895,0.459274610440545,120609,125.533326700329,125.533326700329,0.331136531931893
140,16,170281,260.489649461772,236.481079512814,0.446890359700982,170281,303.454178681121,303.454178681121,0.396704097463881
140,17,98008,187.46087054118,187.46087054118,0.540137027888042,98008,203.24428618072,220.887858017558,0.483098410875501
140,18,124265,124.922182432704,124.073578115715,0.417929259959034,124265,123.885478614252,123.885478614252,0.228286698277854
140,20,110474,279.488504082409,279.488504082409,0.3058457079925,110474,266.252783460362,277.965411620608,0.428491588762341
140,21,151955,121.906182751472,121.906182751472,0.24004116574622,151955,122.859761113488,122.859761113488,0.319485451215309
140,22,124654,132.038394275354,127.202441533038,0.493316313786813,124654,134.030941646477,130.436520252739,0.515526963640569
140,23,159369,131.026391581801,126.934908095626,0.678242749012444,159369,142.894521519242,134.172989541135,0.715132647251964
140,24,54261,143.320856600505,138.094889689911,0.414078162816796,54261,139.064890068373,139.064890068373,0.294724220734289
140,25,94930,151.051216685979,165.15436230897,0.597844073070972,94930,173.188612661961,173.188612661961,0.317816122600595
140,26,181417,157.580342525783,173.019369334596,0.572655079041686,181417,160.12088723769,176.455669150164,0.566328008856927
140,28,135460,120.642130518234,120.642130518234,0.0955655691099925,135460,120.577233131552,120.577233131552,0.151521825823261
140,29,82814,190.496256671577,223.401454307121,0.649634281197515,82814,230.425109281039,243.729941392219,0.44503531204703
140,30,154844,122.058943194441,122.058943194441,0.247395954944266,154844,123.549553098602,123.549553098602,0.309394696247959
140,31,186063,203.910562551394,230.753578597929,0.550335315153698,186063,230.785357647678,254.593445209283,0.465639081780498
140,32,132563,128.027601970384,123.168470091056,0.684688484700591,132563,155.871811893213,155.871811893213,0.748975826894708
140,33,84897,137.181938113243,140.84334292234,0.419413753075488,84897,138.980470452431,143.130049227439,0.439981964878826
140,34,123063,202.763600757336,239.289155777172,0.575697935023078,123063,221.611711074815,195.173439121126,0.518350704907509
140,35,64896,123.209627712032,123.209627712032,0.270503034907597,64896,125.183632273176,123.607028986902,0.493699375415008
140,36,72411,127.076645813481,131.114190110353,0.490481653616522,72411,132.548342102719,132.548342102719,0.391129667896663
140,37,86062,223.5634891125,277.847233979127,0.697966163819994,86062,321.523227440682,294.271625231086,0.412320830697112
140,38,101891,129.343896909442,134.494208366706,0.5474872543524,101891,134.335005054421,134.335005054421,0.378396643461086
140,39,98235,261.974866391816,291.294247580998,0.531649039546065,98235,274.525494986512,257.368414806005,0.45686637889202
140,40,103699,173.119817934599,191.906110279444,0.597069991303975,103699,202.185816642398,218.162735726587,0.504421945874583
140,41,50834,126.836152968486,126.836152968486,0.394993087916399,50834,129.021422669867,126.490570231953,0.403484904471401
140,42,121504,167.051660850672,159.915549341986,0.481389246982918,121504,157.297891427443,157.297891427443,0.367811391352997
140,43,235054,128.672670960715,130.99794336041,0.402948122945196,235054,129.206692930135,131.133716861527,0.425469085682931
140,44,103172,122.702913581204,122.702913581204,0.273187013436841,103172,126.690458651572,125.714653322128,0.561993390546757
140,45,91538,127.228222159103,130.345656544387,0.483163740968368,91538,131.281522427844,131.281522427844,0.382613751188927
140,46,152788,132.629676414378,132.629676414378,0.348054290165913,152788,133.337461057151,136.969076213762,0.445356867895055
140,47,160485,154.172838583045,172.353700378818,0.625100011470533,160485,165.054977100664,173.362321119478,0.465432093624727
140,48,92457,122.848578258001,122.848578258001,0.115240049098473,92457,123.562055874623,123.562055874623,0.224122675001323
140,49,107873,214.249033585791,261.919821398242,0.645553300796166,107873,295.75130941014,268.61920125772,0.519601817414984
140,50,85922,226.347885291311,226.347885291311,0.351405946807208,85922,221.591955494518,228.877759737307,0.414631085578741
140,51,144385,277.328787616442,250.241842197546,0.499611717179869,144385,260.831076635385,225.168123075012,0.558800112572484
140,52,96594,124.791519141976,123.052639969263,0.530401518920902,96594,124.487918504255,124.487918504255,0.243719306660129
140,53,85268,238.263909086644,238.263909086644,0.54666619529058,85268,262.750281465497,262.750281465497,0.489293303165737
140,54,126774,129.249909287393,127.561890658702,0.42111498924382,126774,128.091256882326,128.091256882326,0.339673602769948
140,55,113100,129.911529619805,135.717787952925,0.543775209825652,113100,137.852546419098,137.852546419098,0.388465211099353
140,56,93784,219.618037191845,235.884645316229,0.440580081507113,93784,214.962989422503,226.062109241313,0.468020685887452
140,57,161357,120.74751637673,120.74751637673,0.172905594725468,161357,120.293820534591,120.293820534591,0.142290032347353
140,58,96364,127.246824540285,127.246824540285,0.520498889549079,96364,142.611805238471,142.611805238471,0.377063501140241
140,59,58000,132.411051724138,132.411051724138,0.393195538291108,58000,139.444706896552,137.09578864356,0.40371942850791
140,60,56496,217.099422967998,217.099422967998,0.366960707788501,56496,210.203660436137,217.452930271431,0.466043975418329
140,61,112887,137.440794777078,131.991491313574,0.662256130045114,112887,131.782729632287,131.782729632287,0.304774796870707
140,62,140675,122.691743380132,122.691743380132,0.386046668684301,140675,125.245836147148,125.245836147148,0.36893422885166
140,63,42140,245.075913621262,275.181421795993,0.587572652148912,42140,311.857570004746,287.237529187273,0.433520899914589
140,64,117233,130.807699197325,138.251759258558,0.625848014926858,117233,139.078535907125,141.955810223791,0.419785747336982
140,65,121675,130.15901376618,133.460369851488,0.467047196956749,121675,132.270293815492,135.012008138443,0.440410502135372
140,66,52388,176.917576544247,195.101792155052,0.55957449629903,52388,186.146235779186,186.146235779186,0.505694577473738
140,67,42069,225.55211676056,250.409724893345,0.533838229796905,42069,250.880386983289,263.507497425221,0.451708714653259
140,359,63671,131.269855978389,125.09130695947,0.644280729521796,63671,131.235743116961,124.832463000908,0.643000370152111
140,360,92724,203.507484577887,175.833923645254,0.501828732394806,92724,239.732884690048,239.732884690048,0.444581434705447
140,361,139728,232.871156818963,232.871156818963,0.352572184651901,139728,224.97256097561,224.97256097561,0.340990036002326
140,362,93653,209.135286643247,240.509146906296,0.497941772939982,93653,238.585982296349,238.585982296349,0.369785042051207
140,363,86600,205.397378752887,231.803466979153,0.561055197077029,86600,246.821986143187,260.536569896376,0.407379024253318
140,364,99391,292.831352939401,292.831352939401,0.573099301851905,99391,352.088287671922,327.944725046112,0.444808085795562
140,366,97105,203.792451470058,226.422625821629,0.452422159593906,97105,226.621945316925,235.703822296227,0.404453875019394
140,367,127178,133.379082860243,124.391990154169,0.681585847334311,127178,165.690166538238,165.690166538238,0.353230677476409
140,409,115024,186.41291382668,179.999145938244,0.47143199722107,115024,180.930831826401,180.930831826401,0.337909106502384
140,410,103341,140.077616821978,152.862589315288,0.615054788089282,103341,160.0908448728,160.0908448728,0.31127669656573
