Frame,ID,Volume_nowarp,MeanIntensity_nowarp,GMMIntensity_nowarp,Bimodality_nowarp,Volume_rigid,MeanIntensity_rigid,GMMIntensity_rigid,Bimodality_rigid
32,1,200367,126.405920136549,129.3082547414,0.513467000440932,200367,127.723991475642,129.671841268461,0.435521719074783
32,2,133001,122.606213487117,124.29865153132,0.422706315713339,133001,124.40760595785,124.40760595785,0.35612312406038
32,3,159763,122.478083160682,123.925488123424,0.426442230578226,159763,124.494031784581,124.494031784581,0.317180433244761
32,4,187640,123.975229162226,123.975229162226,0.398238526119077,187640,124.770347473886,124.770347473886,0.347549506817348
32,5,158459,124.782574672313,126.694517833031,0.473168228675801,158459,126.857672962722,126.857672962722,0.378566276596028
32,6,139995,124.744219436408,126.076786199975,0.411551860105615,139995,125.491231829708,125.491231829708,0.373509519467774
32,7,120513,124.17895164837,126.211465209133,0.471809052052539,120513,126.562860438293,127.873380298684,0.404677264232744
32,8,162313,124.382828239266,126.798269471923,0.494799725519956,162313,125.904912114248,127.230897947152,0.415308721291164
32,9,134869,123.546945554575,125.54953201874,0.482597812047452,134869,125.260615856869,125.260615856869,0.397213388500962
32,10,176344,122.920808193077,124.515461643604,0.456002670003867,176344,124.262991652679,124.262991652679,0.333549727158017
32,11,207375,123.989039180229,123.989039180229,0.387328507424896,207375,124.981694996986,124.981694996986,0.323516790045573
32,12,164650,123.764227148497,123.764227148497,0.389147741938174,164650,124.98949286365,124.98949286365,0.335237251598666
32,13,160611,124.400283915797,127.342886820311,0.546141142226583,160611,127.05186444266,127.05186444266,0.389135088676578
32,14,138298,123.915291616654,125.963798304335,0.497028379439024,138298,125.77752389767,127.131622225931,0.403741973312509
32,15,123254,122.609611047106,122.609611047106,0.35559005515228,123254,123.71249614617,123.71249614617,0.311606369489462
32,16,167056,123.970764294608,125.425834023736,0.431535555354089,167056,125.356700747055,125.356700747055,0.32726462761877
36,1,213214,125.60052810791,128.329276723993,0.523805922880454,213214,127.322642978416,129.039210070346,0.438185531638628
36,2,171657,124.899415695253,127.087920630039,0.472819528018343,171657,126.237164811222,126.237164811222,0.398356301312439
36,3,152553,124.501360183018,124.501360183018,0.369007952800964,152553,124.662294415711,124.662294415711,0.346965489641354
36,4,136869,124.0741292769,126.040720254594,0.475290976624863,136869,126.046672365547,127.512833162141,0.40483525620642
36,5,173698,124.812191274511,127.217367366804,0.498590597885966,173698,126.202967218966,127.498028176393,0.411832486968763
36,6,184359,122.434830954822,123.862922753971,0.445612312899888,184359,124.163203315271,124.163203315271,0.349975904120764
36,7,203071,125.6656194139,126.770994812887,0.409001591797085,203071,125.879121095577,127.097485965913,0.406964500624211
36,8,178716,126.059714854854,129.692613039163,0.571652544160004,178716,128.411535620761,130.846070933646,0.437694848020847
36,9,176352,125.276588867719,127.315698839794,0.474776860697344,176352,126.989260116131,126.989260116131,0.383526358371466
36,10,134005,122.016297899332,122.016297899332,0.384838154259595,134005,123.479698518712,123.479698518712,0.345694024896538
36,11,187550,123.156406291656,124.360181756852,0.421481274698489,187550,124.497813916289,124.497813916289,0.363964901625017
36,12,182988,125.074851902857,127.556049122582,0.478864061893124,182988,126.751377139485,126.751377139485,0.385984595429614
36,13,124627,124.194725059578,126.546510221975,0.50267470496835,124627,126.69268296597,126.69268296597,0.387611772747459
36,14,191267,123.443129238185,125.312144768757,0.470762932281969,191267,125.075229914204,125.075229914204,0.383662736701177
36,15,116568,123.088892320362,123.088892320362,0.339503738426905,116568,123.783439709011,123.783439709011,0.311854675978291
36,16,240468,121.969384699835,121.969384699835,0.271059652937159,240468,122.223081657435,122.223081657435,0.257442480575376
40,1,196871,124.376596857841,126.607541855121,0.489582617181624,196871,125.425882938574,125.425882938574,0.389105450020057
40,2,130464,120.986586337994,120.986586337994,0.204548044769236,130464,120.98017077508,120.98017077508,0.214772087334254
40,3,200296,124.213878459879,126.807446563704,0.511116442113768,200296,126.350551184247,127.805768241684,0.418138332071392
40,4,176543,126.410795103742,129.325054382016,0.502249729811825,176543,128.182856301298,128.182856301298,0.396672910119812
40,5,164005,122.969805798604,124.52768445735,0.451825383419676,164005,124.46590652724,124.46590652724,0.375367468597542
40,6,173949,124.539135033832,126.605403140888,0.486819175855185,173949,126.109894279358,127.248974959589,0.402939234687815
40,7,141786,123.501269518852,124.790141044431,0.430048965946908,141786,124.700062065366,124.700062065366,0.356716112852135
40,8,138426,124.524077846647,127.261414051924,0.53825525180855,138426,126.795255226619,126.795255226619,0.396882769167673
40,9,130633,122.264098658073,122.264098658073,0.31170933240887,130633,121.62408426661,121.62408426661,0.215003204371342
40,10,135124,124.495596637163,127.183653298526,0.530999752606043,135124,127.005395044552,128.601975674936,0.407424635440653
40,11,199700,126.576549824737,128.897201330899,0.470230291149903,199700,127.389499248873,128.796434983362,0.41974424723438
40,12,171581,126.333574230247,130.273011675954,0.575598678569076,171581,129.912933250185,131.728083609626,0.422068023072238
40,13,113269,120.469360548782,120.469360548782,0.18925158909029,113269,120.297283457963,120.297283457963,0.169149666428047
40,14,148793,125.178348443811,126.576471595182,0.431317784967539,148793,125.883999919351,125.883999919351,0.397037448006634
40,15,135919,120.219248228724,120.219248228724,0.236123382068647,135919,119.919003229865,119.919003229865,0.149471846380222
40,16,88153,121.166063548603,121.166063548603,0.485628779064229,88153,123.407700248432,123.407700248432,0.348746834433129
40,17,75196,122.008630778233,122.008630778233,0.338940445049872,75196,122.800481408586,122.800481408586,0.281344969589945
44,1,212489,127.793372833417,127.793372833417,0.642382844387807,212489,131.931874120543,135.423089014161,0.478108534813258
44,2,198389,123.091799444526,123.091799444526,0.518238127105716,198389,125.626239358029,125.626239358029,0.389445994163916
44,3,169784,124.376089619752,126.691883591937,0.497666082495874,169784,126.367060500401,126.367060500401,0.383228767442753
44,4,156792,123.885899790806,120.391003680602,0.623133725568051,156792,128.017762385836,129.680308577445,0.430962038180719
44,5,152068,122.047288055344,122.047288055344,0.52744359287158,152068,125.501459873215,125.501459873215,0.390660893463281
44,6,186543,123.427906702476,120.263509282868,0.657556834478632,186543,127.957237741432,130.036220386943,0.441661530803205
44,7,203932,124.670934429123,127.879456251566,0.552925022619405,203932,127.841241198046,129.532442979028,0.412126761890169
44,8,215959,124.602531035984,127.488708220675,0.516607229008806,215959,126.602452317338,126.602452317338,0.370005150176067
44,9,153155,126.33163788319,126.33163788319,0.581317351645991,153155,129.207463027652,131.044806871983,0.424511097268028
44,10,112826,122.765142786237,122.765142786237,0.512347104755445,112826,125.900306666903,125.900306666903,0.384612024713498
44,11,88294,127.177599836909,130.194699844406,0.522506025078399,88294,128.101048768886,129.619321560161,0.428459650983714
44,12,98776,122.560632137361,122.560632137361,0.259733606901073,98776,123.073671742124,123.073671742124,0.247059341071408
44,13,116646,122.989549577354,124.544196008732,0.450536394640383,116646,125.65446736279,125.65446736279,0.355849308171423
44,14,101604,124.328176056061,124.328176056061,0.570314084386938,101604,126.798944923428,128.052687219158,0.404618751072311
44,15,133306,125.581489205287,128.07086392436,0.493887067214919,133306,126.919178431578,126.919178431578,0.385771613367736
44,16,129687,122.158874829397,122.158874829397,0.315847091169502,129687,122.998295897044,122.998295897044,0.27192935485295
44,17,152354,121.352645811728,121.352645811728,0.21073319171392,152354,121.293277498458,121.293277498458,0.206136134909002
44,18,93117,122.739983032099,124.573762534686,0.462215408353434,93117,124.368353791467,124.368353791467,0.357451240125476
44,19,45683,119.634393538078,119.634393538078,0.172749140782905,45683,119.95670161767,119.95670161767,0.229976543663829
44,20,82198,125.368609941848,127.800487515619,0.481055091084221,82198,127.121547969537,128.512304775433,0.4147896879034
44,21,95643,122.018652698054,122.018652698054,0.354304295745864,95643,122.334891210021,122.334891210021,0.293590350252156
44,22,50806,122.436503562571,121.511067588173,0.469675909473161,50806,121.351159311892,121.351159311892,0.224645696882632
48,1,199759,124.357856216741,126.444137679534,0.479753008478925,199759,125.854754979751,125.854754979751,0.383166889721517
48,2,276255,124.837331451014,126.810705076996,0.473128201988142,276255,125.695980163255,126.800529939102,0.409734283296242
48,3,155206,124.079964692087,127.464049535222,0.566556214054943,155206,127.047446619332,128.57566773173,0.40577669781547
48,4,166407,126.295564489475,130.306246500218,0.557380895883233,166407,128.965139687633,130.985495008229,0.429672342503247
48,5,255226,124.316523394952,126.883926597924,0.522303813863054,255226,126.46262919922,126.46262919922,0.385131398906046
48,6,198234,124.881428009322,127.150430768564,0.482213942593961,198234,126.427943743253,127.911187451313,0.410816296881824
48,7,189975,124.441305434926,126.702892820514,0.500139187871812,189975,126.027614159758,127.271742111878,0.402754571275132
48,8,146980,122.912477888148,124.5785386822,0.462023822365153,146980,124.516662130902,124.516662130902,0.375733637617337
48,9,155688,121.769314269565,121.769314269565,0.313593039048408,155688,122.494334823493,122.494334823493,0.267938071570357
48,10,136725,122.605383068203,122.605383068203,0.373235546100897,136725,122.946205887731,122.946205887731,0.309909264597792
48,11,117219,123.127496395636,123.127496395636,0.394710446235455,117219,124.726213327191,124.726213327191,0.334694224826205
48,12,114726,126.354261457734,126.354261457734,0.563940668033002,114726,128.964105782473,130.626523704537,0.412903670658253
48,13,163441,127.920087370978,132.055934954158,0.556446238816502,163441,130.217240472097,132.758866103195,0.447570721186159
48,14,105031,124.555788291076,127.570307079675,0.537093740256687,105031,126.87993068713,126.87993068713,0.381610291605529
48,15,107349,122.888550428975,124.80007852985,0.479005651796706,107349,124.721720742625,124.721720742625,0.380295179196417
48,16,94398,124.618021568254,127.266421742003,0.505493462063258,94398,126.844329329011,126.844329329011,0.369061780372247
48,17,86651,122.607009728682,122.607009728682,0.313588772292376,86651,121.55415402015,121.55415402015,0.277500088803536
48,18,75900,121.771054018445,121.771054018445,0.269364732136423,75900,121.864242424242,121.864242424242,0.253814700450673
48,19,126142,122.225016251526,122.225016251526,0.236111769234719,126142,122.611691585673,122.611691585673,0.207218412338919
48,20,80248,123.859946665337,125.174014443854,0.417296130647247,80248,124.97568786761,124.97568786761,0.354037133201271
48,21,119365,121.262723578939,121.262723578939,0.354098211627864,119365,122.070489674528,122.070489674528,0.310449394957575
48,22,85544,124.977380061723,127.510687275386,0.523709829951275,85544,126.876122229496,128.063904326415,0.403335197695419
48,23,115903,122.970104311364,124.162772638761,0.416386190248524,115903,124.12360335798,124.12360335798,0.364292719885969
48,24,119495,125.06140005858,127.12127681784,0.469518920572875,119495,126.235173019792,126.235173019792,0.39597937966099
52,1,102842,122.237014060403,122.237014060403,0.264540280069445,102842,122.395412380156,122.395412380156,0.233337848893936
52,2,235064,124.778051934792,127.325155651126,0.511940252533021,235064,125.898916890719,127.354604196938,0.425452512133721
52,3,116389,122.907431114624,122.907431114624,0.366132355960102,116389,123.264715737742,123.264715737742,0.326699099500248
52,4,180375,127.679645183645,132.149918821469,0.56964278271483,180375,130.188451836452,133.185765816662,0.437184022014924
52,5,100259,127.141942369264,127.141942369264,0.597960475686552,100259,129.646784827297,132.722968268624,0.477898188400043
52,6,195863,123.044464753425,125.598631464123,0.520104830591556,195863,125.184823065102,125.184823065102,0.369067636384326
52,7,126304,122.840028819356,122.840028819356,0.428555274488921,126304,124.001353876362,124.001353876362,0.380288785105233
52,8,172788,125.743593305091,129.630116897232,0.567084655037823,172788,128.959655763132,130.934018974815,0.417014136050965
52,9,155215,123.779235254325,125.494172542927,0.469117323581136,155215,125.420680990884,125.420680990884,0.364293273058806
52,10,129259,120.992580787411,120.992580787411,0.267667357633516,129259,121.311196899249,121.311196899249,0.256566789037041
52,11,142046,120.994867859707,120.994867859707,0.354151338349409,142046,121.826014108106,121.826014108106,0.28606547920304
52,12,132084,124.662457224191,127.764937591801,0.553824187513984,132084,126.670823112565,126.670823112565,0.394226622953006
52,13,129484,123.559775725186,125.201713809469,0.464838762409329,129484,125.260425998579,125.260425998579,0.362529944857028
52,14,115022,123.253064631114,124.736708231302,0.436871685625547,115022,124.811253499331,124.811253499331,0.369230586557822
52,15,168955,125.058459353082,129.186281703553,0.584099183492125,168955,128.095540232606,129.660305754689,0.416791605949796
52,16,113048,124.081646734131,126.457004129861,0.497305417163083,113048,125.89971516524,125.89971516524,0.385165573933188
52,17,181312,121.780990778327,121.780990778327,0.201550869036818,181312,121.869451553124,121.869451553124,0.205345948508754
52,18,111908,122.421060156557,123.654093807246,0.435991028770489,111908,123.619607177324,123.619607177324,0.347621297470411
52,19,93325,123.319528529333,125.545968468537,0.503011248706455,93325,125.514674524511,125.514674524511,0.367901182863371
52,20,172811,121.708895845751,121.708895845751,0.241170821414733,172811,121.942578886761,121.942578886761,0.255574500623697
52,21,130357,122.618386431108,122.618386431108,0.36951159882986,130357,123.340196537202,123.340196537202,0.35446333182254
52,22,129782,121.39109429659,121.39109429659,0.302154587985947,129782,121.840555701099,121.840555701099,0.279735371050536
52,23,103913,127.90937611271,127.90937611271,0.681238045074167,103913,130.937053111738,130.937053111738,0.540170088926361
52,24,93277,123.968770436442,126.032000533276,0.437612013877624,93277,126.422483570441,126.422483570441,0.363822791127003
52,25,114367,123.914896779665,125.638319717576,0.446044259028829,114367,125.186793393199,125.186793393199,0.373703070994926
56,1,245291,122.477216856713,122.477216856713,0.363744756059865,245291,122.872001011044,122.872001011044,0.347305082779555
56,2,180284,121.23528432917,121.23528432917,0.22507717909718,180284,122.013068270063,122.013068270063,0.1919543069114
56,3,200602,126.237485169639,126.237485169639,0.568043196364236,200602,127.987622257006,130.877104038399,0.47379534444722
56,4,168909,123.586072974205,125.628779292104,0.480946791052853,168909,125.040708310392,126.059522981904,0.400516384481895
56,5,135645,123.864314939732,123.864314939732,0.324392576748996,135645,124.614309410594,124.614309410594,0.371009453714601
56,6,84061,124.817703810328,127.683540033446,0.52807500859396,84061,126.978539394011,128.343295296461,0.417203669160621
56,7,135215,123.188640313575,124.454558899116,0.427814386436815,135215,123.893258884,123.893258884,0.376129807100136
56,8,194360,125.850380736777,129.424787987545,0.521212107499412,194360,127.628231117514,129.548172109144,0.434399202643081
56,9,125895,124.389197346996,127.280766836269,0.539658122669421,125895,126.469335557409,128.271216275342,0.432457714546111
56,10,126940,123.859201197416,125.555886422472,0.449414039578848,126940,125.61546399874,125.61546399874,0.385570612403142
56,11,111150,123.497417903734,125.615062653132,0.502024241715811,111150,125.24294197031,126.432123987713,0.401691751105905
56,12,96503,126.810990331907,126.810990331907,0.592666240651385,96503,130.15868936717,131.865065899412,0.4073526453234
56,13,151249,122.331453431097,122.331453431097,0.24380177123423,151249,122.807324345946,122.807324345946,0.268268764430667
56,14,111167,123.175771586892,123.175771586892,0.3863984143936,111167,123.837424775338,123.837424775338,0.334307248997311
56,15,115751,122.96911473767,122.96911473767,0.395211970503194,115751,123.98834567304,123.98834567304,0.333102127426469
56,16,159551,121.905346879681,123.374309010925,0.4409639708776,159551,123.396236939913,123.396236939913,0.36198232058919
56,17,148404,123.210850111857,123.210850111857,0.37130359950375,148404,123.846089054203,123.846089054203,0.348140849143669
56,18,88618,123.808639328353,123.808639328353,0.58302923138176,88618,126.645004400912,128.305964694493,0.442401382082276
56,19,125782,122.688047574375,122.688047574375,0.391777076312432,125782,123.53849517419,123.53849517419,0.384484471122117
56,20,139155,122.072271926988,122.072271926988,0.223644177707123,139155,122.380604362042,122.380604362042,0.216911932419173
56,21,105493,126.18220166267,126.18220166267,0.557628028226211,105493,128.632354753396,130.618919176084,0.432322285989982
56,22,88966,124.967751725378,124.967751725378,0.588233313282685,88966,127.704482611335,129.95807247189,0.457711198825664
56,23,149960,121.115077353961,121.115077353961,0.349113314182326,149960,122.433408909042,122.433408909042,0.285759327099305
56,24,182412,122.369668662149,124.208719778118,0.472631562767808,182412,124.137945968467,124.137945968467,0.365169624165484
56,25,143830,123.944636028645,126.059790341307,0.485513234611646,143830,125.746360286449,125.746360286449,0.377400497528214
56,26,77884,124.07282625443,126.361566187143,0.499784007767189,77884,126.523830311746,126.523830311746,0.371741534730851
56,27,113434,122.51160145988,122.51160145988,0.37994284375244,113434,123.518557046388,123.518557046388,0.335969659649828
56,28,121596,122.173870851015,122.173870851015,0.373108824933531,121596,122.909026612718,122.909026612718,0.341862942820554
60,1,290714,122.766963407335,122.766963407335,0.377510244335175,290714,122.808753620397,122.808753620397,0.384735473243525
60,2,137760,124.478469802555,126.300339690918,0.471173383219734,137760,125.887601626016,125.887601626016,0.397684866685721
60,3,168698,122.720293068086,122.720293068086,0.30776701971392,168698,123.61853726778,123.61853726778,0.309458676039129
60,4,109667,126.168400703949,126.168400703949,0.629134346597223,109667,128.902896951681,131.475453172505,0.476176826298148
60,5,139248,122.9691126623,123.993697696848,0.407180690320906,139248,124.15890353901,124.15890353901,0.362931043808648
60,6,139228,121.926523400465,121.926523400465,0.329552677567686,139228,122.794143419427,122.794143419427,0.344929221814399
60,7,124502,125.043003325248,127.884002390676,0.516222249620212,124502,127.162198197619,128.92246186042,0.435653691039141
60,8,134077,121.381527032974,121.381527032974,0.312298435338551,134077,122.600856224408,122.600856224408,0.327313126644245
60,9,115744,124.376373721316,124.376373721316,0.542357030240655,115744,126.043725808681,127.769462189376,0.440744303887375
60,10,147578,123.743769396523,126.035001430922,0.508604326790328,147578,125.715885836642,127.222238542662,0.42492694707412
60,11,161770,122.131037893305,122.131037893305,0.271300529684616,161770,122.497873524139,122.497873524139,0.268468498888162
60,12,180342,120.7531578889,120.7531578889,0.27914125412254,180342,121.380854154883,121.380854154883,0.256626067038102
60,13,145093,124.362408937716,127.227080209663,0.545438464282738,145093,126.111535360079,128.364370316713,0.450405364051662
60,14,120566,122.673266094919,124.045003144357,0.407272716273927,120566,124.029104390956,124.029104390956,0.358597700311008
60,15,147447,124.577909350478,127.601335123326,0.544895467044362,147447,127.019274722443,128.033484405563,0.400297433008074
60,16,94981,127.573862140849,127.573862140849,0.630386239400171,94981,131.619713416367,134.430624821822,0.468498330382115
60,17,171761,122.010328305028,123.570211875401,0.443196322298578,171761,124.033558258277,124.033558258277,0.342177861341305
60,18,130545,126.252970240147,126.252970240147,0.579803897344842,130545,129.342157876594,131.639158321601,0.45004128149342
60,19,109410,126.505483959419,130.372375427676,0.556751721909241,109410,129.171574810346,131.404760019274,0.434539430179852
60,20,100102,126.856965894787,126.856965894787,0.656649505417313,100102,132.051527442009,134.273272150617,0.437623226209188
60,21,124899,122.238856996453,122.238856996453,0.377167832533187,124899,123.179481020665,123.179481020665,0.349490081170001
60,22,130613,121.831685973065,121.831685973065,0.31235730970594,130613,122.587682696209,122.587682696209,0.284854477804186
60,23,109315,126.835539495952,129.86595238009,0.506029842523053,109315,127.8800073183,129.666301847347,0.426390718091697
60,24,137143,123.176356066296,123.176356066296,0.255873317112509,137143,123.99623021226,123.99623021226,0.336135765115392
60,25,165129,121.297179780656,121.297179780656,0.37730966820677,165129,123.146691374622,123.146691374622,0.309619649838414
60,26,72998,122.016630592619,122.016630592619,0.210369995957229,72998,121.830844680676,121.830844680676,0.224347957092166
60,27,148085,124.489212276733,125.879072545136,0.40762883909311,148085,125.514738157139,125.514738157139,0.387240359790188
60,28,116202,122.445672191529,122.445672191529,0.197711832888141,116202,123.702750382954,123.702750382954,0.29360500031784
60,29,69409,121.416257257704,121.416257257704,0.250075574180052,69409,122.063968649599,122.063968649599,0.232577194531237
60,30,67045,122.055485121933,122.055485121933,0.230842249153853,67045,122.6260272951,122.6260272951,0.257502782817538
60,31,65896,122.443456355469,122.443456355469,0.228173786267656,65896,122.270168143742,122.270168143742,0.256929507267101
64,1,305588,123.455060408131,123.455060408131,0.378132145891379,305588,123.57452190531,123.57452190531,0.374982564952197
64,2,152091,122.190011243269,122.190011243269,0.359925505913769,152091,122.472098940766,122.472098940766,0.319009964215085
64,3,192554,123.467936267229,124.560989953465,0.403962681369865,192554,124.460805799931,124.460805799931,0.350447679485849
64,4,118383,124.869947543144,127.10044068413,0.503540322894368,118383,126.544672799304,127.776678319986,0.403512348411633
64,5,190916,122.120555637034,122.120555637034,0.355705054608659,190916,123.229273607241,123.229273607241,0.266728175251349
64,6,168338,123.423404103649,125.427006758054,0.473006665013784,168338,124.539159310435,125.712509439955,0.403237562645582
64,7,141509,124.628087259468,127.427969190496,0.487243671737605,141509,126.637415288074,126.637415288074,0.386804709728647
64,8,166536,123.431438247586,123.431438247586,0.357486455668281,166536,123.884343325167,123.884343325167,0.322804465685451
64,9,160738,121.872855205365,121.872855205365,0.349635335458282,160738,122.502463636477,122.502463636477,0.310048300695787
64,10,144955,122.210651581525,122.210651581525,0.3136427334741,144955,122.61613604222,122.61613604222,0.29711493745088
64,11,149791,123.343351736753,123.343351736753,0.275332894896872,149791,124.010988644178,124.010988644178,0.249300985176779
64,12,144647,124.954765740043,127.304101514329,0.491940083591624,144647,126.974019509565,126.974019509565,0.385295060014763
64,13,115799,128.639262860646,134.130596993804,0.609618257521831,115799,131.928816311022,135.116493814611,0.46367389183534
64,14,152344,122.513154439952,122.513154439952,0.292534283307965,152344,123.246481646799,123.246481646799,0.305526120367574
64,15,159915,123.846649782697,124.986819426866,0.409693523246854,159915,124.66917424882,124.66917424882,0.349344016225282
64,16,97679,124.962233438098,124.962233438098,0.559430307592237,97679,127.596412739688,129.775342223781,0.427551401116097
64,17,141924,124.998921958231,127.427136859964,0.502332776704711,141924,126.767417772893,126.767417772893,0.38482145821888
64,18,163570,124.616457785658,127.523260007594,0.517062181468541,163570,126.499064620652,126.499064620652,0.382273053439383
64,19,117781,123.402305974648,125.240758435224,0.487909786220702,117781,124.666881755122,125.820228301876,0.403402625573975
64,20,125890,125.150599729923,127.597685489841,0.503609962844576,125890,126.181912780999,127.907704478058,0.427414987668805
64,21,157557,123.417956675997,125.225017376797,0.473174634235544,157557,125.181686627697,125.181686627697,0.389605373980478
64,22,111576,125.635539901054,129.064967937406,0.551137408903977,111576,127.991360149136,130.008548401059,0.429066483460384
64,23,100773,130.63885167654,136.565754632993,0.62542234303963,100773,134.906691276433,138.259856778999,0.463955580535854
64,24,86391,126.549316479726,130.130513056164,0.539256698543311,86391,129.185297079557,130.960726563963,0.419334736797915
64,25,95788,127.282697206331,127.282697206331,0.636485605806524,95788,131.398807783856,134.333013856999,0.456754863279102
64,26,166310,122.406728398773,122.406728398773,0.383488179961498,166310,124.04737538332,124.04737538332,0.300749561981816
64,27,159669,123.397741577889,123.397741577889,0.39773845303842,159669,124.304874459037,124.304874459037,0.338189252575119
64,28,182941,120.855652915421,120.855652915421,0.239906937091874,182941,121.799946430816,121.799946430816,0.230340705232442
64,29,139370,123.508509722322,125.07011646894,0.439983819566676,139370,124.754014493794,124.754014493794,0.362643655572186
64,30,104951,124.88766186125,127.861546982654,0.540605801467541,104951,126.641775685796,128.02226005048,0.430321950719405
64,31,160883,125.262768595812,125.262768595812,0.390678172762361,160883,126.259157275784,126.259157275784,0.343662533737265
68,1,161492,124.573105788522,126.485821653432,0.463011862410448,161492,125.90901097268,125.90901097268,0.383956660256864
68,2,159047,121.85187397436,121.85187397436,0.233307047553829,159047,122.877677667608,122.877677667608,0.216068414279616
68,3,186100,124.891655024181,127.22022998142,0.491326697338233,186100,126.573852767329,126.573852767329,0.389607469261192
68,4,209080,121.722273770805,121.722273770805,0.302865574792443,209080,122.690089917735,122.690089917735,0.253556030108661
68,5,134275,123.923611990318,125.530910993585,0.462220495534761,134275,125.187324520573,125.187324520573,0.383608854324032
68,6,206883,121.565691719474,121.565691719474,0.313439916858802,206883,122.569258953128,122.569258953128,0.257404345658924
68,7,166809,124.402190529288,125.977599358407,0.449605824170457,166809,125.574375483337,125.574375483337,0.368493978560868
68,8,136922,123.781503337667,125.161808494213,0.424090663537794,136922,125.414454945151,125.414454945151,0.343978743411917
68,9,165548,123.117597313166,123.117597313166,0.373112944847324,165548,123.869379273685,123.869379273685,0.336532536927103
68,10,148518,122.795344672026,124.073691723192,0.427761075108528,148518,124.104660714526,124.104660714526,0.356288451177074
68,11,139819,123.274497743511,123.274497743511,0.313633799049287,139819,123.564773027986,123.564773027986,0.300173726624465
68,12,153732,123.576236567533,125.368940293679,0.452815610650336,153732,124.668806754612,124.668806754612,0.383686586873878
68,13,174412,123.256272504185,124.979980385266,0.466038533080324,174412,124.891882439282,125.98528150557,0.404279179605561
68,14,191550,123.159660663012,123.159660663012,0.366346258470149,191550,123.818162359697,123.818162359697,0.344805007861173
68,15,164996,124.496975684259,126.140054980034,0.458788462375516,164996,125.740987660307,125.740987660307,0.379784838870013
68,16,109331,124.280707210215,124.280707210215,0.542252501328102,109331,126.549002570177,126.549002570177,0.395330903819666
68,17,165818,124.001875550302,124.001875550302,0.370560363742361,165818,124.664879566754,124.664879566754,0.318929644193089
68,18,146367,123.995094522672,125.899071763098,0.481972403101596,146367,125.345146105338,125.345146105338,0.386682133688206
68,19,164953,124.713536583148,125.804387637627,0.403318862629243,164953,125.606087794705,125.606087794705,0.351674885718373
68,20,105868,126.766133298069,131.718787603962,0.607164003600746,105868,130.377668417274,132.500642383886,0.438432001467785
68,21,113271,124.779784763973,127.530269198851,0.529613212642919,113271,126.575946182165,127.753660623624,0.404889996438305
68,22,187847,122.275649863985,122.275649863985,0.386323614525931,187847,123.75392207488,123.75392207488,0.322209045919655
68,23,125509,128.616170951884,134.0980669305,0.606708666481629,125509,131.571146292298,134.759424387898,0.488980918338078
68,24,108092,127.309005291788,132.162598861057,0.608099477536536,108092,131.255883876698,133.427523818851,0.422106194178702
68,25,98850,127.140101163379,131.334853070332,0.568297106727817,98850,129.885746079919,131.420739861358,0.422114907337086
68,26,119498,123.557030243184,125.139407548007,0.460381616773824,119498,124.500200840181,124.500200840181,0.385669167478131
68,27,188197,125.203361371329,126.825852707197,0.440342833320785,188197,126.508238707312,126.508238707312,0.376690420091666
68,28,124960,125.699783930858,128.770375243206,0.520220203817488,124960,128.01152368758,128.01152368758,0.393684029796039
68,29,119096,126.222475985759,128.574424096397,0.488693178180677,119096,128.495826895949,128.495826895949,0.380451207970937
68,30,158579,122.755560320093,122.755560320093,0.282641512758795,158579,123.404057283751,123.404057283751,0.240210270302843
68,31,85775,125.162436607403,128.64056038873,0.561826268872614,85775,127.197761585544,128.877447982519,0.437611345645052
68,32,125003,123.049382814812,123.049382814812,0.537133459820992,125003,124.153852307545,124.153852307545,0.458588008044713
72,1,178484,123.838977163219,126.04830616279,0.501539810971719,178484,125.089974451491,126.233297449051,0.40179078961928
72,2,139801,124.841982532314,124.841982532314,0.616719532352494,139801,126.376885716125,129.401241394291,0.502885244710227
72,3,224521,121.129938847591,121.129938847591,0.260343805045943,224521,121.824412861158,121.824412861158,0.219149864870229
72,4,205978,122.509850566565,122.509850566565,0.363608971475776,205978,123.220712891668,123.220712891668,0.324409935051248
72,5,241815,121.697078345016,121.697078345016,0.323178941944644,241815,122.354047515663,122.354047515663,0.247558368770295
72,6,179099,124.013154735649,125.408590413873,0.424543135657945,179099,125.082870367785,125.082870367785,0.381947582057184
72,7,195458,123.514959735595,123.514959735595,0.379290367576474,195458,123.972996756336,123.972996756336,0.359480835122741
72,8,107686,126.797401704957,129.88072721309,0.500875660488919,107686,128.796640231785,130.789976575519,0.437049522762835
72,9,155164,123.514642571731,123.514642571731,0.390516521363809,155164,124.605533500039,124.605533500039,0.346964642410493
72,10,196079,124.537518041198,126.540741942806,0.466454786633116,196079,125.788223114153,125.788223114153,0.392508755412859
72,11,172333,123.121282633042,124.944678085791,0.480936387807266,172333,124.751121375477,125.932625151157,0.40254329101808
72,12,158196,121.95259677868,121.95259677868,0.301740966782878,158196,122.942710308731,122.942710308731,0.325497570546792
72,13,135782,127.126835663048,130.770513296675,0.566342553272138,135782,130.134428716619,131.76653821876,0.428959952811255
72,14,155688,123.210497918915,124.473657441708,0.416293622518418,155688,124.179583526026,124.179583526026,0.367185865712364
72,15,200491,125.027088497738,126.331826411996,0.420077988810823,200491,126.024135746742,126.024135746742,0.391381422698642
72,16,154244,122.867845750888,124.280467289667,0.434250577840254,154244,123.638216073235,124.767739863633,0.419885291723979
72,17,172386,123.195967189911,123.195967189911,0.338069878082542,172386,123.857105565417,123.857105565417,0.3161106931484
72,18,145796,122.529287497599,123.577449642661,0.40608030050323,145796,123.898440286428,123.898440286428,0.34921589343058
72,19,124061,124.092744698173,125.670472092688,0.45748395120765,124061,125.114072915743,125.114072915743,0.389543437480845
72,20,129509,123.617215791953,124.873702915451,0.419963128467671,129509,124.939502273973,124.939502273973,0.34911413278751
72,21,194876,121.828111209179,121.828111209179,0.329743736001494,194876,123.114626737002,123.114626737002,0.267960642393725
72,22,178582,122.458971228903,122.458971228903,0.359307032281291,178582,122.943426549148,122.943426549148,0.33804337150105
72,23,157534,123.481197709701,123.481197709701,0.335237720352244,157534,123.672343748016,123.672343748016,0.328891232598065
72,24,176852,123.882540203108,123.882540203108,0.38885747338698,176852,124.53640332029,124.53640332029,0.357689426824463
72,25,166724,123.894712218997,123.894712218997,0.396183509271208,166724,124.830456323025,124.830456323025,0.368693475781133
72,26,131172,126.38339737139,131.436007043877,0.616279411726882,131172,129.868218827189,132.658550970886,0.454927039452725
72,27,106169,125.021352748919,128.306673378441,0.561239857861437,106169,127.970970810689,127.970970810689,0.391845204189064
72,28,112727,123.755870377106,123.755870377106,0.537461739730543,112727,126.049003344363,127.289650812396,0.411488554712831
72,29,166663,123.625123752723,123.625123752723,0.309985533035879,166663,124.713667700689,124.713667700689,0.346193969719002
72,30,148570,125.642660025577,127.856652061496,0.472446751063126,148570,126.906125058895,128.181097852809,0.408965517589461
72,31,115578,125.141298517019,125.141298517019,0.599922371879468,115578,128.959196386856,130.426904912551,0.407495426405919
72,32,117649,124.085959081675,126.047412355603,0.477520977920819,117649,125.281634353033,126.57067393764,0.411785488408742
76,1,169368,122.170185631288,122.170185631288,0.382492654592978,169368,123.045404090501,123.045404090501,0.337990003663141
76,2,183874,123.105197037101,124.449795545813,0.442972000964999,183874,124.545324515701,124.545324515701,0.363506981033033
76,3,177330,124.458518017256,125.573625840878,0.407435227673579,177330,125.180866181695,125.180866181695,0.363399798587042
76,4,96016,127.440343276121,129.449201094073,0.452139332390593,96016,128.908640226629,128.908640226629,0.383084181799079
76,5,180455,123.561314455127,125.194797399686,0.43119428863593,180455,124.760882214402,124.760882214402,0.371355123227292
76,6,234502,121.81496106643,121.81496106643,0.323318774305159,234502,122.566165746987,122.566165746987,0.271050374460887
76,7,203633,122.586663261849,122.586663261849,0.34265082485687,203633,123.205197585853,123.205197585853,0.315556460896254
76,8,67162,121.531997260356,121.531997260356,0.314703755864168,67162,122.246910455317,122.246910455317,0.273400394126568
76,9,187517,122.684423278956,122.684423278956,0.280815689883926,187517,123.470645328157,123.470645328157,0.215819947587576
76,10,184252,123.472917525997,124.411702523954,0.402637353390681,184252,124.603819768578,124.603819768578,0.336112902539676
76,11,150639,123.69012672681,126.150348981103,0.502389749419284,150639,124.809332244638,126.26231378657,0.413681005329214
76,12,157219,123.469199015386,125.086698401535,0.465316974907372,157219,125.153899973922,125.153899973922,0.349853225857873
76,13,196123,124.738398861939,127.433708918525,0.49831498784763,196123,126.503933755857,126.503933755857,0.377368270013291
76,14,118931,126.12747727674,129.966662450041,0.566235087753052,118931,130.096560190362,130.096560190362,0.386492358039425
76,15,138811,123.004624993696,123.004624993696,0.387646827443744,138811,124.153676581827,124.153676581827,0.313213023933994
76,16,159654,123.067470905834,124.340830112027,0.427146801604969,159654,123.59938366718,123.59938366718,0.38384788194268
76,17,165992,122.135211335486,122.135211335486,0.371509517442366,165992,123.148224010796,123.148224010796,0.303542886550715
76,18,146696,123.245037356165,124.759787908952,0.445508037568921,146696,124.377597207831,124.377597207831,0.346598831744136
76,19,206342,123.870961801281,123.870961801281,0.393023433956913,206342,124.691652693102,124.691652693102,0.354692397982946
76,20,198153,123.243059655922,123.243059655922,0.380888689345592,198153,123.939309523449,123.939309523449,0.316889083165301
76,21,206835,124.652215534121,124.652215534121,0.366081152864819,206835,125.437798244978,125.437798244978,0.329173286981769
76,22,132425,125.770889182556,129.782144219756,0.574793828121113,132425,129.240951481971,131.552916499569,0.431576162869376
76,23,139755,123.268104897857,124.387114321808,0.413032955915162,139755,124.442538728489,124.442538728489,0.339406617237104
76,24,100020,124.835412917417,124.835412917417,0.58058790269537,100020,128.968296340732,128.968296340732,0.372717976829616
76,25,130366,124.241328260436,124.241328260436,0.54355080956552,130366,126.683644508537,127.987401362736,0.405362818239623
76,26,142533,124.645590845629,126.466140944893,0.461745299987081,142533,126.10394084177,126.10394084177,0.381265529648583
76,27,141650,127.956194846453,131.827578995358,0.556049175398263,141650,130.959668196258,132.807817312573,0.426137023272175
76,28,134624,123.682181483242,123.682181483242,0.370192036476444,134624,124.136379843119,124.136379843119,0.320326816713142
76,29,196847,121.661396922483,122.87859123742,0.431074526060668,196847,123.605302595417,123.605302595417,0.31813849326258
76,30,59533,121.864932054491,122.834758381458,0.402775433344413,59533,123.545344598794,123.545344598794,0.322914008067784
76,31,127638,124.518732665821,126.450613765857,0.466044571074463,127638,126.054928782964,126.054928782964,0.37055244522755
76,32,171484,124.107007067715,125.50454782745,0.435308400832969,171484,125.398147932169,125.398147932169,0.340776688321193
76,33,123538,124.294047175768,125.838994861206,0.449210803754541,123538,125.448639285078,125.448639285078,0.363627498440313
80,1,161538,127.217193477696,130.880305752441,0.563106756648366,161538,130.18573338781,132.280246421638,0.431671051912868
80,2,184732,123.184093714137,123.184093714137,0.397515263196232,184732,124.351335989433,124.351335989433,0.362175899277592
80,3,166580,122.447802857486,123.688115047606,0.421655713317391,166580,123.767901308681,123.767901308681,0.359017585013346
80,4,174792,124.777821639434,124.777821639434,0.532520664073886,174792,125.534835690421,128.037177152237,0.468437141578201
80,5,137367,125.363558933368,128.922602771575,0.542067539554147,137367,128.222491573668,128.222491573668,0.395648507301556
80,6,186251,122.778100520266,122.778100520266,0.368558928856488,186251,123.85039006502,123.85039006502,0.328793503358594
80,7,240126,123.697454669632,123.697454669632,0.389961074586962,240126,124.418155468379,124.418155468379,0.362196123224539
80,8,199161,123.207088737253,123.207088737253,0.370462228818006,199161,123.842895948504,123.842895948504,0.345735186628716
80,9,185989,122.545204286275,123.717001454723,0.421039226313216,185989,124.08435445107,124.08435445107,0.322730861404619
80,10,179306,122.546613052547,122.546613052547,0.274718036321734,179306,122.986676407928,122.986676407928,0.265965207459225
80,11,122164,123.040363773288,124.430855391169,0.431954440343206,122164,124.309796666776,124.309796666776,0.360886982676742
80,12,149838,123.395633951334,123.395633951334,0.362044181036521,149838,123.677705255009,123.677705255009,0.326464719049707
80,13,164081,123.440806674752,124.944091827117,0.458915681620946,164081,125.118429312352,125.118429312352,0.371590380018814
80,14,192212,120.786147587039,120.786147587039,0.306290167906772,192212,121.150890683204,121.150890683204,0.272694793387805
80,15,152501,126.305073409355,131.159756370752,0.609772663017458,152501,129.466337925653,132.595420095093,0.446569706268247
80,16,188398,121.169810719859,121.169810719859,0.283965394193929,188398,121.715469378656,121.715469378656,0.248107106279237
80,17,145840,122.710641799232,122.710641799232,0.375356784678776,145840,123.691908941306,123.691908941306,0.306514065800171
80,18,206853,124.195327116358,126.562233596431,0.486029566597861,206853,125.761782521888,125.761782521888,0.393431307069154
80,19,148476,122.904718607721,124.103857428395,0.422510057056532,148476,123.814973463725,123.814973463725,0.361055736785548
80,20,176032,124.114825713507,124.114825713507,0.349226759027721,176032,124.794440783494,124.794440783494,0.333527074740478
80,21,175299,123.624059464116,124.918130857834,0.404934959514866,175299,124.664464714573,124.664464714573,0.379522369433575
80,22,134683,123.127655309133,123.127655309133,0.376939854595997,134683,124.170466948316,124.170466948316,0.304184406982256
80,23,166431,124.26079876946,121.696593340398,0.51995338011461,166431,124.960470104728,122.592282425737,0.48107023254822
80,24,109973,125.783283169505,129.186151966868,0.553059848675535,109973,128.960990424922,128.960990424922,0.398612111630787
80,25,143397,123.554070168832,125.53094793936,0.487248861787205,143397,125.081487060399,125.081487060399,0.394627725358943
80,26,226334,121.676672528211,121.676672528211,0.348439798840421,226334,122.72741611954,122.72741611954,0.298812121384084
80,27,137402,123.89334216387,124.997490407383,0.413694689585803,137402,124.759996215484,124.759996215484,0.37702109098544
80,28,127494,125.304359420835,128.525944411388,0.545533034141745,127494,127.733689428522,128.896778333024,0.400238672881858
80,29,226330,121.988485839261,121.988485839261,0.269782779180816,226330,122.082110193081,122.082110193081,0.26305176138044
80,30,95737,121.986243563095,121.986243563095,0.376490380249183,95737,122.969698235792,122.969698235792,0.314084119231987
80,31,114991,127.114156760094,129.421289664412,0.479547495903345,114991,129.173509231157,129.173509231157,0.378617789239777
80,32,73753,125.36972055374,128.508368294907,0.536876682892496,73753,128.521605900777,130.025957369899,0.409762511548086
80,33,195201,121.74283430925,122.667221640618,0.405088717981692,195201,123.505955399819,123.505955399819,0.310407356844699
80,34,69269,122.262498375897,123.784042833969,0.442338352523589,69269,124.421732665406,124.421732665406,0.32081935434581
84,1,172411,121.367343150959,121.367343150959,0.342976019422102,172411,122.181879346445,122.181879346445,0.244960973435795
84,2,156195,122.056519094721,122.056519094721,0.324033257489992,156195,122.822196613208,122.822196613208,0.262890967267712
84,3,180023,123.452831027147,123.452831027147,0.384229018200899,180023,124.359904012265,124.359904012265,0.341742704283056
84,4,189388,121.367985300019,121.367985300019,0.317131304011459,189388,122.068626312121,122.068626312121,0.276375464421453
84,5,125679,127.295474979909,131.257580495162,0.542299577373762,125679,129.918872683583,131.498353398887,0.421065484273963
84,6,168596,123.530665021709,125.246276710061,0.460682261619837,168596,124.344788725711,125.434160163485,0.403445884485474
84,7,180008,121.664831563042,121.664831563042,0.331926353275819,180008,122.453990933736,122.453990933736,0.314277739637758
84,8,189977,121.826415829285,121.826415829285,0.348112843102173,189977,122.574616927312,122.574616927312,0.323960629730035
84,9,204468,121.874948647221,121.874948647221,0.316261167850161,204468,122.541263180547,122.541263180547,0.308099818355439
84,10,267022,121.4722607126,121.4722607126,0.243818356080022,267022,121.570964190217,121.570964190217,0.242148711325348
84,11,195188,123.619356722749,123.619356722749,0.381782228623835,195188,124.424759718835,124.424759718835,0.316157629949279
84,12,124337,124.070115894706,126.291223723697,0.487298412104529,124337,126.338169651833,126.338169651833,0.370994156248433
84,13,202934,120.983930736101,120.983930736101,0.312423732570629,202934,122.15001429036,122.15001429036,0.234914157781834
84,14,184840,120.75444167929,120.75444167929,0.184873056569998,184840,120.944103008007,120.944103008007,0.233360325892924
84,15,179827,126.309842237261,129.733079903577,0.555775537688087,179827,129.164541475974,131.1514360331,0.431229506692578
84,16,142637,123.104369833914,124.466157323996,0.436808702003122,142637,124.178502071692,124.178502071692,0.380774370667184
84,17,165775,123.806665661288,124.986347692413,0.42074110859667,165775,124.750511235108,124.750511235108,0.359238680052769
84,18,140306,125.670762476302,127.948950223909,0.476303501865379,140306,127.535230139837,127.535230139837,0.391083240845017
84,19,223137,123.104904162017,124.246915070818,0.4167515611994,223137,123.778400713463,123.778400713463,0.350912575680576
84,20,126042,122.996453563098,124.448946452012,0.449319472984587,126042,124.524396629695,124.524396629695,0.348916959638046
84,21,163608,122.506252750477,122.506252750477,0.383978799275864,163608,123.379547454892,123.379547454892,0.297060449828726
84,22,234312,122.632204069787,123.855788615134,0.434471134512001,234312,124.207966301342,124.207966301342,0.351815970142659
84,23,74912,120.105150042717,120.105150042717,0.138493777391609,74912,119.957403353268,119.957403353268,0.193346412915088
84,24,151818,124.814692592446,128.537542577705,0.578063013203571,151818,127.785269203915,129.3189286006,0.405622611987515
84,25,200965,124.0292389222,126.311803011491,0.504471630404065,200965,124.65069539472,126.462673086615,0.437223922621562
84,26,100033,124.856097487829,127.008195118167,0.486570418649548,100033,127.326912119001,129.001705416775,0.409122704396984
84,27,142130,122.296601702667,124.228991547026,0.48439117550859,142130,123.924505734187,123.924505734187,0.362485717025779
84,28,188603,123.150321044734,123.150321044734,0.340355089653929,188603,123.858655482681,123.858655482681,0.346437910278209
84,29,158093,121.398259252465,122.704842858683,0.4505963087928,158093,123.226088441613,123.226088441613,0.29281210561629
84,30,87678,124.330675882205,126.16549235699,0.472756948977704,87678,125.631971532197,125.631971532197,0.396984588118921
84,31,200558,120.761929217483,120.761929217483,0.352785770954828,200558,121.946529183578,121.946529183578,0.278609185634774
84,32,114689,121.223351847169,121.223351847169,0.318558860120849,114689,122.041198371247,122.041198371247,0.309114734021556
84,33,191623,122.878464484952,122.878464484952,0.223286622093857,191623,123.455242846631,123.455242846631,0.249139175082178
84,34,116639,124.88304940886,127.178868121784,0.491186135303482,116639,127.398417338969,127.398417338969,0.368190727495605
84,35,55029,120.228225117665,120.228225117665,0.176792650090437,55029,120.445092587545,120.445092587545,0.215436209188002
88,1,253594,122.029290913823,122.029290913823,0.209124430784266,253594,122.062142637444,122.062142637444,0.225443512562212
88,2,210907,122.52743152195,122.52743152195,0.26816415907267,210907,122.77117402457,122.77117402457,0.273960846760469
88,3,127180,125.353593332285,127.526002453738,0.457033309597623,127180,126.762549142947,126.762549142947,0.398187413274234
88,4,158476,125.418088543376,129.308997989344,0.590123816186803,158476,128.642986950705,130.638679354068,0.421085087672032
88,5,134815,123.294307013315,123.294307013315,0.333596114929752,134815,123.695886956199,123.695886956199,0.279695746588764
88,6,209674,123.353863616853,123.353863616853,0.357184481607699,209674,123.775747112184,123.775747112184,0.330769542395478
88,7,171499,127.011772663397,130.930486627745,0.564463777456593,171499,130.091020938898,132.461277716906,0.432124836108584
88,8,194972,121.515073959338,121.515073959338,0.308177294741175,194972,122.019418172866,122.019418172866,0.302548332102393
88,9,225066,122.002101605751,122.002101605751,0.316055892602385,225066,123.094558929381,123.094558929381,0.254617248152729
88,10,131330,124.202984847331,126.067537145223,0.473999403280778,131330,125.857679128912,125.857679128912,0.377979078397334
88,11,106799,122.523085422148,123.70912257374,0.428360145623375,106799,123.271107407373,123.271107407373,0.267980060435441
88,12,131339,124.216561721956,125.36675647256,0.417051484469347,131339,125.894007111368,125.894007111368,0.366114866510446
88,13,154066,124.45917983202,127.176684049241,0.499105071046218,154066,126.690035439357,126.690035439357,0.397351423181956
88,14,230648,121.588069265721,121.588069265721,0.282513881203451,230648,122.075699767611,122.075699767611,0.268144763055017
88,15,120281,122.845387051987,122.845387051987,0.320446523056253,120281,123.651516033289,123.651516033289,0.314093114439505
88,16,196266,123.092970764167,125.289233830051,0.510488211968219,196266,125.301911691276,125.301911691276,0.380717924744508
88,17,172413,124.89087829804,124.89087829804,0.391986313271588,172413,125.625300876384,125.625300876384,0.38626217667121
88,18,99114,124.659937042194,124.659937042194,0.350898060981783,99114,126.153419294953,126.153419294953,0.282926196810478
88,19,96825,123.284038213271,123.284038213271,0.397020408816576,96825,124.553111283243,124.553111283243,0.367760949515663
88,20,161634,122.717342885779,122.717342885779,0.301358017018765,161634,123.048863481693,123.048863481693,0.290723732751877
88,21,176204,123.640723252594,125.097893551534,0.431444661405417,176204,125.158367573948,125.158367573948,0.372853472952903
88,22,134140,122.731288206352,122.731288206352,0.361190769204993,134140,123.699642164902,123.699642164902,0.349971796510848
88,23,186906,122.179079323296,122.179079323296,0.657331554066914,186906,125.130819770366,125.130819770366,0.462153399065243
88,24,72578,123.413072831988,125.213107473772,0.437046293753777,72578,124.518628234451,124.518628234451,0.396395398273007
88,25,166429,121.491663111597,121.491663111597,0.300557239891085,166429,122.064405842732,122.064405842732,0.286469962539549
88,26,92438,124.481717475497,126.210236692702,0.456065847122561,92438,126.498139293364,126.498139293364,0.388256020929398
88,27,111413,121.783508208198,121.783508208198,0.280871697708974,111413,122.133512247224,122.133512247224,0.263515761469602
88,28,149408,122.293986935104,122.293986935104,0.36764992776917,149408,123.379430820304,123.379430820304,0.302205966223417
88,29,127351,119.550549269342,119.550549269342,0.237266666894352,127351,119.61009336401,119.61009336401,0.23325724615325
88,30,171362,124.043416860214,125.037486619411,0.40846473690464,171362,125.145732426092,125.145732426092,0.36914679909846
88,31,138113,120.254632076633,121.257708792088,0.408836640792338,138113,122.258237819756,122.258237819756,0.317313088531213
88,32,90155,124.447152126893,124.447152126893,0.374274902288356,90155,124.228406633021,124.228406633021,0.394032265556133
88,33,230522,120.890574435412,120.890574435412,0.227967916703727,230522,120.730229652701,120.730229652701,0.228772712266168
88,34,151775,120.854040520507,122.081869421986,0.437023577547943,151775,122.952106736946,122.952106736946,0.334026344745693
88,35,125021,122.246102654754,122.246102654754,0.337406806693754,125021,122.812023580039,122.812023580039,0.344739299571641
88,36,64832,121.893370557749,121.893370557749,0.301347211527134,64832,122.49635982231,122.49635982231,0.283332158965536
88,37,52005,121.772483415056,121.772483415056,0.279711737594822,52005,122.292779540429,122.292779540429,0.236919044217343
92,1,156242,121.041000499226,121.041000499226,0.252997471523948,156242,121.245932591749,121.245932591749,0.244192954957828
92,2,201986,120.839959205093,120.839959205093,0.228198079951779,201986,120.830329824839,120.830329824839,0.254219030746884
92,3,203070,122.083641108977,122.083641108977,0.343530040825076,203070,122.900989806471,122.900989806471,0.303013541579083
92,4,259705,120.844053830307,120.844053830307,0.237312986568569,259705,121.817535280414,121.817535280414,0.20892194894554
92,5,149181,122.804257914882,122.804257914882,0.361613662521684,149181,123.65757703729,123.65757703729,0.332042754382007
92,6,165963,124.454848369817,125.663165857535,0.412416383421641,165963,125.032929026349,125.032929026349,0.351366686079804
92,7,198756,125.959910644207,125.959910644207,0.576156987412389,198756,127.827542313188,130.023243759598,0.45829541089114
92,8,147965,124.735707768729,126.100243806991,0.427453313565823,147965,126.504930219984,126.504930219984,0.357892911009729
92,9,156396,122.708253408016,125.169041599526,0.536367139850076,156396,125.434844880943,125.434844880943,0.372272835213014
92,10,169980,123.428291563713,125.800848129556,0.505957404950177,169980,124.30872455583,126.212828718124,0.439807723555132
92,11,119793,122.222792650656,122.222792650656,0.275727017371525,119793,122.90905144708,122.90905144708,0.263468601680689
92,12,110548,125.601521511018,128.746814240181,0.522292901404113,110548,127.143485182907,128.772642444524,0.442424824334142
92,13,107289,122.230377764729,122.230377764729,0.201349653382875,107289,122.252514237247,122.252514237247,0.238549397902301
92,14,305105,122.409223054358,122.409223054358,0.350633655411208,305105,122.57972173514,122.57972173514,0.368206295422318
92,15,119388,124.498442054478,126.234366564939,0.440296634561484,119388,125.120447616176,125.120447616176,0.379656785733984
92,16,108985,126.020030279396,128.431102923619,0.491948605868487,108985,128.484874065238,128.484874065238,0.37014786180194
92,17,74758,124.137109071939,125.460592492831,0.417162723953163,74758,125.930683003826,125.930683003826,0.374473531753902
92,18,125325,124.733556752444,127.964120231009,0.534621155661437,125325,127.172407739876,129.668515409169,0.430009118806916
92,19,143755,122.300539111683,122.300539111683,0.248494989889246,143755,122.103391186394,122.103391186394,0.248856423242873
92,20,139933,121.541587759856,122.923949126957,0.461313388895897,139933,123.330086541416,123.330086541416,0.33744328042008
92,21,172738,123.626526878857,123.626526878857,0.309066029701819,172738,123.729370491727,123.729370491727,0.334370167669719
92,22,87731,123.484936909416,124.819149277904,0.426288264972827,87731,125.546534292325,125.546534292325,0.321453705569031
92,23,115362,122.913637072866,124.73222700555,0.480172732381218,115362,124.191952289315,124.191952289315,0.387888813818103
92,24,112682,122.094859871142,122.094859871142,0.339058454001312,112682,123.183507569976,123.183507569976,0.330596971305663
92,25,138322,121.940840936366,121.940840936366,0.382575471669413,138322,122.711976402886,122.711976402886,0.349880813346637
92,26,111415,121.689960956783,121.689960956783,0.379377248451787,111415,123.166835704349,123.166835704349,0.364859876565768
92,27,113518,122.286368681619,123.861979602206,0.459259563366905,113518,124.011099561303,124.011099561303,0.386509069730683
92,28,67304,123.302760608582,123.302760608582,0.371336938586536,67304,123.679885296565,123.679885296565,0.346117610302941
92,29,119526,122.54507805833,122.54507805833,0.297559803333034,119526,123.109875675585,123.109875675585,0.326539218895331
92,30,39428,124.544739778837,124.544739778837,0.344150631507419,39428,124.427843157147,124.427843157147,0.347971086536131
92,31,112354,123.180848033893,123.180848033893,0.349196101163435,112354,124.075253217509,124.075253217509,0.314714849540956
92,32,165277,123.082776187854,123.082776187854,0.275997489744669,165277,122.616099033743,122.616099033743,0.32022119542694
92,33,145973,120.771190562638,120.771190562638,0.270502631763303,145973,121.061189398039,121.061189398039,0.287936883495337
92,34,158159,121.588622841571,121.588622841571,0.294461818919982,158159,122.319077637061,122.319077637061,0.27257229892946
92,35,155006,125.042262880147,126.186238101377,0.406629367854994,155006,125.667051598003,125.667051598003,0.338887197858322
92,36,169464,124.129744370486,125.40489006664,0.424296256918677,169464,126.045525893405,126.045525893405,0.33761911195758
92,37,184554,123.109019582344,119.092818422381,0.680317403097805,184554,127.307026669701,130.137399210637,0.443255851046832
92,38,110325,120.340756854747,120.340756854747,0.282962494229585,110325,120.846281441196,120.846281441196,0.205493879062877
92,39,176610,123.47767963309,126.311661261532,0.541336497243641,176610,126.256367136629,126.256367136629,0.388973873136559
92,40,75026,124.282755311492,125.753280424801,0.433153588413179,75026,125.791698877722,125.791698877722,0.361032857947014
92,41,115946,120.23808497059,120.23808497059,0.166984262983034,115946,120.031652665896,120.031652665896,0.144749063121743
96,1,173279,121.114843691388,121.114843691388,0.21199667323752,173279,121.49875634093,121.49875634093,0.168643242618338
96,2,180960,123.839671750663,123.839671750663,0.357903409076388,180960,124.455133731211,124.455133731211,0.351532188164532
96,3,191122,122.973006770544,122.973006770544,0.355867048331889,191122,123.627818880087,123.627818880087,0.310083795894148
96,4,143660,129.039586523737,132.989873302422,0.51814575323384,143660,131.563350967562,131.563350967562,0.385579976104791
96,5,120159,125.297788763222,125.297788763222,0.228164646381618,120159,126.107690643231,126.107690643231,0.221082867086723
96,6,127775,125.39760516533,126.770385050037,0.423209778781342,127775,126.886448835844,126.886448835844,0.345281602031122
96,7,152023,120.171737171349,120.171737171349,0.254098350750248,152023,120.829190319886,120.829190319886,0.235936946747497
96,8,79187,125.133153169081,125.133153169081,0.623755745854605,79187,128.540227562605,131.171878637477,0.451340094413959
96,9,116317,120.006301744371,120.006301744371,0.310931133204788,116317,120.691678774384,120.691678774384,0.228793264587236
96,10,121014,124.33720065447,125.840039146973,0.43114777497936,121014,125.958781628572,125.958781628572,0.302900382045747
96,11,138783,120.71921633053,120.71921633053,0.395111723108185,138783,122.267568794449,122.267568794449,0.257664594268717
96,12,91168,120.009575728326,120.009575728326,0.217388529219055,91168,121.072821604072,119.767393405138,0.477337941323135
96,13,110254,124.439521468609,126.452017237308,0.483227023688124,110254,125.742476463439,125.742476463439,0.354440274365037
96,14,119562,124.810458172329,124.810458172329,0.358673030081348,119562,125.934410598685,125.934410598685,0.320644035297063
96,15,116051,123.794185315077,123.794185315077,0.600960462293664,116051,127.030598616126,127.030598616126,0.369061430217336
96,16,104623,123.49627710924,123.49627710924,0.551767768585401,104623,126.318639304933,126.318639304933,0.381983464563937
96,17,81266,122.432567125243,122.432567125243,0.177219379106454,81266,122.31954322841,122.31954322841,0.188054278999855
96,18,169959,126.882271606682,126.882271606682,0.513827038564874,169959,128.489359198395,128.489359198395,0.396988836179593
96,19,136066,122.785581996972,124.836645188559,0.489463291015258,136066,125.328267164464,125.328267164464,0.333300814453123
96,20,101613,123.392636768917,125.447386473128,0.470950746776987,101613,125.276244181355,125.276244181355,0.341317660462061
96,21,75172,125.759511520247,125.759511520247,0.62444792131172,75172,129.379622731868,132.222697761284,0.451152312683031
96,22,126042,121.137858808968,121.137858808968,0.3369931566312,126042,121.842473143873,121.842473143873,0.269233284017788
96,23,98382,122.213240226871,122.213240226871,0.219343564642274,98382,122.961995080401,122.961995080401,0.211329205384059
96,24,88990,123.677739071806,125.04430212848,0.419116168895623,88990,124.94615125295,124.94615125295,0.344948389283306
96,25,149272,126.330865802026,128.642078219241,0.469724709265943,149272,127.678037408221,127.678037408221,0.374627619171917
96,26,151603,122.861552871645,122.861552871645,0.376074573057361,151603,123.496962461165,123.496962461165,0.345318802685596
96,27,83035,122.962184620943,123.839838783358,0.401419000259788,83035,124.439670018667,124.439670018667,0.317790480100501
96,28,119504,124.778392355068,126.503547338314,0.458666795961818,119504,125.834390480653,125.834390480653,0.359404218515506
96,29,101997,123.282763218526,123.282763218526,0.332570812985451,101997,124.017814249439,124.017814249439,0.281715929458457
96,30,133049,122.193169433818,122.193169433818,0.366539933336018,133049,122.911220678096,122.911220678096,0.318393476021238
96,31,114442,122.666250152916,122.666250152916,0.388833564387655,114442,123.423489627934,123.423489627934,0.325820206603331
96,32,159859,123.0531718577,123.0531718577,0.625986952818942,159859,126.899548977536,126.899548977536,0.380724143466978
96,33,85865,122.50637628836,124.853473770455,0.527557532555655,85865,124.980655680429,124.980655680429,0.347285321434661
96,34,108384,122.460381606141,122.460381606141,0.363444843610147,108384,122.825555432536,122.825555432536,0.315359510075166
96,35,123520,124.912095207254,127.367675299202,0.482610089709858,123520,126.423332253886,126.423332253886,0.363282502011189
96,36,202000,125.171564356436,125.171564356436,0.530101495387426,202000,126.202311881188,128.792720339089,0.448602404362957
96,37,105713,121.634463121849,121.634463121849,0.407322849047839,105713,122.900428518725,122.900428518725,0.313443045643658
96,38,39421,121.307906953147,121.307906953147,0.139040169830416,39421,121.447325029806,121.447325029806,0.132435414896043
96,39,116086,123.22682321727,123.22682321727,0.388774486404775,116086,124.348801750426,124.348801750426,0.323392754170916
96,40,46802,121.584098970129,121.584098970129,0.227446943855762,46802,121.171616597581,121.171616597581,0.248268568505205
96,41,123133,120.2157991765,120.2157991765,0.2183462229626,123133,120.634013627541,120.634013627541,0.207334490882269
96,42,91692,120.9602582559,120.9602582559,0.1942548266937,91692,121.272477424421,121.272477424421,0.234703313129267
96,43,154740,120.218586015251,120.218586015251,0.294071220102554,154740,120.674731808194,120.674731808194,0.266562709276516
96,44,91566,125.607332415962,125.607332415962,0.384937373612726,91566,125.968569119542,125.968569119542,0.344656304434873
96,45,85900,121.432596041909,121.432596041909,0.365155982372473,85900,122.72772991851,122.72772991851,0.322562641877628
96,46,49610,120.87653698851,120.87653698851,0.280539956881451,49610,120.319391251764,120.319391251764,0.143139368033125
96,47,44088,122.728747051352,122.728747051352,0.330487267468298,44088,122.236708401379,122.236708401379,0.273646287192598
96,48,86850,122.99973517559,122.99973517559,0.339807130217193,86850,123.046758779505,123.046758779505,0.243975309885172
100,1,161105,121.942174358338,121.942174358338,0.356427625657471,161105,122.665975605971,122.665975605971,0.346183969399383
100,2,127590,120.523967395564,120.523967395564,0.342591363071537,127590,121.956618857277,121.956618857277,0.264931311637489
100,3,94024,126.588870926572,129.964078276532,0.539738316035199,94024,129.466051220965,130.841611330131,0.411518739070344
100,4,87808,123.35992164723,123.35992164723,0.335585576431588,87808,123.840139850583,123.840139850583,0.350417223736337
100,5,97840,124.150562142273,126.022783935075,0.467160590513872,97840,125.899131234669,125.899131234669,0.373455817120307
100,6,143332,123.269207155415,124.443085177111,0.410540375515219,143332,124.181815644797,124.181815644797,0.372973935760735
100,7,97875,127.223254150702,130.902566927757,0.531811014542004,97875,129.684117496807,131.490083940102,0.426852694402006
100,8,113589,125.216922413262,126.36456145546,0.413488575950834,113589,125.590849466057,125.590849466057,0.39294807388424
100,9,160184,125.065093892024,126.397397149851,0.432978835291198,160184,125.95359711332,125.95359711332,0.367113928459201
100,10,161935,121.515484608022,121.515484608022,0.256716303631027,161935,121.940877512582,121.940877512582,0.228390572334016
100,12,180839,128.244493720934,131.225788172431,0.473669545591876,180839,129.508579454653,131.604947244647,0.406357733113706
100,13,147648,124.347542804508,125.975325792155,0.456087068567299,147648,125.163090593845,125.163090593845,0.397523179544101
100,14,157017,122.106771878204,123.32402706231,0.443590854004022,157017,122.831572377513,122.831572377513,0.386038313181164
100,15,151144,119.949564653575,119.949564653575,0.244388527009356,151144,120.653489387604,120.653489387604,0.236213761322843
100,16,148410,125.188659793814,125.188659793814,0.340125478730045,148410,125.780884037464,125.780884037464,0.343061322293085
100,17,101304,123.550007897023,124.914815579283,0.431485965685699,101304,125.055841822633,125.055841822633,0.366368825722692
100,18,163643,122.224592558191,122.224592558191,0.3319318071407,163643,122.342978312546,122.342978312546,0.346762062816831
100,19,99646,129.761505730285,136.030953479997,0.631088867525973,99646,133.779047829316,138.070961463176,0.496546905907325
100,20,139481,129.313720148264,133.687368960709,0.54709521422788,139481,132.510148335616,134.608350982325,0.423082630190942
100,21,161364,126.320759277162,126.320759277162,0.378336843559458,161364,127.138413772589,127.138413772589,0.378409768981553
100,22,81306,122.686013332349,122.686013332349,0.374525817175964,81306,123.883710919243,123.883710919243,0.357611932249309
100,23,122552,124.893996018017,124.893996018017,0.394934300936193,122552,125.455455643319,125.455455643319,0.365170929482235
100,24,110665,124.520534947815,125.58712169511,0.407656505386539,110665,126.228509465504,126.228509465504,0.35428525554836
100,25,104942,120.986297192735,120.986297192735,0.388262952280057,104942,121.860608717196,121.860608717196,0.358835344113667
100,26,103442,121.60721950465,121.60721950465,0.463157819387912,103442,123.405889290617,123.405889290617,0.362564150262072
100,27,87344,122.892700128229,124.473636854464,0.448385153966467,87344,124.392997801795,125.785700564966,0.40956287066829
100,28,114593,123.532048205388,126.167002829438,0.518100601190133,114593,126.041826289564,126.041826289564,0.382024891705016
100,29,132406,122.831208555504,125.910285651478,0.554564724899374,132406,125.60853737746,125.60853737746,0.383035140380194
100,30,76653,123.031844807118,123.031844807118,0.360136970674151,76653,124.405894094165,124.405894094165,0.263591297052142
100,31,128008,121.865414661584,123.296025078091,0.462519791800645,128008,123.921379913755,123.921379913755,0.335348389782719
100,32,89998,128.927431720705,128.927431720705,0.621341825028117,89998,133.081935154115,135.835603609426,0.439946030453483
100,33,93519,122.523059485238,124.177236541715,0.45977354918004,93519,124.25693174649,124.25693174649,0.320358085425989
100,34,133360,122.641796640672,122.641796640672,0.39908811286462,133360,123.52700209958,123.52700209958,0.354323610634166
100,35,220159,122.312551383318,122.312551383318,0.603544993201579,220159,124.435167310898,126.700359060405,0.453433579062537
100,36,89071,121.566536807715,121.566536807715,0.331234804103441,89071,122.935399849558,122.935399849558,0.239035588312179
100,37,63465,123.088426691877,123.088426691877,0.360851681636398,63465,124.39412274482,124.39412274482,0.298583387920982
100,38,87396,122.29779394938,122.29779394938,0.18035085901923,87396,122.089603643187,122.089603643187,0.196812488558729
100,39,130322,125.370114025261,127.452489544582,0.468733033706215,130322,127.26383112598,127.26383112598,0.376401638535423
100,40,122085,124.025760740468,124.025760740468,0.340250359743212,122085,124.689560552074,124.689560552074,0.318805791848848
100,41,79788,124.575061412744,124.575061412744,0.378218257655512,79788,124.469920288765,124.469920288765,0.373031936581996
100,42,120893,122.302308653106,122.302308653106,0.254508439834546,120893,122.450919408072,122.450919408072,0.330272170967471
100,43,147768,126.141810134806,126.141810134806,0.532479245249656,147768,127.876603865519,129.801168611332,0.427265880669646
100,44,102613,122.615565279253,122.615565279253,0.233325977968007,102613,123.111866917447,123.111866917447,0.243882833733993
100,45,125966,120.40564120477,120.40564120477,0.306744565395403,125966,120.68508962736,120.68508962736,0.283925599882695
100,46,45313,120.60293955377,120.60293955377,0.195716947950347,45313,121.15203142586,121.15203142586,0.258029241300041
100,47,135228,121.923854527169,121.923854527169,0.495376428257652,135228,123.259509864821,124.261553032919,0.40181886390028
100,48,113902,121.215386911556,121.215386911556,0.286245420207072,113902,121.647495215185,121.647495215185,0.275660401711481
100,49,56465,122.513255999292,122.513255999292,0.239804868554569,56465,122.911307889843,122.911307889843,0.20794813784672
100,50,115685,120.762925184769,121.777403188525,0.404091193631598,115685,122.020927518693,122.020927518693,0.352510013340308
100,51,167940,119.937340716923,119.937340716923,0.255834055794759,167940,120.19233059426,120.19233059426,0.28219907811401
100,52,78138,125.959814686836,127.163559020109,0.416236297979882,78138,127.026542783281,127.026542783281,0.361563507705827
100,53,43919,121.498622464082,121.498622464082,0.238274434614869,43919,120.937999499078,120.937999499078,0.240679738765366
100,54,38877,122.273014893124,122.273014893124,0.255923189736091,38877,122.442883967384,122.442883967384,0.250231564494367
100,160,127244,124.910691270315,125.934979350768,0.40152502970435,127244,125.660266888812,125.660266888812,0.327177880102927
100,161,77974,123.411342242286,123.411342242286,0.392949590983691,77974,126.20950573268,126.20950573268,0.376687200557966
104,1,153016,125.209455220369,125.209455220369,0.369782751204721,153016,125.925589480839,125.925589480839,0.33514840280444
104,2,96153,125.327488481899,125.327488481899,0.37384347973132,96153,124.46693290901,124.46693290901,0.347370470052822
104,3,165717,122.353645069607,122.353645069607,0.334745853997537,165717,122.789629307796,122.789629307796,0.26726485066659
104,4,99271,122.403179176194,123.73745359266,0.44327394333556,99271,124.108913982936,124.108913982936,0.33383667749365
104,5,111557,125.127083015857,126.787689656299,0.432703499520938,111557,126.568955780453,126.568955780453,0.364577756222163
104,6,201410,121.2429223971,121.2429223971,0.267359995786896,201410,121.378635618887,121.378635618887,0.25224557311485
104,7,179647,121.474380312502,121.474380312502,0.284510159362882,179647,121.55502735921,121.55502735921,0.311654697296582
104,8,95758,125.7030222018,127.922489859405,0.489692117714564,95758,128.478863384782,128.478863384782,0.378454885780026
104,9,102661,129.47295467607,129.47295467607,0.603252950473076,102661,132.571083468893,135.722455004729,0.488489001738339
104,10,145960,122.927822691148,122.927822691148,0.367439135723241,145960,123.482365031515,123.482365031515,0.345857121742845
104,11,148465,123.599669955882,125.414887173894,0.430155848513392,148465,124.416407907588,125.947032936944,0.428974289100379
104,12,180120,122.187297357317,123.273011603197,0.403546085618951,180120,123.725849433711,123.725849433711,0.312442267635672
104,13,93718,124.225218207815,125.429781386868,0.400148698789513,93718,124.896690070211,124.896690070211,0.359154425697445
104,14,125540,125.115341723753,126.322027867257,0.407383533713223,125540,126.180691413095,126.180691413095,0.354403345198628
104,15,170388,125.273065004578,125.273065004578,0.389833918768471,170388,125.634804094185,125.634804094185,0.331828281152652
104,16,124537,123.440463476718,123.440463476718,0.351770027331149,124537,123.824044259939,123.824044259939,0.213803223854229
104,17,150874,119.817649164203,119.817649164203,0.237366227277718,150874,120.651397855164,120.651397855164,0.216537773752921
104,18,93728,124.310920962786,124.310920962786,0.363090982120248,93728,125.087540542847,125.087540542847,0.337989846814643
104,19,95091,122.593768074792,124.778130433537,0.50234337977395,95091,124.754982069807,124.754982069807,0.362924773639847
104,20,126723,121.960172975703,121.960172975703,0.327063824075124,126723,121.780024147156,122.251073293291,0.417529839329192
104,21,106817,123.667805686361,125.592430385726,0.471470808119535,106817,125.509478828276,125.509478828276,0.36626049201386
104,22,95640,123.368120033459,125.674900766694,0.492205152676048,95640,125.153345880385,125.153345880385,0.379169700061187
104,23,151512,121.757867363641,123.005466844829,0.438789824655087,151512,122.7792452083,122.7792452083,0.341049347260238
104,24,148408,120.41279445852,120.41279445852,0.329955919677569,148408,120.784809444235,120.784809444235,0.289375275980771
104,25,132921,128.640132108546,132.520453431611,0.522518343743515,132921,131.773053166919,133.691066654038,0.413505635600041
104,26,103606,123.95402775901,123.95402775901,0.368216950296957,103606,125.63499218192,125.63499218192,0.368271109068291
104,27,103757,128.318426708559,132.960231372706,0.598217947900541,103757,131.993051071253,135.53612952835,0.4556412623267
104,28,95310,123.335463225265,124.745707904201,0.439838297644755,95310,124.695897597314,124.695897597314,0.352895341685539
104,29,110412,121.409212766728,123.040490033346,0.412934143928274,110412,123.310446328298,123.310446328298,0.324204669134663
104,30,138891,122.191697086204,124.059504650492,0.489325466653996,138891,124.498326025444,124.498326025444,0.345423418166448
104,31,247209,122.769417780097,125.848845709941,0.584285027024066,247209,124.484537375257,126.4378838973,0.444824905793602
104,32,141397,121.869290013225,121.869290013225,0.298546868444803,141397,122.139246235776,122.139246235776,0.303129550347468
104,33,101518,125.547045844087,125.547045844087,0.593369298117581,101518,129.378829370161,132.126181167581,0.418987213810223
104,34,98562,122.462044195532,122.462044195532,0.353803727785587,98562,123.324790487206,123.324790487206,0.342017658030281
104,35,117987,121.059455702747,121.059455702747,0.441853472340359,117987,121.918160475307,121.918160475307,0.379557138994468
104,36,90769,123.875497141094,123.875497141094,0.331672819011217,90769,124.664433892629,124.664433892629,0.311966402621943
104,37,136546,120.186655046651,120.186655046651,0.364499348798322,136546,121.799020110439,121.799020110439,0.258259226051867
104,38,146500,124.509890784983,124.509890784983,0.399314127294956,146500,124.723890784983,124.723890784983,0.358569522529077
104,39,96901,122.261060257376,122.261060257376,0.338169969421751,96901,123.342896358139,123.342896358139,0.327623543661562
104,40,94452,123.707819845001,125.723855686808,0.467843299032091,94452,125.425485961123,125.425485961123,0.363533666601459
104,41,89118,123.56676541215,125.367160806902,0.442704972855873,89118,124.938160640948,124.938160640948,0.398487865358472
104,42,86368,121.782535198222,121.782535198222,0.27150735356405,86368,121.984288162282,121.984288162282,0.251715613937838
104,43,117998,124.801293242258,124.801293242258,0.227114220985785,117998,124.650299157613,124.650299157613,0.267200224968729
104,44,96335,124.623657030155,126.323823427,0.446387194804392,96335,125.856697981004,125.856697981004,0.376494395256585
104,45,171089,124.965859874101,124.965859874101,0.376482645109179,171089,125.512218786713,125.512218786713,0.37971249669411
104,46,80529,124.102062610985,124.102062610985,0.339391552841214,80529,124.744377801786,124.744377801786,0.24721030508526
104,47,130975,121.896865814087,124.428525218514,0.549076316380054,130975,124.745646115671,124.745646115671,0.335612739933994
104,48,78252,123.174998722077,124.635343162566,0.438081774552165,78252,124.200544395031,125.310159474426,0.412498690586774
104,49,145064,122.13844234269,123.53820266778,0.419086702067262,145064,123.166361054431,123.166361054431,0.354497903985306
104,50,121792,124.597543352601,124.597543352601,0.354315681993417,121792,125.580399369417,125.580399369417,0.302232069729666
104,51,156549,124.802010871995,126.76438198348,0.471812901264246,156549,126.421478259203,126.421478259203,0.391264903529137
104,52,130176,125.489422013274,127.336485840652,0.454691683268876,130176,127.28558259587,127.28558259587,0.394437095204319
104,53,126493,120.427833951286,120.427833951286,0.459018246749516,126493,122.05575012056,122.05575012056,0.299960988904243
104,54,188914,119.674020983093,119.674020983093,0.208305953813948,188914,119.857554231026,119.857554231026,0.197048399118686
104,55,92882,124.547996382507,126.523925908504,0.449815538891539,92882,126.541525806938,126.541525806938,0.390653884030669
104,56,51498,124.264068507515,124.264068507515,0.371369977154441,51498,125.132995456134,125.132995456134,0.331397038808684
108,1,101179,126.279959280088,126.279959280088,0.27032998147635,101179,126.940155565878,126.940155565878,0.243571705722213
108,2,175754,121.634278593944,121.634278593944,0.251919970488623,175754,122.159125823594,122.159125823594,0.310207022321494
108,4,117086,124.728071673812,124.728071673812,0.351549838920547,117086,125.29970278257,125.29970278257,0.3159223882696
108,5,149651,126.221114459643,126.221114459643,0.568763958760452,149651,129.230997454076,131.76414345929,0.433992372521025
108,6,207809,121.315467568777,121.315467568777,0.245967084976258,207809,121.502220789282,121.502220789282,0.265905679292501
108,7,103853,129.506311806111,129.506311806111,0.6120217802673,103853,133.314194101278,137.250272861417,0.466975296282691
108,8,101611,121.861009142711,123.264221079049,0.431312913521365,101611,123.742596766098,123.742596766098,0.32489679486844
108,9,109317,126.781214266765,128.467065567985,0.430728677578366,109317,128.671039271111,128.671039271111,0.360324130028452
108,10,144051,120.140741820605,120.140741820605,0.218326930368306,144051,120.442072599288,120.442072599288,0.18841578184528
108,11,191186,124.435418911427,124.435418911427,0.344151198303714,191186,124.727579425272,124.727579425272,0.33014062629351
108,12,109081,121.917556678065,121.917556678065,0.353363201827264,109081,123.348649168966,123.348649168966,0.273904829390004
108,13,135238,122.438767210399,122.438767210399,0.259002186339905,135238,122.921856282997,122.921856282997,0.235135205158457
108,14,93304,128.09893466518,128.09893466518,0.609735561171835,93304,132.714245905856,134.35649118133,0.413999895849514
108,15,145726,124.885147468537,124.885147468537,0.33975217229514,145726,124.876281514623,124.876281514623,0.352004772728104
108,16,125415,121.677590399872,123.129624087049,0.452327473935016,125415,124.087365945062,124.087365945062,0.30835709558094
108,17,150731,121.417764096304,121.417764096304,0.295617385151013,150731,121.714312251627,121.714312251627,0.265327046273706
108,18,77000,123.993649350649,123.993649350649,0.307699943911893,77000,123.847961038961,123.847961038961,0.302612752594122
108,19,161023,120.981126919757,120.981126919757,0.329202674586327,161023,121.748588710929,121.748588710929,0.284857938207019
108,20,102625,123.821359317905,123.821359317905,0.330406679608896,102625,124.060667478685,124.060667478685,0.317325210661668
108,21,108309,123.544553084231,123.544553084231,0.366331032959684,108309,123.897570838988,123.897570838988,0.368676300803299
108,22,81845,123.219549147779,125.33943018675,0.480859715576222,81845,125.579668886309,125.579668886309,0.377902118513936
108,23,88077,126.555082484644,126.555082484644,0.484780009146978,88077,128.601042269832,130.175151255328,0.404301847361659
108,24,117939,122.324345636304,122.324345636304,0.324005858850562,117939,123.178261643731,123.178261643731,0.271315726805402
108,25,240909,122.751740283676,122.751740283676,0.599026056584979,240909,124.834883711277,126.829502940321,0.429150121263984
108,26,119379,121.2142755426,121.2142755426,0.440263189009315,119379,122.1489876779,122.1489876779,0.366313854389492
108,27,125935,125.710120300155,125.710120300155,0.386320421285509,125935,126.616675268988,126.616675268988,0.369513140079409
108,28,96519,127.104207461743,129.871070940091,0.4861714021858,96519,128.378443622499,130.492964561125,0.421727775347065
108,29,120166,123.002521511909,123.002521511909,0.348120469296114,120166,123.266081920011,123.266081920011,0.270839328482921
108,30,102728,123.361605404564,125.450098799259,0.453705258542385,102728,126.193715442723,126.193715442723,0.355415431253539
108,31,130732,123.666194963743,123.666194963743,0.320051974327157,130732,124.700264663587,124.700264663587,0.271508407585805
108,32,108210,124.977275667683,127.925212234762,0.508911926103729,108210,128.268348581462,128.268348581462,0.348709710597643
108,33,98279,124.091657424272,125.862662908481,0.466104547049245,98279,125.628618524812,125.628618524812,0.372372335545574
108,34,145419,119.766839271347,119.766839271347,0.211713274708095,145419,120.736444343586,120.736444343586,0.182216018498762
108,35,104462,122.696808408799,122.696808408799,0.383681874388653,104462,124.582355306236,124.582355306236,0.307212050186644
108,36,100466,123.601845400434,123.601845400434,0.38817628929853,100466,124.370911552167,124.370911552167,0.371644549047215
108,37,96853,124.24783950936,126.745048417591,0.506752434590647,96853,126.417591607901,126.417591607901,0.374710948031124
108,38,130357,121.669722377778,121.669722377778,0.296275846778163,130357,121.508910146751,122.060664898807,0.429236131070084
108,39,157526,123.424279166614,123.424279166614,0.399772745571293,157526,123.637551896195,123.637551896195,0.30158698285614
108,40,137701,125.781715455952,125.781715455952,0.358846806083532,137701,125.471652348204,125.471652348204,0.310289651651836
108,41,137760,119.940621370499,119.940621370499,0.358087990104012,137760,121.534966608595,121.534966608595,0.271710439237899
108,42,77631,124.734126830776,124.228447534063,0.404723138686862,77631,124.78361736935,124.78361736935,0.298662718437285
108,43,116038,121.887519605646,121.887519605646,0.31964954468083,116038,122.890475533877,122.890475533877,0.269303628590323
108,44,112591,121.222015969305,122.687761958986,0.464239084636503,112591,122.897887042481,122.897887042481,0.334913518639628
108,45,102660,123.540687706994,123.540687706994,0.374998065844583,102660,124.212107929086,124.212107929086,0.371853243581118
108,46,79845,124.063548124491,125.281324005875,0.410961034806985,79845,125.394101070825,125.394101070825,0.327136736887559
108,47,135434,122.975715108466,123.979623210164,0.410958628177891,135434,124.038491073143,124.038491073143,0.333654297529047
108,48,179034,121.548359529475,121.548359529475,0.297569694705423,179034,121.691807142777,121.691807142777,0.317110929683267
108,49,169358,125.329562229124,125.329562229124,0.376520683284961,169358,125.567070938485,125.567070938485,0.367433829692229
108,50,48389,121.482795676703,121.482795676703,0.278452375062858,48389,121.964372068032,121.964372068032,0.238585161780365
108,51,133330,121.692207305183,123.984708203513,0.532287926226192,133330,124.54078601965,124.54078601965,0.331913877226711
108,52,89818,122.248346656572,122.248346656572,0.208598872635731,89818,121.852256785945,121.852256785945,0.223143663743206
108,53,122519,122.809327532872,124.077830270858,0.414044541650354,122519,123.513854993919,123.513854993919,0.364785320146867
108,54,75658,125.722025430225,125.722025430225,0.387570697323715,75658,127.269925189669,127.269925189669,0.349837814777305
108,55,54959,121.741589184665,121.741589184665,0.26166077117255,54959,121.635946796703,121.635946796703,0.182375244371903
108,56,133266,120.021445830144,120.021445830144,0.346750225112529,133266,121.189095493224,121.189095493224,0.244009203180944
108,57,194160,119.510450144211,119.510450144211,0.219203955039021,194160,119.670544911413,119.670544911413,0.208582051123526
108,170,75985,125.36892807791,123.696170056727,0.479172870188335,75985,123.801658222018,123.801658222018,0.33411711843854
108,171,97209,126.627493339094,126.627493339094,0.591653694549029,97209,131.011254101986,131.011254101986,0.371366081353666
112,1,216262,121.413854491311,121.413854491311,0.236033483833161,216262,121.759384450343,121.759384450343,0.180693421329536
112,2,114864,121.613482030924,121.613482030924,0.316703817522726,114864,122.945274411478,122.945274411478,0.265920160614388
112,3,107877,124.859145137518,124.859145137518,0.39991746431181,107877,125.99709854742,125.99709854742,0.355842876543193
112,5,124587,129.679637522374,132.838032698815,0.490740066505958,124587,130.59187555684,133.381557375732,0.474517820269433
112,6,93969,124.066106907597,124.066106907597,0.263478217683862,93969,123.537911438879,123.537911438879,0.243336478920145
112,7,120600,123.461741293532,123.461741293532,0.334461948281348,120600,124.493018242123,124.493018242123,0.314238611286755
112,8,99355,128.677298575814,128.677298575814,0.564272991838783,99355,132.675698253737,135.077798596979,0.442043291969036
112,9,162729,119.830509620289,119.830509620289,0.308021012340578,162729,120.208327956295,120.208327956295,0.236085488121894
112,10,118527,127.519501885646,127.519501885646,0.625412357774215,118527,130.94447678588,134.456894517095,0.491361523171768
112,11,106774,122.93675426602,122.93675426602,0.361959199461994,106774,124.761543072284,124.761543072284,0.26406758260261
112,12,147978,126.430530213951,126.430530213951,0.357232421644864,147978,126.849815513117,126.849815513117,0.363391281798094
112,13,78320,125.659882533197,129.291350728392,0.574999648422284,78320,129.242070990807,129.242070990807,0.463860307402775
112,14,104838,122.087382437666,123.434980200331,0.421833357415499,104838,123.802409431695,123.802409431695,0.325043589815825
112,15,85027,124.356286826537,124.356286826537,0.276447165704145,85027,124.420572288802,124.420572288802,0.27978734730445
112,16,103840,122.348786594761,122.348786594761,0.373937428550222,103840,123.508541987673,123.508541987673,0.31197960870838
112,17,162204,121.071428571429,121.071428571429,0.260981402844864,162204,121.171672708441,121.171672708441,0.293700728538119
112,18,80382,124.298375258142,126.469852201921,0.471945501657329,80382,126.81193550795,126.81193550795,0.351912281689909
112,19,86498,123.52038197415,124.699052734341,0.403590350384667,86498,125.273474531203,125.273474531203,0.358332818994307
112,20,84263,124.30330038095,125.448359646679,0.408885198974498,84263,124.863605615751,124.863605615751,0.32675625434534
112,21,122988,123.113100465086,123.113100465086,0.224863895970321,122988,122.982681237194,122.982681237194,0.326447507059202
112,22,85896,123.622310701313,125.52174989192,0.471661724443765,85896,125.22332821086,125.22332821086,0.373808030525745
112,23,64919,124.844529336558,124.844529336558,0.313327705440266,64919,125.912922256966,125.912922256966,0.333224562104632
112,24,151184,121.493954386708,121.493954386708,0.296907345475437,151184,121.582528574452,121.582528574452,0.278626443943816
112,25,113404,128.036242107862,131.268859917544,0.490469542973018,113404,130.172586504885,131.72468849773,0.415848443826503
112,26,87860,123.6127930799,125.199228480442,0.447543042620733,87860,125.435613475985,125.435613475985,0.376067777232415
112,27,111478,123.775552126877,123.775552126877,0.336457308974027,111478,124.184332334631,124.184332334631,0.370791067278252
112,28,71987,129.952977620959,129.952977620959,0.580073396726526,71987,135.969174989929,139.397636667534,0.425219772034993
112,29,112938,122.165577573536,122.165577573536,0.231843070090761,112938,121.737927004197,121.737927004197,0.239607864774603
112,30,77258,128.674441481788,130.614704273767,0.432301395547347,77258,129.756763053664,129.756763053664,0.394997025276746
112,31,107768,121.118792220325,121.118792220325,0.353035289806271,107768,122.778375770173,122.778375770173,0.309353298605064
112,32,146830,119.826799700334,119.826799700334,0.299656811132115,146830,120.914758564326,120.914758564326,0.242093300701819
112,33,112347,125.694001619981,128.043471477509,0.46520874400087,112347,127.938298307921,127.938298307921,0.366087085576763
112,34,178855,122.591255486288,122.591255486288,0.329622846607162,178855,123.575477341981,123.575477341981,0.33832988091402
112,35,95252,125.295048922857,125.295048922857,0.345976134025352,95252,126.227050350649,126.227050350649,0.31989621404296
112,36,143509,121.997930443387,121.997930443387,0.340882717870875,143509,122.070601843787,122.070601843787,0.307093203783166
112,37,135228,123.614384594906,124.896522286345,0.429536401942664,135228,124.711886591534,124.711886591534,0.354888157974281
112,38,128897,121.177956042421,122.663429897553,0.471393192956479,128897,123.694833859593,123.694833859593,0.336963449788422
112,39,139538,121.506600352592,121.506600352592,0.28969606743521,139538,122.516303802548,122.516303802548,0.288088572992727
112,40,112665,123.463551235965,123.463551235965,0.288107572721971,112665,124.568313140727,124.568313140727,0.230560181801304
112,41,123899,125.398477792395,128.214388458846,0.501190021945102,123899,127.641861516235,127.641861516235,0.392893546025103
112,42,101368,124.234373766869,126.237372853455,0.447994410654353,101368,125.528095651488,126.882887167189,0.404885114502917
112,43,147587,121.498905730179,121.498905730179,0.36962021546465,147587,122.288528122396,122.288528122396,0.330596401280115
112,44,73000,124.461342465753,123.489578295346,0.458334347686818,73000,123.200657534247,123.200657534247,0.3071906179535
112,45,93193,123.432092539139,124.694600846024,0.40952933639073,93193,124.269687637483,124.269687637483,0.371693864011067
112,46,151590,120.847179893133,120.847179893133,0.347305649144316,151590,121.690487499175,121.690487499175,0.25095695452692
112,47,93934,123.100059616326,123.100059616326,0.30271536253901,93934,123.131996934018,123.131996934018,0.340920203154928
112,48,118819,121.0651326808,122.467979690484,0.458841324076482,118819,122.436849325445,122.436849325445,0.36559607715911
112,49,103600,126.840415057915,128.479119775627,0.436851141451824,103600,127.644372586873,129.329453291805,0.400243344558227
112,50,95641,128.074643719744,128.074643719744,0.390884872318376,95641,128.521481373051,128.521481373051,0.366655003280335
112,51,188595,120.248866618945,120.248866618945,0.230710030749486,188595,120.519865319865,120.519865319865,0.209982794808017
112,52,143885,119.815422038433,119.815422038433,0.329405479821263,143885,121.639886020085,121.639886020085,0.295918647894561
112,53,112985,121.179076868611,121.179076868611,0.53619734684886,112985,124.85514006284,124.85514006284,0.332294563262361
112,54,121492,123.021861521746,123.021861521746,0.540700810916788,121492,125.194613637112,126.748693706741,0.412795171861419
112,55,81257,124.884403805211,126.443078116972,0.451710362573411,81257,127.223094625694,127.223094625694,0.342623256818262
112,56,86040,123.630392840539,123.630392840539,0.28502275246983,86040,123.935506741051,123.935506741051,0.283591028363947
112,57,144170,120.177054865783,120.177054865783,0.332793649856644,144170,121.265415828536,121.265415828536,0.254300903002768
112,58,100887,123.961035614103,123.961035614103,0.232600742948227,100887,123.892463845689,123.892463845689,0.25892106121299
112,59,173946,119.49634369287,119.49634369287,0.217872961459299,173946,119.57286744162,119.57286744162,0.223409211375283
112,99,109206,125.632172224969,125.632172224969,0.444174407484864,109206,127.688496969031,127.688496969031,0.353833752055986
112,100,101873,126.048020574637,126.048020574637,0.62819233509767,101873,132.322156017787,134.633364323197,0.445485120509901
116,1,280019,120.834736214328,120.834736214328,0.302228347276848,280019,120.956395815998,120.956395815998,0.273805265919043
116,2,113919,124.6751288196,127.589857672591,0.520709648411739,113919,127.039607089248,127.039607089248,0.389410988144778
116,3,143568,123.336432909841,123.336432909841,0.364110520216337,143568,123.355141814332,123.355141814332,0.272376155485299
116,4,101955,122.298062870874,123.629356441585,0.453558579037276,101955,124.198322789466,124.198322789466,0.330309984442523
116,5,89230,123.921976913594,125.309055112034,0.406579571907901,89230,125.177877395495,125.177877395495,0.355833845794089
116,6,164776,119.863869738311,119.863869738311,0.263566686809859,164776,120.188419430014,120.188419430014,0.227676997738927
116,8,107650,126.549270784951,126.549270784951,0.585068650943912,107650,130.79416627961,134.230965418565,0.425248806970584
116,9,126783,120.564886459541,120.564886459541,0.236965558101758,126783,120.844655829252,120.844655829252,0.256307277964785
116,10,126833,124.21037900231,124.21037900231,0.351280667151899,126833,125.016699124045,125.016699124045,0.320689479589773
116,11,159909,121.884496807559,121.884496807559,0.313113737666045,159909,122.161798272768,122.161798272768,0.298591884677656
116,13,133967,120.162316092769,120.162316092769,0.339406412207691,133967,121.027962110072,121.027962110072,0.281293859728044
116,14,105587,121.661369297357,121.661369297357,0.286519145926882,105587,122.801604364174,122.801604364174,0.331538356855836
116,15,88286,130.445971048637,135.452469893802,0.576722613521795,88286,136.762465170016,138.895983970252,0.429115818112542
116,16,86126,128.38843090356,129.549656430684,0.411976078065106,86126,128.418793395723,130.052932517129,0.425894121046962
116,17,109336,125.716452037755,125.716452037755,0.367927461972257,109336,126.540910587547,126.540910587547,0.346001321928224
116,18,134305,122.392219202561,122.392219202561,0.342274275879567,134305,122.967558914411,122.967558914411,0.323002740407201
116,19,87390,126.236411488729,130.401172046355,0.577497972070565,87390,129.702082618149,129.702082618149,0.418518781691921
116,20,134155,126.060333196675,127.533016262674,0.426786999864444,134155,127.144802653647,127.144802653647,0.356968110854396
116,21,78574,124.768803930053,126.103445194748,0.412746281696736,78574,126.120586962608,126.120586962608,0.362478021579442
116,22,113155,121.296319208166,121.296319208166,0.382892429023378,113155,122.359179885997,122.359179885997,0.265577308648502
116,23,93906,129.271005047601,129.271005047601,0.595084684181921,93906,134.245170702618,137.665550841863,0.426207071588574
116,24,135616,124.471574150543,124.471574150543,0.380266310119998,135616,126.318325271354,126.318325271354,0.325792604518831
116,25,102464,121.606661851968,121.606661851968,0.357097985912487,102464,122.569214553404,122.569214553404,0.266232584589679
116,26,176701,121.099699492363,121.099699492363,0.279346770041181,176701,121.25383557535,121.25383557535,0.260599356184157
116,27,142106,122.929531476503,124.297426215862,0.437349242131824,142106,123.48320267969,123.48320267969,0.392568495186161
116,28,94350,126.483179650238,126.483179650238,0.353161353720307,94350,126.653216746158,126.653216746158,0.355065462528962
116,29,112512,128.175101322526,130.718093256125,0.491751791631684,112512,129.801825583049,129.801825583049,0.387143715392705
116,30,126561,124.87069476379,127.147935421751,0.486508453110067,126561,125.689620025126,125.689620025126,0.352379105474482
116,31,157736,122.900663133337,122.900663133337,0.307262128504585,157736,124.200651721864,124.200651721864,0.385997886333285
116,33,83899,124.05669912633,127.244274089482,0.542727045509092,83899,127.407406524512,127.407406524512,0.354080503348538
116,34,137968,121.932926475705,121.932926475705,0.25949267516848,137968,121.413255247594,121.413255247594,0.295263471949078
116,35,104641,121.858076662111,121.858076662111,0.298907293119227,104641,122.461396584513,122.461396584513,0.293338876514343
116,36,73404,126.37814015585,128.86888693272,0.483223348994636,73404,128.226949485042,130.161531332287,0.406990203322446
116,37,121057,124.585914073536,124.585914073536,0.479097110522545,121057,125.790908415044,125.790908415044,0.395059572158969
116,38,118107,122.745781367743,122.745781367743,0.345023629608744,118107,124.374279255252,124.374279255252,0.317912911494069
116,39,99489,123.028897667079,125.005593109313,0.472696171069552,99489,125.373890580868,125.373890580868,0.358857076078272
116,40,104698,125.360427133279,125.360427133279,0.379847381617893,104698,125.180194464078,125.180194464078,0.304397703034608
116,41,137211,119.741361844167,119.741361844167,0.245538054756129,137211,120.871642944079,120.871642944079,0.169198321858236
116,42,168356,123.021258523605,123.021258523605,0.294036079613745,168356,122.857819145145,122.857819145145,0.311491484970521
116,43,116064,127.416244485801,127.416244485801,0.391185836679805,116064,127.280129928315,127.280129928315,0.381640733118773
116,44,129790,121.86741659604,123.729353462593,0.498719340805099,129790,124.524639802758,124.524639802758,0.319359975803767
116,45,183032,120.580707198741,121.608971336525,0.404495088782995,183032,121.434153590629,121.434153590629,0.320472165263814
116,46,125442,123.58477224534,122.853573243229,0.457289328064239,125442,124.528036861657,124.528036861657,0.346946954001415
116,47,93759,123.713467507119,123.713467507119,0.395703957547856,93759,124.649143015604,124.649143015604,0.376638056216809
116,48,108051,120.229863675487,120.229863675487,0.362792151531392,108051,122.716013734255,122.716013734255,0.293362882248646
116,49,92812,127.251174417101,124.656552840118,0.669292231855776,92812,124.514448562686,124.514448562686,0.251672183082199
116,50,92447,124.39353359222,124.39353359222,0.337767601035575,92447,124.19461961989,124.19461961989,0.349780105253266
116,51,96502,126.150670452426,127.713716630163,0.425698238202442,96502,127.924177737249,127.924177737249,0.377050825562444
116,52,98806,128.051474606805,128.051474606805,0.387946519327017,98806,128.389864987956,128.389864987956,0.338648894781201
116,53,94981,123.897505816953,125.368898316716,0.423544829909321,94981,125.291879428517,125.291879428517,0.379183209192688
116,54,119879,121.782697553366,121.782697553366,0.34109578123283,119879,122.884266635524,122.884266635524,0.27511148843903
116,55,107565,121.549174917492,121.549174917492,0.539773473382127,107565,124.150253335193,124.150253335193,0.360760622797536
116,56,77740,127.05553125804,129.544942152525,0.477853522083659,77740,129.348070491382,129.348070491382,0.399700236850918
116,57,153644,119.958996120903,119.958996120903,0.326624814575967,153644,121.008916716566,121.008916716566,0.283559139121526
116,58,138716,119.517323163874,119.517323163874,0.324932544523891,138716,121.627865567058,121.627865567058,0.28051589909341
116,59,66055,128.383907349936,130.314581244569,0.443295404883812,66055,129.816925289531,131.843288171633,0.430376852431192
116,60,211987,119.315675017808,119.315675017808,0.213963173952946,211987,119.514361729729,119.514361729729,0.168933089627237
116,61,93236,123.772223175597,123.772223175597,0.33072464698341,93236,124.408232871423,124.408232871423,0.287408950720678
116,62,41032,129.725385065315,129.725385065315,0.364354551214512,41032,128.946773250146,131.180837205429,0.421747137283732
116,111,100203,127.58786663074,127.58786663074,0.552991390687251,100203,132.483977525623,134.644304663828,0.405484823283186
116,112,88859,121.851843932522,119.167229044741,0.659394400760663,88859,126.821357431436,127.897179873119,0.406969621611947
116,114,92387,126.791052853756,129.191784255244,0.488633852178118,92387,130.207507549764,130.207507549764,0.386350499299752
116,115,93336,125.399374303591,120.226134651877,0.651476421430299,93336,133.115453844176,133.115453844176,0.365271640985604
116,184,57345,128.109024326445,130.378767847434,0.458077625254307,57345,131.059569273694,132.464179035556,0.40215555986878
116,185,78352,127.852384112722,125.060011080731,0.529847130728381,78352,126.714225546253,126.714225546253,0.322302759265194
120,1,284519,121.036837610142,121.036837610142,0.29635361040702,284519,121.143174972497,121.143174972497,0.295154682146881
120,4,157908,122.908655672923,122.908655672923,0.219596373075477,157908,123.012678268359,123.012678268359,0.260923795810842
120,5,130391,122.420780575346,123.776535338448,0.458046182108512,130391,124.053293555537,124.053293555537,0.338056731554568
120,6,128852,124.550119516965,124.550119516965,0.351584674170868,128852,124.963306739515,124.963306739515,0.341039173328272
120,7,138783,121.520279861366,121.520279861366,0.28021719588654,138783,122.073913951997,122.073913951997,0.333558470576259
120,8,199856,121.36871047154,121.36871047154,0.39397422173633,199856,121.8526238892,121.8526238892,0.314540755430966
120,9,162530,119.628560881068,119.628560881068,0.276385943680438,162530,119.923312619209,119.923312619209,0.24731778859493
120,10,132216,122.212016699946,122.212016699946,0.307087443983083,132216,122.457652629031,122.457652629031,0.309624149305545
120,11,115440,126.149809424809,130.721466670189,0.585660079111248,115440,130.647461884962,130.647461884962,0.393328490743878
120,12,101780,123.253546865789,123.253546865789,0.36344163732817,101780,124.102318726665,124.102318726665,0.306680039577355
120,13,156583,121.496465133507,121.496465133507,0.219247116446171,156583,121.689800297606,121.689800297606,0.273503077906694
120,14,97624,126.848100876834,130.23156813486,0.512004474819249,97624,128.935589609113,131.490470644671,0.421485183455641
120,15,122404,128.014909643476,131.619484965377,0.530795841491615,122404,130.124791673475,131.198727718088,0.401987118980168
120,16,147677,121.916960664152,123.347455957196,0.421245806761628,147677,123.460667537938,123.460667537938,0.366176304331272
120,17,135243,127.651501371605,123.97359349317,0.609620282871035,135243,127.269832819444,123.951661489382,0.644535882695398
120,18,163714,124.901486739069,126.023454618622,0.410031530369346,163714,125.883253722956,125.883253722956,0.326194314333938
120,19,98623,123.947821502084,126.120010928908,0.491859063703582,98623,126.752806140555,126.752806140555,0.342798388826149
120,21,93014,125.138011482142,125.138011482142,0.606661079478008,93014,129.003504848732,129.003504848732,0.385469967684253
120,22,113076,124.908167957834,124.908167957834,0.327333552063803,113076,125.338648342708,125.338648342708,0.353221891592841
120,23,113719,124.750912336549,126.772990271174,0.462887303583916,113719,125.950878920849,127.592139880712,0.428487581640476
120,25,91170,125.800241307448,125.800241307448,0.324831246986368,91170,125.413206098497,125.413206098497,0.332385915661047
120,27,144544,121.032114788576,121.032114788576,0.321335916036193,144544,121.852667699801,121.852667699801,0.268851769322426
120,28,127960,120.120819005939,120.120819005939,0.322221434781857,127960,121.202461706783,121.202461706783,0.291582043155941
120,29,190481,120.299872428221,120.299872428221,0.370300024696239,190481,121.408975173377,121.408975173377,0.309500447888109
120,30,163124,121.108727103308,121.108727103308,0.231246734933641,163124,120.496947107722,120.496947107722,0.167103359610214
120,31,143111,121.355416425013,121.355416425013,0.320736491119171,143111,121.713558007421,121.713558007421,0.29190273257213
120,32,127183,121.057334706682,121.057334706682,0.264643861961968,127183,121.263667314028,121.263667314028,0.248511040107955
120,33,141575,121.488398375419,122.774052101941,0.436582270229893,141575,123.609655659544,123.609655659544,0.28210225766684
120,34,119902,122.887458090774,123.994969621059,0.405765880056977,119902,123.842529732615,123.842529732615,0.343531701476773
120,35,71509,128.138695828497,131.267854288446,0.485247736088758,71509,129.472793634368,131.522100712313,0.400275933788486
120,36,77639,128.159752186401,130.437199870229,0.440667163183322,77639,129.955061244993,129.955061244993,0.398780489651805
120,37,99818,127.868470616522,129.677528960901,0.42620681291903,99818,128.473010879801,128.473010879801,0.397435985366277
120,38,74702,125.170075767717,126.355798686337,0.401068760930072,74702,126.706513881824,126.706513881824,0.341823881737549
120,39,155087,119.916472689523,119.916472689523,0.348497843114992,155087,120.776783353859,120.776783353859,0.261847565305391
120,40,103425,127.693168963017,132.37610050263,0.569197761745593,103425,132.166246072033,135.137879564927,0.405657616366517
120,41,128365,122.532949012581,123.747152298049,0.40839829032807,128365,123.366182370584,123.366182370584,0.34908061584324
120,42,74465,124.974498086349,124.974498086349,0.362379640454044,74465,126.645471026657,126.645471026657,0.292340969290952
120,43,97834,127.862082711532,129.243478987097,0.405295369388386,97834,129.000439520003,129.000439520003,0.303725768551711
120,44,116210,124.687944238878,124.687944238878,0.331271925736773,116210,126.280965493503,126.280965493503,0.390620673153646
120,45,97841,123.370427530381,123.370427530381,0.268084936131028,97841,124.012745168181,124.012745168181,0.354643182286682
120,46,89626,122.532334367259,122.532334367259,0.503246709658643,89626,125.095307165331,125.095307165331,0.381235283618062
120,47,123311,122.581991874204,123.561086483477,0.40548719025777,123311,124.234569503126,124.234569503126,0.306207548613915
120,48,103807,122.881192983132,122.881192983132,0.38949937399138,103807,123.339293111255,123.339293111255,0.390473760707992
120,49,100047,122.796445670535,122.796445670535,0.277538857568258,100047,122.983977530561,122.983977530561,0.341120822619507
120,50,74146,127.624295309255,127.624295309255,0.378511464002813,74146,126.465338656165,127.627650359812,0.417213735141396
120,51,147507,121.893483021145,123.132307232918,0.417627033106166,147507,122.708115547059,122.708115547059,0.357369382046996
120,53,169645,122.634159568511,122.634159568511,0.267696661042185,169645,122.747354770256,122.747354770256,0.330858139094344
120,54,121592,120.977572537667,120.977572537667,0.484186966848191,121592,122.34526942562,122.34526942562,0.279479818063923
120,55,161476,119.843146969209,119.843146969209,0.252235803287312,161476,120.600875671926,120.600875671926,0.205928030540616
120,56,46711,126.772409068528,126.772409068528,0.26745863736401,46711,125.645201344437,125.645201344437,0.350904121804942
120,57,143373,119.448173644968,119.448173644968,0.323723786449212,143373,121.369316398485,121.369316398485,0.262200987556667
120,58,237706,119.19521173214,119.19521173214,0.17022722857351,237706,119.324956038131,119.324956038131,0.159468369498246
120,59,70206,127.784662279577,130.514316006345,0.467879162350959,70206,130.002820271772,130.002820271772,0.391158075841365
120,60,57635,129.639871605795,129.639871605795,0.349398670856257,57635,129.458055001301,131.522743603824,0.469139223614102
120,61,87977,125.298362071905,122.063735691239,0.669955403751168,87977,131.352694454232,134.284368389471,0.464627534493688
120,131,112345,129.259886955361,132.423241366465,0.518002175549573,112345,132.461142017891,134.270600247696,0.432026441226241
120,132,108557,121.532236520906,118.909997110125,0.650337259032521,108557,126.588372928508,127.94602941503,0.408874031152369
120,133,69517,126.461570551088,126.461570551088,0.475488123228312,69517,129.373922925328,129.373922925328,0.363935638063452
120,134,142612,120.275180209239,120.275180209239,0.383737385866065,142612,122.739538047289,122.739538047289,0.326181224046865
120,135,67135,128.435108363745,125.368601998589,0.497457309821674,67135,126.275638638564,126.275638638564,0.32085448199105
120,136,121487,125.135800538329,120.869449221698,0.628028554629537,121487,129.983455019879,132.558599553728,0.453869637082834
120,197,84261,125.201279358185,127.351580510818,0.479362074798797,84261,127.462728901864,127.462728901864,0.395195274711624
120,198,99716,124.026294676882,124.026294676882,0.321954829771298,99716,124.430282000882,124.430282000882,0.307666567101553
120,199,94857,125.912763422836,127.204237598641,0.402666667426321,94857,127.748178837619,127.748178837619,0.344749402861376
120,200,92886,126.725566823849,129.381116286165,0.49830964965421,92886,130.842247486166,130.842247486166,0.377436828884596
124,1,182350,124.252788593364,124.252788593364,0.346007781192812,182350,124.128988209487,124.128988209487,0.356231184967637
124,4,192046,120.342188850588,120.342188850588,0.26477622041871,192046,120.56791602012,120.56791602012,0.274876774356245
124,6,153981,120.420473954579,120.420473954579,0.202413371532395,153981,120.426318831544,120.426318831544,0.25461881164131
124,7,135306,121.189769854995,121.189769854995,0.305243357514291,135306,121.852637724861,121.852637724861,0.28678138473561
124,8,110660,123.471344659317,123.471344659317,0.351262423042716,110660,123.934953912886,123.934953912886,0.337831919116909
124,9,121446,124.464519210184,126.361510501945,0.478131652659014,121446,126.602860530606,126.602860530606,0.34878673746119
124,10,121991,125.176857309146,128.974590953754,0.586009546705253,121991,128.852562893984,128.852562893984,0.389993476090041
124,12,162415,120.738718714404,120.738718714404,0.224753962388297,162415,120.375070036635,120.375070036635,0.24360984955215
124,14,167758,120.516869538263,120.516869538263,0.34165543745821,167758,121.060235577439,121.060235577439,0.312786010121821
124,15,160006,121.264433833731,122.140194234478,0.40052403916671,160006,121.914028223942,121.914028223942,0.388343471216284
124,16,118285,127.538631271928,127.538631271928,0.36610811525314,118285,126.191410576151,126.191410576151,0.349110003054998
124,17,192543,121.373620438032,121.373620438032,0.346805457938966,192543,121.636231906639,121.636231906639,0.324905004990172
124,18,89809,127.21368682426,130.795710860165,0.535472612208586,89809,129.030063802069,131.209959241191,0.435920743304771
124,19,139074,125.108582481269,128.711868294416,0.585695077769222,139074,129.315903763464,131.35910731166,0.43552949771722
124,20,72494,124.1379700389,124.1379700389,0.348547014870205,72494,125.527285016691,125.527285016691,0.314894636796929
124,21,93312,126.983667695473,128.714943448202,0.440596572009887,93312,128.687885802469,128.687885802469,0.338996401759083
124,22,161981,120.502941703039,120.502941703039,0.339950208309128,161981,121.128823750934,121.128823750934,0.235791693964841
124,23,150845,121.92364347509,121.92364347509,0.38964310943692,150845,122.898471941397,122.898471941397,0.300790380211795
124,24,130034,129.068612824338,133.507005494495,0.54792522634817,130034,132.443845455804,135.506205496425,0.422189085334187
124,25,139887,123.158413576673,123.158413576673,0.291493651926687,139887,123.335313503042,123.335313503042,0.304421810585265
124,26,147774,122.651318905897,122.651318905897,0.237568653009802,147774,123.207201537483,123.207201537483,0.264366547768463
124,27,121561,121.591085956845,123.274334823185,0.482232450870667,121561,123.753926012455,123.753926012455,0.327523985785099
124,28,135942,122.35419517147,122.35419517147,0.324352400468429,135942,122.828485677715,122.828485677715,0.314013995917363
124,29,119087,126.713234861908,126.713234861908,0.387552163478732,119087,126.660365950943,126.660365950943,0.375328690381309
124,30,78896,124.468426789698,128.635626818394,0.607467658722841,78896,129.353858243764,129.353858243764,0.36557680627498
124,31,125746,122.327048176483,122.327048176483,0.338494703572163,125746,123.044573982473,123.044573982473,0.29036827275569
124,32,105508,120.220220267657,120.220220267657,0.445762016886573,105508,121.798783030671,121.798783030671,0.366314970353868
124,33,130988,125.562150731365,125.562150731365,0.366856257358488,130988,125.835236815586,125.835236815586,0.307657377556807
124,34,110453,124.863190678388,126.209039253263,0.412744073720277,110453,125.729396213774,125.729396213774,0.363359422872073
124,35,94348,122.94188536058,122.94188536058,0.374441843624709,94348,123.88173570187,123.88173570187,0.337104590406886
124,36,91400,125.796652078775,125.796652078775,0.549265182199357,91400,128.245809628009,130.159852287013,0.422877432436707
124,37,161959,120.445754789792,120.445754789792,0.292100388213277,161959,120.755129384597,120.755129384597,0.265399219087423
124,38,153859,119.567168641418,119.567168641418,0.259653488026239,153859,120.4531161648,120.4531161648,0.267412118233437
124,39,139068,119.983979060603,119.983979060603,0.221580750120348,139068,120.336921506026,120.336921506026,0.263677970973512
124,40,108997,120.472783654596,120.472783654596,0.247580500816181,108997,120.646861840234,120.646861840234,0.28140692846669
124,41,136624,122.253593804895,122.253593804895,0.263149927490298,136624,122.320031619628,122.320031619628,0.329218249023909
124,42,166545,122.311711549431,122.311711549431,0.309987547083735,166545,123.584430634363,123.584430634363,0.302500279310213
124,43,81802,123.70351580646,123.70351580646,0.308415647377913,81802,124.263220948143,124.263220948143,0.291483507732792
124,44,82802,126.779618849786,128.903966898315,0.460693046641443,82802,127.987029298809,127.987029298809,0.398150142405122
124,45,118911,120.858734683923,120.858734683923,0.388312658370376,118911,122.126851174408,122.126851174408,0.313624314267773
124,46,126903,127.575006107027,129.844890095969,0.451270590251511,126903,129.085616573288,129.085616573288,0.373543655114084
124,47,121536,123.641941482359,123.641941482359,0.32319106894688,121536,123.273285281727,123.273285281727,0.238409330823049
124,48,101740,126.78795950462,126.78795950462,0.385202180112914,101740,127.004649105563,127.004649105563,0.373706805781087
124,49,212302,121.023824551818,121.023824551818,0.298403472952459,212302,121.431545628397,121.431545628397,0.272725570548133
124,50,117441,125.053260786267,127.110714994136,0.468039189304017,117441,126.449698146303,127.908686317965,0.400386176402985
124,51,66054,123.403790837799,123.403790837799,0.334060310477194,66054,125.064205044358,125.064205044358,0.300994588487343
124,52,79759,126.601750272696,127.919002977844,0.408753203486295,79759,127.531651600446,128.846188420096,0.400682518518243
124,53,128289,119.300766238727,119.300766238727,0.325962934045684,128289,121.416964821614,121.416964821614,0.267931929693891
124,54,111623,124.514831172787,124.514831172787,0.380806811901892,111623,124.959739480215,124.959739480215,0.356926277327825
124,55,143576,119.749798016382,119.749798016382,0.295845627660041,143576,120.489893854126,120.489893854126,0.134015986647456
124,56,82128,127.97378482369,129.29449178776,0.406339972411243,82128,127.638138028443,129.821818811104,0.441962519117441
124,57,55670,127.268205496677,129.032127504892,0.441555848240731,55670,128.827537273217,128.827537273217,0.36206870772183
124,58,140855,120.074566043094,120.074566043094,0.396164023307522,140855,122.348890703205,122.348890703205,0.260163291253233
124,59,124266,121.137350522267,121.137350522267,0.305401821479769,124266,123.303075660277,123.303075660277,0.332667653887487
124,60,141912,121.636796042618,121.636796042618,0.327125663263439,141912,121.781984610181,121.781984610181,0.338978550846925
124,61,136671,118.921146402675,118.921146402675,0.183590303469069,136671,118.981971303349,118.981971303349,0.182962727260433
124,219,92963,125.029753773006,125.029753773006,0.361463073740978,92963,126.455536073492,126.455536073492,0.333758212258671
124,220,166959,121.183560035697,121.183560035697,0.48490989270398,166959,123.587293886523,123.587293886523,0.358758274138726
124,221,83812,123.627093972224,123.627093972224,0.26802593294339,83812,123.89407244786,123.89407244786,0.324685170885352
124,222,70307,128.95122818496,131.659802942519,0.459474514269545,70307,125.286728206295,125.286728206295,0.382760153656236
124,223,88540,124.286819516603,124.286819516603,0.607926972302228,88540,129.343788118365,131.738409607758,0.410039990908832
124,224,106020,128.44450103754,131.681617561612,0.52110023172649,106020,131.702725900773,131.702725900773,0.396350255331373
124,225,113264,121.41294674389,119.094522567156,0.623205454057674,113264,126.151707515186,126.151707515186,0.389309353357621
124,226,133610,125.283953296909,126.747606863597,0.430286041617475,133610,126.989933388219,126.989933388219,0.318803969779498
124,227,87885,124.986721283495,126.913561394655,0.409331994784484,87885,129.004778972521,129.004778972521,0.324021990435883
128,3,142667,126.455487253534,126.455487253534,0.394173018344345,142667,126.60990978993,126.60990978993,0.375417494571659
128,4,137965,121.536244699743,121.536244699743,0.316936629960692,137965,122.272163229805,122.272163229805,0.259521195216933
128,5,216435,120.92821863377,120.92821863377,0.295486476915643,216435,121.131891791993,121.131891791993,0.308036543174466
128,6,176460,120.011215006234,120.011215006234,0.203718907940317,176460,119.881451887113,119.881451887113,0.222246131935113
128,7,131992,121.229445723983,121.229445723983,0.459460688517706,131992,123.273895387599,123.273895387599,0.319284698440724
128,8,141174,120.417279385723,120.417279385723,0.240849356211292,141174,120.819924348676,120.819924348676,0.225919566741556
128,11,112630,123.466962620971,123.466962620971,0.266333217948075,112630,123.547616088076,123.547616088076,0.283289061666247
128,12,143000,120.49786013986,120.49786013986,0.321061305534633,143000,120.684755244755,120.684755244755,0.343393707768058
128,13,107942,124.38836597432,124.38836597432,0.395462099276018,107942,126.697624650275,126.697624650275,0.263611212205334
128,14,148092,124.733179374983,124.733179374983,0.345353314173305,148092,125.008717553953,125.008717553953,0.387310749740088
128,16,141418,122.052390784766,122.052390784766,0.292432427871616,141418,122.398485341329,122.398485341329,0.325901146429323
128,17,114535,125.499270965207,128.090435172762,0.489626308234426,114535,127.41759287554,127.41759287554,0.394661211907656
128,18,143516,120.869254995959,120.869254995959,0.392975817811022,143516,121.770011706012,121.770011706012,0.288559676248731
128,19,140977,124.258254892642,124.258254892642,0.373878808896032,140977,124.751604871717,124.751604871717,0.38478379764455
128,20,181103,119.972733748199,119.972733748199,0.213109978682138,181103,120.289271850825,120.289271850825,0.243305396229877
128,21,126329,121.88788005921,121.88788005921,0.271492394625956,126329,122.596885909015,122.596885909015,0.271152721303828
128,22,186734,121.104469459231,121.104469459231,0.293488430852669,186734,121.421396210653,121.421396210653,0.325496931121338
128,23,108045,128.590189272988,130.384719898449,0.420054911719063,108045,127.394030265167,127.394030265167,0.444920101074398
128,24,134384,120.754978271223,120.754978271223,0.229471936935252,134384,121.277086557924,121.277086557924,0.205220721979447
128,25,115198,125.701609402941,128.137161426898,0.49277273485449,115198,129.020417021129,129.020417021129,0.384662794577009
128,26,142325,121.774164763745,121.774164763745,0.289055676339673,142325,121.86348146847,121.86348146847,0.345657241051884
128,27,131062,129.290938639728,129.290938639728,0.5805609609672,131062,133.196731318002,136.383925090099,0.43701991731395
128,28,68143,124.942723390517,124.942723390517,0.332877739960055,68143,126.330819012958,126.330819012958,0.334754736278835
128,29,82402,127.455243804762,129.809840803304,0.463132756965739,82402,128.711002160142,130.67240620146,0.405630590175594
128,30,105815,122.630298161886,122.630298161886,0.354892785629582,105815,123.487709681992,123.487709681992,0.327880093854149
128,31,300246,123.747124024966,123.747124024966,0.369525975287364,300246,123.885150842975,123.885150842975,0.368944772935171
128,32,134185,120.923285016954,120.923285016954,0.237556100830373,134185,120.898766628163,120.898766628163,0.291191726351292
128,33,163520,119.905167563601,119.905167563601,0.252056558201233,163520,120.066059197652,120.066059197652,0.262081574933835
128,34,134666,122.849769058263,122.849769058263,0.627450030986473,134666,126.027861524067,127.761579534828,0.417284828308122
128,35,178550,121.499859983198,122.735520292123,0.424882319151047,178550,122.303724446934,122.303724446934,0.379051808396571
128,36,126284,121.799808368439,121.799808368439,0.36008696554293,126284,122.811060783631,122.811060783631,0.300289318752004
128,37,117433,130.208280466308,133.30897251538,0.483749215491371,117433,132.651273492119,134.139584446482,0.405093355624848
128,38,154582,124.449923018204,121.445039203276,0.582505498765657,154582,128.006016224399,125.262399900834,0.546084352552031
128,39,108107,120.074722265903,120.074722265903,0.472865288002843,108107,121.88719509375,121.88719509375,0.375122017803454
128,40,82493,127.384917508152,131.809630784491,0.555802321905133,82493,129.958081291746,133.178448273548,0.43330355851768
128,41,97460,125.268304945619,125.268304945619,0.394096766198681,97460,126.452534373076,126.452534373076,0.371529261367697
128,42,83466,125.855510028035,125.855510028035,0.659692380858211,83466,130.969844008339,133.55646731126,0.417572821837248
128,43,123518,123.384769831118,123.384769831118,0.370802882584831,123518,124.213070159815,124.213070159815,0.254578183155027
128,44,112953,120.553265517516,120.553265517516,0.384688994374722,112953,123.344453002576,123.344453002576,0.32630665310656
128,45,137720,119.169968051118,119.169968051118,0.213459867710878,137720,119.709214347952,120.188286685927,0.475446954304588
128,46,92862,126.487863711744,126.487863711744,0.363851831979176,92862,127.419288837199,127.419288837199,0.364552405110963
128,47,87669,129.247852718749,130.590246450784,0.400312030382054,87669,130.479143140677,130.479143140677,0.385718182869458
128,48,128504,120.551772707464,120.551772707464,0.438449269746387,128504,121.724063064185,121.724063064185,0.382779844715389
128,49,129715,123.135296611803,123.135296611803,0.276606192657908,129715,123.326323092935,123.326323092935,0.341980289303658
128,50,187260,119.964610701698,119.964610701698,0.30970603567275,187260,120.372466089928,120.372466089928,0.279733393058647
128,51,112827,120.877325462877,120.877325462877,0.355880736049058,112827,122.083224760031,122.083224760031,0.334324361354551
128,52,159896,118.777424075649,118.777424075649,0.191872122556663,159896,118.845093060489,118.845093060489,0.20123459849073
128,53,87428,124.333131262296,124.333131262296,0.373618036325243,87428,125.499851306218,125.499851306218,0.294160563229327
128,54,180184,121.198347245038,121.198347245038,0.334758053915173,180184,121.373729076944,121.373729076944,0.347611527442326
128,55,102369,125.510437730172,128.177996664686,0.487043485030935,102369,127.428889605252,129.322882119907,0.40228581349172
128,56,117543,124.06997439235,124.06997439235,0.301654012942959,117543,124.139293705282,124.139293705282,0.269013232928054
128,57,116977,121.217085409952,121.217085409952,0.275461769221012,116977,122.946057772041,122.946057772041,0.335137927774685
128,263,122255,125.387869616785,125.387869616785,0.359642855195145,122255,125.834010878901,125.834010878901,0.369212408850293
128,264,59863,127.858944590148,130.146012967528,0.450432142598969,59863,129.661978183519,129.661978183519,0.348609665797257
128,265,103297,123.209996418095,123.209996418095,0.569785439920399,103297,129.062654288121,130.6037460607,0.40061580307796
128,266,93194,124.50566560079,124.50566560079,0.301827592351194,93194,125.038736399339,125.038736399339,0.280117306509768
128,267,55606,127.392871272884,125.490422568805,0.449582380191841,55606,125.292971981441,125.292971981441,0.293711538042532
128,268,108885,124.040170822427,124.040170822427,0.634495921335609,108885,129.067594250815,130.653089996475,0.436125737397847
128,269,114815,120.284570831337,120.284570831337,0.383350242340131,114815,123.289970822628,123.289970822628,0.3703972303841
128,270,150675,125.788584702174,125.788584702174,0.369827575738409,150675,127.898516674963,127.898516674963,0.329962408301324
128,272,111280,125.824469805895,125.824469805895,0.376033463363054,111280,127.95318116463,127.95318116463,0.289627537616258
128,273,122858,124.938245779681,127.515419333949,0.499986306248111,122858,128.182910351788,128.182910351788,0.372978944175128
128,274,85941,127.387777661419,123.308811757355,0.627994452120926,85941,131.909321511269,134.43528862945,0.447609769302007
128,275,117041,119.239343477927,119.239343477927,0.316645122677755,117041,121.651370032724,121.651370032724,0.304610880689332
132,1,273445,119.905904295196,119.905904295196,0.228541524110128,273445,120.166004132458,120.166004132458,0.219731783951251
132,2,146740,119.222672754532,119.222672754532,0.261659151490882,146740,119.599202671392,119.599202671392,0.258431268747846
132,5,150227,122.066525990667,122.066525990667,0.319501206715518,150227,122.738695440899,122.738695440899,0.243764269391511
132,6,170677,119.521734035635,119.521734035635,0.227660737621498,170677,119.854444359814,119.854444359814,0.227404182003224
132,7,164110,126.936201328377,126.936201328377,0.339788327939131,164110,126.511364328804,126.511364328804,0.360874798395588
132,8,100801,124.713098084344,124.713098084344,0.341536711619834,100801,125.036696064523,125.036696064523,0.309370272566314
132,9,112297,127.566310765203,125.290050859452,0.42326838467624,112297,128.322003259214,128.322003259214,0.39186439013
132,10,120584,128.762704836463,128.762704836463,0.535282082870843,120584,132.669947920122,132.669947920122,0.37186980768789
132,11,101487,131.400750835082,134.058068166159,0.458393519268587,101487,133.395863509612,133.395863509612,0.38403475443385
132,12,195799,120.679809396371,120.679809396371,0.28578440628522,195799,120.801995924392,120.801995924392,0.295329436773183
132,14,171692,119.109801272045,119.109801272045,0.192103376507823,171692,119.633739486988,119.633739486988,0.129187677152404
132,15,125264,123.60457912888,122.285321472343,0.614246884023887,125264,125.545104738792,123.095617625114,0.657731437158625
132,17,85726,128.652497492009,128.652497492009,0.626711905620717,85726,129.947180551991,133.40216440992,0.468401063031489
132,18,89231,126.539229639923,126.539229639923,0.350585969074099,89231,127.063699835259,127.063699835259,0.330318720454442
132,19,104531,121.644344739838,121.644344739838,0.361299158404854,104531,122.337708430992,122.337708430992,0.289765577956016
132,20,241266,120.208239039069,120.208239039069,0.408505212959023,241266,120.972984175143,120.972984175143,0.354581170768464
132,21,125895,125.53880614798,125.53880614798,0.506450485411791,125895,128.722737201636,128.722737201636,0.380378456857097
132,22,149487,122.208499735763,122.208499735763,0.331416324557652,149487,121.994996220407,121.994996220407,0.360114638322928
132,23,87452,125.982436079221,125.982436079221,0.277643810399285,87452,126.443214563418,126.443214563418,0.317221088659254
132,24,119268,122.935514974679,122.935514974679,0.319534015047569,119268,123.116041184559,123.116041184559,0.297914898369247
132,25,113417,127.702928132467,127.702928132467,0.50371555932267,113417,131.134027526738,133.225878689042,0.411209231860579
132,26,51792,120.032784986098,120.032784986098,0.228829180761868,51792,120.969570590053,120.969570590053,0.217558346665548
132,27,73230,123.630943602349,123.630943602349,0.394309239327243,73230,124.798716373071,124.798716373071,0.367267373890754
132,28,110660,125.477498644497,127.321566190553,0.43893687282962,110660,126.976820892825,126.976820892825,0.392004346178429
132,29,110238,126.070511076035,129.919302081941,0.570687327199139,110238,130.015811244761,132.021392977906,0.400933086317655
132,30,118464,123.098958333333,123.098958333333,0.320984235159183,118464,122.972540180983,122.972540180983,0.339466509307319
132,31,122457,126.139534693811,126.139534693811,0.372542494490898,122457,127.8924030476,127.8924030476,0.287091836211038
132,32,136154,120.753507058184,120.753507058184,0.353099110835233,136154,122.067695403734,122.067695403734,0.280171755112878
132,33,165252,122.477797545567,122.477797545567,0.26289253735082,165252,122.38259143611,122.38259143611,0.250933730902818
132,34,160712,120.126400019911,121.200999964756,0.429289796186364,160712,120.907580018916,120.907580018916,0.33505367384646
132,35,110856,123.243360756296,125.52696141476,0.521100142624732,110856,126.179106227899,126.179106227899,0.376262223936082
132,36,236501,120.845045052664,120.845045052664,0.298206186614525,236501,120.908917932694,120.908917932694,0.325716311249295
132,37,140566,121.630813994849,121.630813994849,0.25970363884016,140566,121.274838865729,121.274838865729,0.244369127523267
132,38,144154,121.309641078291,121.309641078291,0.261231935715044,144154,121.862945183623,121.862945183623,0.264642982072652
132,39,126751,124.464556492651,124.464556492651,0.501055262895813,126751,126.70923306325,128.377364478489,0.435242265696527
132,40,148953,120.67066792881,120.67066792881,0.291637830424622,148953,121.372372493337,121.372372493337,0.303138970014671
132,41,129210,119.790921755282,119.790921755282,0.235793254568516,129210,119.852991254547,119.852991254547,0.21125659120224
132,42,111253,128.540893279282,130.372809079111,0.434039406969403,111253,127.164480957817,128.786739711755,0.445827655404667
132,43,121787,124.856019115341,127.149689857278,0.491312503447653,121787,124.270505062117,122.218286524621,0.484525312408651
132,44,127094,120.193950933954,120.193950933954,0.319416073686821,127094,120.873023116748,120.873023116748,0.260011618849832
132,45,113864,125.621908592707,125.621908592707,0.356123956219793,113864,125.777761188787,125.777761188787,0.368767056457136
132,46,64188,119.193369477161,119.193369477161,0.129768993849767,64188,119.152754408924,119.152754408924,0.112558672621047
132,47,88379,124.396723203476,124.396723203476,0.397022860398785,88379,125.511954197264,125.511954197264,0.366753504230881
132,48,95014,127.452691182352,127.452691182352,0.38841216595142,95014,126.869208748184,128.099809350563,0.421159964674708
132,49,57638,119.176584891912,119.176584891912,0.252682168358504,57638,119.342864082723,119.342864082723,0.261106199815011
132,50,122650,120.730370974317,120.730370974317,0.307143918919054,122650,120.949620872401,120.949620872401,0.299477116339268
132,51,117924,120.298039415217,120.298039415217,0.467616339267486,117924,122.255842746176,122.255842746176,0.379189125191178
132,52,61184,130.766621992678,132.901708389352,0.414685915929668,61184,132.283963127615,134.753160906771,0.436827047275801
132,53,182597,119.94752378188,119.94752378188,0.266542807354275,182597,120.290776956905,120.290776956905,0.25884016705084
132,54,137017,122.490041381726,122.490041381726,0.583138129430211,137017,125.442908544195,125.442908544195,0.395110113035442
132,55,99365,126.540180143914,127.75694211821,0.410334275553815,99365,128.528022945705,128.528022945705,0.344544595523604
132,56,68598,125.056065774512,125.056065774512,0.28188577283631,68598,124.622248462054,124.622248462054,0.29055749700274
132,57,125917,120.064248671744,121.459329344946,0.466519723253439,125917,121.559320822447,121.559320822447,0.306056396050098
132,58,67254,124.594596603919,124.594596603919,0.319222988194171,67254,125.108618074761,125.108618074761,0.183355463877994
132,59,62813,127.451801378695,127.451801378695,0.373444391452583,62813,127.7264260583,127.7264260583,0.359510683050471
132,61,70147,121.89717307939,121.89717307939,0.358994235231061,70147,124.262776740274,124.262776740274,0.356795272117605
132,62,27920,126.183918338109,126.183918338109,0.364017738017385,27920,127.71808739255,127.71808739255,0.301578911340111
132,63,80709,121.231634638021,121.231634638021,0.515951320839153,80709,122.300747128573,122.300747128573,0.269619971969649
132,64,53041,126.088063950529,126.088063950529,0.352853641238669,53041,126.546859976245,126.546859976245,0.357422373635236
132,294,107280,128.162798284862,128.162798284862,0.342309158941612,107280,128.277777777778,128.277777777778,0.330082524936451
132,295,92878,125.278483602145,127.107397929423,0.464475399048018,92878,128.892837916406,128.892837916406,0.349898431738122
132,368,134295,124.430537250084,124.430537250084,0.382386948021234,134295,126.086972709334,126.086972709334,0.232012451153302
132,369,155847,119.446514851104,119.446514851104,0.396671785935243,155847,122.426488799913,122.426488799913,0.301163510412244
132,370,121940,120.568566508119,120.568566508119,0.378403412540222,121940,123.892291290799,122.478556488054,0.525062543836707
132,371,65972,128.600542654459,131.410480409945,0.478745765340376,65972,128.095373794943,128.095373794943,0.306504037302444
132,411,30461,120.317816224024,120.317816224024,0.20621963774238,30461,121.800334854404,121.800334854404,0.30486058362087
132,414,90669,123.862786619462,126.419656899145,0.512169676672672,90669,126.197377273379,126.197377273379,0.377133948846702
132,415,31644,123.558526102895,123.558526102895,0.380440490359508,31644,125.774933636708,125.774933636708,0.315883593350409
136,1,188614,119.340626888778,119.340626888778,0.21008674233191,188614,119.598916305258,119.598916305258,0.193141713079172
136,2,92813,120.206059495976,120.206059495976,0.228758273846481,92813,120.897363515887,120.897363515887,0.19674990002246
136,3,320694,123.442914429331,123.442914429331,0.430316372065951,320694,123.733602749038,123.733602749038,0.402985556219229
136,4,163796,120.751721653764,120.751721653764,0.321399075465504,163796,120.679741874038,120.679741874038,0.332181450459623
136,5,125065,120.037380562108,120.037380562108,0.257221269611038,125065,120.240035181706,120.240035181706,0.238655532120082
136,7,147450,124.926551373347,127.497338813225,0.51186356202844,147450,128.663899626992,130.105741101864,0.404603376967725
136,8,122404,129.394104767818,129.394104767818,0.564412348652846,122404,133.594139080422,133.594139080422,0.393567970703874
136,10,142995,132.259071995524,134.932350289116,0.450078498998578,142995,133.604188957656,136.226564209831,0.422680183332183
136,12,140188,122.75034953063,122.75034953063,0.536224185325658,140188,125.329222187348,125.329222187348,0.390128789105536
136,14,100339,120.353102980895,120.353102980895,0.376992292437532,100339,122.985568921357,122.985568921357,0.302049048818519
136,15,162759,127.585276390246,127.585276390246,0.332820852587775,162759,126.751712654907,126.751712654907,0.357726006921914
136,16,194121,120.071836637973,120.071836637973,0.316252602645753,194121,120.249591749476,120.249591749476,0.290340357091109
136,17,112990,122.335357111249,122.335357111249,0.348116965235469,112990,122.467643154261,122.467643154261,0.345616642813391
136,18,106253,128.108373410633,128.108373410633,0.394541016410584,106253,128.36858253414,128.36858253414,0.391679544317499
136,19,116904,126.663099637309,129.496391939787,0.513226816998017,116904,130.166273181414,130.166273181414,0.388346781721583
136,20,129163,122.418238969364,122.418238969364,0.327281015879415,129163,122.571239441636,122.571239441636,0.303266157059971
136,21,87472,129.9051353576,132.999386055247,0.494888973856249,87472,131.800644777757,134.092862581546,0.436470208481105
136,23,118041,123.825518252133,123.825518252133,0.384952350829584,118041,126.086707161071,126.086707161071,0.31711100763815
136,24,124847,122.713617467781,122.713617467781,0.260416746881608,124847,121.955217185835,121.955217185835,0.247625113943165
136,25,152020,119.049348769899,119.049348769899,0.243157291400997,152020,119.517602946981,119.517602946981,0.184139224521978
136,26,90086,127.45092467198,127.45092467198,0.287144537058455,90086,126.736418533401,126.736418533401,0.262895562824245
136,27,103866,119.880134018832,119.880134018832,0.434768445521683,103866,121.515240791019,121.515240791019,0.283723392374271
136,29,98815,124.002691899003,120.90256571122,0.612298897127967,98815,126.833739816829,126.833739816829,0.492861242794333
136,30,65813,120.227751356115,120.227751356115,0.303048828959969,65813,120.69750657165,120.69750657165,0.210531134139712
136,31,80750,125.325808049536,127.274389835261,0.456829466097356,80750,128.259851393189,128.259851393189,0.356406299493039
136,32,142624,120.042461296836,120.042461296836,0.306802232029492,142624,122.287342943684,122.287342943684,0.311014735745158
136,33,83074,122.312793413102,123.721963601824,0.422686823289084,83074,125.651286804536,125.651286804536,0.32549407636801
136,34,143917,120.096771055539,120.096771055539,0.39317532670152,143917,120.916604709659,120.916604709659,0.290689371356765
136,35,154749,121.486407020401,121.486407020401,0.307792141188798,154749,121.644475893221,121.644475893221,0.303139828176748
136,36,86433,119.32179838719,119.32179838719,0.276333614509016,86433,119.869008364861,119.869008364861,0.20658193392813
136,37,174872,120.771981792397,120.771981792397,0.398931306432954,174872,121.32871471705,121.32871471705,0.359249967116992
136,38,75896,127.924897227785,127.924897227785,0.392654108736633,75896,129.228602297881,129.228602297881,0.366034543404243
136,39,88212,126.820228540335,126.820228540335,0.327274313602484,88212,126.616968212942,126.616968212942,0.34137948525191
136,40,115475,123.660662481057,123.660662481057,0.27724821181801,115475,123.676146352024,123.676146352024,0.290621989285054
136,41,160283,123.354416875152,124.797266613195,0.437378116841404,160283,125.246844643537,125.246844643537,0.308495499685746
136,42,140729,119.810643151021,119.810643151021,0.235877131785321,140729,119.642355164891,119.642355164891,0.233364013468525
136,43,111803,118.654392100391,118.654392100391,0.189635940734059,111803,118.674123234618,118.674123234618,0.214008772638373
136,44,204678,119.858187005931,119.858187005931,0.304366866045474,204678,120.270219564389,120.270219564389,0.272938637488707
136,45,97783,126.568933250156,129.116408315089,0.460047423723195,97783,127.317386457769,127.317386457769,0.384257004591946
136,46,141787,124.760154315981,124.760154315981,0.370034756878697,141787,127.646970455684,127.646970455684,0.321273673545739
136,47,87197,123.814179386906,123.814179386906,0.30452006334373,87197,124.421906716974,124.421906716974,0.325524724010078
136,48,97516,119.837185692604,119.837185692604,0.183272174364148,97516,119.977870298207,119.977870298207,0.192779944033824
136,49,130172,123.155824601297,123.155824601297,0.332190438491784,130172,123.215445717973,123.215445717973,0.323338631982577
136,50,128322,121.863086610246,121.863086610246,0.298769892062422,128322,121.882335063356,121.882335063356,0.315831552633223
136,51,120527,126.630937466294,126.630937466294,0.344242317462067,120527,126.16892480523,127.289336825692,0.400499004410477
136,52,82573,130.559844016809,132.632408224053,0.426796299445572,82573,129.08597241229,130.644670326862,0.438032009618631
136,53,121604,119.611641064439,119.611641064439,0.408664907817882,121604,120.968010920693,120.968010920693,0.320012509221812
136,54,57491,125.770137934633,125.770137934633,0.285012289165751,57491,125.862343671183,125.862343671183,0.254984703015078
136,55,48134,124.04680683093,124.04680683093,0.288383382300141,48134,124.081501641252,124.081501641252,0.377378973532372
136,56,132424,119.092770192714,119.092770192714,0.279024317254313,132424,118.958836766749,118.958836766749,0.227816222029559
136,57,181897,121.107918217453,121.107918217453,0.307334292155387,181897,121.124988317564,121.124988317564,0.308124100063815
136,58,113806,120.055287067466,120.055287067466,0.463590613323147,113806,121.963947419292,121.963947419292,0.289427861071348
136,59,87682,130.562646837435,133.822367758101,0.489452964517522,87682,131.822848475172,135.526523907752,0.478599543781282
136,60,40726,128.431959927319,128.431959927319,0.338858664326145,40726,127.460025536512,127.460025536512,0.353857740226387
136,61,58528,126.58088436304,126.58088436304,0.291867544800432,58528,126.435535128486,126.435535128486,0.314062542174072
136,325,32075,122.456648480125,122.456648480125,0.275694013799152,32075,123.298113795791,123.298113795791,0.255969516822435
136,326,85526,121.8964876178,121.8964876178,0.532570534176642,85526,127.038947220728,127.038947220728,0.391768355335788
136,327,91709,119.253780981147,119.253780981147,0.285261032405187,91709,121.946548321321,121.946548321321,0.333439109323727
136,328,103373,122.596509726911,122.596509726911,0.257373335294654,103373,123.265243342072,123.265243342072,0.230732646853955
136,329,127603,127.133437301631,127.133437301631,0.312593592835248,127603,127.010187848248,127.010187848248,0.333354097616694
136,330,81476,124.059244440081,126.023727885756,0.447468806218055,81476,128.17576955177,128.17576955177,0.321709701690022
136,374,119806,121.888452999015,121.888452999015,0.334395392062987,119806,121.999474149876,121.999474149876,0.325326527586619
136,375,104621,121.909196050506,121.909196050506,0.303204147679557,104621,123.037831792852,123.037831792852,0.249536665960252
136,376,58721,126.547674596822,128.42421999913,0.434869207860984,58721,129.562490420803,129.562490420803,0.343149957744986
136,378,61196,120.290378456108,120.290378456108,0.29043012691924,61196,122.173851232107,122.173851232107,0.245644857215742
136,380,47761,123.837126525827,123.837126525827,0.394931384935146,47761,126.16678880258,126.16678880258,0.303447821850182
136,381,48382,125.673556281262,125.673556281262,0.405360788002447,48382,127.931834153197,127.931834153197,0.35022812465933
136,382,27777,125.323469057134,125.323469057134,0.531137452765903,27777,131.755625157504,133.891587782176,0.412554508025224
136,383,54905,122.672871323195,122.672871323195,0.434399195190365,54905,126.929897094982,124.990178951436,0.475014194582029
136,384,142090,124.717524104441,124.717524104441,0.370165699399532,142090,125.94428179323,125.94428179323,0.342442262382876
136,385,27335,120.664605816718,120.664605816718,0.325520213675887,27335,122.166087433693,122.166087433693,0.288848055925352
140,1,163317,120.478174348047,120.478174348047,0.292278761161952,163317,120.751624142006,120.751624142006,0.292123609529119
140,2,140571,130.486238271052,130.486238271052,0.478183567744408,140571,131.811661011162,135.163862959575,0.400058064083984
140,3,147506,124.306075685057,125.504262207635,0.401070633186534,147506,125.617595216466,125.617595216466,0.351167168045748
140,6,164852,121.515359231311,121.515359231311,0.160728885835762,164852,121.141162982554,121.141162982554,0.192866169052582
140,7,91320,125.699091108191,126.892379876929,0.416774007206614,91320,127.921802452913,127.921802452913,0.343056754007839
140,8,84090,120.723974313236,120.723974313236,0.285547338364775,84090,121.147211321203,121.147211321203,0.256100929506842
140,9,117353,118.798914386509,118.798914386509,0.238668558355988,117353,118.652015713275,118.652015713275,0.214480657167023
140,10,230883,119.743545432102,119.743545432102,0.252970371367625,230883,120.074539918487,120.074539918487,0.248042654284508
140,11,143913,122.913649218625,122.913649218625,0.270443536476564,143913,123.639601703807,123.639601703807,0.328568130211999
140,12,135978,120.434114342026,120.434114342026,0.270806548063764,135978,120.940541852358,120.940541852358,0.284059082325812
140,13,124941,128.801938514979,133.342118736356,0.554392487589935,124941,132.373488286471,134.227575986456,0.422160835119618
140,15,120609,119.930925552819,119.930925552819,0.227034083453522,120609,120.057126748418,120.057126748418,0.250444845303412
140,16,170281,126.669135135453,126.669135135453,0.349141064182167,170281,128.600530887181,128.600530887181,0.311300644081165
140,17,98008,125.409497183903,127.460234856712,0.442650127186831,98008,127.051393763774,127.051393763774,0.386373085668284
140,18,124265,119.907697259888,119.907697259888,0.215810718254427,124265,119.861787309379,119.861787309379,0.16589778760805
140,20,110474,126.698517298188,126.698517298188,0.324414958090818,110474,125.753227003639,125.753227003639,0.364008753701386
140,21,151955,119.10212233885,119.819707843406,0.405118458070524,151955,120.014109440295,120.691212765814,0.439967853822471
140,22,124654,121.728328011937,122.883401517991,0.436300970879617,124654,122.693784395206,122.693784395206,0.323571012551648
140,23,159369,120.839485721815,120.839485721815,0.298648549176599,159369,122.180154233257,122.180154233257,0.383310840854085
140,24,54261,120.480418716942,120.480418716942,0.25802100832483,54261,120.277915998599,120.277915998599,0.19311656248948
140,25,94930,122.227040977562,122.227040977562,0.584747187968607,94930,125.414094596018,125.414094596018,0.392136669665204
140,26,181417,122.900411758545,122.900411758545,0.303777920393877,181417,122.751660538979,122.751660538979,0.278691429071161
140,28,135460,118.872309168758,118.872309168758,0.18618178241043,135460,119.363989369556,119.363989369556,0.179696883903764
140,29,82814,125.458328301978,125.458328301978,0.517182759042739,82814,127.908566184462,129.976127787225,0.423645159077564
140,30,154844,119.592654542636,119.592654542636,0.374237245030832,154844,120.493367518276,120.493367518276,0.272297458695582
140,31,186063,123.482943949093,123.482943949093,0.38393727634506,186063,124.754497132692,124.754497132692,0.351103278713939
140,32,132563,120.574881377157,120.574881377157,0.382527583560971,132563,122.336790808898,122.336790808898,0.273572144391757
140,33,84897,121.184176119298,121.184176119298,0.329275951377578,84897,121.500995323745,121.500995323745,0.337356419632453
140,34,123063,125.134670859641,126.446995335074,0.4205960761843,123063,126.71966391198,126.71966391198,0.350915064072696
140,35,64896,120.648607001972,120.648607001972,0.215590272857361,64896,121.524577785996,121.524577785996,0.291698442024463
140,36,72411,121.154410241538,121.154410241538,0.506726857459129,72411,123.441935617517,123.441935617517,0.36659347562075
140,37,86062,124.761044363366,124.761044363366,0.637685298716677,86062,131.095768167135,131.095768167135,0.393709338278046
140,38,101891,120.453886996889,120.453886996889,0.349240262646565,101891,121.411812623294,121.411812623294,0.246307224536921
140,39,98235,123.160004071868,123.160004071868,0.26314849433235,98235,123.18519875808,123.18519875808,0.277341929141617
140,40,103699,122.778898542898,122.778898542898,0.371135221441439,103699,124.856623496851,124.856623496851,0.318527830014613
140,41,50834,122.049848526577,122.049848526577,0.352517860917709,50834,122.928591100445,122.928591100445,0.313600229787529
140,42,121504,123.354202330787,123.354202330787,0.267592503093321,121504,123.452882209639,123.452882209639,0.318769426017572
140,43,235054,119.692938643886,119.692938643886,0.20944727129361,235054,119.624979791878,119.624979791878,0.226311388194719
140,44,103172,119.557379909278,119.557379909278,0.370523065151447,103172,121.172711588415,121.172711588415,0.327791541963589
140,45,91538,120.239823898272,120.239823898272,0.311792302601656,91538,121.082512180734,121.082512180734,0.267090417080055
140,46,152788,122.435669031599,123.781550861694,0.434490976006865,152788,122.861324187763,124.115569969068,0.419307378365925
140,47,160485,123.365760039879,125.726379765241,0.488685152247658,160485,125.134056142319,125.134056142319,0.381589869969692
140,48,92457,120.248169419298,120.248169419298,0.317326330738362,92457,121.217506516543,121.217506516543,0.305757891580741
140,49,107873,123.322443985056,124.437025392115,0.410595208414948,107873,126.556302318467,126.556302318467,0.33904785285349
140,50,85922,133.124484998021,138.064129032319,0.540510100370873,85922,136.796152324201,136.796152324201,0.416804958173288
140,51,144385,128.941780655885,130.878631732063,0.40585856698144,144385,127.983218478374,131.73214806942,0.493302755841884
140,52,96594,122.097594053461,124.410005761889,0.528069057769385,96594,124.485413172661,124.485413172661,0.38992660578803
140,53,85268,129.58990477084,132.64102769586,0.476529124219812,85268,131.913578364685,133.78352523872,0.404944050063541
140,54,126774,122.660766403206,122.660766403206,0.394379227577158,126774,123.056470569675,123.056470569675,0.383468275586559
140,55,113100,120.707524314766,122.477133430123,0.475134770052651,113100,123.234040671972,123.234040671972,0.352877752162896
140,56,93784,125.714674144843,125.714674144843,0.369097631468274,93784,125.041894139725,125.938959212112,0.405570461757179
140,57,161357,118.995382908706,118.995382908706,0.204143615828875,161357,119.198683664173,119.198683664173,0.208225486449156
140,58,96364,120.754119795774,118.808339891432,0.551320826741008,96364,125.06838653439,125.06838653439,0.355019121807242
140,59,58000,119.51875862069,119.51875862069,0.234720181941829,58000,120.039724137931,120.039724137931,0.272519585300634
140,60,56496,126.74130911923,126.74130911923,0.279610744433822,56496,126.846431605777,126.846431605777,0.367063637627496
140,61,112887,122.960358588677,122.960358588677,0.291785326438283,112887,123.872598261979,123.872598261979,0.365842433598279
140,62,140675,119.628356140039,119.628356140039,0.379273349269059,140675,121.123134885374,121.123134885374,0.309714913923246
140,63,42140,125.629259610821,127.957664441622,0.475112342870763,42140,127.355908875178,127.355908875178,0.348028589087043
140,64,117233,120.307925242892,121.651045096256,0.467065889237421,117233,122.13523495944,122.13523495944,0.339747400895909
140,65,121675,119.583587425519,119.583587425519,0.174975474493114,121675,119.737078282309,119.737078282309,0.14825846001993
140,66,52388,123.951191112469,123.951191112469,0.303753035242142,52388,124.656448041536,124.656448041536,0.281755870245608
140,67,42069,126.745156766265,126.745156766265,0.381452064496063,42069,128.661793719841,128.661793719841,0.35659190965411
140,359,63671,121.528278180019,121.528278180019,0.382827176248522,63671,122.265631135054,122.265631135054,0.321441827662917
140,360,92724,126.182444674518,126.182444674518,0.53750345550622,92724,130.111114706009,130.111114706009,0.383845917602023
140,361,139728,127.676199473262,127.676199473262,0.399290871780296,139728,127.892262109241,127.892262109241,0.369919995734917
140,362,93653,124.047953616008,124.047953616008,0.311207814454603,93653,124.985275431647,124.985275431647,0.309402085696866
140,363,86600,125.836016166282,125.836016166282,0.391225638345025,86600,129.033152424942,129.033152424942,0.329046927939723
140,364,99391,125.864776488817,125.864776488817,0.309202703829659,99391,127.091175257317,127.091175257317,0.27947988826657
140,366,97105,124.744266515627,124.744266515627,0.328418537837061,97105,125.740888728696,125.740888728696,0.312536810702653
140,367,127178,120.343101794335,119.314240395221,0.452056611797507,127178,124.135613077734,124.135613077734,0.361877691385175
140,409,115024,128.384006815969,130.633220231118,0.421965702129745,115024,129.481516900821,131.453724440156,0.407990900382956
140,410,103341,121.752866722792,121.752866722792,0.533440736217849,103341,125.33400102573,125.33400102573,0.317771133292075
