Frame,ID,Volume_nowarp,MeanIntensity_nowarp,GMMIntensity_nowarp,Bimodality_nowarp,Volume_rigid,MeanIntensity_rigid,GMMIntensity_rigid,Bimodality_rigid
32,1,200367,120.502527861374,120.502527861374,0.0823158381350935,200367,123.037935388562,123.037935388562,0.138638279689647
32,2,133001,121.091540665108,121.091540665108,0.157090666217401,133001,123.167209269103,123.167209269103,0.160157989385927
32,3,159763,119.933307461678,119.933307461678,0.103698401074482,159763,122.128671845171,122.128671845171,0.086906071764931
32,4,187640,121.479023662332,121.479023662332,0.121030865977786,187640,123.439991473033,123.439991473033,0.161228330322037
32,5,158459,122.554793353486,122.554793353486,0.288086547533134,158459,122.809565881395,122.809565881395,0.105879476917073
32,6,139995,121.543862280796,121.543862280796,0.0841385978215172,139995,122.526468802457,122.526468802457,0.0905690892015403
32,7,120513,123.145146166804,123.145146166804,0.212963983930432,120513,123.574552123007,123.574552123007,0.153960544620689
32,8,162313,122.486806355622,122.486806355622,0.163024206138778,162313,122.554108420151,122.554108420151,0.129969014868306
32,9,134869,122.236844641838,122.236844641838,0.102027234855874,134869,122.921234679578,122.921234679578,0.0784840702097681
32,10,176344,120.124875243842,120.124875243842,0.0760325341803447,176344,122.173150206415,122.173150206415,0.0574028684323844
32,11,207375,121.493622664256,121.493622664256,0.14056985968833,207375,123.782943942134,123.782943942134,0.203801429173664
32,12,164650,120.619884603705,120.619884603705,0.104735777092475,164650,123.176853932584,123.176853932584,0.124662692815854
32,13,160611,122.314187695737,122.314187695737,0.150969505634755,160611,122.861784062113,122.861784062113,0.124743826242483
32,14,138298,121.547383187031,121.547383187031,0.160780578083537,138298,122.253864842586,122.253864842586,0.0865354650815808
32,15,123254,122.221501939085,122.221501939085,0.132462703808588,123254,122.729323186266,122.729323186266,0.0881739957327846
32,16,167056,122.326776649746,122.326776649746,0.1724975500929,167056,123.896675366344,123.896675366344,0.129351238503003
36,1,213214,120.465705816691,120.465705816691,0.0814052128085302,213214,122.874581406474,122.874581406474,0.112498848337137
36,2,171657,121.068532014424,121.068532014424,0.144789329927648,171657,122.230115870602,122.230115870602,0.0935905922986297
36,3,152553,121.923272567567,121.923272567567,0.11384267384434,152553,122.282813186237,122.282813186237,0.0923328586973407
36,4,136869,122.899480525174,122.899480525174,0.108058227520994,136869,123.475184300316,123.475184300316,0.163605779986677
36,5,173698,122.604503218229,122.604503218229,0.111924670395388,173698,122.987950350609,122.987950350609,0.170208544566161
36,6,184359,119.912941597644,119.912941597644,0.0983876596594429,184359,122.018946728936,122.018946728936,0.100524651487473
36,7,203071,121.179060525629,121.179060525629,0.124081448205244,203071,123.387972679506,123.387972679506,0.144306365103405
36,8,178716,123.86437700038,123.86437700038,0.352504674699972,178716,123.500050359229,123.500050359229,0.0976348296586088
36,9,176352,122.147914398476,122.147914398476,0.251126929848118,176352,127.185163763382,127.185163763382,0.179279791720874
36,10,134005,120.621529047424,120.621529047424,0.110722863558002,134005,123.004067012425,123.004067012425,0.121544215041518
36,11,187550,120.557259397494,120.557259397494,0.0784414564652436,187550,123.152386030392,123.152386030392,0.1434848868638
36,12,182988,122.111930836995,122.111930836995,0.131834386226824,182988,123.739124969943,123.739124969943,0.15105761776246
36,13,124627,121.562261789179,121.562261789179,0.139197534188316,124627,123.224509937654,123.224509937654,0.111710527873794
36,14,191267,120.194325210308,120.194325210308,0.0750711812372937,191267,122.154632006567,122.154632006567,0.0769463364961444
36,15,116568,122.309064237183,122.309064237183,0.173141555672599,116568,122.838360441974,122.838360441974,0.0983312852545843
36,16,240468,121.525184224096,121.525184224096,0.135694166210717,240468,123.147217093335,123.147217093335,0.147649632432516
40,1,196871,121.917377368937,121.917377368937,0.158534979850227,196871,122.926764226321,122.926764226321,0.137021926808235
40,2,130464,121.223870186412,121.223870186412,0.118613380564957,130464,127.609631775816,127.609631775816,0.231681324777497
40,3,200296,120.119657906299,120.119657906299,0.069532801714859,200296,122.091025282582,122.091025282582,0.0996413697430261
40,4,176543,120.743524240553,120.743524240553,0.104952829429315,176543,123.72967492339,123.72967492339,0.117470224943483
40,5,164005,122.131831346605,122.131831346605,0.207446334814008,164005,122.805182768818,122.805182768818,0.107531311288257
40,6,173949,121.488533995596,121.488533995596,0.161680817746052,173949,121.937740372178,121.937740372178,0.1817592827581
40,7,141786,124.322133355903,124.322133355903,0.187295406939186,141786,122.453606138829,122.453606138829,0.113962423207026
40,8,138426,121.92744137662,121.92744137662,0.112320911735793,138426,123.825343504833,123.825343504833,0.201186134261064
40,9,130633,120.50185634564,120.50185634564,0.0719110041169838,130633,122.933209832125,122.933209832125,0.124142455165196
40,10,135124,121.730817619372,121.730817619372,0.121436621308924,135124,122.456077380776,122.456077380776,0.0661636770898
40,11,199700,120.776970455684,120.776970455684,0.0964417796491117,199700,123.573850776164,123.573850776164,0.161591455240044
40,12,171581,122.551133283988,122.551133283988,0.219645872180734,171581,135.05481376143,135.05481376143,0.385907540236299
40,13,113269,120.667720205882,120.667720205882,0.0865126903191936,113269,122.971589755361,122.971589755361,0.232190382399352
40,14,148793,122.711310343901,122.711310343901,0.217595190252477,148793,122.95843218431,122.95843218431,0.0975350129686691
40,15,135919,120.073845452071,120.073845452071,0.0905134921173708,135919,122.267541697629,122.267541697629,0.136441252387221
40,16,88153,119.707247626286,119.707247626286,0.0925485170726093,88153,123.251335745806,123.251335745806,0.150787723557999
40,17,75196,123.150393637959,123.150393637959,0.150158389102079,75196,123.780679823395,123.780679823395,0.147971575032609
44,1,212489,120.72053612187,120.72053612187,0.0694799540376169,212489,144.424389027197,149.965347983047,0.457232303170028
44,2,198389,120.49699832148,120.49699832148,0.0779866335479174,198389,122.961827520679,122.961827520679,0.141259156270861
44,3,169784,120.563675022381,120.563675022381,0.0845963889786834,169784,124.523117608255,124.523117608255,0.150289715114968
44,4,156792,120.092345272718,120.092345272718,0.061124829693706,156792,122.492627174856,122.492627174856,0.117040271707048
44,5,152068,120.285543309572,120.285543309572,0.197954770398778,152068,122.392416550491,122.392416550491,0.110969748320938
44,6,186543,120.527331499976,120.527331499976,0.0756629195133596,186543,123.364832773141,123.364832773141,0.118733227722418
44,7,203932,119.896901908479,119.896901908479,0.0867851120742214,203932,121.911460682973,121.911460682973,0.0660251909967722
44,8,215959,121.674822535759,121.674822535759,0.217010036644492,215959,123.462347019573,123.462347019573,0.105634857621503
44,9,153155,119.974411543861,119.974411543861,0.0897278616341708,153155,122.886507133296,122.886507133296,0.126693507218876
44,10,112826,120.590112208179,120.590112208179,0.115166321488382,112826,124.092673674508,124.092673674508,0.192007488910623
44,11,88294,121.953484948015,121.953484948015,0.178862384468713,88294,143.431988583596,147.950757854692,0.425244204417421
44,12,98776,133.786668826436,140.151090546903,0.571358609515976,98776,122.981736454199,122.981736454199,0.108411888685602
44,13,116646,120.735644599901,120.735644599901,0.0863776518765086,116646,123.484860175231,123.484860175231,0.147207091413862
44,14,101604,141.69151805047,148.019637399759,0.524892620409975,101604,122.346334789969,122.346334789969,0.0984561089087314
44,15,133306,123.31939297556,122.653110801797,0.457177817047761,133306,123.304464915308,123.304464915308,0.159575053779114
44,16,129687,120.538966897222,120.538966897222,0.0534930853680659,129687,121.847725677979,121.847725677979,0.11774818722897
44,17,152354,121.636714493876,121.636714493876,0.100094846670844,152354,123.903888312745,123.903888312745,0.196305866813905
44,18,93117,120.717334106554,120.717334106554,0.13488073500816,93117,122.784131791187,122.784131791187,0.125525914341061
44,19,45683,120.19309152201,120.19309152201,0.126411231501221,45683,122.467000853709,122.467000853709,0.177186540478465
44,20,82198,121.342782062824,121.342782062824,0.132454047785602,82198,138.224470181756,141.698505923443,0.43152627780271
44,21,95643,122.798762063089,121.961548855968,0.442406564581538,95643,121.045272523865,121.045272523865,0.0913455922931032
44,22,50806,122.826457505019,122.826457505019,0.102862510992451,50806,124.95409990946,124.95409990946,0.293107707649584
48,1,199759,120.521353230643,120.521353230643,0.0683871259366408,199759,122.847175846896,122.847175846896,0.155286633509916
48,2,276255,120.743429078207,120.743429078207,0.0945699959653176,276255,139.225469222277,142.947700813909,0.428392371535963
48,3,155206,120.114815148899,120.114815148899,0.116086559721921,155206,122.583572800021,122.583572800021,0.155410320341766
48,4,166407,120.250614457325,120.250614457325,0.1357639563026,166407,122.585251822339,122.585251822339,0.119225853990966
48,5,255226,120.015985832164,120.015985832164,0.0846775717610617,255226,122.13343468142,122.13343468142,0.0739125134708443
48,6,198234,120.570497492862,120.570497492862,0.0466499152484265,198234,123.929447017162,123.929447017162,0.159800940039094
48,7,189975,120.53880773786,120.53880773786,0.0935361457814669,189975,132.534780892223,132.534780892223,0.392181805067046
48,8,146980,121.309715607566,121.309715607566,0.163424560200941,146980,122.941094026398,122.941094026398,0.1009895888969
48,9,155688,120.508992343662,120.508992343662,0.0913498401972774,155688,121.797505266944,121.797505266944,0.101783075733718
48,10,136725,120.703528981532,120.703528981532,0.109764097918202,136725,122.483700859389,122.483700859389,0.149502183478888
48,11,117219,120.966182956688,120.966182956688,0.120601989037314,117219,123.387283631493,123.387283631493,0.102775460316012
48,12,114726,120.681170789533,120.681170789533,0.067660649652237,114726,124.174711922319,124.174711922319,0.119983114031068
48,13,163441,120.093813669765,120.093813669765,0.0759100703706653,163441,123.573130365086,123.573130365086,0.122214616208195
48,14,105031,122.207986213594,122.207986213594,0.190696302422923,105031,143.772238672392,148.057490033167,0.428116571165348
48,15,107349,120.023372364903,120.023372364903,0.0938528956712118,107349,121.241883948616,121.241883948616,0.103265946982717
48,16,94398,124.514883789911,123.621494618661,0.463508830973733,94398,122.584758151656,122.584758151656,0.151643723429847
48,17,86651,133.404207683697,126.207457297238,0.690171637449789,86651,123.605417133097,123.605417133097,0.128409478147111
48,18,75900,121.201646903821,121.201646903821,0.132798033815762,75900,123.071119894598,123.071119894598,0.105889601533445
48,19,126142,130.170577603019,130.170577603019,0.649497637063077,126142,121.986412138701,121.986412138701,0.11239853639068
48,20,80248,122.202297876583,122.202297876583,0.131228681459517,80248,122.434689961121,122.434689961121,0.0693035642410523
48,21,119365,120.921702341557,120.921702341557,0.113336167914655,119365,121.250575964479,121.250575964479,0.0955819934592314
48,22,85544,123.513396614608,123.513396614608,0.150359266913117,85544,124.225766856822,124.225766856822,0.200758085542875
48,23,115903,121.983451679422,121.983451679422,0.0902200126103134,115903,122.126640380318,122.126640380318,0.154453957474708
48,24,119495,121.876999037617,121.876999037617,0.0681794506270323,119495,137.316414912758,141.648587032102,0.454742339701483
52,1,102842,120.552711927034,120.552711927034,0.0770934494461562,102842,123.8330740359,123.8330740359,0.120699959137802
52,2,235064,122.556231494402,122.556231494402,0.168222900167346,235064,149.14966987714,158.019481280747,0.507927325715165
52,3,116389,121.974782840303,121.974782840303,0.11910220762192,116389,122.283428846369,122.283428846369,0.149257751908366
52,4,180375,120.249047817048,120.249047817048,0.0835345285865488,180375,126.482616770617,126.482616770617,0.198836841000802
52,5,100259,120.368306087234,120.368306087234,0.143023729149555,100259,143.118034291186,149.040892439737,0.451423134735695
52,6,195863,120.359424699918,120.359424699918,0.0948989582810009,195863,123.648488994859,123.648488994859,0.150911778554799
52,7,126304,121.244980364834,121.244980364834,0.136293919252966,126304,123.137747023055,123.137747023055,0.0651397048570062
52,8,172788,120.317770910017,120.317770910017,0.117072608288671,172788,122.450413223141,122.450413223141,0.106488377516853
52,9,155215,121.198034983732,121.198034983732,0.168610012875542,155215,122.974197081468,122.974197081468,0.100869530061195
52,10,129259,121.508939416211,121.508939416211,0.11831181776304,129259,121.239310222112,121.239310222112,0.159872813836794
52,11,142046,121.084233276544,121.084233276544,0.312287168466377,142046,122.184757050533,122.184757050533,0.147885091541393
52,12,132084,121.287377729324,121.287377729324,0.182912308662333,132084,123.383748220829,123.383748220829,0.136039109726955
52,13,129484,122.15147817491,122.15147817491,0.143120596124406,129484,139.524628525532,143.144899513022,0.404608694074863
52,14,115022,126.135669697971,123.707069556744,0.681639441669904,115022,122.470353497592,122.470353497592,0.148648794776262
52,15,168955,120.145583143441,120.145583143441,0.168635923741825,168955,122.117451392383,122.117451392383,0.0947198918447278
52,16,113048,120.651475479442,120.651475479442,0.0600313229530949,113048,122.900750123841,122.900750123841,0.0732252970486298
52,17,181312,120.350578009178,120.350578009178,0.0587783517423842,181312,122.31915703318,122.31915703318,0.101854757576645
52,18,111908,120.634521213854,120.634521213854,0.103975357026615,111908,121.328081995925,121.328081995925,0.11602244848641
52,19,93325,123.005668363247,123.005668363247,0.107028599254401,93325,123.673667291722,123.673667291722,0.145504325935593
52,20,172811,120.495072651625,120.495072651625,0.0955019165285734,172811,121.762561411021,121.762561411021,0.104268108367506
52,21,130357,122.214311467739,122.214311467739,0.132989633507399,130357,122.002585208313,122.002585208313,0.202619832100349
52,22,129782,123.894145567182,123.894145567182,0.260080403371722,129782,121.85312292922,121.85312292922,0.136210782739969
52,23,103913,120.766872287394,120.766872287394,0.107303248839059,103913,143.033739763071,135.322466256072,0.522791755611712
52,24,93277,125.357183442864,123.522606844435,0.6520524949757,93277,124.193005778488,124.193005778488,0.145882644564035
52,25,114367,122.042503519372,122.042503519372,0.147079549852891,114367,136.410572979968,139.312354121978,0.416304648560512
56,1,245291,121.180165599227,121.180165599227,0.119590205656134,245291,122.420186635466,122.420186635466,0.128131038388455
56,2,180284,120.647511703756,120.647511703756,0.0782847556840664,180284,121.947272081826,121.947272081826,0.064159037305038
56,3,200602,120.427483275341,120.427483275341,0.107661251217855,200602,131.69115462458,131.69115462458,0.341302879505432
56,4,168909,120.768070381093,120.768070381093,0.12761878233445,168909,122.934911698015,122.934911698015,0.147255133118727
56,5,135645,122.47400199049,122.47400199049,0.173444174980218,135645,123.711489549928,123.711489549928,0.140303932759781
56,6,84061,123.070734347676,123.070734347676,0.281760527204018,84061,182.189743162703,199.528155589535,0.485578149564557
56,7,135215,121.772621380764,121.772621380764,0.124201322762681,135215,122.874621898458,122.874621898458,0.199027110332035
56,8,194360,120.339951636139,120.339951636139,0.101782615627159,194360,122.639591479728,122.639591479728,0.135581054761319
56,9,125895,122.833504110568,122.833504110568,0.202626046638358,125895,138.393740815759,142.461980671287,0.446191417041804
56,10,126940,122.336820545139,122.336820545139,0.181496455362194,126940,136.113951473137,136.113951473137,0.397754000884738
56,11,111150,121.517345928925,121.517345928925,0.0777888612295302,111150,139.061205578048,143.552341012431,0.424320518528277
56,12,96503,120.550594282043,120.550594282043,0.0575039419676561,96503,122.246448296944,122.246448296944,0.119986563047787
56,13,151249,121.262368676818,121.262368676818,0.182281638394138,151249,122.840990684236,122.840990684236,0.0817007062651704
56,14,111167,128.606079142191,124.14718511332,0.79242545294407,111167,122.352415734885,122.352415734885,0.0948780476579259
56,15,115751,121.718101787458,121.718101787458,0.149684981426223,115751,123.171445603062,123.171445603062,0.177724970943421
56,16,159551,120.129156194571,120.129156194571,0.0778194721538634,159551,121.424033694555,121.424033694555,0.0815515076659979
56,17,148404,127.466732702623,122.531310969085,0.697492210089455,148404,121.991320988653,121.991320988653,0.144034755310378
56,18,88618,120.672865557787,120.672865557787,0.193003042687124,88618,122.869665305017,122.869665305017,0.177983098180561
56,19,125782,120.640775309663,120.640775309663,0.11948441440803,125782,122.512458062362,122.512458062362,0.0924183459505478
56,20,139155,120.223901404908,120.223901404908,0.0944474956644064,139155,122.715231216988,122.715231216988,0.150543916133056
56,21,105493,120.501862682832,120.501862682832,0.0812295541547345,105493,122.865621415639,122.865621415639,0.052976222881458
56,22,88966,121.968561023312,121.968561023312,0.139155647195719,88966,177.895105995549,192.371477548633,0.485867062049072
56,23,149960,120.410676180315,120.410676180315,0.0938758801065066,149960,122.34551213657,122.34551213657,0.125882663272365
56,24,182412,120.052414314848,120.052414314848,0.0808324894559685,182412,122.371357147556,122.371357147556,0.0534044337683269
56,25,143830,120.791420426893,120.791420426893,0.133754570654467,143830,135.376903288605,138.112504126836,0.425665828879305
56,26,77884,122.55803502645,122.55803502645,0.197379763588053,77884,123.042345025936,123.042345025936,0.102502304482027
56,27,113434,133.861188003597,138.188766353121,0.504734420411933,113434,122.301549799884,122.301549799884,0.135441586241889
56,28,121596,120.732474752459,120.732474752459,0.0855605579176731,121596,122.144486660745,122.144486660745,0.173628784305387
60,1,290714,121.179389365493,121.179389365493,0.093304009114835,290714,122.626495456015,122.626495456015,0.183665956993802
60,2,137760,122.472894889663,122.472894889663,0.187785824894022,137760,132.720238095238,132.720238095238,0.395541008669283
60,3,168698,120.66304283394,120.66304283394,0.0780958290547226,168698,122.079105857805,122.079105857805,0.17983518041819
60,4,109667,121.619922127896,121.619922127896,0.100586048692978,109667,191.548697420373,213.7454380879,0.510530243223273
60,5,139248,125.44408537286,125.44408537286,0.374977423567817,139248,122.871847351488,122.871847351488,0.149237075704749
60,6,139228,121.510184732956,121.510184732956,0.186498408726051,139228,122.329732525067,122.329732525067,0.134007638373121
60,7,124502,121.582239642737,121.582239642737,0.13526863263488,124502,142.190663603798,146.089380087648,0.428527576918094
60,8,134077,120.19438084086,120.19438084086,0.0990175915563584,134077,121.822624312895,121.822624312895,0.089697936621539
60,9,115744,122.383112731545,122.383112731545,0.101279356080808,115744,173.806573126901,193.180455175171,0.52384813727046
60,10,147578,120.515225846671,120.515225846671,0.104611520429516,147578,122.473098971391,122.473098971391,0.151940742131545
60,11,161770,120.834239970328,120.834239970328,0.129795228355248,161770,121.903016628547,121.903016628547,0.178567375361998
60,12,180342,120.096111831964,120.096111831964,0.0868184744704409,180342,121.392831398121,121.392831398121,0.135751800563656
60,13,145093,123.724555974444,123.014271725604,0.491256175715384,145093,138.757452116918,143.412656879873,0.458673643937246
60,14,120566,121.324278818241,121.324278818241,0.227290471190599,120566,122.990818306985,122.990818306985,0.22159524661482
60,15,147447,121.787360882215,121.787360882215,0.144184834999311,147447,136.021506032676,138.778962361862,0.422040321366306
60,16,94981,120.222570829955,120.222570829955,0.113341234130352,94981,122.41527252819,122.41527252819,0.112691229023031
60,17,171761,120.284441753367,120.284441753367,0.186302130943412,171761,122.624780945616,122.624780945616,0.1614484582111
60,18,130545,120.448634570455,120.448634570455,0.0666926973147293,130545,122.454226511931,122.454226511931,0.131447361474282
60,19,109410,120.66455534229,120.66455534229,0.0614631725799286,109410,123.604030710173,123.604030710173,0.186419683568841
60,20,100102,120.24174342171,120.24174342171,0.0787844543546187,100102,122.566502167789,122.566502167789,0.120422306282494
60,21,124899,122.441877036646,122.441877036646,0.110544299640019,124899,123.349346271788,123.349346271788,0.223649158315266
60,22,130613,122.977858253007,122.977858253007,0.208122065903115,130613,123.123747253336,123.123747253336,0.151683784491135
60,23,109315,127.859323972008,124.612437613073,0.68914283198605,109315,123.064364451356,123.064364451356,0.178548377644954
60,24,137143,125.745827348097,123.030750046943,0.673078888780074,137143,122.404475620338,122.404475620338,0.196692984780157
60,25,165129,120.075880069521,120.075880069521,0.0597211244673071,165129,122.112645265217,122.112645265217,0.140688883277073
60,26,72998,120.912367462122,120.912367462122,0.124305458242369,72998,128.197525959615,128.197525959615,0.334980629063736
60,27,148085,121.828260796164,121.828260796164,0.137573977957829,148085,128.636823445994,128.636823445994,0.335411897173314
60,28,116202,169.622984113871,196.551518341281,0.717632072295652,116202,122.683998554242,122.683998554242,0.181218073621239
60,29,69409,120.285524931925,120.285524931925,0.118689639039192,69409,128.941635810918,128.941635810918,0.422262955156005
60,30,67045,120.515325527631,120.515325527631,0.121983225331597,67045,124.206339026027,125.477738826161,0.404697309066316
60,31,65896,121.028029015418,121.028029015418,0.114422101852055,65896,123.532126380964,123.532126380964,0.32358894506039
64,1,305588,121.802649318691,121.802649318691,0.140704199764245,305588,123.493258897601,123.493258897601,0.170147187550144
64,2,152091,120.466227455931,120.466227455931,0.109785204640107,152091,121.9015523601,121.9015523601,0.162870297494826
64,3,192554,120.691047706098,120.691047706098,0.0863804768357558,192554,121.897098995606,121.897098995606,0.150471425370969
64,4,118383,121.598388282101,121.598388282101,0.103767008843349,118383,195.515918670755,217.257878634763,0.505633815852971
64,5,190916,120.187312744872,120.187312744872,0.083835508520243,190916,122.74771103522,122.74771103522,0.154699149060203
64,6,168338,124.475685822571,122.795221572516,0.694806881899904,168338,135.426011952144,139.053619585329,0.449211823291789
64,7,141509,121.484251885039,121.484251885039,0.0915786847055688,141509,144.161544495403,144.161544495403,0.334102551989303
64,8,166536,121.179576788202,121.179576788202,0.108907675958526,166536,122.627125666523,122.627125666523,0.129134364659561
64,9,160738,122.512461272381,122.512461272381,0.132254028551625,160738,122.609326979308,122.609326979308,0.146309885321895
64,10,144955,123.482936083612,122.127678798057,0.533956200316644,144955,123.182401434928,123.182401434928,0.208313858994873
64,11,149791,124.622253673452,122.890913690078,0.612999246098296,149791,122.239700649572,122.239700649572,0.158906389060037
64,12,144647,120.437568701736,120.437568701736,0.0890957469533738,144647,122.310106673488,122.310106673488,0.0872193660586988
64,13,115799,120.481377213966,120.481377213966,0.0832550425707159,115799,123.160968574858,123.160968574858,0.21274018565709
64,14,152344,142.236898072783,126.391154602503,0.845596779412754,152344,122.448439058972,122.448439058972,0.0968521244533715
64,15,159915,121.491117155989,121.491117155989,0.104351676232367,159915,122.878835631429,122.878835631429,0.229795728127637
64,16,97679,120.156051966134,120.156051966134,0.103227871862862,97679,135.853182362637,138.8257128456,0.434169090985807
64,17,141924,122.453277810659,121.587426782688,0.445939718829934,141924,131.462656069446,131.462656069446,0.342174095536069
64,18,163570,121.675478388458,121.675478388458,0.129101776627784,163570,134.238631778443,136.484239741018,0.416913730316029
64,19,117781,122.344656608451,122.344656608451,0.134589272421777,117781,170.510651123696,170.510651123696,0.521560960908831
64,20,125890,129.834736674875,123.941177064615,0.6702382372281,125890,123.431956469934,123.431956469934,0.196124561417563
64,21,157557,120.423338855144,120.423338855144,0.0916503396242765,157557,122.452636188808,122.452636188808,0.127483214160207
64,22,111576,120.599179034918,120.599179034918,0.102683339693516,111576,123.530185703019,123.530185703019,0.153512663709713
64,23,100773,120.445000148849,120.445000148849,0.0913424812067401,100773,123.343544401774,123.343544401774,0.187009515247234
64,24,86391,121.820606313158,121.820606313158,0.144681248179911,86391,124.234434142445,124.234434142445,0.238458887377399
64,25,95788,120.446412911847,120.446412911847,0.0976569287253657,95788,122.450192090867,122.450192090867,0.153811170517032
64,26,166310,120.078413805544,120.078413805544,0.0653267941038559,166310,122.496987553364,122.496987553364,0.161620140112911
64,27,159669,120.715311049734,120.715311049734,0.0738028780532452,159669,121.88563841447,121.88563841447,0.14789362000814
64,28,182941,120.103694633789,120.103694633789,0.0756455002019899,182941,121.318053361466,121.318053361466,0.140105297399342
64,29,139370,126.628061993255,122.833833020209,0.655878678990324,139370,123.118511874865,123.118511874865,0.175244030335575
64,30,104951,120.566626330383,120.566626330383,0.105168983453388,104951,134.006907985631,134.006907985631,0.380562470603501
64,31,160883,123.397133320488,121.733261054979,0.66246979007557,160883,138.225872217699,140.911401024561,0.407615642421232
68,1,161492,120.460691551284,120.460691551284,0.0604966948593602,161492,122.542373616031,122.542373616031,0.072569470101874
68,2,159047,120.10906210114,120.10906210114,0.0878441324258366,159047,122.259363584349,122.259363584349,0.152682991776561
68,3,186100,121.476963997851,121.476963997851,0.0877062011856698,186100,132.214750134336,132.214750134336,0.375764854960107
68,4,209080,120.228749760857,120.228749760857,0.0942056873331834,209080,123.3696862445,123.3696862445,0.155112582736981
68,5,134275,122.606427108546,122.606427108546,0.10219796253526,134275,194.696570471048,218.124919675051,0.523850553648657
68,6,206883,120.285277185656,120.285277185656,0.0955522772748563,206883,121.645190759995,121.645190759995,0.0874794602533313
68,7,166809,121.810040225647,121.810040225647,0.152391847448722,166809,121.917912103064,121.917912103064,0.153670982564219
68,8,136922,126.189290252845,123.585065496969,0.5307903868693,136922,126.661566439287,126.661566439287,0.228533543718177
68,9,165548,123.468945562616,123.468945562616,0.196098131627705,165548,123.621904221132,123.621904221132,0.125835758999726
68,10,148518,120.273791728949,120.273791728949,0.0864480633244252,148518,122.335992943616,122.335992943616,0.134545813731382
68,11,139819,128.451533768658,123.225397584999,0.783011517399233,139819,123.169926833978,123.169926833978,0.170836313814568
68,12,153732,125.870742591003,124.516485588373,0.552926961832626,153732,123.893620066089,123.893620066089,0.148872561641907
68,13,174412,120.590131412976,120.590131412976,0.0988154233422734,174412,122.555363163085,122.555363163085,0.132771627698212
68,14,191550,121.106249021143,121.106249021143,0.11777181059306,191550,123.085220569042,123.085220569042,0.0911511598311179
68,15,164996,121.62066959199,121.62066959199,0.159619876609968,164996,131.639179131615,131.639179131615,0.34698954629886
68,16,109331,120.382736826701,120.382736826701,0.113085317747144,109331,136.005798904245,139.161866001416,0.423330773473913
68,17,165818,127.079526951236,127.079526951236,0.546715053543365,165818,122.262239322631,122.262239322631,0.191477252711772
68,18,146367,123.398040541925,123.398040541925,0.243967044526948,146367,137.01330217877,139.588515044488,0.419921937478224
68,19,164953,123.365364679636,122.270126865359,0.516496510693493,164953,160.311458415427,167.002370478876,0.442660398082454
68,20,105868,120.31327691087,120.31327691087,0.0800099170059843,105868,123.037631767862,123.037631767862,0.133894454568269
68,21,113271,120.691792250444,120.691792250444,0.0623158840226957,113271,134.751480961588,134.751480961588,0.37575201165953
68,22,187847,120.191879561558,120.191879561558,0.0621839408834724,187847,122.660010540493,122.660010540493,0.139688910596862
68,23,125509,120.387972177294,120.387972177294,0.083014620841678,125509,123.230836035663,123.230836035663,0.112256202909066
68,24,108092,120.312520815602,120.312520815602,0.103490891517061,108092,123.200634644562,123.200634644562,0.122769343787429
68,25,98850,121.190217501265,121.190217501265,0.109853238081432,98850,124.3331107739,124.3331107739,0.215507986309073
68,26,119498,122.626303369094,122.626303369094,0.158493148442531,119498,170.974928450685,170.974928450685,0.499300932631188
68,27,188197,120.690287305324,120.690287305324,0.0951899608651635,188197,122.447153780347,122.447153780347,0.116289413416997
68,28,124960,120.598287451985,120.598287451985,0.0647847611137427,124960,124.35204865557,124.35204865557,0.146012957426513
68,29,119096,121.88975280446,121.88975280446,0.0997009727519077,119096,141.237908913817,141.237908913817,0.388498190758213
68,30,158579,129.530700786359,126.425279597108,0.757470041336542,158579,123.350519299529,123.350519299529,0.184012276368913
68,31,85775,120.729454969397,120.729454969397,0.109121312235924,85775,124.593611192072,124.593611192072,0.169027762416621
68,32,125003,123.382342823772,123.382342823772,0.23941732289106,125003,124.394870523107,124.394870523107,0.278382117041926
72,1,178484,128.25615741467,124.565130713515,0.673975796249724,178484,137.581794446561,141.477413382728,0.456821103609412
72,2,139801,120.538222187252,120.538222187252,0.129520150841813,139801,123.998683843463,123.998683843463,0.243249221350532
72,3,224521,120.224820840812,120.224820840812,0.087234966732243,224521,123.677517915919,123.677517915919,0.177430546165105
72,4,205978,121.147039975143,121.147039975143,0.099818621194676,205978,123.098996009283,123.098996009283,0.185248450521485
72,5,241815,120.365312325538,120.365312325538,0.103559899103949,241815,121.951251990158,121.951251990158,0.134711490744028
72,6,179099,120.453391699563,120.453391699563,0.0761266151452602,179099,122.250291738089,122.250291738089,0.102225170063261
72,7,195458,122.398571560131,122.398571560131,0.159096430574635,195458,122.060197075587,122.060197075587,0.179408208149599
72,8,107686,120.923564808796,120.923564808796,0.0776042464855558,107686,124.546319855877,124.546319855877,0.225027212879406
72,9,155164,129.463664252017,129.463664252017,0.51572658098804,155164,132.466203500812,134.357834603865,0.404116124812055
72,10,196079,121.192514241709,121.192514241709,0.10255183574991,196079,132.573314837387,134.698352415503,0.406623006836391
72,11,172333,120.422577219685,120.422577219685,0.0821600356376104,172333,122.639790405784,122.639790405784,0.174087966878737
72,12,158196,120.137961768945,120.137961768945,0.0895047084436883,158196,122.691850615692,122.691850615692,0.17406212648237
72,13,135782,121.469775080644,121.469775080644,0.144992250130007,135782,140.850974355953,144.227580043735,0.412360272887074
72,14,155688,126.09690534916,124.336271727916,0.642263166823278,155688,124.033676327013,124.033676327013,0.197175947987192
72,15,200491,120.766867340679,120.766867340679,0.101021539885931,200491,122.503199644872,122.503199644872,0.134673734642372
72,16,154244,126.051995539535,124.058505544166,0.720318438022713,154244,123.483863229688,123.483863229688,0.206441116108764
72,17,172386,128.301590616407,128.301590616407,0.558797541622295,172386,122.332347174365,122.332347174365,0.142107557352017
72,18,145796,120.268244670636,120.268244670636,0.0810837372224208,145796,122.575063787758,122.575063787758,0.162005677084039
72,19,124061,122.606604815373,122.606604815373,0.163134913733658,124061,166.89788894173,166.89788894173,0.485144252367973
72,20,129509,122.154691951911,122.154691951911,0.110048647938119,129509,195.209406296088,216.113492876983,0.49492475962796
72,21,194876,120.178723906484,120.178723906484,0.0486742653522767,194876,122.541549498142,122.541549498142,0.1427204136826
72,22,178582,123.615414767446,123.615414767446,0.17171646239327,178582,125.530232610229,125.530232610229,0.283716653237305
72,23,157534,126.703530666396,124.106640885614,0.64750415185181,157534,123.600219635126,123.600219635126,0.161420055403154
72,24,176852,122.986802524144,122.22947853054,0.411182395456369,176852,180.599280754529,193.679838199084,0.472178555988136
72,25,166724,121.983469686428,121.983469686428,0.234920217193923,166724,134.332915477076,134.332915477076,0.395701682584611
72,26,131172,120.164463452566,120.164463452566,0.0948731801917695,131172,122.934658311225,122.934658311225,0.197286408514076
72,27,106169,120.348199568612,120.348199568612,0.126138512465556,106169,122.943156665317,122.943156665317,0.157643903414024
72,28,112727,120.350333105645,120.350333105645,0.113107992527089,112727,135.251811899545,137.681644032311,0.423371737631442
72,29,166663,161.315822948105,161.315822948105,0.744392774860786,166663,123.553512177268,123.553512177268,0.209319607796769
72,30,148570,120.624022346369,120.624022346369,0.0892323277056088,148570,124.017103049068,124.017103049068,0.206145133523589
72,31,115578,120.516170897576,120.516170897576,0.0897087734540916,115578,123.397601619685,123.397601619685,0.202017916361999
72,32,117649,120.776674684868,120.776674684868,0.0852881930396139,117649,134.993021615143,137.877479988791,0.423077598995064
76,1,169368,120.308381748618,120.308381748618,0.100862477065178,169368,122.904958433706,122.904958433706,0.190920782637118
76,2,183874,120.506417438028,120.506417438028,0.0907820344195083,183874,122.785178981259,122.785178981259,0.139820955699148
76,3,177330,122.153459651497,122.153459651497,0.203323194936811,177330,138.978745841087,142.335190505091,0.433014472750218
76,4,96016,121.106003166139,121.106003166139,0.0869933130781613,96016,125.362772871188,125.362772871188,0.269206385361621
76,5,180455,128.729046022554,124.750278609857,0.690540409483078,180455,142.153401124934,146.655175445455,0.453445911248865
76,6,234502,120.345165499655,120.345165499655,0.105950468487439,234502,122.156825954576,122.156825954576,0.104126133148097
76,7,203633,122.208816842064,122.208816842064,0.190606570707094,203633,123.374467792548,123.374467792548,0.145281006340823
76,8,67162,120.885902742622,120.885902742622,0.185561235768506,67162,125.301107769274,125.301107769274,0.233709895289344
76,9,187517,128.432238143742,128.432238143742,0.530314053714126,187517,122.040119029208,122.040119029208,0.10855070489291
76,10,184252,120.512737989276,120.512737989276,0.0749572679738999,184252,122.617073356056,122.617073356056,0.101439497367508
76,11,150639,120.750555964923,120.750555964923,0.121911405367499,150639,124.448748332105,124.448748332105,0.233941765218145
76,12,157219,130.15785623875,130.15785623875,0.576901141555648,157219,139.7734752161,143.791055004836,0.435925654783891
76,13,196123,121.102058402125,121.102058402125,0.0675207159459636,196123,132.659540186516,132.659540186516,0.362742522710338
76,14,118931,120.634409867907,120.634409867907,0.071868469955729,118931,123.774692889154,123.774692889154,0.125738580697923
76,15,138811,120.337552499442,120.337552499442,0.119143378931831,138811,122.582994143115,122.582994143115,0.123289377330287
76,16,159654,135.735277537675,143.456407618699,0.59275761380362,159654,123.683352750323,123.683352750323,0.114844626982656
76,17,165992,123.180086992144,123.180086992144,0.189490689791546,165992,131.707738927177,131.707738927177,0.367213970013069
76,18,146696,122.151633309702,122.151633309702,0.129542348358457,146696,160.795597698642,160.795597698642,0.497001827479224
76,19,206342,123.031035853098,122.248157926356,0.431720102721183,206342,197.62535983949,216.37550593242,0.477996848196785
76,20,198153,122.331314691173,122.331314691173,0.135532689533246,198153,122.297179452241,122.297179452241,0.109286151595083
76,21,206835,120.75352333986,120.75352333986,0.0682361789199453,206835,122.644828002998,122.644828002998,0.113865368032541
76,22,132425,120.176537662828,120.176537662828,0.090803773220668,132425,123.317757221069,123.317757221069,0.125255843970024
76,23,139755,122.169153160889,122.169153160889,0.100208679374625,139755,186.301706557905,186.301706557905,0.498344200709761
76,24,100020,120.348330333933,120.348330333933,0.103105246406055,100020,123.48149370126,123.48149370126,0.172289430808944
76,25,130366,120.516783517175,120.516783517175,0.107336570268294,130366,134.498427504104,136.69770924915,0.403200399365554
76,26,142533,124.96314537686,123.998779000928,0.548657519412447,142533,124.684024050571,124.684024050571,0.226537125230007
76,27,141650,122.33651959054,122.33651959054,0.166192399973313,141650,144.719103423932,147.881939720215,0.40842021759819
76,28,134624,132.288670667934,132.288670667934,0.612492529413943,134624,123.565092405515,123.565092405515,0.148530218508138
76,29,196847,119.983738639654,119.983738639654,0.0611057430437245,196847,122.63349708149,122.63349708149,0.0731218313970072
76,30,59533,120.280231132313,120.280231132313,0.154757309393197,59533,125.415702215578,125.415702215578,0.213612725669982
76,31,127638,120.680118773406,120.680118773406,0.0750947556758985,127638,124.247128598066,124.247128598066,0.199911397163809
76,32,171484,159.790406102027,183.18481326442,0.714130974658799,171484,123.411490284808,123.411490284808,0.165306254867882
76,33,123538,121.082743771147,121.082743771147,0.110996197785816,123538,137.000250934935,137.000250934935,0.394236533277163
80,1,161538,122.024532927237,122.024532927237,0.203081876483701,161538,147.461798462281,152.346607394182,0.423059425770664
80,2,184732,131.365085637572,125.631734632697,0.50012964417126,184732,149.977378039538,155.457905168953,0.440617166517552
80,3,166580,120.595353583864,120.595353583864,0.122604579289721,166580,123.277764437507,123.277764437507,0.087233006130255
80,4,174792,137.179727905167,127.818642766464,0.729659730057165,174792,124.32499199048,124.32499199048,0.152205554231903
80,5,137367,120.837573798656,120.837573798656,0.0884278588941446,137367,123.506045847984,123.506045847984,0.175333128296501
80,6,186251,120.594917611181,120.594917611181,0.0879119911873911,186251,122.664205829767,122.664205829767,0.0824561678223898
80,7,240126,120.676499004689,120.676499004689,0.0858583471861161,240126,122.497438844607,122.497438844607,0.0796852562863184
80,8,199161,122.097237913045,122.097237913045,0.147749930518217,199161,122.346508603592,122.346508603592,0.11176304475447
80,9,185989,120.364145191382,120.364145191382,0.0866012918993139,185989,122.728360279371,122.728360279371,0.0854156112290962
80,10,179306,124.871420922892,123.248177339314,0.527626938802401,179306,122.349458467647,122.349458467647,0.15355854585029
80,11,122164,120.616417275138,120.616417275138,0.086917328259594,122164,123.613904259847,123.613904259847,0.0988430190065193
80,12,149838,120.660880417518,120.660880417518,0.0936555792160352,149838,123.678592880311,123.678592880311,0.153445290733202
80,13,164081,128.548186566391,125.110696161253,0.506835987598624,164081,150.71459827768,155.140162166546,0.41506062376002
80,14,192212,120.425556156744,120.425556156744,0.108652163497648,192212,122.404490874659,122.404490874659,0.149953579022514
80,15,152501,120.393276109665,120.393276109665,0.080952575637282,152501,123.597805916027,123.597805916027,0.159356953344098
80,16,188398,123.548254227752,123.548254227752,0.306266792228382,188398,136.017075552819,139.103070078351,0.414552901066822
80,17,145840,121.81444733955,121.81444733955,0.13668285519454,145840,176.1248834339,187.848141945568,0.453819964293946
80,18,206853,121.296326376702,121.296326376702,0.140354464286928,206853,132.295465862231,132.295465862231,0.328944227379724
80,19,148476,121.142097039252,121.142097039252,0.136349037570378,148476,159.240490045529,170.132891483043,0.464330328541095
80,20,176032,136.075048854754,124.340789900488,0.812736163394909,176032,122.690255180876,122.690255180876,0.0914121347209421
80,21,175299,121.894922389746,121.894922389746,0.16462887184953,175299,142.403938413796,146.211578436165,0.409467353646338
80,22,134683,147.658605763162,156.472435977547,0.530409084068807,134683,123.365220554933,123.365220554933,0.145106847262876
80,23,166431,120.915334282676,120.915334282676,0.0837027042851042,166431,125.07906579904,125.07906579904,0.20940678542916
80,24,109973,120.371718512726,120.371718512726,0.0880520298471395,109973,126.776936157057,126.776936157057,0.22189673081922
80,25,143397,123.71129800484,123.71129800484,0.224821104866702,143397,123.813629294895,123.813629294895,0.154435858097701
80,26,226334,119.957827811995,119.957827811995,0.044534725150547,226334,122.403832389301,122.403832389301,0.0570567577427454
80,27,137402,121.666329456631,121.666329456631,0.157636497782371,137402,135.291582364158,135.291582364158,0.340758047352779
80,28,127494,120.45646069619,120.45646069619,0.0978517378952597,127494,139.736160133026,139.736160133026,0.381670728049126
80,29,226330,122.730795740733,122.730795740733,0.231524254620442,226330,123.902522864843,123.902522864843,0.219457744797765
80,30,95737,121.34289773024,121.34289773024,0.120427608708932,95737,124.202471353813,124.202471353813,0.128170276115195
80,31,114991,121.667417450061,121.667417450061,0.182097538071108,114991,126.156803575932,126.156803575932,0.16701561120862
80,32,73753,125.553591040364,122.554821757007,0.665267098676663,73753,227.27658535924,250.255502844558,0.460657690077711
80,33,195201,119.890441135035,119.890441135035,0.0817610601794107,195201,122.923320064959,122.923320064959,0.129594697508604
80,34,69269,122.259351224935,122.259351224935,0.111588390561339,69269,199.868252753757,217.280100092308,0.430965853427669
84,1,172411,120.689201965072,120.689201965072,0.081697069868268,172411,123.24993764899,123.24993764899,0.120382144630502
84,2,156195,121.638362303531,121.638362303531,0.15786315457614,156195,172.348858798297,183.485588002854,0.454397461208543
84,3,180023,145.263349683096,154.981599403671,0.585161830705081,180023,158.135877082373,162.91245884034,0.421126030575514
84,4,189388,163.125572897966,133.387478329129,0.789602158168473,189388,145.997734808964,152.315977969104,0.460574744664556
84,5,125679,120.3733877577,120.3733877577,0.134526670640617,125679,140.934014433597,140.934014433597,0.380862239841153
84,6,168596,120.756305013168,120.756305013168,0.115940358579364,168596,124.154742698522,124.154742698522,0.161207537324273
84,7,180008,121.235339540465,121.235339540465,0.113413312498365,180008,123.190930403093,123.190930403093,0.123998534240412
84,8,189977,123.077614658617,123.077614658617,0.336263616895135,189977,129.288503345142,129.288503345142,0.289464346862197
84,9,204468,120.558811158714,120.558811158714,0.0747636252972533,204468,124.008030596475,124.008030596475,0.116414004744633
84,10,267022,124.032596565077,124.032596565077,0.284632972544241,267022,122.373534764926,122.373534764926,0.107780403378614
84,11,195188,122.174918540074,121.131183706094,0.508985940375861,195188,122.72578744595,122.72578744595,0.144577665761939
84,12,124337,120.302926723341,120.302926723341,0.106503183785216,124337,149.229481168116,149.229481168116,0.393325804880811
84,13,202934,120.229843200252,120.229843200252,0.075326373699928,202934,122.378487587097,122.378487587097,0.104734920572557
84,14,184840,122.441311404458,122.441311404458,0.143985562282582,184840,122.416333044795,122.416333044795,0.132771858340462
84,15,179827,121.203968258382,121.203968258382,0.130333570658796,179827,153.895088056855,159.414638513491,0.423525097421389
84,16,142637,120.453164326227,120.453164326227,0.112652321516227,142637,173.701662261545,187.596923667739,0.459043771599204
84,17,165775,135.49844668979,139.412360283108,0.456502595755105,165775,163.04789624491,170.789517802041,0.437872182188643
84,18,140306,120.673848588086,120.673848588086,0.0695775298035316,140306,123.138825139338,123.138825139338,0.0634737724836148
84,19,223137,132.332015757136,123.982524469108,0.813015652276951,223137,122.810788887544,122.810788887544,0.0905728458074326
84,20,126042,120.64456292347,120.64456292347,0.0978717431028944,126042,137.722013297155,137.722013297155,0.377634362570234
84,21,163608,140.357329714928,131.064344315997,0.683403229515661,163608,122.943829152609,122.943829152609,0.191438640397996
84,22,234312,120.142096862303,120.142096862303,0.0726551237201404,234312,122.525687971593,122.525687971593,0.121504041378015
84,23,74912,120.808388509184,120.808388509184,0.116244886254828,74912,124.306279367792,124.306279367792,0.265247032676631
84,24,151818,120.404945395144,120.404945395144,0.100484937585528,151818,123.220751162576,123.220751162576,0.136717812285811
84,25,200965,125.964784912796,124.487418614657,0.573751952335382,200965,123.514791132784,123.514791132784,0.219960520963286
84,26,100033,128.869563044195,122.842610248829,0.731731810001885,100033,218.330870812632,242.930635875482,0.462454126503241
84,27,142130,120.652761556322,120.652761556322,0.072796726138163,142130,123.371730106241,123.371730106241,0.135078452736464
84,28,188603,123.913055465714,122.851692908315,0.640352495147544,188603,153.222265817617,159.429747599112,0.431272197378989
84,29,158093,119.867457762203,119.867457762203,0.0864762561344623,158093,122.752405229833,122.752405229833,0.143651285482919
84,30,87678,125.219268231483,124.006918763243,0.572430450587362,87678,206.741862268756,206.741862268756,0.488338996075625
84,31,200558,120.906176766821,120.906176766821,0.24900629632303,200558,123.384382572622,123.384382572622,0.190663597076309
84,32,114689,134.73053213473,142.066864151665,0.580325571708185,114689,123.778609980033,123.778609980033,0.158180166691014
84,33,191623,123.579131941364,123.579131941364,0.344143157773759,191623,124.852569889836,124.852569889836,0.187763063011711
84,34,116639,120.790353140888,120.790353140888,0.145301156383883,116639,128.523306955649,128.523306955649,0.237993203106452
84,35,55029,120.955641570808,120.955641570808,0.161741204509663,55029,125.632248450817,125.632248450817,0.359357673434063
88,1,253594,132.66927845296,124.554426124994,0.832134391777584,253594,129.127250644731,129.127250644731,0.171900620508367
88,2,210907,122.948811561494,122.948811561494,0.237940220840606,210907,158.798095843192,169.176465887295,0.48201369459231
88,3,127180,120.824516433401,120.824516433401,0.109450586703173,127180,136.722409183834,139.17438359698,0.405573278837842
88,4,158476,120.194837073121,120.194837073121,0.0911555769173281,158476,124.909771826649,124.909771826649,0.187669005404096
88,5,134815,147.781248377406,131.5028038908,0.812289271573945,134815,179.676794125283,189.786041211144,0.441254955538718
88,6,209674,151.621579213446,151.621579213446,0.697774866851452,209674,163.52006925036,173.029107672861,0.443858235424841
88,7,171499,121.090018017598,121.090018017598,0.206168009773794,171499,164.40814232153,169.767813302563,0.416627701740372
88,8,194972,126.314891369017,123.408290498042,0.65563403750168,194972,122.935621525142,122.935621525142,0.103350406904125
88,9,225066,120.181835550461,120.181835550461,0.056283806852646,225066,126.133947375437,126.133947375437,0.227397804641818
88,10,131330,130.891822127465,125.996049803145,0.694144625228675,131330,144.484763572679,144.484763572679,0.383753428337097
88,11,106799,120.885663723443,120.885663723443,0.135292817209673,106799,124.335986292006,124.335986292006,0.156121576288199
88,12,131339,120.899816505379,120.899816505379,0.0764488361485321,131339,124.153495915151,124.153495915151,0.191342866470628
88,13,154066,120.919592901743,120.919592901743,0.1505530659819,154066,123.829170615191,123.829170615191,0.15229515593727
88,14,230648,121.542033748396,121.542033748396,0.151218102966508,230648,122.683764871146,122.683764871146,0.105902880121499
88,15,120281,133.356249116652,126.756537996464,0.696564204954966,120281,145.769107340311,145.769107340311,0.347793204437387
88,16,196266,120.093755413571,120.093755413571,0.0884787537165792,196266,122.981616785383,122.981616785383,0.0938961965567585
88,17,172413,133.980477110195,125.522672488336,0.784692958607788,172413,183.05744346424,196.970977476278,0.440088142645462
88,18,99114,121.554149766935,121.554149766935,0.119389770506082,99114,235.541174808806,266.636053643014,0.470152762138781
88,19,96825,120.622246320682,120.622246320682,0.0785056272951833,96825,124.666026336174,124.666026336174,0.222677312050089
88,20,161634,120.794504869025,120.794504869025,0.0941614199999702,161634,123.419460014601,123.419460014601,0.142405251532974
88,21,176204,120.495874100474,120.495874100474,0.0995249128977981,176204,170.273608998661,179.060663483067,0.450213509109517
88,22,134140,148.512009840465,161.537255804575,0.600852204735703,134140,162.377836588639,169.155362754878,0.424275285615831
88,23,186906,119.713529795726,119.713529795726,0.0704436102492917,186906,124.89576578601,124.89576578601,0.195883140349538
88,24,72578,129.464465816088,123.141143569322,0.744825052726091,72578,123.92806360054,123.92806360054,0.114475969014335
88,25,166429,121.547314470435,121.547314470435,0.264820012621294,166429,122.831219318749,122.831219318749,0.163448049920476
88,26,92438,123.929617689695,123.929617689695,0.287228588159834,92438,243.607488262403,264.48118255603,0.453513289716833
88,27,111413,131.474038038649,126.999492132091,0.64239500514409,111413,123.79896421423,123.79896421423,0.131700561252491
88,28,149408,121.119424662669,121.119424662669,0.180890974362099,149408,198.629069393874,198.629069393874,0.465859439708684
88,29,127351,121.013961413731,121.013961413731,0.109452647804904,127351,124.746228926353,124.746228926353,0.263667617470728
88,30,171362,120.965885085375,120.965885085375,0.0959169393545722,171362,123.685128558257,123.685128558257,0.127814469628587
88,31,138113,120.074649019281,120.074649019281,0.0970799333400195,138113,123.81362362703,123.81362362703,0.230356737698138
88,32,90155,121.469790915645,121.469790915645,0.08902365582278,90155,124.862237258056,124.862237258056,0.216792982240808
88,33,230522,124.292735617425,124.292735617425,0.345013485737466,230522,122.610232429009,122.610232429009,0.12988779440733
88,34,151775,119.708608137045,119.708608137045,0.0601130750506352,151775,123.694192060616,123.694192060616,0.172553573109526
88,35,125021,121.123715215844,121.123715215844,0.0846916744097609,125021,123.550827460987,123.550827460987,0.0838807765626462
88,36,64832,125.550576875617,125.550576875617,0.361254385874968,64832,124.389391041461,124.389391041461,0.161266089196751
88,37,52005,124.87335833093,124.87335833093,0.374352624784866,52005,124.528045380252,124.528045380252,0.138924540110851
92,1,156242,122.105637408635,122.105637408635,0.298597093719184,156242,123.331370566173,123.331370566173,0.210586130538179
92,2,201986,156.282717614092,133.51438323641,0.727944496280207,201986,121.826027546464,121.826027546464,0.113041377781835
92,3,203070,120.76118087359,120.76118087359,0.0908859913581911,203070,123.919022996996,123.919022996996,0.274144595153332
92,4,259705,120.529439171368,120.529439171368,0.106329521126377,259705,122.875574209199,122.875574209199,0.211338385271655
92,5,149181,149.012307197297,126.471230359199,0.826359720791242,149181,192.984052928992,192.984052928992,0.478137567443765
92,6,165963,140.412049673722,131.933300093318,0.700537741219534,165963,125.779908774847,125.779908774847,0.259881731492878
92,7,198756,134.719208476725,141.411159409397,0.538587183761866,198756,165.522293666606,176.789250252505,0.471675830185932
92,8,147965,214.615861859223,214.615861859223,0.685255779017289,147965,147.094785929105,150.585228135652,0.409072765432818
92,9,156396,120.404338985652,120.404338985652,0.0866535936560818,156396,124.0703470677,124.0703470677,0.191811885412376
92,10,169980,120.388433933404,120.388433933404,0.102066265095842,169980,125.014342863866,125.014342863866,0.156518666855336
92,11,119793,126.027789603733,126.027789603733,0.361045682026839,119793,124.574582822035,124.574582822035,0.207938092858736
92,12,110548,120.41329558201,120.41329558201,0.114389176762833,110548,128.478308065275,128.478308065275,0.194896544645616
92,13,107289,120.828426026899,120.828426026899,0.178187830341071,107289,170.626103328393,170.626103328393,0.430390266107693
92,14,305105,123.077107880893,123.077107880893,0.257547297201062,305105,123.600203208731,123.600203208731,0.146430604265874
92,15,119388,132.247143766543,124.778113025107,0.706697599995596,119388,129.209175126478,129.209175126478,0.342558672877082
92,16,108985,123.396678441987,123.396678441987,0.238432345900133,108985,143.627957975868,143.627957975868,0.374302501715418
92,17,74758,121.721314106851,121.721314106851,0.217274536711035,74758,133.827603734717,133.827603734717,0.354021865385793
92,18,125325,120.110871733493,120.110871733493,0.119167290287402,125325,137.736692599242,128.354836286692,0.767892851775049
92,19,143755,126.663218670655,126.663218670655,0.365844561675532,143755,163.616486383082,169.084273739125,0.413084496422676
92,20,139933,120.623970042806,120.081978588841,0.407929957308378,139933,124.484403250127,124.484403250127,0.202687313311038
92,21,172738,126.553479836515,124.132192882988,0.50562004864082,172738,123.16245412127,123.16245412127,0.14131189612616
92,22,87731,124.366985444142,124.366985444142,0.375644455390237,87731,233.227331274008,233.227331274008,0.489212711331136
92,23,115362,120.555130805638,120.555130805638,0.0614877011723603,115362,125.374100657062,125.374100657062,0.242589252831987
92,24,112682,120.593919170764,120.593919170764,0.124632751429533,112682,124.132567757051,124.132567757051,0.215736091235338
92,25,138322,121.062072555342,121.062072555342,0.153339081520081,138322,122.361345266841,122.361345266841,0.121533650129416
92,26,111415,120.748705291029,120.748705291029,0.106840956140837,111415,123.7660009873,123.7660009873,0.145848400315128
92,27,113518,120.831075247978,120.831075247978,0.134436174651913,113518,122.693555207104,122.693555207104,0.132606552446495
92,28,67304,120.689112088435,120.689112088435,0.0757930617545985,67304,164.896202305955,164.896202305955,0.487204739462877
92,29,119526,169.192410019577,169.192410019577,0.687950865132022,119526,123.366832321001,123.366832321001,0.205458345761478
92,30,39428,120.788145480369,120.788145480369,0.121609119742455,39428,181.392081769301,181.392081769301,0.493535633906398
92,31,112354,148.798333837692,140.690702820289,0.77111443253235,112354,155.298850063193,160.119057638144,0.420480594990481
92,32,165277,122.804546307109,122.804546307109,0.274423333455009,165277,124.011804425298,124.011804425298,0.18227477389096
92,33,145973,120.649030985182,120.649030985182,0.0878438382677592,145973,122.500078781693,122.500078781693,0.0797839504176022
92,34,158159,121.284081209416,121.284081209416,0.35121343375386,158159,215.607888264342,229.127963947923,0.445067738870183
92,35,155006,143.252170883708,139.276375089236,0.697330820575758,155006,185.320206959731,185.320206959731,0.462702335830389
92,36,169464,121.847277297833,121.847277297833,0.122044375255386,169464,205.541395222584,223.845330897889,0.468686845207879
92,37,184554,119.775182331459,119.775182331459,0.0781004605004602,184554,126.309497491249,124.559489499417,0.423023990957835
92,38,110325,120.63662814412,120.63662814412,0.0990335256490145,110325,122.896496714253,122.896496714253,0.138525601279122
92,39,176610,119.978596908442,119.978596908442,0.111146497123029,176610,123.647183058717,123.647183058717,0.18149831867021
92,40,75026,121.177924986005,121.177924986005,0.166054406361851,75026,271.699877375843,271.699877375843,0.509695351356719
92,41,115946,141.043925620547,131.317355217803,0.706379253058475,115946,123.775766305004,123.775766305004,0.167395211746241
96,1,173279,120.857743869713,120.857743869713,0.0863255419172234,173279,122.635853161664,122.635853161664,0.181325735618351
96,2,180960,120.879746905393,120.879746905393,0.112495124204393,180960,124.063677055703,124.063677055703,0.203732727837639
96,3,191122,125.415153671477,121.30887347237,0.74755811036647,191122,123.896908780779,123.896908780779,0.11528520170417
96,4,143660,120.843136572463,120.843136572463,0.116089020133929,143660,149.470012529584,156.697020471222,0.455680873107497
96,5,120159,120.88785692291,120.88785692291,0.0695564309264907,120159,182.975457518788,195.224161688283,0.517094078226771
96,6,127775,125.228604969673,122.079639405241,0.554235881538469,127775,147.272627665819,153.171703571072,0.447982765068072
96,7,152023,120.515020753439,120.515020753439,0.099041417696675,152023,123.128473980911,123.128473980911,0.174382904221734
96,8,79187,119.99710811118,119.99710811118,0.0839536537745213,79187,192.296437546567,192.296437546567,0.511151618467529
96,9,116317,120.628222873699,120.628222873699,0.0859572266603813,116317,123.011692186009,123.011692186009,0.244078456909191
96,10,121014,120.725494570876,120.725494570876,0.110477760084579,121014,232.961078883435,232.961078883435,0.536236843475373
96,11,138783,120.139188517326,120.139188517326,0.0885648009201254,138783,127.830015203591,125.006603390275,0.694854257984309
96,12,91168,121.788588101088,121.788588101088,0.159059812475378,91168,123.791659354159,123.791659354159,0.34249348496097
96,13,110254,170.627151849366,190.666640009726,0.603175446009921,110254,134.642489161391,134.642489161391,0.34276441727053
96,14,119562,178.996453722755,195.482705383092,0.553477049305738,119562,174.602348572289,174.602348572289,0.395398073760286
96,15,116051,119.943895356352,119.943895356352,0.0612647945403404,116051,125.308528147108,125.308528147108,0.216949803551575
96,16,104623,120.274815289181,120.274815289181,0.0932856203501877,104623,127.230876575896,127.230876575896,0.23862020905239
96,17,81266,132.208475869367,127.344281777902,0.665821079838632,81266,198.722836118426,198.722836118426,0.468026736875664
96,18,169959,130.346777752281,122.63660483138,0.760134764061824,169959,131.466324231138,131.466324231138,0.361994099560985
96,19,136066,120.41114606147,120.41114606147,0.142405460111684,136066,124.846287830906,124.846287830906,0.246250315495454
96,20,101613,120.32149429699,120.32149429699,0.0953768176595776,101613,181.207138850344,181.207138850344,0.505663315141873
96,21,75172,120.118341935827,120.118341935827,0.110138878361739,75172,202.055432873942,202.055432873942,0.498468333752951
96,22,126042,124.409776106377,124.409776106377,0.167824340039269,126042,122.04563558179,122.04563558179,0.207079798656575
96,23,98382,124.339106747169,124.339106747169,0.380968544638449,98382,124.205179809315,124.205179809315,0.251409559418695
96,24,88990,122.121755253399,122.121755253399,0.117671077536827,88990,124.594246544556,124.594246544556,0.193082856121378
96,25,149272,159.906988584597,140.648844789183,0.806431894301617,149272,211.744098022402,189.08487843838,0.510742735757892
96,26,151603,142.290442801264,142.290442801264,0.658796816951157,151603,123.09647566341,123.09647566341,0.159028676744199
96,27,83035,120.594785331487,120.594785331487,0.0843929337461293,83035,174.763545492864,174.763545492864,0.472349540618123
96,28,119504,157.443667157585,171.8386801961,0.627083794736913,119504,131.004401526309,131.004401526309,0.358495761476858
96,29,101997,165.342863025383,165.342863025383,0.794016513922961,101997,128.469003990313,128.469003990313,0.278661671409278
96,30,133049,150.673736743606,150.673736743606,0.301121091545725,133049,125.81006997422,123.597030774598,0.714201916946276
96,31,114442,156.421139092291,141.887572410989,0.637835656042622,114442,188.132800894776,188.132800894776,0.454598096186947
96,32,159859,120.184750311212,120.184750311212,0.126804443154516,159859,125.641609168079,125.641609168079,0.230908430785994
96,33,85865,124.383147964829,122.303385870945,0.474099311741672,85865,123.722017119898,123.722017119898,0.204984666312914
96,34,108384,125.131643046944,122.73886623448,0.527006019269143,108384,123.467209182167,123.467209182167,0.150108236030627
96,35,123520,121.121251619171,121.121251619171,0.146730076303748,123520,224.892422279793,224.892422279793,0.518423857030018
96,36,202000,120.308351485149,120.308351485149,0.0449384875284543,202000,126.22953960396,126.22953960396,0.281182073318105
96,37,105713,126.737184641435,122.238352630957,0.674054219666635,105713,124.302952333204,124.302952333204,0.250080332963933
96,38,39421,121.045559473377,121.045559473377,0.115763320926362,39421,130.751553740392,134.104602219779,0.413232992270015
96,39,116086,142.865358441156,142.865358441156,0.483591048128531,116086,211.863592509002,191.706359081154,0.499830072047908
96,40,46802,127.907995384813,127.907995384813,0.360871761524528,46802,202.339729071407,218.56134437072,0.436049757453678
96,41,123133,120.604273427919,120.604273427919,0.120755833542306,123133,124.24285122591,124.24285122591,0.300794465287803
96,42,91692,120.646937573616,120.646937573616,0.0725652259986551,91692,128.358450028356,128.358450028356,0.321506223617539
96,43,154740,122.791230451079,122.791230451079,0.237082160914085,154740,122.427956572315,122.427956572315,0.147590810087415
96,44,91566,130.116364152633,124.875432508647,0.54833284935388,91566,198.917065286242,182.234774005837,0.469069148367423
96,45,85900,128.113550640279,124.581801611379,0.607668615651709,85900,123.204691501746,123.204691501746,0.273789708871795
96,46,49610,121.12118524491,121.12118524491,0.172537528197234,49610,126.088671638783,126.088671638783,0.39314622095202
96,47,44088,123.096012520414,123.096012520414,0.26617105208902,44088,129.237230085284,129.237230085284,0.493791345841239
96,48,86850,122.057720207254,122.057720207254,0.173842756957831,86850,122.961197466897,122.961197466897,0.200819523822316
100,1,161105,121.593625275441,121.593625275441,0.159565557947583,161105,123.394003910493,123.394003910493,0.249453157241921
100,2,127590,120.121357473156,120.121357473156,0.110704786720222,127590,126.809859706874,124.815744263593,0.63264346651774
100,3,94024,120.850527524887,120.850527524887,0.181186031001102,94024,202.093337871182,210.440079592017,0.416465796616835
100,4,87808,185.131423104956,185.131423104956,0.69969811492823,87808,224.498166454082,252.768883720342,0.508282868116902
100,5,97840,120.47609362224,120.47609362224,0.0833205115004786,97840,185.848998364677,175.112753927536,0.458216099446361
100,6,143332,123.010632657048,123.010632657048,0.232264695724532,143332,123.865731309128,123.865731309128,0.191346994064436
100,7,97875,120.006998722861,120.006998722861,0.0968334268311971,97875,194.762840357599,194.762840357599,0.496206784975603
100,8,113589,132.732808634639,126.754236505126,0.781334032279359,113589,143.094613034713,148.008059382428,0.409834299074274
100,9,160184,139.835489187434,129.325105418028,0.754217815671588,160184,144.812272137042,149.922572829815,0.431154263905418
100,10,161935,120.90493099083,120.90493099083,0.0857733470703799,161935,122.909519251552,122.909519251552,0.175443236171761
100,12,180839,143.673831419108,143.673831419108,0.709907964451052,180839,136.346435226915,138.46050418471,0.406034582076513
100,13,147648,138.584349263112,124.665755036822,0.784361445937679,147648,134.142013437365,134.142013437365,0.391741470585218
100,14,157017,123.740308374252,121.7831654542,0.515340765603326,157017,122.693217931816,122.693217931816,0.159066447570449
100,15,151144,120.205307521304,120.205307521304,0.107942122657406,151144,123.328772561266,123.328772561266,0.238415669534661
100,16,148410,139.203308402399,131.214779882778,0.797984267470396,148410,188.677609325517,188.677609325517,0.483205269216254
100,17,101304,120.26159875227,120.26159875227,0.0554702271049472,101304,178.451630735213,194.406530251134,0.482998388184942
100,18,163643,137.982907915401,128.599613718491,0.783495106676271,163643,123.367941189052,123.367941189052,0.263102870348863
100,19,99646,120.247024466612,120.247024466612,0.128006648712339,99646,190.634847359653,190.634847359653,0.528006022969891
100,20,139481,120.884149095576,120.884149095576,0.0791985695870383,139481,163.197231164101,174.431594565502,0.47245849063977
100,21,161364,204.921401303884,228.889661264376,0.591402199092188,161364,233.072606033564,201.935117017899,0.520629345282099
100,22,81306,120.565173541928,120.565173541928,0.0705237533620554,81306,125.024020367501,125.024020367501,0.325284599300732
100,23,122552,124.92484006789,122.533666779675,0.545384850144082,122552,201.435537567726,215.861801571195,0.460282228558279
100,24,110665,120.870537206886,120.870537206886,0.0707337438502831,110665,249.305896173135,249.305896173135,0.499600953996938
100,25,104942,121.115949762726,121.115949762726,0.0984946348697682,104942,122.094852394656,122.094852394656,0.211433105106344
100,26,103442,120.252005955028,120.252005955028,0.0824611456559809,103442,123.390663366911,123.390663366911,0.197332347406114
100,27,87344,121.319621267631,121.319621267631,0.189245827154208,87344,124.046666056054,124.046666056054,0.24481167892915
100,28,114593,119.947509882803,119.947509882803,0.0921833623624296,114593,129.070248619026,126.34381208355,0.698909157458718
100,29,132406,119.749308943703,119.749308943703,0.0609272667840939,132406,124.77609775992,124.77609775992,0.204401577694051
100,30,76653,121.407029079097,120.858680270293,0.44312501165397,76653,125.065529072574,125.065529072574,0.25845428764774
100,31,128008,121.435160302481,120.511850099783,0.422697482724311,128008,125.073620398725,125.073620398725,0.334271581265357
100,32,89998,127.674981666259,125.417870165987,0.571053073833783,89998,202.398842196493,220.610317336572,0.454132629146642
100,33,93519,120.282969236198,120.282969236198,0.116739445153905,93519,132.258760251927,125.49013500904,0.804115797818197
100,34,133360,131.074595080984,125.562319572393,0.803752143599169,133360,123.268858728254,123.268858728254,0.208121831963123
100,35,220159,119.766904827874,119.766904827874,0.106365031319182,220159,125.581784074237,125.581784074237,0.277667687444426
100,36,89071,119.966509862918,119.966509862918,0.0831481212120513,89071,124.485713644171,124.485713644171,0.25584269705486
100,37,63465,120.546710785472,120.546710785472,0.123110144362788,63465,235.674860159143,235.674860159143,0.471674147628012
100,38,87396,120.835896379697,120.835896379697,0.105337205042208,87396,126.024406151311,126.024406151311,0.349658344744617
100,39,130322,120.730291125059,120.730291125059,0.0775374478499586,130322,223.483778640598,198.140838335188,0.52184017288203
100,40,122085,130.668935577671,123.849163594856,0.689194820299968,122085,141.935471188107,147.132939754965,0.425011959423082
100,41,79788,123.577969118163,123.577969118163,0.365817626438997,79788,124.240951020204,124.240951020204,0.199463624281586
100,42,120893,129.103380675473,129.103380675473,0.583487279331112,120893,122.836136087284,122.836136087284,0.229230891115497
100,43,147768,120.502517459802,120.502517459802,0.0883981405442948,147768,126.458340100698,126.458340100698,0.272858515214308
100,44,102613,127.415639343943,125.445432082086,0.654260284416982,102613,124.1981522809,124.1981522809,0.302989125591825
100,45,125966,120.617095089151,120.617095089151,0.0711840126649486,125966,122.816259943159,122.816259943159,0.215368257510677
100,46,45313,122.160549952552,122.160549952552,0.289653027038795,45313,127.471078939819,127.471078939819,0.505994934742741
100,47,135228,121.456636199604,121.456636199604,0.0441930971070644,135228,122.274728606502,122.274728606502,0.152875586724383
100,48,113902,121.706361609103,121.706361609103,0.248168880278858,113902,122.680707977033,122.680707977033,0.197092345304491
100,49,56465,191.079429735234,191.079429735234,0.570355565866575,56465,210.76027627734,222.27932052475,0.400353902608688
100,50,115685,121.197458616069,121.197458616069,0.126079228320256,115685,122.117940960367,122.117940960367,0.125848753962126
100,51,167940,121.065910444206,121.065910444206,0.0851794522364697,167940,122.331648207693,122.331648207693,0.184002471906828
100,52,78138,124.121375003199,121.3039012647,0.501200609549693,78138,231.988904246333,254.837750597582,0.438735603729825
100,53,43919,124.412372777158,122.740539281041,0.463589274363684,43919,126.903344793825,126.903344793825,0.435465890896369
100,54,38877,142.488695115364,133.671634525748,0.752561586497537,38877,198.265864135607,198.265864135607,0.380079568896618
100,160,127244,123.385047625035,123.385047625035,0.312888428890061,127244,221.29434786709,247.336557286735,0.498749804411277
100,161,77974,123.085310488111,123.085310488111,0.340922260241544,77974,225.169543694052,251.082335234796,0.478736986419034
104,1,153016,127.995078945993,121.988845423991,0.563724677803287,153016,144.603956448999,144.603956448999,0.323856527532436
104,2,96153,139.77870685262,134.377241154466,0.617907316834595,96153,217.139278025647,194.059362383605,0.463041211043452
104,3,165717,121.21969381536,121.21969381536,0.0983767868297992,165717,123.332011803255,123.332011803255,0.155618291900915
104,4,99271,121.646422419438,121.646422419438,0.192505361096162,99271,124.281471930372,124.281471930372,0.245332852375708
104,5,111557,137.970266321253,130.390551328614,0.736660381478435,111557,156.070044909777,156.070044909777,0.396949097342981
104,6,201410,120.919209572514,120.919209572514,0.106024168767551,201410,122.846854674544,122.846854674544,0.134040551582627
104,7,179647,126.663863020256,123.245492674362,0.502957974364787,179647,122.078203365489,122.078203365489,0.136574553866138
104,8,95758,121.040915641513,121.040915641513,0.114074082905633,95758,194.875550867813,204.076010442222,0.404553228318591
104,9,102661,120.359240607436,120.359240607436,0.0624596467327761,102661,194.770652925649,216.759637776383,0.484844523701459
104,10,145960,152.104638257057,129.133701452567,0.791669239143266,145960,124.512955604275,123.460028630303,0.458572272909564
104,11,148465,123.224382851177,122.367860812987,0.443495517045473,148465,123.318027818004,123.318027818004,0.126548939960565
104,12,180120,121.262447257384,120.576328367213,0.40956314716739,180120,124.751038196758,124.751038196758,0.225476447392268
104,13,93718,123.602381612924,122.516118131642,0.448300583707684,93718,124.13599308564,124.13599308564,0.2269502632933
104,14,125540,189.407862036004,189.407862036004,0.704553247319179,125540,172.866966703839,172.866966703839,0.452596026624098
104,15,170388,153.033558701317,131.436599446468,0.767737507498409,170388,213.047515083222,225.359700786758,0.420514444904397
104,16,124537,123.238651966885,123.238651966885,0.35282160899258,124537,123.721239471001,123.721239471001,0.191258269254937
104,17,150874,120.253555947347,120.253555947347,0.0765451872736009,150874,123.8387064703,123.8387064703,0.236223409415231
104,18,93728,126.94277057016,122.491679301116,0.607288298468757,93728,207.965431888016,207.965431888016,0.390485160862272
104,19,95091,122.860565142863,122.860565142863,0.214304450477065,95091,125.097012335552,125.097012335552,0.16920454029452
104,20,126723,122.901635851424,122.901635851424,0.16307219510879,126723,122.360652762324,122.360652762324,0.198854459695021
104,21,106817,120.509272868551,120.509272868551,0.0782542979958867,106817,191.337371392194,191.337371392194,0.461945853760172
104,22,95640,120.297846089502,120.297846089502,0.106531347589054,95640,129.871863237139,126.209008411721,0.673091627571496
104,23,151512,121.438315116954,121.438315116954,0.149034811691096,151512,123.783733301653,123.783733301653,0.138846196946207
104,24,148408,120.514446660557,120.514446660557,0.0644231925543985,148408,123.230054983559,123.230054983559,0.1742519292888
104,25,132921,120.8193362975,120.8193362975,0.106024464824072,132921,179.169845246425,191.346427615537,0.462403718345456
104,26,103606,120.7057120244,120.7057120244,0.0578378826264105,103606,189.975831515549,189.975831515549,0.500360891325744
104,27,103757,122.809304432472,122.809304432472,0.18888008076459,103757,201.715797488362,201.715797488362,0.467045526882537
104,28,95310,126.438033784493,126.438033784493,0.378999612199127,95310,222.138778722065,245.035045936619,0.485583078187686
104,29,110412,120.280567329638,120.280567329638,0.0959895396661479,110412,123.561270514075,123.561270514075,0.060309366544086
104,30,138891,120.113671872188,120.113671872188,0.0935161070601938,138891,131.117012621408,126.218704923754,0.774617028823081
104,31,247209,119.952821296959,119.952821296959,0.0830225558685515,247209,125.538216650688,125.538216650688,0.232992006528713
104,32,141397,125.875124649038,125.875124649038,0.291984921054328,141397,123.474599885429,123.474599885429,0.193422096439229
104,33,101518,120.092052640911,120.092052640911,0.0842208888445889,101518,201.820682046534,181.349050667683,0.458863338227397
104,34,98562,120.749294860088,120.749294860088,0.0718440025961165,98562,123.818875428664,123.818875428664,0.23298334805668
104,35,117987,121.880732623086,121.880732623086,0.142361836484559,117987,122.573986964666,122.573986964666,0.117026444332227
104,36,90769,135.083784111316,125.483338379465,0.62507702930535,90769,214.450473179169,214.450473179169,0.482211713202024
104,37,136546,119.911429115463,119.911429115463,0.0841367439568012,136546,126.467315044014,124.977028059951,0.513040565676894
104,38,146500,147.973549488055,131.968421160992,0.753546798921662,146500,142.768778156997,145.822919374362,0.40169324993629
104,39,96901,120.902312669632,120.902312669632,0.142552501132699,96901,125.647372060144,125.647372060144,0.209133990363073
104,40,94452,120.875365264896,120.875365264896,0.109143330813721,94452,125.293556515479,125.293556515479,0.166026154124914
104,41,89118,120.646738032721,120.646738032721,0.08890697922846,89118,125.113445095267,125.113445095267,0.160016288474566
104,42,86368,120.352167469433,120.352167469433,0.0986265637382363,86368,124.096621433864,124.096621433864,0.226173632579322
104,43,117998,141.455126358074,124.491132407752,0.788770212441963,117998,141.516729097103,146.401471985402,0.442779055418445
104,44,96335,153.703409975606,127.497877343698,0.793310468203907,96335,223.331707063892,251.846236360321,0.505860324282741
104,45,171089,162.96005587735,133.975472297823,0.771020120310503,171089,232.49800396285,203.788180626789,0.509846703891295
104,46,80529,120.654161854736,120.654161854736,0.108624292385732,80529,124.132275329384,124.132275329384,0.168640287182
104,47,130975,119.735659476999,119.735659476999,0.0821459047440816,130975,125.087291467837,125.087291467837,0.172683370365224
104,48,78252,140.210959464295,126.325940147883,0.800960565025503,78252,221.566426417216,221.566426417216,0.492202780217727
104,49,145064,127.492568797221,122.748302990487,0.736068229324222,145064,122.505135664259,122.505135664259,0.175902165374425
104,50,121792,120.654369745139,120.654369745139,0.110743367060012,121792,254.990606936416,254.990606936416,0.511392056523024
104,51,156549,120.214642060952,120.214642060952,0.106221865903837,156549,125.675117694779,125.675117694779,0.172679620019997
104,52,130176,120.634786750246,120.634786750246,0.0843504609901656,130176,222.792880408063,222.792880408063,0.509690702598434
104,53,126493,120.894539618793,120.894539618793,0.0883025636191401,126493,122.79438387895,122.79438387895,0.135028933655287
104,54,188914,121.471468498894,121.471468498894,0.137222584916775,188914,122.365960172354,122.365960172354,0.1124514195032
104,55,92882,124.575612066924,121.866418427958,0.685673977044362,92882,227.027992506621,253.215272701777,0.506197013503807
104,56,51498,121.851431123539,121.120426150195,0.501383747773332,51498,227.500757310964,208.343536765962,0.456891602518376
108,1,101179,120.953577323358,120.953577323358,0.122752893202574,101179,188.664465946491,188.664465946491,0.387957362453055
108,2,175754,121.269228580857,121.269228580857,0.0931453518659891,175754,123.131456467563,123.131456467563,0.163710906219611
108,4,117086,131.814683224297,123.866568563288,0.711063029936985,117086,206.899919717131,227.234302881618,0.474785976122788
108,5,149651,120.641151746397,120.641151746397,0.185427627485432,149651,205.068339002078,220.154285796948,0.426086581165223
108,6,207809,120.849631151683,120.849631151683,0.0807565956229993,207809,122.965992810706,122.965992810706,0.138665429203498
108,7,103853,120.467940261716,120.467940261716,0.0583186600029944,103853,225.484386584884,197.902268106449,0.503020977832402
108,8,101611,122.657694540945,122.657694540945,0.227516628805451,101611,125.67727903475,125.67727903475,0.244120340782063
108,9,109317,141.767721397404,132.285306601573,0.704769824968401,109317,175.86056148632,182.02403888971,0.425662442934963
108,10,144051,120.727096653269,120.727096653269,0.0770885720886244,144051,123.258915245295,123.258915245295,0.231166415444413
108,11,191186,129.753496594939,122.080314810351,0.754131865089036,191186,145.193973408095,141.619203691822,0.484388194437675
108,12,109081,121.203014273797,121.203014273797,0.209178241179429,109081,123.600104509493,123.600104509493,0.154911285649123
108,13,135238,120.526028187344,120.526028187344,0.0778064662637489,135238,130.091106050075,130.091106050075,0.32628145513447
108,14,93304,121.621259538712,121.621259538712,0.241028648750469,93304,214.945725799537,226.596829481375,0.443887605591114
108,15,145726,157.193335437739,157.193335437739,0.7220999420173,145726,155.253208075429,159.456549629955,0.42276051922684
108,16,125415,120.1563688554,120.1563688554,0.0667364309089137,125415,128.031511382211,128.031511382211,0.363022797802166
108,17,150731,126.977582580889,125.380674272815,0.534052499381324,150731,123.414858257425,123.414858257425,0.218795259535026
108,18,77000,142.193662337662,138.321717281698,0.565186623543537,77000,219.617675324675,219.617675324675,0.455445546343285
108,19,161023,121.146867217727,121.146867217727,0.146840849990205,161023,123.451649764319,123.451649764319,0.146387277112471
108,20,102625,146.261066991474,127.964707437934,0.787362667589809,102625,222.356063337393,237.298091930341,0.45529920771302
108,21,108309,122.424821575308,122.424821575308,0.26638300523488,108309,123.965339907118,123.965339907118,0.120232053280896
108,22,81845,120.217154377176,120.217154377176,0.0815236014279897,81845,128.243594599548,126.021188054369,0.552395250476286
108,23,88077,124.024569410856,122.158514288924,0.493099329278399,88077,154.20756837767,159.367248738746,0.421250626467259
108,24,117939,120.837746631733,120.837746631733,0.105741771779177,117939,124.1907341931,124.1907341931,0.193361050397917
108,25,240909,119.915557326625,119.915557326625,0.0945505841662188,240909,125.896670527045,125.896670527045,0.228705312791389
108,26,119379,121.681024300756,121.681024300756,0.0987080434167722,119379,122.453002621902,122.453002621902,0.147760497291024
108,27,125935,143.589065787906,131.508012033304,0.689798685505075,125935,202.47890578473,202.47890578473,0.500444159289368
108,28,96519,122.19351630249,122.19351630249,0.204940925016404,96519,149.776935111222,155.382888809597,0.42759836941973
108,29,120166,121.438817968477,121.438817968477,0.244119768745359,120166,123.713537939184,123.713537939184,0.182429427837979
108,30,102728,120.325373802663,120.325373802663,0.123295050026992,102728,195.433455338369,216.269434017856,0.500552631601346
108,31,130732,120.642069271487,120.642069271487,0.0935642986026847,130732,261.784130893737,223.623000092513,0.496676004446186
108,32,108210,120.628814342482,120.628814342482,0.139527908054902,108210,233.475963404491,233.475963404491,0.491962647047811
108,33,98279,128.029273802135,126.234514761944,0.618352588439189,98279,213.288260971316,237.533211925752,0.490005696510132
108,34,145419,120.15643760444,120.15643760444,0.0983690086961657,145419,123.504019419746,123.504019419746,0.226401650445215
108,35,104462,120.280838965365,120.280838965365,0.0344374825195277,104462,199.554536577894,179.344700986783,0.482796379067077
108,36,100466,120.683942826429,120.683942826429,0.0896512030776368,100466,125.943334063265,125.943334063265,0.328763226911606
108,37,96853,120.657687423208,120.657687423208,0.113185518464418,96853,125.047742455061,125.047742455061,0.169419788462494
108,38,130357,121.682395268378,121.682395268378,0.306606659559083,130357,121.839855166965,121.839855166965,0.169837212543258
108,39,157526,122.036171806559,122.036171806559,0.174895828936593,157526,122.854055838401,122.854055838401,0.246588011600786
108,40,137701,167.492610801664,167.492610801664,0.780018464823918,137701,206.585333439844,224.852433598389,0.479983281372771
108,41,137760,119.960540069686,119.960540069686,0.0845123824451765,137760,126.266572299652,125.035836683483,0.554264457508552
108,42,77631,124.381213690407,121.655342166856,0.615889884194163,77631,246.348958534606,277.952403133374,0.486211444480581
108,43,116038,120.876557679381,120.876557679381,0.0603330116725477,116038,128.654664851169,125.640681575217,0.475995919782416
108,44,112591,120.26419518434,120.26419518434,0.0950708596578507,112591,123.414375927028,123.414375927028,0.187279246944242
108,45,102660,120.729855834794,120.729855834794,0.11248327814743,102660,124.136606273135,124.136606273135,0.205484488780891
108,46,79845,122.581201077087,122.581201077087,0.286926977598146,79845,221.773586323502,237.939676196769,0.449655263290326
108,47,135434,128.466278777855,124.91168366856,0.692954373827695,135434,124.068882259994,123.43366173701,0.407843502556515
108,48,179034,125.084224225566,122.854009837993,0.48386811471921,179034,122.177843314678,122.177843314678,0.13990477251895
108,49,169358,148.533502993658,142.20048366132,0.480132401487517,169358,228.63659230742,203.161457329671,0.502203444951216
108,50,48389,120.598565789746,120.598565789746,0.153543672857296,48389,128.012316848871,128.012316848871,0.364047466646105
108,51,133330,120.032843321083,120.032843321083,0.109762429124719,133330,125.272999324983,125.272999324983,0.220014615267444
108,52,89818,121.111770469171,121.111770469171,0.202917742961371,89818,124.033601282594,124.033601282594,0.226700471884853
108,53,122519,124.123115598397,122.269056153894,0.654918839921628,122519,122.41089953395,122.41089953395,0.150881092961135
108,54,75658,122.016587803008,122.016587803008,0.279245795969463,75658,247.799479235507,247.799479235507,0.538004964585376
108,55,54959,120.373660364999,120.373660364999,0.139722110582003,54959,127.894666933532,127.894666933532,0.425964582003208
108,56,133266,121.028446865667,121.028446865667,0.0621493317050702,133266,122.810281692255,122.810281692255,0.134068163952277
108,57,194160,121.314668314792,121.314668314792,0.0913814611797279,194160,122.329655953852,122.329655953852,0.24421202163806
108,170,75985,127.894584457459,125.427497184307,0.54182054643032,75985,224.097242876884,232.61479139026,0.444323453267654
108,171,97209,121.477034019484,121.477034019484,0.207753422454252,97209,214.339227849273,225.272391246444,0.432348603629519
112,1,216262,121.064657683735,121.064657683735,0.0891862826011965,216262,122.86415551507,122.86415551507,0.141485575362894
112,2,114864,120.282864953336,120.282864953336,0.0807898916249177,114864,129.229689023541,129.229689023541,0.333187082423145
112,3,107877,133.549190281524,123.467285015885,0.716568665515292,107877,232.614394171139,246.510338717533,0.421130251653099
112,5,124587,121.300360390731,121.300360390731,0.126539196845842,124587,205.223819499627,205.223819499627,0.327489082126049
112,6,93969,151.100320318403,126.206281563816,0.761421629942278,93969,145.587002096436,145.587002096436,0.346428778970327
112,7,120600,125.264684908789,125.264684908789,0.369653867059791,120600,226.096252072968,226.096252072968,0.446002547270829
112,8,99355,120.324070253133,120.324070253133,0.0966400067386676,99355,229.151315988123,253.690428861525,0.432583779032604
112,9,162729,120.709412581654,120.709412581654,0.0788327165690869,162729,123.244480086524,123.244480086524,0.226811739298969
112,10,118527,120.783602048478,120.783602048478,0.140599495640584,118527,217.486353320341,196.901775212305,0.462151269488736
112,11,106774,120.479779721655,120.479779721655,0.0937683308906384,106774,205.258237023995,217.597268122692,0.434762705954699
112,12,147978,165.269742799605,165.269742799605,0.707501043315031,147978,181.036377029018,190.245847325898,0.42962616881758
112,13,78320,120.547714504597,120.547714504597,0.095715924932734,78320,189.52106741573,209.063991733558,0.45593990923893
112,14,104838,122.968999790152,121.173140217279,0.681423047548612,104838,125.690684675404,125.690684675404,0.172599463501972
112,15,85027,142.604266879932,128.814044501571,0.789755885449664,85027,199.250508661954,199.250508661954,0.393218101716243
112,16,103840,120.454420261941,120.454420261941,0.0917670322742187,103840,123.727099383667,123.727099383667,0.207719336197844
112,17,162204,124.110860398017,122.676479058279,0.466659183559792,162204,121.586372715839,121.586372715839,0.131825440513631
112,18,80382,120.663208180936,120.663208180936,0.153959873392848,80382,126.574593814536,126.574593814536,0.218309031994633
112,19,86498,120.320897593008,120.320897593008,0.0736445261640513,86498,124.547365257,124.547365257,0.180393480910259
112,20,84263,154.326501548722,143.267691494631,0.672073913928298,84263,228.729928913046,228.729928913046,0.456760364668706
112,21,122988,120.416878069405,120.416878069405,0.269485324005326,122988,122.374443035093,122.374443035093,0.26695907098274
112,22,85896,120.23785740896,120.23785740896,0.0863268234653535,85896,126.345906677843,125.005413390696,0.428817720426127
112,23,64919,121.261618324373,121.261618324373,0.097026613024385,64919,247.85753015296,272.100445454253,0.464192736962301
112,24,151184,129.47205392105,125.29245211801,0.682732558317656,151184,122.671208593502,122.671208593502,0.0812572525562791
112,25,113404,166.316823039752,133.677781166431,0.756362640289141,113404,203.762318789461,220.253272169836,0.454165105031485
112,26,87860,120.363931254268,120.363931254268,0.0895569606153943,87860,125.685590712497,125.685590712497,0.323734947067006
112,27,111478,121.720258705754,121.720258705754,0.235992064287883,111478,123.322395450223,123.322395450223,0.143486420824203
112,28,71987,120.379290705266,120.379290705266,0.114396164062454,71987,216.850820286996,199.137945006513,0.45582368645233
112,29,112938,122.144034780145,122.144034780145,0.197905011614022,112938,123.320627246808,123.320627246808,0.168958399179837
112,30,77258,127.058997126511,121.598439023477,0.802852539378986,77258,162.698464883896,171.07701487087,0.440880793166699
112,31,107768,120.02221438646,120.02221438646,0.109996605405178,107768,124.104455868161,124.104455868161,0.187646344802245
112,32,146830,120.161581420691,120.161581420691,0.0685577406505378,146830,123.586474153783,123.586474153783,0.176906292060872
112,33,112347,120.428120021006,120.428120021006,0.101962986508452,112347,247.394456460787,247.394456460787,0.487638326245422
112,34,178855,120.225540242096,120.225540242096,0.386496751080035,178855,121.912448631573,121.912448631573,0.3086461904314
112,35,95252,124.852832486457,124.852832486457,0.364218017086419,95252,222.508178305967,235.681668069505,0.47203735265694
112,36,143509,121.477489216704,121.477489216704,0.119713210766062,143509,121.988899650893,121.988899650893,0.190580449687015
112,37,135228,138.302111988641,126.49872206527,0.817110932868998,135228,123.181552637028,123.181552637028,0.162829245991893
112,38,128897,120.085688573047,120.085688573047,0.0610982819075964,128897,128.799599680365,126.413707696191,0.591692405018304
112,39,139538,120.66778941937,120.66778941937,0.0660831931946233,139538,123.708430678382,123.708430678382,0.255998947467953
112,40,112665,120.55509696889,120.55509696889,0.10448140361997,112665,282.470376780722,316.092050594693,0.479237655161295
112,41,123899,120.836931694364,120.836931694364,0.282599763313079,123899,198.597696510868,176.297826516397,0.476714193865673
112,42,101368,120.558874595533,120.558874595533,0.0597352472174171,101368,126.112214900166,125.09093451977,0.498781538149835
112,43,147587,122.118994220358,122.118994220358,0.235182746717381,147587,121.640916882923,121.640916882923,0.0657971376223897
112,44,73000,123.242273972603,123.242273972603,0.301709306706307,73000,212.568328767123,191.061851427055,0.471269238962886
112,45,93193,120.375500305817,120.375500305817,0.081552661331476,93193,124.514652388055,124.514652388055,0.221021010385079
112,46,151590,121.11963190184,121.11963190184,0.160943190788238,151590,123.719275677815,123.719275677815,0.1647973439009
112,47,93934,120.724082866694,120.724082866694,0.0771099126739046,93934,123.073445184917,123.073445184917,0.197870006697638
112,48,118819,121.061589476431,121.061589476431,0.109246220102759,118819,122.388927696749,122.388927696749,0.14287630420201
112,49,103600,123.082027027027,123.082027027027,0.294608991660058,103600,156.328030888031,156.328030888031,0.464323863031832
112,50,95641,136.858888970212,136.858888970212,0.558040150955513,95641,234.200949383633,234.200949383633,0.50470262748109
112,51,188595,120.877743312389,120.877743312389,0.143777122390032,188595,122.941610329012,122.941610329012,0.134586870138259
112,52,143885,119.844229766828,119.844229766828,0.0922159589950764,143885,127.530131702401,125.28615983175,0.471462650383479
112,53,112985,120.330557153604,120.330557153604,0.109311205272093,112985,125.392972518476,125.392972518476,0.207559494325306
112,54,121492,120.130189642116,120.130189642116,0.0478385162223572,121492,127.169788957298,127.169788957298,0.381167597894053
112,55,81257,123.081617583716,122.236873802461,0.430178313669093,81257,233.874558499575,254.243268685383,0.449112616617257
112,56,86040,125.686355183636,121.778661867003,0.799521783633449,86040,129.671838679684,126.770071780423,0.494985558123572
112,57,144170,120.885780675591,120.885780675591,0.0926192311116443,144170,122.658437955192,122.658437955192,0.117004505106618
112,58,100887,126.27741929089,126.27741929089,0.500236800862855,100887,215.325027010418,221.472458033529,0.411956338380193
112,59,173946,121.69438791349,121.69438791349,0.109448313993155,173946,122.442637370218,122.442637370218,0.178519861558603
112,99,109206,120.60765891984,120.60765891984,0.073454126130513,109206,260.365538523524,227.935620826436,0.481444467291222
112,100,101873,119.982939542371,119.982939542371,0.0687446465200888,101873,225.713388238297,240.095215717573,0.438112036895391
116,1,280019,120.856988275796,120.856988275796,0.0931220731440291,280019,122.543870237377,122.543870237377,0.183844320035839
116,2,113919,120.29492007479,120.29492007479,0.0844835882750984,113919,130.008207586092,127.346870241869,0.627731417455847
116,3,143568,120.817988688287,120.817988688287,0.0940505255764798,143568,122.418979159701,122.418979159701,0.136748064987509
116,4,101955,120.501623265166,120.501623265166,0.0677388042199354,101955,128.550321220146,125.216687698688,0.594973914508248
116,5,89230,120.868889386977,120.868889386977,0.16465857141766,89230,124.269079905861,124.269079905861,0.197230867934747
116,6,164776,120.924024129728,120.924024129728,0.096758237453332,164776,123.355597902607,123.355597902607,0.223513913322944
116,8,107650,119.926344635392,119.926344635392,0.128086955959705,107650,237.44351137947,211.644626530857,0.437591731164332
116,9,126783,134.76396677788,127.325759046786,0.709475602942568,126783,121.662975320035,121.662975320035,0.140668098779854
116,10,126833,123.203149022731,123.203149022731,0.257032216488115,126833,234.26329109932,261.2252094197,0.470988691789814
116,11,159909,121.049997185899,121.049997185899,0.112504413658565,159909,122.069383211702,122.069383211702,0.169073011074366
116,13,133967,120.414184090112,120.414184090112,0.102352539043791,133967,122.136906850194,122.136906850194,0.121266172593094
116,14,105587,132.093685775711,125.316336815906,0.799804372026003,105587,125.322407114512,125.322407114512,0.253919047576433
116,15,88286,120.83460571325,120.83460571325,0.165775028121614,88286,216.139591781256,216.139591781256,0.397046419215666
116,16,86126,137.913231776699,123.666737416768,0.802947606318186,86126,175.426851357314,187.685212755816,0.485053491081103
116,17,109336,125.352674325016,122.343536868895,0.612735457838854,109336,205.715958147362,216.800480009176,0.434475525429565
116,18,134305,121.162726629686,121.162726629686,0.316682478416327,134305,123.178169092737,123.178169092737,0.17554027057992
116,19,87390,120.359640691155,120.359640691155,0.0860384270111822,87390,203.793843689209,219.281164791852,0.423220059131486
116,20,134155,199.914486974023,222.335914310492,0.585609424783309,134155,221.520002981626,236.226389334246,0.437594684644634
116,21,78574,136.744419273551,128.681354097063,0.749151141427612,78574,247.035711558531,270.11765886218,0.478190174058986
116,22,113155,121.274146082807,121.274146082807,0.293322813439858,113155,123.656329813088,123.656329813088,0.231264041839216
116,23,93906,120.461482759355,120.461482759355,0.097869943885475,93906,223.345068472728,204.778690777812,0.429761964681738
116,24,135616,120.376666470033,120.376666470033,0.114428972563625,135616,237.27996696555,262.274810281633,0.561391079929423
116,25,102464,120.21827178326,120.21827178326,0.144664957105849,102464,123.531942926296,123.531942926296,0.23935297771109
116,26,176701,122.788592028342,122.788592028342,0.302391700726861,176701,121.779401361622,121.779401361622,0.102020944007237
116,27,142106,121.301176586492,121.301176586492,0.162222935984341,142106,122.018190646419,122.018190646419,0.154436325980458
116,28,94350,131.494266030737,122.721076759289,0.659231708334474,94350,255.09045045045,275.854543950293,0.439337096864762
116,29,112512,196.856246444824,227.22238783194,0.614863280294603,112512,239.812037827076,268.094588273719,0.470134694753273
116,30,126561,120.845252486943,120.845252486943,0.070390174147267,126561,123.774488191465,123.774488191465,0.12533937437342
116,31,157736,120.179825784856,120.179825784856,0.118761874419136,157736,122.270908353198,122.270908353198,0.144853432072573
116,33,83899,120.486835361566,120.486835361566,0.135792021355119,83899,126.592569637302,126.592569637302,0.228454553702264
116,34,137968,127.035863388612,123.881237208333,0.704751513652686,137968,122.550489968688,122.550489968688,0.136425771790261
116,35,104641,120.872162918932,120.872162918932,0.116141351136366,104641,123.10998556971,123.10998556971,0.172520049066258
116,36,73404,135.52187891668,126.930218854081,0.67817773999075,73404,152.580976513541,152.580976513541,0.383121136586064
116,37,121057,121.744442700546,121.744442700546,0.356528866784891,121057,173.235046300503,140.875392937206,0.773575147564793
116,38,118107,120.312216888076,120.312216888076,0.146405932179024,118107,217.980331394414,237.698561370442,0.443225247165032
116,39,99489,120.113138135874,120.113138135874,0.088181668667554,99489,126.2359557338,126.2359557338,0.178115260325337
116,40,104698,121.857361172133,121.857361172133,0.32874429035433,104698,217.299728743625,241.373265819462,0.465683096448006
116,41,137211,119.998914081233,119.998914081233,0.067881645034452,137211,123.565887574611,123.565887574611,0.152818779231819
116,42,168356,169.68816080211,169.68816080211,0.779029420610014,168356,122.446613129321,122.446613129321,0.098935024163161
116,43,116064,122.458453956438,122.458453956438,0.239723745574949,116064,166.883460849187,166.883460849187,0.336510917908071
116,44,129790,121.347484397873,120.184981007745,0.560656475351657,129790,126.895877956699,126.895877956699,0.190724703543675
116,45,183032,121.0813409677,121.0813409677,0.0855699628814807,183032,123.497213601993,123.497213601993,0.206722443351706
116,46,125442,120.172621609987,120.172621609987,0.0396954383055659,125442,139.059350137912,126.099109533991,0.770753143233032
116,47,93759,120.236350643672,120.236350643672,0.107667304808298,93759,126.19846628057,124.738364700548,0.492462703622373
116,48,108051,120.113103997187,120.113103997187,0.10411508780651,108051,127.14792088921,127.14792088921,0.357025688240322
116,49,92812,121.839266474163,121.839266474163,0.329064677077854,92812,223.487393871482,223.487393871482,0.46844859532358
116,50,92447,138.447856609733,123.121196003535,0.798298847409858,92447,127.672709768841,124.981023255313,0.533134120205657
116,51,96502,132.04248616609,123.886530968809,0.718893684268081,96502,249.912727197364,276.853701834868,0.488198833430836
116,52,98806,161.674351760015,133.462495005933,0.786636080547548,98806,255.317612290752,255.317612290752,0.520318887046686
116,53,94981,120.554279276908,120.554279276908,0.120428815246302,94981,125.07122477127,125.07122477127,0.243556707620569
116,54,119879,120.699855687819,120.699855687819,0.111772536676721,119879,124.427539435598,124.427539435598,0.333975246344018
116,55,107565,121.253985961976,121.253985961976,0.101392981413048,107565,123.168010040441,123.168010040441,0.124002859845163
116,56,77740,122.089940828402,122.089940828402,0.226850927236143,77740,233.873025469514,254.754428264796,0.461207487156696
116,57,153644,121.047271614902,121.047271614902,0.0648794483406396,153644,122.653875192002,122.653875192002,0.145406188771702
116,58,138716,119.674212059171,119.674212059171,0.07708478150366,138716,127.621384699674,125.184262378562,0.436975985980933
116,59,66055,137.500310347438,126.37107451128,0.747212421961825,66055,256.66303837711,256.66303837711,0.506462183718697
116,60,211987,120.607339129286,120.607339129286,0.0837008965686344,211987,122.776802351088,122.776802351088,0.211799266303451
116,61,93236,120.601656012699,120.601656012699,0.0912186830130922,93236,304.136653224077,344.48176802751,0.512438111944367
116,62,41032,124.512331838565,122.716890325696,0.418578659485288,41032,230.029684148957,252.959580798332,0.535034614149708
116,111,100203,120.600361266629,120.600361266629,0.12765248623952,100203,229.794706745307,244.596626079314,0.41329363067919
116,112,88859,119.76965754735,119.76965754735,0.120264792489527,88859,129.023880529828,126.894307618601,0.524432305177638
116,114,92387,120.672183315834,120.672183315834,0.0863977862061119,92387,293.34131425417,259.222005084237,0.446553289591121
116,115,93336,121.215800977115,121.215800977115,0.386418763171434,93336,240.382274792149,257.650966917095,0.409893775438343
116,184,57345,129.654128520359,123.320414711688,0.819238508955563,57345,231.241607812364,250.747498122337,0.475221039373175
116,185,78352,120.988028384725,120.988028384725,0.130422449677628,78352,252.364189810088,272.882853479595,0.424794137338465
120,1,284519,120.939993462651,120.939993462651,0.115323505631685,284519,122.390659323279,122.390659323279,0.226000143086066
120,4,157908,120.534317450667,120.534317450667,0.276458464088259,157908,122.14857385313,122.14857385313,0.221309695616003
120,5,130391,120.602227147579,120.602227147579,0.0837558382684683,130391,130.804373001204,125.450377160716,0.623024331268097
120,6,128852,121.855935491882,121.855935491882,0.260093303083111,128852,260.954684444168,260.954684444168,0.502020499038196
120,7,138783,133.917309756959,125.765247122421,0.823410532628328,138783,124.745487559716,124.745487559716,0.197477932520694
120,8,199856,123.034159594908,123.034159594908,0.253939954306748,199856,121.858363021375,121.858363021375,0.0771719694365833
120,9,162530,121.121694456408,121.121694456408,0.0376744147173215,162530,122.916864578847,122.916864578847,0.294169705503617
120,10,132216,122.629454831488,122.629454831488,0.327162958145679,132216,122.978701518727,122.978701518727,0.120061735335839
120,11,115440,120.187647262647,120.187647262647,0.103255087027938,115440,247.847028759529,247.847028759529,0.395301622637937
120,12,101780,120.666309687561,120.666309687561,0.0934224110741685,101780,123.961063077225,123.961063077225,0.0879525137441352
120,13,156583,121.401665570337,121.401665570337,0.106344984676911,156583,122.059118806001,122.059118806001,0.200290052833112
120,14,97624,124.613343030402,122.432612139371,0.45309320132679,97624,152.173133655658,152.173133655658,0.358927307322232
120,15,122404,168.007826541616,134.070271662722,0.740973963259198,122404,269.339425182184,294.272421172151,0.456229167005692
120,16,147677,120.188126790225,120.188126790225,0.120454898714421,147677,122.142283497092,122.142283497092,0.195427421237138
120,17,135243,127.193658821529,121.513035805013,0.75070721065682,135243,237.088218983607,245.156368329067,0.442706756418762
120,18,163714,182.064753167109,217.725643522784,0.695557566391132,163714,231.633378941325,259.776017887947,0.459328386409816
120,19,98623,120.330531417621,120.330531417621,0.0847157095116183,98623,129.416048994656,127.114216321156,0.672559320961756
120,21,93014,120.23258864257,120.23258864257,0.104024069434318,93014,208.020910830628,224.695427571293,0.436163147945231
120,22,113076,139.233630478616,123.860507767024,0.853499839616604,113076,222.452315256995,243.763922075289,0.449382011438317
120,23,113719,120.516386883458,120.516386883458,0.0909326182952774,113719,129.430288694062,129.430288694062,0.361997305425119
120,25,91170,138.282176154437,122.963507019387,0.804729781251284,91170,152.471690248985,127.093654545576,0.815756384961229
120,27,144544,120.195421463361,120.195421463361,0.0960342869955418,144544,122.906692771751,122.906692771751,0.131053283743014
120,28,127960,120.002938418256,120.002938418256,0.0750062680971522,127960,123.655501719287,123.655501719287,0.126283488976207
120,29,190481,120.676109428237,120.676109428237,0.101720548605315,190481,123.675600191095,123.675600191095,0.288763285523691
120,30,163124,126.409755768618,123.31185129094,0.504510754573532,163124,122.006675902994,122.006675902994,0.108753543096096
120,31,143111,120.843869443998,120.843869443998,0.0790710519921379,143111,122.729266094151,122.729266094151,0.254119512599939
120,32,127183,135.573748063814,126.551811159369,0.735109339554774,127183,122.115070410354,122.115070410354,0.131910439864261
120,33,141575,119.984962034257,119.984962034257,0.0746893452513123,141575,128.687967508388,127.042650602217,0.537174030079166
120,34,119902,122.93820786976,120.707391872459,0.609181718228512,119902,124.659405180898,124.659405180898,0.204478030820439
120,35,71509,133.761848158973,126.869124789889,0.590332863757572,71509,245.055573424324,273.201902192945,0.46602558685476
120,36,77639,121.735764242198,121.735764242198,0.249398536955197,77639,221.366774430376,238.627779815671,0.436239594050309
120,37,99818,140.327005149372,140.327005149372,0.704488007044396,99818,283.81410166503,321.937269637671,0.469571771361619
120,38,74702,126.498340071216,122.181595364789,0.649413321774557,74702,287.289657572756,287.289657572756,0.462135990863638
120,39,155087,120.326964864882,120.326964864882,0.0572697739314187,155087,121.904066749631,121.904066749631,0.153471527383973
120,40,103425,120.618090403674,120.618090403674,0.080186445608043,103425,219.322030456853,200.07543662724,0.424684609450132
120,41,128365,120.453371246056,120.453371246056,0.117035024570063,128365,125.440571806957,125.440571806957,0.288674921744989
120,42,74465,120.538910897737,120.538910897737,0.121031491846717,74465,274.906130396831,296.910525898496,0.480534800598074
120,43,97834,164.146257947135,124.552555345224,0.797252942597865,97834,276.970848580248,276.970848580248,0.502199703236371
120,44,116210,119.76105326564,120.502295537099,0.418055378629066,116210,122.830057654247,122.830057654247,0.183492980701744
120,45,97841,119.748919164767,119.748919164767,0.389147860465319,97841,123.524851544853,123.524851544853,0.182480674071464
120,46,89626,120.272588311427,120.272588311427,0.089830358634084,89626,128.085622475621,126.058533473348,0.469749146190976
120,47,123311,120.508875931588,120.508875931588,0.209507966434217,123311,230.924613375936,250.341761641543,0.443308919973232
120,48,103807,120.352461780034,120.352461780034,0.0957849176365964,103807,127.172358318803,124.392916788491,0.573053718378808
120,49,100047,120.186592301618,120.186592301618,0.281407442577254,100047,125.001589253051,125.001589253051,0.340669769561015
120,50,74146,122.135799638551,122.135799638551,0.239723865197219,74146,179.144296388207,192.041703742049,0.506943344105128
120,51,147507,121.040635359678,121.040635359678,0.100874378971383,147507,121.923237541269,121.923237541269,0.209165513320804
120,53,169645,170.522821185417,132.696382165605,0.795378960431309,169645,122.149571163312,122.149571163312,0.056517420881903
120,54,121592,121.349126587275,121.349126587275,0.155662378583785,121592,122.096231659978,122.096231659978,0.216058313218391
120,55,161476,121.013810101811,121.013810101811,0.0732453647871744,161476,122.612778369541,122.612778369541,0.0804942844405562
120,56,46711,121.229731754833,121.229731754833,0.16862252067079,46711,234.347305773801,257.324127504269,0.501784955350886
120,57,143373,119.860454897366,119.860454897366,0.0758073209354089,143373,128.521458015107,125.529774134609,0.491476636274634
120,58,237706,120.734769000362,120.734769000362,0.0884795115804567,237706,123.131603745804,123.131603745804,0.153579822952747
120,59,70206,122.35920006837,122.35920006837,0.318186860013975,70206,234.335128051733,234.335128051733,0.481297773579538
120,60,57635,136.828107920534,125.374363916854,0.71285820868837,57635,182.036522946126,195.69604192888,0.51631663930631
120,61,87977,120.447901155984,120.447901155984,0.113046304189912,87977,206.834433999795,188.146885015811,0.434256212908722
120,131,112345,120.34150162446,120.34150162446,0.0925378180191789,112345,226.372878187725,242.256115469758,0.460029743632022
120,132,108557,119.808432436416,119.808432436416,0.0956669616853354,108557,131.099431634994,126.85103284564,0.640192906884452
120,133,69517,120.542989484586,120.542989484586,0.0935701620798588,69517,221.959448767927,233.662940587413,0.401820807323748
120,134,142612,120.110053852411,120.110053852411,0.0926939767162898,142612,129.800781140437,126.278078052326,0.531711247437357
120,135,67135,121.325374245922,121.325374245922,0.148495832316061,67135,266.398242347509,266.398242347509,0.406315440181003
120,136,121487,120.018504037469,120.018504037469,0.0725272160840734,121487,232.674895256283,268.797196565159,0.500876571267661
120,197,84261,121.022905021303,121.022905021303,0.0745914367316087,84261,152.828283547549,140.781433559095,0.637282601300482
120,198,99716,120.718961851659,120.718961851659,0.0779525016988248,99716,305.352109992378,279.715070435758,0.439694306505101
120,199,94857,123.592418060871,121.737118664187,0.60296667285083,94857,284.614261467261,284.614261467261,0.398761946618352
120,200,92886,121.447279460844,121.447279460844,0.262807738128808,92886,301.739174902569,329.204558305858,0.43178130723982
124,1,182350,153.365917192213,166.772424370316,0.600884956663865,182350,217.052432136002,250.807259683328,0.493663056853353
124,4,192046,120.885730502067,120.885730502067,0.109206751265106,192046,121.524171292295,121.524171292295,0.113665985285712
124,6,153981,142.616491645073,125.769891880947,0.832810499745651,153981,123.574687786155,123.574687786155,0.302341930305581
124,7,135306,120.385607437955,120.385607437955,0.0674333877425099,135306,125.273860730492,123.371039783135,0.488292818630468
124,8,110660,120.778980661486,120.778980661486,0.0874255934628037,110660,125.688595698536,125.688595698536,0.186923551152577
124,9,121446,120.006949590765,120.006949590765,0.091289477737765,121446,156.789379641981,128.05399680492,0.853924118120141
124,10,121991,120.059225680583,120.059225680583,0.111606348750479,121991,268.860071644629,236.156944076291,0.482529897939397
124,12,162415,124.145226733984,124.145226733984,0.291644038807739,162415,121.983492903981,121.983492903981,0.134436922798039
124,14,167758,119.903110432885,119.903110432885,0.107720531058349,167758,122.133871410007,122.133871410007,0.122463380543128
124,15,160006,120.871111083334,120.871111083334,0.0594862067527159,160006,122.009337149857,122.009337149857,0.187927223496899
124,16,118285,129.217356385002,121.731458193798,0.735186029985043,118285,174.073872426766,174.073872426766,0.782287634659191
124,17,192543,120.298930628483,120.298930628483,0.0942276601583271,192543,122.006538799125,122.006538799125,0.104953919223209
124,18,89809,122.920097094946,121.150007270113,0.480316890558285,89809,158.420960037413,158.420960037413,0.368267356333942
124,19,139074,120.29113996865,120.29113996865,0.0910064362571984,139074,206.774616391274,227.709956715495,0.473821674647483
124,20,72494,127.810011863051,123.076578961844,0.73926415166858,72494,286.3568847077,305.546590682142,0.440962617154096
124,21,93312,122.035311642661,121.089960355185,0.555237988185534,93312,244.053583676269,259.918654887332,0.407921434268158
124,22,161981,120.758459325476,120.758459325476,0.131995481899829,161981,124.706761904174,124.706761904174,0.173132573780693
124,23,150845,120.523530776625,120.523530776625,0.0992980349406301,150845,132.745261692466,127.836523979606,0.741134155653123
124,24,130034,120.307458049433,120.307458049433,0.0735313493023905,130034,228.599243274836,228.599243274836,0.427863174297004
124,25,139887,142.904294180303,125.34919888903,0.771839809445683,139887,215.665394211042,235.653977170426,0.461124158915614
124,26,147774,125.876453232639,122.300450594026,0.770291896101363,147774,123.398371838077,123.398371838077,0.200393104827335
124,27,121561,120.006729131876,120.006729131876,0.0727468191194069,121561,129.135528664621,125.638084419514,0.588777048093129
124,28,135942,120.5168012829,120.5168012829,0.103238128965428,135942,123.450059584234,123.450059584234,0.275954978505448
124,29,119087,121.337610318507,121.337610318507,0.319743733062378,119087,299.248918857642,299.248918857642,0.55297574861852
124,30,78896,119.850030419793,119.850030419793,0.0909425507378039,78896,231.13341614277,258.950830543092,0.442920423755596
124,31,125746,120.640561131169,120.640561131169,0.192180019796983,125746,252.93051866461,281.997251198526,0.455703312783702
124,32,105508,120.585813398036,120.585813398036,0.24272072198783,105508,122.496426811237,122.496426811237,0.158415191041944
124,33,130988,192.555318044401,227.63917662372,0.709743508147214,130988,258.591550371026,276.536953092424,0.434144847472917
124,34,110453,121.515531493033,121.515531493033,0.230651774199202,110453,133.806433505654,133.806433505654,0.273230494200645
124,35,94348,120.126923729173,120.126923729173,0.0935243759861562,94348,125.297028023911,123.988963026957,0.478710512948946
124,36,91400,121.768741794311,120.578295100728,0.585236549028886,91400,151.725098468271,148.334006580135,0.416818754432664
124,37,161959,173.291277422064,133.329335568213,0.770291174288088,161959,122.528954858946,122.528954858946,0.208452761742385
124,38,153859,121.426429393146,121.426429393146,0.0918678226935898,153859,123.835206260277,123.835206260277,0.235967093692413
124,39,139068,123.304232461817,123.304232461817,0.393153499909515,139068,121.679969511318,121.679969511318,0.216941037173326
124,40,108997,124.497187996,124.497187996,0.230326992180267,108997,123.240217620668,123.240217620668,0.228139473506231
124,41,136624,119.814981262443,120.527946408689,0.478568440535418,136624,121.928489870008,121.928489870008,0.376593794784708
124,42,166545,120.421093398181,120.421093398181,0.322892839718725,166545,122.505563061035,122.505563061035,0.350092868308288
124,43,81802,122.17978778025,121.241636789419,0.467863674405031,81802,353.163431211951,380.225746408602,0.437030326628333
124,44,82802,137.285512427236,125.381019922812,0.723165426214371,82802,238.975580299993,253.521526473522,0.449471239848394
124,45,118911,120.132081977277,120.132081977277,0.120560064186643,118911,122.788438411922,122.788438411922,0.120466484594713
124,46,126903,129.739352103575,122.952621788952,0.550696912672772,126903,286.588764647014,323.334015844653,0.496941374063802
124,47,121536,120.628875394945,120.628875394945,0.110401765894421,121536,123.960999210111,123.960999210111,0.165239867880569
124,48,101740,144.638971889129,123.826420816638,0.774169493015253,101740,298.041409475133,342.17536917351,0.523514129903716
124,49,212302,120.974705843562,120.974705843562,0.114486074626606,212302,121.975539561568,121.975539561568,0.142929105141691
124,50,117441,120.184211646699,120.184211646699,0.0707406487328461,117441,127.551800478538,127.551800478538,0.304588654109943
124,51,66054,120.175144578678,120.175144578678,0.072251498310161,66054,281.902140672783,311.472339199612,0.502183444557199
124,52,79759,121.012562845572,121.012562845572,0.124567225207779,79759,199.982647726275,213.142550241351,0.440602874458006
124,53,128289,120.306511080451,120.306511080451,0.286023039676079,128289,130.277849231033,125.974496712411,0.602398569073311
124,54,111623,122.133368570993,121.137452206704,0.607907431613201,111623,195.121910358976,214.331177303035,0.47562496990404
124,55,143576,121,121,0.100193988066845,143576,122.356006574915,122.356006574915,0.191357219047309
124,56,82128,124.006428988895,121.837648971081,0.521963452521542,82128,178.074225599065,188.336873869921,0.485300049766528
124,57,55670,120.418322256152,120.418322256152,0.120500728896084,55670,214.806089455721,214.806089455721,0.388466071430197
124,58,140855,119.772986404458,119.772986404458,0.14566587003926,140855,139.585964289518,129.049812558758,0.707360191096904
124,59,124266,120.489079877038,121.222112023032,0.408196985612107,124266,122.097645373634,122.8664830531,0.437901654348056
124,60,141912,120.957093128136,120.957093128136,0.0748710402167797,141912,122.3877896161,122.3877896161,0.129365865448707
124,61,136671,120.876784394641,120.876784394641,0.116586820216569,136671,122.712931053406,122.712931053406,0.203782046791659
124,219,92963,120.846594881835,120.846594881835,0.0839729243035702,92963,227.763787743511,245.466256996996,0.436269055315079
124,220,166959,120.320761384532,120.320761384532,0.0922073286995964,166959,132.400685198162,126.429750546949,0.612991419908457
124,221,83812,122.398940485849,121.400902963962,0.575253197379994,83812,250.349591943874,250.349591943874,0.394263134186477
124,222,70307,120.98697142532,120.98697142532,0.094285120064013,70307,265.113672891746,265.113672891746,0.384162231188075
124,223,88540,120.12846171222,120.12846171222,0.0563376442672815,88540,236.95460808674,236.95460808674,0.487119925415032
124,224,106020,120.039916996793,120.039916996793,0.0663927419070131,106020,237.519930201849,237.519930201849,0.403916414590385
124,225,113264,119.800024721006,119.800024721006,0.121224769391532,113264,133.773431981918,128.494712045144,0.646516502249504
124,226,133610,122.291594940498,122.291594940498,0.394147232606231,133610,296.117947758401,329.900747575091,0.456455768786588
124,227,87885,120.462035614724,120.462035614724,0.0844570453896767,87885,308.489298515105,329.997991234681,0.414962762610916
128,3,142667,128.560143551066,121.32924712179,0.826185958469033,142667,285.219658365284,345.32295556729,0.562333819896176
128,4,137965,120.229203058747,120.229203058747,0.0933957331888682,137965,125.647599028739,123.614819735801,0.52878892157973
128,5,216435,120.971709751196,120.971709751196,0.0892623587698274,216435,122.008612285444,122.008612285444,0.0886126275661534
128,6,176460,159.124900827383,125.647668058863,0.806908694648103,176460,122.816179304092,122.816179304092,0.350073678419172
128,7,131992,120.099468149585,120.099468149585,0.0895722468239329,131992,130.060094551185,125.566127323552,0.625564166447639
128,8,141174,121.523283324125,121.523283324125,0.362394322663958,141174,124.934853443269,124.934853443269,0.113265539267013
128,11,112630,120.954310574447,120.954310574447,0.0988019338313521,112630,124.622951256326,124.622951256326,0.272505461743945
128,12,143000,124.604020979021,124.604020979021,0.198294763478671,143000,123.734552447552,123.734552447552,0.280942774464051
128,13,107942,119.988901447073,119.988901447073,0.0971122127246886,107942,138.363510033166,127.198715684606,0.728725384631601
128,14,148092,123.31838991978,121.436609181182,0.64804677481178,148092,242.752876590228,261.954877372828,0.451273622467485
128,16,141418,120.688625210369,120.688625210369,0.105200561977971,141418,123.111131539125,123.111131539125,0.311361375583648
128,17,114535,120.771152922687,120.771152922687,0.106125075599904,114535,150.882507530449,150.882507530449,0.352550684362939
128,18,143516,121.147419103097,121.147419103097,0.0866635483213756,143516,122.345208896569,122.345208896569,0.158607926314786
128,19,140977,196.135390879363,146.28610130435,0.716562178830561,140977,234.168289862885,263.376818505694,0.510169205340204
128,20,181103,120.625031059673,120.625031059673,0.106893195576015,181103,121.317239361027,121.317239361027,0.0742063670625917
128,21,126329,125.439709013766,121.005227475498,0.786152548208373,126329,261.298735840543,280.568057644964,0.427361275213122
128,22,186734,120.053445007337,120.053445007337,0.0827272899761193,186734,122.245681022203,122.245681022203,0.0946443614945202
128,23,108045,126.289397936045,122.823807547703,0.561747498523298,108045,171.147845804989,133.3983729434,0.778510750214086
128,24,134384,122.046129003453,122.046129003453,0.155951328739339,134384,122.471328431956,122.471328431956,0.127555480223822
128,25,115198,120.206687616104,120.206687616104,0.0823432551686385,115198,291.699369780725,291.699369780725,0.488426535646941
128,26,142325,119.900937994028,120.568506435612,0.432480293671266,142325,121.619595995082,121.619595995082,0.35157014349656
128,27,131062,120.288725946499,120.288725946499,0.0838904311463591,131062,224.942904884711,224.942904884711,0.432778872989776
128,28,68143,122.923675212421,121.339370479734,0.596726980345218,68143,301.252557122522,275.234844511154,0.451843984781869
128,29,82402,152.970000728138,170.569068813348,0.578392507021629,82402,259.942914006942,259.942914006942,0.491829086329377
128,30,105815,120.226111609885,120.226111609885,0.0839395699415838,105815,124.020658696782,123.123508788271,0.442230770508317
128,31,300246,267.673724212812,316.711769591824,0.551770255294615,300246,189.606725818162,203.83380051928,0.485966225828555
128,32,134185,123.596750754555,123.596750754555,0.318883420925748,134185,122.576934828781,122.576934828781,0.159652347121884
128,33,163520,145.508292563601,125.483055875474,0.804113119989471,163520,121.638356164384,121.638356164384,0.148592164095682
128,34,134666,119.811400056436,119.811400056436,0.0841551064558873,134666,135.917425333789,129.634441970949,0.647394472542215
128,35,178550,120.355418650238,120.355418650238,0.107165111606794,178550,121.660515261831,121.660515261831,0.155830302527911
128,36,126284,120.530637293719,120.530637293719,0.0796306030238443,126284,142.205386272212,128.261088643439,0.803221665895928
128,37,117433,124.291706760451,121.357411873664,0.571487673142309,117433,313.524665128201,347.139838166131,0.484555259578644
128,38,154582,119.896818517033,119.896818517033,0.103280329597059,154582,200.349762585553,180.743520872661,0.520325441143304
128,39,108107,120.175613050034,120.175613050034,0.119480769375078,108107,122.826079717317,122.826079717317,0.15410730819706
128,40,82493,125.008376468306,120.788164937624,0.752652468934027,82493,162.972494635909,162.972494635909,0.314934658961752
128,41,97460,120.9388774882,120.9388774882,0.129321027167112,97460,200.802462548738,183.022215994152,0.467071923336826
128,42,83466,120.086406440946,120.086406440946,0.077221089889143,83466,248.211163827187,248.211163827187,0.479157412744708
128,43,123518,126.164696643404,122.612848782322,0.778487096013289,123518,123.842079696886,123.842079696886,0.15055073486448
128,44,112953,119.942365408621,119.942365408621,0.0617446922196519,112953,146.343390613795,132.182679870397,0.731524096687221
128,45,137720,121.252613999419,121.252613999419,0.237318481177062,137720,122.350508277665,122.350508277665,0.254447774957652
128,46,92862,139.127016432987,122.797075706668,0.803489148685335,92862,335.062350584739,381.113304637286,0.535402771630458
128,47,87669,122.680320295658,122.680320295658,0.371541914828059,87669,199.334736337816,212.130276682675,0.520757306926176
128,48,128504,119.890190188632,119.890190188632,0.0915760319757998,128504,122.033446429683,122.033446429683,0.117263500149237
128,49,129715,119.847542689743,120.469990563128,0.458371114647681,129715,122.80959025556,122.80959025556,0.36212777148857
128,50,187260,120.950491295525,120.950491295525,0.0980733837794985,187260,122.085896614333,122.085896614333,0.111602574540151
128,51,112827,119.894422434346,119.894422434346,0.11635056401769,112827,123.289310182846,123.289310182846,0.0986726157129242
128,52,159896,120.842847851103,120.842847851103,0.100551533288186,159896,122.610177865613,122.610177865613,0.146916468410323
128,53,87428,120.629455094478,120.629455094478,0.0991507766400236,87428,235.395456833051,213.919675963859,0.473751445377011
128,54,180184,120.684938729299,120.684938729299,0.0766971674545462,180184,122.431636549305,122.431636549305,0.150423031976901
128,55,102369,120.216081040159,120.216081040159,0.092540481114163,102369,126.240023835341,125.374734549122,0.423829986424698
128,56,117543,122.108292284526,120.872042383592,0.58383866598041,117543,332.049301106829,284.947544850157,0.491293046313338
128,57,116977,120.594698103046,120.594698103046,0.376648573206222,116977,121.913145319165,122.581676868998,0.402141346695037
128,263,122255,121.256643900045,121.256643900045,0.181142283349479,122255,228.170291603615,228.170291603615,0.508997544804516
128,264,59863,120.920318059569,120.920318059569,0.0955816994028474,59863,273.977648965137,261.654428836264,0.400392131055359
128,265,103297,120.224091696758,120.224091696758,0.0957306178073585,103297,223.358829394852,223.358829394852,0.487182581951117
128,266,93194,121.5803699809,121.5803699809,0.183842801336117,93194,303.49253170805,324.011819607725,0.439017304971332
128,267,55606,121.723231305974,121.723231305974,0.260606024482736,55606,272.172733158292,272.172733158292,0.398710941636164
128,268,108885,120.132194517151,120.132194517151,0.0823375376365328,108885,234.453496808559,203.383035063259,0.549222189892904
128,269,114815,120.385150023952,120.385150023952,0.0669230022332283,114815,128.918878195358,126.333974662011,0.545740654646896
128,270,150675,120.579837398374,120.579837398374,0.10228902520634,150675,222.917405010785,211.439744475948,0.406532994177267
128,272,111280,130.980203091301,122.790956960954,0.774940908795722,111280,334.478495686556,355.556580545972,0.443536592363131
128,273,122858,120.371852056846,120.371852056846,0.135676537551948,122858,306.885624053786,341.511862427537,0.444046679995047
128,274,85941,120.793521136594,120.793521136594,0.0779861422091018,85941,180.171850455545,172.347154765573,0.6234202298827
128,275,117041,119.959330491025,119.959330491025,0.100004070678728,117041,128.80918652438,126.370701589184,0.561471804618407
132,1,273445,120.741688456545,120.741688456545,0.142944818012709,273445,121.185891129843,121.185891129843,0.126450001397477
132,2,146740,120.708416246422,120.708416246422,0.143654250750963,146740,122.640186724819,122.640186724819,0.164616161896424
132,5,150227,120.868525631211,120.868525631211,0.0831077198324367,150227,128.312626891304,124.638901295347,0.634134601054076
132,6,170677,120.1021695952,120.1021695952,0.0628166479350467,170677,121.620353064561,121.620353064561,0.133008557479183
132,7,164110,121.194010115167,121.194010115167,0.153667697164242,164110,297.817238437633,350.409103159861,0.506485088889814
132,8,100801,120.762422991835,120.762422991835,0.129174399318312,100801,295.520391662781,316.819263285397,0.448633011732464
132,9,112297,127.269455105657,121.405690568876,0.75883621974983,112297,258.635475569249,277.218290647938,0.47515217826076
132,10,120584,120.600544019107,120.600544019107,0.052366970329378,120584,243.514280501559,243.514280501559,0.392710292024965
132,11,101487,132.01066146403,121.625232131469,0.783636541199276,101487,309.166218333383,343.121861455028,0.556409805190298
132,12,195799,120.306441810224,120.306441810224,0.0959903732740196,195799,124.446646816378,122.668074161982,0.60979478737966
132,14,171692,119.659646343452,119.659646343452,0.0671286546859709,171692,122.894992195327,122.894992195327,0.15809202262735
132,15,125264,120.162840081747,120.162840081747,0.0611399472963684,125264,251.555019798186,287.772535578544,0.580448189512133
132,17,85726,120.527902853277,120.527902853277,0.0938965845445082,85726,157.486561836549,163.090522536798,0.451776277306633
132,18,89231,124.843944369109,122.20909675942,0.604692841023446,89231,273.337147403929,273.337147403929,0.296988030837062
132,19,104531,120.654466139231,120.654466139231,0.0747504843181458,104531,124.125120777568,124.125120777568,0.259442054770192
132,20,241266,121.184062404151,121.184062404151,0.110534563568372,241266,122.052017275538,122.052017275538,0.139717741954302
132,21,125895,119.956638468565,119.956638468565,0.104034863359503,125895,312.123309106795,280.824226681322,0.483868856025789
132,22,149487,121.854301711855,121.854301711855,0.275387522170481,149487,122.430358492712,122.430358492712,0.133853210565283
132,23,87452,124.7846475781,121.587797797405,0.592757417631262,87452,335.426816996753,362.332830587759,0.441518341079904
132,24,119268,119.545611563873,119.545611563873,0.388972454561368,119268,122.929754837844,122.929754837844,0.212267126902875
132,25,113417,120.387058377492,120.387058377492,0.0831843749798201,113417,258.966900905508,258.966900905508,0.433088369051784
132,26,51792,119.989805375348,119.989805375348,0.0924804082587343,51792,135.036434198332,130.623601122451,0.589695942704404
132,27,73230,240.97034002458,240.97034002458,0.587617383618297,73230,217.857189676362,222.979395144434,0.424164373372432
132,28,110660,120.692183264052,120.692183264052,0.113483552097249,110660,129.002720043376,127.896569073735,0.472897806265605
132,29,110238,120.791795932437,120.791795932437,0.0802431661948652,110238,226.576851902248,198.468797730286,0.489480209852948
132,30,118464,119.856952323069,120.646549984213,0.457225317706315,118464,123.335747568882,123.335747568882,0.203154265926781
132,31,122457,120.873849596185,120.873849596185,0.13101990330677,122457,197.626505630548,234.650615831371,0.690876777302493
132,32,136154,119.972722064721,119.972722064721,0.092673607477997,136154,124.36774534718,124.36774534718,0.266428427085789
132,33,165252,121.918312637669,121.918312637669,0.283924212043705,165252,122.446578558807,122.446578558807,0.148879101860734
132,34,160712,119.750877345811,119.750877345811,0.0992587314042515,160712,123.804096769376,123.804096769376,0.165234061777264
132,35,110856,119.904191022588,119.904191022588,0.0648906913384178,110856,137.290728512665,128.519728867934,0.661704117661412
132,36,236501,120.956143948651,120.956143948651,0.0734543704352729,236501,122.480556107585,122.480556107585,0.165668355860934
132,37,140566,120.734281405176,120.734281405176,0.117398966456618,140566,122.986276909068,122.986276909068,0.290308015081874
132,38,144154,122.195790612817,122.195790612817,0.226669392705992,144154,122.802378012403,122.802378012403,0.259610590114151
132,39,126751,120.738211138374,120.738211138374,0.106405025758477,126751,162.958367192369,176.936944809429,0.531695556584174
132,40,148953,120.789020697804,120.789020697804,0.390451243252174,148953,121.603881761361,121.603881761361,0.344507007836464
132,41,129210,120.437086912778,120.437086912778,0.139987863945833,129210,122.420710471326,122.420710471326,0.230893159839198
132,42,111253,133.812697185694,122.663559778867,0.799659024010996,111253,140.291722470405,129.289278055562,0.646128992191467
132,43,121787,295.343985811293,268.131747971509,0.490198660073399,121787,178.819676977017,201.749153953222,0.572687278696609
132,44,127094,120.872228429352,120.872228429352,0.218561221848054,127094,122.001668056714,122.001668056714,0.175169206150418
132,45,113864,128.124095412071,123.209193046745,0.731845311786384,113864,234.164889692967,261.641386856833,0.53874968235396
132,46,64188,120.906431108618,120.906431108618,0.0717360897696436,64188,125.632002866579,122.906289625853,0.490175310169526
132,47,88379,120.695266975186,120.695266975186,0.124771338790494,88379,126.13353851028,125.170164885297,0.546615749981885
132,48,95014,132.274917380597,122.932121237764,0.766547130772854,95014,225.11743532532,252.247377684609,0.494802204751113
132,49,57638,120.916825705264,120.916825705264,0.065647649368321,57638,126.186005760089,122.858043440163,0.520795359645876
132,50,122650,120.727492865879,120.727492865879,0.131676684896275,122650,122.099812474521,122.099812474521,0.165520883588503
132,51,117924,121.158262949018,121.158262949018,0.0859870596444569,117924,122.164165055459,122.164165055459,0.123227708148185
132,52,61184,161.135296809623,161.135296809623,0.699248172830402,61184,214.112823614017,198.107862464632,0.510562129588889
132,53,182597,121.293224970837,121.293224970837,0.0934551087239542,182597,121.703144082323,121.703144082323,0.0927009312698381
132,54,137017,119.951473174862,119.951473174862,0.0811704483407525,137017,141.45295109366,131.325020826038,0.696659870989003
132,55,99365,121.742404267096,121.742404267096,0.130493184827975,99365,232.48296683943,217.816181509096,0.432373285977776
132,56,68598,122.2795416776,122.2795416776,0.180830169679078,68598,281.027566401353,296.095427917064,0.462743908780162
132,57,125917,119.462987523527,119.462987523527,0.0974895305850631,125917,123.234019234893,123.234019234893,0.218373768919933
132,58,67254,120.700404436911,120.700404436911,0.115374397175383,67254,304.587147232878,326.396786870581,0.487679682992236
132,59,62813,161.650995812969,183.888445866687,0.670695120553126,62813,245.766974989254,214.609246943094,0.541058295784883
132,61,70147,120.472621779976,120.472621779976,0.120078388768398,70147,129.805836315167,127.974675709341,0.5300188280638
132,62,27920,121.093839541547,121.093839541547,0.139848492336071,27920,231.230014326648,231.230014326648,0.397326534314828
132,63,80709,121.588881041767,121.588881041767,0.119250377473143,80709,123.010866198317,123.010866198317,0.141542319010772
132,64,53041,122.945494994438,122.945494994438,0.308350076262802,53041,339.629908938368,319.716582105202,0.413229361244921
132,294,107280,122.754819164802,121.309631619458,0.665382849558375,107280,355.764690529456,355.764690529456,0.423456275943318
132,295,92878,120.039772604923,120.039772604923,0.0940182203774127,92878,315.121632679429,280.621081972062,0.475314681303961
132,368,134295,120.121903272646,120.121903272646,0.0501926479358524,134295,252.963580177966,283.129000418297,0.490056920259793
132,369,155847,119.583245105777,119.583245105777,0.0790048841269987,155847,131.945330997709,126.083652768227,0.69449158917412
132,370,121940,120.262916188289,120.262916188289,0.0826291692442556,121940,150.806880433,150.806880433,0.699605423930259
132,371,65972,122.227839083247,121.192742253938,0.501801467149754,65972,298.17336142606,298.17336142606,0.345737527637324
132,411,30461,120.154328485605,120.154328485605,0.0837414119127679,30461,157.576671809855,131.195421882544,0.725371054118453
132,414,90669,120.352865918892,120.352865918892,0.0807424234459604,90669,160.747179300533,151.671345310579,0.56797203021842
132,415,31644,120.705789407155,120.705789407155,0.145689327323991,31644,304.857698141828,316.10394001737,0.422923911776737
136,1,188614,120.424941944925,120.424941944925,0.115364116526574,188614,123.071898162385,123.071898162385,0.275954601169868
136,2,92813,121.398273948693,121.398273948693,0.0681597968870449,92813,125.169469794102,125.169469794102,0.340587262558668
136,3,320694,263.806968636769,291.798394643579,0.515176583789699,320694,193.04136029985,206.434686033733,0.486076255175835
136,4,163796,120.834354929302,120.834354929302,0.117252590749187,163796,121.782796893697,121.782796893697,0.212731212920062
136,5,125065,120.478479190821,120.478479190821,0.157411184107325,125065,121.383352656619,121.383352656619,0.184007540380248
136,7,147450,120.398155306884,120.398155306884,0.11733475794898,147450,215.061383519837,226.502883989797,0.434581930547989
136,8,122404,120.627307931113,120.627307931113,0.0629169146480641,122404,243.498611156498,266.833133669461,0.435389106219047
136,10,142995,122.586510017833,121.069377420612,0.643297763644139,142995,270.008482814084,270.008482814084,0.475754163181815
136,12,140188,120.457984991583,120.457984991583,0.0751484669663424,140188,176.743801181271,191.701959966412,0.473348293698999
136,14,100339,119.693628599049,119.693628599049,0.0819200716808851,100339,132.05373782876,132.05373782876,0.602233788446064
136,15,162759,120.664104596366,120.664104596366,0.0513459699625967,162759,287.359648314379,312.510964952048,0.479756826212391
136,16,194121,120.284775990233,120.284775990233,0.104105202902732,194121,123.035513932032,122.064207086083,0.49538326431067
136,17,112990,120.525019913267,120.525019913267,0.126143756004794,112990,123.689317638729,123.689317638729,0.190366239606224
136,18,106253,122.063847609009,122.063847609009,0.279704073476188,106253,235.636000865858,258.396385528002,0.486885074922283
136,19,116904,120.008750769862,120.008750769862,0.119691076493838,116904,323.843812016697,285.120408776142,0.467713543624274
136,20,129163,120.204261282256,120.204261282256,0.280859183665156,129163,121.717991994611,121.717991994611,0.173771791120813
136,21,87472,120.233343241266,120.233343241266,0.0634528511246781,87472,179.345207609292,172.278782518303,0.556766979329907
136,23,118041,120.535280114536,120.535280114536,0.0882620357058785,118041,216.461127913183,216.461127913183,0.315803882056519
136,24,124847,126.279093610579,121.512607399896,0.733713805389423,124847,123.401042876481,123.401042876481,0.278331890356721
136,25,152020,119.868977766083,119.868977766083,0.086479861701159,152020,121.261544533614,121.261544533614,0.141247038796078
136,26,90086,125.68789823058,121.98600965852,0.668226410365247,90086,234.105288280088,250.011024581765,0.448105982984338
136,27,103866,119.57139006027,119.57139006027,0.0795931981683129,103866,125.672221901296,125.672221901296,0.350232599079737
136,29,98815,120.429884126904,120.429884126904,0.0990449940302387,98815,179.278176390224,203.009360504624,0.586639710336428
136,30,65813,119.552626380806,119.552626380806,0.114451704057746,65813,124.932900794676,124.932900794676,0.264136005748623
136,31,80750,120.850699690402,120.850699690402,0.140591832589892,80750,259.377411764706,259.377411764706,0.391936593072338
136,32,142624,120.228825443123,120.968400610828,0.422576756448337,142624,121.801968813103,121.801968813103,0.268740845414852
136,33,83074,120.335231239618,120.335231239618,0.0913262004593118,83074,252.26417410983,276.805574256375,0.429552586064215
136,34,143917,120.048743372916,120.048743372916,0.0877292197545829,143917,123.416441421097,123.416441421097,0.131947084955259
136,35,154749,121.535680359808,121.535680359808,0.130400713388956,154749,122.280014733536,122.280014733536,0.139906326973965
136,36,86433,119.696689921673,119.696689921673,0.0618956243495341,86433,122.844515404996,122.844515404996,0.201764009278557
136,37,174872,120.989066288485,120.989066288485,0.0831641105855799,174872,121.60425339677,121.60425339677,0.14023444732297
136,38,75896,122.862285232423,121.906092061164,0.433133399382256,75896,298.722646779804,328.154124757814,0.476557439702951
136,39,88212,124.301568947535,124.301568947535,0.376835426886313,88212,329.296195528953,349.935806556784,0.438834302837152
136,40,115475,120.869331024031,120.869331024031,0.220522951904936,115475,281.189460922278,313.888339995021,0.484286606324135
136,41,160283,120.100690653407,120.100690653407,0.0928737078060832,160283,169.958953850377,169.958953850377,0.763031082594132
136,42,140729,120.260941241677,120.260941241677,0.0728538792349213,140729,122.091828976259,122.091828976259,0.184656290393548
136,43,111803,120.698022414425,120.698022414425,0.108765420184724,111803,122.740489968963,122.740489968963,0.236339496288913
136,44,204678,121.070940697095,121.070940697095,0.129116018255642,204678,121.665665093464,121.665665093464,0.115652131897373
136,45,97783,120.948283443952,120.948283443952,0.169933982244339,97783,128.009950604911,128.009950604911,0.376875362656218
136,46,141787,121.524900026095,121.04375741158,0.420754924627386,141787,226.39232087568,226.39232087568,0.38257447298521
136,47,87197,119.309976260651,120.102464005471,0.411724180324138,87197,123.25231372639,123.25231372639,0.232794046158232
136,48,97516,120.99521104229,120.99521104229,0.0982889934049003,97516,123.469030723163,123.469030723163,0.306921261105978
136,49,130172,120.869687797683,120.869687797683,0.115136132603701,130172,123.400347232892,123.400347232892,0.129190972139637
136,50,128322,123.77798818597,122.227735661588,0.432831197151167,128322,121.890470846776,121.890470846776,0.116185238126249
136,51,120527,139.132161258473,139.132161258473,0.765392418608056,120527,230.792959253943,255.34725355129,0.522795519978037
136,52,82573,127.513921015344,122.261940827161,0.760979674350451,82573,139.33804027951,133.352656900908,0.572470323676265
136,53,121604,119.47808460248,119.47808460248,0.0850260957861527,121604,123.143449228644,123.143449228644,0.152730797227876
136,54,57491,120.578838426884,120.578838426884,0.122053263837743,57491,273.004992085718,292.295690371204,0.43186272123877
136,55,48134,126.746478580629,124.924973432384,0.43553506795403,48134,245.265965845348,261.910541754778,0.462657962590731
136,56,132424,120.903710807709,120.903710807709,0.081304385195865,132424,123.279601884855,123.279601884855,0.287560471307223
136,57,181897,120.664705850014,120.664705850014,0.0684373846435639,181897,122.334848843027,122.334848843027,0.161331486984336
136,58,113806,121.211825387062,121.211825387062,0.115210122107741,113806,122.058740312462,122.058740312462,0.174412653620661
136,59,87682,162.113033461828,176.620929109428,0.604894046892677,87682,214.555051207774,234.96562452871,0.495146683655523
136,60,40726,134.257133035407,134.257133035407,0.634170107118741,40726,242.954648136326,242.954648136326,0.494927377129072
136,61,58528,121.030874111536,121.030874111536,0.0968103574468023,58528,302.531044969929,351.911110155894,0.541761897610446
136,325,32075,120.054559625877,120.054559625877,0.132311756280587,32075,168.958752922837,136.756173781562,0.741968442241207
136,326,85526,119.969623272455,119.969623272455,0.0767669647214519,85526,133.902403947338,128.710330805422,0.60446864026793
136,327,91709,119.836199282513,119.836199282513,0.0847611005814497,91709,141.350292773883,128.642516189014,0.65116618330465
136,328,103373,119.962736884873,119.962736884873,0.146403472600122,103373,293.827943466863,269.872504108785,0.426443584256539
136,329,127603,128.459550324052,122.147562734587,0.771280632268682,127603,331.467324435946,362.372674791138,0.45639045538936
136,330,81476,120.148853650155,120.148853650155,0.0799098108178584,81476,309.076660611714,309.076660611714,0.467909463831645
136,374,119806,122.822137455553,122.822137455553,0.38831074362266,119806,122.347411648832,122.347411648832,0.193187404070799
136,375,104621,120.701570430411,120.701570430411,0.0944648183439035,104621,128.590321254815,125.549110495771,0.510436093171813
136,376,58721,123.998807922208,122.359087984916,0.475595505850861,58721,251.000391682703,251.000391682703,0.447768885115603
136,378,61196,120.332619779071,120.332619779071,0.0807847868363609,61196,132.856837048173,128.280058283957,0.562156869709418
136,380,47761,120.539519691799,120.539519691799,0.144915129296102,47761,296.827851175645,296.827851175645,0.460406225649568
136,381,48382,120.14695547931,120.14695547931,0.103834315626933,48382,164.914720350544,164.914720350544,0.274250436657849
136,382,27777,121.054829535227,121.054829535227,0.166582065873114,27777,241.766353457897,256.695575177743,0.438970380451073
136,383,54905,121.369037428285,121.369037428285,0.282045663944213,54905,158.783043438667,179.61826269959,0.625738334500476
136,384,142090,120.390963473855,120.390963473855,0.0742782969807036,142090,251.834703357027,270.05946560638,0.461423117802221
136,385,27335,119.703822937626,119.703822937626,0.102559435920734,27335,141.643790012804,135.044299863971,0.689983503259033
140,1,163317,120.497364022116,120.497364022116,0.119204532968919,163317,121.576204559231,121.576204559231,0.134715253947327
140,2,140571,120.672208350229,120.672208350229,0.0466611866593412,140571,251.536831921236,282.266759869059,0.529693924457904
140,3,147506,119.911847653655,119.911847653655,0.107016453663756,147506,306.526080295039,345.005727803942,0.490603850858034
140,6,164852,125.406534345959,121.85644245815,0.713164773014319,164852,122.731079999029,122.731079999029,0.218518047363894
140,7,91320,120.298718791064,120.298718791064,0.116546734597261,91320,240.794305738064,261.11503597061,0.49138496521817
140,8,84090,120.536009037936,120.536009037936,0.0844684062461609,84090,122.153870852658,122.153870852658,0.119659234284528
140,9,117353,121.209896636643,121.209896636643,0.132413328671961,117353,124.879951939874,124.879951939874,0.461157721066128
140,10,230883,120.269391856481,120.269391856481,0.0651012336849013,230883,121.758557364553,121.758557364553,0.124342442981159
140,11,143913,122.634167865308,120.859524274234,0.73051752129726,143913,271.562916484265,271.562916484265,0.486908493291993
140,12,135978,120.517907308535,120.517907308535,0.101800356655844,135978,121.49981614673,121.49981614673,0.203414660920917
140,13,124941,119.970578112869,119.970578112869,0.104830680709907,124941,252.806908860982,233.178530172518,0.460780452663864
140,15,120609,120.809931265494,120.809931265494,0.241194882884143,120609,123.015413443441,123.015413443441,0.290991773616265
140,16,170281,121.179291876369,121.179291876369,0.210617166783325,170281,266.145447818606,266.145447818606,0.441991994700566
140,17,98008,120.000224471472,120.000224471472,0.107564949895681,98008,252.432607542241,252.432607542241,0.498628214099553
140,18,124265,122.616328008691,122.616328008691,0.375616208108181,124265,122.424367279604,122.424367279604,0.135569336529102
140,20,110474,121.125549903145,121.125549903145,0.242147557663607,110474,240.327262523309,253.564227775864,0.43542420097773
140,21,151955,120.77178111941,121.613138447195,0.423236094592218,151955,121.298858214603,121.298858214603,0.349081276154305
140,22,124654,119.887288013221,119.887288013221,0.0893450283742174,124654,123.565188441606,123.565188441606,0.262271940862071
140,23,159369,120.430284434238,120.430284434238,0.0845321226522371,159369,140.413235949275,129.74868560657,0.6786592211902
140,24,54261,121.606181235141,121.606181235141,0.0899816304845158,54261,124.101638377472,124.101638377472,0.269465285582089
140,25,94930,119.770462446013,119.770462446013,0.127120979018062,94930,127.521700200147,126.585581102995,0.41054747812329
140,26,181417,119.807890109527,119.807890109527,0.35636074349654,181417,121.985023454252,121.985023454252,0.254048798602488
140,28,135460,121.859988188395,121.859988188395,0.0909669564114299,135460,123.4063856489,123.4063856489,0.288171036202446
140,29,82814,120.646798850436,120.646798850436,0.107139464071222,82814,182.085734296133,188.582299097912,0.405154113971071
140,30,154844,119.676926455013,119.676926455013,0.0888601793219327,154844,122.296614657333,122.296614657333,0.197475496389995
140,31,186063,121.040206811671,121.040206811671,0.185891987235127,186063,235.193015269022,235.193015269022,0.490439763468031
140,32,132563,120.069317984656,120.069317984656,0.134533866732048,132563,158.229091073678,132.811544576056,0.74841695579284
140,33,84897,120.934803349942,120.934803349942,0.18717163459158,84897,122.12849688446,122.12849688446,0.213165213998415
140,34,123063,121.010027384348,121.010027384348,0.119873881229821,123063,233.609907120743,262.75130970456,0.467060382124949
140,35,64896,122.227548693294,122.227548693294,0.196681970596997,64896,123.831992726824,123.831992726824,0.294778685300641
140,36,72411,119.50667716231,119.50667716231,0.0905722654242536,72411,124.844913065694,124.844913065694,0.375389440961243
140,37,86062,119.888987009365,119.888987009365,0.0873937236711848,86062,317.707443470986,317.707443470986,0.392285628442511
140,38,101891,121.590385804438,121.590385804438,0.131010029995558,101891,122.215750164391,122.215750164391,0.177389687032363
140,39,98235,122.905298518858,122.000072312529,0.491879289385473,98235,279.171507100321,302.603885395482,0.466522573613468
140,40,103699,120.522194042373,120.522194042373,0.117434261306472,103699,230.912149586785,230.912149586785,0.389807459905142
140,41,50834,121.467993862376,121.467993862376,0.0857751044403464,50834,125.82757603179,125.82757603179,0.347357022566004
140,42,121504,119.606967671846,120.31752876362,0.452039821004589,121504,126.097437121412,124.248595260524,0.589634216964075
140,43,235054,121.077879976516,121.077879976516,0.0964493740036688,235054,122.478651714074,122.478651714074,0.193811083817242
140,44,103172,119.625004846276,119.625004846276,0.106266530040021,103172,123.2988310782,123.2988310782,0.298132174206319
140,45,91538,121.311204090105,121.311204090105,0.11069989903414,91538,122.166204199349,122.166204199349,0.142445958250286
140,46,152788,120.087932298348,120.087932298348,0.0596684001330739,152788,122.964303479331,122.964303479331,0.205219782709615
140,47,160485,120.200853662336,120.200853662336,0.140971650464589,160485,124.44803564196,124.44803564196,0.209030272581368
140,48,92457,122.075905556096,122.075905556096,0.114635380664338,92457,126.174783953622,128.206695887768,0.422017484456705
140,49,107873,120.686844715545,120.686844715545,0.106227781828962,107873,262.34465528909,262.34465528909,0.49082043345944
140,50,85922,123.167093410302,121.576726576223,0.578008879682241,85922,246.610111496474,263.574093398209,0.441766551569415
140,51,144385,127.595560480659,121.548882150732,0.793138077837382,144385,217.38461751567,181.477142143889,0.553626926777484
140,52,96594,119.894082448185,119.894082448185,0.0943863177637224,96594,123.759840155703,123.759840155703,0.231808773554636
140,53,85268,122.202913167894,122.202913167894,0.229502230335254,85268,137.918187362199,134.131095634458,0.478165792554297
140,54,126774,120.180920377995,120.180920377995,0.0772927155736088,126774,124.347058545128,124.347058545128,0.329172315015757
140,55,113100,119.761396993811,119.761396993811,0.076139018452213,113100,122.980716180371,122.980716180371,0.168619498563288
140,56,93784,137.522722426,123.005374244768,0.756758084923915,93784,165.344120532287,156.611137500997,0.597070770880834
140,57,161357,121.507384247352,121.507384247352,0.0991764880953339,161357,122.730138760636,122.730138760636,0.233059725210134
140,58,96364,119.585374206135,119.585374206135,0.0623553638917908,96364,142.636357976008,129.522207512341,0.66559141932936
140,59,58000,121.295189655172,121.295189655172,0.103154182909256,58000,124.309965517241,124.309965517241,0.404163797940558
140,60,56496,124.832943925234,122.170639916543,0.624113104686168,56496,297.83317403002,297.83317403002,0.471376903637508
140,61,112887,119.40615837076,120.395409389418,0.525901668573293,112887,122.023607678475,122.023607678475,0.372453571379506
140,62,140675,121.908640483384,121.908640483384,0.158290752766106,140675,121.839374444642,121.839374444642,0.216282698683731
140,63,42140,119.902183198861,119.902183198861,0.0668554923033648,42140,297.78626008543,268.294094528913,0.418341330381009
140,64,117233,119.53374902971,119.53374902971,0.0703096480279944,117233,122.99256182133,122.99256182133,0.195500038607009
140,65,121675,128.130108896651,122.908811983121,0.685096440565922,121675,122.108025477707,122.108025477707,0.170227397137605
140,66,52388,121.115503550431,121.115503550431,0.100472059697102,52388,254.823108345423,254.823108345423,0.506966878498229
140,67,42069,133.492096317954,122.978116451888,0.765999042513159,42069,311.83662554375,311.83662554375,0.5951555459858
140,359,63671,120.232115091643,120.232115091643,0.124187357133598,63671,125.825038086413,125.825038086413,0.392376500702352
140,360,92724,120.964399723912,120.964399723912,0.171175651894994,92724,168.259005219792,162.378766995468,0.512105463007345
140,361,139728,127.062099221344,122.701981071241,0.726722346101845,139728,315.730182926829,299.419914729591,0.417496505133551
140,362,93653,120.377019422763,120.377019422763,0.0819491056511613,93653,241.873714670112,233.056490666539,0.466483325374726
140,363,86600,119.872505773672,119.872505773672,0.111668230179511,86600,265.853036951501,284.69266370939,0.460451101453059
140,364,99391,121.246400579529,121.246400579529,0.340996251392707,99391,348.846585706955,348.846585706955,0.450380408632276
140,366,97105,120.336697389424,120.336697389424,0.0828015696206234,97105,284.006724679471,261.997374921436,0.446169798911455
140,367,127178,120.039558728711,120.039558728711,0.110503319442073,127178,140.645205931844,131.226547949546,0.676228706073394
140,409,115024,120.267344206426,120.267344206426,0.0804606616645795,115024,255.162826888302,288.570615473153,0.485367975554591
140,410,103341,119.911119497586,119.911119497586,0.0683667511347505,103341,136.343803524255,128.663973548974,0.577404179909877
