Frame,ID,Volume_nowarp,MeanIntensity_nowarp,GMMIntensity_nowarp,Bimodality_nowarp,Centroid_1,Centroid_2,Centroid_3
32,1,20841,144.242118900245,150.460696867809,0.418435971153696,1141.25142747469,889.709802792572,60.4392303632263
32,2,13755,167.638240639767,175.849503987764,0.421912559114037,1316.36888404217,1042.14591057797,64.3314431115958
32,3,16599,144.53093559853,144.53093559853,0.3706706946679,1278.45870233147,955.894150250015,72.7023314657509
32,4,19580,148.392900919305,155.776953270169,0.44712559971466,1260.68590398366,882.570173646578,57.8710929519918
32,5,16446,149.365499209534,149.365499209534,0.385297202585118,1221.70539948924,968.792715553934,62.4626656937857
32,6,14559,158.152070883989,167.511704031524,0.422334522064565,1208.08283535957,1042.49838587815,46.4286008654441
32,7,12556,164.319448869067,172.739696227367,0.407430372168331,1160.38244663906,1016.03870659446,59.2329563555272
32,8,16850,161.106765578635,169.393721587912,0.43801898329978,1288.47198813056,924.803204747774,46.9882492581602
32,9,13933,158.458479867939,165.706069596253,0.416558201829907,1233.6527668126,1034.56879351181,64.1173473049595
32,10,18274,144.687753091824,150.502062093983,0.413688700765219,1289.35290576776,844.023257086571,63.66455072781
32,11,21572,151.704246245133,157.848039348959,0.416291598114991,1311.99698683479,942.466345262377,59.3471629890599
32,12,17185,153.799767238871,153.799767238871,0.373563771143915,1133.28181553681,973.094559208612,69.2504509746872
32,13,16625,170.464421052632,176.297026298381,0.403694385204059,1242.10965413534,1005.91212030075,51.5749172932331
32,14,14443,151.63096309631,159.3185790325,0.42175716024731,1187.3165547324,1097.15890050544,61.1045489164301
32,15,12849,163.069733053156,169.191286864906,0.415626395270167,1256.32913067165,1067.11175967001,54.161880301969
32,16,17399,147.043450773033,152.791988609604,0.428546502493469,1152.16317029714,912.340019541353,48.9878153916892
33,1,21392,148.650009349289,156.188022873952,0.449640029738378,1140.30184181002,893.954235228123,61.4964472700075
33,2,17169,155.483312947755,162.219080545943,0.440353123043899,1282.26320694275,911.350923175491,47.4013046770342
33,3,15089,152.571343362715,159.639971141734,0.409693070676451,1212.8816356286,1032.32314931407,46.3966465637219
33,4,16771,155.165046806988,155.165046806988,0.378537693248854,1226.26814143462,971.667461689822,62.5829109772822
33,5,18508,143.570131834882,148.626338460075,0.401933797107742,1283.21979684461,840.716609033931,64.3270477631295
33,6,13325,165.506116322702,174.597855232282,0.43720480631599,1164.96637898687,1018.59219512195,58.6099061913696
33,7,18648,150.384652509653,157.294733687555,0.447378447455825,1146.4222972973,911.56805019305,49.8630952380952
33,8,16532,165.714977014275,165.714977014275,0.392778437494224,1245.89499153158,999.749274135011,51.6102709895959
33,9,19704,147.106932602517,153.231157412627,0.430003219593816,1253.07810596833,875.605511571255,58.4177831912302
33,10,19363,157.204823632702,163.382705216148,0.412677646752326,1138.63146206683,979.047978102567,69.7464235913856
33,11,12881,165.757006443599,175.17230841045,0.416511921690856,1325.11334523717,1038.31278627436,63.9451129570686
33,12,13157,164.543436953713,171.354193158395,0.411251324170194,1240.59770464392,1036.13338907046,64.2915558257962
33,13,16764,146.465342400382,146.465342400382,0.37519074828747,1278.75089477452,957.803149606299,72.9293724648055
33,14,21174,148.93709266081,148.93709266081,0.397588732716615,1311.16506092377,934.953150089733,59.2219231132521
33,15,15333,154.665036196439,154.665036196439,0.428440263774133,1202.3402465271,1098.43227026675,60.9531076762538
33,16,13234,160.277618256007,166.826834660979,0.417501284059895,1264.75147347741,1060.40955115611,54.1073749433278
34,1,20177,147.0861872429,154.096963133722,0.427950726430995,1140.76255141993,903.785498339694,61.7806413242801
34,2,15577,156.96924953457,166.062310438656,0.420670658979006,1219.18873980869,1044.26192463247,46.4244719779162
34,3,19623,148.773072415023,155.626928901385,0.433170939164764,1250.86943892371,880.521021250573,58.1560923406207
34,4,15950,154.296677115987,154.296677115987,0.358946254099253,1230.84652037618,978.638871473354,62.4907836990596
34,5,12892,159.849519081601,167.095578079142,0.420954918331544,1171.71354328266,1027.34672665219,59.1816630468508
34,6,18581,144.412410526882,144.412410526882,0.379764191827361,1278.98584575642,838.265001883645,63.4972283515419
34,7,17480,161.559324942792,169.757383955979,0.440342896650655,1275.80005720824,916.058180778032,47.037471395881
34,8,16452,170.723194748359,176.044462399516,0.402256614637748,1247.59731339655,1004.72532214928,51.5695964016533
34,9,18240,149.380098684211,155.488020824919,0.429828375615413,1139.87905701754,932.730756578947,50.0793311403509
34,10,18498,144.120283273867,144.120283273867,0.395929335941945,1280.55249216131,944.858417126176,72.4082603524705
34,11,15656,151.191492079714,151.191492079714,0.405276863888325,1207.53915431783,1103.6057741441,61.9977644353602
34,12,13495,168.646683957021,178.359223593265,0.43701449831617,1329.90900333457,1038.20251945165,63.5124120044461
34,13,14755,162.450830227042,168.396721820523,0.414253652676488,1250.37614368011,1040.08071840054,64.4655371060657
34,14,19226,152.489025278269,158.485327263132,0.416514841173073,1146.1169770103,985.713304899615,70.0586185373973
34,15,13200,164.309924242424,171.722194849011,0.430078594632746,1273.06962121212,1065.00113636364,53.9175757575758
34,16,22211,151.428571428571,156.54909589382,0.407755340879595,1312.52613569853,933.248255368961,58.7727702489757
35,1,17212,165.216825470602,173.69832151555,0.436950017761252,1278.58110620497,927.430571694167,46.8629444573553
35,2,17461,157.419048164481,157.419048164481,0.386210038824827,1229.12754137793,974.106408567665,62.4700761697497
35,3,21749,146.071819393995,153.204239066905,0.435100111725598,1144.79631247414,894.914892638742,61.5219090532898
35,4,19091,173.021371326803,181.313703219317,0.43623485053564,1241.03441412184,1007.76313446126,51.5833115080404
35,5,20382,152.482092041998,160.001571326028,0.444849916666059,1249.48886272201,875.597782356982,57.8193013443234
35,6,19194,148.124726477024,153.574591224529,0.410399882299602,1278.10961758883,838.759768677712,63.4195060956549
35,7,14758,160.897750372679,166.437978321773,0.414589592551303,1205.6529340019,1050.51063829787,47.5679631386367
35,8,13684,164.15222157264,172.70797259526,0.425798850063686,1166.3881175095,1021.74693072201,59.2991084478223
35,9,13587,171.732538455877,181.23916216161,0.427590298602766,1322.80967100905,1039.20998012806,64.0482078457349
35,10,18085,152.171136300802,158.193960800004,0.425209725117126,1142.78335637268,923.861819187172,49.695493502903
35,11,19025,147.675847568988,147.675847568988,0.384450512328225,1282.34091984231,944.232010512484,72.4257555847569
35,12,19116,152.706371625863,158.820716342193,0.404546817628738,1144.73451558904,977.304143126177,69.6875392341494
35,13,13323,170.383697365458,177.105807343286,0.40912314075596,1244.79651730091,1036.23020340764,64.9962470914959
35,14,13031,166.470109738316,175.053359894923,0.435208132392167,1265.08403038907,1065.25155398665,54.8066917350932
35,15,22297,152.762434408216,158.967342677149,0.414097727813055,1312.04309996861,933.927165089474,58.5111449970848
35,16,14888,156.754768941429,163.65170769074,0.401249691534292,1200.45184040838,1101.62647770016,62.9635276732939
36,1,22202,144.457120980092,151.159303959984,0.418838395126386,1144.38978470408,895.02351139537,61.6348977569588
36,2,17775,152.446019690577,158.286253326225,0.409460049297313,1201.25378340366,1101.39623066104,63.5333333333333
36,3,15872,160.271610383065,166.7356700754,0.42553833299033,1209.13778981855,1048.77305947581,47.6146043346774
36,4,14257,162.371115943046,170.496333342135,0.436077776903562,1163.99565125903,1027.31072455636,59.2064950550607
36,5,18034,163.862371076855,172.976995209909,0.443711210376904,1279.32200288344,920.999611844294,46.9224243096373
36,6,19210,146.25580426861,146.25580426861,0.38491333605982,1282.80822488287,935.379333680375,71.9733992712129
36,7,21209,152.024234994578,159.280433197982,0.441707599995749,1248.16313829035,871.098401621953,57.8966004997878
36,8,18499,173.673820206498,181.230601766117,0.416587453863426,1242.71825504081,1008.413103411,51.7872317422563
36,9,18305,155.604151871073,155.604151871073,0.394384640532117,1221.30270417919,974.137066375307,62.4433761267413
36,10,13855,169.13836160231,179.446655378305,0.44308101833925,1321.71519307109,1042.82150848069,64.6654637315049
36,11,19523,152.64088510987,159.00646030889,0.40346007523647,1145.06658812682,982.652205091431,70.161399375096
36,12,18965,151.250250461376,158.382773085048,0.448572539762567,1139.77843395729,921.221144213024,49.6709728447139
36,13,12907,168.192608661966,168.192608661966,0.375678499489816,1244.00356395754,1035.16417447896,65.2630355620981
36,14,19815,147.332071662882,152.839221057821,0.403660507597415,1277.13838001514,836.429674489023,63.1102699974767
36,15,12138,171.29205799967,177.589217787951,0.404144471305258,1269.47034107761,1065.99505684627,55.327731092437
36,16,25089,150.186416357766,158.592749836477,0.43790174739668,1309.12228466659,934.123958707003,58.7290446012197
37,1,18419,157.671154785819,165.440689051349,0.433326932133156,1262.49709539063,905.469298007492,47.0508713828112
37,2,15112,158.366926945474,158.366926945474,0.394043981300289,1202.63578613023,1035.7451694018,47.2429195341451
37,3,13525,167.738262476895,177.655129216358,0.434047206212628,1166.42802218115,1030.70876155268,58.4275785582255
37,4,18357,155.680884676145,155.680884676145,0.385422880927245,1222.21681102577,982.503459170889,62.4160265838645
37,5,21250,149.013364705882,154.831695177308,0.430530996349162,1246.75609411765,869.873647058824,58.4749176470588
37,6,20398,157.767330130405,164.318103403931,0.411104466948386,1144.95077948819,995.519707814492,70.1336405529954
37,7,17345,155.606284231767,162.073181453417,0.403203973033002,1210.59780916691,1104.95139809743,62.6609974055924
37,8,13517,165.484279056004,172.816986278663,0.423464570207696,1326.76126359399,1040.74091884294,64.547458755641
37,9,19604,144.567894307284,144.567894307284,0.394673249315483,1280.48388084064,938.15124464395,72.0320852887166
37,10,21074,149.784189048116,157.657281431657,0.413540822093786,1146.73332067951,907.227579007308,62.9597608427446
37,11,19760,145.675455465587,151.358821028835,0.422749619288606,1277.5608805668,844.657287449393,64.0804149797571
37,12,14381,163.5715875113,171.422317684808,0.426598058295231,1271.63848132953,1055.86016271469,54.3890550031291
37,13,12740,164.860989010989,182.664267919082,0.529034060919963,1319.49929356358,948.933830455259,57.9045525902669
37,14,17448,168.375114626318,173.892906165619,0.406849145247705,1238.13428473177,998.900962861073,51.4330582301696
37,15,12690,168.93207249803,168.93207249803,0.397718150264509,1249.13278171789,1040.48242710796,65.1294720252167
37,16,19510,150.601588928754,157.887169506779,0.444005614599494,1131.22116863147,912.162890825218,51.1615581752947
38,1,19483,153.820253554381,153.820253554381,0.388869291594048,1234.10085715752,984.801929887594,61.7086690961351
38,2,17916,165.931123018531,175.206431008509,0.441010853717287,1263.44390488948,914.856999330208,46.0523554364814
38,3,19791,145.440604315093,151.903087581002,0.411219511037712,1288.28831286949,942.03627911677,71.4198878278005
38,4,16930,174.955286473715,174.955286473715,0.399786486723303,1238.61582988777,998.695392793857,50.9473715298287
38,5,22003,148.217697586693,153.452182402355,0.407206139233461,1279.55551515702,850.703676771349,63.941553424533
38,6,14647,169.487471837236,177.536645624539,0.424372331440242,1331.41749163651,1041.40233494914,64.5473475797092
38,7,11669,181.064187162567,198.339350050077,0.464129500803509,1334.83023395321,951.891678807096,56.5116119633216
38,8,18395,154.206904050014,161.144353891853,0.412759369012694,1216.08339222615,1106.3926610492,63.4980701277521
38,9,16132,158.768224646665,164.6764846842,0.411513247441012,1197.74392511778,1039.04593354823,47.6263947433672
38,10,12895,169.952462194649,169.952462194649,0.383198791811526,1256.50632027918,1045.13276463746,65.1499030632028
38,11,15312,167.81302246604,177.955465465424,0.446472816836237,1273.78115203762,1057.35573406479,54.521355799373
38,12,19253,153.83420765595,153.83420765595,0.393163106326513,1152.06508076663,997.821845946086,70.5747675686906
38,13,20917,150.817277812306,158.259403775285,0.447364179239885,1257.93737151599,874.955873213176,57.8175646603241
38,14,20501,148.016145553875,154.783182095956,0.448204612510114,1134.97522072094,915.2681820399,51.3789083459343
38,15,13899,163.352255557954,171.744001252966,0.437389792309954,1169.39592776459,1028.03877976833,58.7615655802576
38,16,7938,175.963844797178,175.963844797178,0.508702800776937,1142.52229780801,910.107457797934,61.6849332325523
39,1,12408,161.457043842682,172.288402716409,0.451019576803011,1128.70365892972,903.880883301096,61.5719696969697
39,2,8627,200.387040686218,227.856072649819,0.527227327139297,1222.50933116958,971.953633939956,59.2482902515359
39,3,22440,168.44068627451,178.756067981623,0.458462737774622,1234.18431372549,978.901114081996,48.2069073083779
39,4,20628,152.118285825092,158.8920025061,0.439697408479062,1132.46451425247,906.363728912158,49.7383653286795
39,5,20045,162.102269892741,173.240685828028,0.470775724746804,1263.18812671489,890.971364430032,45.0302818658019
39,6,14898,166.922405692039,174.810708296223,0.437144831916733,1167.76439790576,1023.76466639817,55.1754597932608
39,7,14236,173.852416409104,180.949317498648,0.406212420183607,1255.22534419781,1055.23468670975,61.3062658050014
39,8,16716,162.439339554917,175.955091065589,0.483685182719084,1325.83925580282,948.866714525006,55.7795525245274
39,9,16777,161.78232103475,161.78232103475,0.393741926107636,1217.06860582941,1114.01662991,59.5974846516064
39,10,14234,171.173809189265,181.067653071176,0.442470803677032,1274.14690178446,1045.31558240832,51.3683434031193
39,11,21037,154.780577078481,165.217879974625,0.438389413509511,1152.86152968579,1017.32756571755,67.1891429386319
39,12,17096,160.504913430042,168.25643438335,0.432850986363554,1191.84856106692,1021.32259007955,44.7702386523163
39,13,22428,153.333912965935,160.572734500696,0.433741940701747,1251.34563937935,870.874799357945,57.3319065453897
39,14,19731,152.834169580863,158.117608188574,0.408835952218068,1276.95418377173,860.932492017637,64.009781562009
39,15,13816,171.791980312681,182.133170156625,0.439654885685213,1327.02801100174,1046.80964099595,62.8422119281992
39,16,8159,180.649466846427,180.649466846427,0.54682317758963,1300.51771050374,958.664051967153,70.305919843118
40,1,20529,161.048906425057,172.309731944521,0.474779319565375,1203.4083491646,903.315894588144,44.0722392712748
40,2,13609,164.633771768682,176.272426855257,0.457970160993828,1220.8171063267,980.848629583364,58.5472114042178
40,3,20845,153.023986567522,159.195951242064,0.425681909910702,1287.33326936915,879.631758215399,60.7766370832334
40,4,18406,151.600293382593,157.198087849466,0.416590302424211,1095.6153971531,907.691785287406,53.4580028251657
40,5,17103,172.839384903233,187.734493708588,0.480823938079967,1313.05788458165,1055.89703560779,56.7759457405134
40,6,18086,153.50967599248,159.271398157975,0.405873941749195,1190.17715359947,1123.88388809024,59.6309852924914
40,7,14706,169.529307765538,177.663525700775,0.424843551953528,1210.27947776418,1065.86712906297,49.5288317693458
40,8,14383,163.882291594243,170.672832917662,0.408515317214061,1139.85218660919,1026.49711464924,57.4898143641799
40,9,13524,159.76959479444,171.412182945693,0.47026280532113,1145.56433007986,911.06174208814,65.2301094350784
40,10,14063,167.891203868307,174.37509143132,0.405868773162157,1242.73270283723,1066.42771812558,59.418118466899
40,11,20783,154.624597026416,161.959851219922,0.434623122538213,1235.02949526055,887.726218544002,55.6117018717221
40,12,17895,172.642078792959,180.180701357116,0.420443068795284,1168.57323274658,989.080525286393,48.0641519977647
40,13,11781,167.595620066208,167.595620066208,0.568248905567889,1163.99388846448,1033.74934216111,69.1594941006706
40,14,15463,163.457996507793,172.045961635208,0.444078539239833,1119.86069973485,1033.29910108,46.9422492401216
40,15,14189,161.06582563958,173.489336183393,0.475731936230466,1328.73704982733,972.644160969765,66.6275283670449
40,16,9154,158.557788944724,173.572815951951,0.524241436039869,1371.61634258248,929.872514747651,52.7727769281189
40,17,7775,162.389453376206,175.672385246617,0.497959849081785,1232.47948553055,978.293376205788,50.3395498392283
41,1,13399,158.899022315098,169.33672142409,0.432386220425491,1232.54683185312,998.712963654004,56.8346891559072
41,2,18880,152.727012711864,158.253582441041,0.407424128091821,1215.39809322034,1136.37695974576,59.056938559322
41,3,13530,169.406356245381,176.303608453731,0.409854807338212,1159.45277161863,1055.25055432373,56.9842572062084
41,4,9473,178.459833210176,198.607989182186,0.511057879627855,1275.5759527077,890.226327456983,59.1874802069038
41,5,14641,160.764770165972,169.426240127414,0.4418889268382,1334.97172324295,1044.97158664026,55.8628508981627
41,6,19758,155.654013564126,164.159370671253,0.462929092456096,1176.78216418666,909.791274420488,42.9594088470493
41,7,14852,161.308106652303,168.889332873897,0.420546736405107,1229.45286830057,1071.49373821708,48.4622946404525
41,8,15708,162.641392920805,169.90695719423,0.42254167136198,1265.31811815635,1081.91844919786,58.35803412274
41,9,18767,156.1955560292,162.490842952081,0.425631865032448,1085.58160601055,930.468108914584,54.1437097032024
41,10,18651,168.391560774221,168.391560774221,0.396022308716265,1166.01458366844,1003.98466570157,47.8016728325559
41,11,21514,149.869201450218,155.716048580769,0.400392802558628,1217.57144185182,899.288323882123,53.1003067769824
41,12,6053,165.828184371386,165.828184371386,0.549751002771698,1154.21807368247,869.090037997687,69.2266644639022
41,13,14756,167.046896177826,174.362104287101,0.421773436839112,1121.21550555706,1051.04079696395,46.9331797235023
41,14,9690,148.729205366357,154.99245099617,0.437329753240121,1237.86800825593,984.225696594427,48.441382868937
41,15,15881,154.637869151817,165.504400557808,0.491384937836829,1321.0635980102,969.280586864807,66.7980605755305
41,16,10827,145.088297774083,151.611961586725,0.419808988672719,1349.80179181675,907.147871063083,54.9220467350143
41,17,5861,165.328612864699,145.748977188573,0.574043579524589,1155.89472786214,960.126428937042,58.4598191434909
41,18,5950,156.077478991597,156.077478991597,0.49098287684698,1216.58470588235,1035.31277310924,69.6884033613445
41,19,5960,168.105033557047,142.061535083225,0.642123679379378,1188.83825503356,1043.00234899329,67.111577181208
42,1,24611,152.792084840112,159.633798285056,0.434105029865637,1225.37259761895,872.52456218764,56.4772662630531
42,2,17128,159.787774404484,168.806177806944,0.434274550453698,1268.30855908454,1002.35112097151,44.3391522652966
42,3,21022,157.429407287603,168.225527544037,0.482155606123971,1188.30201693464,851.895918561507,46.2081153077728
42,4,16820,170.735196195006,179.417286004121,0.433428827384085,1190.25862068966,1042.25457788347,51.6772294887039
42,5,14923,162.261743617235,175.184420526049,0.47135285345843,1245.75413790793,968.797962876097,56.4011927896536
42,6,15389,170.298070050036,180.769794633913,0.457902132561824,1361.24770940282,1017.91870816817,51.0601728507375
42,7,23299,166.433580840379,177.020141738442,0.451397789319964,1194.22035280484,959.114382591527,46.0433494999785
42,8,18946,158.2995883036,163.89799439056,0.406906938804712,1250.66267285971,1117.91676343291,49.8812942045814
42,9,15369,166.061227145553,175.158339441075,0.434461742382194,1282.96304248813,1055.54577396057,52.3860368273798
42,10,9558,151.251935551371,161.935280254833,0.482933253031582,1179.6251307805,864.736660389203,70.2213852270349
42,11,11952,150.828480589023,158.259215667889,0.434784778921955,1361.29969879518,922.609521419009,58.4743975903614
42,12,11537,148.945653116061,156.078938788575,0.437881849069894,1255.19025743261,924.14379821444,49.0708156366473
42,13,18498,157.45464374527,163.76034767895,0.427966911902275,1087.12201319062,934.94204778895,54.8193858795545
42,14,5699,190.475171082646,219.477619935478,0.562809110841447,1350.76574837691,1020.77855764169,57.7299526232672
42,15,16080,163.222512437811,172.870015017942,0.445081819878239,1157.78059701493,1009.39129353234,43.2238184079602
42,16,6859,163.496428050736,174.076274605613,0.461844795307881,1142.7461729115,952.85187345094,56.4048695145065
42,17,4718,163.188427299703,163.188427299703,0.552653256143789,1228.15366680797,1011.6729546418,64.7545570156846
42,18,19465,155.426149499101,155.426149499101,0.543970307314827,1299.41880297971,876.827896223992,63.0595941433342
42,19,6157,170.84326782524,190.201157261124,0.551424968121044,1314.93665746305,974.502192626279,73.1893779438038
42,20,4308,132.773676880223,127.186526205953,0.486467004613414,1152.58681522748,1133.11490250696,63.8767409470752
43,1,21974,164.97674524438,173.452022779592,0.441279650017191,1215.02593974697,851.364976790753,59.8695276235551
43,2,17644,167.791600544094,177.486966183072,0.44382911128481,1295.45879619134,891.072489231467,56.770686919066
43,3,15295,162.667865315463,170.462530369882,0.432426190249727,1251.0997057862,870.559856162144,67.714481856816
43,4,23104,151.941655124654,160.11602478824,0.45279971430647,1180.2671398892,883.727493074792,47.9832929362881
43,5,9470,155.568109820486,164.4341370417,0.451773645181762,1211.81573389652,934.561457233369,52.5658922914467
43,6,18680,153.187740899358,160.697889472677,0.443810190015086,1262.79866167024,811.034100642398,57.2949143468951
43,7,8185,165.427367135003,171.429276498316,0.417276909741784,1262.36114844227,1012.94367745877,68.8586438607208
43,8,13974,170.857950479462,179.924702299425,0.429060568103105,1265.85408616001,968.33426363246,73.3720480893087
43,9,8747,169.03921344461,179.257757671404,0.448136966424922,1244.63667543158,1019.82496856065,56.5384703326855
43,10,11833,155.062790501141,163.00461630564,0.419026561415721,1185.79210681991,1025.3917856841,70.1078340234936
43,11,8808,169.379200726612,177.863371063453,0.43745298976328,1267.68801089918,1153.65326975477,61.1746139872843
43,12,14850,164.33367003367,164.33367003367,0.393343548918118,1321.40107744108,937.540336700337,66.070101010101
43,13,20835,162.810463162947,173.546427430827,0.469451301871377,1114.36357091433,850.900119990401,59.127189824814
43,14,9500,144.883684210526,144.883684210526,0.436018600188541,1108.53189473684,1049.37578947368,48.7883157894737
43,15,18937,157.958493953636,164.485357880411,0.415128584959613,1375.3063315203,911.299361039235,62.25473939906
43,16,8580,162.953846153846,176.22550503991,0.475129627968402,1386.18997668998,981.683333333333,51.3343822843823
43,17,11136,152.824263649425,159.402253884889,0.428458935406395,1188.55073635057,919.248653017241,64.4225933908046
43,18,5866,186.367200818275,186.367200818275,0.582900074596319,1274.8927719059,947.67320150017,61.5951244459598
43,19,10012,210.590491410308,241.702737076124,0.524188282815874,1127.49850179784,967.1779864163,58.7041550139832
43,20,4860,195.867489711934,228.106615325622,0.562172807528462,1168.52448559671,1048.579218107,60.1755144032922
43,21,11977,162.164648910412,144.593210175693,0.600023375675069,1105.48776822243,1059.64623862403,62.5384486933289
44,1,22032,170.174382716049,180.079294438558,0.439876571805438,1171.00757988381,875.412354756717,63.706336238199
44,2,20581,153.154754385112,161.636944895794,0.455196369734531,1191.24760701618,815.368057917497,63.3746173655313
44,3,17733,161.065696723623,169.228547795573,0.438670387482334,1248.6501437997,852.126036203688,57.6930017481532
44,4,16349,163.79595082268,173.374507113646,0.44981430803646,1230.71080800049,898.831671661875,70.2225212551226
44,5,15837,168.449327524152,177.891962374125,0.431281546811364,1303.38953084549,994.038580539244,70.9074319631243
44,6,19348,174.463096960926,185.218705487793,0.443842553893714,1082.67149059334,923.747725863138,65.2722245193302
44,7,21228,151.175098925947,157.987615413496,0.431840309754264,1343.51752402487,854.776662898059,61.7455718861881
44,8,22413,154.578815865792,161.177646715404,0.4236517232871,1129.60393521617,882.842546736269,52.2912595368759
44,9,15944,164.038384345208,170.872193653042,0.416399925004242,1319.40058956347,913.721274460612,65.9416081284496
44,10,11706,157.475568084743,165.046381487394,0.432763787305206,1192.02135656928,950.643430719289,65.5675721852042
44,11,9207,177.065493646139,177.065493646139,0.395391598479016,1221.15879222331,998.78733572282,56.6588465298143
44,12,10257,156.527444671931,164.745793491965,0.443676573744616,1275.60300282734,968.26118748172,52.6081700302233
44,13,12166,154.512904816702,163.156211358071,0.417297861192791,1250.40777576854,1053.60455367417,66.4538878842676
44,14,10600,151.227075471698,159.063512100636,0.455341452679965,1186.84481132075,926.110754716981,53.7984905660377
44,15,13897,153.081024681586,163.412780317332,0.467293377214457,1175.01813341009,1047.47218824207,47.6069655321292
44,16,13436,146.945966061328,154.633484647797,0.447115270112587,1343.45832092885,871.984742482882,51.0846233998214
44,17,15839,185.393522318328,212.169882220869,0.542800071158672,1132.14483237578,1013.15297682935,59.6483363848728
44,18,9616,161.405366056572,167.894312086423,0.403688338362323,1313.02277454243,1004.66846921797,63.5876663893511
44,19,4784,190.132525083612,190.132525083612,0.55707400836049,1119.93164715719,1133.8122909699,59.8219063545151
44,20,8571,158.870726869677,168.71985267727,0.445010378937573,1283.55699451639,918.971648582429,60.5421771088554
44,21,10012,147.244706352377,137.491193565645,0.481777933177893,1319.09748302038,1077.86156612066,46.7261286456253
44,22,5313,206.184076792772,164.332454897162,0.644396382871583,1210.86561264822,1034.19969885187,55.6664784490871
45,1,23064,166.167403746098,175.273183461105,0.441914595776613,1163.21882587582,906.157041276448,66.199445022546
45,2,17733,177.145096712344,187.869346126026,0.406912512085551,1095.01838380421,977.4686742232,68.7915750296058
45,3,16967,155.278187069016,162.244742130039,0.435924377615859,1220.32445335062,852.381564212884,59.8977426769612
45,4,17699,154.039380755975,160.97957038912,0.434808084750441,1166.44578789762,845.421436239336,67.6169275100288
45,5,15885,160.258923512748,167.884432298296,0.426294831628926,1237.55687755744,928.262448851117,71.0794460182562
45,6,23233,150.408685920888,157.332554612543,0.44553453819052,1102.25670382645,907.882064305083,56.0616795075969
45,7,15713,163.005600458219,170.38069725727,0.409126457745515,1329.45694647744,994.710239928721,68.201043721759
45,8,11742,148.551183784704,155.763337890188,0.44702322455866,1269.45631067961,939.390478623744,50.7063532617953
45,9,22439,143.380275413343,143.380275413343,0.392135670327304,1316.53014840234,837.948839074825,62.4120058826151
45,10,15498,155.958897922313,155.958897922313,0.386486705743058,1315.30791069815,908.262033810814,65.152922957801
45,11,12792,148.729049405879,148.729049405879,0.396682021161556,1270.78791432145,1053.88094121326,63.10397123202
45,12,15080,137.715583554377,137.715583554377,0.44118454454095,1286.1400530504,828.767108753316,52.1409151193634
45,13,6270,166.611961722488,181.399669124709,0.481468352844449,1219.55566188198,1148.10015948963,57.8969696969697
45,14,9922,149.923200967547,158.183286860057,0.453302267184674,1172.96049183632,938.982261640798,55.1669018343076
45,15,10958,149.120368680416,155.809797479891,0.42128957920445,1313.12365395145,1014.63287096185,42.9282715824056
45,16,10905,155.738835396607,155.738835396607,0.398282035798155,1202.75442457588,974.758734525447,65.8997707473636
45,17,11536,148.896584604716,154.625633891026,0.406020678977598,1323.06302011096,989.809119278779,60.1888002773925
45,18,6852,158.847343841214,169.824167151974,0.476474079539295,1196.54801517805,1021.98642732049,50.2470811441915
45,19,5999,186.37122853809,186.37122853809,0.575483772961035,1113.34372395399,1049.92265377563,60.7877979663277
45,20,5700,190.540701754386,190.540701754386,0.567138237286131,1181.11736842105,1011.52298245614,56.8657894736842
45,21,8580,153.718414918415,153.718414918415,0.393955143576598,1222.26247086247,980.94965034965,55.0497668997669
45,22,10503,145.346472436447,150.704194923381,0.422797702858619,1154.55327049414,1031.22517375988,46.1520517947253
45,23,9802,148.498469700061,155.223424399193,0.44047545113924,1277.8650275454,906.504284839829,59.3759436849623
46,1,22885,174.198339523705,184.617274020823,0.44105312004396,1176.01525016386,907.579244046319,66.3968538343893
46,2,17800,159.765168539326,167.254760006515,0.43879673374499,1175.00106741573,841.347134831461,66.2361797752809
46,3,19973,176.755019276023,188.001792026318,0.454695466479684,1103.26215390778,964.019576428178,69.3300956290993
46,4,12407,159.852986217458,166.555784632792,0.423785092697329,1207.84968163134,983.173450471508,66.4328201821552
46,5,16868,165.619575527626,173.897398547232,0.432250325257554,1324.24075171923,927.600071140621,65.7586554422575
46,6,18791,164.008727582353,174.029730196613,0.447314097075155,1239.84817199723,866.898195944867,59.1373529881326
46,7,16225,169.418674884438,177.880387010706,0.434421616704435,1240.01836671803,929.274083204931,71.6677349768875
46,8,13668,154.591161837869,163.08161872335,0.453260895421182,1294.5778460638,956.128767925081,50.1989318115306
46,9,9078,159.790812954395,169.838189346112,0.451093214278923,1190.73914959242,1154.85327164574,55.7831020048469
46,10,10198,154.533143753677,161.12488884896,0.430837696495742,1205.6094332222,946.298097666209,54.874583251618
46,11,16910,172.879538734477,181.428328346675,0.432253790616694,1320.87463039622,1011.68568894145,69.4685393258427
46,12,12693,153.469865280076,159.001927263808,0.409546935346316,1331.75238320334,1017.75616481525,60.6346017489955
46,13,23326,150.130712509646,157.589168223194,0.441159562156292,1330.13555688931,852.796064477407,63.0599759924548
46,14,12792,152.285881801126,159.481618956939,0.403569458295638,1255.07559412133,1063.11890243902,63.0742651657286
46,15,15340,143.098174706649,149.859753179455,0.440041380285711,1293.85228161669,847.942764015645,52.7303129074316
46,16,11362,150.274863580356,155.807407038365,0.414710750634994,1338.20058088365,990.002112304172,44.2814645308924
46,17,12688,180.684583858764,203.927925449595,0.537807704547321,1127.69845523329,928.922919293821,55.2315573770492
46,18,7480,169.687299465241,186.321822135944,0.505244153858417,1109.80213903743,1057.58556149733,63.030614973262
46,19,10793,153.264893912721,158.15388570515,0.401962821848433,1155.0252015195,1015.39636801631,46.2674881867877
46,20,9717,162.723577235772,169.196153432896,0.417640002644996,1250.27271791705,1001.45353504168,53.850674076361
46,21,12241,154.808675761784,162.303093235907,0.448274908949592,1297.49268850584,928.532391144514,59.6445551834001
46,22,8765,176.006959498003,198.640609563242,0.563544322732356,1199.18630918426,1023.16109526526,55.2444951511694
46,23,7503,157.726775956284,165.933251870854,0.460196383765092,1213.43262694922,1023.19712115154,49.4154338264694
47,1,21034,180.591898830465,193.901783090177,0.451997884470502,1107.07440334696,979.802843016069,69.839450413616
47,2,24895,147.5723639285,154.714770092974,0.43560583560083,1304.11821650934,830.895561357702,62.1984735890741
47,3,19047,159.147424791306,167.78185864654,0.453360383637773,1145.67979209324,847.970756549588,64.1881661153987
47,4,24241,175.335629718246,186.00545531163,0.439166078970254,1168.20349820552,909.258776453117,65.4297677488552
47,5,15349,170.974135122809,179.682298983411,0.429758595153429,1326.46485113037,982.527917128152,69.278454622451
47,6,19001,163.905110257355,173.397215156031,0.443328560321513,1223.13541392558,865.210357349613,57.931687805905
47,7,14416,153.696240288568,153.696240288568,0.392979887857624,1273.30528579356,1059.50693673696,63.1789678135405
47,8,8415,175.379916815211,188.989297122512,0.477351341356834,1203.27759952466,1027.1238265003,56.4110516934046
47,9,13310,153.359879789632,160.354368411206,0.424050543009565,1293.19444027047,944.652216378663,49.4555972952667
47,10,13440,152.835863095238,158.362806437414,0.413382380863647,1341.88154761905,998.396502976191,59.8041666666667
47,11,12609,147.490443334126,152.390758102237,0.409748790744251,1330.67198033151,946.511460068205,44.6707907050519
47,12,11423,153.635209664712,162.533187041584,0.451626718918603,1209.47062943185,952.947474393767,54.7167118970498
47,13,16143,140.832435111194,147.473332837992,0.435693185922932,1265.15021990956,836.402031840426,51.7340643003159
47,14,8879,174.689041558734,174.689041558734,0.399037990310909,1233.67530127267,1050.98873747044,50.6133573600631
47,15,17223,167.711722696394,176.553456387382,0.440285456047761,1232.14155489752,920.983974917262,71.3289786912849
47,16,10979,172.383186082521,186.890671519749,0.47679128542822,1154.65725475909,1059.48738500774,65.3697968849622
47,17,12853,174.331284525014,193.34436967822,0.499850683880224,1090.94063642729,961.2222049327,52.9725355948028
47,18,10179,161.593673248846,168.443698769745,0.402636459949556,1260.40593378524,1008.86648983201,53.9987228607918
47,19,11686,158.19561868903,158.19561868903,0.38121115810407,1214.10585315762,983.334588396372,66.6834673968852
47,20,16790,164.516855270995,171.636460534302,0.407765320190883,1315.09076831447,904.59469922573,64.9879094699226
47,21,9521,157.926898435038,165.710463591321,0.447082896131437,1226.91481987186,1160.89097783846,57.40867555929
47,22,11190,152.344682752458,159.855761425926,0.434916438570839,1176.78284182306,1033.5017873101,46.766309204647
47,23,10402,154.967890790233,160.864383418407,0.413610952033373,1293.63949240531,918.230436454528,58.2930205729667
48,1,20738,156.397338219693,164.730001109578,0.455419989020301,1147.24322499759,839.05608062494,62.9931044459446
48,2,28650,168.875916230366,181.005710797588,0.471761309178835,1164.59776614311,907.689598603839,64.6258987783595
48,3,16197,170.557387170464,179.111386039172,0.423225546134695,1324.65289868494,985.418904735445,69.4219299870346
48,4,17344,168.825991697417,178.545406218602,0.438153042157142,1227.349400369,927.28292204797,70.8634686346863
48,5,26526,146.494005881022,153.461945967786,0.430053346082909,1299.19757973309,827.810638618714,62.5788660182463
48,6,20647,180.836634862208,193.239960749751,0.457198386399291,1105.44752264251,980.049983048385,68.7863612147043
48,7,19828,163.305477103087,173.5811215145,0.455823430852101,1221.11498890458,858.635212830341,57.185243090579
48,8,15197,152.436401921432,158.767663779895,0.406300008668677,1285.16161084425,1063.19062972955,63.5689938803711
48,9,16107,140.29707580555,145.811343931739,0.407064548069716,1265.30204259018,826.9477866766,51.6863475507543
48,10,14261,153.236729542108,159.390694633451,0.421108928648098,1343.6887315055,991.805483486432,58.7733679265129
48,11,12230,155.967865903516,162.372177040745,0.411678302887103,1215.73376941946,986.496484055601,66.8811120196239
48,12,11914,168.275054557663,178.89165448505,0.453299805918434,1161.53508477422,1053.28092999832,65.5627832801746
48,13,16907,165.306796001656,172.409269671763,0.410126469032069,1306.63837463772,905.04773170876,65.0529366534572
48,14,10927,160.720783380617,168.217729896841,0.410574260502001,1259.16683444678,1012.92614624325,54.5155120344102
48,15,11180,155.45626118068,161.778453455721,0.417051528459785,1221.56279069767,1157.8408765653,59.3434704830054
48,16,9832,155.456061838893,163.18786384963,0.427152392046285,1208.34692839707,952.110150528885,54.3168226200163
48,17,9013,175.408077221791,196.81992983729,0.545085501623863,1133.18695218018,978.592366581604,56.8754021968268
48,18,7844,167.915859255482,185.343171758119,0.512269739702107,1091.24706782254,929.884370219276,51.4173890872004
48,19,13138,154.211143248592,154.211143248592,0.399503062548155,1291.82950220734,945.462703607855,48.9601918100167
48,20,8360,168.151076555024,176.193341979666,0.421554983816449,1239.31411483254,1073.74772727273,53.5235645933014
48,21,12431,148.201110127906,148.201110127906,0.39817727264338,1328.0795591666,934.53567693669,44.9418389510096
48,22,8890,171.72733408324,181.226630944953,0.43003742156692,1203.29966254218,1032.89898762655,57.1802024746907
48,23,12093,144.066815513107,149.502301462078,0.42673991027468,1194.87182667659,1042.07037128918,48.2353427602745
48,24,12423,151.236899299686,158.530361568997,0.443120134426958,1290.8493922563,915.328664573774,57.9762537229333
49,1,19798,155.806445095464,163.689695056548,0.436040500112188,1138.28720072735,862.624406505708,66.5739468633195
49,2,17780,183.647412823397,183.647412823397,0.546449501742789,1166.77874015748,935.797919010124,66.2966254218223
49,3,27761,140.938979143403,146.916345050845,0.433679736436543,1273.79269478765,817.437556283995,62.4995497280357
49,5,18269,157.708905796705,164.708441356729,0.432173879202716,1307.90300509059,891.096994909409,63.5319393508129
49,6,16783,160.535541917416,167.428642477792,0.423380266170475,1255.52529345171,939.19215873205,71.120181135673
49,7,16408,151.875853242321,158.421539013777,0.41033817137008,1317.73531204291,1054.71434666017,59.8588493417845
49,8,19750,155.985620253165,163.993809704251,0.421038329801699,1193.98820253165,864.471493670886,59.2128101265823
49,9,11759,159.362870992431,167.676199620429,0.421748600763553,1250.12875244494,1071.91257760014,50.5911216940216
49,10,9623,167.263431362361,167.263431362361,0.387916606336079,1221.48945235374,1044.99199833732,56.3983165333056
49,11,12746,152.086380040797,152.086380040797,0.362705080860545,1253.04864271144,998.026518123333,66.5349913698415
49,12,11592,157.264924085576,164.401595064412,0.41912342926756,1209.89190821256,1075.0772084196,65.3683574879227
49,13,17194,165.904327090846,174.164689360998,0.439474298597823,1355.23013842038,965.937245550774,64.9266604629522
49,14,7042,172.943055950014,172.943055950014,0.571295267308905,1051.54146549276,924.975717125817,54.734592445328
49,15,21231,174.32132259432,187.549562247814,0.482258150634669,1148.25886675145,1020.41915124111,71.9990108803165
49,16,11740,147.949233390119,153.873437455166,0.420404152664428,1196.63117546848,960.334071550256,55.6826235093697
49,17,14639,147.951567730036,154.09199793724,0.430528894478918,1339.00983673748,955.640139353781,54.7460209030671
49,18,11601,156.891992069649,163.333142457241,0.414847101823209,1255.51271442117,1005.17188173433,52.8519093181622
49,19,16367,136.074601331948,140.985952381875,0.408702327950914,1207.74540233396,816.377772346795,53.3819881468809
49,20,10822,152.754481611532,162.106002176853,0.433112739277126,1261.56745518388,1149.67261134726,57.548697098503
49,21,11572,140.475371586588,147.121294706283,0.425395357078859,1181.55608365019,1039.47675423436,47.6841513999309
49,22,12030,148.201579384871,155.030802037232,0.429955867964924,1272.02834580216,901.018287614298,57.0862011637573
49,23,5853,183.007004954724,205.291939344768,0.551581540173347,1163.92926704254,1019.23321373655,62.0553562275756
49,146,9853,146.021211813661,146.021211813661,0.35239612781061,1260.48777022227,894.919212422612,42.9946209276363
49,147,10732,147.980711889676,154.650712933006,0.400466705322337,1248.88902348118,916.880078270593,48.2141259783824
50,1,12185,210.32819039803,231.687538834035,0.476304284282232,1172.56561345917,928.508658186295,67.5646286417727
50,2,29655,145.522610015175,151.663430585993,0.425921050357748,1304.9704940145,836.346450851458,62.2837295565672
50,3,21962,156.978553865768,165.950738216506,0.458170087001514,1168.94545123395,843.442446043165,67.1902376832711
50,4,17833,169.440755901979,177.908600689014,0.431354006760943,1254.81971625638,951.490102618741,71.4175965905905
50,5,20475,165.52547008547,175.595880139621,0.444534827589532,1212.32332112332,865.697631257631,58.2834676434676
50,6,18387,164.968619133083,173.124486942918,0.435345384458113,1316.89383803774,914.764561918747,63.4972534943166
50,7,17141,152.153608307567,158.588735222571,0.412588696492463,1312.03669564203,1068.81903039496,60.1216381774692
50,8,12009,154.438670996752,162.356077382518,0.443137578361042,1190.90865184445,954.468731784495,55.6805729036556
50,9,17967,170.624533867646,180.925913900745,0.447985816114642,1353.88862915345,985.54405298603,65.5293037234931
50,10,18287,144.563296330727,149.700001906582,0.420678168309041,1285.90840487778,914.294799584404,43.5981845026522
50,11,13312,156.746995192308,161.87306956959,0.412105458719159,1247.75045072115,1003.47798978365,65.7586388221154
50,12,13662,152.206485141268,158.073251601119,0.424540462144479,1343.57085346216,973.786854047724,55.346728151076
50,13,17688,139.070047489824,145.407739348688,0.437837628385567,1244.62754409769,816.684362279512,52.5890434192673
50,14,10917,168.101951085463,176.768036223443,0.427451096061221,1240.32966932307,1081.69652835028,50.8178070898599
50,15,9693,157.381512431652,169.274729162093,0.483937031593059,1091.19756525328,880.972867017435,54.2450221809553
50,16,22155,181.106793048973,196.519533458637,0.483943047132087,1142.61069735951,1008.24942450914,71.1870909501241
50,17,11175,159.826577181208,170.205372891599,0.418825562346287,1256.44599552573,1146.71024608501,56.5131096196868
50,18,10340,177.943907156673,196.079848217596,0.520581516541689,1149.59613152805,1008.90483558994,60.7398452611219
50,19,11517,161.747590518364,161.747590518364,0.396802303903133,1253.21967526266,1014.13171832943,52.4219848918989
50,20,12892,166.592460440583,174.020267397038,0.423948881353239,1197.38139931741,1066.06244182439,63.8571206950047
50,21,10829,176.523778742266,176.523778742266,0.396646738064435,1213.78040446948,1043.79074706806,55.9876258195586
50,22,11751,146.88903072079,153.728343950919,0.439071908389736,1256.98170368479,927.324908518424,47.6170538677559
50,23,11009,154.515941502407,160.508876791634,0.417588505499901,1284.33944954128,911.659187937142,56.4511763102916
50,24,12121,146.312267964689,152.511246664475,0.437216546203773,1184.65506146358,1032.60391056843,47.2821549377114
51,1,26318,151.152215213922,160.285176753855,0.473071778828377,1192.21741773691,821.431491754693,66.0091192339844
51,2,16897,153.84920400071,159.734756381571,0.417824456005877,1316.40516067941,1071.74510268095,59.4978990353317
51,3,16763,173.030961045159,173.030961045159,0.447717573700957,1351.78011095866,992.735846805464,64.5958360675297
51,4,18570,171.088422186322,179.14605963377,0.424742760398882,1250.80527732903,949.28718362951,70.5117932148627
51,5,18696,167.912494651262,175.300035531726,0.432078395808714,1307.64757167309,935.034338896021,62.5494223363286
51,6,12051,165.458136254253,174.544304168776,0.435881608891516,1228.19392581528,1093.95892457058,51.1071280391669
51,7,13215,158.471509648127,164.150500707262,0.405514112498569,1240.12485811578,1008.36125614832,65.2292849035187
51,8,14292,145.378113630003,145.378113630003,0.392398306926454,1293.87769381472,926.728029666947,42.8339630562553
51,9,17559,139.206162082123,144.735427715916,0.426299276336266,1247.13275243465,824.183153938151,51.2603792926704
51,10,20245,167.083378612003,176.195325039034,0.433836677226546,1213.36127438874,877.481748579896,56.4006915287725
51,11,20320,178.828248031496,191.916187767347,0.461398056491853,1150.25659448819,1007.08897637795,72.3688484251968
51,12,12369,154.016007761339,162.651281419193,0.403962175012116,1261.03767483224,1142.06629476918,55.6509822944458
51,13,13269,168.440274323611,168.440274323611,0.395602488497191,1194.09639008215,1076.44419323235,64.0419021780089
51,14,14117,149.206205284409,155.110321856624,0.422249289777359,1338.52326981653,978.845930438478,54.0789119501311
51,15,12094,162.977096080701,162.977096080701,0.393885839995955,1244.39854473293,1028.30138911857,52.0399371589218
51,16,6797,211.053553038105,168.365153046161,0.59338677677488,1178.49242312785,875.27953508901,66.4115050757687
51,17,8385,164.414907573047,172.482673796808,0.438383592324241,1139.76255217651,1017.45652951699,58.5086463923673
51,18,11889,152.188914122298,162.735184571245,0.478834686683811,1100.41643536042,866.275044158466,55.1745310791488
51,19,10330,169.053823814134,177.57921745988,0.416163422556957,1204.06418199419,1058.24288480155,55.6199419167473
51,20,11702,155.284054007862,162.096906790728,0.428379449827871,1271.99623995898,927.378909588105,55.7787557682447
51,21,12947,146.438171004866,153.95759005837,0.425083954615766,1167.63304240365,1035.72765891712,47.8039700316676
51,22,6447,271.733829688227,343.534827005074,0.607160627725116,1148.57096323872,988.003877772607,64.4479602916085
51,23,11068,153.559992771955,161.587283173843,0.44855427053173,1180.29842790025,953.629020599928,55.4282616552223
51,24,13437,165.208603110813,150.220704506228,0.502793449451512,1310.87869316068,846.211059016149,60.4313462826524
51,25,15781,145.846270832013,153.042786542463,0.448143471138036,1256.13845763893,933.143336924149,46.4931880108992
52,1,10647,189.444350521274,210.48246346523,0.491602930767901,1174.15159199775,839.281393819855,64.4148586456279
52,2,24463,164.648898336263,174.723865738853,0.463816078314454,1203.77108285983,886.806156235948,55.9446919838123
52,3,12065,164.799834231247,172.263114917515,0.407107605068387,1235.86796518856,1097.46920845421,52.2921674264401
52,4,18747,170.353869952526,178.014752385498,0.424737395819389,1306.5599829306,933.259668213581,62.269856510375
52,5,10411,182.195562385938,182.195562385938,0.483963149288273,1197.44270483143,894.186341369705,67.7148208625492
52,6,20416,182.599333855799,199.901529506882,0.485827897390111,1155.89003722571,997.045650470219,72.6924960815047
52,7,13133,158.048199192873,158.048199192873,0.397066567267924,1238.05253940455,1002.92728241834,65.769359628417
52,8,18028,170.442367428445,179.37678232987,0.436533951825926,1254.17650321722,938.933381406701,71.3523962724651
52,9,16192,161.821331521739,161.821331521739,0.39461106246558,1320.42292490119,1065.91878705534,61.168787055336
52,10,13479,146.72868907189,146.72868907189,0.397644308888712,1318.87573262111,945.009793011351,43.7259440611321
52,11,14771,148.897095660416,154.539374635276,0.410764896354854,1351.16254823641,978.664003791213,55.022747275066
52,12,13649,169.499010916551,178.072170082063,0.430514417433904,1198.3647886292,1081.19906220236,64.5986519158913
52,13,13417,161.017962286651,161.017962286651,0.395954027714359,1249.29365730044,1035.27703659536,52.3202653350227
52,14,11970,150.918045112782,158.704262952192,0.430967376251859,1178.91286549708,962.616624895572,55.5614035087719
52,15,17608,169.023398455248,176.152061152514,0.402494840155813,1353.49909132213,979.860517946388,66.1302816901408
52,16,11750,152.072680851064,159.916745514877,0.453086759493942,1110.89795744681,866.972765957447,54.7946382978723
52,17,18845,161.293446537543,173.169599797663,0.477311820807498,1283.13701247015,855.021491111701,59.6171398248872
52,18,11669,155.341760219385,155.341760219385,0.403948912489537,1274.96409289571,1137.14431399434,56.1342874282286
52,19,9735,170.868412942989,177.816164412182,0.40416913817297,1212.06728299949,1061.40338983051,56.5708269131998
52,20,17915,139.717666759699,145.103637201532,0.423499731568476,1234.45944739045,831.042478370081,50.3560703321239
52,21,13603,145.962655296626,151.816677663885,0.426180163524093,1169.64787179299,1044.44534293906,48.5042270087481
52,22,13504,148.854117298578,155.492419275334,0.422763144098191,1263.33952902844,932.696312203791,46.5147363744076
52,23,10775,193.923712296984,162.432508534287,0.576531817918478,1124.89475638051,998.598700696056,65.3948027842227
52,24,9682,172.354059078703,181.399782277793,0.424308705622729,1128.49215038215,1010.79601322041,57.8729601322041
52,25,11916,154.717438737831,160.78137193977,0.412943935881718,1272.15617656932,937.685129237999,55.6396441758979
53,1,15187,152.035622571937,159.33492407451,0.426212956689733,1323.9277013235,1063.64923948114,60.0197537367485
53,2,16889,167.04736810942,175.331894184199,0.42229465479635,1260.13405174966,951.234768192315,71.1722422878797
53,3,22148,175.543976882789,186.645509863464,0.453102636166895,1153.53363734874,998.290048762868,71.9665432544699
53,4,10505,205.592955735364,205.592955735364,0.548345076285815,1206.24017134698,888.422465492623,56.0314136125654
53,5,16037,150.388476647752,150.388476647752,0.470188919551364,1351.66963895991,972.553844235206,53.7505144353682
53,6,11976,162.125668002672,169.942133861045,0.41411679183065,1233.97327989312,1099.9911489646,51.2135938543754
53,7,10406,178.391697097828,195.0636601275,0.475280299090139,1198.88352873342,920.542379396502,68.7783009802037
53,8,17380,171.198158803222,180.370449187915,0.425449788366507,1348.67646720368,971.594476409666,64.9846375143843
53,9,14213,149.629986631957,155.375036852193,0.404002751526329,1235.15612467459,1006.64208822909,64.5485119257018
53,10,15811,164.61874644235,180.079111923675,0.504832800927501,1164.71772816394,863.33552589969,65.3476060970211
53,11,17933,138.592873473485,143.991565481209,0.420962872307278,1234.80694808454,830.237216305136,51.476161266938
53,12,14644,147.017481562415,151.251273991686,0.400644299323167,1318.51761813712,947.501434034417,43.0455476645725
53,13,12957,145.796403488462,153.064460103975,0.436450444562731,1110.22829358648,867.404877672301,55.4598286640426
53,14,12221,152.542099664512,159.908611272609,0.402544212769167,1279.68938712053,1134.76875869405,55.3317240814991
53,15,11968,160.470254010695,160.470254010695,0.383749506206011,1250.47075534759,1041.45838903743,51.1477272727273
53,16,12720,142.401572327044,142.401572327044,0.399026623940943,1165.46926100629,1046.8376572327,47.7939465408805
53,17,11302,146.964784993806,153.547442884299,0.40608264610679,1178.94611573173,968.202795965316,54.5921960714918
53,18,7818,166.376950626759,166.376950626759,0.531733967759154,1312.38603223331,866.088513686365,52.9044512663085
53,19,13651,154.504138890924,159.963293855531,0.406213148127144,1266.64185773936,944.154274412131,54.6949674016556
53,20,13665,159.518697402122,167.049786172921,0.426019468138514,1197.21763629711,1082.7365532382,63.5414562751555
53,21,11251,168.439338725447,175.514134738806,0.409508668480937,1212.99404497378,1066.88214380944,55.8769887121145
53,22,11694,179.196083461604,179.196083461604,0.52049799733181,1120.7044638276,998.900803831024,64.1883872071148
53,23,17221,164.342953370884,170.343218821075,0.40421863529563,1298.89977353232,925.738168515185,61.0509261947622
53,24,11147,167.519511976316,175.974026803239,0.432719367897691,1120.76558715349,1004.50390239526,56.669058939625
53,25,14925,146.498224455611,152.720917333971,0.429038496377945,1257.0877721943,925.07175879397,45.8738358458961
53,26,7693,160.999870011699,160.999870011699,0.518940344540279,1244.55219030287,853.164305212531,64.4518393344599
54,1,13753,196.202719406675,219.425502348378,0.492804655088385,1130.31309532466,975.597106085945,59.7500908892605
54,2,20937,180.753976214357,190.032861368941,0.427734915032821,1268.17896546783,1110.29111142953,62.7148588623012
54,3,15476,149.092465753425,154.29698102264,0.421394459523916,1076.65953734815,912.130330834841,59.2921943654691
54,4,17290,141.197223828803,148.471903683348,0.442267514175204,1244.49438982071,848.437709658762,63.6499132446501
54,5,20754,164.762069962417,173.319366345975,0.440551776819608,1270.09352413992,918.189987472295,71.5977161029199
54,6,19168,137.363053005008,142.571397628974,0.425031368583663,1202.03130217028,805.740452838063,54.1218697829716
54,7,13054,154.797609927991,162.975427213745,0.449750047982982,1290.3667075226,907.509115979776,52.6439405546193
54,8,18283,181.555434009736,190.650597960587,0.432089391011346,1241.39785593174,1018.96373680468,71.3799704643658
54,9,18470,169.534975636167,176.533017126197,0.411641166692367,1193.5657282079,930.10097455333,67.7629669734705
54,10,14460,164.326210235131,173.132369244989,0.430239255922211,1345.84218533887,1027.35062240664,57.9257261410788
54,11,13564,151.372751400767,151.372751400767,0.393112432075037,1259.17752875258,959.399882040696,45.3130345030964
54,12,12261,166.237582578909,178.734372354216,0.461678800035412,1104.11271511296,1043.38088247288,52.5917951227469
54,13,11077,157.654509343685,167.983595005309,0.460430780122859,1134.24763022479,869.288977159881,63.6112665884265
54,14,9734,177.167865214711,191.366657697928,0.456377583454096,1143.85237312513,996.343949044586,69.4224368193959
54,15,12051,157.51522695212,163.869730166822,0.404115938873542,1200.03742428014,983.605592896855,52.9599203385611
54,16,10875,195.995954022989,209.764302671001,0.453040351330874,1202.01066666667,1055.7176091954,66.0983908045977
54,17,10783,173.794862283224,180.399703579807,0.401112405679877,1310.14559955485,971.401650746545,52.7143652044885
54,18,15098,146.846204795337,154.205672172103,0.439338400568586,1167.15399390648,873.110147039343,53.361637302954
54,19,13371,159.148455612894,164.8180503121,0.416930863632396,1198.77092214494,917.794929324658,59.9064393089522
54,20,13575,155.477642725599,161.213838831596,0.413641474369322,1388.43690607735,921.282357274401,55.366335174954
54,21,11542,164.001906082135,171.69923517404,0.425940428163969,1225.10769364062,1039.50407208456,48.5758100849073
54,22,16918,150.418784726327,156.117668479457,0.425888953681651,1339.08434803168,908.66396737203,63.9797848445443
54,23,14118,158.334537469897,165.645187514243,0.402171538334472,1280.15852103697,997.399206686499,62.4707465646692
54,24,14299,186.456745226939,202.989287142787,0.474261590333997,1249.10930834324,1079.22651933702,54.643961116162
54,25,6132,223.425799086758,270.674967667288,0.638879572763478,1171.96885192433,1076.20759947815,57.9895629484671
54,26,9445,165.557967178401,165.557967178401,0.398519401349213,1337.95161461091,931.77596611964,49.6744309158285
54,27,4945,192.020829120324,223.741282061248,0.588425751421339,1102.87441860465,1046.67664307381,68.735894843276
55,1,20876,179.710624640736,189.848309779448,0.442599013741111,1294.06260777927,1033.1226288561,67.2935907261928
55,2,16755,143.240883318412,149.584003157705,0.430779983231403,1109.5184124142,848.463145329752,60.7024171888988
55,3,18707,175.221360987865,175.221360987865,0.396163332079802,1201.56951943123,995.331907841984,67.4696103063025
55,4,11275,172.770465631929,172.770465631929,0.387424352818093,1195.90110864745,1061.56274944568,69.2585365853659
55,5,13528,160.417652276759,167.900138628663,0.427049420306431,1183.07392075695,957.778976936724,60.7196924896511
55,6,23552,192.126103940217,203.733548366841,0.404698534100458,1339.82192595109,1066.67633322011,56.1039402173913
55,7,17076,142.70338486765,148.739098746724,0.434658594402981,1317.23061606934,823.329585382994,54.1687748887327
55,8,14937,148.975430139921,139.896072315312,0.474450328816905,1076.70449220058,1015.35495748812,63.462877418491
55,9,5287,243.521467751088,280.157165330277,0.577196354609153,1128.91696614337,996.554378664649,58.0455835067146
55,10,17473,162.706862015681,172.705857515956,0.446613349120864,1345.43146568992,940.866308018085,53.7248325988668
55,11,14023,184.233259644869,196.938176174945,0.439738743703557,1283.64693717464,1032.34457676674,49.8732796120659
55,12,13568,166.736364976415,176.212717132764,0.433932554687893,1268.11092275943,911.668189858491,51.3438974056604
55,13,11648,184.809495192308,198.896091624337,0.445326497974768,1259.20381181319,1087.37851991758,60.6188186813187
55,14,11167,164.903376018626,176.134352768946,0.451747580827534,1118.37566042805,965.34404943136,67.3308856452046
55,15,15354,145.447505536017,151.308817807954,0.416255055520677,1196.57314054969,884.017389605315,66.7030089878859
55,16,14877,150.366538952746,159.366080873151,0.45787844997579,1114.86509376891,918.604557370438,57.0660079317067
55,17,11863,163.454438169097,175.512768633402,0.461018158824482,1156.12315603136,1084.74559554919,49.1563685408413
55,18,13995,186.54833869239,200.866358296451,0.451417414959369,1262.93662022151,935.05737763487,69.237513397642
55,19,14944,145.958913276231,145.958913276231,0.398072372131772,1200.22089132762,904.91528372591,45.8546573875803
55,20,13789,151.162013198927,157.492547672797,0.426709156624591,1219.5794473856,867.069693233737,53.5618246428312
55,21,7259,188.017633282821,201.939474802431,0.473547514191081,1206.08265601323,1115.18611378978,67.5609588097534
55,22,12303,157.901162318134,163.163778447066,0.404467326721583,1287.68983174835,978.630334064862,59.4739494432252
55,23,18287,146.600481216164,151.701790314457,0.406693177294723,1299.37042707935,866.679006944824,62.6508995461257
55,24,5714,228.711235561778,228.711235561778,0.612040620260769,1181.8393419671,1105.30259012951,58.5551277563878
55,25,11341,159.304382329601,159.304382329601,0.399067169901831,1189.42888634159,1005.01834053434,52.6435940393263
55,26,11272,164.797019162527,172.064472085305,0.425355002338505,1236.70945706175,1003.82673882186,45.8730482611781
55,27,7850,177.907898089172,193.912047858029,0.475802695194291,1228.98,1082.24152866242,53.0946496815287
55,28,10589,155.233166493531,162.184286600442,0.425903022463502,1265.20171876476,852.367551232411,49.7180092548871
56,1,25517,185.084335932907,195.330475092613,0.42465617762691,1318.05380726574,1080.60669357683,55.8466120625465
56,2,18744,139.965268886044,145.967853546304,0.423898826810028,1124.59752454119,826.72988689714,60.2044387537345
56,3,20838,173.54002303484,180.893217010143,0.410786666610689,1195.96563969671,994.297725309531,68.0223150014397
56,4,17595,162.205456095482,170.929235513273,0.446007538362088,1341.18459789713,949.856095481671,54.0274509803922
56,5,14100,158.03,164.571428275216,0.418677772211723,1281.86014184397,986.141418439716,60.2735460992908
56,6,8769,197.368343026571,218.489931733649,0.484545451575447,1172.03888698825,1094.00866689474,60.4975481810925
56,7,13990,165.51686919228,173.402810973736,0.429253828939015,1270.16704789135,919.125875625447,51.5547533952823
56,8,20182,176.90501436924,185.788921428927,0.419694413827377,1276.64800317114,1041.98795956793,67.9627886235259
56,9,13016,181.001152427781,191.456711271513,0.418216721160412,1262.72917947142,1037.82613706208,50.5278887523049
56,10,13222,162.787399788232,169.245376469235,0.415382963953466,1182.59037967025,957.849871426411,60.7296173044925
56,11,11585,184.716271040138,195.240241448363,0.427703604720869,1235.58584376349,1089.21217091066,60.873284419508
56,12,10036,169.88202471104,169.88202471104,0.374292986751554,1173.16909127142,1058.09665205261,70.1620167397369
56,13,15759,148.652198743575,157.294933793071,0.456810293254138,1121.8032870106,902.310806523257,57.6408401548322
56,14,11544,159.812283437283,170.603284564916,0.453252412936382,1142.05232155232,1069.14353776854,49.339656964657
56,15,12048,164.463313413015,172.073600417482,0.42118846227068,1225.45833333333,997.722858565737,46.9136786188579
56,16,16606,145.357822473805,152.342355202594,0.412424925570676,1334.05600385403,835.841503071179,54.0706371191136
56,17,15417,146.692093143932,152.521794060699,0.417114743357497,1203.18297982746,897.543101770773,46.8355711227865
56,18,9249,178.639096118499,189.600211262484,0.444957091285605,1193.56514217753,1109.47237539193,68.0356795329225
56,19,13032,153.78146101903,153.78146101903,0.450327205145376,1068.41505524862,1006.76749539595,63.7584407612032
56,20,14530,185.37845836201,202.336824066521,0.494543445245411,1274.86730901583,939.090777701308,69.6908465244322
56,21,10994,162.992996179734,171.906695370843,0.439932916559712,1119.50609423322,949.414771693651,67.9246861924686
56,22,9252,197.015023778642,216.307315946069,0.501843833836995,1124.4575226978,983.124081279723,60.0500432338954
56,23,15599,145.981473171357,151.878738342457,0.42213084823355,1208.62645041349,884.81159048657,67.4725302904032
56,24,18952,146.793847615027,152.092757108615,0.409889761314877,1307.05218446602,873.200875897003,62.334371042634
56,25,14971,151.70255827934,158.462105666044,0.436232703031552,1224.45127246009,865.07327499833,54.4123973014495
56,26,8094,177.887694588584,185.979954240764,0.411508934808386,1206.15072893501,1088.88028169014,52.8107239930813
56,27,11829,154.28015893144,160.513587530846,0.410104289658637,1170.79262828641,1007.85696170429,53.3006171273988
56,28,12586,153.091212458287,160.878452579587,0.437662683168763,1272.91697123788,854.85237565549,49.7547274749722
57,1,25729,175.994636402503,187.835814526222,0.455049218169697,1286.63255470481,1103.09689455478,55.5263321543783
57,2,20758,174.265391656229,174.265391656229,0.383437244998463,1265.68590422969,1062.19833317275,67.7941034781771
57,3,13177,183.045989223647,183.045989223647,0.384337426321162,1239.55452682705,1050.8785763072,50.6398269712378
57,4,19220,165.294120707596,165.294120707596,0.398130091672786,1204.36774193548,982.048543184183,68.5851196670135
57,5,19764,135.252428658166,135.252428658166,0.382973093748117,1163.52469135802,805.748937462052,59.3849929164137
57,6,15937,167.835979167974,175.265296807854,0.40579811659645,1339.12310974462,982.805923323085,52.8434460688963
57,7,11257,163.255041307631,169.170274360796,0.412110509308884,1217.6426223683,1002.4775695123,47.0726658967753
57,8,16188,142.733320978503,149.261343628049,0.423374043110384,1140.40233506301,881.999752903385,57.6105139609587
57,9,9744,186.223624794745,199.451242740581,0.445689939455344,1140.33866995074,1066.97906403941,61.9027093596059
57,10,11583,151.597427264094,159.069339669008,0.438861647678033,1142.32124665458,921.547181213848,68.708538375205
57,11,14355,158.970950888192,158.970950888192,0.389632484636616,1279.86478578892,1002.00738418669,59.2896551724138
57,12,13865,156.320879913451,162.217083932465,0.412960936023596,1194.43137396322,950.434114677245,60.9686981608366
57,13,12556,185.075979611341,192.575131182523,0.417381064435659,1203.05097164702,1084.52389295954,61.3759158967824
57,14,4779,220.991211550534,220.991211550534,0.591239379294293,1310.105042896,1007.90458254865,66.9903745553463
57,15,13895,154.575458798129,161.144653908992,0.418970670356415,1159.15070169126,1000.45455199712,53.5816480748471
57,16,7501,165.333955472604,173.522493592342,0.42406459513184,1166.24970003999,1093.41087854953,69.0357285695241
57,17,13438,167.788733442477,175.972953881295,0.427897928851679,1276.44627176663,934.911073076351,51.2150617651436
57,18,12372,160.382395732299,160.382395732299,0.399791604130704,1159.7250242483,1037.87786938248,70.8766569673456
57,19,15462,144.283598499547,144.283598499547,0.388435154455866,1208.66731341353,901.062475746993,46.8648945802613
57,20,9684,171.201259809996,180.294141659933,0.405267923241022,1170.73161916563,1087.09479553903,53.1095621643949
57,21,15282,152.524538672949,160.038570330289,0.439858057635794,1248.50458055228,868.443004842298,53.9125768878419
57,22,13966,141.924029786625,141.924029786625,0.398275645823432,1226.48360303594,866.740870685952,66.7617070027209
57,23,15885,151.075731822474,157.804521837026,0.430605119464753,1364.77009757633,874.122568460812,52.4156122127794
57,24,5352,194.409379671151,161.706561593483,0.572781900756419,1269.31483557549,895.467488789238,67.7017937219731
57,25,11444,150.888063614121,158.454555572405,0.43042956506069,1113.87766515204,1048.90737504369,50.2017651170919
57,26,12044,156.528811026237,164.148215089363,0.439583597931062,1291.79068415809,881.098638326137,48.6893889073398
57,27,17777,150.367216065703,150.367216065703,0.390063373692781,1326.74230747595,897.648084603701,61.0808347865219
57,28,14045,152.406621573514,152.406621573514,0.379844102423735,1075.28778924884,967.908650765397,64.4761836952652
57,29,9408,190.42400085034,208.610756871605,0.449188791168983,1129.49893707483,957.75,60.4267644557823
58,1,29160,176.264471879287,190.693707909865,0.470773196699326,1251.46426611797,1119.01416323731,55.5546639231824
58,2,23421,178.005123607019,188.938365486194,0.445335232476062,1248.12753511806,1063.09205413945,68.0806968105546
58,3,15697,166.912085111805,166.912085111805,0.39678479457801,1327.56660508377,1011.50264381729,52.686309485889
58,4,21392,170.243876215408,178.658196691746,0.424714451271164,1208.3672868362,971.728029169783,68.6432311144353
58,5,12067,168.068119665203,176.487423922698,0.427328504470486,1205.07905858954,1000.88497555316,47.5354271981437
58,6,20168,137.84534906783,143.278304034901,0.414063388549727,1191.82566441888,797.176616422055,58.968464894883
58,7,12997,179.135800569362,187.740382212328,0.43008234820905,1214.30722474417,1056.62514426406,50.806032161268
58,8,16712,147.053075634275,152.618488951384,0.418847938848534,1221.52656773576,902.918800861656,46.7799784585926
58,9,13700,202.610218978102,216.147549558689,0.423502529851312,1175.39810218978,1073.63613138686,61.9367883211679
58,10,14050,162.142633451957,170.251843695434,0.420595013415774,1151.65252669039,992.406192170818,54.1716014234875
58,11,14738,155.929569819514,161.607137101932,0.40781277028858,1077.87562762926,945.11602659791,64.9721129054146
58,12,10349,178.980287950527,178.980287950527,0.421396116577838,1118.33152961639,1044.7459657938,62.3586819982607
58,13,12698,158.286580563868,166.682359528868,0.44348196930867,1306.51622302725,898.631831784533,48.486769570011
58,14,14242,169.31505406544,177.980358179148,0.43177300304116,1283.94080887516,949.861676730796,51.3700322988344
58,15,15661,144.742609028798,150.006395256056,0.421680406936471,1239.23548943235,860.99374241747,66.3365046931869
58,16,15269,159.88591263344,165.156881323194,0.40570823061991,1266.98395441745,1013.11683803785,58.7680267208069
58,17,11264,170.946555397727,183.459754401393,0.41656702032001,1143.8837890625,1082.84339488636,53.974609375
58,18,16994,146.31228668942,153.527407182579,0.422430813718105,1155.16994233259,868.174120277745,56.5797928680711
58,19,14508,164.289564378274,171.733725441699,0.420893778412246,1193.76020126827,940.820099255583,60.9017783291977
58,20,9745,188.163571062083,197.658893768046,0.432678110063715,1148.72314007183,1077.2773730118,69.730015392509
58,21,16022,153.766258894021,161.670283555213,0.452651321152859,1264.4945699663,874.383659967545,53.8490200973661
58,22,12650,164.463636363636,173.24661469213,0.42379645404087,1100.8423715415,1036.90758893281,50.7555731225296
58,23,12467,157.538301114943,166.755391216891,0.446012542392394,1153.77933745087,903.487928130264,68.2270794898532
58,24,8283,179.132198478812,198.669883892897,0.504912229807205,1283.08378606785,902.179886514548,65.6882771942533
58,25,17518,153.408151615481,158.953887136458,0.410992878635223,1338.24534764243,924.848441602923,61.475168398219
58,26,14616,157.874042145594,165.058185066109,0.419525790058202,1381.47954296661,916.371852764094,53.0986590038314
58,27,8108,195.378515046867,217.548423182285,0.486667798751473,1287.69301924026,1013.48088307844,67.0760976813024
58,28,12123,172.077456075229,172.077456075229,0.373595281386133,1151.10525447497,1021.17965850037,71.6070279633754
58,29,9947,177.670453403036,189.099075202562,0.451774979041345,1126.76736704534,943.192319292249,60.149492309239
59,1,25825,177.164569215876,188.466006799923,0.456126966094039,1186.98505324298,1121.1062536302,59.9960890609874
59,2,15559,160.962658268526,170.111566199075,0.446109526488126,1292.91130535381,905.323285558198,53.5703451378623
59,3,17376,143.875517955801,150.41241686066,0.439098758837757,1258.28947974217,856.709081491713,64.4354857274402
59,4,14127,179.568839810292,189.200437530309,0.41359396795487,1293.16733913782,994.539180293056,53.4234444680399
59,5,11471,192.273559410688,205.886073517952,0.464795167653199,1091.40066254032,986.744224566298,60.8637433528027
59,6,14138,173.717286744943,180.896935829467,0.410136156590143,1179.86695430754,1063.90606875088,53.2911302871693
59,7,12186,166.332512719514,172.203380695756,0.403174979480293,1108.10807483998,962.25430822255,70.2419990152634
59,8,12647,185.361429588045,198.038502523918,0.421224004137285,1100.04182810153,1061.04522811734,54.9448881157587
59,9,13951,162.920937567199,162.920937567199,0.355727503254079,1238.73220557666,1020.12794781736,61.4416887678303
59,10,17473,154.741372403136,159.479724546659,0.402166986295254,1333.14382189664,961.418531448521,64.226635380301
59,11,9770,185.143705220061,196.926502146682,0.428464293581503,1133.64216990788,911.772364380757,57.5849539406346
59,12,20346,138.4106949769,143.484069000752,0.407443502369543,1257.30364690848,802.484763589895,53.5871424358596
59,13,15120,163.356216931217,169.561256287426,0.406703043968247,1382.67863756614,999.259457671958,57.356746031746
59,14,16467,173.25013663691,173.25013663691,0.37895554283949,1299.08313596891,1063.38021497541,56.7232647112407
59,15,9007,173.375596758077,185.198133413751,0.453436082220473,1285.24325524592,913.555456866881,66.2597979349395
59,16,12915,157.233759194735,165.074513405474,0.435726007283502,1150.03956639566,972.569492837786,53.9992257065428
59,17,16317,148.751608751609,154.014491484237,0.404806485081505,1085.97432126004,878.705828277257,60.8252742538457
59,18,11636,162.996304572018,169.628267553763,0.422022352799663,1337.41397387418,955.627793056033,50.585424544517
59,19,13473,201.390113560454,212.803088164946,0.429036821626999,1128.53395680249,1036.66288131819,62.5582275662436
59,20,13885,147.604609290601,153.356057844452,0.423866715474092,1260.99819949586,941.332589124955,46.2565358300324
59,21,13870,153.911319394376,162.580665319243,0.447377634449195,1158.58262436914,863.254434030281,64.923936553713
59,22,15803,147.05536923369,153.638316702906,0.420580611496209,1196.67063215845,862.283300639119,52.9526039359615
59,23,14056,161.718554354013,169.803135167361,0.433559085865414,1203.08224245874,923.160145133751,59.4445076835515
59,24,10539,191.98016889648,209.572994099137,0.448291050911632,1090.26833665433,1019.33096119176,69.2378783565803
59,25,12793,204.971781442977,238.962400325405,0.538675386654547,1183.00164152271,932.827405612444,67.6697412647542
59,26,11742,161.044370635326,168.8254232008,0.423732594204809,1093.4851814001,1007.34994038494,49.6469936978368
59,27,12365,163.990699555196,175.037998267296,0.450388390618016,1207.59587545491,1020.62401940962,48.2862110796603
59,28,9469,182.997465413454,193.411466345965,0.437466830432469,1264.0968423276,1012.4631956912,67.9248072658148
59,29,11444,226.407724571828,253.164649507563,0.48700565533667,1182.57497378539,1044.10896539671,68.4120062915065
60,1,30179,182.767387918751,197.601360130197,0.447814915228569,1137.28072500746,1098.77577123165,62.4156532688293
60,2,14321,161.859227707562,168.961359158948,0.412183719706705,1228.06235598073,923.871238042036,59.5436072899937
60,3,17599,142.825501448946,148.300909630895,0.429709103058407,1124.48741405762,836.927098130576,58.0129552815501
60,4,11401,185.815805631085,200.315080946626,0.455476667304321,1097.60889395667,933.743706692395,59.4586439785984
60,5,14514,158.541477194433,164.88806214455,0.418576278552572,1162.89017500344,962.459831886454,54.0551191952597
60,6,14512,166.380237045204,173.534795606536,0.411340600160156,1263.5598814774,1089.34350882029,60.7382166482911
60,7,12958,202.053789164995,217.892673593495,0.446085719083072,1111.60425991665,990.798271338169,62.0751659206668
60,8,13946,160.764090061666,167.291789536241,0.401771802223521,1361.19905349204,1057.2737702567,62.1558152875376
60,9,12079,175.955128735823,191.734548518714,0.468941246185152,1164.69144796755,891.479923834755,56.2147528768938
60,10,15290,149.179725310661,156.934367879441,0.45511381534136,1197.3173969915,834.337671680837,63.3392413342054
60,11,16754,145.938939954638,153.234543635012,0.434766180461721,1243.37817834547,873.185030440492,52.2326608571087
60,12,18778,141.818617531153,141.818617531153,0.383073462754013,1319.06720630525,839.89226754713,53.8852912983278
60,13,15084,194.259546539379,208.60014009415,0.44229213400949,1154.95690798197,1055.59931052771,54.8967117475471
60,14,12571,175.456367830721,189.396430839078,0.455093479459449,1340.25988385968,999.480470925145,53.2081775515074
60,15,15318,166.146755451103,172.879693580766,0.431689421474758,1316.76961744353,941.686969578274,55.4573704138921
60,16,9889,172.869349782587,184.868994330804,0.442454222868329,1284.97421377288,934.982809181919,68.5449489331581
60,17,17860,156.481578947368,161.576853332442,0.415796743946521,1323.97961926092,990.987793952968,67.654647256439
60,18,13558,158.697374243989,165.210750932908,0.410334039615869,1107.24944682107,902.609381914737,67.8018144269066
60,19,11387,178.002634583297,188.498155624023,0.438944076488514,1074.85325371037,960.057697374199,67.829630280144
60,20,10395,174.681385281385,186.479970442835,0.421360550691491,1244.10735930736,1011.13006253006,70.5566137566138
60,21,12916,169.002167853825,177.353627202535,0.434165211689572,1206.67458965624,1038.22414060081,50.1487302570455
60,22,13614,179.930218892317,179.930218892317,0.371211908042074,1292.27207286617,1031.36624063464,57.0689731159101
60,23,11390,171.554960491659,181.27789441314,0.428796674498344,1081.88849868306,1024.04258121159,55.6744512730465
60,24,14286,154.740585188296,161.717724276895,0.428392210699341,1281.9894302114,981.751924961501,47.7619347613048
60,25,17098,145.174113931454,145.174113931454,0.392255687186866,1289.46496666277,868.693414434437,64.9978944905837
60,26,7503,184.684926029588,184.684926029588,0.56390841094535,1188.33853125416,911.91043582567,64.2145808343329
60,27,15310,166.308687132593,166.308687132593,0.389192279486404,1227.22246897453,1014.25551926845,63.2050947093403
60,28,12079,160.176173524298,167.285558331792,0.416199150934175,1104.56685156056,987.553274277672,49.1787399619174
60,29,7211,191.733740119262,214.281316372851,0.553052235912039,1205.19470253779,904.971155179587,70.2098183331022
60,30,6991,229.020597911601,264.384441140858,0.531554624251055,1155.86167930196,1003.36332427407,72.32699184666
60,31,6879,208.827591219654,233.940777934302,0.564610598962334,1156.01497310656,1013.38915540049,66.4842273586277
61,1,25321,181.063544093835,188.589463652208,0.405715683553371,1126.85825994234,1098.42403538565,61.5509656016745
61,2,11360,175.442517605634,184.06266026573,0.422339096373688,1093.08485915493,930.932306338028,57.5088028169014
61,3,13922,166.547191495475,166.547191495475,0.387484664685797,1348.50172389025,1065.87480247091,63.2437868122396
61,4,16338,167.26294528094,174.802026412473,0.41892063053994,1312.45678785653,953.185763251316,54.6293303953972
61,5,14584,174.515633571037,183.702559599026,0.422287191567886,1291.0768650576,1039.55656884257,57.9223121228744
61,6,15025,181.916605657238,191.871093767414,0.411964463487281,1155.41617304493,1055.42948419301,53.7114143094842
61,7,12239,192.5297001389,203.265706687909,0.420135497115871,1102.05923686576,986.199444399052,60.6680284336956
61,8,14449,159.624403072877,166.248413478147,0.41422242317491,1229.85002422313,928.824693750433,58.5073015433594
61,9,15735,163.655926278996,169.772675209351,0.410832731368855,1252.25332062282,1090.96097870988,61.3250079440737
61,10,18094,143.649552337792,150.208917877748,0.43221685169133,1283.88421576213,875.320106112523,64.2071404885597
61,11,10570,170.946830652791,179.159509761337,0.427569465060141,1071.61012298959,946.270009460738,66.3056764427625
61,12,12731,152.808813133297,158.811735332237,0.425348805065725,1108.35291807399,991.798758934883,47.8178462021836
61,13,13084,155.335142158361,155.335142158361,0.394092684999099,1165.45597676552,967.510241516356,52.6014215836136
61,14,15457,147.327942032736,154.493422625044,0.418368812295327,1253.40169502491,882.648120592612,51.0017467813935
61,15,18220,144.264270032931,144.264270032931,0.396439054869592,1325.17354555434,851.001756311745,53.2495060373216
61,16,9652,167.030149191877,178.766190546974,0.429719032388195,1221.45213427269,1000.89815582263,70.3721508495649
61,17,12211,165.950045041356,176.333676542818,0.430610753037241,1211.09262140693,1044.39710097453,50.2346245188764
61,18,11756,169.224821367812,182.030421191114,0.461066935853608,1166.61806736985,894.620108880572,53.8713848247703
61,19,18180,139.276347634763,144.627769517074,0.43405330938037,1126.01595159516,837.695654565456,55.5039603960396
61,20,7290,205.499314128944,240.640807631177,0.556048258245849,1163.11042524005,955.684499314129,72.1074074074074
61,21,17206,156.626932465419,161.770896991232,0.406480487457922,1311.24195048239,989.847204463559,67.6356503545275
61,22,15935,154.776780671478,161.580141736427,0.433029443213405,1282.59278318168,996.836586131158,47.5165986821462
61,23,11325,163.215452538631,172.522857527226,0.437972104500132,1074.98896247241,1025.64158940397,54.1521412803532
61,24,9586,168.837366993532,178.234540656277,0.439216114891395,1267.39995827248,936.122261631546,68.1261214270812
61,25,13124,182.766382200549,193.524972728051,0.434595193110704,1344.78474550442,1011.22317890887,53.2335416031698
61,26,16302,144.112624217887,151.33228873069,0.447916854012642,1193.12182554288,836.225493804441,62.4212980002454
61,27,6416,184.238310473815,202.944107840653,0.475826490496675,1172.86938902743,907.229738154613,61.0688902743142
61,28,14173,151.693290058562,157.756705835167,0.41082315476375,1105.54124038665,894.243208918366,65.7589783390955
61,29,8361,170.535103456524,170.535103456524,0.525469783469035,1188.07259897141,899.481282143284,70.9238129410358
61,30,16002,159.256967879015,159.256967879015,0.37382437702863,1218.46187976503,1012.21003624547,63.3352705911761
61,31,5525,222.993484162896,222.993484162896,0.532887318722242,1131.59076923077,1040.34624434389,63.1918552036199
62,1,15582,173.778847388012,183.643189426664,0.437350825207603,1330.98787061995,1083.1878449493,64.308304453857
62,2,12782,179.461586606165,190.72111656687,0.452125374728084,1097.71960569551,917.641683617587,58.0039899859177
62,3,28107,192.776425801402,205.595725632804,0.437952326783284,1112.54299640659,1089.72305831288,59.9674102536735
62,4,20269,141.406433469831,147.129248790098,0.424403587830118,1147.81799792787,824.809117371355,56.6773397799595
62,5,16201,167.272390593173,176.396288980701,0.435468372123704,1315.68508116783,961.301154249738,56.1004876242207
62,6,11232,177.204683048433,188.206608204892,0.427531677899482,1206.70397079772,1000.10585826211,70.5420227920228
62,7,16013,170.839318054081,182.526988721517,0.469673938742795,1211.14300880535,1039.23218634859,50.3259226878162
62,8,15406,154.272036868752,160.592689687467,0.426131256587421,1286.65928858886,998.583733610282,48.7029079579385
62,9,10752,177.955078125,188.044881792221,0.438490986956489,1077.20154389881,934.271763392857,66.7716703869048
62,10,12737,206.607992462903,215.747739280698,0.428446435666249,1107.51008871791,972.914422548481,61.2394598414069
62,11,17085,193.684342990928,210.82263144511,0.432644567799571,1147.76663740123,1038.36090137548,53.8946444249341
62,12,16935,147.284145261293,154.446102198347,0.430915513816902,1269.59911426041,880.751107174491,52.3316799527606
62,13,16042,173.201408801895,180.390987716548,0.407567710867161,1232.80177035282,1096.5843411046,61.2072684203965
62,14,11898,171.855774079677,184.310763847025,0.453131484424841,1070.8977139015,1000.26592704656,53.5785005883342
62,15,15151,166.864761401888,174.841134808224,0.423090247005348,1236.34466371857,925.655336281434,60.6478120256089
62,16,12487,177.42812525026,194.199606499775,0.476955620300137,1185.63161688156,885.588532073356,54.5459277648755
62,17,14211,156.696361973119,162.896110874491,0.415491279521135,1114.11688128914,880.811132221519,66.1642389698121
62,18,17908,145.839178020996,151.599819761441,0.426315105627554,1348.67344203708,868.764295287023,55.4773844092026
62,19,11460,188.352705061082,208.569833341736,0.519355550319399,1162.19685863874,957.13595113438,70.7131762652705
62,20,13708,160.169681937555,165.596548808616,0.405484522030902,1175.25284505398,957.320980449373,53.5215202801284
62,21,15669,174.832280298679,183.642324902737,0.428151057537135,1343.7039377114,1028.18890803497,54.562575786585
62,22,17357,147.457509938353,153.685552317428,0.430760562399957,1298.28253730483,882.522037218413,65.6116840467823
62,23,9599,172.693613918116,186.888138589239,0.475092355009198,1211.00218772789,889.439524950516,70.5265131784561
62,24,18150,161.27955922865,161.27955922865,0.381898516363839,1304.0876584022,1004.26931129477,68.8201652892562
62,25,8181,207.234323432343,233.306893013361,0.508889329565917,1125.13005745019,1033.93533797824,63.5764576457646
62,26,10119,171.584741575254,181.813302626796,0.432083361350687,1266.47959284514,945.840399248938,69.3656487795237
62,27,14128,175.542468856172,184.221883462306,0.421762122205969,1282.89743771234,1047.66166477916,58.682969988675
62,28,17623,164.394370992453,171.840164373471,0.431024778323161,1207.9145434943,1006.20671849288,64.1818646087499
62,29,16885,148.580100681078,156.963343958995,0.455042030902215,1217.03677820551,832.385904649097,63.9069588392064
62,30,8624,174.471243042672,185.82386947943,0.442746301892895,1166.57780612245,888.49512987013,61.7104591836735
62,31,12977,161.558141326963,167.554562868767,0.411896636987811,1113.22948293134,966.695538259998,47.8402558372505
63,1,30505,191.976200622849,209.248964040644,0.47919076420782,1104.87556138338,1079.33315849861,58.970201606294
63,2,11567,185.171522434512,195.559576739509,0.433860778305816,1098.05498400622,914.958243278292,57.3839370623325
63,3,17655,197.423506088927,211.564138542784,0.437357798639335,1147.04786179553,1030.0577740017,53.4173322005098
63,4,15139,169.007001783473,174.872251283509,0.404963812666201,1315.45498381663,1088.66761344871,65.2658696082965
63,5,16576,172.721766409266,181.859394012085,0.427838479307814,1220.45608108108,1103.50573117761,60.9223576254826
63,6,17214,147.468746369234,154.499636268596,0.441113166633257,1282.39055420007,880.943999070524,53.5072034390612
63,7,16099,171.680973973539,184.517696526835,0.461606956293215,1216.62556680539,1040.77371265296,49.9263929436611
63,8,15657,175.051797917864,186.160821245267,0.455289094880938,1341.86434182794,1035.8835664559,55.184518106917
63,9,9661,197.264465376255,222.199861275874,0.509699875757553,1128.9588034365,1027.35296553152,63.9295104026498
63,10,15646,167.966828582385,175.492074455132,0.416035823099322,1235.57497123866,929.544675955516,61.095935063275
63,11,14543,203.557450319741,222.38657124941,0.452367387130283,1105.92718146187,964.851337413189,60.7852575122052
63,12,20534,158.564916723483,164.127480205473,0.409916841514591,1293.32356092335,1012.66090386676,69.5286354339145
63,13,11137,179.410254107929,188.890248263006,0.445814817891395,1073.72586872587,936.441950255904,66.9001526443387
63,14,11736,178.375340831629,189.85304059774,0.442968946868326,1195.90703817314,885.506390593047,54.7846796182686
63,15,21260,141.369943555974,147.330062464943,0.44339166082137,1151.67601128881,822.080479774224,56.6792097836312
63,16,14109,160.546743213552,160.546743213552,0.396334223563195,1182.1034800482,956.572684102346,53.7040187114608
63,17,14546,159.598858792795,166.540680684504,0.418034336575448,1119.67668087447,951.177437096109,47.6088959164031
63,18,10302,175.333236264803,186.728256331849,0.432719130574994,1255.41652106387,954.991555037857,69.6201708406135
63,19,15240,170.842519685039,179.064623540315,0.420147290056962,1320.56220472441,966.893766404199,56.8216535433071
63,20,10246,172.897813780988,185.050681009389,0.462935472752474,1213.31817294554,900.064122584423,70.7994339254343
63,21,14986,153.77852662485,159.022462830406,0.410272991598946,1293.87688509275,995.407580408381,48.8163619378086
63,22,12174,174.212584195827,185.525808177042,0.443461329279244,1072.63668473797,986.113356333169,52.5751601774273
63,23,15105,155.660840781198,162.957721746233,0.427807506919079,1113.08341608739,876.452962595167,66.417808672625
63,24,18138,146.537435218878,152.683832981458,0.424183944249529,1355.71915315911,872.516043665233,57.5539199470724
63,25,11477,189.901629345648,204.468428938032,0.480450480033732,1155.4332142546,958.577589962534,70.771455955389
63,26,10840,179.568173431734,191.751822948838,0.427886583688339,1196.89732472325,1000.71051660517,70.7683579335793
63,27,16547,150.490723393969,158.640583077459,0.457763274894953,1218.81434701154,838.718317519792,64.6268205717048
63,28,10454,168.978764109432,180.340195282829,0.450064286415378,1163.85010522288,885.884446145016,61.7162808494356
63,29,17336,148.772842639594,155.334642246491,0.427747388860212,1297.31725888325,892.977445777573,66.5276880479926
63,30,16946,165.963649238758,172.563293706673,0.409692488170764,1203.09223415555,1005.26602148,63.7548684055234
63,31,13969,179.481995847949,190.41082843262,0.433289147192066,1278.47111461092,1053.77707781516,59.0614217195218
64,1,31799,193.618855938866,210.389601718897,0.484966910287019,1116.25230353156,1078.71587156829,60.359036447687
64,2,15724,172.405049605698,183.367717658912,0.410192424480103,1325.3382091071,1091.49949122361,64.7416051895192
64,3,20085,142.602638785163,148.789384532581,0.440357323780834,1141.59039083893,827.473188946975,56.5971122728404
64,4,12334,186.11123723042,199.933843584409,0.451558071736653,1096.06113183071,922.450462137182,57.8517107183395
64,5,19870,161.374232511324,161.374232511324,0.38773781509481,1301.53004529441,1014.81690991444,68.6671363865123
64,6,17542,198.38233952799,213.248129268909,0.445958383727781,1149.61549424239,1029.93028160985,53.4368373047543
64,7,14728,206.917639869636,218.47041265241,0.423458858605862,1109.87459261271,966.806762629006,62.1350488864747
64,8,17372,173.802728528667,181.303545345017,0.411925105885879,1225.86046511628,1105.38366336634,60.8941399953949
64,9,16770,175.23679189028,186.311868388141,0.44545059557174,1282.23333333333,1057.23822301729,58.5261180679785
64,10,15047,170.644248022862,180.090573137757,0.448515647770214,1216.13550873928,1038.47810194723,49.4562371236791
64,11,15608,155.350461301896,160.326627733738,0.404541736012868,1293.74724500256,986.545809841107,48.8755125576627
64,12,15040,156.873337765957,163.351274879458,0.420594324908506,1112.03716755319,882.015159574468,67.5494015957447
64,13,12080,186.07392384106,203.095733867341,0.476937890217695,1160.89958609272,957.334437086093,71.2487582781457
64,14,15901,158.438148544117,166.22998991914,0.440840305018565,1115.24501603673,948.463555751211,48.5080183636249
64,15,16616,179.451853635051,191.455166055987,0.457030952048015,1344.7811747713,1031.78629032258,54.6131439576312
64,16,10167,174.519819022327,185.534097119762,0.441320623646718,1219.61030785876,902.976295859152,70.8459722632045
64,17,14790,170.380054090602,179.534310618734,0.429702481623379,1239.62021636241,920.742596348884,60.9033130493577
64,18,17053,171.56605875799,179.374046932837,0.42401566754986,1329.66222951973,957.431595613675,56.4653140209934
64,19,12234,179.20271374857,194.002097898512,0.452066537042474,1190.78813143698,885.845349027301,55.1394474415563
64,20,13120,174.044588414634,185.564719891445,0.456133390891409,1073.81783536585,994.364557926829,54.1439786585366
64,21,16308,150.886742702968,158.751664269123,0.446115164552541,1220.62263919549,837.491721854305,64.605408388521
64,22,11634,180.495530342101,191.251944087156,0.448523435591439,1085.5053292075,951.498023035929,68.8852501289324
64,23,10467,184.139963695424,193.505829367214,0.41583340767074,1205.71328938569,1000.03745103659,70.355593770899
64,24,8952,200.764521894549,221.35391291622,0.450037557056044,1144.42191689008,1023.38851653262,65.1758266309205
64,25,10000,175.5116,185.854596803773,0.427926479467018,1262.3535,954.7634,69.3524
64,26,17323,149.693875194828,155.649602007778,0.423861684887451,1304.41620966345,887.397217572014,66.0092362754719
64,27,16617,149.347475476921,155.880919629722,0.424099748474344,1274.05975807908,878.272552205573,52.8184389480652
64,28,19110,146.662061747776,153.307341389367,0.44123612050974,1352.1654107797,863.777237048666,57.1563579277865
64,29,14516,159.979402039129,166.663327806333,0.415840265180886,1184.60843207495,956.453292918159,54.2544778175806
64,30,10877,168.263767582973,179.314402474688,0.45789549528657,1163.54160154454,889.305231221844,62.6217707088352
64,31,16614,166.683098591549,166.683098591549,0.392581781249054,1217.77573131094,1001.27958348381,63.3516913446491
65,1,16994,188.20789690479,197.629502095665,0.415422746187531,1156.56290455455,1009.50812051312,53.5786748264093
65,2,20722,139.59646752244,144.919822119463,0.429351513508249,1140.73723578805,826.452321204517,56.5314641443876
65,3,12283,180.299845314663,189.202548421247,0.428619574713255,1093.25124155337,922.341854595783,58.0757144020191
65,4,15778,160.490366332869,160.490366332869,0.375297874859885,1318.89364938522,1099.3129040436,64.9046140195208
65,5,16246,151.596762279946,158.701064317193,0.432032433253464,1113.18576880463,880.947925643235,68.21235996553
65,6,17872,234.895087287377,289.571450779612,0.58870256082495,1126.83348254252,1073.92009847807,59.7970008952551
65,7,15208,154.840347185692,160.729087663858,0.421396294092488,1187.28570489216,942.734350341925,54.3629011046817
65,8,17647,144.421771405905,149.881494245262,0.424860993543212,1300.94112313708,889.77990593302,67.6720122400408
65,9,17438,167.303532515197,174.158550784507,0.409612005503872,1228.49334786099,1105.64422525519,60.7736552356922
65,10,18598,154.851704484353,154.851704484353,0.377854824669081,1300.4204215507,1018.0150553823,68.7689536509302
65,11,12163,170.859491901669,181.571993621683,0.435713417512179,1197.54830222807,879.809504234153,55.4234152758366
65,12,16466,149.301712619944,149.301712619944,0.39982296385802,1300.82053929309,981.218571602089,49.4118790234422
65,13,12535,177.72269644994,191.662526259994,0.459121689844839,1156.19920223375,955.707538891105,71.4664539289988
65,14,17312,170.24012245841,179.722962666081,0.43954188884248,1350.6197435305,1034.8904805915,55.3975277264325
65,15,15819,161.385296162842,170.456100446079,0.440552513535138,1218.88286238068,1030.21771287692,49.8538466401163
65,16,17342,143.912582170453,149.565329613882,0.407157996498506,1278.58603390612,879.230711567293,53.2671548840964
65,17,17638,163.238405714934,171.217359913618,0.434113459588209,1334.45719469328,959.714876970178,57.2570019276562
65,18,10736,167.984724292101,177.738295353267,0.443322786324151,1216.2594076006,911.28651266766,71.427347242921
65,19,9470,185.961246040127,200.1070566219,0.448172224961872,1153.17043294615,1010.11837381204,65.6648363252376
65,20,13866,200.109115822876,208.587842463503,0.418747343741886,1111.38049906245,962.05134862253,62.5437040242319
65,21,15986,147.430751907919,154.417106247386,0.431508793362433,1221.55167021144,836.398473664456,65.2157512823721
65,22,14642,170.474593634749,170.474593634749,0.384297098403335,1285.97302281109,1057.97070072394,58.6195191913673
65,23,10731,168.109868604976,177.060289652227,0.430569078004085,1260.36306029261,958.167458764328,69.5981735159817
65,24,12829,169.794761867644,179.400475730018,0.453701209800995,1071.97731701614,998.33221607296,54.7762101488814
65,25,15077,154.908801485707,161.437390091601,0.419746545199503,1110.71108310672,942.798368375672,48.8388273529217
65,26,19668,141.972950986374,148.018278806537,0.426865143301615,1349.25681309742,862.081909701037,58.287014439699
65,27,16031,162.735886719481,162.735886719481,0.3656444803062,1220.42218202233,995.401971180837,62.9416131245711
65,28,15698,162.462415594343,169.506461310218,0.424628994839814,1241.73531660084,917.888074914002,61.396929545165
65,29,11261,162.006038540094,170.849067154399,0.436144661243157,1162.98286120238,885.721339135068,62.6308498357162
65,30,12362,175.325513670927,187.805201452072,0.458791074056717,1079.56034622229,960.282640349458,68.7101601682576
65,31,10328,177.034275755228,189.223874009429,0.400920094871399,1206.19084043377,1000.52982184353,70.440743609605
66,1,14223,161.920973071785,168.565368906146,0.411763616191308,1185.5784996133,946.195106517612,53.6999929691345
66,2,18436,171.304729876329,181.938910962615,0.447177604811733,1326.27918203515,929.971468865264,56.1306140160555
66,3,21547,160.279435652295,166.437177744249,0.408203843294222,1311.08428087437,991.355780387061,67.9365572933587
66,4,14851,174.304423944516,174.304423944516,0.393323384750569,1347.83320988486,1068.10612079995,64.7634502727089
66,5,19961,221.967286208106,221.967286208106,0.611847734809074,1160.54345974651,1077.74560392766,60.2157206552778
66,6,16849,184.50376876966,197.748865739017,0.45224794655877,1305.30939521633,1036.9623123034,58.0232061249926
66,7,17546,193.054656331928,205.017996032607,0.430067190833219,1162.18380257609,1012.94266499487,53.7929442608002
66,8,17875,172.416783216783,172.416783216783,0.379648662176981,1262.53264335664,1096.70041958042,61.3255384615385
66,9,19667,141.503381298622,146.97889856545,0.417970915394364,1110.45044999237,843.725072456399,56.6164641277267
66,10,11539,182.589652482884,193.206767049611,0.430748474532167,1087.56356703354,944.099402027905,58.0737498916717
66,11,17587,163.819298345369,171.466761611236,0.436718035136706,1234.18951498266,987.004491954284,62.441633024393
66,12,17598,148.105864302762,156.732751603633,0.462670259852527,1197.84072053642,829.157233776565,64.5349471530856
66,13,16306,152.826812216362,159.479327842273,0.425602485222096,1096.60026983932,897.918864221759,67.9276953268735
66,14,20007,145.637276953066,152.349356190438,0.439060451325692,1323.25311141101,830.605837956715,57.6110861198581
66,15,9392,198.434838160136,216.606632807481,0.449131986324605,1167.66183986371,1007.98200596252,65.6191439522998
66,16,16909,150.187060145485,156.899789761928,0.429444870062112,1255.94896209119,870.006682831628,51.7622567863268
66,17,16582,168.49203956097,176.1158009034,0.424079254938597,1234.32360390785,908.740139910747,60.3668435653118
66,18,10452,172.772388059701,182.426553003497,0.425728338284164,1206.54343666284,908.10610409491,70.7726750861079
66,19,13751,173.104428768817,173.104428768817,0.519179915576329,1363.33481201367,997.660970111265,55.2791069740382
66,20,11337,163.721354855782,172.64718868326,0.441092765737085,1148.00688012702,888.676722236923,62.4771985534092
66,21,14262,178.185247510868,188.568543051504,0.427646124342855,1079.1880521666,1028.31236853176,56.2220586173047
66,22,12724,203.286230745049,219.149649964191,0.40750258843781,1116.96581263754,977.803835271927,62.8338572775857
66,23,15402,157.755616153746,163.433185082614,0.409994703812752,1296.39228671601,968.366056356317,49.0507726269316
66,24,13616,173.754994124559,183.755833322599,0.433425296217103,1222.91811104583,1029.0080052879,50.0013219741481
66,25,12568,177.973504137492,190.874956078697,0.463809646028821,1159.50604710376,959.840388287715,71.7892266072565
66,26,17303,150.902444662775,157.114487766563,0.420589652188357,1285.91013119112,867.744552967693,66.882448130382
66,27,9929,179.3935945211,191.786727606549,0.436298435538969,1262.25742773693,938.162453419277,68.8490280995065
66,28,15111,158.707564026206,165.33155469378,0.424965651701964,1103.30924492092,963.515253788631,48.7293362451194
66,29,12017,177.380128151785,190.61924738632,0.442378778059084,1175.17142381626,880.029791129234,54.940750603312
66,30,10813,178.162027189494,186.26993727696,0.405905809739133,1220.74086747434,991.859798390826,69.808841209655
66,31,11498,180.89685162637,191.409564297047,0.439520050902916,1083.6167159506,989.34606018438,68.9496434162463
67,1,12018,184.89457480446,192.126717561938,0.408160044745958,1085.36187385588,934.899400898652,58.3452321517723
67,2,20507,166.456234456527,174.876138618856,0.422917458639016,1249.49661091335,1098.12566440728,61.8122104647194
67,3,17791,201.356416165477,214.415334028144,0.419691653682314,1155.40554212804,1001.6902928447,54.3342701365859
67,4,18446,149.809335357259,157.346577146407,0.444033262577581,1258.92057898731,871.586956521739,51.6194838989483
67,5,13700,166.88496350365,166.88496350365,0.39619740837736,1187.81635036496,938.638321167883,53.6319708029197
67,6,12925,183.577330754352,197.366971810595,0.444085335411193,1158.86638297872,956.912804642166,72.5699032882012
67,7,15124,173.047077492727,183.360696815676,0.434671341492693,1211.89334832055,1032.40882041788,50.4396323723883
67,8,16300,188.285460122699,199.702863207293,0.420185447212406,1295.65319018405,1044.7790797546,58.3069325153374
67,9,18621,173.832554642608,184.497629174685,0.438911864128816,1327.45024434778,936.496697277268,56.2017077493153
67,10,16704,177.35620210728,177.35620210728,0.39486942626007,1340.41421216475,1074.72725095785,65.0478927203065
67,11,20672,145.980166408669,152.713192037312,0.448827016485109,1322.27694465944,833.949932275542,57.9456753095975
67,12,21044,161.721155673826,167.214935978007,0.411819428339947,1313.56700247101,996.897310397263,67.8204713932712
67,13,13492,179.906240735251,200.81879513719,0.50379350483234,1356.98784464868,1008.69322561518,55.0967239845835
67,14,21066,143.977356878382,150.21095621728,0.439574601030711,1116.42490268679,841.663343776702,55.5711098452483
67,15,16799,152.878742782308,159.818975367518,0.430789812929691,1098.39419013036,891.223525209834,67.6592654324662
67,16,9649,204.592185718727,220.558765728954,0.422149309403989,1165.06643175459,1001.03492589906,66.1944242926728
67,17,15786,171.517167110098,178.418321290707,0.410709032906533,1238.83694412771,903.264538198404,60.5212213353604
67,18,12171,212.802974283132,212.802974283132,0.385749594805987,1118.22923342371,969.723194478679,63.3511625996221
67,19,18745,150.994771939184,158.055911241515,0.435085580606613,1290.86455054681,873.508668978394,67.3315017337957
67,20,16382,152.32145037236,160.149357222093,0.42896046622992,1205.3225491393,828.9700280796,64.931143938469
67,21,11402,177.099719347483,187.672814035261,0.441553840905373,1208.71908437116,912.459042273285,70.5037712681986
67,22,15482,158.371269861775,163.972837420579,0.404700656360352,1295.474744865,971.476488825733,49.2863325151789
67,23,14704,180.269586507073,192.82920149391,0.452355847858977,1075.68375952122,1022.67247007617,56.5138057671382
67,24,15823,162.544081400493,169.409555702104,0.419671968863444,1103.8949630285,952.059659988624,49.1468116033622
67,25,11754,168.78764675855,178.382487865395,0.444059071801702,1155.99098179343,881.100561510975,62.4033520503658
67,26,7242,272.281828224247,272.281828224247,0.662928818981765,1162.72010494339,1061.96119856393,65.9395194697597
67,27,16856,168.446072615093,175.587796338892,0.411809185908004,1228.15110346464,985.732083531087,62.3834836260085
67,28,10814,182.775846125393,189.455994629962,0.407894203936563,1220.72387645645,990.850841501757,70.1078231921583
67,29,11325,184.065518763797,197.854346352604,0.426248724855729,1182.2089183223,873.594613686534,55.24353200883
67,30,10258,180.885455254436,191.838265060634,0.447957491249354,1267.33759017352,942.558393449015,68.9352700331449
67,31,5756,311.138637943016,379.579042170071,0.550441715486184,1147.48071577484,1068.9074009729,55.0575052119527
67,32,12095,180.966845804051,192.912704592123,0.452086256474208,1082.14642414221,986.608681273253,68.7122778007441
68,1,16787,156.009888604277,163.320426681313,0.428899623585968,1091.30994221719,916.463989992256,67.7017930541491
68,2,16478,176.339179512077,183.616736080744,0.411951673388672,1359.63260104382,1054.08690375046,64.0581381235587
68,3,19342,173.265381036087,183.747417644717,0.44869762655994,1315.380053769,919.249974149519,55.3954606555682
68,4,21789,162.316948919179,169.610612997472,0.424227423744965,1317.10445637707,983.544586718069,66.6531277249989
68,5,13974,183.023400601116,194.634378162527,0.456203939836846,1085.69271504222,976.695291255188,59.3614569915557
68,6,21587,145.101588919257,151.947475810271,0.452819150350688,1287.36420067633,820.10182054014,57.9199981470329
68,7,17284,151.339389030317,158.559878767478,0.432049054147892,1237.71812080537,876.190407313122,50.8643832446193
68,8,14300,162.002097902098,168.228271517261,0.415087645213162,1179.98258741259,959.022517482518,53.6210489510489
68,9,17256,190.414232730644,205.267679054318,0.445910711181162,1305.84179415855,1034.48296244784,57.6597125637459
68,10,15435,165.584126984127,175.670919381265,0.449581847880376,1365.11733074182,982.558276643991,54.6969225785552
68,11,14539,178.33317284545,189.740100545211,0.444824374749207,1220.18213082055,1036.04333172845,49.2371552376367
68,12,16000,174.280875,187.049419878342,0.46178086142968,1090.8138125,1056.4644375,57.5996875
68,13,18071,146.107298987328,153.861586681965,0.447917868774033,1185.51181450943,838.552930109014,64.3127109733828
68,14,19966,175.558850045077,183.99060880709,0.423254423365433,1260.77005910047,1093.12831814084,61.6760993689272
68,15,17132,168.561347186551,177.165419341818,0.431300677494396,1226.61131216437,910.944314732664,59.8345201961242
68,16,11399,167.655320642162,175.402290713288,0.416485325847927,1199.01149223616,918.161242214229,69.8741117641898
68,17,17304,156.715383726306,163.98365815763,0.435955215181312,1289.19590846047,963.56368469718,48.5810795191863
68,18,15192,197.329778830964,197.329778830964,0.377794450837826,1169.85367298578,1030.92180094787,55.0708925750395
68,19,17133,163.510768691998,163.510768691998,0.382845037567078,1230.04412537209,998.798984416039,62.3595984357672
68,20,11024,174.3493287373,188.081325274934,0.441293011157099,1264.33173076923,934.66763425254,68.6565674891147
68,21,11750,164.973787234043,173.531453552971,0.437157508800343,1147.4205106383,906.561957446808,62.4270638297872
68,22,19576,148.947844299142,156.256347468408,0.44361774229776,1272.70739681242,862.662188393952,66.5109828361259
68,23,13047,179.109986970185,188.668510857581,0.44085699394043,1161.55575994482,965.453820801717,72.9424388748371
68,24,11231,172.65434956816,184.468532758045,0.41146809155928,1230.2619535215,992.267652034547,70.6950405128662
68,25,10290,193.407968901846,207.620917650809,0.442288955966489,1172.73955296404,1024.4898931001,68.0492711370262
68,26,12416,175.396987757732,188.574321823498,0.437753222093759,1167.15326997423,890.584729381443,55.0451030927835
68,27,19592,144.263934258881,149.166838629681,0.416191332431377,1090.9305839118,876.729991833401,56.0106676194365
68,28,13042,188.552829320656,198.477764696882,0.418066294133384,1089.7215917804,1011.22672902929,69.2299493942647
68,29,12310,206.086677497969,206.086677497969,0.394614426436332,1128.02030869212,1009.28415922015,63.553208773355
68,30,16483,160.133895528727,167.930729010116,0.417173016279639,1105.36146332585,983.65479585027,49.2198628890372
68,31,8938,219.73763705527,243.616201351176,0.460347046574669,1204.08279257105,1078.22174983218,68.4861266502573
68,32,13041,205.01947703397,227.902558411785,0.524213169994651,1180.50157196534,1093.09907215704,56.07553101756
69,1,18278,167.757249151986,176.103274704757,0.430660861485264,1360.1248495459,1048.77032498085,63.7349272349272
69,2,16682,196.430164248891,196.430164248891,0.394074991455408,1171.3004435919,1031.86770171442,55.3011629301043
69,3,21624,142.333518312986,149.048023018327,0.441020836300155,1277.61482611913,814.448621901591,57.8315760266371
69,4,14306,195.377044596673,209.648794311534,0.454987653815205,1087.41087655529,974.492241017755,59.4998601985181
69,5,20868,166.554389495879,174.374705125933,0.421231946165926,1259.99468085106,1093.37349051179,61.6271803718612
69,6,16553,184.438409955899,194.081418230273,0.424840041794404,1305.0164924787,1033.21857065185,57.6837431281339
69,7,21992,158.441387777374,158.441387777374,0.396106689615875,1314.7335394689,981.330210985813,66.5425609312477
69,8,16616,157.667489167068,164.343809898622,0.424055494399178,1178.25577756379,959.95612662494,54.1327034183919
69,9,17128,162.144208313872,170.528837083264,0.433295547083826,1092.48441148996,915.228865016348,67.9760042036432
69,10,17347,168.803078342076,178.718012653267,0.438801402434502,1227.39038450453,912.116043119848,59.8177782901943
69,11,16412,182.39775773824,197.766990996639,0.474674609386338,1095.16810870095,1058.23757007068,58.1581160126737
69,12,16118,153.685444844273,159.165690728922,0.413038005621505,1285.74010423129,962.881623030153,48.8501054721429
69,13,17205,167.928567276954,175.86565337546,0.421406180466603,1101.41377506539,985.62406277245,50.0946817785527
69,14,14364,194.141743247006,210.550939686764,0.456595750105549,1095.33841548315,1010.28313840156,70.0955861876915
69,15,15321,172.532602310554,182.298983094678,0.441733057734404,1215.38848639123,1029.06768487697,48.7462306637948
69,16,17559,163.767127968563,163.767127968563,0.385393101832255,1230.52747878581,998.713765020787,62.5667748732844
69,17,13936,188.026262916188,201.370165452319,0.439715841690972,1164.99834959816,959.620909873708,73.5292766934558
69,18,11243,175.792937827982,186.067930482029,0.427526212535153,1198.13048118829,918.142310771147,69.7250733789914
69,19,17563,151.149063371861,159.17713687622,0.447522251656564,1182.63571143882,836.154643284177,64.5796276262598
69,20,17826,147.593066307641,153.984409076584,0.430849843793742,1235.20672052059,875.636205542466,50.6163469090093
69,21,14722,213.73950550197,230.148874135745,0.428798977460765,1132.60759407689,1010.4839016438,63.7863741339492
69,22,12497,179.986556773626,190.18290860924,0.43771916304838,1166.79787148916,890.475714171401,55.9195006801632
69,23,18742,168.368263792551,177.277515779341,0.432508605815703,1313.02427702486,916.530679756696,55.2497598975563
69,24,9885,214.379261507334,225.096342476493,0.415493907597183,1178.54365199798,1023.79079413252,68.1362670713202
69,25,18779,148.732467117525,155.388522556544,0.427937888760869,1272.37254379892,860.010277437563,66.3489003674317
69,26,10794,173.450064850843,184.578304260815,0.439357567080482,1268.79710950528,928.647674634056,67.9929590513248
69,27,20385,149.759332842777,156.350681512088,0.440348277965942,1086.07245523669,881.671866568555,56.1212656364974
69,28,14454,162.851528988515,170.422705642001,0.431877044867998,1362.19371800194,983.032240210322,54.827798533278
69,29,11584,215.791868093923,240.34727632081,0.463900103974177,1202.74119475138,1076.76994129834,68.3421961325967
69,30,15808,190.92092611336,215.936607975186,0.552016160396644,1184.23715840081,1102.54807692308,56.1175986842105
69,31,11555,177.30540891389,186.456331036543,0.400619974984591,1231.29917784509,988.287927304197,70.7102553007356
69,32,11778,175.017235523858,186.313882318919,0.451452093727904,1147.97996264221,909.673628799457,62.5641025641026
70,1,17991,169.025123672948,175.909695543415,0.407010578669827,1359.88738813851,1050.41059418598,63.945917403146
70,2,11760,211.580442176871,228.735044243076,0.446581569789313,1200.03979591837,1082.90459183673,68.4977040816326
70,3,17908,182.4914004914,193.298945603609,0.424760631943091,1309.40010051374,1032.81416126871,57.7096269823543
70,4,10126,207.856409243532,221.742920636967,0.415243777660644,1183.51678846534,1023.51382579498,68.4008492988347
70,5,13298,192.012934275831,200.607060785994,0.408582711173533,1101.48992329674,972.386749887201,59.5439915776809
70,6,22424,141.646004281127,147.611962985655,0.419605387663022,1275.33615768819,810.713298251873,57.6892615055298
70,7,15032,156.788185204896,162.90125562006,0.413485153229889,1182.78139968068,957.640699840341,53.8920303352847
70,8,19374,168.517033137194,177.587024458452,0.413616807121899,1265.25642613812,1091.6612470321,61.9941674409002
70,9,17704,149.491979213737,157.422049814591,0.447343536628316,1183.8892340714,834.99440804338,64.7593199276999
70,10,14412,163.942825423258,171.632559291385,0.422031030490717,1366.52622814321,978.376977518734,54.8521371079656
70,11,16645,189.600060078102,197.970884094396,0.406390240261093,1176.72706518474,1034.22937819165,55.8781015319916
70,12,16631,180.493175395346,198.864242430802,0.503088993772017,1193.59491311406,1102.42829655463,55.7418074679815
70,13,18893,145.725136293865,151.635411318689,0.429958395489216,1233.77266712539,874.707246069973,50.3405494098343
70,14,18143,162.416579397013,162.416579397013,0.391486824831873,1234.34382406438,995.911481011961,62.0983850520862
70,15,17258,160.342913431452,168.511161904121,0.432397059416291,1095.96448024105,914.449240931742,68.0291459033492
70,16,21276,158.34950178605,158.34950178605,0.38117602381412,1321.20093062606,979.451071630006,66.6060349689791
70,17,14292,194.890218303946,209.775822850069,0.454317058275098,1099.01693254968,1009.32948502659,69.9701931150294
70,18,18707,167.166729031913,174.767594338987,0.42556662836549,1313.44972470198,915.676591650184,55.2756722082643
70,19,17823,165.710430342815,174.729710595153,0.437238515823774,1226.81742692027,908.21870616619,60.0778207933569
70,20,11226,169.125155888117,179.666871360863,0.430296154777963,1270.20648494566,928.043826830572,67.7168181008373
70,21,19592,147.812831768069,153.799322942323,0.427351998827189,1277.79078195182,857.800888117599,66.2415781951817
70,22,17052,151.585385878489,156.6625810892,0.411156199725808,1290.21921182266,955.463581984518,48.7882946281961
70,23,15204,180.166403578006,191.693563784303,0.450912135016835,1102.96987634833,1063.95415680084,58.409892133649
70,24,10987,176.123054518977,185.820611555793,0.434103499139933,1199.12287248566,919.284700100118,69.7289523982889
70,25,12608,175.511183375635,185.153426419638,0.433911391404975,1167.07265228426,889.001269035533,55.879203680203
70,26,13578,183.996759463839,193.817142486462,0.428044755300795,1171.76837531301,958.848063043158,73.6328619826189
70,27,11579,175.314016754469,183.121386019584,0.401761160508266,1238.08169962864,985.858450643406,70.8728733051213
70,28,20436,148.07892934038,154.001193008989,0.428190693705031,1089.09581131337,884.250587199061,56.4040908201214
70,29,15387,172.020146877234,184.622268228494,0.451724769739222,1214.86267628518,1024.98167284071,48.4715019172028
70,30,16364,167.544854558788,174.850088274758,0.40267178984544,1101.22433390369,987.936384747006,50.6635908090931
70,31,12069,170.684812329108,181.477414775255,0.443032315174534,1150.33722760792,909.670560941255,62.6899494572873
70,32,14194,212.246019444836,226.011561894955,0.442181501070418,1137.22784275046,1014.73446526701,64.1862758912216
71,1,18203,196.869197385046,211.97231834745,0.449397203461518,1169.61451409108,1030.90924572873,55.9957699280338
71,2,16515,174.646866485014,174.646866485014,0.395899329407188,1348.35059037239,1060.46351801393,64.8299122010294
71,3,14007,211.494609837938,235.113133158224,0.478450286700632,1173.53323338331,1086.70150638966,67.8594274291426
71,4,20031,167.094952823124,177.601680998729,0.456431516254378,1321.8184813539,910.922420248615,56.1398332584494
71,5,23588,142.010089876208,148.331863606275,0.440967417116191,1279.70603696795,811.080210276412,58.0559606579617
71,6,18187,169.332820146258,179.415193064012,0.434799608173337,1227.38313080772,908.176939572222,60.2797602683235
71,7,22286,158.438167459392,163.661304052865,0.402126049239948,1314.00174997756,985.298752580095,66.5955308265279
71,8,18577,163.179846046186,163.179846046186,0.38646717970097,1226.19351886742,999.068794746192,62.2243634601927
71,9,13788,194.511749347258,207.396290464888,0.42717369517365,1102.10110240789,959.9136205396,59.0760806498404
71,10,15511,158.260847140739,158.260847140739,0.396048561133566,1184.31293920444,954.391657533363,53.6167880858745
71,11,17766,163.591466846786,172.03498772323,0.428525112962946,1094.69058876506,910.342902172689,67.8561859732072
71,12,16726,189.947088365419,201.206108638975,0.419474015586511,1091.45187133804,1048.40135118976,57.5077125433457
71,13,17262,181.431641756459,191.045100501906,0.425717603238374,1303.8226740818,1032.29098598077,58.0234040088055
71,14,12548,177.718042715971,187.203528102342,0.428112017031493,1173.71158750398,883.130538731272,55.7898469875677
71,15,19343,146.094401075324,152.528136994827,0.440403559860354,1243.27193299902,871.759551258853,50.2947836426614
71,16,17083,153.11613885149,158.618686727763,0.410553874889639,1296.55739624188,956.151612714394,49.5710940701282
71,17,20377,171.541296559847,179.746646408115,0.424707319355018,1251.64720027482,1090.30897580606,61.4721990479462
71,18,11049,173.390804597701,184.815460814899,0.43668777107705,1270.87148158204,926.632907955471,68.2317856819622
71,19,10570,212.984295175024,226.893949857311,0.423231199219741,1174.61362346263,1024.53368022706,68.3472090823084
71,20,17029,171.488930647719,182.097820487853,0.445812984970346,1213.188795584,1019.58282929121,48.1307769099771
71,21,19898,149.595185445773,156.454859221519,0.441620623455823,1278.88792843502,855.765504070761,66.9470801085536
71,22,18133,150.068990238791,156.831653569146,0.440955080909914,1184.34395852865,830.845640544863,64.9606794242541
71,23,13651,188.054941029961,197.731911084205,0.424947637942709,1167.54743242253,954.855102190316,73.5916050106219
71,24,12356,228.839592101004,228.839592101004,0.374443003285629,1133.12633538362,1002.92319520881,64.0878925218517
71,25,12424,176.23599484868,185.995744233553,0.409825599205635,1229.88063425628,986.346909207985,70.709996780425
71,26,20586,149.74851841057,155.436646052656,0.429979016137289,1095.92946662781,874.755902069367,55.7994267949092
71,27,14267,165.746547977851,174.013188848385,0.432681909685808,1368.41164926053,983.574192191771,55.9374780963062
71,28,14385,192.675842891901,207.869870393929,0.454723942171305,1183.60486618005,1099.19596802225,53.8647201946472
71,29,11589,175.807576149797,183.989021623349,0.411784170537614,1194.73319527138,918.250496160152,69.059280352058
71,30,14890,202.610476830087,223.28445913193,0.472569743927288,1091.14848891874,1007.85386165212,68.9739422431162
71,31,12257,170.613445378151,180.679573579319,0.4375369728907,1156.10663294444,901.677490413641,62.6694133964265
71,32,16999,167.515795046767,175.209929624581,0.403968225836698,1101.28648744044,975.792164244956,50.5355020883581
72,1,18579,195.61402658916,209.522347499485,0.439003359122188,1172.77108563432,1038.75251628182,55.7619893428064
72,2,14523,210.029745920264,233.627148925992,0.481167913184238,1171.1092060869,1092.37822763892,67.9184052881636
72,3,23375,157.867465240642,157.867465240642,0.386268636820855,1311.68812834225,983.665155080214,66.6456042780749
72,4,21436,171.912996827766,180.094886738501,0.41609416190988,1257.5720283635,1090.22093674193,61.9147228960627
72,5,25191,142.151046008495,148.930729101905,0.454714160780057,1270.6295502362,809.701123417093,58.3685840181017
72,6,18612,159.251396948205,166.63225381435,0.426137434768983,1091.36728992048,916.164410058027,67.6957339350956
72,7,20241,145.483276517959,151.993575480961,0.436895922944281,1236.43016649375,876.029593399536,50.0702040413023
72,8,11210,208.37091882248,221.396632694366,0.435702463969181,1179.46387154326,1025.49036574487,68.685370205174
72,9,16197,157.615299129468,164.516985817492,0.424296787622517,1183.15249737606,955.391060072853,53.6824103228993
72,10,20425,166.808665850673,177.351742546808,0.456875900899379,1316.81380660955,903.16582619339,56.0563525091799
72,11,17878,150.640396017452,158.815253521358,0.446142839278319,1176.91548271619,833.368553529478,65.3545139277324
72,12,16359,173.032887095788,173.032887095788,0.407718510930276,1352.59068402714,1055.19261568556,64.8013325997922
72,13,14051,217.26240125258,217.26240125258,0.398775814606889,1132.79332431855,1002.43292292364,64.3660237705501
72,14,16235,185.850076994148,197.161101848802,0.440407454127885,1094.41823221435,1055.13403141361,58.2968278410841
72,15,20853,148.287584520213,154.3387243005,0.439193691454183,1095.93669975543,874.516856087853,55.5526303169808
72,16,16033,192.183558909749,212.519088046736,0.483194350876,1187.59140522672,1100.51443896963,52.7026133599451
72,17,17890,152.681386249301,157.923330556005,0.414816541766949,1295.36936836221,953.380547792063,49.5254332029067
72,18,15214,164.412580517944,173.548864696535,0.435447520116903,1367.45642171684,975.26331010911,56.3259497830945
72,19,12925,176.216557059961,185.537458847002,0.424549801758915,1173.58947775629,879.446112185687,55.8348936170213
72,20,13495,189.463875509448,198.504353125222,0.414355754924991,1102.92641719155,954.438458688403,59.1167098925528
72,21,20264,151.071210027635,158.411376616599,0.43311706994316,1274.95899131465,856.575256612712,67.3497335175681
72,22,18628,179.861606184239,193.811408822553,0.461426040044576,1305.74157182736,1028.51331329182,58.121966931501
72,23,16434,173.070889619082,182.229923014755,0.422066571639866,1215.30004867957,1021.79493732506,48.349336740903
72,24,18372,163.094165033747,163.094165033747,0.375643207035754,1221.36446766819,999.648323535815,62.3407359024603
72,25,17326,171.183770056562,179.069343274633,0.427107595289725,1228.54813574974,906.048597483551,60.4523837007965
72,26,13642,186.175707374285,197.066489102986,0.428195635773501,1165.41247617651,958.951473390998,73.6364902506964
72,27,11036,171.881569409206,182.793934936787,0.437760253405703,1266.80373323668,921.818140630663,67.81542225444
72,28,11753,176.030630477325,185.481729740548,0.422725690834661,1194.01786777844,916.073172806943,68.8028588445503
72,29,17243,168.175607492896,177.498612706025,0.426724736812423,1101.12126660094,983.495679406136,50.8662065765818
72,30,15481,194.846909114398,212.031453437847,0.46229564846726,1089.25289064014,1010.56482139397,68.8575673406111
72,31,12055,179.030941518042,179.030941518042,0.377073508855139,1225.93869763584,986.969224388221,71.2427208627126
72,32,12197,171.202508813643,180.229848497192,0.433395755357852,1156.42084119046,903.548823481184,62.5816184307617
73,1,14278,230.58943829668,253.173457160181,0.462407355260195,1171.07185880375,1088.25052528365,67.9175654853621
73,2,17136,215.394432773109,228.699130068523,0.417341654815763,1173.86221988796,1040.03338001867,55.5253267973856
73,3,20116,178.487820640286,191.014196119292,0.455602654242099,1318.42339431298,897.227480612448,56.1817458739312
73,4,16581,188.377902418431,202.683457858578,0.435942490402221,1347.71316567155,1061.29437307762,64.5283155418853
73,5,10726,226.373857915346,239.427271815589,0.439912466844484,1178.94648517621,1025.63714338989,68.3622972217043
73,6,15730,200.795359186268,217.273158970629,0.430824661015691,1301.33477431659,1027.42002542912,57.5471710108074
73,7,24223,147.661932873715,155.340138484882,0.447706430079245,1272.34384675721,807.563266317137,58.4565082772572
73,8,17992,167.020008892841,175.953180826321,0.436932731292678,1093.05513561583,915.081313917297,67.5735882614495
73,9,15480,168.20665374677,174.502664298549,0.414560602649033,1184.20510335917,952.606072351421,53.3524547803618
73,10,19855,151.741324603374,159.807957047696,0.445777760575415,1235.35789473684,873.518358096197,49.7451019894233
73,11,20346,156.295586356041,165.514374873826,0.453271640191227,1277.2885087978,855.380467905239,67.394180674334
73,12,18115,180.265636213083,191.513264456755,0.434696134210032,1227.63759315484,899.189842671819,60.1292851228264
73,13,22655,165.221761200618,165.221761200618,0.39064724031183,1311.72875744869,981.766497461929,66.5553299492386
73,14,14340,220.633542538354,236.138951842242,0.431196440051688,1182.89735006974,1096.09128312413,51.8574616457462
73,15,16477,202.244704739941,216.802633969917,0.42452885108204,1090.46743946107,1051.87248892395,58.1304242277114
73,16,17646,173.878499376629,173.878499376629,0.36833055711113,1219.75597869205,998.232120593902,61.9424232120594
73,17,19590,185.415518121491,185.415518121491,0.396224052331724,1252.30704441041,1091.21194486983,60.622001020929
73,18,14690,175.516814159292,187.316252651932,0.442219009953189,1365.56882232811,973.851259360109,56.3186521443159
73,19,12602,187.578082843993,198.937392702327,0.425855374505564,1173.60276146643,874.527059196953,55.8079669893668
73,20,17843,156.731771563078,166.049563715884,0.448141463462286,1181.30561004315,828.004091240262,65.0534103009584
73,21,14024,199.568667997718,212.451358095094,0.441425791323729,1104.91721334855,951.166785510553,58.8702937820878
73,22,16770,160.914311270125,167.526525434579,0.413871588959501,1295.98067978533,954.444663088849,48.8197972570066
73,23,20388,154.886452815382,161.620219211898,0.431295465509297,1098.10707278791,873.021434176967,55.3027270943692
73,24,13796,238.542548564801,250.322800801864,0.402797197251395,1133.38163235721,1003.81567120905,64.0485648013917
73,25,14263,190.359251209423,199.070653032383,0.400306717734324,1206.78651055178,1017.82338918881,48.0844142186076
73,26,12620,183.058320126783,194.313599987804,0.416520397112597,1191.13034865293,913.337717908082,68.6594294770206
73,27,12528,202.890006385696,202.890006385696,0.398997293146486,1167.82415389527,956.726772030651,73.5791826309068
73,28,13271,186.313465450983,194.847327894261,0.401834646744215,1226.48278200588,988.418280461156,70.7101198101123
73,29,10869,181.696568221548,197.368967304017,0.449336323092816,1265.49268561965,919.909375287515,67.9482933112522
73,30,13895,212.894854264124,228.398722990716,0.431509050448963,1089.94861460957,1011.72954300108,69.0728319539403
73,31,12189,182.334892115842,195.054177932782,0.430793900962657,1153.81228976946,901.062433341537,62.8833374353926
73,32,16028,178.707823808335,186.954845545369,0.418484856176433,1097.63283004742,977.667144996257,50.8513850761168
74,1,18582,203.14131955656,220.947781234467,0.435757202950347,1164.2232267786,1040.15671079539,54.670110859972
74,2,19797,154.998232055362,162.382620157448,0.434317282575326,1281.30307622367,858.306005960499,68.0219730262161
74,3,15930,191.031826741996,203.297073889554,0.434404295864916,1293.85053358443,1032.78832391714,57.4538606403013
74,4,18194,167.189732878971,175.9579915739,0.435801688400955,1090.3157634385,912.400736506541,67.537979553699
74,5,18033,156.064437420285,162.249991836583,0.411996105223099,1294.99195918594,955.517107525093,49.3814673099318
74,6,15386,221.294878460939,239.944789227388,0.434612397174561,1160.59632133108,1093.64045235929,67.1509814116729
74,7,17336,180.490655283802,191.985243332047,0.404378896747362,1344.0024227042,1070.03489847716,63.4143977849562
74,8,19238,177.692535606612,187.458208845042,0.435347994041214,1318.48918806529,908.291194510864,57.3827320927331
74,9,18715,167.873684210526,167.873684210526,0.390447219985706,1214.59064921186,1000.00358001603,61.5744589901149
74,10,18756,153.489336745575,162.284049888727,0.447176795542954,1174.72200895713,834.940499040307,66.0148752399232
74,11,19931,150.696502935126,157.619113956213,0.434144701978849,1240.6149716522,874.063870352717,50.6203903466961
74,12,14918,229.384166778389,245.499858609999,0.416666068671603,1131.91835366671,1005.02312642445,63.9291459981231
74,13,15996,162.734308577144,168.937506215337,0.418563935953436,1181.48124531133,954.153225806452,53.7267441860465
74,14,10685,221.520168460459,231.931407959294,0.404801896789728,1174.7586335985,1031.76846045859,68.4962096396818
74,15,12557,184.148044915187,184.148044915187,0.395643996503956,1215.06968224894,991.870988293382,70.4384805287887
74,16,23084,148.473704730549,156.208444211176,0.45041124922447,1274.46573384162,813.305666262346,59.7323254202045
74,17,12993,180.573847456323,190.835597911366,0.42469811476512,1174.08850919726,872.976602786116,56.1339182636804
74,18,14559,172.103372484374,181.109608492879,0.425915427901846,1364.03626622708,984.28477230579,57.2998832337386
74,19,14383,214.549954807759,229.769030636386,0.414624830206549,1176.14962108044,1095.24987832858,50.7080581241744
74,20,15165,207.130761622156,207.130761622156,0.371648903014133,1086.79558193208,1052.49277942631,57.6859874711507
74,21,19894,154.734844676787,160.998983012547,0.428591293144049,1096.25289031869,869.45767568111,55.9700412184578
74,22,12613,179.258622056608,189.60706049058,0.424538646770828,1187.99302307143,912.381035439626,68.8928882898597
74,23,17362,178.154820873171,187.600968093349,0.420431749651741,1228.01215297777,910.671063241562,60.368045156088
74,24,13044,198.41896657467,209.807804098595,0.423243436134247,1164.03495860166,962.311407543698,73.8465194725544
74,25,20071,180.24791988441,188.89036501168,0.414043665721062,1245.59414080016,1095.28578546161,60.1316327039012
74,26,14215,178.645444952515,187.55298607764,0.414800930761462,1204.68413647555,1018.23468167429,47.5450580372846
74,27,12946,217.020624131006,239.322862242246,0.442104437208658,1085.35424069211,1017.66391163294,68.8743241155569
74,28,13648,197.944094372802,209.176525730105,0.422474191942566,1108.89947245018,946.968640093787,58.8234173505275
74,29,11016,179.847948438635,190.302560853436,0.425717451476805,1254.67601670298,924.513253449528,68.9350036310821
74,30,12654,177.230282914493,189.196488367276,0.443318036662317,1154.01699067489,902.507428481113,63.1856330014225
74,31,16870,171.870005927682,180.251295075484,0.408042952690124,1092.51612329579,976.29549496147,50.5746887966805
74,32,6215,182.8291230893,202.616350521107,0.491765690316454,1298.1687851971,1002.87417538214,66.0128720836685
74,33,6434,189.166459434256,189.166459434256,0.535763860709079,1315.62402859807,971.882499222878,66.0046627292509
75,1,19578,196.61947083461,207.391902051763,0.437147071503915,1156.24476453162,1033.7955358055,55.4954030033711
75,2,23333,166.343890627009,177.380041190121,0.474916901734259,1236.62126601809,1097.35314790211,59.3873912484464
75,3,19224,171.866468997087,183.603941076259,0.450499794592804,1236.70422388681,907.866000832293,60.3691739492301
75,4,19849,197.867953045493,218.754711832824,0.478428983590014,1167.51236838128,1086.74537760089,49.5641594034964
75,5,21097,181.117694458928,181.117694458928,0.399411147153653,1332.75404085889,1080.27714840973,63.080011376025
75,6,16639,169.57004627682,183.181968950536,0.464134677195005,1362.31744696196,994.248452431036,57.8801009676062
75,7,19473,152.336465875828,160.665017420774,0.448513553087762,1180.25404406101,831.500744620757,66.2040260874031
75,8,17348,205.467316117132,225.119857214765,0.462856738324488,1151.38102374914,1093.69760202905,66.4062139727923
75,9,20377,153.444520783236,160.01773991939,0.429713989750637,1300.54777445159,957.992000785199,49.5303528488001
75,10,17531,170.666248360048,170.666248360048,0.368403040050687,1208.61468256232,998.727967600251,61.3707717757116
75,11,14808,173.336980010805,183.42392658962,0.435159942095259,1181.48480551053,864.564424635332,56.0718530524041
75,12,21955,174.323115463448,185.520364296073,0.449956568948195,1324.46845820997,919.393896606696,58.457663402414
75,13,24860,147.448753016895,155.335095617441,0.455953712353472,1282.50884955752,812.870112630732,60.0076427996782
75,14,16736,159.600501912046,167.148602000844,0.426233336065561,1188.03136950287,948.784894837476,53.7079349904398
75,15,20857,148.804190439661,156.058244641079,0.442569967611794,1250.93263652491,870.461427817999,50.6585798532867
75,16,18614,160.107392285377,168.224644123478,0.437149562459849,1091.4500376061,900.870473836897,66.8900827334265
75,17,16568,195.041042974408,207.562259163229,0.444237820720397,1080.28760260744,1038.40318686625,57.3530902945437
75,18,18044,165.331522943915,174.358227183806,0.434601899406803,1099.91044114387,960.954943471514,49.7780979827089
75,19,18931,179.48280597961,190.060145500061,0.407560556286396,1284.82346415932,1030.58042364376,57.0163224341028
75,20,21397,154.001261859139,162.414314218157,0.45410042119189,1293.16922933121,866.279198018414,68.1137075290929
75,21,13118,186.043985363623,186.043985363623,0.398033642678068,1206.05511510901,993.62166488794,71.2918890074706
75,22,14935,186.418346166722,195.313874765129,0.418952929694107,1109.99189822564,937.62390358219,58.3584198192166
75,23,15533,167.878645464495,177.227805903517,0.431786837107124,1205.05053756518,1010.15354406747,47.1245091096375
75,24,10981,217.142792095438,238.252692224444,0.439234932698721,1165.20708496494,1033.02768418177,67.8970949822421
75,25,14748,217.518850013561,217.518850013561,0.390857651094302,1127.99199891511,996.629576891782,63.8817466775156
75,26,18524,171.803552148564,171.803552148564,0.605780315231655,1293.97662491902,997.410170589505,66.9918484128698
75,27,14730,189.855872369314,204.45831293934,0.452667009329652,1153.05315682281,958.480991174474,73.2072640868975
75,28,12570,177.395942720764,186.435291095857,0.412239130451289,1183.346141607,907.371121718377,68.6360381861575
75,29,11959,175.833347269839,187.531166471936,0.436250658104049,1247.00351199933,923.859938121917,68.6993895810687
75,30,11056,175.763115050651,184.27731749122,0.410649720210078,1155.86107091172,898.261034732272,62.6059153400868
75,31,15706,193.643894053228,212.216126966202,0.460722965858591,1073.08105182733,1007.99497007513,67.6288679485547
75,32,21136,150.056775170326,157.311506123579,0.445512165734132,1103.88294852385,858.518404617714,55.6069738834217
76,1,17537,192.455037919827,202.718432668294,0.405875840944638,1333.38330387181,1072.37492159434,63.5793465244911
76,2,19083,152.911806319761,160.902625678094,0.43878168538016,1173.09987947388,830.642351831473,65.5186291463606
76,3,18420,177.445168295331,187.314735157161,0.436533544341406,1243.94983713355,909.009446254072,60.3528773072747
76,4,9980,219.30871743487,233.971701728684,0.420740869830077,1172.90791583166,1029.1251503006,68.1148296593186
76,5,18817,192.781846202902,203.614475365622,0.428545589872135,1165.16772067811,1032.90556411755,56.2739544029335
76,6,24402,150.959224653717,160.706937536039,0.471989682504998,1272.9421358905,807.589951643308,59.5542168674699
76,7,21190,174.687588485134,184.010044650724,0.425893502530269,1245.13916941954,1096.22930627655,59.3063709296838
76,8,6991,197.06222285796,221.846551825041,0.498267907974376,1332.62866542698,975.879416392505,61.6732942354456
76,9,19559,161.897234009919,169.450769756334,0.417704219053962,1296.42481721969,957.434429163045,48.0532747072959
76,10,19214,160.420266472364,169.421857752068,0.444785611376489,1090.34839179765,905.411054439471,66.4026230873322
76,11,15689,213.765440754669,229.841496923088,0.414998509022714,1154.11415641532,1088.76066033527,67.0448722034546
76,12,16386,161.119065055535,167.344087867134,0.418281065320548,1188.73849627731,950.0324667399,54.0672525326498
76,13,20456,186.290770434102,198.493375982755,0.435508194048855,1324.78778842393,909.704976535002,57.0246871333594
76,14,12420,185.711674718196,185.711674718196,0.396816916684792,1204.95177133655,991.72230273752,71.7804347826087
76,15,14427,185.146322866847,194.059496673731,0.417422584119325,1367.25445345533,989.27379219519,55.0502529978513
76,16,16521,203.27764663156,222.734465590883,0.442242231243347,1167.61491435143,1088.98922583379,50.0656134616549
76,17,17319,190.994110514464,199.361538104814,0.400354762088306,1284.56383163,1028.8939315203,56.5621571684277
76,18,15293,172.142287320997,182.426441428703,0.441876432356854,1179.85620872295,866.204472634539,56.1581115543059
76,19,21483,162.009775171065,167.304563623173,0.402933365201672,1223.36433459014,996.671088767863,61.8255364706978
76,20,20515,154.38815500853,162.683769024355,0.439229024549719,1245.38640019498,868.30792103339,49.8892030221789
76,21,21509,150.913664047608,157.783417953073,0.438099865562729,1104.47514993724,866.332930401227,54.5633455762704
76,22,13774,190.429722665892,201.025877108387,0.422224820306316,1151.99484536082,953.900174241324,73.5542326121679
76,23,14584,185.599149753154,195.314611069994,0.412844055376944,1108.84160724081,939.842155787164,58.4004388370817
76,24,10417,183.268407410963,194.465965079475,0.415425920096504,1251.76240760296,921.046078525487,68.4577133531727
76,25,13578,176.089482987185,184.582676317531,0.410746325707759,1187.87803800265,913.410443364266,68.6127559287082
76,26,14839,200.828222926073,200.828222926073,0.38965166589305,1087.4699777613,1045.88974998315,57.4954511759553
76,27,14665,220.709307875895,220.709307875895,0.398979746186416,1134.24957381521,996.45993862939,63.7599045346062
76,28,14002,181.609984287959,192.272471965457,0.417601498758131,1207.63719468647,1010.09812883874,46.9443650907013
76,29,20470,158.109184171959,166.987929604124,0.451371873418944,1294.94303859306,866.343624816805,68.0899853444064
76,30,6184,195.365135834411,207.994937346715,0.438895652340486,1274.31290426908,971.115782664942,70.634702457956
76,31,13302,205.729965418734,218.683691223446,0.416674204315861,1076.84378288979,1011.82107953691,67.3148398737032
76,32,17823,165.894518319026,173.441925712322,0.416281106412851,1106.22403635752,970.360657577288,49.1783089266678
76,33,12841,173.442878280508,181.599583381419,0.415307898222448,1163.09446304805,894.780079433066,62.2107312514602
77,1,20134,202.957733187643,214.929693279953,0.423754112313855,1154.20229462601,1026.29373199563,56.0811065858746
77,2,20484,184.482327670377,193.615415779179,0.428964824704015,1332.54930677602,928.145723491506,57.5923159539153
77,3,19030,155.901576458224,164.601102257248,0.442979114723463,1188.62905937993,832.109143457698,66.373147661587
77,4,15558,179.246689805888,195.11027294813,0.457072636188155,1358.78011312508,1014.29849595064,55.7709859879162
77,5,18394,180.054746112863,188.559288930093,0.40834465529462,1309.42850929651,1090.45183211917,64.5187017505708
77,6,10678,218.280295935568,229.966585347464,0.427160304416667,1155.81710058063,1032.73965162015,67.4620715489792
77,7,18283,159.548432970519,165.523347418655,0.405900634129949,1297.65421429743,971.867855384784,48.7202319094241
77,8,19096,165.527073732719,175.139215984013,0.440695126783657,1093.91312316716,889.187054880603,66.1058336824466
77,9,14814,199.637842581342,212.900511145284,0.434215144131035,1139.8151073309,948.754016470906,72.4489671931956
77,10,16227,217.577001294139,238.15819879136,0.437125343926788,1127.55752757749,986.9179145868,63.1395821778517
77,11,17878,187.695379796398,199.904848500638,0.430765456055059,1275.63552970131,1040.67227877839,57.143919901555
77,12,13208,192.954572986069,192.954572986069,0.373871325377144,1191.10516353725,1003.42875529982,72.4192913385827
77,13,16443,217.877637900626,237.972901351663,0.449206310934971,1119.9539013562,1080.66149729368,65.5258772730037
77,14,20151,154.276065703935,161.194074490027,0.426943012537757,1263.48811473376,874.631333432584,50.7194183911468
77,15,15043,188.207737818254,199.079308504215,0.430800019760541,1115.6499368477,922.136010104368,57.7462607192714
77,16,16227,164.521230048684,171.445299401023,0.414853263533818,1198.1513526838,945.564183151538,54.1607197880076
77,17,17958,183.229535583027,195.20197158855,0.448719547358296,1256.88049894198,924.066432787616,61.0445483906894
77,18,15413,216.680399662622,216.680399662622,0.47692061952835,1151.01343022124,1075.63160968014,48.7986115616687
77,19,20690,178.800628322861,188.11581831878,0.428167816617481,1219.37902368294,1100.34403093282,58.8037699371677
77,20,22907,155.664643995285,164.947270100345,0.455555853080615,1297.08853188982,821.375212817043,61.2122058759331
77,21,15289,195.84884557525,212.824415331563,0.453261877769792,1074.93910654719,1022.42416116162,55.5318202629341
77,22,13410,208.457494407159,221.328958715554,0.430493269950581,1059.93870246085,992.114019388516,65.5232662192394
77,23,13406,175.827166940176,184.650316298143,0.423393339105059,1173.6791735044,895.808966134567,62.5827987468298
77,24,16884,168.639244254916,174.861091574833,0.407614204358649,1108.80111348022,946.199893390192,49.0941719971571
77,25,22061,152.537645618966,159.222294176148,0.42691482758877,1126.05407733104,847.898282036172,54.3198404424097
77,26,13906,177.050337983604,187.805320694364,0.427036471117447,1195.63699122681,859.29720983748,56.6458363296419
77,27,15605,182.150080102531,182.150080102531,0.442663093330651,1221.66190323614,1005.4374239026,62.5071451457866
77,28,9156,182.109436435125,189.98295334366,0.408856109039441,1271.48339886413,999.704892966361,72.8967889908257
77,29,12887,182.005276635369,192.109113154467,0.407378519827608,1192.54108791806,919.180724761387,68.4685341817335
77,30,14260,173.654908835905,180.719988811668,0.405583748411225,1202.68793828892,1005.71998597475,47.153366058906
77,31,11480,184.805923344948,197.035577230969,0.436665611273196,1256.19041811847,939.400087108014,69.7601916376307
77,32,19876,164.218806600926,173.480496619975,0.444038124470357,1306.51695512175,889.497232843631,68.8891124974844
77,33,7843,173.364783883718,185.926359651403,0.433091033494877,1311.73530536784,992.414254749458,62.1067193675889
78,1,11136,211.840158045977,232.375355104481,0.463337741438803,1222.02711925287,1012.31375718391,61.1397270114943
78,2,22162,194.356962368017,210.158214554752,0.445499085482845,1333.33755978702,946.355879433264,58.0212074722498
78,3,18016,159.552286856128,167.717430823449,0.426460764416804,1198.02231349911,840.205150976909,67.6453707815275
78,4,18913,190.469624068101,202.956570828977,0.440006945775135,1258.48432295247,930.010363242214,61.8488870089357
78,5,19546,158.894812237798,167.264656027181,0.443062555677773,1101.03315256318,881.401565537706,66.1765578635015
78,6,15951,186.440912795436,186.440912795436,0.452964546072716,1289.14883079431,1106.71343489436,64.0137295467369
78,7,15565,196.0323160938,216.151854808054,0.456629194758518,1355.80603919049,1028.61323482172,55.7904914873113
78,8,22117,154.266265768413,162.097874467064,0.448730149532216,1142.27083239137,839.606411357779,54.8713207035312
78,9,19203,191.188824662813,206.811465165423,0.460074098937335,1272.47664427433,1052.88746550018,56.1815341352914
78,10,14085,221.09811856585,221.09811856585,0.368394749195793,1124.42392616258,980.388924387646,62.8900248491303
78,11,22303,177.559610814689,186.081026091697,0.408507553216811,1198.54387302157,1103.58512307761,57.8569250773439
78,12,19595,223.364480734881,249.25436182006,0.483355479382316,1136.86251594795,1060.99729522837,47.3408012248022
78,13,18680,207.788276231263,217.016973002934,0.412040928919226,1150.16895074946,1021.56547109208,55.5501070663812
78,14,18224,168.208296751536,175.706442987067,0.406140236157708,1297.03237489025,978.732276119403,48.6670324846356
78,15,15077,183.846388538834,194.830338950011,0.434927981083173,1124.96272467998,914.078928168734,57.7635471247596
78,16,21289,161.055286767814,170.25830296891,0.449339170335101,1274.8201418573,876.864812814129,51.3820282775142
78,17,11055,176.879782903664,184.435237558818,0.415650104660053,1261.14834916327,1021.77304387155,72.3017639077341
78,18,13355,186.504754773493,195.082315859858,0.413628123649661,1198.49239985024,1000.13912392362,46.926319730438
78,19,12848,191.305884184309,191.305884184309,0.36063280704647,1175.67714819427,1018.66882004981,72.810398505604
78,20,15384,191.826443057722,205.616247116007,0.448245562302295,1136.34867394696,947.419201768071,72.2439547581903
78,21,16867,172.368411691469,180.041172011559,0.423923330423146,1201.21325665501,949.743048556353,54.4641607873362
78,22,11314,212.668640622238,233.256341891378,0.427513454141863,1133.49054269047,1024.07636556479,66.9794060456072
78,23,17121,164.894749138485,171.760433153083,0.414585439335387,1117.78879738333,932.720693884703,48.8533380059576
78,24,23183,165.645386705776,177.208893696391,0.472485414772467,1309.75318121037,837.865634300996,62.1350989949532
78,25,9754,179.670186590117,163.096050957478,0.466275656954419,1300.21181053927,1008.13522657371,62.5867336477343
78,26,13238,179.700710077051,188.481285671488,0.419897119293546,1182.44938812509,903.086342347787,63.2506420909503
78,27,11549,195.863624556239,205.367942550159,0.400108094594807,1255.09611221751,954.585505238549,70.2440038098537
78,28,14201,184.951623125132,184.951623125132,0.395009741485849,1066.61023871558,1004.10295049644,54.5593972255475
78,29,18871,178.480048752053,187.950951575346,0.425116196551415,1312.65099888718,908.161676646707,69.2686132160458
78,30,13441,187.278773900751,200.636243451816,0.427485464883511,1207.43955062867,860.879845249609,57.8038836396101
78,31,13855,191.999494767232,202.037778851999,0.421465677572785,1053.51634788885,973.181739444244,64.4643810898593
78,32,17305,211.68130598093,227.443059757665,0.426888966215674,1096.1289222768,1072.97723201387,64.0649523259174
78,33,12906,183.948318611499,192.176610771444,0.423547397841,1193.53107081977,926.766155276616,68.8521617852162
79,1,19351,217.728592837579,229.117579429736,0.40744491425306,1152.33290269237,1023.28246602243,55.1451604568239
79,2,17923,166.567706299169,176.636634098392,0.450707232117245,1189.81057858617,841.367739775707,67.5886291357474
79,3,19567,167.363111360965,173.502111041389,0.400228607069306,1301.8056421526,978.967138549599,49.2371850564726
79,4,20335,163.811605606098,173.006081847024,0.444766901957181,1281.37536267519,877.574034915171,51.8102778460782
79,5,19391,231.542519725646,267.015572058417,0.493677691333212,1138.80294982208,1062.17265741839,46.8704553658914
79,6,15929,197.460041433863,216.853633846441,0.451410809937156,1357.50467700421,1032.34616108984,56.871994475485
79,7,18000,188.151388888889,206.865086499827,0.471771763180103,1280.00427777778,1114.01755555556,63.9309444444444
79,8,15212,234.755390481199,234.755390481199,0.393777469372026,1127.60228766763,979.666907704444,62.5476597423087
79,9,13904,201.208644994246,201.208644994246,0.361366272794159,1164.87550345224,1027.53689585731,72.79833141542
79,10,22375,198.589899441341,214.934759365338,0.439967270257556,1339.1498547486,951.411217877095,59.0499664804469
79,11,14037,189.521692669374,202.941606245335,0.434509554492973,1212.09624563653,865.560233668163,58.387618436988
79,12,12361,174.038831809724,181.106532031113,0.406199097795272,1249.05541622846,1028.91133403446,71.6604643637246
79,13,15168,177.238330696203,177.238330696203,0.397504847036881,1206.65862341772,956.385087025316,54.918776371308
79,14,19193,168.80550200594,178.693380399436,0.440438780098146,1094.6326264784,881.846506538842,65.0031261397384
79,15,14259,205.027491408935,222.506947225401,0.441834074216884,1045.87130934848,970.940178133109,62.7637983028263
79,16,13873,198.796294961436,210.0245448692,0.420459536967155,1125.89879622288,916.646651769624,56.8278670799395
79,17,15155,209.452062025734,224.106593648041,0.429915100186669,1129.77796106895,952.719432530518,71.8401187726823
79,18,13492,187.097835754521,196.88747705366,0.413226834512236,1203.32226504595,1001.44381855915,46.8510969463386
79,19,12376,235.580316742081,256.405206279379,0.427697623813957,1124.86829347123,1026.50614091791,66.7062863606981
79,20,18396,196.010491411176,212.025571437461,0.436999752418984,1256.78636660144,936.234779299848,61.8808436616656
79,21,21961,158.831200764992,166.861046260912,0.438902198808866,1148.78502800419,838.73584991576,54.6200081963481
79,22,18257,188.354987128225,188.354987128225,0.393030353506611,1189.15845976886,1106.27781125048,57.2004710521992
79,23,19035,189.159810874705,201.895271607575,0.440660056962339,1277.15692146047,1054.89235618597,56.0294194904124
79,24,22977,169.075989032511,180.406561642228,0.467043661853179,1308.05261783523,840.091308700004,62.8551159855508
79,25,17224,169.911460752438,177.009041271751,0.414738726824551,1126.38051555968,934.229331165815,48.0041221551324
79,26,14892,194.664114961053,208.101214682073,0.423962266351218,1067.03693258125,995.921165726565,53.7031291968842
79,27,20396,179.883114336144,189.691150237557,0.418670947531153,1304.35992351441,911.839429299863,69.9549911747401
79,28,18308,233.653976403758,258.090574043558,0.472999729494635,1084.56942320297,1067.87185929648,62.7628359187241
79,29,11919,175.614397180972,175.614397180972,0.493460394473552,1299.47931873479,1014.47772464133,63.0055373772968
79,30,11182,204.145143981399,219.537749040364,0.440490016481034,1239.20041137542,956.601949561796,71.219817563942
79,31,13773,198.492485297321,212.69370410776,0.41458643325153,1185.05532563712,927.760763813258,68.1190009438757
79,32,4929,249.936295394603,191.843126591791,0.593498375378986,1207.26861432339,982.293568675188,62.8230878474336
79,33,12667,187.402620983658,200.15116075348,0.450490490927421,1179.22270466567,907.283650430252,62.5198547406647
79,34,4843,242.743753871567,185.878812604606,0.566022940652263,1232.93268635143,1078.24282469544,60.1121205864134
80,1,16835,230.486842886843,243.867999956668,0.419766559938883,1125.62310662311,972.352242352242,61.794950994951
80,2,19207,219.684490029677,234.331844689808,0.431641852893228,1156.03050971,1024.1302129432,55.5050242099235
80,3,17387,199.409903951228,215.539548234478,0.455356335313048,1358.5990682694,1040.09886696958,57.4533271984816
80,4,18148,240.464569098523,272.281363551745,0.471049709712329,1128.39051135111,1055.70944456689,47.0240797884064
80,5,14305,202.371128975883,202.371128975883,0.392505917192423,1157.83243621112,1026.32527088431,72.2264942327857
80,6,19271,169.046546624462,178.334161512492,0.437027832229039,1093.85802501168,874.644647397644,64.7829899849515
80,7,24983,156.458832005764,166.07762691374,0.466190220611912,1151.76476003683,833.606892687027,54.39855101469
80,8,20623,164.54584687,173.078951302184,0.436707524479713,1284.51670465015,884.529651360132,51.9027299616933
80,9,19336,165.182250724038,175.863823550968,0.456292501049155,1195.51965246173,837.210591642532,67.5779892428631
80,10,18682,169.203618456268,169.203618456268,0.394247588433191,1298.62032972915,983.892570388609,48.8749598544053
80,11,12753,177.59217439034,177.59217439034,0.370295025077911,1237.82262996942,1033.9353877519,71.6807025797851
80,12,15596,202.272826365735,219.797103898154,0.447254655976569,1046.98268786868,958.884906386253,62.1163759938446
80,13,17061,175.043373776449,181.970648226614,0.406926236916827,1211.82410175253,953.651075552429,54.5731199812438
80,14,19895,191.146871073134,209.234694362621,0.437542823151864,1279.60301583312,1111.74717265645,64.7567730585574
80,15,15916,207.860392058306,222.317789282724,0.431117592665522,1128.60542849962,946.800829354109,71.8063583815029
80,16,19639,185.097306380162,196.469603297206,0.435256838625293,1272.69402719079,1053.78802383013,55.9027445389276
80,17,15219,194.913660555884,206.71531935827,0.442151938191622,1128.61094684276,912.999014389907,56.3253827452526
80,18,21566,200.931280719651,219.708635389173,0.447861778771008,1337.22948159139,959.35416859872,58.9885004173236
80,19,15482,185.584678982044,200.912650641428,0.455899323682853,1219.1098695259,861.717801317659,58.1905438573828
80,20,18331,169.381375811467,177.590092113693,0.434847493741862,1126.14707326387,925.532104085975,47.9183350608259
80,21,18194,196.500054963175,211.263176532564,0.44810593559961,1260.66598878751,936.938551170716,62.5296251511487
80,22,14021,185.605734255759,195.521945991263,0.416395787859533,1200.80671849369,1002.82925611583,46.981028457314
80,23,17300,246.348439306358,269.439090062584,0.460696780250407,1078.14445086705,1056.38572254335,62.2509826589595
80,24,11456,204.674144553073,218.233855179823,0.405769741928007,1243.00209497207,966.959322625698,71.0420740223464
80,25,14955,196.773587428954,208.920067837921,0.424516076837397,1068.29923102641,992.741959210966,53.2174523570712
80,26,23509,171.455187375048,183.741704832403,0.469205991544946,1312.40848185801,842.651027266153,62.8043302564975
80,27,14288,184.085596304591,195.536496918715,0.436593386073446,1177.48334266517,900.682180851064,62.3139697648376
80,28,13292,198.395952452603,210.412556172798,0.416355241988345,1185.10359614806,922.184471862775,68.6674691543786
80,29,23551,187.85754320411,199.555308155313,0.443353617883697,1174.41378285423,1104.37319009808,56.133752282281
80,30,9891,193.655949853402,210.799676952645,0.458261704304156,1287.5550500455,1019.8033565868,63.5221918916186
80,31,12000,242.462916666667,242.462916666667,0.446365549133664,1123.21591666667,1019.76641666667,66.3700833333333
80,32,7627,197.495738822604,216.263721615905,0.464799291883285,1208.05782089944,977.867969057296,63.4453913727547
80,33,20369,183.012715400854,193.062049869671,0.434937421151614,1303.81678040159,915.501595561883,70.3286857479503
80,34,7246,185.869997239856,204.763699505302,0.447055937235015,1217.6109577698,1094.20825282915,60.3348054098813
81,1,20384,208.895162872841,221.225537406883,0.430062765083157,1153.89393642072,1024.8833889325,56.2689854788069
81,2,21582,164.630154758595,174.0961200014,0.451042862109019,1280.9590862756,881.644842924659,51.9949494949495
81,3,16713,212.664213486508,224.175820308717,0.429994787822251,1124.44342727218,975.954825584874,62.351582600371
81,4,17247,201.261146866122,221.807052492371,0.45779598113023,1357.98591059315,1035.50246419667,57.338957499855
81,5,18726,222.366175371142,251.927202082681,0.471933445993487,1130.54400299049,1058.61961977998,47.6380433621702
81,6,23251,200.116253064384,220.35672710432,0.469252450933343,1332.49374220464,955.371166831534,58.93540062793
81,7,13840,185.308309248555,195.262356370976,0.411462543818033,1197.00664739884,1003.56712427746,46.7989161849711
81,8,21891,181.426613676853,194.111330118222,0.470279581905654,1271.38157233566,1050.53300443104,56.3397286556119
81,9,19476,162.215290614089,169.765759907436,0.431274114856049,1093.63406243582,874.584873690696,65.1009447525159
81,10,19225,159.250871261378,168.748003039999,0.452865421625634,1192.49581274382,833.910325097529,67.2184655396619
81,11,14224,198.432719347582,211.433507065734,0.429767444142882,1047.30800056243,959.683141169854,62.7776996625422
81,12,19693,168.766516020921,176.218214873068,0.40746210008776,1294.03381912355,979.339816178338,48.7870817041588
81,13,13579,192.302010457324,192.302010457324,0.387566799660823,1159.15229398336,1023.32763826497,72.9622947197879
81,14,12803,172.256033742092,172.256033742092,0.358052820112416,1244.28157463095,1031.00476450832,72.5108958837772
81,15,25320,170.26070300158,184.285617174431,0.487131319817075,1306.02701421801,839.410860979463,63.0030805687204
81,16,15474,185.646503812847,194.674027755247,0.422119982383843,1127.10107276722,917.788031536771,56.4958640299858
81,17,20253,196.511529156174,214.870523235501,0.453799393978122,1282.90455734953,1108.34296153656,64.9989631165753
81,18,23685,154.414650622757,162.401205127905,0.446892755205444,1148.20392653578,835.57707409753,54.2584336077686
81,19,17229,173.928782866098,182.18319427932,0.424513189293393,1204.23263102908,956.764582970573,55.1746473968309
81,20,14712,198.835780315389,208.311031232194,0.403065611795298,1130.26964382817,948.250611745514,71.9132001087548
81,21,16315,233.531535396874,248.405195471346,0.439132494085695,1079.43426294821,1055.60177750536,62.6986821942997
81,22,10773,191.026733500418,205.386212309174,0.444204808717421,1285.1460131811,1015.04520560661,63.9430984869581
81,23,12262,194.652095906051,205.744841337869,0.424231721882813,1242.99347577883,962.671994780623,71.0924808351003
81,24,14730,184.937338764426,198.394406295731,0.44250681121838,1215.17671418873,859.211337406653,58.143245078072
81,25,8317,183.726463869184,194.731897425316,0.428656185778584,1207.08608873392,972.287964410244,64.0961885295179
81,26,12858,178.272670710842,187.616165372355,0.42019441980075,1174.93583761083,897.649867786592,62.4029398040131
81,27,14056,187.16640580535,198.304527446082,0.409094720716374,1069.22303642573,996.944294251565,53.288702333523
81,28,17826,195.863850555369,207.783577945316,0.423921480748489,1258.7407719062,933.774879389656,62.5375294513632
81,29,17199,164.991976277691,172.035560441972,0.416006713571568,1125.49386592244,929.206349206349,47.8433048433048
81,30,7241,172.597155089076,181.522493687701,0.411560892391503,1222.30810661511,1096.4355751968,59.838834415136
81,31,10814,231.281024597744,257.169205627937,0.439688168415674,1120.71564638432,1023.3235620492,67.5664878860736
81,32,19648,185.824562296417,197.373167724999,0.440271690703697,1305.48742874593,913.736207247557,70.4268118892508
81,33,13536,185.697842789598,195.040685705126,0.40732282518542,1186.73138297872,919.114583333333,69.1488622931442
81,34,21552,186.035077951002,196.805937716504,0.432674939216389,1169.80438010393,1104.57646622123,56.8080456570156
82,1,24635,182.6587375685,199.671817494041,0.42574471041408,1269.03799472296,1122.87684189162,63.9480008118531
82,2,17164,232.994872989979,244.581813629922,0.417747239292433,1130.37025168958,962.649557212771,61.5119436028898
82,3,21672,164.072028423773,171.733368748431,0.43236169828336,1293.40337763012,893.949612403101,52.2510612772241
82,4,23260,195.669647463457,211.535254255653,0.468623110423342,1332.13357695615,972.311607910576,59.618056749785
82,5,22001,224.227762374438,246.906202446247,0.46573203652395,1147.88323258034,1016.44270714968,55.4034362074451
82,6,25772,158.246275027161,167.699507342527,0.458795037500514,1168.7598556573,826.015055098557,54.3143721868695
82,7,18049,200.314809684747,218.152784299278,0.452410739237183,1344.22045542689,1061.28838162779,57.5353759211037
82,8,16452,185.723012399708,193.983662241049,0.408082837623149,1196.97848285923,998.163080476538,46.474896669098
82,9,20639,166.562721062067,176.070009505054,0.443952389212225,1106.27007122438,857.761083385823,65.1032511265081
82,10,19375,165.669832258065,176.412846341529,0.455643853164163,1205.34544516129,831.598296774193,67.9103483870968
82,11,19461,187.733210009763,201.690277130846,0.439283076517813,1254.77981604234,1053.55922100611,55.906839319665
82,12,20146,168.145388662762,175.563036706065,0.406146476503543,1296.83495482974,992.604239054899,49.0497369204805
82,13,15937,195.756164899291,210.137058743569,0.43733609635694,1134.89991842881,904.93606073916,56.1905000941206
82,14,15571,200.740671761608,220.754265647783,0.467188607935483,1046.2691541969,931.05195555841,62.1454627191574
82,15,21215,233.35446617959,268.989072457795,0.495680324272117,1122.11812396889,1040.29535705868,46.9102993165213
82,16,14787,176.453438831406,176.453438831406,0.396576073628379,1225.78677216474,1037.69364982755,73.2002434570907
82,17,24502,173.538772345115,187.881339053686,0.479280642348397,1320.27389600849,854.372092074116,64.2633662558159
82,18,15773,213.261649654473,226.90955312233,0.421103610884102,1127.17815253915,940.433018449249,71.5354086096494
82,19,14963,186.437746441222,199.736453559469,0.452948417607614,1232.82944596672,860.804116821493,58.2797567332754
82,20,19107,249.129219657717,275.542179093865,0.443644157251713,1064.25388601036,1031.18652849741,61.7109436332234
82,21,14640,215.211953551913,215.211953551913,0.395425442353319,1145.6193989071,1014.94767759563,72.3885928961749
82,22,17050,179.442463343108,186.503463992285,0.401718039862876,1208.47073313783,953.446627565982,54.8099120234604
82,23,18209,199.067768685815,212.344149167905,0.421297979331777,1262.885606019,939.96545664232,63.0839694656489
82,24,16036,196.185644799202,208.317340819614,0.430194291831031,1067.72730107259,966.349837864804,52.206722374657
82,25,10920,175.9086996337,175.9086996337,0.442974022593839,1276.38406593407,1027.22289377289,64.1639194139194
82,26,12190,204.719606234619,204.719606234619,0.382584099814357,1189.85545529122,920.15578342904,69.0141919606235
82,27,18192,170.047273526825,177.821867669159,0.425100422107368,1135.60883905013,911.53265171504,47.3278364116095
82,28,13293,186.159858572181,196.580609421282,0.431261188127428,1184.85939968404,893.893252087565,62.2292183856165
82,29,7915,181.806064434618,195.843094947391,0.461081100803556,1200.61238155401,1084.2905874921,59.6861655085281
82,30,12233,209.998446824164,222.277067756678,0.432433653974331,1231.2300335159,967.374315376441,71.5378893157852
82,31,21948,196.156597412065,203.183240662739,0.400727003328651,1152.63190267906,1101.12843994897,55.9450519409513
82,32,9220,190.30010845987,203.654464614258,0.4362292401846,1202.61062906725,971.888828633406,63.7196312364425
82,33,20357,192.268114162205,203.721493390932,0.428495150337545,1305.47806651275,935.155573021565,71.1569484698138
82,34,11140,257.195332136445,274.036727352793,0.41316216781575,1108.4487432675,1010.3039497307,66.7239676840215
83,1,25271,157.720311819873,166.569977745462,0.457111117586607,1213.6597285426,809.631514384077,55.7567963278066
83,2,21705,162.09269753513,172.465621433401,0.450941986810288,1133.199447132,832.817553559088,65.3852568532596
83,3,20442,166.259074454554,174.18035057739,0.411439164792098,1317.83714900695,913.956511104589,53.3376381958712
83,4,16436,208.038026283767,221.180507105158,0.422532510823132,1124.7349111706,922.75377220735,70.5374178632271
83,5,16850,179.762077151335,190.769148126479,0.430750169969428,1312.20913946588,1093.76451038576,57.6722848664688
83,6,18657,243.757731682478,285.773704069327,0.530598201478672,1047.01795572707,981.705418877633,59.2625288095621
83,7,13181,190.731507472878,206.104213950288,0.400275049099605,1190.95721113724,913.770123662848,68.815416129277
83,8,18487,222.116622491481,238.929247733781,0.439584324368883,1136.15757018445,989.868123546276,53.8434575647752
83,9,15975,192.891956181534,209.551215979108,0.462766981497571,1060.45126760563,882.46779342723,61.0358059467919
83,10,15185,217.117550214027,217.117550214027,0.391132614989137,1118.74909450115,998.103259795851,70.716825814949
83,11,22996,196.530527048182,218.84136204501,0.474695574901218,1231.52030787963,1045.77635240911,54.6255000869716
83,12,18882,182.700243618261,191.352988904115,0.404384300120631,1197.41701090986,985.509797690923,45.3727359389895
83,13,17891,167.966854843217,177.967815160967,0.43702273241321,1236.98837404281,840.81560561176,68.9895478173383
83,14,17085,234.283113842552,255.707435797248,0.42856542235582,1129.33263096283,931.901726660814,59.9507170032192
83,15,14893,187.986302289666,202.711138501121,0.448855702747631,1261.58886725307,867.616061236823,59.1835090310884
83,16,21182,162.434567085261,170.401155868552,0.434023908743665,1298.14125200642,1006.35534888113,49.0989991502219
83,17,22061,183.949820951,196.950678617063,0.454022174117471,1342.02755994742,893.261456869589,66.0553918680024
83,18,9944,174.816572807723,186.7925172491,0.437850063538174,1191.13314561545,966.37198310539,62.8096339501207
83,19,13088,184.999541564792,197.807175300726,0.443222146718665,1197.82067542787,880.830608190709,62.0696821515892
83,20,18650,217.613351206434,244.864209424267,0.500757187427989,1115.20155495979,1004.84262734584,45.9233780160858
83,21,18814,168.416073137026,176.932653860926,0.42732214136311,1167.91256511109,875.406240034017,47.1403741894334
83,22,19041,174.34845858936,183.169617513307,0.418976035419435,1211.42471508849,943.810881781419,53.9391313481435
83,23,11883,240.178742741732,262.928466587541,0.432243981257359,1095.50711099891,978.454178237819,64.4304468568543
83,24,13040,176.245858895706,176.245858895706,0.377881342274063,1191.17369631902,1034.21134969325,74.2360429447853
83,25,18035,191.332630995287,205.237817741329,0.432597026693374,1329.00820626559,997.932464652065,59.9233712226227
83,26,18820,203.575451647184,219.331808669565,0.449543742739513,1258.44946865037,948.635706695005,63.2940488841658
83,27,12942,216.539406583217,231.362895923237,0.414847517315564,1219.66249420491,976.089630659867,70.7991809612116
83,28,15539,188.006049295321,197.940162701883,0.422267064868281,1156.79960100393,876.379368041701,55.666194735826
83,29,16211,188.734501264573,200.119083918581,0.431303174394531,1080.72352106594,915.827277774351,50.4039849484918
83,30,21683,192.345155190702,202.926005125756,0.403392547173152,1297.40109763409,973.596596411936,71.4550569570631
83,31,21827,190.286754936546,202.039527759498,0.436937295091661,1119.24103174967,1078.73574013836,54.8442754386769
83,32,10554,186.036763312488,197.98145171839,0.432556953192329,1258.69878718969,1036.69158612848,63.406954709115
83,33,15057,193.847645613336,193.847645613336,0.593526674110025,1215.32330477519,1120.54459719732,62.50634256492
83,34,9173,171.055706966096,182.991559581608,0.451803100659729,1168.39943311894,1054.37414150223,58.6814564482721
84,1,17929,172.266997601651,186.531110061425,0.469472464238076,1157.11690557198,801.003848513581,60.3368286017067
84,2,16282,178.017688244687,188.762478273414,0.431886176612066,1246.68118167301,850.607234983417,56.6625721655816
84,3,18616,215.259883970778,227.627219730996,0.424393963417894,1168.67651482596,914.641813493769,51.5718199398367
84,4,19598,196.148892744158,214.996002894833,0.45210310866029,1201.9035105623,1018.95081130728,51.8689151954281
84,5,13114,230.039804788775,230.039804788775,0.405532228406882,1188.70642061919,984.344441055361,69.5594021656245
84,6,17537,206.351371386212,233.607407315565,0.492181312399238,1093.07008040144,855.935450761248,55.3857558305297
84,7,18660,167.244908896034,179.684746877142,0.471162661415748,1185.95471596999,819.808306538049,49.8015005359057
84,8,19732,184.569278329617,196.810707250916,0.438695634904916,1275.9135921346,1067.04687816744,59.8744678694506
84,9,21318,211.016746411483,211.016746411483,0.369623933668508,1229.91012290083,1044.04662726335,71.4232104324984
84,10,27761,163.314578005115,172.556349199517,0.440861034762986,1289.83087785022,1038.754079464,48.514138539678
84,11,20340,162.626352015733,172.503141011684,0.447899693966272,1284.77222222222,856.899754178958,48.6851524090462
84,12,12959,200.389381896751,209.65076676619,0.400626179506235,1211.66046762867,921.041284049695,68.7487460452195
84,13,21107,160.077462453215,169.509833125896,0.434580442574757,1228.30207987871,820.714454920169,67.591273037381
84,14,19232,177.532497920133,192.393620590605,0.475290331477428,1203.68386023295,1118.10830906822,54.403806156406
84,15,18693,221.727384582464,237.086428810202,0.442040701870151,1179.70973091532,872.616540951158,59.5912908575403
84,16,14775,193.1489678511,209.495650574161,0.450002716691278,1318.84812182741,926.43282571912,62.6906260575296
84,17,17250,170.92347826087,170.92347826087,0.397363603234188,1248.14823188406,936.176753623188,54.3333913043478
84,18,14620,199.292134062927,213.685929131826,0.43703489168419,1103.3988372093,932.954377564979,66.0813269493844
84,19,23258,175.838679164159,185.245732075261,0.41808378041904,1348.35205090721,991.517542351019,56.6880643219537
84,20,13062,187.750727300567,201.871724246325,0.426574305546509,1252.30944725157,886.883172561629,64.0792374827745
84,21,17038,168.895938490433,178.631638298459,0.435058977271879,1236.93843174081,947.189400164339,44.9080291113981
84,22,24383,161.613993356027,168.947186954327,0.429630565996332,1331.01328794652,850.694049132592,59.8383709961859
84,23,7806,249.206379707917,288.305672951235,0.555283843652149,1146.35972328978,1090.07993850884,56.6840891621829
84,24,15828,198.391458175385,212.285288534661,0.426082612172273,1151.45659590599,884.662496841041,69.0876926964872
84,25,20980,190.066348903718,207.519708283826,0.492474141050537,1165.41591992374,904.60471877979,43.1622497616778
84,26,10429,183.230127529006,195.82453722572,0.437289547040697,1190.70006712053,946.190718189663,60.8552114296673
84,27,14782,177.712826410499,187.531605653461,0.407431315504673,1111.45839534569,1008.71323230957,71.3273575970775
84,28,19540,200.647389969294,214.976670021283,0.430348374222606,1249.73316274309,981.819242579325,63.1622313203685
84,29,16455,174.660771801884,183.398431087459,0.423052358519948,1280.25694317837,903.615192950471,72.4535399574597
84,30,9142,178.463027783855,188.716660309787,0.430895913400692,1147.61627652592,981.994202581492,54.9259461824546
84,31,20922,191.625991778989,203.717229854009,0.424195417719862,1338.36946754612,1006.49072746391,70.444460376637
84,32,11959,182.374947738105,182.374947738105,0.385334578753892,1201.93076344176,1047.71694957772,61.0139643782925
84,33,19861,202.231408287599,216.682438535051,0.436847207997773,1093.73017471426,975.166054075827,49.9506067166809
84,34,12147,222.859965423561,240.842052098542,0.435381540741738,1114.42520787026,894.347575533053,60.8484399440191
84,35,5752,277.120132127956,334.547873683923,0.562964772529695,1097.27851182197,1041.43098052851,55.0036509040334
85,1,22142,195.994851413603,207.171393824248,0.42480945823404,1271.62085629121,1087.74528046247,65.9051576190046
85,2,13331,212.596354362013,225.747216194979,0.422879013419877,1237.45773010277,1029.51594028955,68.5108393968945
85,3,16466,182.713045062553,194.493170315518,0.431613769775462,1151.09297947285,921.583141017855,47.4173448317746
85,4,15664,216.378511235955,242.445875818733,0.457086763436883,1095.8741700715,878.717377425945,66.6793922369765
85,5,20110,220.441571357534,240.328956651708,0.450330440034304,1129.82222774739,904.155793137742,57.188811536549
85,6,13323,208.088943931547,220.817373727146,0.424948835081804,1309.92088868873,931.118666966899,57.2910005254072
85,7,19618,170.766184116628,185.464154465727,0.492792103778598,1146.60225303293,816.270975634621,58.1981853399939
85,8,21347,167.650630065115,179.530169066747,0.461451367860488,1216.65241017473,833.875251791821,50.1234365484611
85,9,12777,226.004461141113,253.498225421568,0.464112634016066,1138.29388745402,927.713156453001,68.142756515614
85,10,27028,188.346307532929,203.717280877826,0.462890617496811,1258.60522421193,1060.98087168862,52.2794509397662
85,11,12361,196.410484588626,205.60715725897,0.420473497614817,1269.49275948548,911.003316883747,63.542431842084
85,12,15789,203.042054594971,217.022526225348,0.422437759009305,1155.28716194819,981.509025270758,72.18886566597
85,13,13632,203.412485328638,212.569173733513,0.405066339111409,1263.09382335681,963.304430751174,68.3857100938967
85,14,15848,205.319914184755,219.19168200568,0.42216752175653,1213.03337960626,937.362948006058,73.2069661786976
85,15,20824,172.580436035344,172.580436035344,0.383133460791044,1308.90971955436,974.933970418748,49.3927199385325
85,16,16991,180.922311812136,194.140490316566,0.458059507452181,1185.16049673356,831.994820787476,68.6132658466247
85,17,19882,200.126798108842,212.237559671776,0.423285249688872,1056.80253495624,959.110652851826,57.7228649029273
85,18,19994,203.908922676803,217.258586804996,0.426171579871327,1155.99214764429,1009.85315594678,52.6148844653396
85,19,17702,179.043497909841,179.043497909841,0.396267678031533,1211.47254547509,925.226076149588,54.5500508417128
85,20,9467,198.928805323756,209.99577207168,0.414954843620676,1137.15749445442,978.830780606317,59.3773106580754
85,21,8114,231.9844712842,281.209942900727,0.560058120946468,1085.34594527976,1014.16329800345,58.7159230958837
85,22,16642,231.856267275568,251.867939450552,0.441677423589168,1187.19102271362,893.483355365942,64.4364259103473
85,23,29190,163.921548475505,172.910693523713,0.44573947470301,1311.50256937307,856.110688591984,56.6431997259335
85,24,17899,209.976143918655,229.749763149306,0.46657673660849,1085.30627409352,876.935191910163,51.2649310017319
85,25,20092,201.618853274935,214.242985986047,0.430317955616619,1256.72287477603,996.481186541907,59.7357654787975
85,26,9347,187.858136300417,198.256617757479,0.412261608614639,1197.05648871296,967.670696480154,62.4663528404836
85,27,20026,203.530060920803,220.7862478883,0.428439949076283,1385.64466193948,1016.71352242085,59.2768401078598
85,28,19860,167.437160120846,176.496137868477,0.428240262495237,1277.42366565962,861.033081570997,69.630664652568
85,29,12222,183.5,195.499061571002,0.433967807760701,1200.64866633939,1060.31492390771,58.6917034855179
85,30,15718,190.28718666497,201.099837053802,0.419833477437301,1225.34737243924,855.881473469907,59.0563684947194
85,31,18002,172.390845461615,180.351738769654,0.414146949844788,1206.38762359738,1005.60765470503,45.0639928896789
85,32,16496,182.6467628516,190.801924379307,0.412662798159822,1339.12124151309,949.141549466537,67.5433438409311
85,33,14852,189.17081874495,189.17081874495,0.353368653943066,1181.62759224347,1064.13169943442,72.9450579046593
85,34,17159,177.27023719331,187.675745173715,0.435455051218186,1179.74415758494,1106.25409406143,48.7508013287488
85,35,6414,246.735110695354,291.646064321816,0.56406318774524,1147.30932335516,1111.88696601185,54.0327408793265
86,1,23435,202.522509067634,219.8224271516,0.454901450000792,1106.32575208022,892.557883507574,68.3258800938767
86,2,18043,201.88416560439,220.973622203886,0.45999079291052,1158.08607216095,803.889042842099,64.4722052873691
86,3,20212,209.431377399565,226.536081997813,0.442192135293949,1132.47951711854,924.442360973679,57.4015931130022
86,4,20568,215.717619603267,233.980007047447,0.450055512476863,1185.86269933878,873.116783352781,66.1877674056787
86,5,17913,173.916820186457,186.302646071874,0.464086976186393,1259.9354100374,835.013174789259,69.8057835091833
86,6,19964,213.882037667802,237.543992394419,0.508599245322901,1210.55810458826,914.583149669405,76.192897214987
86,7,17412,180.959223524006,190.385693147285,0.409085493453253,1346.92499425683,1035.21232483345,58.4112106593154
86,8,12634,228.073373436758,247.541148083188,0.464104468708856,1212.41419977838,976.093952825708,73.0459870191547
86,9,10971,208.443988697475,208.443988697475,0.387896210204042,1221.00382827454,1064.65609333698,62.2671588733935
86,10,19485,174.665383628432,184.889960568673,0.426301037537625,1222.67641775725,898.38675904542,58.4704644598409
86,11,17685,241.885439638111,259.941070134267,0.431322666772599,1252.69872773537,933.792705682782,68.4296861747243
86,12,22759,182.547475723889,196.38617222223,0.455269904157294,1331.11380113362,1033.73588470495,47.5783646030142
86,13,16004,192.470757310672,204.677825516603,0.431101569540412,1291.34316420895,885.003124218945,63.6159085228693
86,14,22974,163.721250108819,174.757132482933,0.4774990840856,1283.18468703752,811.472708278924,59.0235483590145
86,15,23108,192.603470659512,207.073808206508,0.445619056195935,1167.50324562922,986.460533148693,48.3238705210317
86,16,19714,201.60982043218,212.607481873713,0.409881960739752,1226.64558182003,988.344780359136,56.9437962869027
86,17,16612,211.133397543944,223.640080681056,0.424234055869825,1271.63369853118,1028.71291837226,70.4133156754154
86,18,12838,179.329646362362,179.329646362362,0.378764950901672,1167.57337591525,1094.97748870541,66.1304720361427
86,19,9643,222.23467800477,253.539664679575,0.524263673799527,1073.12091672716,993.40537177227,54.836150575547
86,20,17117,175.680434655606,185.303439102217,0.428782508232209,1176.0099316469,824.123444528831,55.7403750657241
86,21,15391,205.340263790527,205.340263790527,0.38193905236341,1196.37697355597,1038.09128711585,71.5520758885063
86,22,23538,189.718540232815,204.885569062571,0.446186942381876,1182.04537343869,1107.73889030504,56.5548899651627
86,23,9235,192.248402815376,192.248402815376,0.394346068173407,1202.36957227937,969.878830536004,64.0309691391446
86,24,24163,161.84869428465,168.30564098107,0.413200002471013,1167.96585688863,880.453834374871,48.0475520423788
86,25,14043,204.109591967528,204.109591967528,0.391637984432923,1298.15231788079,967.700277718436,62.4217047639393
86,26,11961,189.178663991305,206.107409857899,0.455004522822735,1138.7692500627,1016.81130340273,55.5089039377978
86,27,11275,205.163370288248,225.766305560567,0.467009963091074,1344.63317073171,900.015432372506,56.5533481152993
86,28,15189,197.577720718941,215.123799612105,0.469674686408388,1278.13799460136,1029.26729870301,63.6370399631312
86,29,9011,247.214959493952,272.051182179808,0.464755163339079,1080.80335145933,950.323826434358,63.9991121962046
86,30,14496,190.001862582781,200.678852785253,0.411755286233286,1307.67184050773,924.11196192053,73.6993653421634
86,31,7988,180.879569354031,201.578974844147,0.488007573391133,1257.00175262894,922.392588883325,50.064972458688
86,32,17177,193.224893753275,202.584402840636,0.423862997083281,1086.30162426501,962.140827851196,48.1696454561332
86,33,10135,187.18855451406,194.842073817144,0.408552863401068,1151.61716822891,945.420621608288,65.0200296003947
86,34,16925,177.668183161004,177.668183161004,0.384619736989381,1356.87627769572,969.064579025111,67.0967799113737
86,35,12488,206.650624599616,206.650624599616,0.377226204576753,1301.22837924407,956.86234785394,55.3766816143498
86,36,5773,198.019400658237,173.111897850238,0.529621337164213,1253.70119521912,961.003291183094,47.8283388186385
87,1,20144,208.608022239873,227.400196297388,0.464449863382383,1128.21937053217,927.603306195393,60.6125893566322
87,2,14974,210.702083611593,228.146802211084,0.446667193654058,1184.65039401629,816.733738480032,68.1822492320021
87,3,19042,228.523054301019,250.294275552487,0.457809521730811,1268.10145993068,959.440342401008,68.3909778384623
87,4,24698,196.244392258482,206.582065427495,0.419654301334539,1148.35917888088,963.257794153373,49.7961373390558
87,5,22504,203.723027017419,215.819704158464,0.436869169827658,1130.42645751866,906.45800746534,71.146773906861
87,6,18273,220.074481475401,231.039416889891,0.420149356231357,1206.07880479396,889.003666611941,68.7395063755267
87,7,16980,201.450765606596,201.450765606596,0.387286615563664,1208.74057714959,1065.10217903416,70.705418138987
87,8,18738,179.330771693884,188.291508220182,0.409071274344059,1339.86866261074,1041.52492261714,54.4839363859537
87,9,17827,175.037863914287,184.123070931185,0.418985987353753,1223.69821057946,903.798900544119,60.2794076400965
87,10,23355,201.883964889745,220.564246666177,0.47036003024595,1211.44384500107,982.50854206808,57.7087561549989
87,11,12194,234.904543217976,249.294613369303,0.429809533677803,1230.77939970477,1004.15770050845,73.5519107757914
87,12,21550,162.851554524362,173.326037665035,0.4651082747151,1297.95368909513,822.860092807425,60.6849187935035
87,13,18156,216.57330909892,251.586876801142,0.490867382575681,1242.146397885,948.295053976647,77.2453183520599
87,14,10305,188.324308588064,200.243575256981,0.422994609123713,1164.34342552159,955.192721979622,67.4966521106259
87,15,22791,162.72024044579,170.770507844858,0.43463527167783,1155.46658768812,861.107147558247,51.3275415734281
87,16,25576,180.638215514545,187.633765752691,0.40278043510694,1308.19874100719,1001.62284954645,44.1510009383797
87,17,16437,188.657905943907,200.336907705436,0.440089057618553,1302.76309545538,904.150088215611,64.3502463953276
87,18,10482,186.600744132799,193.642242843173,0.402525052499817,1207.25586720092,986.611906124785,65.4232016790689
87,19,15533,196.480139058778,206.266286275837,0.410167433362265,1281.98789673598,1043.04995815361,61.2264211678362
87,20,9974,187.965710848205,187.965710848205,0.370148437912747,1127.03870062162,1010.57920593543,56.8854020453178
87,21,16014,210.433183464469,224.286884481039,0.423703225017732,1284.20282253029,1053.60865492694,68.5455226676658
87,22,17267,174.855157236347,184.570401382188,0.431131748442266,1186.6080963688,822.973533329472,59.5612439914287
87,23,16277,176.441727591079,188.058493127335,0.442341487291569,1292.78681575229,861.162990723106,70.777047367451
87,24,12591,209.276229052498,209.276229052498,0.396604825061036,1212.52656659519,1070.70431260424,61.5869271702009
87,25,16372,194.174749572441,209.207665006202,0.454046179197194,1073.4910212558,936.305827021744,51.5787319814317
87,26,14380,196.954033379694,215.252883567666,0.407365314671271,1280.74102920723,959.154172461752,54.9636300417246
87,27,11604,199.422182006205,199.422182006205,0.372194131494804,1303.35910031024,983.135987590486,61.9317476732161
87,28,24315,192.15986016862,192.15986016862,0.387916386673367,1167.57347316471,1108.11137158133,56.064116800329
87,29,10451,232.716008037508,265.487092071441,0.497578226044172,1065.55248301598,994.151564443594,57.7812649507224
87,30,6810,200.999853157122,200.999853157122,0.525581984572949,1351.64111600587,927.188693098385,57.7142437591777
87,31,19024,170.640506728343,177.834075810564,0.404334643387572,1369.71199537426,992.879783431455,64.2500525651808
87,32,13369,193.094846286184,193.094846286184,0.398087182041797,1338.79706784352,957.924227690927,72.200014959982
87,33,13980,174.538841201717,174.538841201717,0.399164883664636,1164.88519313305,1100.24763948498,64.8298998569385
87,34,9775,237.123171355499,266.046250647845,0.459028806104665,1089.74179028133,965.473554987212,67.3892583120205
87,35,7258,195.066409479195,195.066409479195,0.552355853056105,1314.71741526591,895.676219344172,54.4911821438413
87,36,14173,183.969872292387,205.38915152536,0.496769054274321,1236.75940167925,911.388979044662,49.0800818457631
88,1,26301,190.07600471465,201.181944640053,0.431009309904224,1152.92646667427,949.76628265085,50.3587316071632
88,2,21952,205.605502915452,222.75419104831,0.452285394225548,1125.81063228863,916.65041909621,60.7410258746356
88,3,13202,238.184138766853,265.764689617334,0.47936296311952,1219.11687623087,1013.78450234813,73.319345553704
88,4,16498,207.958843496181,226.668335923125,0.458799419919223,1213.24027154807,816.581767486968,68.5512789429022
88,5,14029,196.33958229382,206.142935659672,0.405271957346499,1285.68208710528,954.399315703186,57.0595908475301
88,6,21881,206.995429824962,225.797099140606,0.452646611873769,1203.16027603857,968.92610026964,58.2432247155066
88,7,17883,246.315607001062,246.315607001062,0.395703684665124,1264.95157412067,969.533076105799,69.2501258178158
88,8,20319,185.33057729219,194.156782488966,0.400561934668493,1332.83724592746,1048.7489049658,53.8365569171711
88,9,23465,205.292137225655,219.084801397893,0.431218150653578,1139.21287023226,900.003878116343,71.5081184743235
88,10,13649,221.1928346399,240.514813218972,0.431678634081417,1182.36596087625,1063.43036119862,62.2818521503407
88,11,11120,220.263848920863,253.609327849718,0.482589913513837,1049.91816546763,960.726079136691,59.3402877697842
88,12,13679,214.352730462753,214.352730462753,0.366467059242026,1190.96110826815,1065.21522041085,70.5737261495723
88,13,16025,215.072886115445,215.072886115445,0.437327243123894,1269.47712948518,1068.91619344774,68.3759750390016
88,14,23898,161.172022763411,169.544934209919,0.433330952454073,1171.42576784668,852.927818227467,51.3399447652523
88,15,12539,198.293484328894,198.293484328894,0.388357249789883,1298.03285748465,991.858441662015,61.8568466384879
88,16,20410,169.525722684958,179.553271247642,0.450112605962363,1327.4683488486,842.910877021068,60.5521313081823
88,17,17965,180.525132201503,189.771122481823,0.41016763533878,1230.04770386863,902.151182855553,60.9471193988311
88,18,10316,194.341702210159,194.341702210159,0.38963473355387,1159.42041488949,957.903354013183,68.1030438154323
88,19,10068,229.330651569329,248.288240694232,0.44998609469015,1081.80015891935,943.609952324195,67.9989074294795
88,20,16737,195.275258409512,210.165865454593,0.46318180020615,1072.6891916114,914.51562406644,51.823146322519
88,21,18344,222.874945486263,235.973648575163,0.423355727987235,1216.26657217619,884.944559529001,68.7700065416485
88,22,13980,198.381258941345,198.381258941345,0.392659774555951,1262.92503576538,1048.76087267525,61.1467095851216
88,23,19493,220.827271328169,251.889145006635,0.514636727827667,1243.20725388601,955.806802441902,77.3550505309598
88,24,7549,202.8644853623,202.8644853623,0.4753639687704,1361.08001059743,989.943171280964,57.112862630812
88,25,17216,184.068947490706,184.068947490706,0.37095406287041,1353.76126858736,1040.42280436803,64.8736640334572
88,26,9598,197.564075849135,209.90326112454,0.421716505383205,1194.70785580329,983.108564284226,66.0290685559492
88,27,11584,184.03729281768,184.03729281768,0.393515611888867,1111.0637948895,993.89856698895,57.1604799723757
88,28,15473,196.268144509791,207.784853550447,0.412863665087016,1318.26213403994,925.281199508822,65.2542493375557
88,29,13282,233.964689052853,271.243237142294,0.533503813477571,1229.75463032676,1022.75312452944,40.5621141394368
88,30,17796,176.17458979546,187.992412280358,0.448232731332729,1206.20088783996,818.654585300067,59.8745223645763
88,31,14371,197.343121564261,208.766578159573,0.412562010454951,1332.90863544639,986.923109039037,72.8265256419178
88,32,9393,183.472266581497,196.361486016994,0.459111158983109,1314.86319599702,888.973171510699,56.9738102842542
88,33,24012,197.754039646843,197.754039646843,0.381675401047618,1127.54768449109,1100.6650841246,56.0224887556222
88,34,15816,182.14801466869,194.805813046816,0.449096680654812,1309.30880121396,876.201694486596,70.8700682852807
88,35,12931,183.274766066043,183.274766066043,0.386584262593037,1124.25427267806,1076.80550614802,64.7799087464233
88,36,6729,193.294694605439,217.603342276283,0.515590047439344,1276.23554762966,906.030762371823,52.4739188586714
88,37,5419,204.507104631851,204.507104631851,0.498215933137223,1204.83631666359,926.216460601587,46.3050378298579
89,1,14213,252.745444311546,305.633233981146,0.540930836167293,1144.75634982059,886.259410398931,71.1628790543868
89,2,18662,182.951398563927,182.951398563927,0.452551962167006,1310.15930768406,1076.4329653842,53.7753724145322
89,3,27117,160.225098646605,171.182243605132,0.473576058835812,1212.78452631191,833.016115351993,52.1507541394697
89,4,20919,248.452507290023,279.458062042739,0.494134902567168,1247.23944739232,986.927195372628,69.9128065395095
89,5,20611,226.940662752899,245.042713134075,0.444089403011281,1224.97928290719,899.920333802339,69.6861869875309
89,6,21676,206.109429784093,217.646936736211,0.420079190495979,1196.71512271637,958.853663037461,58.1450913452667
89,7,23855,197.201131838189,210.34331455597,0.436107344800659,1136.57732131629,898.504464472857,60.1919513728778
89,8,20140,175.364150943396,183.828230444908,0.405817097665605,1308.20417080437,1085.98932472691,65.5150943396226
89,9,14070,210.861194029851,223.818953683757,0.414852597963868,1289.69701492537,964.557071783937,57.6774697938877
89,10,15681,214.319750015943,224.421614597333,0.401212332619027,1295.15572986417,1030.74523308462,74.2733244053313
89,11,14866,209.698439391901,209.698439391901,0.372016159490415,1225.09013857124,1050.27088658684,60.6741557917395
89,12,18781,184.067302060593,199.365583245002,0.483812190657907,1101.61492998243,863.201533464672,51.382993450828
89,13,11551,212.815080945373,212.815080945373,0.418564695161706,1282.76720630248,1014.30049346377,62.2553891437971
89,14,17207,209.830417853199,229.107714314767,0.449581749989395,1238.72877317371,826.851920729936,69.8519207299355
89,15,13543,241.526618917522,267.317876480899,0.465470644931693,1182.49383445322,1018.07450343351,73.0694823894263
89,16,15070,215.746051758461,225.857504599707,0.414011814256502,1145.60849369608,1060.7799601858,69.4463171864632
89,17,16581,206.183824859779,218.0410795104,0.41239270127397,1317.32573427417,960.789578433146,66.5290392618057
89,18,13365,187.057538346427,187.057538346427,0.394661729815535,1103.98885147774,959.058660680883,56.0696595585484
89,19,15953,189.625336927224,189.625336927224,0.394216192868027,1247.03623142983,905.259324265029,61.6786811258071
89,20,12894,212.969986040019,232.25897127306,0.456617838333311,1141.99674267101,1040.47634558709,61.7087792771832
89,21,17296,212.372224791859,229.392639228748,0.443426416703081,1219.93830943571,1080.83591581869,67.8339500462535
89,22,9770,186.536642784033,186.536642784033,0.381196294358379,1181.90696008188,981.87318321392,65.6420675537359
89,23,10667,206.344426736664,221.378200112146,0.448604700227563,1349.06234180182,1038.96362613668,58.9291272147745
89,24,11151,201.466863958389,225.980384190895,0.501019064288924,1053.86153708188,905.772666128598,57.2105640749709
89,25,23001,218.595887135342,240.366871202909,0.467042575076296,1090.12860310421,1076.82287726621,54.2161210382157
89,26,18095,186.531030671456,200.178671414366,0.448734639768692,1350.53705443493,881.372257529704,63.225974025974
89,27,10611,192.993780039582,206.644717431098,0.419646094630251,1148.70719065121,951.064367166148,67.4552822542644
89,28,20332,223.457456226638,244.345543607973,0.524302952673305,1213.74572103089,969.346301396813,77.7296380090498
89,29,11803,208.989663644836,236.039862954928,0.494601828927211,1071.64737778531,911.689570448191,66.5610438024231
89,30,15836,192.288014650164,204.432628989943,0.442345700022684,1312.68849456934,910.470762818894,72.387282141955
89,31,16976,182.363807728558,193.609527866571,0.449090184816208,1241.42954759661,822.338183317625,61.4975259189444
89,32,14665,238.96413228776,238.96413228776,0.557286665813523,1167.83791339925,925.857688373679,49.9652233208319
89,33,12402,177.701096597323,190.223649538131,0.429067879274338,1077.22472181906,1034.72238348653,62.9925818416384
89,34,8643,179.668749276871,194.005506444089,0.433103392512814,1277.80238343168,911.322688881176,53.6365845192641
89,35,9350,191.55935828877,202.843072874761,0.441803722449975,1343.44834224599,921.440213903743,56.9814973262032
89,36,9088,180.062610035211,194.777021886103,0.469900003754847,1241.78686179577,903.265735035211,46.9630281690141
89,37,12579,281.695126798633,337.127911551801,0.569980187433348,1237.58033229986,1006.80976230225,40.1039828285237
90,1,22449,218.749565682213,234.497831798662,0.446417604276249,1243.58902400998,911.432535970422,70.0586217648893
90,2,21853,168.496636617398,179.338051943638,0.409371280874987,1283.24532100856,1102.80968288107,54.7115727817691
90,3,20505,241.027456717874,265.562668559557,0.450166222526752,1224.19970738844,1001.57781029017,69.9523530846135
90,4,16501,217.411490212714,253.161567869346,0.517063708026638,1180.49348524332,857.491545966911,58.6259014605175
90,5,16809,234.960378368731,277.208879024895,0.535153204975952,1168.82943661134,862.708430007734,69.7930870367065
90,6,26666,186.191067276682,168.563787559304,0.420954919719767,1216.1465161629,952.737455936398,57.659978999475
90,7,21469,172.297731613023,183.742697207618,0.428250668606837,1237.65694722623,1119.52284689552,65.5545670501654
90,8,12115,203.197688815518,225.81700587748,0.487131480342106,1093.94222038795,858.086174164259,64.2658687577383
90,9,20168,211.854819516065,211.854819516065,0.386012199298678,1075.63159460532,989.953044426815,51.0279155097184
90,10,24618,162.101470468763,171.520638460082,0.451655865718065,1289.31265740515,845.539767649687,53.7079779023479
90,11,21165,173.557665957949,187.927144528729,0.48931975295674,1181.15355539806,816.512638790456,50.1493975903614
90,12,16590,208.774562989753,219.18068788524,0.403797624632201,1235.86341169379,1060.73007836046,74.7895117540687
90,13,16339,214.73180733215,227.105085856143,0.437584885544035,1161.90201358712,1068.86302711304,66.6813758491952
90,14,23791,223.934344920348,223.934344920348,0.556297910743144,1185.94960279097,966.45101088647,77.2035643730823
90,15,10878,185.879113807685,195.869874334493,0.440569731434651,1154.6166574738,921.031715388858,65.5745541459827
90,16,14752,173.346190347072,181.27719105924,0.412670139110138,1064.60662960954,956.416418112798,59.4967462039046
90,17,13241,255.384261007477,275.493049804174,0.434395437637261,1149.79918435164,994.233290536969,71.4253455177101
90,18,11528,197.870402498265,207.478893227135,0.417626298107481,1127.49566273421,994.761016655101,60.0290596807772
90,19,11906,212.085755081472,221.241405469627,0.409550442833043,1261.22736435411,1045.14387703679,62.9227280362842
90,20,15138,208.444048090897,221.809075621985,0.423473315957971,1194.3345884529,1042.11778306249,60.0943321442727
90,21,13461,184.11856474259,184.11856474259,0.521653002070591,1109.82861600178,834.708639774162,54.0780774088106
90,22,16747,188.975219442288,196.507374593022,0.404034882797622,1277.60798949065,924.57783483609,62.6671642682271
90,23,10006,198.87997201679,214.471488352746,0.411620225099184,1306.06326204277,1088.15900459724,60.6876873875675
90,24,15301,197.975165021894,209.847434755324,0.415643402682036,1301.09424220639,960.830533952029,74.8521011698582
90,25,8546,279.900070208285,336.970081198729,0.513509176113977,1219.31125672829,890.837935876433,49.3043529136438
90,26,14007,213.652530877418,230.955149182954,0.427453248895601,1303.94716927251,1008.19511672735,67.9453130577568
90,27,12734,211.970551280038,226.544833094723,0.422466393959607,1297.87953510287,1000.90717763468,58.8423119208418
90,28,14457,169.269004634433,180.919196136571,0.456278591074028,1129.13031749326,906.752023241336,54.0922044684236
90,29,10690,171.722170252573,182.316832593345,0.434047926694847,1288.90542563143,914.871000935454,48.2521047708138
90,30,15375,225.504650406504,239.41277710609,0.420244386621425,1103.29333333333,1020.41456910569,67.3283902439024
90,31,18300,186.788360655738,199.909475732774,0.449186985726032,1368.85781420765,947.110273224044,65.8990710382514
90,32,10858,178.039141646712,190.443923668412,0.432853204760399,1311.72177196537,941.456437649659,55.1385153803647
90,33,9333,198.038037072753,198.038037072753,0.382006033139785,1181.31693989071,959.865745205186,65.0057859209257
90,34,10042,188.371141206931,200.186397897074,0.434857695209082,1361.8992232623,998.159430392352,58.6616211909978
90,35,16379,184.848952927529,198.157471757169,0.452811043083828,1294.52341412785,845.516820318701,63.4230416997375
90,36,16312,213.557074546346,233.934225222871,0.442954806177827,1282.45678028445,852.084416380579,71.5809833251594
90,37,6817,294.797711603345,294.797711603345,0.627922550858095,1301.14082440956,1028.23294704415,45.6758104738155
90,38,4861,300.235548241103,300.235548241103,0.602283461812887,1198.28409792224,988.909072207365,40.8566138654598
91,1,21610,178.52882924572,192.551957081896,0.458331560370355,1119.30573808422,815.018371124479,56.5223044886627
91,2,16679,215.981773487619,215.981773487619,0.396017230210473,1221.30559386054,1089.57059775766,60.6233587145512
91,3,26596,160.805948262897,170.818156347231,0.46393420835392,1237.38114754098,818.883779515717,58.0577906452098
91,4,27091,165.254623306633,149.570316933501,0.48995482569053,1307.49012587206,1092.55398471817,56.076335314311
91,5,17748,208.532623394185,219.981997831726,0.428840553509715,1228.32967094884,1025.25112688754,56.3050484561641
91,6,14785,213.784173148461,231.761047268407,0.428865762583485,1297.82346973284,1095.01420358471,67.2592492390937
91,7,21080,222.397533206831,236.601509721343,0.430666986921822,1235.5070683112,948.914326375712,71.1812144212524
91,8,14569,204.887363580205,216.693426899808,0.41075663030708,1321.56833001579,954.61603404489,57.8554464959846
91,9,7407,256.031321722695,256.031321722695,0.572994176265837,1168.85446199541,892.938571621439,68.6777372755502
91,10,17197,188.467756003954,203.88155823184,0.472152667857216,1256.25178810258,844.216840146537,67.5301506076641
91,11,11772,186.008919469929,198.627028894436,0.415359681671094,1115.34904858987,930.863149847095,56.3928814135236
91,12,16394,213.145480053678,236.518951986559,0.446416869802304,1147.9801146761,1024.57423447603,57.9263755032329
91,13,15551,238.976464536043,272.325328145069,0.515854048850184,1229.26737830365,951.457012410777,58.4433798469552
91,14,11724,209.0747185261,209.0747185261,0.369175434690041,1303.4652848857,1016.26552371204,59.3568747867622
91,15,17864,169.525358262427,169.525358262427,0.368904031130667,1337.2210591133,1022.2566054635,47.926724137931
91,16,21179,242.336937532461,264.586942489862,0.440813521241712,1259.30355540866,1026.74120591152,67.4350535908211
91,17,13569,246.766084457219,290.044472156093,0.514204684376398,1149.18026383669,880.570344166851,62.5478664603139
91,18,9217,198.911793425193,214.789685876799,0.458580184906223,1147.11326895953,959.737875664533,66.4344146685472
91,19,11548,207.70479736751,233.32911333853,0.49420247763416,1069.63586768272,881.797194319363,59.0790613093176
91,20,19579,218.083303539507,241.372924130323,0.477099689499396,1253.83237141836,884.772255988559,74.2214617702641
91,21,13273,223.190235817072,253.9160896157,0.483527566211267,1083.99434943118,947.061327506969,67.6856023506366
91,22,9613,190.85321959846,190.85321959846,0.396440364843256,1194.68376157287,989.256735670446,64.665453032352
91,23,18206,251.884982972646,275.288546642587,0.441658308561215,1221.27732615621,1050.17329451829,74.9405141162254
91,24,12432,164.407818532819,175.899444351661,0.45091783347153,1313.34966216216,886.613416988417,56.7072072072072
91,25,12291,187.226263119356,211.610642897292,0.538210178143122,1162.69831584086,901.323488731592,39.807582784151
91,26,16851,189.774553438965,199.582127965747,0.41111507498787,1277.28449350187,916.015132633078,64.4454928490891
91,27,17554,186.829554517489,186.829554517489,0.39089699779189,1076.01395693289,1017.55992936083,58.329668451635
91,28,11447,245.393552895955,245.393552895955,0.333773804289592,1197.26102909059,1048.60793220931,67.846772080021
91,29,6477,333.423652925737,333.423652925737,0.603434472816979,1160.30075652308,993.75204570017,72.3509340744172
91,30,15470,206.851971557854,222.285431498733,0.445125138911193,1318.97020038785,986.982094376212,73.1382676147382
91,31,15349,210.819988272852,224.951560705059,0.431993918398788,1150.40302299824,1084.57449996742,63.025148218125
91,32,16219,209.303779517849,221.398894209661,0.414900217214438,1339.51994574265,992.77883963253,65.0180035760528
91,33,13339,157.400254891671,167.403385741247,0.459429996664391,1269.99835070095,846.794662268536,49.9383012219807
91,34,5879,266.14798435108,266.14798435108,0.598558257860707,1241.12672223167,901.32182343936,53.2655213471679
91,35,12201,180.143103024342,190.274289447512,0.419618231495027,1357.53241537579,1034.56372428489,54.7272354725023
91,36,18822,188.746785676336,203.677924639604,0.458062831440316,1369.10312400383,912.050472850919,65.9504303474657
91,37,27594,214.291585127202,238.988299268979,0.467785532207173,1086.26589113575,1011.99209973183,49.4965934623469
91,38,5590,250.240966010733,301.465865191622,0.560307049244759,1131.62647584973,860.642039355993,51.5132379248658
91,39,12091,176.533371929534,187.177399153573,0.442193153467186,1382.7258291291,931.80084360268,55.9379703912001
91,40,8908,202.48394701392,224.479216898429,0.506733680226674,1324.78726986978,904.991805118994,42.2056578356533
92,1,16190,197.375108091414,212.010219056053,0.413534084800042,1282.05491043854,1113.59116738728,63.6373687461396
92,2,20973,167.223382444095,167.223382444095,0.383798883742218,1312.67329423545,1032.75792685834,46.8196252324417
92,3,21209,179.238153614032,191.154783363714,0.450154551885966,1121.09213069923,800.429346032345,57.0811447970201
92,4,27027,158.320457320457,164.382216293161,0.417137523761182,1241.33366633367,816.499426499426,59.9460169460169
92,5,15514,201.345172102617,213.506162868184,0.41595279971341,1314.13439474023,960.320033518113,57.8082377207683
92,6,17273,207.046488739651,207.046488739651,0.388722911480805,1206.96925838013,1082.10461413767,59.0423782782377
92,7,20745,236.583514099783,259.615025697789,0.459481607287932,1250.66232827187,1035.99228729814,66.802651241263
92,8,15439,217.509035559298,217.509035559298,0.397592372929447,1141.15797655289,1002.87991450223,57.9360062180193
92,9,16248,184.418266863614,197.526225755877,0.456856735098724,1267.63337026096,851.335179714426,68.2348596750369
92,10,17741,235.367679386731,269.146003729512,0.479787757616078,1221.5314807508,1073.4624880221,72.4052759145482
92,11,12491,181.395644864302,190.819067968211,0.41447378107041,1135.38339604515,914.815066848131,58.2765190937475
92,12,11511,255.248284249848,287.58408418242,0.519750836913356,1167.19007905482,1006.20154634697,72.4584310659369
92,13,11196,302.794569489103,375.774733140127,0.539301540269165,1243.26107538407,961.9640943194,71.1207574133619
92,14,31671,207.046319977266,227.651398001987,0.475661659169317,1086.43487733258,998.458116257775,49.7723153673708
92,15,12447,190.218044508717,190.218044508717,0.470394621209702,1133.01454165662,862.662890656383,54.1105487266008
92,16,11381,245.606010016694,265.062321671909,0.406446008431806,1182.43888937703,1053.96898339337,67.0085229768913
92,17,7804,213.519092772937,232.381931725223,0.443618754090409,1246.62480779088,869.672988211174,56.5067913890313
92,18,13052,225.885688017162,246.266920996387,0.419632823553308,1183.58703646951,903.053631627337,72.2247165185412
92,19,14935,240.39718781386,283.468713121386,0.533344639382905,1232.2989621694,937.079879477737,59.744760629394
92,20,14596,202.645793368046,214.00303061357,0.414344614926761,1318.6069471088,1015.76623732529,71.9029186078378
92,21,17965,197.645755635959,197.645755635959,0.384565141053384,1139.49212357362,1081.1790147509,60.3077094350125
92,22,9106,192.57687239183,192.57687239183,0.390623997497846,1182.19108280255,983.527454425653,65.6166264001757
92,23,12022,232.375894193978,260.584476821995,0.468079253305292,1092.10430876726,949.703044418566,69.8996839128265
92,24,11753,207.845996766783,232.294068793009,0.490526528646232,1070.60333531864,884.778099208713,60.9723474857483
92,25,14312,156.164128004472,165.415221296926,0.462874023815127,1261.48840134153,833.568893236445,49.9891699273337
92,26,11635,166.298409969918,176.762170221744,0.440852132022616,1311.04434894714,885.896003437903,56.4158143532445
92,27,11841,177.435351743941,190.972655069343,0.456443914812641,1375.73650874082,951.352081749852,53.9721307322017
92,28,7016,232.791049030787,232.791049030787,0.540828499283258,1124.51083238312,841.512970353478,61.8245438996579
92,29,12472,181.364336112893,192.757268924409,0.438811147743777,1339.9652822322,1042.61072803079,53.4148492623477
92,30,4136,274.115570599613,327.732606871248,0.563292688226136,1165.62306576402,916.390473887814,67.5725338491296
92,31,11722,212.039754308139,212.039754308139,0.389223294331091,1288.25439344822,1018.10023886709,58.3646988568504
92,32,17217,187.67990939188,187.67990939188,0.382247699816247,1071.63483766045,1003.23523261892,58.4454899227508
92,33,15216,170.113498948475,185.094471632504,0.483612915846548,1162.49263932702,860.363893270242,40.2532860147213
92,34,16352,204.927531800391,218.188405429076,0.424354066769801,1329.3802592955,1008.79757827789,64.2459637964775
92,35,16145,208.122143078352,208.122143078352,0.389612140944555,1216.15490864045,1014.2016104057,55.9757819758439
92,36,17538,180.379119625955,185.884759523421,0.402989065334474,1284.16307446687,916.466757897138,65.0990990990991
92,37,19245,211.916030137698,236.523425525878,0.461882566802307,1266.17542218758,896.124759677838,74.7929851909587
92,38,11466,188.052851909995,208.595049773717,0.505882579900722,1328.34205477063,893.823652537938,42.1133786848073
92,39,18311,187.298782152804,198.133025145315,0.428614864890719,1369.35819998908,939.725847851019,65.0875976189176
92,40,7814,203.138213463015,211.9468732724,0.419365898670074,1138.18172510878,962.054005630919,67.2185820322498
92,41,12082,212.737129614302,235.753455076423,0.464791716699416,1275.4471114054,1088.98725376593,54.5425426253931
93,1,19790,205.121121778676,221.884717035832,0.457273022477273,1277.33673572511,1120.17529055078,59.521778676099
93,2,11629,236.805228308539,253.978323770935,0.401188537642167,1171.33158483103,1066.88459884771,66.2184194685699
93,3,11456,244.697363826816,288.077027710498,0.512472455531515,1172.01894203911,1021.89909217877,71.7458100558659
93,4,15152,241.111602428722,257.712065887902,0.451848372337902,1226.88239176346,1096.07220168955,69.6383975712777
93,5,23319,179.060122646769,193.174628629323,0.477514945149283,1123.52656631931,799.278914190145,59.2243235130151
93,6,13860,181.797763347763,196.503733523483,0.446471123263865,1139.30151515152,913.230808080808,59.7489898989899
93,7,20289,246.086549361723,263.731959022537,0.424194817083268,1243.93420079846,1041.94967716497,65.7426684410272
93,8,7800,250.775512820513,250.775512820513,0.513387882313422,1268.11628205128,911.340128205128,61.1215384615385
93,9,15878,211.700403073435,211.700403073435,0.394402202164483,1324.65883612546,1034.25714825545,69.1107822143847
93,10,16030,191.915782907049,206.18279992837,0.464819345070556,1279.06793512165,856.547847785402,68.687835308796
93,11,11295,201.433997343958,224.286579496493,0.469330258925638,1233.45683930943,872.695440460381,57.5933598937583
93,12,11077,213.362553037826,246.025443246526,0.545289177939689,1274.52414913785,1028.22415816557,43.8945562878036
93,13,15048,208.215975544923,208.215975544923,0.367121615123363,1203.82329877725,1013.40796119086,56.2288676236045
93,14,16067,171.274786830149,185.424781653171,0.481795917615926,1141.15696769777,829.537188025145,42.1407854608826
93,15,19909,203.396604550706,226.043263134725,0.450248789808839,1135.40745391531,1080.64493445176,57.7014917876337
93,16,12018,191.933266766517,206.235642815253,0.442908412576405,1126.54285238808,859.631386253952,56.6748211016808
93,17,7980,222.006015037594,222.006015037594,0.486895599932727,1113.88684210526,844.644235588972,64.6203007518797
93,18,14847,221.254529534586,254.528568743572,0.491996217212894,1098.77759816798,959.981006263892,70.9628207718731
93,20,13128,225.982251675807,225.982251675807,0.394439549178884,1272.23636502133,1011.73651736746,57.5805149299208
93,21,15943,207.689581634573,207.689581634573,0.379454065630822,1197.96029605469,1080.93564573794,57.0040143009471
93,22,12940,205.128670788253,233.94254199813,0.488027289030899,1064.59304482226,889.429598145286,61.8375579598145
93,23,16039,214.900305505331,231.926597410773,0.428866676765772,1322.73034478459,1020.34079431386,62.7707463058794
93,24,12231,188.404627585643,204.524483580768,0.473039168350108,1369.95233423269,949.316981440602,52.3043904831984
93,25,14049,212.990319595701,227.18989625783,0.437036382194708,1310.95430279735,957.771727525091,57.9569364367571
93,26,10930,183.736413540714,200.461423295802,0.456847452501694,1328.00649588289,1038.70375114364,50.7239707227813
93,27,20629,248.239129380969,291.553431564976,0.54042689707216,1086.54035580978,984.260797905861,50.4153376314896
93,28,18857,198.789945378374,212.913677453806,0.443524857103762,1375.8679005144,955.718300896219,62.6417245585194
93,29,10473,343.676024061873,343.676024061873,0.580331668153112,1256.56449918839,972.836627518381,71.7200420127948
93,30,12339,190.550611881028,190.550611881028,0.519643026691759,1224.8841883459,814.830132101467,61.3151795121161
93,31,13001,231.116914083532,243.238198751871,0.407082487421814,1124.4727328667,1005.26282593647,57.686254903469
93,32,16927,155.044189756011,167.49994397621,0.507630785959151,1246.62657293082,809.832338866899,50.9465351214037
93,33,20101,188.422018805035,194.728099360711,0.403655400329604,1288.78777175265,930.299388090145,65.3289388587633
93,34,11961,194.811470612825,214.213046117198,0.485180579980663,1316.4097483488,877.400969818577,41.2966307164953
93,35,12511,170.236511869555,183.152307153981,0.462580280597299,1311.85532731197,877.4161937495,56.1433938134442
93,36,17441,179.866578751218,190.389313915981,0.426682908541761,1059.11318158362,1002.01416203199,57.8531620893297
93,37,9983,186.077631974356,195.511640297965,0.42712769919288,1182.56375838926,987.286687368526,66.4963437844335
93,38,18867,219.16918429003,242.04334225083,0.488448807106628,1279.14533312132,906.263846928499,73.9647002703132
93,39,6820,252.777565982405,279.877313632979,0.501942150301464,1179.49428152493,984.1642228739,59.9067448680352
93,40,11135,242.22343960485,293.258448821997,0.564848857874793,1254.32357431522,1071.17871576111,51.5894027840144
93,41,6975,205.256774193548,205.256774193548,0.357910381278142,1125.46422939068,961.908100358423,66.7281720430108
93,148,8177,251.68802739391,275.880315530694,0.466369338888922,1173.69548734255,929.144307203131,70.1035832212303
93,149,9231,215.210703065757,235.781712654455,0.459642914393256,1188.51847037157,900.692124363558,73.9774672299859
94,1,15282,230.762400209397,249.213595717189,0.426985974230653,1221.27718884963,1115.1989922785,66.9784714042665
94,2,13756,268.883396336144,321.286862449754,0.533039866669665,1096.52595231172,960.043035766211,49.382960162838
94,3,13963,221.393969777268,258.889700053002,0.540514819882499,1253.58160853685,1131.24572083363,56.6911122251665
94,4,22150,179.960767494357,194.500273131397,0.466829745919096,1141.13295711061,801.282934537246,61.7755756207675
94,5,14340,240.877126917713,259.03749532408,0.4184177308594,1162.14456066946,1080.08891213389,64.0485355648536
94,6,12072,186.573475811796,198.690129570917,0.418309711214272,1142.38858515573,913.216368455931,60.4891484426773
94,8,9718,220.753344309529,256.660181870729,0.506191516998237,1178.5162584894,948.773924675859,70.7486108252727
94,9,9615,226.320644825793,256.129321054339,0.495640043076309,1165.40728029121,1036.87041081643,71.1377015080603
94,10,16605,197.026317374285,197.026317374285,0.390396707029028,1189.03510990665,999.948569707919,56.3214694369166
94,11,18779,147.908035571649,147.908035571649,0.498506281829177,1252.67628734224,795.811970818467,52.0845625432664
94,12,21875,232.578057142857,232.578057142857,0.382806599673338,1234.51254857143,1052.31675428571,64.7774628571429
94,13,8931,214.799462546187,214.799462546187,0.480009008625261,1120.4290672937,854.666554697122,65.7992386070989
94,14,12457,190.923175724492,204.871973269602,0.423601641480562,1142.5400979369,862.053223087421,57.6573813919884
94,15,13993,213.522189666262,227.819499544472,0.41194761129507,1262.11834488673,1014.82133924105,57.347245051097
94,16,12397,180.251754456723,192.298645919018,0.44573800367502,1371.12930547713,958.588448818262,51.7080745341615
94,17,18691,191.246054250709,203.586341915541,0.431607621141573,1373.54015301482,982.642234230378,62.0140709432347
94,18,16765,188.712675216224,204.381620997065,0.454992109811972,1297.58186698479,873.356456904265,68.8758127050403
94,19,18654,206.120992816554,225.879595207213,0.450792644226048,1121.26085558057,1069.72150745148,55.5774632786534
94,20,14886,207.325876662636,207.325876662636,0.357179094934923,1318.87760311702,1067.12071745264,67.0360069864302
94,21,14089,207.496202711335,221.109403453121,0.423232456610713,1313.83661012137,1035.96791823408,61.4623465114628
94,22,14727,185.827527670266,205.735582881713,0.470943266714815,1250.09282270659,822.384192299857,61.9476471786515
94,23,11177,169.704661358146,177.104437886859,0.411617928646976,1316.39679699383,1042.37335599893,47.9600966270019
94,24,14265,210.660848229933,218.175207747203,0.401407484248703,1311.76480897301,973.747704171048,58.4920434630214
94,25,11339,199.615839139254,218.206617697315,0.452085863366771,1218.63938618926,883.150189611077,59.3697856953876
94,26,16119,197.79136422855,197.79136422855,0.388489590289214,1184.22029902599,1066.73013214219,55.5265214963707
94,27,12358,243.536009062955,259.789695332729,0.4209425150089,1112.08625991261,995.627852403302,57.6184657711604
94,28,13777,199.932496189301,217.666780874796,0.461021194326943,1194.56783044204,902.417797778907,73.0884808013356
94,29,11824,214.405192828146,239.747652924247,0.493199639283229,1069.3774526387,892.399272665765,63.0014377537212
94,30,14712,180.852841218053,190.014893870828,0.429900994925987,1056.07877922784,994.014342033714,57.0706905927134
94,31,10574,242.41280499338,295.365320872018,0.59105475419088,1247.86031776054,1008.40599583885,43.3196519765462
94,32,12135,164.887433044911,174.862608168806,0.451736388763399,1317.14915533581,882.425957972806,55.696332921302
94,33,18072,164.773572377158,178.233880510541,0.492294486879949,1125.63097609562,818.712317397078,44.1852589641434
94,34,12389,184.102671724917,201.78381361086,0.485902339472043,1314.43296472677,879.41617563968,40.9801436758415
94,35,12251,221.759937964248,253.03528900013,0.481976306391793,1274.52640600767,926.384621663538,64.3279732266754
94,36,6727,250.899658094247,265.835981555772,0.414688841868615,1161.16872305634,976.95302512264,60.9400921658986
94,37,7372,207.764107433532,207.764107433532,0.372755317506065,1165.35689093869,996.390938686924,66.8355941399892
94,38,9215,210.501790558871,229.456186006819,0.469469181133598,1279.08236570808,912.625610417797,59.1138361367336
94,39,18576,220.994724375538,245.838369769404,0.490597445827685,1291.20903316107,930.310239018088,74.0313845822567
94,40,5067,225.469903295836,259.249357005513,0.555760105986295,1279.26721926189,1072.74146437734,53.7742253799092
94,41,5568,211.658584770115,240.182440378116,0.505374931478544,1196.98527298851,1031.66594827586,49.1537356321839
94,42,7722,384.207070707071,477.896762013689,0.539349651284611,1263.98886298886,997.456099456099,71.9335664335664
94,150,11187,201.036470903728,210.586470251403,0.414642538886977,1119.17922588719,963.239206221507,67.8154107446143
94,151,11481,249.687570769097,271.703515934083,0.429674240795141,1110.29727375664,967.384025781726,72.6948872049473
95,2,18882,202.643681813367,202.643681813367,0.336246952570905,1228.19182290012,1086.59024467747,70.2780955407266
95,3,14107,220.378677252428,241.099885083235,0.461170573757751,1164.22591621181,1007.25724817467,61.8310058836039
95,4,23302,184.234100077247,197.058081059539,0.461122793412499,1351.08849025835,868.800789631791,54.8066689554545
95,5,14999,237.525768384559,237.525768384559,0.47586847841059,1104.9801320088,899.96919794653,67.0699379958664
95,6,17520,200.797773972603,216.773752341637,0.455963109189178,1081.07003424658,893.494406392694,59.0605593607306
95,7,14938,228.820457892623,250.395481129487,0.400282729089492,1220.59961172848,1040.83377962244,63.6496853661802
95,8,6668,282.700359928014,282.700359928014,0.583216060961541,1238.71640671866,922.805038992202,73.4776544691062
95,9,14843,180.100114532103,199.650120003926,0.510225907995404,1254.81277369804,796.380987670956,55.1732803341643
95,10,21222,156.794552822543,166.594005335052,0.467811939545983,1134.12289133918,825.738903025163,54.3980303458675
95,11,9796,269.659759085341,291.774108028595,0.422645635754114,1302.8458554512,989.450694160882,74.6659861167824
95,12,17043,230.540867218213,230.540867218213,0.399143934907336,1094.35111189345,955.754327289796,59.5750748107728
95,13,14799,182.516115953781,196.908908636662,0.452519603423396,1231.43969187107,1131.93702277181,60.9305358470167
95,14,7249,226.605048972272,226.605048972272,0.577137681409368,1112.2135466961,1002.78603945372,48.9188853634984
95,15,16287,215.650580217351,227.16442860944,0.42109281785582,1172.75188800884,947.272732854424,59.3153435255111
95,16,10584,192.89559712774,192.89559712774,0.517892277578089,1237.41052532124,1122.35742630385,46.026455026455
95,17,11980,201.628213689482,218.996695158473,0.456152474288285,1281.099081803,1009.96994991653,60.8182804674457
95,18,16065,192.151945222533,208.705256049545,0.461997004532839,1109.95381263617,1106.20541549953,58.0579520697168
95,19,9563,202.952943636934,222.721247320848,0.478778073139137,1298.63275122869,842.294363693402,58.2095576701872
95,20,15049,223.102797528075,245.795528803103,0.447449810074987,1343.92830088378,994.19243803575,67.6415708684962
95,21,11940,199.345058626466,216.059667129499,0.457000013896258,1321.81909547739,888.262981574539,68.0393634840871
95,22,6235,324.87056936648,324.87056936648,0.608564167954806,1246.60192461909,981.401924619086,74.7395348837209
95,23,18915,212.683055775839,212.683055775839,0.592395260841544,1354.56880782448,975.678826328311,57.0026962727994
95,24,9941,309.952016899708,358.73212033067,0.504689328267033,1156.75062870939,1021.67347349361,74.9455789156021
95,25,10607,220.732440840954,243.731075430153,0.440489708600347,1280.56962383332,937.979164702555,58.6845479400396
95,26,12266,195.207565628567,206.649154381836,0.437603225409925,1291.15571498451,1061.92540355454,58.0604108918963
95,27,11704,194.299641148325,203.97303746991,0.431167187718396,1283.02127477785,899.323222829802,52.1573820915926
95,28,11673,213.126702647134,228.432060012971,0.420267120676025,1157.97130129358,869.85719181016,57.7195236871413
95,29,10065,212.828812717337,236.306631913676,0.485805197646807,1259.1085941381,879.669846000994,68.753303527074
95,30,11639,207.586992009623,227.032924026076,0.468583866061862,1165.35080333362,876.870693358536,72.0526677549618
95,31,12445,182.471755725191,193.644635830178,0.433010980305075,1243.4284451587,880.089272800321,57.628284451587
95,32,8818,301.616126105693,364.812365931532,0.560272801047845,1170.92413245634,944.541052392833,68.6939215241551
95,33,11753,194.62247936697,194.62247936697,0.38385033722812,1197.01318812218,894.697183697779,67.2460648345103
95,34,12710,168.411172305271,179.215260412761,0.445505926138974,1344.55499606609,1004.00472069237,47.8067663257278
95,35,7341,244.650592562321,244.650592562321,0.608973728716966,1210.17599782046,881.402806157199,49.7227898106525
95,36,8087,214.503153208854,225.937164375042,0.436139741316218,1115.09645109435,1056.34289600594,61.7256090021021
95,37,5921,314.949332882959,314.949332882959,0.568094735770136,1131.25637561223,935.65377470022,49.5698361763216
95,38,10645,203.059746359793,220.733306841842,0.461170870252098,1087.13057773603,1001.67750117426,55.5576326914044
95,39,6937,218.658209600692,218.658209600692,0.584435208338378,1128.2668300418,1098.71615972322,52.8525299120657
95,40,7774,227.51041934654,227.51041934654,0.389443236926447,1193.48713660921,898.731026498585,60.8771546179573
95,41,19576,255.161881896199,294.720009272768,0.5000344936688,1091.38899673069,953.941050265631,72.4568859828361
95,42,13396,282.45894296805,352.13074637714,0.556684827586076,1071.02567930726,1009.84525231412,66.0434458047178
95,44,17175,170.481164483261,182.075015669713,0.461908850166971,1238.84430858806,912.03557496361,39.5025327510917
95,45,17481,221.645100394714,234.409583824161,0.427244133657588,1169.15182197815,1036.21131514215,68.4316686688405
95,46,10473,274.928864699704,274.928864699704,0.542616958019357,1273.57481141984,968.466055571469,66.5144657691206
95,152,14014,174.672613101185,185.190072636554,0.441203013256988,1216.49657485372,830.362780077066,63.3611388611389
95,153,13287,190.329570256642,208.570929855989,0.461282180566012,1233.60969368556,812.350267178445,68.3966282832844
96,1,18024,155.59143364403,163.263200904373,0.457149750160233,1144.46965157568,818.751442521083,54.2098868175766
96,2,18805,195.437915448019,208.327252394261,0.457917553004592,1088.50103695826,878.200319064079,59.6756713639989
96,3,19921,193.68169268611,193.68169268611,0.375410531496734,1228.52140956779,1088.66477586467,69.6482104312033
96,4,14984,235.110384410037,261.99566976275,0.460767505704642,1117.80585958356,895.664442071543,66.4634276561666
96,5,12537,341.630294328787,413.689127698002,0.551979872570069,1159.30725053841,945.908271516312,69.5166307729122
96,6,13314,205.602824094938,220.164287368395,0.43291252461079,1167.15171999399,870.67485353763,55.9024335286165
96,7,15827,173.939407341884,190.981567833789,0.508040836748039,1275.49883111139,798.244897959184,55.7161812093258
96,8,8245,255.773317161916,255.773317161916,0.548804166829118,1243.62801697999,910.311825348696,73.7530624620982
96,9,12101,205.253450128089,205.253450128089,0.469646630186884,1241.53144368234,1114.86488719941,45.9182712172548
96,10,12536,172.614151244416,181.584864093361,0.426432785519442,1221.58591257179,840.426611359285,63.6044192724952
96,11,14438,185.496952486494,203.995410659515,0.484686284860372,1253.28861338135,822.952278708962,68.4873943759523
96,12,9447,206.747327193818,177.180232854066,0.574974948282945,1334.27236159627,989.952895098973,50.651529586112
96,13,11504,204.602312239221,217.695601472832,0.423990891217178,1271.00799721836,949.480180806676,58.6841968011127
96,14,12475,229.651783567134,229.651783567134,0.376605846973021,1155.33154308617,1003.76160320641,61.4896993987976
96,15,12067,192.619375155382,205.103839161604,0.431631381232455,1328.42960139223,906.130106903124,67.4480815447087
96,16,10919,207.934609396465,230.958367767292,0.465965823705977,1173.62551515707,869.015386024361,71.8080410293983
96,17,8474,273.60125088506,305.934061681386,0.460890334230244,1265.49386358272,983.526551805523,66.1936511682794
96,18,17665,226.956694027738,226.956694027738,0.370755161524702,1090.24528729125,944.587432776677,59.7329748089442
96,19,14166,216.414443032613,233.760428947451,0.437658087537812,1342.54553155443,1009.63624170549,67.4028660172243
96,20,10574,203.645072820125,228.834356801095,0.465906076043992,1268.18630603367,886.234064686968,68.4808965386798
96,21,7816,267.952149437052,316.784609881564,0.505283376850537,1255.1983111566,1007.6201381781,75.4582906857728
96,22,13142,177.742352762137,189.276413768106,0.453102283627463,1242.81547709633,1125.24729873687,60.9039719981738
96,23,10225,202.398337408313,217.220518638087,0.433261946999184,1098.69936430318,1045.14454767726,62.280391198044
96,24,9284,229.538560965101,256.642480528075,0.482655044222474,1100.45389918139,903.271973287376,48.3745152951314
96,25,15557,213.492511409655,229.7374504028,0.430490078762624,1169.52040881918,949.048145529344,58.711448222665
96,26,15820,193.794500632111,210.589032145966,0.457600808564905,1119.41371681416,1100.55158027813,58.8169405815424
96,27,8665,203.294979803808,217.758808539726,0.43819955867491,1293.42319676861,854.47974610502,58.8543566070398
96,28,12378,192.023509452254,201.735196032256,0.431204724183023,1286.73719502343,919.742931006625,51.4339150105025
96,29,10629,179.85398438235,186.496184035914,0.400005666829198,1242.58208674381,883.885784175369,57.4805720199454
96,30,13840,185.155924855491,194.611668119498,0.418005719854468,1294.60137283237,1061.13981213873,57.3265895953757
96,31,11919,194.535531504321,213.451909150792,0.469557466019475,1281.14875409011,1028.57227955365,61.0581424616159
96,32,16669,232.008998740176,255.224156649255,0.449007755744411,1306.33997240386,971.201751754754,74.5691403203551
96,33,8924,214.16965486329,242.985782436821,0.450287267461742,1090.4031824294,1022.59670551322,46.6387270282385
96,34,11314,185.854693300336,200.822390220309,0.45196675261223,1071.73740498497,1004.64919568676,55.113929644688
96,35,12861,185.162118031257,195.040610858225,0.419963587661438,1206.04128761372,902.253557266154,66.8203094627167
96,36,21015,251.4,301.063291878978,0.525060332554733,1094.17801570307,946.558315488937,72.3017844396859
96,37,10968,201.154722830051,227.854537761625,0.497984945948378,1226.41028446389,855.990426695842,49.6204412837345
96,38,4096,360.61572265625,394.681993542941,0.531726873009043,1117.45874023438,1015.1630859375,70.010498046875
96,39,12048,228.232154714475,248.909801505054,0.417803191170868,1216.85906374502,1040.864624834,62.4719455511288
96,40,4835,253.06949327818,308.142929217335,0.586688755173664,1169.3056876939,1060.02812823164,64.8637021716649
96,41,12826,220.048417277405,247.484761159551,0.490614008347577,1339.15102136286,881.014033993451,54.2850460003119
96,42,9555,289.423861852433,350.298290081641,0.533113287992857,1170.72443746729,1022.26677132391,73.9113553113553
96,43,16076,176.571224185121,186.732859063108,0.445005965437773,1231.71634735009,905.883553122667,39.8365887036576
96,44,9514,214.281269707799,223.230251178791,0.409306364286606,1190.83540046248,901.078620979609,60.4519655244902
96,45,8936,197.69897045658,197.69897045658,0.523220506478727,1130.73892121755,1116.5907564906,52.6070948970457
96,46,5112,242.286776212833,279.87442401329,0.550974603998264,1343.37715179969,984.468505477308,61.6242175273865
96,47,4582,322.698384984723,390.472754560042,0.591370857521552,1066.66368398079,977.660846791794,62.2134439109559
96,48,9025,176.94648199446,188.17382189106,0.427474842398254,1327.34271468144,1010.60476454294,46.2349030470914
97,1,11579,264.938595733656,305.12784670527,0.50152103918553,1354.22549442957,928.544865705156,56.1122722169445
97,2,13503,233.943049692661,256.306898081791,0.437243644856918,1120.46078649189,872.919055024809,65.5306968821743
97,3,19266,200.564258278833,211.617509775862,0.418929282320087,1196.85409529742,1080.06482923285,69.612426035503
97,4,22222,153.182431824318,162.403353488728,0.482018602927905,1183.94149941499,798.437404374044,54.0363153631536
97,5,18470,185.0770438549,197.012052481206,0.447321831717303,1108.64217650244,841.613210611803,59.5076881429345
97,6,13534,335.859021723068,402.924914498608,0.567904125533637,1149.27353332348,928.841953598345,69.4568494162849
97,7,15330,199.028701891716,224.366899750588,0.501816772286583,1098.68395303327,1074.28147423353,58.2207436399217
97,8,16155,189.953574744661,207.854019440703,0.492414281820728,1221.11587743733,1122.40043330238,60.5109254100898
97,9,13101,202.456072055568,228.052895558209,0.483264226425251,1261.58285627051,849.497977253645,49.4869093962293
97,10,7927,272.592279550902,298.545357837679,0.446234216850953,1240.18619906648,1019.69812034818,74.5969471426769
97,11,11713,190.287116878682,208.461783410801,0.468916054949514,1326.25808930248,1027.79911209767,46.0897293605396
97,12,13157,190.446606369233,203.796016851448,0.430446956335011,1285.67538192597,1067.56654252489,56.4800486433077
97,13,11428,226.541739586979,239.602763078697,0.426981722951734,1141.95476023801,981.488974448722,61.4525726286314
97,14,11693,209.465235611049,233.889948220904,0.480514598191009,1116.63781749765,877.663730437014,48.2427948345164
97,15,16927,200.934365215336,217.419661990873,0.444848740682079,1185.22461156732,858.385242511963,54.4231700832989
97,16,13550,194.39963099631,194.39963099631,0.478142385350655,1270.24929889299,833.270627306273,69.4110701107011
97,17,11222,188.928889680984,188.928889680984,0.382801952320819,1200.58893245411,883.475851006951,66.5947246480128
97,18,14475,212.005941278066,241.785541832378,0.501947954729865,1222.59219343696,1117.42369602763,46.0028324697755
97,19,9759,243.974075212624,285.195550779911,0.517753737723298,1237.22727738498,917.20862793319,73.722000204939
97,20,6688,237.443929425837,237.443929425837,0.569803761646206,1224.50837320574,933.027063397129,65.9617224880383
97,21,10004,200.276889244302,234.905066224134,0.563068301194316,1335.35915633747,1006.72361055578,63.3613554578169
97,22,12144,201.981389986825,217.078489739562,0.433579922387671,1332.06941699605,925.205862977602,68.5634881422925
97,23,11681,178.326769968325,188.163324732498,0.426624014316845,1243.18688468453,841.386353908056,62.7996746853865
97,24,14293,217.617854894004,217.617854894004,0.360209223096407,1329.38144546281,1034.76680892745,69.9780312040859
97,25,18524,215.361315050745,227.413769590871,0.413591152079485,1090.66783632045,909.496599006694,58.2946447851436
97,26,10298,210.681297339289,235.232719113215,0.471962805981307,1313.44387259662,886.507282967567,60.1944066809089
97,27,11956,212.289478086317,234.441602481256,0.468319315424619,1275.68768819003,962.337487453998,59.7730010036802
97,28,13901,193.245162218545,216.875031260393,0.507249039280998,1318.55621897705,823.922235810373,57.1626501690526
97,29,12204,202.079646017699,202.079646017699,0.471125860852946,1183.17789249426,857.342510652245,71.9437069813176
97,30,18251,213.946249520574,227.016431426395,0.422906876972521,1169.38299271273,931.660018629116,58.4289080050408
97,31,8799,219.092851460393,234.771035090904,0.435048464838835,1269.91021707012,890.61075122173,68.6814410728492
97,32,10287,184.797608632254,196.781064417089,0.420333422825433,1067.95090891416,975.425391270536,54.4564984932439
97,33,11279,201.300026598103,214.072530439698,0.44376530791659,1265.06534267222,1033.10798829683,61.2087951059491
97,34,8271,188.193326079071,188.193326079071,0.490895934362593,1118.96638858663,1108.04485551928,52.1344456534881
97,35,7247,210.341658617359,233.899397525755,0.49863253320129,1050.43894025114,944.802814957914,60.879260383607
97,36,10681,189.634678400899,199.902914272947,0.405316743055486,1257.53187903754,891.726898230503,58.0823892893924
97,37,11492,203.967890706578,221.039346106992,0.449343958948818,1293.85563870519,928.545422902889,52.1926557605291
97,38,10144,217.241029179811,232.729391579589,0.433984346320022,1197.26932176656,880.670741324921,59.8127957413249
97,39,9871,208.771654340999,230.497335566806,0.513626417346589,1321.87741870125,984.892310809442,52.4722925742073
97,40,18058,241.10709934655,273.655770785414,0.486435996154961,1291.30352198472,979.622992579466,75.3493188614464
97,41,10028,204.682389309932,218.260686176422,0.440707788663062,1079.61717191863,1006.7467092142,62.1222576785002
97,42,6639,262.497815936135,294.598279185917,0.47424076673716,1092.27022141889,987.320379575237,69.0097906311191
97,43,6562,286.732093873819,336.542575150174,0.535622526858075,1162.90536421823,1032.73270344407,66.2380371837854
97,44,14390,226.924878387769,245.316520054966,0.455840734926606,1208.06011118833,1016.78346073662,62.3264767199444
97,45,4419,312.231952930527,398.649919840947,0.581533357582476,1204.45417515275,986.8970355284,75.1280832767595
97,46,5228,321.358454475899,392.411840924333,0.599590062638105,1120.019510329,1030.79514154552,70.382364192808
97,47,10773,189.039450478047,202.947210849349,0.424201309665516,1084.28571428571,1003.98960363873,46.2284414740555
97,48,17298,181.62215285004,195.093184686211,0.470199160420725,1264.35402936756,907.745982194473,39.9137472540178
97,49,5491,270.56328537607,320.292432189564,0.552516286335579,1278.84847932981,1031.99052995811,66.3669641231105
97,50,20776,233.452830188679,265.188764653535,0.504659161437065,1084.44946091644,923.511262995764,71.0585772044667
98,1,24579,151.940640384068,161.491710123184,0.478124436317571,1213.36339965011,788.673501769803,54.8019854347207
98,2,14859,262.739147991117,288.558934557131,0.461449225098149,1084.99986540144,893.601857460125,69.5195504408103
98,5,10291,215.63093965601,230.594218154479,0.420081021806784,1277.86114080264,971.133514721601,59.6666990574288
98,6,13710,193.913347921225,212.799326599618,0.491742429306788,1275.95754923414,847.780525164114,49.8949671772429
98,7,16626,188.206183086732,202.772066019031,0.466888948893093,1206.74846625767,1121.33044628895,60.2058222061831
98,8,7113,323.845072402643,380.711181605788,0.593179032062768,1130.35034443976,919.408547729509,73.0582032897512
98,9,13559,231.910170366546,257.36055943605,0.439954141809491,1143.49362047349,876.759200531013,66.2861567962239
98,10,11409,255.40766061881,274.282698024379,0.446760545140506,1221.33526163555,1020.7256551845,73.3430624945219
98,11,12460,225.746308186196,225.746308186196,0.347568421468735,1311.03138041734,1045.0532905297,70.6966292134831
98,12,22470,191.399421450823,202.221400100006,0.412467127767172,1173.5445482866,1079.37187360926,69.1021361815754
98,13,20075,177.599252801993,187.431666922023,0.452034758772362,1127.3303611457,827.430386052304,60.0339227895392
98,14,9689,249.531633811539,277.10940136809,0.426211150114256,1239.36474352358,922.913510166168,72.6348436371143
98,15,6540,209.622018348624,225.886583414215,0.460354933203718,1249.84021406728,935.902599388379,64.6655963302752
98,16,18073,208.3050406684,219.966283262236,0.413441020922337,1171.63204780612,914.926022243125,57.8229402976816
98,17,9271,218.577499730342,233.053052937458,0.425025292218445,1276.25865602416,897.154891597454,68.3632833567037
98,18,12858,201.052107637269,220.209284346095,0.486646445395832,1132.5638512988,855.866775548297,48.9438481878986
98,19,8463,196.818622237977,216.551514908722,0.457841696602784,1339.75008862106,1038.61739335933,63.7499704596479
98,20,13384,207.740212193664,235.238848548375,0.49691554792041,1205.99932755529,1113.14756425583,45.2990884638374
98,21,12552,194.74131612492,205.692595740101,0.417798039060657,1335.65129063098,943.569710006373,68.7433875079669
98,22,15263,199.190526108891,216.945986009984,0.466887850215621,1084.47801873812,1059.38635916923,57.5918888816091
98,23,11862,194.142977575451,205.482675564563,0.415337885672348,1301.68192547631,932.507250042151,53.3028157140448
98,24,11492,186.152018795684,194.85624380949,0.409842718422121,1270.19256874347,891.016968325792,58.1543682561782
98,25,17170,215.574199184624,215.574199184624,0.380183846768539,1097.57617938264,897.270588235294,58.0168899242865
98,26,6846,258.89424481449,258.89424481449,0.454401814480577,1086.59611451943,970.962605901256,69.473853345019
98,27,15075,223.057180762852,236.968430341007,0.429056541255685,1204.78945273632,1008.6488225539,62.2551907131012
98,28,14704,184.125952121872,201.049685530109,0.471121797453751,1276.81284004353,1080.10616158868,55.9685119695321
98,29,13047,193.798421092972,212.697319097218,0.453366801130937,1291.28565953859,839.687284433203,69.4724457729746
98,30,8446,233.388823111532,265.238290369015,0.521325090820253,1120.22069618754,1031.26201752309,71.3381482358513
98,31,8191,290.311073129044,303.428217730764,0.428885021423783,1152.13099743621,1002.38139421316,66.8418996459529
98,32,7849,289.809657281182,289.809657281182,0.605610279119858,1171.39686584278,951.10370747866,64.4238756529494
98,33,6451,241.812122151604,241.812122151604,0.600256477215569,1355.66330801426,894.032553092544,54.8439001705162
98,34,11288,187.838678242381,197.8436529976,0.422443560691393,1065.4432140326,955.924521615875,53.9409107016301
98,35,14334,186.537184317009,206.939630649752,0.508741877198238,1343.42737547091,837.986116924794,58.1965955071857
98,36,12411,188.588751913625,188.588751913625,0.393567026176728,1211.16396744823,876.934171299653,66.820723551688
98,37,13152,216.627737226277,232.551474876827,0.438891163916598,1134.04151459854,973.917274939173,60.549346107056
98,38,9672,211.218569065343,230.468495964477,0.458318658476708,1324.79383788255,905.861662531017,61.127688172043
98,39,11551,205.444117392434,225.269888006732,0.466728779061829,1197.62834386633,866.035581334949,72.5074019565406
98,40,12129,175.972792480831,185.58242902658,0.43680575010441,1258.40192926045,838.386511666254,63.5006183527084
98,41,11229,182.31988600944,199.02508390799,0.439117422351066,1321.66399501291,1032.66969454092,45.5663905957788
98,42,8665,186.626774379688,186.626774379688,0.456946131857459,1106.68274668205,1095.47916907098,50.0387766878246
98,43,5649,292.254381306426,292.254381306426,0.609747656483043,1346.1658700655,1001.65161975571,59.2625243405913
98,44,20224,227.526700949367,252.476138840799,0.490758295159772,1281.56719738924,987.865110759494,75.4645470727848
98,45,8026,214.306005482183,233.598300862932,0.486643238849314,1054.65262895589,921.965860951906,62.028033889858
98,46,9888,201.109021035599,216.506273598978,0.431007924217904,1070.95398462783,984.340210355987,62.2423139158576
98,47,6064,244.362137203166,276.434968440234,0.485440955534376,1200.31612796834,970.910290237467,75.3402044854881
98,48,11791,177.582478161309,187.504031748858,0.444243069283762,1076.51836146213,983.044016622848,45.9207870409634
98,49,10737,179.667039210208,195.621162999579,0.459224091886977,1326.54810468474,994.068361739778,52.7145385116886
98,50,16468,175.533823172213,185.435394892206,0.453448636164658,1274.17719213019,906.580823415108,39.9871872722856
98,154,13858,208.25674700534,223.001372808425,0.415896188629544,1211.95259056141,844.091066531967,55.3851205080098
98,155,12264,206.852821265493,222.438638798013,0.420352963776703,1215.50448467058,873.091405740378,60.3736953685584
98,156,10436,227.706017631276,241.554906551303,0.418199634352967,1259.39785358375,1046.98639325412,62.1860866232273
98,157,8374,215.569739670408,230.942334089666,0.452123536677549,1270.38750895629,1046.92166228803,66.3435634105565
99,1,19922,151.741240839273,160.653222086949,0.466816760423915,1161.62052002811,795.576548539303,54.0939162734665
99,2,10650,230.216431924883,249.631651931255,0.438920819461263,1229.7482629108,999.551549295775,73.6531455399061
99,3,15673,197.739360683979,216.06270084963,0.463130536851119,1125.64690869648,1090.53327378294,58.6606903592165
99,4,14403,221.564465736305,228.09467104397,0.403626641250429,1149.6303547872,978.786016802055,61.637089495244
99,5,14923,176.793071098305,193.977104042859,0.495636544087124,1301.30288815922,798.744153320378,57.8848756952355
99,6,17082,215.352066502751,228.35505755879,0.418387483187031,1216.7054209109,991.891171993912,64.003395386957
99,8,18703,205.322301235096,216.833578184384,0.429641239351936,1167.36587713201,922.48885205582,57.8758487943111
99,9,14255,182.827779726412,182.827779726412,0.463250115824752,1260.81150473518,808.931673097159,68.2271483689933
99,10,16548,229.353819192652,235.148064073731,0.402201984791558,1094.04314720812,937.846809282088,58.4894851341552
99,11,12121,230.812804224074,230.812804224074,0.556632993336443,1113.95701674779,865.922118637076,58.6698292220114
99,12,9966,212.885109371864,230.217080165987,0.454471375040955,1145.79670880995,1043.09090909091,73.3747742323901
99,13,15901,202.415256902082,202.415256902082,0.535040027894752,1257.65819759764,1124.62511791711,46.6070687378152
99,14,9701,231.832800742192,261.896714399853,0.463473016000268,1231.59849500052,905.064529429956,72.3835687042573
99,15,13560,202.177876106195,222.29180052418,0.47062741019078,1112.50995575221,890.867699115044,48.3107669616519
99,16,14239,187.823021279584,205.250215843049,0.47834408551706,1249.54477140249,834.742257180982,48.7841842826041
99,17,14000,192.055714285714,202.837640273856,0.418433762402325,1320.38642857143,914.865785714286,53.287
99,18,15037,174.756001862074,184.082661752542,0.423075726265274,1263.35445900113,1114.60530690962,61.8680587883221
99,19,9241,191.295097933124,191.295097933124,0.508337025686455,1342.15690942539,848.56292609025,54.9345308949248
99,20,16452,193.906576707999,212.56795322203,0.428154332996431,1192.73857281789,850.75686846584,54.0707512764406
99,21,12097,170.231297015789,177.931601574068,0.421645138065417,1232.78680664628,825.010085145077,62.4412664296933
99,22,8513,256.05168565723,256.05168565723,0.454396020926657,1184.54962997768,936.994009162457,64.3586279807353
99,23,12821,197.683878012636,211.15170953008,0.428425140791098,1196.60283909211,872.727010373606,60.2717416738164
99,24,11717,177.906460698131,185.527885978843,0.410833736488373,1076.38712981139,1002.66569941111,54.3773150123752
99,25,13662,239.453886693017,261.387898602406,0.449740472785597,1130.61557605036,892.01976284585,66.1970428926951
99,26,9584,190.998643572621,198.279005815743,0.405622119318164,1346.61216611018,999.75438230384,65.7681552587646
99,27,9390,275.760702875399,331.95196086157,0.517710082946636,1120.39382321619,930.072949946752,72.8674121405751
99,28,10654,199.069175896377,217.361043388606,0.434820074506145,1266.76703585508,866.358738501971,67.7324948376197
99,29,7537,237.234708770068,267.536680376205,0.493204543140036,1347.14607934191,952.523683163062,60.5267347751095
99,30,13128,179.014625228519,189.092436985914,0.416135081519577,1263.21259902498,877.280088360756,57.3538238878732
99,31,10833,208.488876580818,225.972517373129,0.436971524597938,1287.40690482784,943.198467645158,60.4871226806979
99,32,14271,278.740242449723,310.853874035699,0.473647797566833,1071.8566323313,917.843178473828,68.7749281760213
99,33,21861,216.939618498696,242.582582361491,0.505667184837755,1280.87598920452,949.734092676456,76.0509583276154
99,34,13721,183.303840827928,195.185104403884,0.440647883658745,1316.14663654253,1057.5407769113,58.0530573573355
99,35,10848,200.700313421829,218.267837117674,0.44599496146341,1320.56176253687,875.354627581121,61.1135693215339
99,36,13079,206.810153681474,206.810153681474,0.393972663400211,1319.89104671611,1007.85212936769,72.0803578255218
99,37,7522,197.213507045998,204.063765544952,0.408336497152123,1250.56952938048,915.2704068067,64.8415315075778
99,38,6966,224.076801607809,245.56220396301,0.461582903189185,1191.73901808786,955.799167384439,75.6665231122595
99,39,8432,228.756048387097,271.614656446807,0.581727977173384,1198.00806451613,1060.48754743833,69.7552182163188
99,40,12132,204.407022749753,226.651849709991,0.440940996363831,1178.21884272997,866.396884272997,72.6795252225519
99,41,12280,188.570846905537,198.948572976313,0.428161999607092,1334.6503257329,898.602280130293,68.7307003257329
99,42,12917,175.963071920725,187.312304000292,0.433327098513366,1352.03576681892,1006.6829759232,46.7620190446698
99,43,11690,182.659794696322,202.534944931536,0.504368434875326,1163.8996578272,1134.35449101796,51.7467921300257
99,44,12113,185.302650045406,194.70696813621,0.414651396181196,1196.06876909106,869.464707339222,66.0119706100883
99,45,6226,253.852071956312,253.852071956312,0.638402964510853,1149.02264696434,1029.73401863155,62.873755220045
99,46,8587,215.970886223361,241.209066444262,0.494751889299584,1058.64131827181,961.271456853383,62.6537789682078
99,47,6148,272.149154196487,272.149154196487,0.626554602483986,1166.87199089135,989.790988939493,71.5670136629798
99,48,10115,210.265645081562,228.133824137413,0.430496618741392,1086.48788927336,1017.37142857143,63.4047454275828
99,49,10419,192.725021595163,205.429564367825,0.442366408676413,1358.32239178424,976.897111047125,53.6577406660908
99,50,8434,244.124614654968,265.140208297182,0.452113800973767,1098.59841119279,995.730732748399,69.9270808631729
99,51,11145,188.718438761777,206.447770840116,0.474632640856232,1102.43867205025,1043.23822341857,45.9601615074024
99,52,18054,174.467541818987,186.361323029108,0.460699554490504,1278.03002104797,907.19762933422,40.3967541818987
99,53,4425,207.202485875706,236.440949542168,0.539986143822713,1218.69401129944,1088.21536723164,67.8741242937853
99,158,8652,220.873208506704,220.873208506704,0.386701488444234,1284.47907998151,1018.67290799815,63.1176606564956
99,159,6241,210.535811568659,221.557868308642,0.414195405595142,1287.44431982054,1012.22912994712,67.3422528440955
100,1,16700,182.303233532934,200.827590873999,0.479511337661925,1227.64754491018,815.558023952096,49.8829341317365
100,2,13279,194.498606822803,212.805494386848,0.436472334925225,1225.41953460351,814.654567362,70.3570298968296
100,3,9793,254.265597876034,254.265597876034,0.395374188034229,1230.89880526907,1001.21852343511,72.4130501378536
100,4,9160,228.454585152838,262.422796429305,0.493011721359976,1150.06015283843,1057.24334061135,61.1094978165939
100,5,10172,205.739087691703,224.199854851234,0.422531310722788,1254.16437278805,860.346932756587,67.7351553283523
100,6,14924,205.322701688555,223.638414781083,0.467245767727682,1109.16021173948,893.497922808898,48.8180112570356
100,7,10182,246.678845020625,270.89915128497,0.458478999801317,1224.26095069731,911.042918876449,72.8539579650363
100,8,11818,208.379590455238,230.30571027234,0.44417921755739,1284.95109155525,926.047469961076,60.4964460991708
100,9,16642,201.890578055522,221.507495779171,0.444375126786218,1174.23783199135,850.410287225093,55.2679966350198
100,10,16841,158.814559705481,167.720199984375,0.454720904222751,1133.12885220593,803.194762781308,55.7365358351642
100,12,18868,228.643629425482,244.99775495652,0.432602735357727,1099.2331990672,953.814076743693,58.2090841636633
100,13,15376,183.853798126951,195.477502606307,0.439259084746378,1316.3982830385,886.118691467222,54.1589490114464
100,14,16365,190.532661167125,206.470643866972,0.4697401156203,1299.8529178124,1098.20641613199,61.1673693858845
100,15,15714,176.393788977981,193.156982382364,0.500682512273211,1264.61117474863,780.96455390098,60.1244749904544
100,16,15392,228.579781704782,242.155645579633,0.41314787686732,1155.92301195426,993.10369022869,62.7289501039501
100,17,10534,202.597114106702,220.576392224016,0.441211693742865,1309.28289348775,858.5805961648,62.1947977976077
100,18,17085,185.985250219491,199.643876120941,0.462161666309288,1158.29915130231,1108.75346795435,57.2509218612818
100,19,10383,278.511509197727,315.515653077378,0.502279905770545,1126.45478185496,957.685928922277,72.8084368679572
100,20,14479,242.366185510049,277.848855841496,0.462059819617779,1111.38510946889,912.972719110436,65.7204226811244
100,21,16830,215.090612002377,226.072318266031,0.416863018974729,1164.63553178847,920.081818181818,58.3465240641711
100,22,8460,202.939479905437,212.375401116572,0.427267423198256,1157.69704491726,1055.19007092199,70.9568557919622
100,23,12823,206.56796381502,222.392098578168,0.430097879198985,1180.25602433128,874.375653123294,61.4352335646885
100,24,11448,177.7785639413,185.740121806679,0.406872267644405,1212.99764150943,822.328179594689,63.0372117400419
100,25,10789,181.026415793864,181.026415793864,0.517789367336409,1206.84317360274,1133.5139493929,51.0950968579108
100,26,10790,179.858294717331,197.102658099341,0.482159621601025,1322.33938832252,814.592307692308,56.8248378127896
100,27,9102,209.002307185234,233.065672047678,0.478384165503986,1355.97264337508,930.911228301472,60.6427158866183
100,28,11904,215.192036290323,215.192036290323,0.447126505553907,1160.14717741935,887.749663978495,73.2094254032258
100,29,13793,185.653519901399,199.01276836714,0.450794972900796,1320.50641629812,883.434858261437,69.987312404843
100,30,8007,247.741725989759,266.102774450976,0.40475780628261,1105.05620082428,1032.91332583989,69.3257149993755
100,31,13359,216.474661277042,216.474661277042,0.39977217719636,1324.6677895052,1001.55947301445,72.0145969009656
100,32,9323,255.545747077121,283.154388717321,0.431046461727081,1182.05663413064,941.990239193393,65.208731095141
100,33,9730,217.035868448099,234.608631195502,0.44137620131576,1186.53556012333,992.389208633094,75.2697841726619
100,34,13888,188.515336981567,197.651812447673,0.406324433512732,1335.41661866359,1028.61707949309,57.9815668202765
100,35,22996,220.361323708471,253.829100900894,0.52779879109378,1273.82601321969,955.087493477126,76.4867368237954
100,36,9288,202.037144702842,210.971251410639,0.41034426743135,1354.53057708872,979.984173126615,66.2094099913867
100,37,6581,243.364990123082,280.028601640671,0.484467427179266,1172.39067011093,999.483969001671,70.1861419237198
100,38,9116,259.212922334357,304.843968825232,0.553573915340523,1095.1099166301,865.452281702501,58.8652917946468
100,39,13536,188.811908983452,201.88550238121,0.422024240106563,1173.63704196217,875.241060874705,67.1148788416076
100,40,12721,178.869978775254,187.246635309881,0.409286457028565,1253.12821319079,859.205565600189,57.7549720933889
100,41,8317,218.646266682698,236.408574494757,0.459838042683289,1058.64061560659,990.374413851148,61.717806901527
100,42,12595,185.115680825724,165.903903836051,0.455929720646035,1086.39047240969,1021.64716157205,52.958237395792
100,43,15379,295.60322517719,332.329806705317,0.459067139150811,1067.81344690812,961.590935691527,68.659470706808
100,44,10694,205.933607630447,217.573380041419,0.408592207369497,1092.76070693847,1041.92593977932,61.8840471292313
100,45,13119,200.262748685113,220.25977575336,0.47066120435776,1298.05587316106,1100.13552862261,45.8611936885433
100,46,4725,298.575026455026,298.575026455026,0.591510679229958,1283.96698412698,1048.40931216931,68.7250793650794
100,47,14047,172.749199117249,183.723820219243,0.449782657863849,1370.3540969602,957.963693315299,46.8902256709618
100,48,11887,178.407335744931,195.336368575016,0.479040711124409,1363.44418272062,948.55548077732,54.6008244300496
100,49,5840,273.081849315068,320.764235178306,0.48921448611822,1219.17602739726,974.905479452055,63.4993150684932
100,50,12017,169.626529083798,180.839710177655,0.448024144955517,1131.92410751435,1054.70799700424,44.2106182907548
100,51,17484,176.419926790208,188.461934487727,0.460355012424069,1285.61267444521,876.419926790208,41.2943262411348
100,52,8106,196.416851714779,196.416851714779,0.369314271090742,1240.92252652356,910.506908462867,65.6787564766839
100,53,4559,295.781750383856,363.931188793869,0.598709805403179,1184.61307304233,1085.06010089932,65.9131388462382
100,54,4011,253.408626277736,290.538839990879,0.500021462299896,1212.85938668661,1019.21116928447,63.3876838693593
100,160,13174,220.346212236223,232.177893207954,0.416213627612703,1295.64095946561,989.980643692121,62.556019432215
100,161,8157,199.111928405051,211.69722580386,0.423728994121578,1294.69792815986,990.17150913326,67.2026480323648
101,1,10190,282.879587831207,320.452859028521,0.466385550479049,1214.52109911678,998.68076545633,64.0704612365064
101,2,16337,192.891473342719,211.726033553016,0.47427339197365,1247.15565893371,817.635245149048,49.9587439554386
101,3,16214,198.180831380289,214.139722342314,0.440366762300087,1130.54113728876,1103.41285308992,56.7156778093006
101,4,15640,202.101662404092,220.617035052863,0.466618836641585,1115.11764705882,880.982672634271,48.6445652173913
101,5,14281,208.895735592746,226.100502387204,0.40515335821543,1190.69063791051,848.091660247882,55.7358028149289
101,6,9648,219.729063018242,247.513852002731,0.51032562054622,1128.70864427861,1044.5789800995,60.418635986733
101,8,10925,220.243020594966,238.23113821385,0.434839152581712,1287.62901601831,934.691258581236,61.2379862700229
101,9,18749,180.376286735293,193.850924356694,0.453015443301201,1266.296762494,1102.83407115046,61.92735612566
101,10,10497,244.960369629418,263.883515478788,0.420377865288549,1230.12632180623,915.41411831952,73.1943412403544
101,11,15040,241.752659574468,263.2806454422,0.458745488268117,1115.86442819149,910.155252659574,65.7164228723404
101,12,13906,236.667050194161,252.436621647022,0.429365508984297,1148.32345750036,988.269452035093,63.5476772616137
101,13,9763,259.225545426611,259.225545426611,0.349422908119747,1218.33780600225,1008.7902284134,72.4108368329407
101,14,21714,161.313852813853,169.189376727724,0.410614130567011,1150.30123422677,800.306944828221,54.6332780694483
101,15,18447,213.501057082452,213.501057082452,0.39043025359049,1168.11557434813,917.034693988182,58.8072857375183
101,16,15938,182.401242313967,201.824222353384,0.494417007989791,1274.15899109048,786.404442213578,60.3514242690425
101,17,10402,207.817631224764,224.538688719079,0.447059185299172,1138.0666218035,1055.8739665449,71.073639684676
101,18,10201,209.842760513675,225.330881379595,0.427070622375189,1269.14273110479,868.850014704441,67.8639349083423
101,19,14321,193.321276447175,212.605433217707,0.453669933883276,1234.3124781789,820.176942950911,70.7975700020948
101,20,12510,209.602158273381,209.602158273381,0.45897897793094,1165.04980015987,886.499440447642,73.3342925659472
101,21,10111,266.544159825932,307.717414226478,0.503701752717644,1132.63119374938,948.343981801998,72.6106220947483
101,22,14010,200.605424696645,213.413939689189,0.41597640050468,1326.70256959315,902.46852248394,54.8075660242684
101,23,16889,223.940256971994,236.477969492607,0.42084564698226,1104.38628693232,945.467641660252,59.1364793652673
101,24,9174,224.812949640288,254.574012196999,0.493192026122949,1363.21517331589,944.653368214519,61.5078482668411
101,25,10801,215.928895472641,234.255281626188,0.46286189531035,1319.8314970836,872.090176835478,62.9211184149616
101,26,12306,189.334714773281,199.495296933607,0.407306829479418,1265.32813261824,870.054526247359,58.0685844303592
101,27,11414,189.369370947959,210.489314052518,0.483549895966141,1333.40625547573,828.887944629402,57.1621692658139
101,28,14019,195.254083743491,209.899903260568,0.418295245324129,1321.23510949426,1049.77580426564,58.2662814751409
101,29,10629,216.394674945903,216.394674945903,0.388317407862258,1195.25543324866,877.956157681814,62.2845046570703
101,30,12111,178.037569152011,189.840756669042,0.436204295419135,1071.51919742383,1001.35050780282,52.6072991495335
101,31,8019,238.101883027809,268.560421921097,0.456278179143137,1157.88078314004,1003.70382840753,70.4718792866941
101,32,13365,219.092929292929,219.092929292929,0.398806533692365,1317.95518144407,1007.20067340067,72.8018705574261
101,33,11266,183.42819101722,183.42819101722,0.501359249771102,1183.90156222262,1135.31386472572,51.0831706018108
101,34,11500,181.334782608696,190.749947852577,0.418939296524494,1225.75643478261,829.904,63.1542608695652
101,35,10595,204.802925908447,226.966436652279,0.442044867238712,1074.92449268523,1027.18999528079,61.4986314299198
101,36,9473,212.648474612055,226.576138611377,0.411340320679578,1353.3910060171,996.061437770506,66.5702522959992
101,37,10278,195.218719595252,215.35894736867,0.470346509987304,1050.8689433742,965.019750924304,61.3263280793929
101,38,15123,183.600277722674,198.115363687506,0.458971479953903,1365.39628380612,981.15466507968,46.7872115321034
101,39,13569,195.236789741322,213.750139608284,0.445034026700485,1325.79858500995,895.440931535117,70.4048935072592
101,40,10594,246.762979044742,281.911965976262,0.452528858046135,1182.33726637719,940.628091372475,66.44629035303
101,41,25888,218.419769777503,254.460144602233,0.515113916105775,1254.18595488257,965.027116810878,77.2814817676143
101,42,12772,215.442217350454,245.580505313505,0.479424560191568,1281.14852803007,1110.47572815534,46.0815064202944
101,43,7832,240.608401430031,257.857507829318,0.436044995615056,1085.7003319714,1021.51685393258,69.0181307456588
101,44,9234,223.90264240849,246.805091629598,0.475707468797278,1179.28589993502,1001.64132553606,75.430582629413
101,45,5310,232.749152542373,192.5610522045,0.554968068647694,1144.05028248588,833.05593220339,58.6706214689266
101,46,6432,252.228389303483,292.485400933244,0.497146148154404,1268.48383084577,1043.5401119403,70.0682524875622
101,47,5607,239.791688960228,191.252857023866,0.576367017046772,1078.74317817014,877.036026395577,59.4228642767969
101,48,9021,193.405165724421,204.055844321622,0.404672417476909,1240.99124265602,914.221815763219,66.1463252411041
101,49,13809,185.874357303208,198.382428487373,0.43954545785883,1174.9960170903,868.614019842132,67.3796799188935
101,50,15843,190.801300258789,205.207459721123,0.467593478803855,1296.29823896989,890.221801426498,41.202928738244
101,51,12670,178.201262825572,189.24344411109,0.439659093494889,1129.80063141279,1048.74309392265,43.4228097868982
101,52,15346,268.200899257135,293.145149005829,0.426202959230656,1064.50951387984,952.871953603545,68.7288544246058
101,53,11027,198.344608687766,198.344608687766,0.509203556843579,1361.90668359481,973.369638160878,54.6736192980865
101,54,6350,235.663937007874,258.298028698599,0.485934548538189,1159.66976377953,1064.6557480315,66.0774803149606
101,162,9557,238.410484461651,238.410484461651,0.360654185944559,1292.28377105786,995.826409961285,62.672491367584
101,163,6431,214.874514072462,214.874514072462,0.387486839092508,1284.68169802519,992.6944487638,67.3476908723371
102,1,16962,196.224324961679,216.530886747462,0.48350597800165,1107.18352788586,870.928428251385,49.5279448178281
102,2,14214,183.291754608133,169.991013464156,0.473836854759672,1169.66378218658,801.319051639229,56.5539608836359
102,3,16085,211.638172210134,223.75084124616,0.423017790846388,1107.61759403171,925.858750388561,61.0501087970159
102,4,14485,237.411391094235,261.087191796549,0.435740298434673,1134.48208491543,881.360027614774,66.1051432516396
102,5,10756,207.496931944961,228.455669541039,0.436840795003778,1289.39698772778,873.064708069914,66.0581071030123
102,6,14004,213.245644101685,213.245644101685,0.38753469414035,1319.82169380177,1010.82240788346,72.1725221365324
102,7,10002,296.876824635073,341.140248910836,0.523623371633418,1213.8425314937,993.124675064987,64.7045590881824
102,9,11236,185.681826272695,202.318433973277,0.471126681502025,1350.5867746529,852.611694553222,54.7650409398362
102,10,7857,225.285732467863,237.545579831732,0.424938134452687,1130.91485299733,1038.77866870307,72.7789232531501
102,11,9739,213.024848547079,244.276739112978,0.492210092308093,1125.38946503748,1023.68395112435,63.5834274566177
102,12,17071,203.224474254584,223.496058957095,0.494259130883866,1095.20678343389,1087.22752035616,59.4776521586316
102,13,14754,208.217500338891,208.217500338891,0.38126294776006,1213.27633184221,845.035583570557,55.8648502101125
102,14,11843,203.155281600946,225.105465257835,0.467365511781035,1067.27214388246,996.054293675589,63.6225618508824
102,15,13001,250.074148142451,264.290515874727,0.417092287629831,1158.72117529421,987.549573109761,69.4488885470348
102,16,16644,215.652126892574,224.270533846676,0.403062240657131,1176.33441480413,903.117700072098,59.3153689017063
102,17,16916,184.329628753843,201.907381679937,0.486411651988689,1244.63756207141,1112.37875384252,63.2716363206432
102,18,9823,240.276493942787,265.727598792779,0.450342212131075,1252.47765448437,908.055482031966,72.7334826427772
102,19,16479,178.420899326415,198.795589950132,0.511876450413944,1301.80678439226,798.506280720918,58.0609867103586
102,20,10493,264.421137901458,300.003783495964,0.486098820321422,1155.35509387211,928.4122748499,73.260173448966
102,21,12503,187.829480924578,199.106426282727,0.43338073117867,1271.98856274494,886.790850195953,56.8611533232024
102,22,9478,224.424562143912,245.473007593225,0.466692214420951,1366.37402405571,968.222515298586,59.5819793205318
102,23,8076,216.408618127786,232.952718356562,0.407560104746235,1258.69687964339,1057.3990837048,71.0054482417038
102,24,15528,193.708590932509,211.516313896364,0.474241995652062,1254.8315301391,828.469152498712,48.9645157135497
102,25,11227,211.227220094415,227.892255539395,0.424821851754175,1211.52115436002,871.21991627327,61.5134051839316
102,26,12222,195.772704958272,207.784132143008,0.41903588708589,1352.03166421208,1007.47365406644,52.7927507772869
102,27,10321,215.482511384556,233.655395985106,0.439708860007689,1335.68578626102,889.081193682783,60.717469237477
102,28,16545,215.245391356905,249.268497773927,0.480683857699365,1237.3034753702,1127.17207615594,46.3088546388637
102,29,11918,214.24030877664,228.552713140423,0.433044910796637,1298.4368182581,949.189713039101,60.9749118979695
102,30,14319,187.007472588868,187.007472588868,0.418683485046864,1301.63677631119,1063.98840701166,58.5197988686361
102,31,13341,194.050146165955,210.255128768992,0.437199504666069,1270.73502735927,823.038902630987,70.0297578892137
102,32,12898,182.562180182974,195.57958384057,0.453969507664247,1052.16374631726,976.524577453869,54.5349666614979
102,33,11597,193.105199620592,193.105199620592,0.496356896383375,1143.10028455635,1138.57946020523,53.0592394584806
102,34,10585,239.675862068966,250.89626310839,0.416584005858643,1216.78611242324,1010.38119981105,72.2829475673122
102,35,9209,195.732109892496,195.732109892496,0.384484042565858,1350.30166141818,1015.03485720491,65.2207622977522
102,36,9912,192.524414850686,192.524414850686,0.389807310380803,1257.01392251816,918.14114205004,65.9243341404358
102,37,9170,205.67840785169,224.775417312985,0.465958616998252,1052.19443838604,930.420828789531,63.407306434024
102,38,7683,220.872055186776,238.031200650584,0.46828683246261,1166.3255238839,1062.14122087726,67.2523753742028
102,39,13379,206.565363629569,229.765762835735,0.453320558012562,1191.14261155542,872.043052545033,73.5237312205695
102,40,14421,196.091325150822,206.737685009526,0.419505949188439,1324.4661951321,926.185840094307,53.1848692878441
102,41,10076,249.785033743549,283.651229512653,0.460858806143753,1192.67417626042,929.163259229853,67.1334855101231
102,42,10414,223.399654311504,254.591980318185,0.448027524804969,1186.69963510659,995.691088918763,76.002304589975
102,43,6885,223.055047204067,223.055047204067,0.488221402483913,1087.49731299927,865.359477124183,61.0283224400871
102,44,8893,238.864162824694,258.508974786077,0.454262454097302,1090.84695828179,989.248847408074,71.5882154503542
102,45,14212,183.622642837039,195.741320071954,0.429306857937049,1201.06585983676,859.96805516465,67.1723191669012
102,46,24866,218.450776160219,256.587548493073,0.516498905649074,1266.62410520389,970.866122416151,76.7831175098528
102,47,7230,237.858644536653,259.264157899812,0.438737308080674,1150.45684647303,967.235546334716,64.6863070539419
102,48,12020,177.924708818636,187.415343575611,0.425026002261896,1251.38302828619,827.097587354409,62.8089018302829
102,49,13437,194.302746148694,207.614273763708,0.447841183063397,1348.52854059686,909.61449728362,68.6048225050234
102,50,14036,174.886506127102,187.753510977482,0.457575291278503,1335.68317184383,1018.19122257053,44.9006839555429
102,51,18093,180.51318189355,194.632233981787,0.468772609710646,1268.33576521307,919.933620737302,39.4681921184989
102,52,18456,257.906426094495,289.671098395258,0.467339528767667,1081.76479193758,921.513870827915,70.6378955353273
102,53,12690,188.858786446021,204.045142523877,0.452824588185928,1099.4951142632,1046.19038613081,44.9716312056738
102,54,11525,154.451019522777,164.868964391951,0.480935550521393,1154.71644251627,818.333015184382,51.9118438177874
102,164,13437,212.654982510977,229.262342723075,0.450802885409571,1297.27327528466,1007.86395772866,62.5979013172583
102,165,8278,210.020173955062,210.020173955062,0.371937928372355,1281.70379318676,1001.53769026335,67.2948779898526
103,1,16364,198.315448545588,216.08186146237,0.461365794416728,1108.48386702518,867.235272549499,48.8608530921535
103,2,9135,211.933552271483,226.680481740007,0.43301992440313,1237.91669403394,1069.94811165846,71.2893267651888
103,3,14762,238.751253217721,267.212185930385,0.495248989950309,1117.09280585287,923.743124237908,60.9694485842027
103,4,16208,190.417756663376,207.064039655919,0.469361380344043,1265.45002467917,828.354701382034,49.0898938795656
103,5,15680,208.823533163265,208.823533163265,0.342576592966435,1307.99980867347,1012.17704081633,72.568112244898
103,6,15597,215.581265628005,215.581265628005,0.49239729132419,1235.32999935885,1129.60902737706,46.6464704750914
103,7,10385,258.88541165142,301.749399018073,0.492549997949371,1149.86384207992,925.4,72.3213288396726
103,8,15178,202.407497694031,202.407497694031,0.390121845287683,1223.82896297272,841.321386216893,55.5310317564897
103,9,13996,235.207773649614,258.092715358423,0.440088393565224,1134.29444126893,874.022292083452,66.1631180337239
103,10,10264,203.902961808262,220.684986287943,0.41661797046227,1294.98655494934,873.742108339829,66.3702260327358
103,11,15571,234.934236722112,254.397905628586,0.429940969731499,1167.70843234217,970.982660073213,65.5130691670413
103,12,17806,201.853195552061,226.23194143063,0.496151054320388,1080.39065483545,1081.31860047175,58.8371897113333
103,13,15046,177.905622756879,184.356462611942,0.403559729336949,1294.93220789579,1067.23474677655,59.5881297354779
103,14,12567,198.89965783401,215.430838534538,0.451407391212631,1061.16018142755,981.932999124692,62.3875228773773
103,15,10925,243.49766590389,274.430231023967,0.45365253569088,1186.64439359268,927.033409610984,67.3557894736842
103,16,10643,178.436249177863,178.436249177863,0.450314312059082,1181.81828431833,807.708352908015,57.9264305177112
103,17,9842,210.325848404796,218.368673968003,0.461860734385698,1123.2667140825,1014.76224344645,64.0801666327982
103,18,10111,245.16081495401,245.16081495401,0.381293385555424,1201.54772030462,1010.79121748591,71.7266343586193
103,19,13219,191.575232619714,208.839903330446,0.432005719706758,1270.91935849913,827.16370375974,70.591421438838
103,20,11258,186.515899804583,201.759205843506,0.465554188823313,1357.53499733523,858.446260437023,54.8609877420501
103,21,12177,207.9987681695,223.375350047072,0.42615742878039,1302.63578878213,949.097971585776,61.6412909583641
103,22,20156,157.384451280016,165.246576825336,0.442731646977263,1164.27173050208,807.386931930939,52.3256598531455
103,23,13519,184.295657962867,195.129477539554,0.431393253923061,1279.08595310304,886.106664694134,57.1814483319772
103,24,12949,182.359718897212,194.951772303131,0.450718949700788,1051.81782377018,963.527608309522,53.5470692717584
103,25,12812,206.734857945676,206.734857945676,0.45803668170613,1188.47970652513,868.965969403684,73.4537933187637
103,26,17272,186.490910143585,201.913213561194,0.473967705072869,1236.13258452987,1114.78659101436,63.1183997220936
103,27,10445,212.026328386788,230.868330771273,0.452984438357998,1340.82058401149,896.52991862135,60.7949258018191
103,28,15183,193.959230718567,209.560900624959,0.434358852193583,1330.849832049,929.398603701508,53.5022722782059
103,29,9548,205.869501466276,223.732443861704,0.438924498457835,1152.16589861751,1081.97821533305,66.2075827398408
103,30,14703,181.965721281371,199.476955536265,0.484767155588715,1311.35598177243,804.579677616813,58.5448547915391
103,31,12062,175.270353175261,184.118765440594,0.407383264543751,1259.06043773835,824.95382192008,62.775327474714
103,32,9917,231.10315619643,259.047741137226,0.475200817500165,1168.1930019159,990.393163255017,75.3602904104064
103,33,9526,220.955700188957,243.815804773983,0.473837964146485,1371.73294142347,971.345895444048,59.6635523829519
103,34,7008,237.517551369863,237.517551369863,0.522882352111542,1235.15282534247,943.935216894977,62.6304223744292
103,35,12028,190.302045227802,210.836715713818,0.513509657619743,1140.56858995677,1140.62944795477,52.9414699035584
103,36,12921,177.395402832598,193.274226624539,0.453454529927052,1342.38781828032,1024.5939168795,45.3156876402755
103,37,14072,190.402359295054,203.036276193301,0.438624666267424,1357.53396816373,1016.72200113701,53.4506822057987
103,38,9483,232.249182748075,256.536406703861,0.481903359817176,1076.12105873669,978.998629125804,70.1375092270379
103,39,9376,227.443472696246,245.002501632018,0.460312708837873,1116.5150383959,1032.70413822526,72.0327431740614
103,40,10709,207.25007003455,220.982933457823,0.40716415269951,1224.75217107106,871.96479596601,61.9714259034457
103,41,18069,205.774918368476,215.557760000881,0.415275910369996,1179.59671260169,896.639825114838,59.0052022801483
103,42,10070,208.546077457795,225.353095162974,0.461461663249708,1299.74478649454,1012.46693147964,63.0400198609732
103,43,10889,235.559371843144,257.554779428012,0.44640788021617,1255.08320323262,916.241252640279,73.2350078060428
103,44,9600,190.376770833333,190.376770833333,0.387191054435767,1348.57427083333,1017.4175,65.9363541666667
103,45,23787,224.567831168285,262.437298359908,0.527194478126523,1249.12834741666,973.488460083239,77.1140538949847
103,46,18540,257.037540453074,282.868481880576,0.466981415319006,1079.94633225458,909.960787486516,70.2175836030205
103,47,8465,193.022209096279,214.809348693083,0.481538282817591,1094.92841110455,853.548611931483,61.2256349675133
103,48,9528,204.145046179681,228.445802510049,0.468365441198666,1050.08553736356,919.69080604534,62.2497900923594
103,49,13420,191.532563338301,206.756559561663,0.446322310917352,1347.62846497765,911.777123695976,69.0022354694486
103,50,13964,183.078415926669,192.742042773763,0.422436473067916,1200.22450587224,856.880549985677,66.8465339444285
103,51,7057,236.203911010344,282.82903644025,0.582298393036457,1191.1903074961,1040.78872041944,65.1204477823438
103,52,11238,194.531767218366,202.273661084836,0.432160521553527,1259.86919380673,1003.80325680726,66.8669692116035
103,53,8824,195.029465095195,203.444042298183,0.408600620518248,1255.23662737987,918.932796917498,66.3776065276519
103,54,18517,178.605767672949,194.069558642282,0.476125714536621,1278.80509801804,923.585191985743,39.5319436193768
103,55,11462,192.507677543186,204.716458332211,0.41979874888222,1103.16096667248,1042.11080090735,44.1705636014657
103,56,7387,234.186273182618,259.505131982091,0.468676443029694,1151.20387166644,984.066332746717,70.1127656694192
104,1,15947,203.637674797768,219.561804065908,0.418842139419443,1235.87427102276,832.589389853891,56.4668589703392
104,2,9945,206.869884364002,228.893142793639,0.46907017565391,1237.46817496229,943.006435394671,62.8530920060332
104,3,17245,191.908785155117,210.083898714373,0.474915734779558,1106.95888663381,853.548042910989,49.0376340968397
104,4,10340,199.864893617021,211.391209758335,0.407256571996001,1228.67852998066,1079.48955512573,70.0926499032882
104,5,11643,220.659623808297,241.056357921985,0.425847162871181,1302.30808210942,953.844713561797,61.3694923988663
104,6,20958,157.864729458918,164.524218934515,0.422671918373416,1166.95080637465,800.23246492986,53.1957247828991
104,7,18625,179.915704697987,195.268671208217,0.474535250922858,1223.43355704698,1117.43473825503,62.5630604026846
104,8,10000,243.0132,243.0132,0.391803933827863,1193.6081,1015.7332,71.5308
104,9,10692,255.535914702581,288.073933986081,0.470053456040663,1147.94201271979,926.898054620277,72.325289936401
104,10,15187,190.064463027589,199.659908554305,0.419078835319707,1283.93395667347,1068.34127872523,59.5108974781063
104,11,15463,202.932225312035,202.932225312035,0.534898929065679,1060.34217163552,1066.22783418483,57.9214253379034
104,12,18757,206.896092125606,215.518859237906,0.403492321252448,1297.81905421976,1015.47955429973,72.236711627659
104,13,9709,208.794314553507,224.97670906962,0.423765980762834,1139.58481820991,1087.75682356576,65.2365846122155
104,14,13073,190.731737168209,204.23254739833,0.417471970090394,1280.06853820852,891.723399372753,57.4027384685994
104,15,17695,239.15688047471,258.207962658037,0.43482040824391,1164.95964961854,974.908279174908,65.6592822831308
104,16,12972,198.214307739747,214.627401440787,0.454818257501512,1053.64037927845,973.094819611471,62.0245143385754
104,17,15700,181.677961783439,200.565515216043,0.490722592782928,1313.5327388535,805.089108280255,59.0286624203822
104,18,9738,214.38786198398,226.007134273049,0.414072203172592,1228.21441774492,877.151673855001,62.2865064695009
104,19,9901,227.443894556105,259.59388243724,0.458799219908912,1372.38137561862,975.965256034744,59.1618018381982
104,20,13225,179.863213610586,191.423333069288,0.441175883409939,1044.49489603025,947.858449905482,53.6130812854442
104,21,11134,208.037812107059,225.748273533556,0.439517159895247,1299.99065924196,879.923747081013,66.1435243398599
104,22,9934,227.198510167103,244.23052602655,0.443551725362259,1157.62895107711,993.20414737266,75.3455808335011
104,23,15746,191.984948558364,207.805717704782,0.453432325861666,1270.33208433888,821.986790295948,49.2626063762225
104,24,15468,213.96327902767,242.598960601138,0.497413799889922,1225.51415826222,1125.05346521852,45.783359193173
104,25,13876,236.546915537619,257.205163186829,0.440221048465932,1139.18895935428,869.707192274431,66.7420726434131
104,26,10793,216.865468359122,233.00573102038,0.413136118624622,1345.38404521449,904.458259983322,60.6770128787177
104,27,10795,244.504400185271,263.369852774614,0.407018405349525,1186.8880963409,927.615377489578,67.6505789717462
104,28,9843,225.653256121101,243.683028287624,0.411176145001325,1292.81530021335,1016.90846286701,63.5693386162755
104,29,11465,187.789271696468,205.689817984147,0.485953711790164,1364.24160488443,862.667771478413,55.0544265154819
104,30,14449,200.397951415323,200.397951415323,0.449702580760929,1192.81168246938,869.314693058343,73.5748494705516
104,31,25815,228.57865582026,268.817256529883,0.53579624930601,1235.69637807476,980.592175092001,76.8683323649041
104,32,14711,194.339201957719,210.460143074132,0.461587559651507,1354.22044728435,1020.02379172048,52.7692203113317
104,33,10574,239.718838660866,253.033654133049,0.405480594284417,1258.69907319841,923.178551163231,73.3087762436164
104,34,10263,182.347169443632,197.155316035923,0.480908560699167,1099.7790119848,841.304004676995,61.9972717528988
104,35,12260,189.318270799347,189.318270799347,0.531064718258446,1129.86623164763,1136.53376835237,52.6285481239804
104,36,9359,213.769526658831,231.923899464869,0.441535829153768,1116.10759696549,1013.37877978416,64.3328347045625
104,37,14207,194.928345181953,212.572190237746,0.452827253050394,1278.14704019145,835.393397620891,70.8615471246569
104,38,15261,195.189502653823,210.093035385123,0.440757119451778,1329.36098551864,929.775047506716,53.8746477950331
104,39,10081,176.278246205734,187.913929949064,0.432468222593346,1182.0167642099,812.501239956354,60.1305426049003
104,40,9859,222.795719647023,241.809860956697,0.431577007988782,1115.27112283193,1033.4028806167,71.6881022416067
104,41,9266,230.115691776387,254.815557056073,0.484433385626274,1073.81113749191,977.730951867041,70.1129937405569
104,42,8973,193.824027638471,193.824027638471,0.393226495889263,1343.37668561239,1026.32464058843,65.7888108770757
104,43,12305,269.190410402276,314.618491085815,0.533295281348797,1117.82470540431,923.454449410809,61.2108086143844
104,44,10040,204.467928286853,204.467928286853,0.389911632634963,1250.47360557769,1002.03107569721,66.4183266932271
104,45,17781,204.604409200832,212.652060094581,0.402085082768396,1180.69804847871,891.243068443845,59.6276924807379
104,46,8340,208.122541966427,226.148521554283,0.445457700625153,1045.89676258993,909.966426858513,63.0523980815348
104,47,13661,194.48503037845,208.110398427101,0.439286793488621,1348.34814435254,920.693726667155,68.9172095747017
104,48,8126,225.761383214374,258.634629633516,0.50778304825598,1183.99052424317,1049.97144966773,66.1417671671179
104,49,15070,175.885932315859,190.314474477927,0.468402191995574,1335.83450564035,1021.46509621765,44.3562707365627
104,50,12593,180.77050742476,189.880493261112,0.403691023156293,1262.60208052092,831.018899388549,63.4550146907012
104,51,16319,261.284514982536,286.260764783601,0.443925829491395,1078.5345303021,904.386298180036,70.2237269440529
104,52,13570,183.952984524687,193.066515571122,0.420527321255705,1204.34473102432,859.520707442889,67.3777450257922
104,53,13176,187.363691560413,202.747109943577,0.440594765849121,1096.26783545841,1032.25037947784,43.2604735883424
104,54,19563,176.711036139651,192.285933351271,0.483795146427746,1274.61621428206,915.253948780862,39.3305730204979
104,55,9674,192.588277858177,202.918816285072,0.437095384668961,1262.72658672731,929.051064709531,66.8111432706223
104,56,5334,236.143419572553,253.919963660293,0.426855904569191,1145.07855268091,985.739032620922,70.3359580052493
105,1,17634,187.459453328797,205.591485800346,0.4839091740739,1105.95230804128,850.068390609051,48.9410230237042
105,2,11946,270.148920140633,312.768094885681,0.50740220839692,1108.84932194877,922.432194876946,61.47279424075
105,3,15974,206.013396769751,223.343640714436,0.428500652949575,1240.00281707775,832.108175785652,56.5519594340804
105,4,10752,215.484281994048,234.147665536304,0.438314253437451,1304.51609002976,883.09216889881,66.0710565476191
105,5,21745,158.28806622212,166.968354563081,0.436365140908512,1173.77944355024,800.721959071051,53.186433662911
105,6,12509,220.767447437845,246.412979739178,0.454604422366896,1302.93676552882,957.882804380846,61.4648652969862
105,7,13153,187.477001444537,203.161716500575,0.44875800830018,1053.21090245571,973.116551357105,61.3193187865886
105,8,10668,239.775028121485,256.184979177237,0.421288277520996,1187.29846269216,931.545838020248,68.3943569553806
105,9,9989,194.481930123135,203.973666932458,0.400734757539731,1221.87145860446,1084.01121233357,70.7087796576234
105,10,14266,208.369970559372,226.929456443954,0.436048062894819,1331.62519276602,930.968456469928,53.868989205103
105,11,13945,198.866833990678,220.156576677034,0.452774452661229,1194.94550017928,872.501398350663,74.0853352456078
105,12,11049,238.26445832202,273.025187023671,0.461834750653655,1146.81554891845,931.973934292696,72.7013304371436
105,13,11371,228.02163398118,256.495238364846,0.465883320192973,1373.0517104916,979.385630111688,59.6616832292674
105,14,12740,196.716169544741,209.289199429344,0.408885143181391,1283.37025117739,893.575667189953,57.6027472527472
105,15,10557,238.567017145022,238.567017145022,0.331713107132796,1188.25689116226,1019.09263995453,71.6296296296296
105,16,15014,191.420141201545,215.194629276484,0.501913819088274,1055.13927001465,1067.17383775143,57.7355801252165
105,17,11837,197.684548449776,218.48067077823,0.485057631070374,1366.42738869646,865.687843203514,55.237222269156
105,19,25489,230.097257640551,265.844959016456,0.530505502474141,1229.80269920358,985.041194240653,77.2314723998588
105,20,17808,179.57884097035,191.594570073513,0.442086060550721,1218.82238319856,1122.70299865229,62.7936320754717
105,21,16200,200.771913580247,220.452975074458,0.466000886440989,1277.45567901235,822.540185185185,49.4043827160494
105,22,8669,220.748067827892,245.732882404084,0.50381419796145,1179.74714499942,1048.1152382051,66.0975891106241
105,23,15248,221.941434942288,239.323528405351,0.448451852829101,1138.53456190976,873.162185204617,66.8340766002099
105,24,14938,203.480653367251,221.0082299962,0.454019277645844,1358.06988887401,1024.17010309278,53.0162672379167
105,25,12669,171.323545662641,182.894983140958,0.442397100494952,1042.91009550872,944.82768963612,53.2411397900387
105,26,11150,207.249596412556,225.031613220091,0.447128481245804,1233.69479820628,878.356771300448,62.8320179372197
105,27,18960,210.046835443038,210.046835443038,0.375463278495456,1294.31297468354,1019.04889240506,73.0535337552743
105,28,9425,197.092732095491,211.793298950112,0.435525316042906,1133.78917771883,1091.45591511936,65.4409549071618
105,29,11124,245.00656238763,265.594929978223,0.42902379497561,1262.37567421791,930.647608773822,73.4864257461345
105,30,16219,219.906282754794,255.034189764585,0.48900605590435,1222.77446205068,1128.37369751526,46.0247857451138
105,31,10854,204.046710889994,204.046710889994,0.390370116357929,1249.11138750691,1000.64980652294,66.9349548553529
105,32,12255,168.982456140351,182.085435539072,0.475958699868914,1104.95707874337,834.342390860873,61.4964504283966
105,33,14165,196.899611719026,196.899611719026,0.395084614212312,1281.54775855983,1072.03360395341,60.2278150370632
105,34,9413,204.259853394242,214.586274232943,0.416252985195617,1343.26771486242,1030.47338786784,65.9802400934877
105,35,9071,216.136368647338,235.146155548643,0.450679174107208,1156.24804321464,998.620879726601,75.4161613934517
105,36,14724,192.986348818256,212.122827209764,0.497099739034785,1321.35092366205,810.4144933442,59.33387666395
105,37,9392,231.378194207836,250.620232246558,0.451192635298222,1290.69804088586,1024.44037478705,64.4120528109029
105,38,9371,180.834916230925,192.555839670735,0.414863880778434,1183.9734286629,819.305303596201,60.5312133176822
105,39,11503,185.364513605146,208.102718400512,0.498030138011558,1123.48109188907,1135.51004085891,52.7455446405286
105,40,9202,213.540317322321,240.159869845878,0.47601102067737,1073.51956096501,977.533688328624,69.5305368398174
105,41,14529,195.661642232776,213.181297672849,0.454716322525823,1279.1216188313,836.369949755661,70.9790075022369
105,42,9993,233.051235865106,250.612886135485,0.409853647665088,1346.51786250375,907.812368658061,61.0037025918143
105,43,8382,207.386781197805,223.116738209993,0.440474191877151,1115.19470293486,1007.93700787402,64.4945120496302
105,44,9443,188.16731970772,203.690857014978,0.459225579944519,1046.47516679021,903.234353489357,63.1416922588161
105,45,8870,210.100338218715,221.595738954541,0.404750624284927,1112.67553551297,1033.70687711387,71.721420518602
105,46,7172,212.425543781372,240.145346871139,0.459826208221446,1228.82640825432,947.026352481874,62.8803680981595
105,47,16527,205.801476371997,215.504135510356,0.408911352399572,1177.57173110667,890.454347431476,59.9100865250802
105,48,10001,199.163283671633,199.163283671633,0.39496104438456,1264.48815118488,927.692430756924,67.0574942505749
105,49,13272,203.519062688366,221.590431631525,0.435726008231243,1349.24879445449,927.291289933695,69.3748493068113
105,50,12813,181.871380629049,191.420049155725,0.405744488563345,1267.36595645048,831.303675954109,63.8734098181534
105,51,14983,184.447640659414,203.582618239716,0.495338806252513,1337.30207568578,1023.75705799907,44.4177401054528
105,52,18090,235.286014372582,261.041760014235,0.44393229913393,1080.48197899392,905.483305693753,70.5943062465451
105,53,13830,183.325741142444,192.657723656833,0.42098123038043,1205.19443239335,856.953289949385,67.6404916847433
105,54,19336,186.676303268515,204.359114146432,0.477934193302167,1279.21048820852,915.334402151427,39.4668494000827
105,55,14493,181.153108397157,193.95389557764,0.44606072199835,1095.77837576761,1028.95473676947,42.9942040985303
105,166,12992,241.761391625616,253.342671910168,0.430356739510068,1163.77370689655,969.023091133005,64.7690116995074
105,167,8819,218.767660732509,218.767660732509,0.370860782905958,1146.93264542465,982.404354235174,69.7862569452319
106,1,9390,294.97529286475,338.927191530587,0.506491208722604,1292.004685836,1023.57241746539,72.7668796592119
106,2,17671,189.741440778677,208.543516385108,0.479546186988401,1107.32641050308,844.454643200724,48.4469469752702
106,3,14865,237.891355533132,259.953572174389,0.434298616507757,1134.6736629667,876.165018499832,66.2009418096199
106,4,13424,191.383417759237,202.561183668328,0.416675637044835,1286.22981227652,889.383939213349,57.8744040524434
106,5,14177,203.50215137194,226.796420201878,0.445422552359426,1189.24575015871,872.411441066516,73.8709882203569
106,6,8739,233.60510355876,264.658371170444,0.492272680367543,1174.46424075981,1043.3983293283,66.2286302780638
106,7,12869,219.592042893776,241.91272235921,0.449998532481993,1299.99510451473,955.274380293729,62.1917786929831
106,8,16385,200.948184314922,213.560949938304,0.419520660642495,1241.16161122978,820.722734208117,57.4676838571865
106,9,17381,192.799378631839,214.845933628973,0.485685893624609,1282.61711063805,821.540705367931,49.7973649387262
106,10,20176,158.697412767645,167.346861486758,0.442129136067373,1173.53295995242,802.266950832672,53.1783306899286
106,11,16158,217.126562693403,249.958637617501,0.503834259578337,1219.11517514544,1128.15521722986,45.6886372075752
106,12,9820,215.768737270876,227.490922557613,0.467172319716849,1109.82556008147,1009.99348268839,64.7924643584521
106,13,12597,200.275621179646,220.59019196655,0.468198187640665,1053.48638564738,966.70818448837,61.3503215051203
106,14,9705,225.133333333333,225.133333333333,0.491385327617099,1073.02998454405,977.420917053065,69.4933539412674
106,15,11786,190.168420159511,208.989586043842,0.47852117774847,1368.82513151196,866.056847106737,55.6957407093161
106,16,10615,176.193405558172,188.065941446548,0.422231336884634,1182.05077720207,817.86151672162,61.7171926519077
106,17,13389,255.294346105012,265.808751101724,0.409586356191459,1167.57569646725,972.179625065352,65.962207782508
106,18,14878,195.80461083479,211.764451132258,0.463923951178252,1360.29607474123,1026.33942734238,53.2560828068289
106,19,10416,196.823348694316,210.336575190007,0.425878759473698,1227.43999615975,1090.25489631336,70.1878840245776
106,20,17426,182.678641110984,193.555067643851,0.409120345516537,1214.64277516355,1125.67405026971,63.030816022036
106,21,11262,250.56996980998,250.56996980998,0.375481005117463,1188.61294619073,1024.08861658675,71.8792399218611
106,22,9890,204.681294236603,204.681294236603,0.390406862749433,1242.41708796764,996.508897876643,66.8377148634985
106,23,10376,224.290863531226,241.539952603566,0.443463553949667,1373.54346569005,981.760697764071,59.7329414032382
106,24,11010,212.4148955495,227.873741860342,0.43158015158658,1307.30317892825,883.898910081744,66.1301544050863
106,25,25407,234.150430983587,280.941753570313,0.535143479221265,1229.43417168497,986.529775258787,77.2941315385524
106,26,11289,210.152094959695,222.556454878214,0.421643973409441,1230.93737266365,877.150677650811,62.4544246611746
106,27,11239,220.406619806033,234.103440328928,0.414463051037792,1348.58857549604,912.490968947415,60.8569267728446
106,28,10492,265.076439191765,294.432389665754,0.485572169185788,1149.78126191384,933.624666412505,73.0220167746855
106,29,11102,201.988380471987,218.588541450085,0.45271226678137,1130.18582237435,1093.80399927941,65.0147721131328
106,30,11286,177.179603048024,189.348935978078,0.466777209854771,1103.24596845649,832.685805422647,61.495126705653
106,31,6337,271.101940981537,300.012466328534,0.555974235715639,1123.01751617485,948.608016411551,65.0545999684393
106,32,9949,201.737662076591,212.897066908175,0.419724695479924,1343.55493014373,1030.19087345462,65.8314403457634
106,33,15610,205.280204996797,229.335032482651,0.495462530655719,1049.47469570788,1062.76111467008,57.6230621396541
106,34,15751,185.098279474319,203.294098215964,0.492224006056127,1322.10907243985,808.762237318266,59.2124309567646
106,35,12797,230.6471829335,258.015300044091,0.451493561121295,1263.48261311245,928.533484410409,73.2919434242401
106,36,10624,227.884130271084,241.072358139988,0.418575275065613,1289.53821536145,1018.15022590361,64.2531061746988
106,37,14625,202.177572649573,217.149372460143,0.440385019830091,1335.33182905983,931.577025641026,54.3852991452991
106,38,18325,203.862974079127,216.467102573497,0.430171738752722,1168.08960436562,889.87312414734,60.0070395634379
106,39,7970,209.855834378921,217.608933692857,0.425944500238735,1231.38080301129,942.578419071518,62.668130489335
106,40,13874,183.568689635289,192.255646633729,0.413834777428457,1203.64350583826,856.398659362837,68.0420931238287
106,41,15128,193.325885774722,210.655011335559,0.462670302911531,1276.80559227922,836.830843469064,71.1128371232152
106,42,12290,190.339544344996,213.20282250606,0.524172880582506,1124.62253864931,1139.58901545972,53.0245728234337
106,43,13017,179.13336406238,191.811514477331,0.448869360198841,1041.25973726665,942.783590689099,52.1657063839594
106,44,9526,226.697669536007,247.58097172435,0.430899256967068,1155.99674574848,1002.71268108335,75.6978794877178
106,45,15421,194.239543479671,202.632371559414,0.416760333104904,1281.40198430711,1071.77199922184,60.6278451462292
106,46,10602,195.820411243162,212.042346576761,0.470055830306359,1054.10913035276,900.572156196944,62.6991133748349
106,47,10008,243.888589128697,260.96992644006,0.449415342804436,1194.18655075939,926.268784972022,68.5477617905675
106,48,19590,248.184481878509,261.174801345341,0.409019201435096,1082.36003062787,901.535324144972,70.2871362940276
106,49,9838,225.271091685302,241.896972704001,0.43612902811216,1110.79203090059,1035.38229314901,71.9329131937386
106,50,9458,198.449460773948,206.795035434355,0.41160578637961,1257.0943116938,927.260203002749,67.2445548741806
106,51,7630,227.968414154653,227.968414154653,0.523038680059179,1076.44246395806,889.730799475754,55.759370904325
106,52,13746,198.793321693584,212.09432517743,0.433337111077003,1348.19816673942,930.532882293031,69.5584169940346
106,53,12998,182.598245883982,182.598245883982,0.391831134853523,1257.88136636406,830.877827358055,63.7241114017541
106,54,13422,184.749664729548,194.609662745542,0.411875685732383,1098.63246908061,1026.03814632693,42.4995529727313
106,55,13051,179.893801241284,194.78509868323,0.447866056786735,1336.79534135315,1033.10083518504,44.6555819477435
106,56,19243,180.234215039235,194.890851532314,0.465833409469183,1284.02255365587,915.657485839006,39.4533596632542
106,57,6664,234.700780312125,254.313070336949,0.459026953099691,1146.92076830732,986.094837935174,70.2924669867947
107,2,18555,188.02489894907,200.049291950541,0.430461953247024,1241.1384532471,820.432821341956,56.9720291026677
107,3,12426,210.342346692419,222.361522400547,0.429399773973969,1301.25921455014,954.938596491228,62.3742958313214
107,4,10040,222.116633466135,256.290419431926,0.502418249682012,1072.97400398406,972.790537848606,69.5755976095618
107,5,16555,192.310661431592,213.064293982958,0.4710590224619,1095.67236484446,848.793778314709,48.9014195107218
107,6,15312,210.820728840125,237.25808461594,0.445996810682349,1222.1499477534,1133.83764367816,46.3926985370951
107,7,7750,370.95135483871,370.95135483871,0.4871423374247,1107.70632258065,891.244903225806,69.6543225806452
107,8,9101,227.519063839139,261.552506223641,0.521296335128486,1170.46775079662,1045.00461487749,66.5106032304142
107,9,13554,183.454773498598,194.912357912623,0.413459635613989,1288.270326103,889.431164231961,57.8977423638778
107,10,12684,204.453878902554,221.069859006211,0.420088225270741,1187.26426994639,873.120545569221,74.2382529170609
107,11,14206,215.043291566944,242.988357230337,0.484410212455159,1274.02146980149,933.566732366606,72.7331409263691
107,12,14560,195.186401098901,207.650472503068,0.443759457414586,1341.27273351648,932.434065934066,54.4054945054945
107,13,15279,186.275345245108,193.44154465632,0.406237582278466,1284.03004123307,1070.17036455265,60.7644479350743
107,14,15823,189.497819629653,205.248138870117,0.465206870190099,1365.15357391139,1024.86709220755,52.7080199709284
107,15,10772,265.545673969551,306.413955524714,0.458850903462232,1161.61269959153,931.806349795767,72.5637764574824
107,16,11720,200.855034129693,211.284350044315,0.42358188488308,1232.04206484642,879.779436860068,62.2206484641638
107,17,14070,173.348116560057,181.02737072034,0.400477954701287,1258.99253731343,826.558208955224,63.2843638948117
107,18,16570,189.703802051901,211.102498021246,0.473686715902552,1288.83228726614,825.161617380809,49.6552202776101
107,19,11318,198.808446722036,213.969956799563,0.461181354421128,1124.70144901926,1093.81604523767,65.1942039229546
107,20,17471,175.527731669624,193.106747647538,0.500518355638574,1320.94499456242,806.048251388014,58.6578329803675
107,21,22339,152.794171628094,161.484743168738,0.447579412203487,1169.12865392363,797.799722458481,53.4199382246296
107,22,6776,243.007526564345,243.007526564345,0.493445930100962,1113.49822904368,942.73538961039,64.6831463990555
107,23,9570,221.558934169279,239.203691189363,0.438878148231699,1155.85506792059,1000.78850574713,75.5237199582027
107,24,10650,220.035868544601,246.935233432047,0.461934542906694,1373.15464788732,982.040751173709,59.4818779342723
107,25,8446,201.080748283211,213.936346718676,0.442958562908447,1235.6496566422,942.747572815534,62.5040255742363
107,26,11614,175.744015842948,188.367133631171,0.461010186408402,1100.32693301188,831.462889615981,62.1007404856208
107,27,11391,187.906066192608,205.396611978194,0.468267945303693,1371.52857519094,867.329119480291,55.1130717232903
107,28,10095,237.819811788014,253.168658388442,0.414388773850688,1203.40267459138,930.149281822685,68.8858841010401
107,29,10738,187.067796610169,200.525613015384,0.437511907983141,1225.34997206184,1090.35034457068,70.1308437325387
107,30,10019,223.053997404931,235.312061193193,0.412049526145683,1108.83281764647,1031.24373689989,72.2505240043917
107,31,15087,183.389673228607,198.196800840804,0.44299531859911,1276.66580499768,837.684098893087,71.4702061377345
107,32,11950,168.86460251046,181.134142412817,0.43371026512578,1178.96242677824,815.792133891213,61.892719665272
107,33,15263,202.404180043242,224.21593574554,0.484266388491567,1045.14499115508,1061.17978117015,57.6612068400708
107,34,12664,179.72781111813,192.437999266118,0.436891549449491,1035.27590018951,940.635897030954,51.9438566013898
107,35,9407,242.158817901563,242.158817901563,0.365406250640921,1195.20293398533,1020.78866801318,71.5753162538535
107,36,10596,202.983673084183,215.688935101353,0.431343020251159,1309.08493771234,879.535768214421,65.85664401661
107,37,13149,199.608715491672,219.045431245696,0.452544123686689,1051.17529850179,966.138793824625,61.4997338200624
107,38,26267,225.918833517341,260.895021812984,0.539687185453405,1229.37385312369,985.840788822477,77.2417862717478
107,39,12920,180.469117647059,180.469117647059,0.399694582308548,1205.99721362229,854.308978328173,67.8676470588235
107,40,11450,186.09423580786,208.803095522054,0.502073492828816,1125.70008733624,1143.28227074236,53.2273362445415
107,41,9276,214.420655454937,235.927755559873,0.467552899389878,1109.02285467874,1012.19954721863,65.3168391548081
107,42,8110,216.629839704069,216.629839704069,0.473235835885469,1072.90604192355,890.651664611591,56.3579531442663
107,43,9959,194.904508484788,209.445033793293,0.468516080937965,1052.63229239884,891.9135455367,63.0263078622352
107,44,9923,189.628035876247,197.374658173424,0.407918765068284,1266.29134334375,920.694648795727,67.293862743122
107,45,10165,213.602361042794,227.105122951418,0.40725578802271,1354.51500245942,909.256271519921,61.3307427447122
107,46,9181,198.229822459427,198.229822459427,0.389532353713819,1240.90839777802,994.612787278074,66.8060124169481
107,47,20111,203.15180746855,211.094894180603,0.412009850892634,1163.85803788971,885.861618019989,60.1231167023022
107,48,10633,192.271795354086,201.195325229858,0.416846829631903,1346.4376939716,1028.48810307533,65.180852064328
107,49,19477,177.239872670329,191.30978441749,0.470538034338893,1215.8653796786,1120.41977717308,63.3721825743184
107,50,13794,234.531462954908,252.093653123431,0.435867168573663,1143.42119762215,871.1034507757,65.9241699289546
107,51,8601,218.372166027206,231.165584123835,0.422978937534435,1287.0227880479,1015.06592256714,64.0581327752587
107,52,13010,192.539123750961,203.600016740153,0.426234751688035,1347.21191391238,933.455495772483,69.8588777863182
107,53,14420,176.805409153953,192.590872553154,0.468927306523705,1339.76740638003,1032.7020110957,44.4190013869625
107,54,13119,184.304443936276,184.304443936276,0.424198436061764,1098.29499199634,1024.02416342709,42.3517798612699
107,55,10924,257.020322226291,302.604709266471,0.517230042094788,1289.73507872574,1019.12934822409,71.661113145368
107,56,20505,174.001560594977,189.671970948395,0.486182439220664,1287.3419653743,911.85125579127,39.6960253596684
107,168,12461,246.470748736056,259.708482500508,0.43178646615782,1166.1416419228,961.773051921997,65.2706845357515
107,169,7393,251.335181928852,251.335181928852,0.396597684226855,1156.13350466658,980.742864872176,70.5004734208035
108,1,10538,281.969349022585,321.86292635029,0.473525787344069,1152.42190168912,869.346745112925,66.6483203643955
108,2,18304,185.108664772727,202.976120935949,0.484175930720127,1103.74497377622,838.129042832168,48.4346590909091
108,4,12152,200.736915734036,211.33607612923,0.418039230534868,1237.60557932851,875.976711652403,62.5143186306781
108,5,15586,216.182343128449,237.085122488908,0.452138186395427,1272.10733992044,931.23533940716,72.4677274477095
108,6,21654,152.773252055048,160.531809595686,0.438036782202795,1176.23422924171,791.811951602475,53.5538930451649
108,7,10814,265.512021453671,293.283970149015,0.451879778877,1160.11013501017,929.670519696689,72.353893101535
108,8,10578,217.973719039516,239.304515229915,0.438506742307539,1372.0243902439,990.727358668935,60.0091699754207
108,9,11307,212.829751481383,212.829751481383,0.384570075176462,1300.66312903511,958.814539665694,63.0810117626249
108,10,14976,208.777911324786,230.941317726899,0.466967929563345,1226.10283119658,1134.82411858974,46.607905982906
108,11,19892,186.589533480796,197.976399943656,0.430832124629853,1250.34833098733,822.922179770762,57.2082746832898
108,12,11375,184.209230769231,184.209230769231,0.396191665383406,1211.99252747253,1083.1803956044,71.4056263736264
108,13,14099,320.789063054117,320.789063054117,0.58326414601553,1104.9268742464,897.209943967657,69.3345627349457
108,14,9708,239.534816646065,254.223283224752,0.421170714833532,1204.5536670787,927.64585908529,68.6620313143799
108,15,15153,195.604764733056,203.378123530149,0.414065700013736,1341.89520227018,936.318286807893,55.3332013462681
108,16,13075,202.257820267686,220.862777521433,0.430825526852385,1180.64833652008,870.113346080306,74.1156405353728
108,17,15733,185.77169007818,200.096204000025,0.457870995834776,1366.78974130808,1030.60439839827,53.4988876882985
108,18,7982,202.410799298421,214.799037625719,0.444055444875922,1236.04760711601,946.712352793786,62.6545978451516
108,19,16694,188.088115490595,206.767633492105,0.469836398550544,1298.19360249191,823.741224391997,49.7158859470468
108,20,10613,213.189296146236,221.415622102578,0.436721692327189,1265.3565438613,1020.39724865731,64.770752850278
108,21,11263,191.803515937139,203.360391486639,0.459203299159717,1115.58794282163,1085.77785669893,65.8801385066146
108,22,8498,227.088020710755,244.143311699142,0.413815927056144,1144.44386914568,993.9078606731,75.7034596375618
108,23,9108,224.593324549846,242.376099743673,0.431353067601716,1110.88702239789,926.575318401405,63.504062362758
108,24,12264,175.138943248532,188.755593763711,0.467976486354444,1101.91193737769,829.391878669276,62.2356490541422
108,25,25126,232.086603518268,251.724310485738,0.479007060095966,1218.64797420998,981.470070842951,77.3086046326514
108,26,12455,183.690806904857,205.205885741731,0.500114835591887,1124.11296668005,1144.50092332397,53.4459253311923
108,27,13146,187.467138293017,202.773894342452,0.40686571450428,1295.10421420965,889.05096607333,58.3587403012323
108,28,10044,197.430306650737,215.009435270406,0.446180517915822,1087.26941457587,887.140083632019,57.1416766228594
108,29,12520,198.923881789137,215.338826092509,0.460474320515653,1047.93785942492,953.998722044728,60.8476038338658
108,30,10678,214.508147593182,214.508147593182,0.397290545008049,1355.8282449897,918.454673159768,62.2202659674096
108,31,13548,175.804472984942,175.804472984942,0.381347422905126,1258.6940507824,821.502361972247,63.41349276646
108,32,11249,182.138056716153,190.130789503886,0.413610044086165,1214.33647435328,849.70077340208,67.7796248555427
108,33,10251,192.44288362111,192.44288362111,0.37163657726051,1228.76392547069,994.278899619549,67.1698370890645
108,34,15123,181.63261257687,198.899659327142,0.480860465148159,1326.52271374727,809.280698274152,59.378099583416
108,35,10854,205.451999262945,218.027196475429,0.422260694823545,1315.28293716602,881.948958909158,65.8014556845403
108,36,10484,217.602441816101,248.825737223492,0.488013037293835,1064.72806180847,964.097577260588,68.7262495230828
108,37,10098,226.544662309368,240.773311868304,0.403369305827354,1098.74489998019,1021.54050306991,72.1464646464647
108,38,13493,175.104572741421,186.245739955108,0.450185178206996,1036.17164455644,925.033128288742,51.5514711331802
108,39,16440,199.024391727494,219.399859049477,0.474956812352999,1038.98929440389,1058.70857664234,57.6549878345499
108,40,14245,229.664584064584,229.664584064584,0.397640004627609,1165.90986310986,958.401544401544,64.8225342225342
108,41,14372,187.470846089619,203.455356766295,0.447015902368766,1275.67102699694,836.827024770387,71.3964653492903
108,42,8087,235.208359094844,259.194713899958,0.468638687561172,1141.93730678867,977.203041919129,69.2071225423519
108,43,12078,166.744990892532,176.927288500166,0.430942050899076,1181.81114422918,807.648948501408,62.0428878953469
108,44,11705,187.93729175566,203.133547302704,0.454077411312403,1373.69833404528,872.984280222127,54.525843656557
108,45,10672,191.533264617691,208.351019002182,0.462710006109617,1054.11413043478,882.319996251874,62.2520614692654
108,46,8291,216.199010975757,230.658671867267,0.427889817970217,1104.90761066216,1000.19105053673,65.4231093957303
108,47,14135,189.312274495932,197.072516042327,0.406017728898625,1279.57750265299,1076.02851078882,60.9729041386629
108,48,18518,180.341829571228,192.326284382618,0.449460010113132,1213.16713467977,1119.14666810671,63.6641645966087
108,49,17614,196.637844896105,204.639362059983,0.408252328839799,1169.86215510389,881.133075962303,59.5961734983536
108,50,5032,278.384538950715,278.384538950715,0.61706210874315,1257.85949920509,1000.88950715421,74.7559618441971
108,51,13867,191.843657604385,201.888688854256,0.425293089640559,1344.61859089926,939.443066272445,70.3894137160164
108,52,9282,196.363176039647,205.648324806041,0.407317644188275,1341.52564102564,1035.87728937729,64.3524024994613
108,53,12759,175.373305117956,189.327680873575,0.441543503874185,1343.35488674661,1040.56062387334,45.0242965749667
108,54,7895,188.87929069031,196.75115137295,0.409133513064153,1261.06991766941,917.384040531982,67.3718809373021
108,55,5751,292.133541992697,365.458960758104,0.617482417356206,1316.35593809772,1035.7442183968,68.6346722309164
108,56,13898,177.800043171679,191.015742425038,0.427020664626792,1096.08670312275,1029.01546985178,42.2309684846741
108,57,20108,174.050825542073,187.262504304379,0.460861467333431,1289.22662621842,914.461458126119,39.4140143226576
108,170,7924,227.741418475517,242.82959154136,0.441140825678108,1165.56638061585,1044.18992932862,67.1187531549722
108,171,10112,252.979430379747,267.395460979935,0.400032151087357,1182.29964398734,1018.9023931962,71.5261075949367
109,1,21700,192.953179723502,202.008998509831,0.416279134516152,1246.13571428571,818.005253456221,57.0395391705069
109,4,11635,198.167855608079,198.167855608079,0.385247540455711,1226.20558659218,1079.94035238505,71.9433605500645
109,6,22866,156.583267733753,166.129086519313,0.452805804215218,1173.71013732179,794.769133210881,53.1753258112481
109,7,11921,192.940776780471,207.627208250355,0.444185993910736,1120.63853703548,1089.20677795487,66.5336800603976
109,8,12574,208.296564339112,220.140597511723,0.434723042117825,1239.63273421346,875.656911086369,62.4962621282011
109,9,17885,194.460441710931,215.404847632302,0.47393089025681,1097.41839530333,844.032876712329,48.8290746435561
109,10,11318,216.873917653296,231.424066454115,0.419187750407742,1319.43541261707,877.698533309772,65.3887612652412
109,11,13552,197.089211924439,207.988463100067,0.405832667855274,1298.47166469894,888.161673553719,58.3842237308146
109,12,11268,231.025204117856,243.898978323533,0.445459666458383,1380.25443734469,983.841586794462,59.9064607738729
109,13,12050,223.199751037344,235.051887320042,0.43087931094103,1305.41850622407,958.509543568465,63.7963485477178
109,14,4707,377.958572339069,458.041167925156,0.573829936778994,1114.1586998088,948.278308901636,72.7856384108774
109,15,17524,199.872631819219,224.459860795149,0.491294452286003,1298.81197215248,825.161435745264,49.7175873088336
109,16,8747,206.063107351092,225.223806045433,0.466391560310201,1244.2136732594,947.770892877558,62.8720704241454
109,17,12618,204.97083531463,217.447791744873,0.441924662212038,1177.6796639721,868.638770011095,74.3361864003804
109,18,11645,230.975182481752,251.218024728889,0.445917223922767,1270.93044224989,1020.87453842851,65.7449549162731
109,19,13720,201.889795918367,201.889795918367,0.381803457336429,1287.88002915452,1076.17244897959,61.6975947521866
109,20,11755,202.450871969375,211.684013287574,0.42073556912184,1355.22186303701,1031.7124627818,63.7094853253935
109,21,25153,241.283465193019,272.016830711133,0.512639989022148,1212.38341350932,973.523078758001,77.504750924343
109,22,12799,197.904914446441,218.117999791223,0.456431510424355,1052.07156809126,959.247050550824,61.1587624033128
109,23,10306,197.836211915389,214.767828341097,0.438676226255836,1091.24519697264,893.229963128275,57.6033378614399
109,24,15853,190.257112218508,209.61468588878,0.503959676346855,1325.858701823,807.226644799092,58.8135999495364
109,25,18286,191.065295854752,205.631405502119,0.449847917422448,1222.99185168982,1121.10844361807,64.3451821065296
109,26,15464,198.533561821004,217.044133972843,0.462684426726754,1371.66599844801,1029.09150284532,53.6076047594413
109,27,12774,192.05064975732,209.256543433883,0.473744335913043,1373.49037106623,868.31798966651,54.3691874119305
109,28,9128,213.574057843996,238.27286634349,0.429941984354411,1115.8361086766,999.209246275197,65.7552585451358
109,29,11104,230.299441642651,230.299441642651,0.393058391039477,1359.02053314121,915.885176512968,62.0283681556196
109,30,10294,190.052554886342,199.781509872242,0.413643214608728,1219.8032834661,849.974451136584,68.1702933747814
109,31,8916,221.077949753253,246.201928078307,0.468063392604382,1118.41105877075,923.336361597129,63.5134589502019
109,32,14968,219.632683057189,250.378906458994,0.473236486386635,1239.10014698022,1138.56507215393,46.8808792089792
109,33,9904,271.438206785137,289.98745581186,0.409202879827171,1164.33178513732,923.465670436187,72.3967084006462
109,34,12927,177.125087027152,189.446001777286,0.446263494860167,1035.48209174596,929.418503906552,51.8952579871587
109,35,10116,193.546955318308,212.206877485366,0.457881886695067,1051.2733293792,886.816429418743,62.2978449980229
109,36,14880,194.504166666667,212.388498504377,0.453972342494645,1276.85913978495,835.606451612903,71.3520833333333
109,37,14893,208.298328073592,223.684493701287,0.455674238832029,1342.46068622843,933.791378499966,55.1782045256161
109,38,16928,193.041351606805,213.251329991792,0.476721724292209,1041.37706758034,1062.80056710775,58.359699905482
109,39,9605,237.262988027069,256.881722020129,0.446437767288887,1153.9027589797,971.396460176991,69.1710567412806
109,40,19167,201.956592059269,209.117618629872,0.405668130112771,1168.33067251004,881.158971148328,59.9647310481557
109,41,11348,176.287980260839,189.090115075992,0.426455738896739,1181.49162848079,809.963605921748,61.6727176594995
109,42,9762,215.633886498668,232.827854711398,0.442386289139313,1100.4598442942,1023.24339274739,72.360479409957
109,43,5139,268.218525004865,295.571600719044,0.454802930616384,1256.2103522086,996.624245962249,75.1504183693326
109,44,9962,247.858863681992,267.239298982712,0.438107907694416,1211.64926721542,925.955229873519,68.6381248745232
109,45,9640,214.260892116183,233.787411182275,0.468647678399674,1067.96006224066,964.691804979253,68.8053941908714
109,46,12792,265.124140087555,265.124140087555,0.515160551906148,1158.65111006879,855.083880550344,66.8799249530957
109,47,12575,186.336381709742,208.920246968967,0.511608685217087,1130.22170974155,1148.80031809145,53.7022664015905
109,48,8249,226.391198933204,248.252491488893,0.423868902046123,1143.02327554855,996.976360771003,75.9827857922172
109,49,12179,234.539371048526,246.517367868068,0.409301415134515,1173.03407504721,953.632974792676,64.4244190820264
109,50,13817,183.525005428096,183.525005428096,0.395308743584182,1256.11493088225,820.313526814793,63.1317217919954
109,51,14273,199.857142857143,216.668756105789,0.463240590553443,1347.61773978841,936.894416030267,70.4449660197576
109,52,8348,208.446214662195,208.446214662195,0.380466441438231,1233.42453282223,995.993291806421,67.8826066123622
109,53,7536,252.900875796178,287.111432797483,0.472603786382478,1321.78197983015,1040.71284501062,68.1644108280255
109,54,12649,187.215669222863,202.681399769178,0.446405794072066,1347.41536880386,1041.22373310143,45.1085461301289
109,55,13689,183.121995763021,193.78044019583,0.433025141484756,1100.65833881218,1036.38118197093,42.3091533347944
109,56,21060,184.184140550807,200.158830617297,0.474118040658795,1287.75503323837,915.445631528965,39.3351377018044
109,95,9555,204.146415489273,204.146415489273,0.383316608775459,1271.36305599163,913.207116692831,68.2513867085296
109,96,9643,248.963289432749,248.963289432749,0.384672036175036,1278.73255211034,921.058384320232,72.9863113139065
109,172,5685,243.936147757256,264.834110427242,0.504762414023397,1173.54934036939,1040.93403693931,67.4847845206684
109,173,8906,257.903660453627,257.903660453627,0.396450721887066,1189.04614866382,1019.52009880979,71.9937121041994
109,180,8584,191.562441752097,203.646860558355,0.40298483249375,1104.13385368127,833.244175209692,62.1162628145387
109,181,6452,316.66955982641,241.347582752378,0.637871464135924,1095.97411655301,856.340204587725,65.8504339739616
110,1,25860,149.591144624903,157.274376873976,0.457823073268544,1164.54590100541,793.753596287703,52.7684454756381
110,3,14327,216.063307042647,243.464342766775,0.474881482381035,1249.84686256718,826.840859914846,56.3281217282055
110,4,11296,189.798070113314,189.798070113314,0.395439115440234,1240.0647131728,1082.80648016997,72.5892351274788
110,6,8416,232.588403041825,232.588403041825,0.391807265973433,1164.25463403042,974.445342205323,70.5266159695818
110,7,8213,306.210276391087,353.228843577707,0.483619162466009,1118.18495068793,954.370875441373,73.318519420431
110,8,12582,197.799713876967,212.108061598035,0.42512039014386,1232.97083134637,874.893419170243,62.5964870449849
110,9,12056,196.087176509622,209.401441580708,0.458171236398355,1127.49402786994,1092.34281685468,67.5318513603185
110,10,11706,201.183581069537,215.239990538294,0.42541352587435,1316.48291474458,869.057064753118,64.8634033828806
110,11,12065,261.125404061334,301.700004785831,0.48240219588981,1146.61591380025,849.667053460423,66.9719850808123
110,12,12305,188.422429906542,188.422429906542,0.389151197556564,1289.42251117432,885.221048354328,58.6790735473385
110,13,11272,210.999024130589,226.795909962873,0.433423866635312,1305.49795954578,953.012863733144,63.9811036195884
110,14,11067,195.394144754676,209.67508921812,0.454389650582963,1090.46381133098,897.605132375531,57.7646155236288
110,15,18741,190.836988421109,210.837053955837,0.483610517724458,1087.86895042954,851.383223947495,48.5010938583854
110,16,17996,174.97416092465,192.915623328939,0.504335407579273,1315.43698599689,797.208212936208,57.8856968215159
110,17,14610,193.078302532512,201.566735561279,0.414159699656292,1340.0984257358,917.658453114305,54.8415468856947
110,18,11931,175.765568686615,189.762939893877,0.469241401767109,1092.72215237616,828.551253038304,60.5634062526192
110,19,13379,195.757231482174,208.888958707775,0.448189723343818,1051.08946857015,967.566709021601,61.8809328051424
110,20,17330,184.186439699942,195.608416611897,0.440056603445953,1240.47732256203,1121.86555106751,64.9527986151183
110,21,10612,210.86223143611,230.553397561187,0.448478044703802,1120.20938560121,1005.05861289107,66.5110252544289
110,22,15972,209.360818933133,230.452696632662,0.461192615965589,1241.9450288004,1136.17712246431,46.6466316053093
110,23,10205,223.131896129348,239.593223213391,0.433692007566805,1379.19186673199,972.379715825576,59.2224399804018
110,24,13066,180.746288075922,197.399715457547,0.479606894288786,1365.80797489668,856.0636767182,54.0708709628042
110,25,12001,204.690692442296,224.207340637769,0.44198357478136,1169.00841596534,868.375718690109,73.984667944338
110,26,12963,175.735632183908,193.421142442299,0.512306156956434,1137.55241842166,1154.17488235748,53.8661575252642
110,27,15667,182.715452862705,198.367084209638,0.456562736733915,1273.55696687305,825.856577519627,70.4803727580264
110,28,8849,226.431122160696,255.519670299624,0.458103388115121,1105.88574980224,927.64346253814,64.6237992993559
110,29,25028,223.056376857919,250.01643199644,0.492861543038931,1221.94622023334,970.830469873741,77.5787917532364
110,30,13017,188.792194822156,196.692121934553,0.408553058856102,1300.91295997542,1070.03679803334,61.4100023046785
110,31,9098,198.329083315014,212.878712577417,0.442082424996071,1238.86612442295,947.104418553528,63.3124862607166
110,32,8381,216.171339935569,232.52780932245,0.442337274559605,1332.43276458656,1041.02410213578,68.5239231595275
110,33,13393,177.407302322109,189.064757616615,0.452873311111595,1029.56201000523,943.043604868215,52.2355708205779
110,34,10685,178.099017313992,185.826492055024,0.402503897264949,1210.92063640618,843.388582124474,68.3923256902199
110,35,11969,219.218898821957,240.384593367661,0.441422125110031,1281.40880608238,1021.73205781602,66.2963489013284
110,36,15820,191.89203539823,209.406717592493,0.451386196916172,1290.36820480405,819.528508217446,49.1615676359039
110,37,8788,254.826809285389,295.729308457834,0.505820737559539,1084.06781975421,866.643946290396,66.329540282203
110,38,11937,168.980480857837,178.174801438749,0.411527752683947,1174.8891681327,809.553740470805,61.617575605261
110,39,14594,193.488556941209,214.706141182663,0.469138538303945,1374.62772372208,1018.25736604084,53.1454022200904
110,40,6612,219.817150635209,230.148019799635,0.410006179747114,1273.78070175439,990.614791288566,73.7032667876588
110,41,8921,240.07633673355,240.07633673355,0.369978234622919,1213.16500392333,923.288868960879,69.3888577513732
110,42,10573,212.190296037076,232.095621565673,0.477066040577749,1067.99300104039,972.005769412655,69.1845266244207
110,43,10584,190.074357520786,197.929617045767,0.409511495058884,1356.97600151172,1021.24962207105,63.2423469387755
110,44,9349,223.935287196492,246.02093828759,0.44981562404951,1157.69740079153,1008.97668199807,76.3944806931223
110,45,10059,206.889651058753,220.273518403159,0.431846552308523,1111.44089869768,1032.11830201809,72.6338602246744
110,46,16721,199.18282399378,219.975066354666,0.463961612690637,1049.03791639256,1073.96387775851,59.3383768913342
110,47,15730,220.007247298156,220.007247298156,0.372709065641078,1169.68849332486,948.196567069294,65.1583598219962
110,48,18480,195.550432900433,195.550432900433,0.396493556934871,1164.06228354978,880.911093073593,60.3609848484848
110,49,10435,191.866506947772,211.066055259087,0.473453055712404,1041.93579300431,893.563296597988,61.6358409199808
110,50,10600,214.67179245283,230.760374164878,0.411788264879439,1361.43471698113,909.524245283019,61.7503773584906
110,51,13498,178.495703067121,192.928901908818,0.454468063473988,1349.42643354571,1038.94665876426,44.9095421543932
110,52,13269,190.612781671565,201.269652134868,0.426515624647719,1347.11078453538,925.285628155852,70.1968498002864
110,53,12235,175.829178586024,175.829178586024,0.378596625640808,1244.18774008991,819.806375153249,63.5396812423376
110,54,7076,199.811051441492,199.811051441492,0.367000780177041,1239.29282080271,990.498445449406,68.5503109101187
110,55,9809,266.744112549699,294.640656711054,0.439796701913532,1166.42206137221,925.222550718728,72.8202671016413
110,56,14057,175.056768869602,187.500864466871,0.433970433515313,1099.40968912286,1039.29238102013,42.3923312228783
110,57,22017,173.857610028614,187.783975944851,0.468183859818009,1283.23195712404,912.896625334968,39.0523686242449
110,97,9531,192.315286958346,192.315286958346,0.382844381369353,1270.31738537404,906.609694680516,68.2360717658168
110,98,10230,229.107624633431,229.107624633431,0.394632678032798,1279.74486803519,912.777126099707,73.2393939393939
110,178,5668,245.229357798165,245.229357798165,0.346283945498646,1188.71242060692,1048.04940014114,68.6730769230769
110,179,9455,230.274352194606,230.274352194606,0.364990486689328,1201.71147540984,1020.24040190375,72.5831835007932
111,1,9992,257.895416333066,292.03842906979,0.489129777634878,1245.90932746197,832.483386709368,56.6069855884708
111,3,12264,223.723988910633,246.063330281536,0.438404822738137,1309.35469667319,958.693330071755,63.8674168297456
111,4,29083,152.086682941925,159.292948424931,0.440947936830962,1179.90712787539,791.955712959461,53.5424130935598
111,5,18692,187.682537984164,201.253731912454,0.43903680061673,1238.10630216135,1129.51214423283,64.4860368071902
111,6,18943,193.34836087209,216.59204054627,0.488968483209782,1094.73013778177,841.177479807845,48.8312833236552
111,7,17878,215.774247678711,238.657444275432,0.483468338396138,1234.87123839356,1140.64185031883,46.4162098668755
111,8,10960,194.070437956204,194.070437956204,0.38918468907952,1242.01177007299,1088.47354014599,72.1976277372263
111,9,10816,215.134615384615,231.316037818397,0.434671860470496,1231.13729659763,884.385077662722,63.0845044378698
111,11,10870,200.776448942042,211.840781707697,0.420072743049458,1285.07414903404,893.708923643054,59.5315547378105
111,12,19589,203.38552248711,203.38552248711,0.393143228463962,1154.64852723467,875.24462708663,61.6475573025678
111,13,6612,279.945704779189,323.311906251057,0.524802634385164,1120.51769509982,891.282062915911,68.8830913490623
111,14,12381,201.430094499637,213.23513516614,0.430867741306532,1120.37121395687,1094.07737662547,67.8771504724982
111,15,17101,187.104906145839,208.814189970525,0.509415551806408,1318.11057832875,799.462078241039,57.8970235658733
111,16,10007,225.389627260917,242.95141709396,0.429305917632103,1163.62935944839,1024.26071749775,76.411112221445
111,17,13478,208.122866894198,223.793787191026,0.439356233756186,1176.00779047336,870.129767027749,74.1474254340407
111,18,11788,193.231676280964,193.231676280964,0.384421231539178,1204.86214794706,851.873600271462,68.5426705123855
111,19,10390,264.069393647738,284.993775313048,0.439313070567792,1169.25264677575,926.484215591915,73.5862367661213
111,20,9586,214.159607761319,214.159607761319,0.395312690570017,1108.02284581682,1038.51439599416,72.2721677446276
111,21,9520,214.89474789916,231.050804731487,0.445980316973502,1121.89579831933,1001.84023109244,67.0957983193277
111,22,8365,258.536521219366,287.387115435026,0.469365668366746,1077.38732815302,873.78218768679,67.255708308428
111,23,10959,202.614563372571,211.397008272391,0.426079297503261,1356.99060133224,1028.51647048088,62.8783648143079
111,24,11091,232.969975655937,256.298691732452,0.47510344131176,1387.41357857722,976.429717789198,58.8335587413218
111,25,13973,225.339225649467,245.60955950162,0.445812573476824,1280.21784870822,1025.81364059257,66.405854147284
111,26,11023,269.776195228159,303.7523246598,0.454845314916941,1166.20058060419,938.991563095346,65.4907919804046
111,27,11539,212.221163012393,225.000426007416,0.41708068901347,1325.44440592772,869.499956668689,64.7843833954416
111,28,9167,220.301298134613,237.231976094814,0.439635831582033,1332.09676011781,1044.81662485001,68.37155012545
111,29,9749,207.077341265771,226.053138860495,0.470991846813435,1242.21632987999,947.565083598318,63.7128936301159
111,30,24907,242.806078612438,267.973084919511,0.463729161138854,1228.38483157345,978.351788653792,77.1954470630746
111,31,13632,199.049075704225,217.674151373647,0.455963086169976,1049.65302230047,962.777875586854,62.2100938967136
111,32,15584,203.87294661191,229.150500604813,0.470495642513148,1378.32764373717,1023.16305184805,52.7660420944559
111,33,11845,177.137273111017,190.710341688537,0.461800483275788,1101.70991979738,825.822541156606,60.8818066694808
111,34,15673,192.019651630192,208.425538465522,0.458576538914836,1276.21789063995,827.22184648759,70.4927582466662
111,35,17720,199.244300225734,219.687618020922,0.470586841539688,1292.26585778781,821.929853273138,49.6200338600451
111,36,12155,187.846976552859,209.566772330916,0.51407407067964,1138.82525709585,1154.48235294118,52.9616618675442
111,37,10207,207.576859018321,226.518572085548,0.460331119189458,1094.21534241207,893.865484471441,58.900166552366
111,38,9360,223.366346153846,250.463301089617,0.46387776793223,1068.08472222222,970.12297008547,69.7195512820513
111,39,11983,196.117583242927,210.359572974643,0.458913109415843,1372.56187932905,860.513060168572,54.2031210882083
111,40,10136,192.233425414365,207.566717170032,0.480068830127845,1041.92995264404,888.107340173638,61.4706985003946
111,41,14153,176.519819119621,192.133333692707,0.462138960812907,1031.90694552392,929.694764360913,52.3289761887939
111,42,8022,238.495761655448,238.495761655448,0.406282413208415,1162.5051109449,978.45051109449,70.9406631762653
111,43,8393,233.150482544978,271.736622333368,0.493009206509953,1104.15536756821,928.113666150363,65.5466460145359
111,44,11789,190.384341335143,190.384341335143,0.367149756028913,1245.64051234201,823.8937144796,63.5639155144626
111,45,5985,266.304093567251,220.619409797771,0.559477736519147,1175.31445279866,814.775104427736,66.4634920634921
111,46,7200,229.162638888889,253.207564536785,0.445151709041352,1288.48513888889,995.507361111111,73.2490277777778
111,47,11926,197.641623343954,211.904852234902,0.424431892490206,1302.51349991615,1073.40877075298,61.6614958913299
111,48,9119,285.82903827174,316.538738518186,0.480819394391902,1119.45301019849,959.976861497971,74.1069196183792
111,49,8800,212.1725,212.1725,0.380338627544698,1235.04772727273,993.330909090909,67.9388636363636
111,50,10276,252.678863370961,263.785431882205,0.409431844135991,1218.11298170494,922.427209030751,70.016251459712
111,51,13904,209.127373417722,221.160208903744,0.431823816494935,1339.3413406214,917.709579976985,55.4513808975834
111,52,13828,201.721940989297,217.274685098119,0.453500922573725,1351.35862019092,934.696846977148,70.2241828174718
111,53,15527,178.092355252141,193.056355604879,0.4682744610362,1351.42326270368,1039.11657113415,44.6073935724866
111,54,16885,198.063488303228,222.776058057195,0.481658956999499,1040.67598460172,1066.56713058928,59.4084098312111
111,55,12387,226.696455961896,253.098528327516,0.462203090575676,1361.78550092839,915.640268022927,62.050859772342
111,56,14042,181.854507904857,195.442419215481,0.437562735847164,1102.35393818544,1030.96788206808,41.4867540236434
111,57,8958,185.830319267694,185.830319267694,0.395110175907326,1188.40522438044,819.215449877205,61.3482920294709
111,58,23118,178.881520892811,195.363218888916,0.480836841355226,1284.97015312743,909.394194999567,39.0663552210399
111,174,10237,194.450522614047,204.739923592715,0.410844543250129,1272.59089577025,903.084790465957,68.1391032529061
111,175,11626,237.986323757096,253.234152181766,0.426448007219095,1284.53939446069,916.900051608464,73.1856184414244
111,176,8007,236.838391407518,269.977185813058,0.492244525181776,1185.06169601599,1049.41026601724,68.5724990633196
111,177,10019,252.429783411518,252.429783411518,0.339027916572146,1204.05858868151,1020.94480487075,72.1976245134245
112,1,22501,169.408559619572,185.560933970788,0.485578806667779,1134.38380516421,810.607661881694,48.1606595262433
112,2,11982,324.384994157904,381.318667817342,0.525510100561922,1216.43114672008,980.706726756802,76.2134034384911
112,3,11177,207.295517580746,223.738527453025,0.420471052654762,1239.75306432853,888.455757358862,64.1116578688378
112,5,12975,229.329325626204,239.723839681858,0.416735696966986,1170.96578034682,1024.65271676301,71.0033140655106
112,6,9783,246.486967187979,286.793284733734,0.490984418797658,1277.040580599,850.136767862619,57.5346008381887
112,7,12560,216.328105095541,216.328105095541,0.375927202225529,1254.11472929936,1040.47460191083,67.2109872611465
112,8,10340,242.92330754352,264.015399864185,0.440520190180653,1157.12930367505,917.888394584139,72.7969052224371
112,9,16975,203.59793814433,226.480407194335,0.48218500552269,1215.89160530191,1140.20683357879,45.8660382916053
112,10,12368,223.823576972833,248.003446436103,0.424046552227754,1212.5922542044,928.258166235446,69.7751455368693
112,11,11140,205.672262118492,215.531858394393,0.401974847807842,1334.46292639138,894.214901256732,66.2222621184919
112,12,15400,198.16974025974,206.041600355555,0.40627281158031,1349.2674025974,936.963571428571,57.1942207792208
112,13,8140,208.4,208.4,0.454830983244176,1202.43746928747,806.131203931204,65.6590909090909
112,14,10916,226.21326493221,245.132294416481,0.41341241173356,1380.06009527299,1013.32795895933,60.5694393550751
112,15,8799,276.386293897034,326.306428802585,0.512350158558979,1157.73587907717,938.20309126037,65.0656892828731
112,16,10814,185.18069169595,199.217030704239,0.405067826124072,1201.52358054374,1090.96208618458,72.2612354355465
112,17,16786,169.94495412844,179.493669043063,0.422253540963367,1199.45055403312,1134.66740140593,64.5382461575122
112,18,8385,205.369946332737,218.999097346826,0.444954520685612,1268.21192605844,1009.64209898629,73.7611210494931
112,19,9001,198.005110543273,198.005110543273,0.358166020874743,1302.76347072547,1065.35351627597,69.9812243084102
112,20,8680,201.216589861751,215.793209037712,0.432394239131752,1236.68721198157,953.704493087558,63.9626728110599
112,21,12810,178.730288836846,191.627687285211,0.435398832958634,1041.2800156128,924.135206869633,60.7349726775956
112,22,8920,211.122533632287,227.477040371572,0.444361786871732,1130.79282511211,1015.34405829596,75.6937219730942
112,23,6739,225.071672354949,238.470128058256,0.422236492795734,1135.00178067963,968.107137557501,70.4950289360439
112,24,15743,181.853585720638,197.335663710382,0.460632257365348,1372.71180842279,1053.76827796481,54.3785174363209
112,25,11744,208.295214577657,218.871674493014,0.418066019817574,1298.6367506812,980.895435967302,65.2579189373297
112,26,9157,216.225510538386,237.703555200525,0.465449930708664,1085.22561974446,842.865567325543,66.1396745659059
112,27,11633,192.516461789736,205.968060438607,0.423105958224768,1084.4784664317,1077.69062150778,66.7385884982378
112,28,7517,222.513103631768,222.513103631768,0.457821981950399,1128.57496341626,864.123719568977,68.928029799122
112,29,11670,183.353299057412,183.353299057412,0.384562000136286,1335.45561268209,1058.21036846615,63.8892030848329
112,30,7986,215.342474330078,242.04029465278,0.436098117190182,1104.81392436764,901.967568244428,64.4944903581267
112,31,11246,194.104748354971,206.892684901073,0.43859189601531,1387.66050151165,889.518673306064,56.1171972256802
112,32,15272,182.026322682032,199.431164591545,0.478865048849748,1340.14837611315,818.148572551074,59.2477082242012
112,33,11706,179.499316589783,179.499316589783,0.384904302648327,1213.55031607723,857.64667691782,68.6977618315394
112,34,18680,192.593308351178,216.201653566953,0.501464312678948,1016.77483940043,1025.46750535332,57.5376338329764
112,35,9933,208.534279673815,216.276098462258,0.417544449409248,1098.46340481224,984.111346018323,66.4393436021343
112,36,14865,160.114026236125,169.632056123619,0.456182050084717,1046.39724184326,882.295391860074,50.704608139926
112,37,14029,182.895145769478,182.895145769478,0.391629137709044,1277.39945826502,1087.24784375223,62.4001710742034
112,38,13428,190.431560917486,204.207726676164,0.418365258268688,1182.03187369675,862.69854036342,73.9909145070003
112,39,14503,158.687581879611,169.853748833117,0.471077451915807,1137.37792180928,796.847893539268,59.5071364545267
112,40,11617,173.726693638633,173.726693638633,0.379666111863658,1273.2928466902,829.739863992425,64.3053283980374
112,41,12809,213.989070185026,230.68099354514,0.446034072068077,1358.46178468264,950.783901943946,64.1199156842845
112,42,10568,205.146574564724,219.748355875191,0.439311493557742,1075.65291445874,1013.67855791067,71.1704201362604
112,43,15405,160.456020772476,170.073071753627,0.458007644102573,1350.55378123986,1053.55787082116,45.7402142161636
112,44,7626,204.631917125623,220.752367950509,0.453821639694351,1139.55717282979,1040.89221085759,68.9444007343299
112,45,9702,200.128736343022,217.269503259804,0.463075910736846,1053.44856730571,933.751185322614,68.1949082663368
112,46,15698,194.331889412664,212.024967147473,0.46359071659092,1315.87616256848,830.389922283093,50.8127149955408
112,47,9762,173.290104486785,185.883427931933,0.463144290876246,1056.00030731407,852.925732431879,59.7762753534112
112,48,12273,173.871913957468,187.727836886667,0.470518716198567,1105.17127026807,1133.56237268801,50.967489611342
112,49,10785,181.470097357441,192.920523077575,0.42708089441235,1107.00630505331,862.855447380621,57.5192396847473
112,50,9972,193.930806257521,201.667121287223,0.412615596604694,1295.87344564781,909.774267950261,60.8078620136382
112,51,19594,154.947585995713,154.947585995713,0.508169236470754,1213.41972032255,788.254618760845,54.4910686944983
112,52,15012,182.097322142286,194.588926463023,0.442039837784593,1286.31095123901,840.345790034639,71.5466293631761
112,53,11777,193.643033030483,193.643033030483,0.396464868379091,1337.39916786958,960.962639042201,72.09331748323
112,54,12626,221.72279423412,257.283928990011,0.525796496518329,1099.09155710439,924.6124663393,73.2130524314906
112,55,8461,196.126935350431,196.126935350431,0.357426907286784,1212.14820943151,996.148682188867,67.3390852145136
112,56,8980,176.952004454343,176.952004454343,0.392909196138397,1218.35334075724,830.822383073497,61.2021158129176
112,57,14952,166.836944890316,177.404831449951,0.413678301932104,1107.76658640984,1002.99237560193,39.7193686463349
112,58,10507,212.861330541544,232.241705090836,0.478893932643961,1158.30684305701,868.478157418864,60.992386028362
112,59,18062,179.878806333739,191.870315411738,0.444457580973639,1307.19815081386,909.670302292105,39.7924925257447
112,99,11355,185.592250110084,185.592250110084,0.383753430410732,1276.63927785117,914.774460590048,69.1551739321885
112,100,10612,223.618545043347,223.618545043347,0.348225296855062,1273.30795326046,926.443554466642,73.8891820580475
113,1,24472,173.9655116051,193.224114039005,0.500939603785407,1161.03820693037,793.90478914678,47.9518224910101
113,2,10618,222.883782256545,234.720384172315,0.416497729222075,1237.50649839895,894.689112827274,64.8389527217932
113,3,9028,214.28788214444,214.28788214444,0.47531765330589,1211.13003987594,810.403743907842,66.4150420912716
113,4,13856,177.011330831409,189.989929636968,0.453383364156774,1040.41931293303,894.669962471132,59.6335161662818
113,5,13308,227.019461977758,242.888310439632,0.421377820190149,1350.14074241058,974.557258791704,64.5595882176135
113,6,15140,232.21036988111,248.116794643859,0.413497671113626,1267.32939233818,938.578401585205,74.0089167767503
113,7,13147,230.593519434091,251.070698497369,0.446527391525242,1235.10778124287,1049.68395831749,67.4909865368525
113,8,18089,167.340980706507,177.307302064839,0.448698732874706,1234.68522306374,794.743379954669,55.9411797224833
113,9,9563,219.769214681585,243.295099723612,0.436604549833173,1131.88194081355,851.853497856321,68.195231621876
113,10,15664,198.737997957099,213.732257828292,0.401090965097014,1252.79283707865,1095.08675944842,61.8517620020429
113,11,13479,214.560353141924,214.560353141924,0.399740005151732,1347.98538467245,951.384969211366,58.3701313153795
113,12,18660,178.262486602358,178.262486602358,0.484007543613228,1167.59142550911,1135.64967845659,63.0323151125402
113,13,11299,209.745464200372,209.745464200372,0.464870877925277,1106.06965218161,815.436144791575,65.4299495530578
113,14,9486,214.206725701033,214.206725701033,0.413464590365375,1271.31541218638,1086.11037318153,69.6827956989247
113,15,12101,221.144202958433,242.804525803594,0.475536773589503,1367.39153788943,1038.86447401041,60.9382695644988
113,16,15528,161.246780010304,172.293940279634,0.475372091141172,1059.59363730036,850.531620298815,50.0296883049974
113,17,11997,252.542218888055,288.532860923476,0.457528789056897,1155.09118946403,908.294406935067,72.3309994165208
113,18,11788,186.106888361045,203.439621709851,0.437560540461089,1118.71878181201,844.035799117747,57.3890397013912
113,19,11145,202.624315836698,221.482418012202,0.446546297293987,1394.08775235532,911.386361597129,56.4635262449529
113,20,13754,174.043042024138,188.648926518393,0.46283374143446,1356.15261014977,1071.97513450633,54.5592554893122
113,21,5748,230.063152400835,230.063152400835,0.536795339787865,1303.71537926235,808.348990953375,56.7268615170494
113,22,9050,269.363314917127,309.08682664143,0.501441910148242,1174.6879558011,877.007624309392,61.6940331491713
113,23,12814,230.249024504448,252.07080631349,0.447797879705848,1289.76221320431,997.582409864211,66.0810831902607
113,24,12192,194.201197506562,205.003659069944,0.40279450006132,1170.86753608924,1093.08595800525,71.071686351706
113,25,13455,241.031512448904,263.890234601427,0.46899301625268,1156.24496469714,1012.12991452991,70.7657376439985
113,26,11442,219.116151022549,235.337916188282,0.411575474086568,1335.80746373012,915.227145603915,67.5259570005244
113,27,11515,388.334520191055,466.999570460807,0.53489245516746,1201.43108988276,987.013373860182,75.3644811115936
113,28,13721,165.612346038918,179.46667372782,0.477158316501178,1161.44391808177,785.402011515196,59.6380730267473
113,29,9867,245.851525286308,270.918064479974,0.446215550769017,1202.06121414817,928.290969899666,69.7106516671734
113,30,11890,185.138687973087,185.138687973087,0.394643636710478,1311.68553406224,1078.11665264929,63.7941126997477
113,31,7722,239.607744107744,239.607744107744,0.254352670622944,1119.7703962704,951.431623931624,70.3060088060088
113,32,16361,202.768779414461,225.314505208836,0.48368476260709,1005.13911130127,985.222113562741,55.5840718782471
113,33,14513,198.116240611865,212.77808664076,0.412876457079033,1187.17239716117,857.66044236202,73.8039688555089
113,34,12284,206.30071637903,225.526938991204,0.456250717938439,1056.98607945295,1055.38651904917,65.7456040377727
113,35,7997,222.514317869201,237.100679145325,0.430900328002145,1251.48343128673,1019.05039389771,73.8303113667625
113,36,18281,223.747442700071,253.527425116372,0.480360980295052,1197.05989825502,1129.83381653082,44.6007877030797
113,37,8840,216.510859728507,233.94268598671,0.442009069996017,1106.9278280543,882.214140271493,63.6997737556561
113,38,10461,237.793901156677,264.279591293281,0.492774822885032,1095.55711691043,897.210209349011,72.150941592582
113,39,16776,195.180197901764,217.714489012621,0.490239183855301,1341.08285646161,838.891988555079,51.6923581306629
113,40,13667,198.396429355382,218.944043925468,0.477807253722155,1352.63642350187,838.097534206483,60.2595302553596
113,41,10199,225.095205412295,248.217275313807,0.445593532740262,1114.61809981371,1007.1862927738,74.8217472301206
113,42,9292,209.857942315971,221.076374938442,0.43657525193745,1230.92326732673,960.001291433491,64.5182953077916
113,43,8112,194.709689349112,203.148705887362,0.405313348890271,1220.76540927022,862.114891518738,69.2684911242604
113,44,12576,183.733062977099,195.328608756267,0.413592615404468,1283.64599236641,846.282999363868,64.2381520356234
113,46,11793,171.786653099296,183.515252023259,0.463984799690912,1073.73000932757,817.645128466039,59.407699482744
113,47,9552,208.893425460637,233.55339272404,0.473801464853495,1049.38096733668,907.228538525963,67.2340871021776
113,48,13585,209.141332351859,222.443345188497,0.427046923031509,1324.08744939271,985.837983069562,72.5561280824439
113,49,14490,192.608212560386,205.36691509191,0.426374468049267,1292.33333333333,853.51939268461,72.3038647342995
113,50,4246,303.230569948187,345.407590717055,0.523266062158204,1133.34338200659,951.262129062647,65.0289684408855
113,51,14958,166.819294023265,181.673816175126,0.50297321920638,1344.22944243883,1063.30217943575,45.9385613049873
113,52,10933,198.088813683344,222.538037034076,0.487631260996738,1083.34848623434,1111.24805634318,49.0466477636513
113,53,11020,213.255989110708,235.855572090636,0.456372856806156,1055.64519056261,992.982849364791,69.5128856624319
113,54,5764,189.706627342124,189.706627342124,0.389807095430522,1233.73577376822,840.405621096461,60.6911866759195
113,55,9226,218.638196401474,229.34548736792,0.423364131701496,1083.40299154563,959.349880771732,65.5020593973553
113,56,14858,177.013528065689,177.013528065689,0.390531510519001,1115.59860008076,972.750706689999,38.7393996500202
113,57,7311,206.782793051566,212.515979683689,0.418385967010345,1196.17193270414,1002.2843660238,66.769525372726
113,58,5636,272.14371894961,272.14371894961,0.580635313920915,1167.88644428673,919.053229240596,64.5017743080199
113,59,10419,230.948555523563,259.355872092767,0.499380903993267,1116.40099817641,1028.51185334485,68.1634513868893
113,60,9738,198.954816184021,208.884561388797,0.408742598682318,1275.84103512015,921.662764428014,69.2560073937153
113,61,18775,180.991744340879,194.889930802241,0.457504330826575,1314.43083888149,911.741944074567,39.8434620505992
113,101,6567,256.452565859601,256.452565859601,0.570779251990141,1269.61154256129,903.502817115882,60.2986142835389
113,102,9279,212.01228580666,212.01228580666,0.369898987823845,1308.09591550814,928.552645759241,62.1876279771527
114,1,28148,166.363400596845,166.363400596845,0.519195744940924,1188.54202785278,790.800483160438,47.5782293591019
114,2,18086,177.768771425412,193.231232876948,0.471153254830167,1151.43613844963,1133.93425854252,63.863540860334
114,3,19542,207.613294442739,227.176402825645,0.496391241859277,1185.09958039095,1141.90942585201,45.9339371609866
114,4,13495,233.65083364209,252.16073766294,0.412942079536775,1288.06143015932,1010.11374583179,66.4819562801037
114,5,14054,174.528532802049,186.396984121314,0.449239516112151,1049.34075707983,876.526825103173,59.6352639817845
114,6,10218,205.950088079859,205.950088079859,0.435012640988556,1121.92650225093,804.010569583089,65.478077901742
114,8,12965,219.696799074431,241.311033605471,0.46631741678865,1220.79560354801,1055.8008484381,68.2238333976089
114,10,11746,219.184232930359,198.519484977528,0.430058714252841,1220.03320279244,827.720500595948,67.6962370168568
114,11,10944,258.509959795322,276.484072400994,0.438289606739333,1159.2706505848,904.962079678363,72.1794590643275
114,12,15611,161.211261290116,173.84395080881,0.473538842281158,1345.14022163859,1092.54775478829,54.7757350586125
114,14,9347,221.211939659784,232.491761657182,0.404864515462623,1267.44228094576,1085.86402054135,70.248421953568
114,15,10643,229.865639387391,244.824737198738,0.442288928482134,1364.64370948041,1052.90613548811,61.110025368787
114,16,8426,212.124970329931,232.571353876957,0.461808372112988,1162.4566816995,827.325658675528,60.6681699501543
114,17,9880,230.082489878543,245.776161400137,0.41188073354174,1258.97834008097,898.798785425101,64.6092105263158
114,18,16072,159.079454952713,169.516918900891,0.465077319442662,1071.88147088104,840.415256346441,49.4237804878049
114,19,8417,223.932636331234,240.036423864583,0.416433690306388,1243.69359629322,1013.83117500297,74.5146726862302
114,20,9472,157.360853040541,168.487900797776,0.482942120597644,1229.90107685811,776.571790540541,61.4078336148649
114,21,8100,221.751234567901,229.563346687337,0.423882875968065,1245.73061728395,967.446913580247,65.8062962962963
114,22,13618,197.792921133793,213.672651261043,0.43007852687943,1303.89748861801,1089.34667352034,63.5878983698047
114,23,6866,236.224439265948,250.014514448052,0.459766775880347,1304.52767258957,899.304107194873,59.3419749490242
114,24,10787,203.569945304533,220.083946898873,0.436450168828905,1400.6056364142,935.827477519236,55.6165755075554
114,25,12627,227.315751960086,252.427103671059,0.439279100014994,1342.11491248911,925.707293894037,67.5943612893007
114,26,11427,186.858580554826,197.596777980302,0.425729363313073,1131.04690644964,829.481928765205,56.5120329045244
114,27,13277,230.760337425623,260.042616168539,0.467858811659787,1351.84333810349,989.232657979965,64.1460420275665
114,28,12182,222.980709243146,243.139411193404,0.43449983331172,1050.88499425382,1045.5722377278,66.2450336562141
114,29,11487,224.753634543397,245.205071489088,0.424958814466216,1143.71620092278,856.710716462088,66.7903717245582
114,30,8007,217.270887973024,246.410175534408,0.495518280023327,1315.37604595979,832.789808917197,56.7535906082178
114,31,14290,199.189433170049,199.189433170049,0.430342914947419,1194.74310706788,857.08600419874,73.6156053184045
114,32,8249,216.957934295066,233.585909831963,0.413544973458313,1308.18268881076,947.258576797188,62.149108982907
114,33,18672,190.864985004284,190.864985004284,0.385510331999457,1240.24116323907,1103.03165167095,62.4509961439589
114,34,11035,197.607340280924,206.520971744693,0.415330421046509,1164.44032623471,1089.25373810603,71.8347983688265
114,35,13821,220.560451486868,232.317230906324,0.419893319426176,1355.01642428189,965.297301208306,57.9186021271977
114,36,9922,206.145031243701,221.651181186193,0.420480510164566,1194.21931062286,993.031344486999,67.6550090707519
114,37,13275,206.990583804143,227.982238241384,0.466126639489048,1367.06305084746,849.568286252354,59.176647834275
114,38,8892,201.308929374719,201.308929374719,0.48449888672429,1127.65317139001,881.678924876293,62.9845928924876
114,39,10607,233.58074856227,263.513903701625,0.477840165558708,1105.67483737155,883.885264448006,72.2254171773357
114,40,10895,169.274529600734,180.826511992025,0.456587175742583,1085.09793483249,809.620100963745,59.094446994034
114,41,9975,199.862155388471,219.338320696369,0.465829686985729,1054.88270676692,892.493333333333,67.1075689223058
114,42,5173,451.601585153683,580.677674195467,0.616920560870247,1182.14401701141,1019.30330562536,75.5822540112121
114,43,11459,192.279169211973,192.279169211973,0.380251321324626,1296.49149140414,850.808796579108,63.174098961515
114,44,10978,222.269721260703,252.634418473873,0.470889167990749,1116.53470577519,996.855529240299,74.8110766988522
114,45,17292,192.244448299792,211.605334415813,0.491857378446828,1003.06147351376,964.011623872311,55.6419731667823
114,46,17483,197.578962420637,218.915144796114,0.490214646919799,1358.93731053023,858.727563919236,50.7253903792255
114,47,15140,172.210898282695,180.436011919261,0.413224520002263,1116.1500660502,974.406605019815,38.7983487450462
114,48,9295,232.552555137171,254.115819148088,0.467525841776298,1112.08552985476,1016.56869284562,69.0199031737493
114,49,16440,171.076338199513,183.152209201835,0.468676475394473,1329.26545012165,1089.49738442822,46.4315693430657
114,50,10833,154.2280070156,154.2280070156,0.506427870101885,1283.02870857565,804.253853964737,49.7709775685406
114,51,10686,213.400243309002,225.235932372316,0.429483325346535,1077.73694553622,946.190716825753,66.2944974733296
114,52,9172,252.728194505015,282.060853142164,0.472026829877102,1154.51559092891,986.075010902748,71.4219363279546
114,53,13792,220.349550464037,233.120873326583,0.418211348335657,1327.98709396752,993.515951276102,72.4720127610209
114,54,9347,187.406761527763,199.246564750345,0.405364731039506,1250.19204022681,834.672729217931,60.4024820798117
114,55,12811,166.731090469128,178.253462836331,0.458003205086874,1181.13293263602,780.029115603778,58.9138240574506
114,56,14522,197.070995730616,211.287695923683,0.436379240936665,1306.59089657072,851.581256025341,71.0401459854015
114,57,11272,201.043381831086,220.59143946194,0.460663539481002,1071.0623669269,1103.0538502484,49.2429914833215
114,58,4281,422.376547535623,523.346037844534,0.556515159644994,1226.92992291521,926.159074982481,75.6176127073114
114,59,10265,206.80750121773,224.4222614468,0.467947146612499,1053.02776424744,977.836434486118,69.8565026790063
114,60,5651,252.599362944612,282.226891505035,0.461995340705626,1215.71527163334,903.62732259777,62.607503096797
114,61,8083,191.925027836199,191.925027836199,0.367130987428803,1221.64245948287,863.647531856984,68.8115798589633
114,62,19047,182.593899301727,194.563706423368,0.452871343572339,1315.66083897727,935.89583661469,39.3649918622355
114,103,4928,309.344561688312,355.92368617138,0.448542065640307,1189.10978084416,917.061891233766,66.099025974026
114,104,10227,253.080668817835,271.739872859261,0.446117038688057,1209.32365307519,920.684267136013,69.9795638994818
114,105,9535,207.760566334557,207.760566334557,0.362881280937385,1287.21541688516,925.638804404824,69.582066072365
114,106,11090,254.022633002705,254.022633002705,0.390148696704691,1279.67240757439,941.736339044184,73.8583408476105
114,182,4276,323.457202993452,323.457202993452,0.41966725669264,1116.45439663237,941.448550046773,67.5594013096352
114,183,7583,247.97586707108,262.589816124282,0.418243049149731,1133.25201107741,931.241593037057,70.2018989845707
115,1,27914,165.371104105467,165.371104105467,0.521652360424482,1194.65633732177,788.556387475819,47.6732105753385
115,2,18889,175.376303668802,193.476197379022,0.489256093306185,1146.3513155805,1135.93641802107,63.5140557996718
115,3,14383,218.235347284989,239.518350995118,0.491012385670982,1213.17381631092,1057.78279913787,68.3051519154558
115,4,11053,200.040803401791,216.454874959813,0.424236813894516,1134.66877770741,800.659097077716,65.664434995024
115,5,10550,256.505402843602,271.222597822366,0.438722525981353,1156.84701421801,990.050521327014,72.1637914691943
115,6,18063,215.927531417815,238.901773300735,0.483552853295732,1179.87964347008,1143.37025964679,45.8680174943254
115,7,14587,172.3856173305,185.932994489448,0.480477208173198,1056.20394872146,869.270240625214,60.162816206211
115,8,10762,153.322430774949,162.99425401481,0.452857030288756,1241.06783125813,774.851421668835,61.0031592640773
115,9,17108,190.083703530512,206.954137846779,0.469719666677494,1005.11707972878,950.730535422025,55.5073649754501
115,11,17402,156.675841857258,167.318684794146,0.480646115813679,1079.09223077807,830.675439604643,49.9314446615332
115,12,9168,216.898342059337,238.218970874518,0.451428191551317,1226.37445462478,818.631871727749,68.1857547993019
115,14,10275,207.401849148418,207.401849148418,0.399143316408946,1262.89683698297,1093.58773722628,70.0069099756691
115,15,10425,223.203357314149,238.65476629335,0.418041676389387,1360.68537170264,1063.75769784173,60.9330455635492
115,16,15311,159.197047874077,159.197047874077,0.488680764726701,1337.86108026909,1102.49977140618,54.5881392462935
115,17,10898,260.172967516976,283.053118557019,0.420197792670805,1165.0308313452,905.658010644155,73.2825289043861
115,18,11674,237.347181771458,255.820994596736,0.428918012017411,1278.95862600651,953.456827137228,74.3649134829536
115,19,9551,252.580043974453,252.580043974453,0.385245169290542,1213.3090775835,933.510208355146,71.0312009213695
115,20,8856,213.383807588076,226.278317260092,0.446590580356387,1244.36370822042,972.768292682927,66.6875564588979
115,21,13376,214.593824760766,229.597227227506,0.4112867835556,1347.04141746411,934.515924043062,67.3732805023923
115,22,11999,191.507792316026,207.883068866641,0.439550800211486,1314.70072506042,842.712226018835,57.7893157763147
115,23,10190,208.947203140334,227.307435293073,0.462860927303942,1141.29578017664,883.761727183513,63.7660451422964
115,24,14516,185.401281344723,194.837340421246,0.427127111860243,1299.2276798016,1097.67263709011,63.1414301460457
115,25,7823,211.953087051003,228.936629876587,0.441439743976143,1310.79828710213,900.931867569986,59.9769909241979
115,26,9170,260.382224645583,299.693179292761,0.503150762422292,1228.95670665213,926.572519083969,76.2080697928026
115,27,16368,175.127565982405,189.326593057966,0.469745144886461,1323.19623655914,1099.6540200391,46.5630498533724
115,28,13618,219.726978998384,236.322030568758,0.454416423554332,1050.58863269203,1043.77294756939,66.2208841239536
115,29,8931,204.328742582018,210.250979234216,0.420474816935127,1312.64404881872,954.11029000112,62.9294591871011
115,30,12051,215.231184134097,229.126545937353,0.419235602379785,1281.97460791636,1018.42154178077,66.6577047547921
115,31,17983,175.312461769449,175.312461769449,0.383417196308573,1229.8702107546,1111.94622699216,63.0227993104599
115,32,9455,214.122369116869,214.122369116869,0.395742079203171,1191.66589106293,995.463458487573,68.2802749867795
115,33,7527,338.222399362296,382.004739082004,0.471659053994997,1182.85359372924,1033.66573668128,76.2105752623887
115,34,10733,230.935991800988,230.935991800988,0.472866191448641,1108.97065126246,882.801639802478,72.7870120190068
115,35,9769,231.844405773365,266.824452152045,0.478132121377573,1112.79281400348,1005.02661480192,69.2005322960385
115,36,13584,147.837603062426,147.837603062426,0.509578875029461,1298.46194051826,800.344891048292,49.980933451119
115,37,12018,200.430104842736,220.402785413148,0.460345904742691,1401.57505408554,958.059410883674,55.1344649692128
115,38,10547,191.970418128378,191.970418128378,0.371476914018803,1232.51550203849,863.496160045511,68.8383426566796
115,39,18741,199.450776372659,224.155883314188,0.501397087208878,1369.65860946588,870.480550664319,51.5819860199562
115,40,12064,217.675397877984,240.567332855194,0.475722462276048,1114.02395557029,999.909399867374,74.9650198938992
115,41,10156,170.515261914139,180.948542868468,0.446357044916408,1091.8109491926,808.211599054746,59.0078771169752
115,42,13075,187.169789674952,198.247762129121,0.405846202799196,1142.24910133843,826.498891013384,57.6775525812619
115,43,9568,222.771634615385,235.964739461454,0.403295542912366,1258.62489548495,907.186036789298,64.691889632107
115,44,14064,209.232224118316,222.282564728488,0.428106506853349,1331.95783560865,1003.75113765643,72.1468287827076
115,45,8226,231.409919766594,251.127265988678,0.435423298709255,1239.88050085096,1017.51057622174,75.2923656698274
115,46,9175,222.840653950954,237.613813833474,0.413485816644694,1157.25602179837,844.267792915531,67.4175476839237
115,47,9860,214.829716024341,243.795623199282,0.447952706255005,1051.88062880325,981.210040567951,69.3174442190669
115,48,12512,199.774776214834,207.000019138525,0.419647200346807,1203.10046355499,858.705882352941,74.2948369565217
115,49,11062,200.31034171036,200.31034171036,0.391700858664713,1156.80555053336,1094.21352377509,71.2099981920087
115,50,14193,198.854223913197,218.152173845784,0.459858633590071,1374.27006270697,861.39928133587,59.3108574649475
115,51,9786,203.420498671572,203.420498671572,0.461577979163915,1059.50173717556,889.279583077866,67.5816472511751
115,52,13521,162.822350417869,174.061729220616,0.465088977778612,1195.31321647807,783.086236225131,59.4271133791879
115,53,10090,176.658870168484,183.050753550413,0.401716349473481,1251.80118929633,843.086124876115,60.7812685827552
115,54,6385,224.76523101018,245.886825760398,0.466364290449208,1218.19357870008,900.130775254503,63.5725920125294
115,55,15049,180.433982324407,192.405591513947,0.437922309611244,1118.66329988704,967.909562097149,38.6231643298558
115,56,11848,199.639432815665,224.11187670969,0.495238437400135,1066.15681971641,1096.91179945982,48.641880486158
115,57,9745,185.245459209851,185.245459209851,0.390361557420987,1303.6286300667,851.119240636224,63.2822986146742
115,58,6444,199.994103041589,220.993378187104,0.475978762895052,1178.41371818746,841.098696461825,61.5554003724395
115,59,12704,191.816435768262,205.261011005646,0.439243256409336,1310.74189231738,854.969694584383,71.0171599496222
115,60,9810,216.906523955148,229.298210352209,0.439209144300768,1086.72864424057,942.376656472987,66.6241590214067
115,61,8378,196.968011458582,196.968011458582,0.37489200190859,1287.63416089759,929.288613034137,69.3536643590356
115,62,5278,267.873626373626,298.758472157237,0.462979666786995,1189.88783630163,919.21807502842,66.5481242895036
115,63,20043,185.075437808711,199.839891344323,0.470833414878455,1320.47717407574,943.712318515192,39.3711021304196
115,107,13988,216.942593651701,216.942593651701,0.385943492006884,1360.03824706892,975.858164140692,59.4029167858164
115,108,9501,238.225765708873,238.225765708873,0.378999114581862,1343.98526470898,1003.33922744974,64.8746447742343
115,109,3825,306.606797385621,306.606797385621,0.363419997230057,1125.87137254902,933.036862745098,67.6575163398693
115,110,5678,251.683867559,251.683867559,0.39124662967218,1141.13420218387,929.524304332511,70.5484325466714
116,1,29131,160.223953863582,160.223953863582,0.5138285711961,1184.84580000687,787.505715560743,47.567848683533
116,2,11876,253.545638262041,286.724005064279,0.475909472262556,1179.00092623779,1025.01700909397,76.4183226675648
116,3,14956,165.69483819203,177.506227318038,0.465505404641181,1053.23248194704,866.160938753677,60.6944370152447
116,4,10632,185.05370579383,197.540653088474,0.431838501688848,1128.92503762227,803.626598946576,66.4860797592175
116,5,9286,195.78796037045,195.78796037045,0.39739229852985,1263.93280206763,1094.22334697394,69.8453586043506
116,6,17164,204.398100675833,222.314565337776,0.481688384467236,1171.89833372174,1144.58995572128,45.9666161733862
116,8,11198,236.533041614574,257.571476342839,0.433323493505092,1164.97258439007,905.148955170566,73.9967851402036
116,9,13180,167.176479514416,167.176479514416,0.478539141247803,1332.29172989378,1107.5440060698,54.4215477996965
116,10,13212,208.27187405389,218.492757124278,0.424396727397884,1213.63449894036,1052.83393884348,68.9956100514684
116,11,16555,151.545696164301,159.363125277592,0.448947797198423,1075.90764119601,827.77994563576,50.1581999395953
116,13,13886,147.719717701282,147.719717701282,0.479692702456141,1300.82730808008,799.724254644966,50.7393057756013
116,14,10991,221.047493403694,221.047493403694,0.455449077939008,1355.64116094987,1070.95632790465,60.5576380675098
116,15,9200,241.609239130435,255.293422702706,0.402544773187925,1152.57695652174,984.88,72.5675
116,16,8918,199.568176721238,213.241811540752,0.432090750919532,1150.27472527473,886.198138596098,63.9920385736712
116,17,11330,225.915622241836,242.903765389671,0.439311372947476,1335.5094439541,1014.91120917917,65.1399823477493
116,18,14002,177.206399085845,190.396259507229,0.448501899195653,1161.13498071704,1104.13176689044,70.3188115983431
116,19,9073,196.02733384768,212.814737961272,0.449034993698084,1228.80403394688,810.840626033286,67.7524523310923
116,20,13982,213.446073523101,213.446073523101,0.38958444164482,1353.10499213274,986.905878987269,59.0955514232585
116,21,8193,197.120712803613,205.541788484386,0.4281325920211,1244.61174173075,968.387037715123,66.776882704748
116,22,11790,211.775233248516,231.172511270304,0.452244273121078,1400.31594571671,967.239949109415,54.2983036471586
116,23,9768,201.552723177723,213.908779963441,0.413972167368204,1155.63943488943,840.707616707617,68.1760851760852
116,24,14128,181.015076443941,181.015076443941,0.352530501173828,1230.32056908267,857.994903737259,69.5668884484711
116,25,10652,149.342470897484,155.955874932257,0.424442779254411,1241.36744273376,777.125516334961,60.257228689448
116,26,18270,170.122879036672,182.162550406834,0.461625794458594,1140.47761357417,1140.71817186645,63.1902572523262
116,27,14793,182.517812478875,197.819749124213,0.470874214717674,1314.89481511526,1106.90698303252,46.2555262624214
116,28,9754,209.597395940127,209.597395940127,0.398456929715361,1260.81135944228,906.651014968218,64.671109288497
116,29,11752,207.792205582029,221.060864469891,0.431803956302415,1277.64686861811,1018.00876446562,66.6791184479238
116,30,13207,211.011887635345,229.658985497762,0.45295300234688,1047.60922238207,1041.93601877792,66.6663890361172
116,31,16406,183.449835426064,197.689337601561,0.451893982433958,1000.30056077045,948.761184932342,55.6975496769475
116,33,8721,208.776172457287,218.72313815666,0.406008870644606,1244.69223712877,1018.52448113748,75.255819286779
116,34,14266,181.677414832469,194.028061990674,0.450750736823751,1296.1169914482,1102.49628487312,63.072339828964
116,35,10908,164.570132013201,173.025987761371,0.430199908643458,1090.21277961129,809.026769343601,58.9305097176384
116,36,7643,207.167342666492,220.02037494165,0.428545674140032,1309.53264424964,900.107811068952,60.5151118670679
116,37,12651,188.606039048297,202.716902126933,0.421542352998649,1311.86846889574,840.456406608173,57.7607303770453
116,38,12323,213.900916984501,226.663645827275,0.409600501873374,1351.19094376369,935.089263977927,66.9208796559279
116,39,10374,217.754289570079,242.300603978745,0.465172013416722,1107.73125120494,886.125698862541,73.1139386928861
116,40,10919,198.852275849437,206.960316262392,0.433954549153181,1086.29022804286,935.702078944958,66.7185639710596
116,41,14306,204.124912624074,222.664108157712,0.456458725519257,1376.08716622396,864.420942261988,58.4125541730742
116,42,17462,168.039514374069,176.661214045988,0.411224639361731,1226.51116710572,1113.9199404421,63.1151643568892
116,43,12103,176.810955961332,176.810955961332,0.379830860423272,1145.42030901429,828.728083946129,59.0703957696439
116,44,13530,203.480709534368,212.219010964454,0.404570174453629,1333.16681448633,1006.75395417591,71.9052475979305
116,45,18969,209.075807897095,234.888089120422,0.512748545763649,1375.65786282883,881.132163002794,51.018872897886
116,46,13074,203.971929019428,218.724650680063,0.430497747934839,1114.49265718219,1003.39322319107,74.9379684870736
116,47,9741,192.205317729186,206.228200956293,0.443072706951123,1056.12565445026,891.505081613797,67.7708654142285
116,48,11285,180.767744793974,187.22016649608,0.412531077939206,1207.5421355782,856.726096588392,74.5610988037217
116,49,9658,217.643922137088,243.866090291031,0.469111652237306,1112.5160488714,993.136881341893,69.2515013460344
116,50,9641,171.631573488227,171.631573488227,0.385851880336679,1248.15983819106,841.987553158386,60.7733637589462
116,51,10054,190.777203103242,199.765565628206,0.421736262472055,1193.21941515815,987.95583847225,68.636761487965
116,52,10223,201.29805340898,217.264308836285,0.428944091090545,1311.35224493789,958.669568619779,62.9598943558642
116,53,9910,206.175277497477,228.068558884257,0.434514700658635,1052.60827447023,981.599293642785,69.5193743693239
116,54,12456,158.131663455363,167.034465241713,0.45232766855083,1191.61881824021,786.139531149647,59.4812138728324
116,55,11234,188.861491899591,207.708724672828,0.484467496596133,1059.39674203311,1091.48157379384,48.1320099697347
116,56,8068,190.533589489341,190.533589489341,0.371511986337365,1178.62977193852,843.005949429846,62.5327218641547
116,57,15912,168.319821518351,178.497588304862,0.443135768366205,1107.23296882856,971.59244595274,38.7582956259427
116,58,14423,183.786382860709,196.060695128446,0.440144769055913,1317.89918879567,852.65589683145,70.137974069195
116,59,6823,203.709805071083,216.135719548743,0.419506724561812,1215.39659973619,891.592554594753,64.3482339147003
116,60,21911,193.669891835151,212.357227835448,0.490333188022008,1310.99689653599,950.733786682488,38.8330518917439
116,61,9599,179.926867382019,179.926867382019,0.384675855564888,1300.63287842484,847.313678508178,63.4081675174497
116,62,4283,226.504085921083,242.149686776867,0.486388594396248,1189.20756479103,915.352556619192,67.2769087088489
116,111,10433,233.884596951979,233.884596951979,0.377912186850416,1221.96041407074,924.412728841177,71.9671235502732
116,112,9266,222.957155191021,236.722841537623,0.450626793936916,1232.71336067343,934.504101014462,77.0266565939996
116,114,9507,190.894078047754,190.894078047754,0.376764776229266,1291.63574208478,928.808351740823,69.5642158409593
116,115,9712,226.398064250412,226.398064250412,0.359077447315551,1289.34575782537,952.421952224053,74.1380766062603
116,184,5893,231.294077719328,249.387656983012,0.434491611793335,1130.12065162057,919.647038859664,66.446122518242
116,185,8217,226.820129000852,226.820129000852,0.388109488528562,1145.92308628453,929.461117196057,70.5596933187295
117,1,28493,164.372688028639,164.372688028639,0.509642873285262,1186.77945460288,785.370757729969,47.3167444635525
117,2,18324,209.963108491596,230.995879136445,0.493677441576079,1168.59468456669,1145.2721021611,45.8584370224842
117,3,10039,200.830461201315,200.830461201315,0.376278549482149,1261.66889132384,1094.36228708039,70.0000996115151
117,4,11962,229.424092961043,244.797915898125,0.44604406725861,1211.46580839325,1048.16385219863,69.319428189266
117,5,12541,261.745076150227,290.942934982462,0.427891362123678,1176.29806235547,1025.26744278766,76.6587991388247
117,7,15259,170.762173143718,183.719995141264,0.476753149333649,1053.80214955108,862.806081656727,60.7045677960548
117,8,14602,180.411313518696,193.694581176526,0.444318860758767,1293.82892754417,1106.21688809752,62.9564443226955
117,9,16381,177.554361760576,188.58864737631,0.431273106780472,1138.32324033942,1145.49349856541,62.7611256944021
117,10,11824,232.697902571042,232.697902571042,0.387374455433608,1288.54118741543,964.479448579161,73.7667456021651
117,11,14901,180.819072545467,194.129685183485,0.438309254777476,1164.82994429904,1107.19287296155,69.3825917723643
117,12,15097,144.886798701729,144.886798701729,0.479629510816827,1306.1031330728,799.804861893091,50.6462211035305
117,13,8830,208.140996602491,225.231319368171,0.45566825888166,1232.44099660249,808.466817667044,67.8156285390713
117,14,11655,241.528785928786,273.247622409363,0.451232779868106,1165.41716001716,903.552209352209,74.160960960961
117,15,11151,188.406420948794,202.175904021416,0.431137844137792,1132.27342839207,800.359519325621,66.4456102591696
117,16,15792,192.415843465046,205.554272324038,0.436192636139182,999.522353090172,944.470997973658,55.7155521783181
117,17,17647,153.355187850626,162.856411433472,0.475920796366549,1077.80330934436,823.369184563949,49.8317561058537
117,18,12878,225.571750271781,248.84115702877,0.443969272841721,1332.58968783973,1015.00450380494,65.1139928560335
117,19,12700,168.167165354331,168.167165354331,0.491990605932561,1330.65700787402,1110.02921259843,54.5751181102362
117,20,13064,213.770820575628,228.956835013968,0.427603848903461,1356.71677893448,935.870943049602,66.5966778934476
117,21,10360,256.674227799228,256.674227799228,0.371626124177107,1148.88725868726,986.338416988417,72.8588803088803
117,22,10472,218.941367456073,231.368158133619,0.404049653531049,1353.90899541635,1072.31245225363,60.8700343773873
117,24,11078,191.680718541253,191.680718541253,0.362582514525614,1236.65670698682,854.681169886261,69.6661852319913
117,26,12805,213.541741507224,213.541741507224,0.348491176038926,1359.24201483795,985.430378758298,59.5740726278797
117,27,11507,219.729382115234,232.37749488907,0.417013700417771,1271.77752672286,1017.62822629704,67.0585730424959
117,28,13007,218.749519489506,236.33025039396,0.427631688769954,1043.85700007688,1034.06734835089,66.6560313677251
117,29,14155,212.212998940304,212.212998940304,0.397974635975966,1338.34065701166,1006.16086188626,71.2732603320381
117,30,9273,219.408605629246,234.443434871267,0.421764275729683,1243.11409468349,1018.12541787987,75.3522053272943
117,31,15436,177.920899196683,190.566165654041,0.450637039189463,1316.15664679969,1106.53388183467,46.4028245659497
117,32,9474,211.663289001478,222.924992073502,0.404334083047305,1156.61895714587,839.519949335022,68.5022165927802
117,33,11278,201.748536974641,218.792448991094,0.442990307049782,1400.72344387303,973.675474374889,54.4538925341373
117,34,10926,168.481603514552,178.107404647932,0.436323110068991,1090.81118433095,806.555372505949,58.718012081274
117,35,6990,211.788125894134,220.364795652427,0.415114114229116,1310.90286123033,901.211587982833,60.7492131616595
117,36,7578,208.805225653207,223.217927748066,0.44743774668295,1242.85563473212,966.524544734758,66.8130113486408
117,37,9794,176.482642434143,182.348829012386,0.401779923839662,1244.99693690014,843.312231978762,60.7931386563202
117,38,8867,207.707341829255,222.68622935016,0.45837946369825,1147.56501635277,879.762039021089,64.2085259952633
117,39,9535,224.600524383849,250.447274903142,0.48513849538707,1107.99171473519,885.31305715784,73.4541164132145
117,40,11958,208.012125773541,230.209233955464,0.468122797746209,1112.36945977588,999.992724535876,75.145174778391
117,41,10205,181.722292993631,188.166152135499,0.407402443888876,1144.03998040176,823.393924546791,59.0595786379226
117,42,8959,230.810693157719,257.124984258379,0.456230261018199,1117.7513115303,986.345127804442,69.0203147672731
117,43,9721,203.791688097932,218.188675394981,0.430655580532505,1192.37413846312,980.596132085176,68.6046703014093
117,44,10074,215.116835417907,238.655097691561,0.442831852656939,1052.5757395275,977.990669049037,69.4081794719079
117,45,17642,170.18461625666,179.687878619246,0.419307010725043,1223.63581226618,1114.89150889922,63.3241129123682
117,46,18845,196.385778721146,220.025222254255,0.511108940923896,1381.59018307243,885.41464579464,50.928575218891
117,47,14318,196.498742841179,213.407658359796,0.444903689116183,1376.73557759464,866.642477999721,58.2158821064394
117,48,11674,213.177574096282,233.929872010921,0.446716660051192,1092.25843755354,928.2175775227,67.1583004968306
117,49,11001,150.334242341605,156.204851905652,0.403580755709912,1249.0424506863,776.045177711117,59.6602127079356
117,50,12907,162.28232741923,171.754692843978,0.452387932657734,1195.98605407918,784.237700472612,59.4733090571008
117,51,11514,190.355567135661,198.118737954179,0.416771701682855,1208.08598228244,859.098575647038,74.5435990967518
117,52,10019,197.769937119473,213.274108987667,0.455468651390122,1053.88412017167,887.208603653059,67.2504241940313
117,53,10276,201.381179447256,207.810015247806,0.413831378715102,1309.57074737252,956.654632152589,62.9465745426236
117,54,7118,211.281399269458,224.494453121488,0.431091162399843,1214.84377634167,889.674206237707,64.3443382972745
117,55,11475,194.094291938998,216.494765540864,0.491147377974125,1055.42361655773,1088.11895424837,48.0458387799564
117,56,13611,190.604217177283,202.831632558342,0.433454599474047,1319.28432885166,854.228565131144,70.1260744985673
117,57,16182,175.157458904956,185.986958484394,0.435179258868614,1109.89636633296,969.28451365715,38.4299839327648
117,58,7590,200.994729907773,200.994729907773,0.370814946464614,1182.04044795784,838.434255599473,62.7830039525692
117,59,5356,247.93502613891,262.804657964387,0.400877424448642,1190.15365944735,898.503920836445,68.4764749813293
117,60,16691,193.715295668324,207.645319964462,0.441122677430353,1298.81570906477,958.390809418249,37.6825834281948
117,116,7680,203.811848958333,203.811848958333,0.39052968927508,1317.02604166667,839.4609375,58.092578125
117,117,9444,186.98972892842,186.98972892842,0.382131463905771,1303.20055061415,847.451291825498,62.992376111817
117,118,9129,221.535765144046,234.117340073636,0.400308428081123,1266.09694380546,899.430934384927,64.9734910724066
117,119,9682,197.9487709151,197.9487709151,0.394370160447447,1288.39836810576,926.10555670316,69.8889692212353
117,120,9610,250.371383975026,250.371383975026,0.396990470225232,1222.65452653486,923.468886576483,71.9802289281998
117,121,7996,247.047148574287,247.047148574287,0.381547109767834,1236.86043021511,937.488494247124,76.7463731865933
117,122,6775,241.991734317343,265.030547373187,0.417658728373889,1129.75778597786,913.254464944649,66.9273800738007
117,123,6816,242.56073943662,242.56073943662,0.348925578872927,1155.66035798122,928.933098591549,70.6492077464789
118,1,32741,158.682538712929,174.526988037809,0.52948641289005,1197.53449802999,782.890626431691,46.3744540484408
118,2,20392,173.067036092585,184.773625788231,0.457578223689429,1120.60278540604,1140.71150451157,61.5910160847391
118,3,16134,188.60313623404,203.408571444546,0.451104497243917,998.345791496219,931.792301970993,53.6089624395686
118,6,11416,208.807288016818,230.534657788226,0.452953417218367,1340.97985283812,1076.65889978977,62.1652943237561
118,7,9432,201.727417302799,219.687230908369,0.457500340102678,1227.29590754877,805.787743850721,67.6098388464801
118,8,11380,183.693848857645,196.631909675029,0.443494388775759,1123.3744288225,793.61388400703,64.9978031634446
118,9,12318,236.908345510635,236.908345510635,0.334878206422378,1270.28324403312,964.181685338529,74.1453157980192
118,10,9049,202.304895568571,202.304895568571,0.390868826565485,1243.92142778208,1092.64117582053,70.4692231185766
118,11,17568,205.202299635701,227.400624406245,0.479029134248355,1170.06449225865,1145.2297928051,45.6349612932605
118,12,12092,217.214521998015,231.712687622152,0.424316133808581,1254.06012239497,1020.91572940787,67.7484287131988
118,13,15486,174.131086142322,185.071152905044,0.441084416647275,1312.92793490895,1114.77314994188,47.2371819708123
118,14,14690,154.522191967325,161.176496550042,0.416103297267039,1085.97345132743,817.361061946903,48.2696392103472
118,16,12410,254.140451248993,278.301835761305,0.411355288055641,1149.73658340048,1027.71329572925,75.8867848509267
118,17,12639,219.448294960044,231.698743578111,0.434001652003297,1191.89231743018,1048.36118363795,69.717540944695
118,18,12502,161.373300271956,168.971959143652,0.435144776241568,1092.5350343945,794.502479603264,56.5691089425692
118,19,15483,166.20138216108,180.172870720815,0.476994227430572,1050.53303623329,847.3470257702,58.8222566686043
118,20,14471,211.672241033792,211.672241033792,0.364927440321065,1318.83511851289,1015.13806924193,71.9756063851842
118,21,16660,171.436074429772,188.323456293648,0.478048078245654,1276.95072028812,1109.64993997599,63.2632653061224
118,22,15019,208.085957786803,213.213669792065,0.413216906378403,1346.59557893335,990.22424928424,61.316399227645
118,23,13629,199.149900946511,199.149900946511,0.376225955744094,1269.61677305745,916.605840487196,69.2291437376183
118,24,13608,198.245664315109,213.697935857741,0.464605716957554,1374.49794238683,871.690990593768,59.657480893592
118,25,13128,221.485603290676,238.901053999601,0.439422038109285,1319.56992687386,1021.21815965874,66.1202772699573
118,26,13544,173.043635558181,190.486439509433,0.498932854714207,1322.868502658,1114.92151506202,55.5720614294152
118,27,13405,216.364416262589,231.221281268517,0.413565518668815,1341.53532264081,944.260201417382,68.3121223424096
118,28,9787,211.984060488403,211.984060488403,0.397376696068593,1219.29804843159,1017.82507407786,75.4093184837029
118,29,12365,191.533198544278,201.498593639561,0.419489009087515,1146.93376465831,1108.47092600081,68.6046906591185
118,30,9204,205.742829204694,216.908913356364,0.431578970940465,1314.10951760104,898.821056062582,61.8332246849196
118,31,9822,175.595092649155,182.342959925245,0.414642475259875,1243.51639177357,839.583384239462,60.9834046019141
118,32,10118,197.687882980826,214.329209904565,0.44813493364622,1043.82970942874,880.060585095869,64.9310140343942
118,33,14905,144.341697416974,144.341697416974,0.475528304002837,1321.83837638376,803.922978866152,51.3567930224757
118,34,10380,198.52225433526,216.561278820441,0.425337414605933,1148.46300578035,830.077552986513,67.6899807321773
118,35,19996,194.751650330066,221.419337041772,0.54437101928522,1391.16938387678,899.519353870774,52.3447189437888
118,36,12959,212.827918820897,230.439183139331,0.456241239208788,1025.53113666178,1024.35820665175,64.2216220387376
118,37,13248,244.74577294686,262.536233776743,0.408685451166491,1148.65360809179,902.549743357488,73.3656400966184
118,38,13598,188.024856596558,197.758672499576,0.402182745921263,1195.50169142521,854.855714075599,74.0375790557435
118,39,11091,221.055720854747,221.055720854747,0.482028542785505,1089.45000450816,877.269678117392,71.6543143088991
118,40,9805,210.521060683325,229.878010285049,0.431480182835153,1036.91106578276,968.414482406935,67.6351861295257
118,41,7964,183.905072827725,183.905072827725,0.366448678991265,1232.19801607233,852.574334505274,68.4963586137619
118,42,13071,146.836202279856,152.64533979526,0.411397080777378,1257.31321245505,776.999311452834,59.0700788003978
118,43,12031,208.175962097914,226.870117866243,0.445387693670962,1396.08544593134,988.016540603441,56.2174382844319
118,44,9667,198.334126409434,198.334126409434,0.388840248083899,1178.59977242164,974.951174097445,67.7456294610531
118,45,9574,216.340609985377,234.340497061956,0.4213062325513,1081.37507833716,922.859619803635,66.2654063087529
118,46,9659,178.758463609069,186.651553958336,0.417862204364546,1144.42561341754,813.247955274873,58.289056838182
118,47,7364,204.232482346551,218.52144007161,0.454037881610803,1140.48085279739,873.571971754481,63.5805268875611
118,48,12857,160.994633273703,170.011603861311,0.443075541754964,1199.12382359804,781.751730574784,59.3439371548573
118,49,18444,175.209932769464,183.13451901917,0.405895435881403,1209.41411841249,1110.96546302321,63.7311320754717
118,50,7419,208.864671788651,214.040269772647,0.400882005496994,1230.74349642809,962.606955115245,67.166464483084
118,51,17428,170.195145742483,179.605993080923,0.438131930766735,1126.54607528116,965.599036033968,37.126004131283
118,52,10984,212.527221412964,236.99187594678,0.47295786297894,1089.66751638747,996.193918426803,73.7061179898033
118,53,9980,201.362725450902,209.898958438636,0.424872869399917,1295.23567134269,961.69749498998,64.0910821643287
118,54,7009,204.732201455272,222.963755665009,0.427290717621015,1207.88743044657,890.587387644457,64.2687972606649
118,56,11158,181.355977773795,199.806585893389,0.489025045044647,1056.02858935293,1077.37112385732,45.85337874171
118,57,14321,188.345366943649,200.237437292504,0.429349188516008,1310.97835346694,858.258292018714,70.8606940856085
118,58,24887,189.152931249247,209.019487511481,0.499703787549748,1318.39353879535,961.847751838309,38.8899023586611
118,59,8139,190.699594544784,197.341411780513,0.405232444785751,1177.269689151,837.673669984027,62.2582626858336
118,60,5907,239.912646013205,252.887959008368,0.416732480227888,1113.2019637718,897.70509564923,66.4719823937701
118,61,4199,224.008097165992,238.552334913249,0.463509720781928,1141.95094070017,931.770183376995,69.1840914503453
118,62,7038,204.812020460358,219.129854590716,0.485760073166952,1257.14222790566,898.909775504405,64.3664393293549
118,124,11009,247.634571714052,261.424126474805,0.405707994622635,1208.81678626578,921.739667544736,72.3635207557453
118,125,9763,223.331455495237,250.730031010904,0.494822531913456,1219.655126498,931.057973983407,77.4114513981358
118,126,7437,232.172112410918,232.172112410918,0.393610185506972,1184.15463224418,886.239074895791,69.2701358074492
118,186,11111,226.435424354244,254.597343114755,0.461065445554274,1106.72756727567,974.840158401584,68.3852038520385
118,187,10928,254.096266471449,254.096266471449,0.342033377865465,1135.8900988287,984.982979502196,72.3513909224012
118,188,10797,188.426970454756,200.230201733373,0.454946810361609,1314.12457164027,832.520051866259,58.671112346022
118,189,10126,185.544242543946,185.544242543946,0.379352530918324,1299.40124432155,847.55806833893,63.8455461189018
119,1,32915,157.062008202947,171.090497859439,0.520498152813595,1195.30718517393,781.058453592587,45.6662312015798
119,2,12805,180.588988676298,180.588988676298,0.376655355236987,1138.42842639594,779.522295978134,63.8188207731355
119,3,15283,180.055486488255,192.74375429337,0.450061906747651,996.147287836158,916.701498396912,52.4417980762939
119,5,12913,246.138697436692,274.703814231503,0.431504074937568,1140.16464028498,1025.72655463486,75.5878571981724
119,8,12716,189.85254797106,189.85254797106,0.389455833508057,1141.68079584775,1104.35066058509,68.2725699905631
119,9,9706,196.903564805275,196.903564805275,0.379224086508263,1237.20327632392,1093.74654852668,69.9603338141356
119,10,15891,160.175193505758,172.444357760512,0.479493410567035,1048.79755836637,835.145176515009,58.4887672267321
119,11,22554,166.566861754013,181.636352586076,0.475520232643677,1115.20692560078,1141.14671455174,60.9484792054624
119,12,16830,202.152822341058,225.69356847757,0.477650199699703,1157.54872251931,1142.18366013072,45.3563279857398
119,13,12957,219.469861850737,232.902838660069,0.458702843129284,1185.5871729567,1042.22968279694,69.9149494481747
119,14,12006,236.181076128602,236.181076128602,0.325974791777126,1268.33974679327,961.614609361986,74.1472597034816
119,15,15847,201.876759008014,209.365414440152,0.425148002804869,1340.66473149492,998.358869186597,61.4640625985991
119,16,12288,193.516031901042,211.873067003981,0.485409444117662,1332.69034830729,1080.27888997396,61.5035807291667
119,17,17023,164.548082006697,174.350990476053,0.431911758579733,1265.64859307995,1108.37842918405,62.9814956235681
119,18,9763,199.344771074465,213.852376353566,0.437845949975841,1227.8195226877,800.321315169518,67.1862132541227
119,19,13659,209.484369280328,218.518950754028,0.423344151201707,1246.16985138004,1012.76835785929,67.6441906435317
119,20,15679,152.41182473372,159.117018301265,0.432646768759924,1084.97927163722,811.477709037566,47.5714012373238
119,21,10362,198.295985331017,208.961406169294,0.449697635831112,1314.80843466512,898.862574792511,61.9962362478286
119,22,14204,168.464728245565,185.149737648219,0.482357872872137,1311.18621515066,1120.37644325542,55.2754857786539
119,24,13071,212.706755412746,225.578579825109,0.422826621135142,1342.30625047816,943.941396985693,67.8594598730013
119,25,10213,187.540487613826,202.31811602498,0.437405337694607,1043.0330950749,870.223832370508,64.6988152354842
119,26,13051,158.982530074324,167.473173339642,0.437783207461712,1093.93801241284,786.090031415217,55.8366408704314
119,27,13673,223.18620639216,244.361263733405,0.40403858983951,1391.0359833248,997.918964382359,55.7596723469612
119,28,11880,223.638131313131,223.638131313131,0.380736634349629,1307.80572390572,1028.23644781145,66.4704545454545
119,29,13125,210.551238095238,210.551238095238,0.343325783230693,1316.98392380952,1015.10453333333,71.8205714285714
119,30,20212,201.36963190184,235.9788941834,0.554664242915937,1392.76226993865,908.281812784484,52.0986047892341
119,31,9827,206.339269359927,215.286693452353,0.405717671991281,1214.24849903328,1013.40317492622,75.4818357586242
119,33,11159,196.032798637871,210.183510275575,0.417394163266828,1147.9294739672,822.675508558115,67.3572900797563
119,34,14459,171.924960232381,182.345860515836,0.44030501567214,1297.00352721488,1120.06445812297,46.6608340825783
119,35,13690,200.235792549306,217.62968017486,0.474389178588739,1375.41132213294,881.015047479912,59.4539810080351
119,36,14773,144.067826440127,144.067826440127,0.394514622781445,1264.61294253029,776.007987544845,58.361673322954
119,37,9063,208.006399646916,208.006399646916,0.385473300382894,1076.83405053514,913.679134944279,66.7520688513737
119,38,15924,143.651971866365,143.651971866365,0.478507547793813,1324.35882943984,801.608829439839,51.6823662396383
119,39,15649,181.922550961723,192.172327075163,0.405953794303083,1193.6594670586,847.089462585469,73.3225126206147
119,40,6844,216.717270601987,216.717270601987,0.396848067498924,1229.93410286382,960.811075394506,67.7106954997078
119,41,10263,198.363441488843,198.363441488843,0.380216101557668,1175.12403780571,967.211926337328,67.4352528500439
119,42,10377,201.370916449841,222.833236526388,0.411262447781678,1292.55102630818,961.952683819987,64.6140503035559
119,43,8266,178.070045971449,187.051639939079,0.421457041102414,1144.51887248972,809.084926203726,58.2414710863779
119,44,10844,202.269088897086,225.127747446753,0.474178574863412,1084.97362596828,988.970767244559,73.2375507192918
119,45,12833,207.822878516325,223.652863802817,0.456994954926601,1017.90571183667,1011.56307956051,64.1877191615367
119,46,10639,197.727511984209,211.743953581682,0.425699154932297,1035.03571764264,957.772629006486,67.7009117398252
119,47,10790,210.819184430028,233.946540887275,0.455711130518265,1087.09721964782,869.22687673772,71.4818350324374
119,48,6913,202.894980471575,215.198003507208,0.440766867486734,1142.56994069145,868.424707073629,63.1387241429191
119,49,13832,157.98004626952,167.827529540466,0.459263404992666,1202.65890688259,776.265471370735,58.550968768074
119,50,8981,184.110900790558,184.110900790558,0.36453472423179,1231.12081060016,844.828192851576,67.6252087740786
119,51,8325,201.16012012012,213.150146468358,0.426788590861098,1204.89693693694,889.948348348348,64.0046846846847
119,52,16073,170.49449387171,179.40102771529,0.441886944811648,1123.81770671312,960.611149132085,36.5246064829217
119,53,9989,174.002602863149,174.002602863149,0.3875494124534,1241.22795074582,833.871758934828,60.5941535689258
119,54,23623,192.379545358337,212.627725373922,0.509365549395115,1301.58150954578,964.749227447826,37.3831012149177
119,55,15264,172.405070754717,185.862000534793,0.429605354395447,1198.94863731656,1110.116221174,63.4255765199161
119,56,14548,184.475185592521,196.571747999638,0.443930108735722,1311.42493813583,857.740445422051,70.4868023095958
119,57,12223,170.517467070277,183.900005141704,0.475674096543715,1047.67004826966,1068.49529575391,44.9883007444981
119,58,5024,241.595342356688,241.595342356688,0.384579504570917,1181.64510350318,874.718351910828,68.9438694267516
119,59,6487,225.942654539849,238.394286542471,0.400347286292653,1111.0012332357,887.729458917836,66.397718513951
119,60,7479,191.396978205642,191.396978205642,0.395841992606793,1176.45634443107,830.547934215804,62.1651290279449
119,127,11051,238.330829789159,253.625286512121,0.431513590913092,1207.43815039363,918.438240883178,71.8335897203873
119,128,11340,225.942945326279,237.750292740249,0.447419664566427,1214.51604938272,929.682010582011,76.8608465608466
119,129,8391,223.258372065308,223.258372065308,0.385886090641495,1259.71564771779,892.818734358241,65.4776546299607
119,130,11703,190.61257797146,197.919943808849,0.400960252882825,1275.29385627617,916.734341621806,70.4773989575323
119,190,7846,229.027912312006,240.713412981604,0.416358917288611,1105.45500892174,967.454371654346,68.0486872291614
119,191,11554,247.407564479834,247.407564479834,0.362876830028144,1131.36151981998,979.328457676995,72.2835381685996
119,192,8658,191.110302610303,202.877738586159,0.415494014668792,1308.52437052437,828.92966042966,58.8684453684454
119,193,12587,180.917136728371,180.917136728371,0.397032216449669,1296.59180106459,849.232620958131,63.4099467704775
119,194,8498,233.902329959991,233.902329959991,0.394395699281652,1145.67298187809,920.528712638268,69.9332784184514
119,195,10550,235.311563981043,253.6484092787,0.469891159766843,1147.016492891,891.292227488152,73.6044549763033
120,1,29661,160.74319813897,173.266451665323,0.493299555809943,1199.19291325309,781.529348302485,45.3573716327838
120,4,16455,163.122029778183,177.039390132439,0.48963534722795,1046.53618960802,831.692920085081,58.4337891218475
120,5,13471,183.259000816569,193.337631302265,0.423867534555241,1120.71865488828,786.989755771658,64.5469527132358
120,6,13411,222.917455819849,241.769617124222,0.46375390440064,1184.17008425919,1040.80963388263,70.1108791290732
120,7,14476,197.828612876485,225.259617482028,0.509926815196693,1332.12406742194,1080.1690384084,61.6037579441835
120,8,20799,172.881051973653,188.552091679305,0.485591349818472,1120.6113755469,1147.4618972066,60.3742006827251
120,9,16934,203.357859926775,222.912961954903,0.477354363037319,1159.41502303059,1147.11869611433,45.795972599504
120,10,13759,195.575405189331,206.109957025172,0.402617922894281,1139.53804782324,1104.03568573297,68.2916636383458
120,11,12041,236.510921019849,236.510921019849,0.368283313834695,1270.43642554605,964.200066439665,74.1349555684744
120,12,10585,196.262824752008,196.262824752008,0.378631445189679,1234.00311761927,1094.94123760038,70.1710911667454
120,13,16270,152.327719729564,160.208221652053,0.440495195256638,1085.86613398894,809.358819913952,47.139520590043
120,14,10139,205.00838346977,224.759618974226,0.442941347437422,1313.06509517704,898.099615346681,62.3243909655785
120,15,12723,217.253399355498,225.201059343624,0.42385181104575,1244.53187141397,1010.76837223925,67.538866619508
120,16,15300,184.334117647059,197.974158053612,0.447373199838766,995.990784313725,916.782745098039,51.003137254902
120,17,14068,240.003554165482,256.20782375361,0.460292277760803,1111.46033551322,965.75582883139,69.0169889110037
120,18,17031,208.795373143092,220.651914276412,0.414617010791503,1333.93441371616,999.05055487053,61.9570782690388
120,19,10239,210.711983592148,222.79531654878,0.406842444188118,1213.45443891005,1015.57300517629,75.5852133997461
120,21,9668,202.596607364501,215.863384918251,0.427302267646653,1225.60302027307,799.752585850228,67.462556888705
120,22,11791,233.164956322619,233.164956322619,0.383738182524548,1305.78763463659,1028.26096175049,66.3998812653719
120,23,11864,258.99435266352,289.494822311868,0.481197431713227,1128.9012137559,1036.68602494943,74.6019892110587
120,25,9500,187.082526315789,187.082526315789,0.36722540075892,1238.77778947368,836.834947368421,61.8063157894737
120,27,15056,144.23219978746,149.782070158868,0.411188159258668,1266.49641339001,773.574853878852,58.2849362380446
120,28,13328,198.886029411765,215.706335784031,0.45903791167526,1377.36209483794,880.911839735894,59.3659213685474
120,29,19781,197.167534502806,227.914279232355,0.542930879382353,1396.28845862191,909.970476720085,52.0452959911026
120,30,16892,165.410490172863,177.154922591647,0.43730447868072,1263.63793511722,1111.75106559318,63.1143736680085
120,31,14861,155.411412421775,163.787197287861,0.455613402017845,1100.6456496871,778.634344929682,55.0211964201602
120,32,13237,176.56047442774,191.965875520849,0.48652793692218,1312.09994711793,1122.49067009141,55.8350079323109
120,33,14736,208.259364820847,218.865774937477,0.402263225865376,1316.76635450597,1017.27524429967,71.7850162866449
120,34,12506,218.317127778666,237.188963211132,0.446379099423865,1391.21213817368,1000.93954901647,56.4734527426835
120,35,7393,205.634924928987,216.649041848366,0.427493243650085,1205.3397808738,899.204788313269,64.5832544298661
120,36,8066,226.504587155963,240.890298967638,0.445733950800011,1107.64368956112,884.83287875031,65.7328291594347
120,37,10365,202.822383019778,202.822383019778,0.365296493288406,1173.38002894356,964.102267245538,67.6728412928124
120,38,7779,219.603933667567,231.796902839098,0.400432505064906,1229.05244890089,958.982645584265,68.3789690191541
120,39,16061,143.106967187597,150.7889664308,0.456242562878201,1325.596226885,801.391943216487,51.5936118548036
120,40,10767,201.601838952354,217.544130863832,0.41821717381537,1146.52920962199,822.679390730937,67.4075415621807
120,41,13375,159.644485981308,170.302983310386,0.456961008070326,1202.56994392523,777.598130841121,58.6224299065421
120,42,7779,186.396323434889,186.396323434889,0.381043036075957,1229.38783905386,842.830055277028,67.4820671037408
120,43,10131,205.876616326128,205.876616326128,0.377624099780123,1290.60951534893,959.930707728753,65.3110255650972
120,44,12041,221.308778340669,237.297969187062,0.443894444945533,1013.26393156715,1012.29723444897,63.7636408936135
120,45,10189,204.109431740112,220.473248842237,0.428652509802373,1030.89684954363,954.654921974679,67.5345961330847
120,46,9348,210.305733846812,233.977551095354,0.477354890306035,1090.07637997433,858.899764655541,71.1961916987591
120,47,12810,218.126463700234,233.060031753692,0.434236096733216,1342.80819672131,944.797423887588,67.9409836065574
120,48,10803,206.940386929557,222.504775727453,0.467912202403845,1077.8146811071,995.436452837175,72.9253910950662
120,49,10346,193.518461241059,208.750072483776,0.438257244865887,1040.9350473613,869.467813647787,64.5859269282815
120,50,7738,178.738562936159,185.70238012903,0.417805582921914,1142.31765314035,811.95812871543,58.6872576893254
120,51,15364,170.328169747462,178.5779614925,0.421610602011597,1302.65341057016,1116.53670919031,46.2769461077844
120,53,17586,174.603548277039,185.924150799998,0.424360994233334,1200.36563175253,1110.99800978051,63.53582395087
120,54,12631,167.90151215264,180.960418106868,0.466768851915719,1047.06539466392,1068.56923442324,44.5602090095796
120,55,16812,171.700035688794,181.582890034594,0.428808442754807,1128.01255055912,964.936236021889,35.8947180585296
120,56,4847,213.982050753043,227.703719202148,0.460833889070613,1074.50732411801,919.662471631937,65.9737982257066
120,57,14919,186.783162410349,199.971869186051,0.43361108611245,1315.43441249413,857.557745157182,70.1691802399625
120,58,24560,191.160871335505,209.125075126036,0.489464554478392,1299.93896579805,969.5457247557,37.0523615635179
120,59,7269,198.327830513138,198.327830513138,0.372932614972944,1176.66432796808,834.667354519191,62.8581648094649
120,60,5961,212.900520046972,229.278119340807,0.455466153689961,1147.71061902365,874.904210702902,63.3345076329475
120,61,9159,229.790042581068,245.933065465368,0.460569139117766,1140.73992793973,981.383011245769,73.5598864504859
120,131,11724,239.640054588878,254.851383979586,0.419673969572527,1205.45812009553,917.776441487547,72.3056124189696
120,132,11362,228.956257701109,246.891293477946,0.494671189509689,1211.94692835768,930.254620665376,77.159478964971
120,133,7180,241.210027855153,241.210027855153,0.394327528881983,1180.71155988858,875.051949860724,69.5254874651811
120,134,14845,182.927248231728,192.821259232809,0.430764667406924,1195.94442573257,842.882990906029,73.597642303806
120,135,6867,250.649483034804,250.649483034804,0.379540109203231,1142.6371049949,915.656618610747,69.792631425659
120,136,12633,237.507401250693,262.417936463893,0.459694294449204,1140.49988126336,892.444075041558,73.6247130531149
120,197,8759,192.749971457929,202.902164605303,0.429685382954696,1304.28724740267,824.660235186665,58.6000685009704
120,198,10325,187.625859564165,187.625859564165,0.374560114601821,1296.17491525424,846.179757869249,63.4890072639225
120,199,9869,220.630357685682,232.678629159955,0.406384188855538,1261.18137602594,895.375721957645,65.7499240044584
120,200,9691,198.228149829739,198.228149829739,0.362013875367343,1271.32555979775,913.519966979672,70.8923743679703
121,1,17601,148.867677972842,155.157692856186,0.421306477970162,1144.20868132492,787.752968581331,46.074143514573
121,2,26678,164.20709948272,177.72462029459,0.498297390382258,1259.75305495165,798.364907414349,44.4774720743684
121,3,16079,173.083960445301,182.790171675111,0.421291776006096,1259.97636668947,1148.87810187201,47.513402574787
121,6,10574,199.010402874976,199.010402874976,0.391567046791085,1187.97928882164,1096.19680348023,71.1560431246454
121,7,15833,204.206593823028,215.169604396727,0.408794383650511,1283.2624265774,1049.07433840712,73.0067580370113
121,8,18947,153.264210692986,165.467806006484,0.506394753448159,1097.27244418641,788.14646118119,56.6541932759804
121,9,16349,189.145574652884,189.145574652884,0.463295021078345,1293.85583216099,1116.80212857055,62.8066548412747
121,11,14353,195.813836828538,211.964589635753,0.437934403346393,1092.72591095938,1076.79802131958,68.3028635128545
121,12,13442,194.337672965333,211.541604554079,0.444900938279879,1373.8890790061,1062.5363785151,58.9810296086892
121,13,16022,177.42791162152,177.42791162152,0.385469906859349,1181.22749968793,767.975283984521,63.1730745225315
121,14,10423,208.288112827401,221.129456478216,0.430927700850495,1331.8764271323,933.897150532476,63.9972176916435
121,15,7941,225.085631532553,225.085631532553,0.371176010637575,1220.77698022919,966.166225916131,68.8820047852915
121,16,12553,163.209272683821,171.413621270803,0.432856490956447,1259.793754481,789.896439098223,58.9428025173265
121,17,11584,178.429385359116,192.237593371343,0.44517710571423,1075.65555939227,822.785134668508,62.9335290055249
121,18,13206,212.020445252158,235.900734499965,0.450142793867282,1394.87414811449,943.945403604422,60.9883386339543
121,19,15704,215.274961793174,215.274961793174,0.398795730353223,1315.24344116149,1035.48713703515,63.4170275089149
121,20,13628,222.701863809803,236.789062332287,0.408077061160995,1219.93777516877,1020.34796008218,68.2642353977106
121,22,12146,180.501317306109,180.501317306109,0.399270632821175,1283.51350238762,848.111147702948,62.2402437016302
121,23,18639,175.847094801223,186.984852995053,0.419736295668866,1157.30688341649,1107.36826009979,64.3618219861581
121,24,12889,262.908836992785,300.272923533041,0.469665540372285,1100.87547521142,1008.62371014043,74.3237644503065
121,25,16910,191.902602010645,191.902602010645,0.389558599817795,1223.35044352454,842.615966883501,72.7839739798936
121,26,10469,223.690992453912,236.767749623663,0.415620941250124,1274.7524118827,1058.50090744102,67.60082147292
121,27,10664,221.086927981996,234.342677890707,0.42331656749061,1182.90632033008,1011.37134283571,76.065735183796
121,30,16518,151.991645477661,162.105403038797,0.469239956780621,1171.17314444848,756.296525003027,53.7936190822133
121,31,14618,239.870228485429,270.457643219961,0.457148909252611,1408.63072923793,990.233821316186,53.8425913257628
121,32,14567,146.765016818837,153.747716588556,0.443842463821666,1323.9775520011,802.683737214251,58.4981808196609
121,33,11167,202.013790633115,202.013790633115,0.358545208509003,1216.10557893794,823.495477746933,63.6161905614758
121,34,13179,244.211472797633,244.211472797633,0.398930666014949,1252.96585476895,978.555656726611,75.138098490022
121,35,9475,206.839788918206,221.253405401092,0.432400236346775,1134.36221635884,850.875672823219,64.5829023746702
121,36,9715,189.075862068966,189.075862068966,0.377160358456891,1260.21379310345,855.558311888832,67.6731857951621
121,37,8505,207.844914756026,225.497438840398,0.4355814969021,1271.05243974133,811.957789535567,67.4705467372134
121,38,12707,232.588494530574,244.659178363409,0.414458617409012,1153.2445108995,1025.75045250649,70.3278507909027
121,39,16711,193.770929327988,212.429586385304,0.482554280611652,1072.85698043205,1118.59463826222,60.4275028424391
121,40,8301,208.734610287917,225.503741615556,0.444512349993769,1220.71955186122,901.350198771232,65.0520419226599
121,41,13248,197.805480072464,214.918718515262,0.444669460579279,1007.27785326087,947.930480072464,62.5559329710145
121,42,14184,167.066130851664,176.070060726419,0.425135733194908,1213.21044839256,1130.27622673435,64.2722081218274
121,44,12127,223.57639976911,237.174115780894,0.423116119522527,1336.18809268574,989.233693411396,69.8804320936753
121,45,10986,207.274622246496,207.274622246496,0.361951236666256,1281.69424722374,987.295193883124,66.6559257236483
121,46,16624,213.927273820982,240.653221036212,0.494128702591367,1118.75908325313,1133.11910490857,45.9746751684312
121,47,10723,182.080854238553,199.233302654788,0.494836476338863,1252.61493984892,1157.84314091206,57.2705399608319
121,48,9741,200.844677137871,211.56292776302,0.41519061550392,1171.41997741505,945.635355712966,67.7500256647161
121,49,13632,148.970657276995,157.603305390102,0.456534322846799,1375.38937793427,851.96963028169,53.0301496478873
121,50,16566,169.336230834239,180.39969514475,0.448512166883156,1027.66829651093,859.170530001207,49.0474465773271
121,51,11313,186.102183328914,200.039240164979,0.448520839438036,1037.86493414656,896.813400512685,66.1408114558473
121,52,10374,192.534509350299,205.180321957096,0.408160288439007,1187.16608829767,807.571139386929,66.984962406015
121,53,9074,211.265263389905,226.032444218101,0.438350312778673,1065.82080670046,951.232201895526,71.7113731540666
121,55,9248,172.430579584775,187.773332641194,0.493028232438388,1199.70988321799,810.397815743945,58.2006920415225
121,56,18198,171.403725684141,181.522603609019,0.465292167036995,1151.5127486537,957.254313660842,35.4415869875811
121,57,7963,199.62288082381,212.865745331387,0.44811136282082,1177.80384277282,856.648248147683,63.0106743689564
121,58,14040,192.975,204.016148231746,0.430903473329376,1337.92927350427,895.226638176638,71.0932336182336
121,59,11848,196.714804186361,208.689392346437,0.434473867703127,1035.84309588116,1025.82351451722,43.3709486833221
121,60,15421,190.511315738279,204.068124908334,0.448981817194413,1327.21016795279,1017.01472018676,38.9213410284677
121,61,4256,247.802866541353,247.802866541353,0.396092603484552,1205.01409774436,870.174577067669,69.281954887218
121,137,9474,241.003377665189,257.786620795425,0.435419088110535,1205.96569558792,929.792379142917,77.4477517416086
121,138,9177,254.317206058625,254.317206058625,0.377144503442006,1207.46442192438,912.165958374196,73.0913152446333
121,140,9228,231.337451235371,247.691039506699,0.519849693104632,1157.28912006935,868.449501517122,73.5406371911573
121,141,7720,239.440155440415,239.440155440415,0.39861759067003,1151.50220207254,893.186917098446,69.5884715025907
121,142,14799,188.866882897493,203.253152514751,0.495656589904047,1108.57551185891,835.593756334888,71.2525170619636
121,143,9152,214.640734265734,214.640734265734,0.373274665578014,1093.9253715035,873.40625,67.246722027972
121,144,9006,229.607150788363,229.607150788363,0.39619996482366,1112.33233399956,928.781701088163,67.9991117033089
121,145,13132,248.708726774292,270.138622111596,0.443484127642163,1121.66730124886,955.028936947914,72.5909990862016
121,228,8882,198.583539743301,211.62232409091,0.416520765789891,1343.48322449899,862.499099301959,59.9127448772799
121,229,10566,190.348192314973,190.348192314973,0.378009113172801,1327.43488548173,882.158811281469,64.879140639788
121,230,12258,216.233724914342,229.384660639116,0.407217691011921,1275.55890031,913.846222874857,67.4519497471039
121,231,11952,196.034889558233,207.227316458358,0.414120606152288,1276.03790160643,937.230170682731,72.0300368139224
122,1,16904,153.622278750592,161.447689978662,0.421994779876987,1191.07702318978,790.416410317085,44.2177591102698
122,2,15317,186.673238884899,200.351565973584,0.42855057048896,1227.46654044526,1166.3173597963,48.8215708036822
122,4,13076,242.713062098501,242.713062098501,0.378941532947099,1237.91992964209,1067.11807892322,69.2464821046191
122,6,13917,202.188761945822,202.188761945822,0.496364044274074,1246.3169504922,1127.42415750521,65.3440396637206
122,7,12402,170.816965005644,182.611557219935,0.443539002228525,1097.09506531205,794.413562328657,60.5014513788099
122,8,12520,247.510463258786,264.960012729449,0.47098951982629,1125.32228434505,1008.11453674121,70.1320287539936
122,9,17394,154.393354030125,165.00802766457,0.461142265999871,1136.96084856847,770.445670921007,54.3088996205588
122,10,13795,225.747009786154,225.747009786154,0.374930269515944,1243.75686843059,1052.1962305183,75.0017397607829
122,11,10015,208.028357463804,217.799394756392,0.400843982193264,1328.51662506241,904.198102845731,66.1150274588118
122,12,10214,204.770804777756,204.770804777756,0.363306252024391,1147.35049931467,1079.95104758175,71.5550225181124
122,13,14366,215.586384519003,236.329206772445,0.446443721739184,1293.20451065015,1056.62369483503,66.1303772796881
122,15,13814,243.168524685102,262.775331945443,0.436437037991827,1098.1242941943,1121.10634139279,45.430288113508
122,16,8696,233.472401103956,251.707124452917,0.405362077963442,1324.43238270469,957.509889604416,65.8745400183993
122,17,10879,233.186873793547,252.249382386886,0.42498601211647,1150.43358764592,993.569445721114,75.6154058277415
122,18,16097,175.202025222091,191.49741741403,0.46021609361063,1166.95011492825,1125.2306640989,65.2679381251165
122,19,14774,202.142953837823,220.077677649464,0.428229433603554,1345.04169486937,1093.06653580615,61.9101123595506
122,20,14148,194.616341532372,208.809841910111,0.420907939520328,1207.89122137405,795.612171331637,65.6258128357365
122,22,11796,226.224398101051,226.224398101051,0.362140177221324,1259.56892166836,996.063580874873,68.033485927433
122,23,13066,257.79618858105,275.907752576253,0.409642449329475,1225.48247359559,976.977728455533,75.8016990662789
122,24,15677,258.304458761243,286.691489043634,0.445990955512415,1401.68437838872,1031.7093831728,57.2043758372138
122,25,10697,208.562961578013,233.605706188269,0.453374331952981,1355.58343460783,884.086753295316,61.4087127231934
122,27,17462,183.865192990494,196.332366262997,0.423418727191731,1118.49158172031,1093.10016034818,64.5403161149925
122,28,15089,200.533434952614,214.481893347161,0.428111116916789,1057.84869772682,1044.08589038372,67.3700046391411
122,29,15448,156.734852408079,167.565655907832,0.456675960176067,1220.21407301916,756.44458829622,52.2817840497152
122,30,15405,179.055241804609,189.464864460934,0.411693008980888,1219.96643946771,761.727166504382,61.9238558909445
122,31,11986,177.179209077257,188.921580715733,0.44831416506998,1042.82771566828,861.225346237277,63.5467211747038
122,32,8174,191.364448250551,174.609768072693,0.415303790794377,1136.65145583558,801.754343038904,68.1479080009787
122,33,11998,235.559259876646,235.559259876646,0.398144373198188,1191.14460743457,1015.247957993,68.8743123853976
122,34,8422,225.511279981002,244.538705805604,0.402899227222,1206.20197102826,961.562455473759,69.0382331987651
122,35,16249,197.680595728968,214.117136995562,0.451630114195394,1332.85020616653,915.133608222044,72.4216259462121
122,36,11559,175.085474522017,185.15629560493,0.440707026898078,1291.59269833031,807.89782853188,59.3318626178735
122,38,10619,208.154628496092,216.950823272894,0.403651201149175,1165.17892456917,934.315943120821,67.4135982672568
122,39,15935,196.090429871352,196.090429871352,0.368571513395235,1230.85315343583,839.365735801694,72.6818951992469
122,40,13039,182.666615538001,197.433628895712,0.463871612919157,1004.81010813713,909.049543676662,59.7827287368663
122,41,12555,156.736280366388,164.227849042268,0.437978368157364,1352.21131023497,829.435045798487,59.089287136599
122,42,11198,158.624040007144,167.484393099977,0.438270237930383,1396.96561886051,890.258349705305,55.1539560635828
122,43,7985,224.427551659361,241.78675101992,0.443409953095907,1287.75128365686,824.378710081403,67.807639323732
122,44,12549,240.991951549924,240.991951549924,0.386945105800224,1389.29205514384,981.315642680692,63.4974898398279
122,45,16905,172.908015380065,184.775198512486,0.455825817647532,1178.5371783496,958.591659272405,34.7983436853002
122,46,14840,179.232142857143,196.664163067819,0.483279344185184,1217.0064690027,1165.73274932615,58.6420485175202
122,47,9113,209.485789531439,209.485789531439,0.365804456247948,1240.56282234171,824.704378360584,63.2394381652584
122,48,12409,225.691111290193,241.967927275967,0.428729312770326,1315.40269159481,1009.05834474978,71.2518333467644
122,49,17302,181.766905560051,194.579811844988,0.453728118154093,1318.69252109583,823.153334874581,45.5405733441221
122,50,8033,208.334370720777,216.012476654284,0.407144890683387,1189.87626042574,848.84899788373,62.3513008838541
122,51,7564,215.929005817028,215.929005817028,0.390447273012227,1147.81821787414,832.368720253834,62.7842411422528
122,52,7748,216.475348477026,233.935330461094,0.45524694505478,1223.70547237997,899.590991223542,65.0964119772845
122,53,9636,201.870485678705,225.108585004333,0.453389336405853,1052.59734329597,917.429846409298,69.5175383976754
122,54,7222,196.774854610911,210.367563609905,0.465110793038567,1099.93229022431,859.481860980338,63.5326779285516
122,55,14975,191.484941569282,207.824701936084,0.480207861498055,1037.24914858097,1084.71038397329,59.0508180300501
122,56,10938,261.043792283781,288.488690615182,0.42906145804914,1074.2648564637,978.659078442128,72.4123240080453
122,57,15189,166.877477121601,176.616411221,0.441626798805057,1061.36486931332,831.709460793996,46.3580880900652
122,58,10112,183.776404272152,193.819035872786,0.436416430020369,1230.75,804.045490506329,58.1482397151899
122,59,4918,257.946726311509,257.946726311509,0.378168705817292,1206.23403822692,860.821675477836,68.9125660837739
122,60,11045,205.998551380715,221.485174317646,0.433757823761746,1042.1624264373,1007.94259846084,41.4516976007243
122,61,14351,202.014493763501,217.759081751126,0.429506833317236,1313.75681137203,1057.05992613755,39.1324646366107
122,201,8100,236.222716049383,250.354713126955,0.400188578706705,1152.27320987654,876.67012345679,67.940987654321
122,202,10508,239.665873620099,262.732560599079,0.4664402841005,1157.95812714123,850.649124476589,71.7018462124096
122,203,12928,251.615331064356,269.827029273429,0.41775474122084,1199.99675123762,901.243579826733,72.8201577970297
122,204,12302,228.323524630141,256.042600082156,0.509308211994789,1191.41342871078,916.046821655015,77.396520890912
122,205,13890,219.364362850972,233.746126303513,0.461299047411258,1272.28999280058,923.796112311015,67.7049676025918
122,206,13103,201.98328627032,201.98328627032,0.383378654199295,1263.11478287415,942.014729451271,73.050217507441
122,208,11639,188.12595583813,198.743195232103,0.43758179482902,1297.6778932898,867.214881003523,62.2676346765186
122,209,10890,203.899632690542,203.899632690542,0.355028941904676,1269.99513314968,863.223415977961,67.6540863177227
122,232,7382,238.458412354375,238.458412354375,0.396348595089244,1117.11514494717,901.857762124086,66.243023570848
122,233,12325,246.1630831643,272.86302727418,0.454045224125216,1106.8952535497,927.372494929006,71.2778904665314
123,1,16169,186.730842971118,186.730842971118,0.49683526327067,1226.92225864308,1140.45030614138,64.3799863937164
123,2,16981,180.850126612096,180.850126612096,0.398825222447249,1198.4680525293,1165.34821270832,47.9126670985219
123,4,15295,220.418502778686,241.048008485129,0.436531727521394,1285.34579928081,1073.18084341288,66.0451127819549
123,5,14868,229.425275760022,245.472229569212,0.409181508305386,1278.57916330374,946.550040355125,68.767083669626
123,6,12995,166.15613697576,178.322775020432,0.444297139929867,1128.87171989227,780.406771835321,61.3632935744517
123,7,17928,149.185575635877,156.264986203063,0.421595792616134,1220.88872155288,785.845102632753,44.6543953592146
123,9,10970,202.010300820419,211.732162307729,0.410603551038952,1138.09726526892,1076.67256153145,71.2511394712853
123,10,12400,197.050403225806,197.050403225806,0.416972334930857,1240.10314516129,797.760322580645,66.2439516129032
123,12,13803,193.10765775556,201.95158407549,0.400227700727371,1316.10048540172,879.120553502862,63.2080707092661
123,13,16650,152.772612612613,162.997102994175,0.460204932781315,1174.10288288288,760.292912912913,54.9532732732733
123,15,12255,229.136760505916,247.490242398088,0.401782245169462,1153.04455324357,994.589555283558,75.6385148918809
123,16,15763,156.523377529658,156.523377529658,0.467499423434662,1259.61003616063,761.288650637569,53.36966313519
123,17,14134,176.637328427904,190.930506601539,0.426703896416373,1146.76036507712,1123.37186925145,64.8046554407811
123,18,12689,222.496493025455,222.496493025455,0.362810198760276,1236.64701710143,1063.36433131058,74.9890456300733
123,19,8981,233.107894443826,245.455374686224,0.411935250443505,1333.02104442712,979.571762609954,66.5709831867275
123,20,7593,239.612142763071,239.612142763071,0.41161839687619,1211.17753193731,967.045041485579,69.7481891215593
123,21,12166,224.748890350156,224.748890350156,0.392082595904278,1259.53904323525,1011.16965313168,68.1791879007069
123,22,12736,158.060458542714,166.209268556503,0.446564629023981,1377.24316896985,854.268451633166,59.0921796482412
123,23,11772,264.474176010873,264.474176010873,0.385436607649222,1230.43127760788,983.5083248386,76.247536527353
123,24,11346,216.097391151066,224.46495440454,0.406557558418253,1130.03075973912,884.193019566367,66.5290851401375
123,25,10668,184.030933633296,193.272711210645,0.408596877284758,1315.02990251219,834.273997000375,60.3531121109861
123,26,13063,241.361402434357,265.32873107251,0.486293531755489,1128.76827681237,995.956441858685,69.9615708489627
123,27,16767,206.083556986939,226.654596905584,0.456960649650684,1346.70155662909,943.07306017773,72.4018607979961
123,28,8349,232.563780093424,255.923296071743,0.445743703104094,1317.32075697688,851.494430470715,68.6778057252366
123,29,9285,221.250726978998,246.721573798423,0.446386230150693,1372.15842757135,909.468928379106,62.0744211093161
123,30,11118,168.464561971578,180.343307806738,0.455398888344369,1410.45268933261,920.608112969959,55.138694009714
123,31,9618,188.045851528384,201.58019666886,0.420693958299599,1163.15595757954,800.926388022458,68.5479309627781
123,32,13448,177.771564544914,192.780129020844,0.459508796961749,1019.47256097561,883.052052349792,60.5858120166568
123,33,8983,213.910163642436,213.910163642436,0.354317125459134,1336.97172436825,927.227318267839,66.4744517421797
123,34,12426,172.044583936906,183.832162660831,0.450723700648915,1066.79365845807,839.520843392886,64.3802510864317
123,35,12707,237.806484614779,256.495063025612,0.432665284079575,1192.03919099709,1016.2647359723,69.2712678051468
123,36,12718,244.210017298317,258.168177551688,0.405247982877477,1312.93497405252,1032.24335587356,71.0437961943702
123,37,12995,177.724355521354,191.146320373814,0.463710147466472,1238.76129280493,765.129203539823,62.4362447095037
123,38,12051,226.00738527923,253.846706955183,0.494322461128619,1391.24064392996,1066.2001493652,56.5861754211269
123,39,14150,236.558233215548,266.724734712418,0.455527814983685,1118.94183745583,921.799858657244,71.3118727915194
123,40,14806,264.177900851006,293.033755266324,0.40517780135207,1393.35174929083,1010.17614480616,63.1250168850466
123,41,13885,235.700684191574,258.001989461659,0.43871650165725,1226.75801224343,1074.87057976233,69.3068779258192
123,42,17307,162.619344773791,172.90772598197,0.446803036236698,1083.43843531519,811.715953082568,46.705957127174
123,43,10763,204.5089659017,204.5089659017,0.366527020681724,1178.48034934498,929.585245749326,68.0996933940351
123,44,14549,193.931404220221,211.121362608779,0.449599726362709,1097.87937315279,1087.15361880542,63.8982060622723
123,45,15200,189.295,189.295,0.529096106936126,1329.81513157895,1119.25473684211,60.9167763157895
123,46,13866,244.267777296985,266.549176950815,0.452110564048584,1078.9886052214,1092.91598153757,44.1996249819703
123,47,8594,215.521177565744,224.56998885758,0.416151523796257,1237.1695368862,908.115429369327,65.8211542936933
123,48,11972,204.804042766455,222.564160121658,0.443364741800918,1052.66104243234,1022.56498496492,67.8839792849983
123,49,9807,194.463138574488,210.064701671076,0.452961249633816,1068.48220658713,900.337310084633,70.0417049046599
123,50,13932,175.198894631065,175.198894631065,0.496791999129461,1188.7742606948,1169.80519666954,57.8896784381281
123,51,7939,206.673510517697,219.319411130562,0.432009090275634,1214.93135155561,850.598941932233,63.1362892051896
123,52,15415,215.768083036004,234.402868523532,0.446867112187161,1029.92325656828,1067.33940966591,59.2084333441453
123,53,15120,163.833068783069,176.385720072823,0.457715237123077,1180.09583333333,945.918783068783,34.5471560846561
123,54,8060,211.02729528536,228.967296341915,0.436966480916368,1176.73436724566,824.918982630273,63.2490074441687
123,55,15518,180.820595437556,193.33651278829,0.461222904683844,1343.46339734502,839.292434592087,45.6792756798556
123,56,13927,190.460759675451,190.460759675451,0.390697139714337,1263.02032024126,854.482085158326,73.5812450635456
123,57,11118,242.955747436589,272.570581881022,0.473077590910809,1078.27280086346,963.254092462673,72.4165317503148
123,58,5862,252.161719549642,265.59717918936,0.400822522703852,1225.19651995906,866.910269532583,69.7831798021153
123,59,12121,193.545252041911,208.735548970287,0.445599234929532,1040.41135219866,975.137199900998,41.55506971372
123,60,5160,210.441085271318,210.441085271318,0.365753024483085,1290.76414728682,888.036627906977,67.978488372093
123,61,12902,204.163618043714,215.905122550857,0.434707643123186,1312.30785924663,1060.98511858627,39.1491241667958
123,210,12690,245.592119779354,266.940750991336,0.418564716123942,1215.78140267928,909.606698187549,73.1249014972419
123,211,10572,241.042565266742,257.897336012226,0.409561806272626,1198.73240635641,923.064604615967,77.4982027998487
123,212,9555,198.842386185243,212.010587289366,0.458179167226259,1274.36923076923,955.761904761905,74.2126635269492
123,213,7603,234.690648428252,252.782787471128,0.411140448248659,1173.28462449033,871.97685124293,68.1165329475207
123,214,9130,247.214895947426,265.266311721785,0.447984179947785,1181.39879518072,853.984884994524,72.5808324205915
123,216,9199,212.497336667029,212.497336667029,0.381273549652644,1263.72975323405,837.121208827046,64.8694423306881
123,217,10340,195.913926499033,195.913926499033,0.384028834455949,1264.10609284333,811.694003868472,60.0865570599613
123,218,10032,204.813397129187,204.813397129187,0.383088662833423,1125.82107256778,836.357954545455,65.4607256778309
124,1,18975,197.600895915679,221.310628011978,0.464890310667502,1280.60690382082,1074.25401844532,66.1944137022398
124,4,20034,144.777478286912,152.301324867383,0.443277790644473,1226.18827992413,787.095337925527,43.9125985824099
124,6,15976,183.909238858287,163.495987317155,0.508703757811268,1216.83850776164,1136.51301952929,65.2886830245368
124,7,14089,158.996238200014,169.390212874574,0.436868251400612,1147.57768471857,770.82866065725,61.0518134715026
124,8,11545,206.291208315288,206.291208315288,0.397847241524096,1131.2025985275,1066.83897791252,72.0362927674318
124,9,12644,221.394495412844,239.672658244198,0.425353733057727,1158.48315406517,984.94708952863,76.0725245175577
124,10,12723,247.180067594121,247.180067594121,0.370030965717871,1238.12583510178,982.309753988839,76.2712410594985
124,12,16855,168.464728567191,168.464728567191,0.453149352100807,1136.40005932958,1116.71432809255,65.4345891426876
124,14,17408,149.236902573529,158.961277942122,0.463001051809807,1279.30922564338,765.676585477941,52.5043083639706
124,15,16682,173.109219518043,184.569466888767,0.436717075858218,1174.61245653998,1169.30356072413,48.3671022659154
124,16,12256,188.127203002611,188.127203002611,0.382462119594367,1318.49902088773,890.327676240209,63.6196148825065
124,17,20031,145.750936049124,145.750936049124,0.479286638003657,1193.57850331985,757.062153661824,54.3749188757426
124,18,9366,214.236386931454,229.742784683237,0.440633577243494,1341.07409780056,992.126734998932,66.3253256459535
124,19,14442,187.656764990998,202.557023880332,0.417580431261735,1263.2967733001,799.815884226561,65.5149563772331
124,20,7542,221.700079554495,221.700079554495,0.392402438333291,1216.91328560064,961.879474940334,69.8422169185892
124,21,9664,199.869308774834,199.869308774834,0.372911304473995,1277.41752897351,837.274937913907,63.3077400662252
124,22,16863,232.586194627291,253.194776078809,0.405655463845988,1392.84712091561,1031.09422997094,61.9475182351895
124,23,15730,205.105785123967,213.964994874771,0.413585894336963,1234.0180546726,1067.96102987921,74.6454545454545
124,24,13558,232.170157840389,252.055376666423,0.444216984773596,1133.8392830801,912.148251954566,71.6379259477799
124,25,14540,210.404676753783,227.343090456562,0.436643676987096,1213.43947730399,1069.51011004127,68.7733149931224
124,26,15281,186.502912113082,200.518902492368,0.442657722139484,1086.01053595969,1074.4357044696,65.011583011583
124,27,12696,171.581994328922,183.559594104972,0.460560068138466,1257.33128544423,764.542533081285,61.3823251417769
124,28,14090,164.331014904187,175.503478630597,0.457298476934713,1082.30184528034,822.326259758694,64.0867281760113
124,29,12404,235.737907126733,258.825714448253,0.511133600232952,1132.39334085779,988.983795549823,70.8415833602064
124,30,8212,217.375060886508,239.592156178434,0.443114415840592,1337.99427666829,860.737944471505,67.6429615197272
124,31,13082,226.798960403608,226.798960403608,0.380108512306547,1310.68919125516,1043.12964378535,70.7501911022779
124,32,10999,167.373761251023,167.373761251023,0.4376343094718,1414.11091917447,940.152741158287,53.6018728975361
124,33,13602,200.933539185414,200.933539185414,0.348797494966434,1257.2841493898,1009.95419791207,68.2333480370534
124,34,11499,174.307939820854,174.307939820854,0.399772319425035,1328.75328289416,843.543351595791,59.6744934342117
124,35,9807,189.01488732538,203.787399145404,0.452900443530896,1080.71571326603,885.677679208728,70.4893443458754
124,36,9538,205.03984063745,225.161898163767,0.45115138815998,1381.90910044034,922.497693436779,61.0977144055358
124,37,16897,178.985737113097,178.985737113097,0.518955231258441,1315.78055276085,1131.84802035864,61.2455465467243
124,38,16065,230.58431372549,255.558111707247,0.480439242180253,1061.82682850918,1087.52069716776,44.8826019296608
124,39,14474,168.626917230897,168.626917230897,0.497771512136714,1165.35491225646,1167.12657178389,58.8629957164571
124,40,11330,207.458605472198,232.373238999715,0.487758401073294,1379.45022065313,1087.78667255075,54.7539276257723
124,41,14246,171.019865225326,183.665295213781,0.460795108158521,1029.40530675277,866.248420609294,61.4696756984417
124,42,17301,203.221605687533,224.199002093899,0.480017386599028,1017.4241373331,1048.10542743194,60.1093000404601
124,43,8483,199.177767299304,199.177767299304,0.356875731383671,1344.49546151126,937.655074855594,65.7428975598255
124,44,8586,202.33869089215,211.479516065235,0.414979268416807,1250.73363615188,907.695550896809,65.4878872583275
124,45,12388,153.56385211495,160.037881415203,0.430692224044274,1390.12463674524,870.205763642234,58.0331772683242
124,46,13232,219.096886336155,219.096886336155,0.394413914623012,1193.31658101572,1007.58811970979,69.6129081015719
124,47,12674,204.854031876282,222.20096692328,0.437474540722639,1053.18376203251,1006.39222029351,68.7395455262743
124,48,10586,191.026922350274,199.08679473589,0.410517275441809,1189.15728320423,923.284526733421,67.2479690156811
124,49,22079,153.070383622447,162.521888333344,0.456929243085395,1085.0500475565,811.157479958331,45.8687893473436
124,50,12193,232.030099237267,263.842429336018,0.497346338495001,1087.61641925695,949.387353399492,72.9083900598704
124,51,6878,187.699621983135,187.699621983135,0.38913110667835,1302.21779587089,887.053794707764,68.9101482989241
124,52,8253,203.664606809645,203.664606809645,0.397120680960877,1190.16333454501,816.07367018054,63.1177753544166
124,53,13359,205.917957930983,219.148018307807,0.415255939044096,1353.64959952092,959.630660977618,72.163260723108
124,54,11623,177.206745246494,182.610449071064,0.403704818019855,1286.0634087585,807.214660586768,59.3822593134303
124,55,15129,165.766408883601,177.086221979347,0.451817289043325,1166.85782272457,951.346685174169,34.4377024258047
124,56,8503,192.560272844878,199.10144124164,0.404156408399612,1225.1861695872,843.399506056686,62.8605198165353
124,57,5804,233.400241212957,233.400241212957,0.386489393518938,1240.34079944866,864.259476223294,69.6107856650586
124,58,14679,178.668165406363,187.463128164964,0.413792257477484,1285.23298589822,857.989304448532,72.6891477621091
124,59,12924,183.587202104612,197.321268807527,0.454833305887612,1028.8353450944,962.366914268028,42.474930362117
124,60,14741,173.327521877756,187.493706390445,0.472074411040577,1323.71331659996,851.773217556475,41.7920765212672
124,61,14164,198.539960463146,206.799022687087,0.401968755584282,1286.57074272804,1087.18949449308,39.3945213216605
124,219,9630,195.524195223261,195.524195223261,0.394459580401705,1141.37767393562,825.048909657321,64.9088265835929
124,220,17513,178.991834637127,192.620628381914,0.442900654254991,1168.55992691144,799.22731685034,69.532347399075
124,221,8799,219.024661893397,219.024661893397,0.37216067129415,1143.01659279464,879.407205364246,67.0803500397772
124,222,7377,234.130134200895,234.130134200895,0.354261434211969,1185.16687000136,862.177578961638,68.5911617188559
124,223,9265,225.563518618457,247.57072126776,0.464671430635367,1194.75067458176,848.915704263357,72.6138154344306
124,224,11097,237.087951698657,237.087951698657,0.388791369999162,1230.06722537623,906.317292962062,73.1131837433541
124,225,11901,218.004537433829,233.547270464,0.439764666752111,1212.75598689186,915.024703806403,77.3839173178724
124,226,13860,218.010101010101,218.010101010101,0.385372709634069,1293.53138528139,944.797474747475,68.5971861471862
124,227,9270,198.57907227616,198.57907227616,0.347905478173249,1281.42923408846,960.82740021575,73.5220064724919
125,3,15739,219.156807929347,234.500238473389,0.422912709664558,1271.92775906983,1081.69343668594,66.9618781371116
125,5,13907,160.56626159488,171.907487535659,0.445051180005642,1148.19062342705,770.7698281441,60.8815704321565
125,6,8604,251.785448628545,296.115363294825,0.548066201520575,1246.91376104138,1012.8019525802,67.6646908414691
125,8,19181,149.812679213805,158.240583417706,0.433894499879848,1238.62217819717,785.16354726031,44.2102601532767
125,10,8620,219.809976798144,195.553603593584,0.420975563355238,1204.34872389791,964.345707656612,70.0336426914153
125,11,12642,259.838712229078,282.197637305105,0.419101467113285,1224.84915361493,985.107577914887,76.3856984654327
125,12,14183,174.794260734682,174.794260734682,0.44531386755883,1124.63935697666,1121.31721074526,64.5124444757809
125,13,15915,182.286333647502,196.900749351284,0.416158080376029,1173.19635563933,1166.57643732328,47.4171536286522
125,14,14741,196.076521267214,196.076521267214,0.394665952222805,1260.63035072247,798.997761345906,65.6129841937453
125,15,13646,159.760296057453,170.589655090487,0.453750130025263,1081.3084420343,819.379305290928,63.8038252967903
125,16,13217,218.772036014224,244.288498111903,0.464351100838708,1334.65181206023,993.034122720738,67.6440190663539
125,17,14491,232.304878890346,251.713506030297,0.449867903918533,1125.25498585329,993.220550686633,71.3121937754468
125,18,9774,200.01606302435,200.01606302435,0.399962794281493,1123.42142418662,1070.35297728668,71.6574585635359
125,19,17072,151.260485004686,160.124704105898,0.450850684812056,1199.21532333646,755.902881911903,55.0731021555764
125,21,14070,226.502487562189,247.234110928157,0.436357153103846,1183.43333333333,1011.49850746269,69.1518834399431
125,22,20459,211.528960359744,239.09430272139,0.47006634846988,1205.2634048585,1069.5490004399,68.5964123368689
125,23,16535,180.953794980345,170.525968112775,0.461544899374998,1207.70039310553,1140.73698215906,64.8803749622014
125,24,9599,227.704760912595,256.46054544915,0.437958549991692,1380.43702469007,929.113866027711,62.031149078029
125,25,12394,239.11747619816,239.11747619816,0.356037756816387,1305.64837824754,1052.49943521059,70.9138292722285
125,26,11726,186.469810677128,195.814759808243,0.404843471089149,1333.74808118711,848.515350503155,60.6390073341293
125,27,14398,218.732740658425,239.308934145135,0.455461551557159,1124.96027226004,914.612307264898,71.3951937769135
125,28,13630,215.982171680117,229.939388668228,0.430054235459047,1346.09655172414,978.074027879677,72.6260454878943
125,29,14915,263.718873617164,284.890233136678,0.406811035957171,1388.15038551793,1034.20998994301,63.18538384177
125,30,15278,156.184251865427,166.40686414294,0.462903760943605,1284.62488545621,766.109111140202,53.4636078020683
125,31,10160,209.168307086614,209.168307086614,0.380400058438072,1341.59557086614,947.361318897638,66.4356299212598
125,32,14767,193.404347531658,216.546494593883,0.511572310663766,1314.26268030067,1135.41464075303,61.3585697839778
125,33,8147,205.761384558733,221.280817219596,0.436275246509504,1195.18878114643,810.135141769977,63.1445931017552
125,34,10211,210.582606992459,233.827797497889,0.424899858991002,1151.2020370189,991.064734110273,76.3979042209382
125,35,14359,179.83821993175,198.521458096354,0.501666278223754,1157.69977017898,1167.94080367714,58.2337210112125
125,36,11457,178.105525006546,191.075071961483,0.453904979277929,1259.26891856507,766.767478397486,61.9927555206424
125,37,12029,231.929420566963,265.567195528743,0.518875913348104,1378.96566630643,1090.54992102419,55.2026768642447
125,38,10501,229.740786591753,229.740786591753,0.437717803171873,1335.37167888773,870.242357870679,68.2459765736596
125,39,18493,158.596495971449,167.512596022554,0.448123006663408,1095.70870058941,804.281998594063,45.4831017141621
125,40,13758,216.958932984445,228.387505116693,0.402035478248475,1227.84728885012,1068.91946503852,74.7525076319233
125,41,16088,231.498508204873,261.426506206228,0.511452151375829,1062.58565390353,1081.97016409746,43.7662854301343
125,42,8672,219.901291512915,234.429671323094,0.412202365860428,1243.98316420664,911.689806273063,66.3708487084871
125,43,11813,196.1485651401,196.1485651401,0.384869899802053,1045.01633793279,1007.73249809532,68.0639972911199
125,44,10812,177.250277469478,190.607086580476,0.462489223923639,1076.20338512764,885.03098409175,69.937106918239
125,45,10682,199.615895899644,212.563906481815,0.402507088358505,1182.768489047,921.979498221307,67.8581726268489
125,46,13645,162.792891168926,172.913043677511,0.441635637684704,1028.40403078051,862.268230120923,60.7554415536827
125,47,11895,161.671794871795,168.979077657353,0.430858342840223,1391.70432955023,878.129970575872,59.1855401429172
125,48,18074,189.043985836008,202.901925530698,0.473736144154317,1010.83534358747,1041.29567334292,58.896259820737
125,49,10610,179.123656927427,195.611715887372,0.443814795064382,1416.24637134779,943.001036757776,54.9331762488219
125,50,14193,183.475234270415,198.729837331848,0.424966983046057,1076.6833650391,1076.46987951807,63.7958852955682
125,51,18559,163.195430788297,175.160641721091,0.496118714164616,1180.88900264023,942.458429872299,34.0445067083356
125,52,10248,200.044594067135,200.044594067135,0.398179095689687,1316.99355971897,897.521370023419,64.8383099141296
125,53,8031,186.075208566804,186.075208566804,0.373482627355232,1184.95156269456,795.661436931889,68.643506412651
125,54,14542,194.122954201623,194.122954201623,0.351737857770043,1271.44828771833,853.239513134369,73.2202585614083
125,55,10801,181.570780483289,197.463923935252,0.468836201815075,1032.25423571891,955.108508471438,41.7896491065642
125,56,10726,225.529834048107,254.884020619643,0.467413659144439,1075.77559201939,948.894928211822,72.2760581763938
125,57,8873,203.976670799053,212.05387258925,0.423374488248313,1227.09568353432,851.574664713175,63.6304519328299
125,58,6086,246.075747617483,262.690523393914,0.420642179352939,1237.44199802826,863.744495563589,69.8606638186001
125,59,13044,216.272692425636,216.272692425636,0.390057888492553,1294.38140141061,1083.76540938362,39.4480220791168
125,60,16959,186.946459107259,204.745987666179,0.495858574252286,1336.10873282623,852.53128132555,42.778288814199
125,61,5518,203.068865530989,203.068865530989,0.360094997962574,1287.06107285248,877.323486770569,68.3314606741573
125,235,10556,195.872110647973,195.872110647973,0.353875090794136,1292.36187949981,813.385941644562,61.0472716938234
125,236,9012,213.007656458056,213.007656458056,0.376536409626785,1278.53561917443,844.835330670217,64.848535286285
125,237,6176,233.519591968912,233.519591968912,0.36767216057354,1178.84876943005,863.546955958549,68.1339054404145
125,238,9921,238.683902832376,249.695350912159,0.431095515993027,1191.71716560831,848.913718375164,72.3255720189497
125,239,9874,255.218655053676,255.218655053676,0.367872010999736,1223.69698197286,907.702653433259,73.1926271014786
125,240,7684,244.158901613743,244.158901613743,0.369681812624414,1196.75950026028,922,77.5853722019781
125,241,11801,189.940005084315,189.940005084315,0.387741037848128,1139.77823913228,828.97415473265,65.0208456910431
125,242,9090,218.908140814081,233.425262428828,0.406205601811196,1140.96237623762,881.319581958196,67.0546754675468
125,243,10341,242.951455371821,242.951455371821,0.390656647069721,1284.28527221739,944.122618702253,69.5194855429842
125,244,9748,209.652031185884,209.652031185884,0.371278001143189,1272.46183832581,960.147517439475,74.4617357406647
126,1,15132,205.26619085382,226.375863325658,0.421655778595203,1259.73281786942,1074.17453079566,68.005551149881
126,2,14572,246.308468295361,265.259749402871,0.428307938793114,1210.05016469942,904.190708207521,74.1582486961296
126,6,13881,162.288307758807,171.887160406743,0.430148458759977,1147.18860312658,769.475974353433,61.2801671349326
126,8,15812,231.13141917531,264.950739796228,0.489802702248357,1206.14558563117,1067.21142170503,69.4354287882621
126,9,15115,180.102547138604,193.000972644221,0.431574229756672,1256.08726430698,769.21429043996,62.8097915977506
126,10,19587,148.235972839128,156.372827313198,0.434496383475907,1242.26083626895,782.189105018635,44.017613723388
126,11,18809,172.337285342123,184.113067575484,0.454580980851316,1171.59115317135,1167.18666595779,46.8733584985911
126,12,10777,197.645170270019,197.645170270019,0.382337754784197,1313.40558597012,904.110420339612,65.1059664099471
126,13,11838,234.051697921946,249.710415887056,0.424153252527963,1138.21650616658,996.258067241088,75.5061665821929
126,14,17206,150.111240265024,158.839864812405,0.450607914444945,1198.37731024061,754.27170754388,55.5595141229804
126,15,10262,205.137302670045,205.137302670045,0.379353455512986,1120.27684661859,1075.26339894757,70.613428181641
126,16,14543,219.97538334594,236.257457722403,0.408469305191112,1329.36649934676,987.823764010177,73.1655779412776
126,17,14655,259.040805185943,259.040805185943,0.369861302584906,1377.54384169226,1033.6682360969,64.8764244285227
126,18,10331,183.442551543897,194.897040507348,0.417894029265211,1327.7250024199,847.307811441293,61.5356693446907
126,19,14252,204.015576761156,204.015576761156,0.365235427221262,1337.91545046309,949.465899522874,67.9776171765366
126,20,8393,232.51757416895,243.637731928507,0.419447344603341,1190.18753723341,961.26295722626,70.9351840819731
126,21,12413,237.855151856924,255.479840767411,0.452386642604156,1179.34753887054,1012.22838959156,69.8707000725046
126,22,12444,245.155014464802,268.297702607369,0.488604044419763,1115.40943426551,1004.29387656702,70.2622147219544
126,23,14300,163.563846153846,175.675322631997,0.457897046178958,1076.57020979021,821.512937062937,63.7141258741259
126,24,14520,236.275757575758,236.275757575758,0.383316073712156,1280.35833333333,1036.10158402204,70.5749311294766
126,25,15890,198.01472624292,198.01472624292,0.364635809120433,1207.17533039648,1133.02378854626,65.4742605412209
126,26,14243,189.028856280278,206.524501285908,0.448991635947783,1078.6180579934,1081.64726532332,62.7747665519905
126,27,14292,182.064371676462,164.914243925948,0.461157353214953,1123.28078645396,1119.83942065491,64.2241813602015
126,28,18645,157.894609814964,166.440575411824,0.445520784339438,1094.56486993832,801.252614641995,44.8952534191472
126,30,9430,238.673700954401,238.673700954401,0.412412573833919,1230.9887592789,854.3098621421,70.67868504772
126,31,14988,231.719642380571,257.877804967402,0.470522924362645,1116.96076861489,922.060581798772,71.5445689885241
126,32,13149,194.042816944254,207.401827456646,0.42368144418686,1251.22648110122,808.022739371815,66.8781656399726
126,33,10325,223.065472154964,242.153482859932,0.430159289351204,1371.46208232446,932.005811138015,63.3952542372881
126,34,13894,256.629480351231,278.187719472399,0.423236788794746,1216.27544263711,989.378508708795,75.7907729955376
126,35,16134,205.450973100285,226.12794105887,0.478640792764355,1008.60859055411,1048.21693318458,57.4512210239246
126,36,14961,194.437337076399,214.978110403334,0.464225027081092,1308.56333132812,1129.14724951541,62.9679834235679
126,37,7876,231.589766378873,260.380238864193,0.438218753625829,1308.81056373794,988.531742001016,67.8542407313357
126,38,10559,171.447580263283,179.868144873348,0.417832860742874,1414.85008050005,940.217350127853,56.5597120939483
126,39,9346,228.918253798416,253.22208126665,0.457502098930235,1332.87320778943,867.559169698267,68.7401027177402
126,40,14347,177.307172231128,195.073959607226,0.510735884904613,1157.78302084059,1170.24367463581,57.9549034641388
126,41,15393,167.861755343338,180.962332618062,0.468933571908629,1023.03410641201,858.540960176704,59.9721951536413
126,42,12458,221.978889067266,247.190975588815,0.496941547505339,1378.9521592551,1090.13268582437,56.4535238401027
126,43,8556,220.31533426835,235.84769209108,0.427417152807193,1235.57713884993,914.963534361851,67.2106124357176
126,44,12614,213.851038528619,244.906192559971,0.515729391819213,1179.57008086253,926.67345806247,77.2986364357064
126,45,10298,189.886871237133,208.883418142056,0.46694542112981,1068.30870071859,887.493979413478,69.0459312487862
126,46,8564,205.062470808034,217.511434133559,0.421177137589223,1189.05324614666,817.895959831854,63.3303362914526
126,47,14102,155.552687562048,164.955872538967,0.459836263398988,1292.89575946674,769.720677918026,54.4588001701886
126,48,14675,239.260783645656,265.966519594066,0.466234494231151,1060.65921635434,1085.67223168654,43.6044974446337
126,49,11165,159.607881773399,165.243324891184,0.419708507499286,1386.6249888043,879.188087774295,60.4174652933274
126,50,12015,209.938243861839,227.965989940836,0.444419762429506,1042.04486059093,1016.34956304619,67.4516853932584
126,51,13613,221.879233086021,221.879233086021,0.388012492470433,1229.85925218541,1061.18394182032,74.7500183647984
126,52,10382,204.380851473704,204.380851473704,0.369076604069801,1180.26863802736,922.050664611828,67.8968406858023
126,53,7147,208.53602910312,223.713743017627,0.439831118894477,1221.74296907793,854.893381838534,64.0691199104519
126,54,5100,238.763333333333,238.763333333333,0.595861359190933,1156.28725490196,1074.30470588235,60.4258823529412
126,55,14525,184.441101549053,184.441101549053,0.38437389246959,1272.1017555938,855.379965576592,73.2933562822719
126,56,11493,243.03193248064,289.866996473164,0.489786316521879,1067.55668667885,953.695031758462,71.4860349778126
126,57,20628,158.389179755672,158.389179755672,0.508557734936297,1190.57397711848,938.934021718053,33.5081442699244
126,58,18374,182.091324697943,199.536825865998,0.495156759459629,1344.70387504082,850.333133775988,43.5520300424513
126,59,11819,184.338691936712,198.918038939526,0.440186537586525,1036.8043827735,956.866655385396,40.4887892376682
126,60,11676,213.544193216855,213.544193216855,0.399237144685699,1307.60594381638,1078.57194244604,39.396197327852
126,61,5375,205.65023255814,205.65023255814,0.380477568032256,1292.18846511628,891.073302325581,69.2950697674419
126,62,4036,167.707383548067,154.651357319665,0.554885597908154,1213.29360753221,1066.82656095144,61.7086223984143
126,246,14698,182.310790583753,193.549875735678,0.453126198909841,1156.93727037692,794.264253639951,69.2676554633283
126,247,11056,223.45269536903,254.964162781353,0.505786223817294,1176.49945730825,843.536812590449,72.7325434153401
126,248,9846,228.241011578306,240.989188319573,0.412073954396246,1166.17225269145,863.271176112127,68.6157830591103
126,249,10940,197.251828153565,197.251828153565,0.378581573292712,1135.99085923218,830.978062157221,64.9512797074954
126,250,9378,218.412028150992,218.412028150992,0.393859274522259,1129.49861377692,886.353166986564,67.263915547025
126,251,12827,229.873625945272,249.162013114451,0.417167222218798,1274.39993763156,938.796522959383,70.2628050206595
126,252,11356,204.346600915815,204.346600915815,0.387262924924947,1260.0835681578,958.269813314547,74.4555301162381
126,253,13199,188.131979695431,201.383929418955,0.45484429737027,1288.45700431851,821.125615576938,61.3847261156148
126,254,6484,214.764497223936,214.764497223936,0.390754486202486,1272.1628624306,849.987661937076,65.4199568167798
127,2,14398,160.126684261703,169.340811731126,0.444477935242127,1155.79802750382,763.347617724684,60.4913876927351
127,3,16341,240.079126124472,259.452411937545,0.422783065213059,1221.10843889603,902.43650939355,73.9222813781286
127,5,15963,187.375430683455,187.375430683455,0.393818814381179,1178.45179477542,790.326567687778,67.9976821399486
127,6,18173,179.777802234084,193.999726885505,0.4447075152985,1157.97303692291,1171.19699554284,47.5618775105926
127,7,13482,182.146046580626,193.69372111046,0.445083865053567,1267.27755525886,767.975819611334,61.4988132324581
127,8,20237,219.172159905124,241.899853807399,0.459796462945419,1199.59065078816,1061.0449671394,69.7619212333844
127,10,16638,221.449032335617,221.449032335617,0.39437551900402,1335.84871979805,995.489902632528,71.6882437793004
127,11,11084,226.754240346445,251.89095359008,0.444339965946886,1187.19198845182,841.665012630819,72.196409238542
127,12,13709,203.731709096214,203.731709096214,0.391062576165474,1340.32686556277,953.020643372967,66.6757604493398
127,13,13776,259.347923925668,259.347923925668,0.39435113669101,1376.72735191638,1043.41398083624,64.0510307781649
127,14,12747,231.193771083392,267.819856355633,0.499409518663619,1367.68957401742,1102.76221856123,55.7899113516906
127,15,7971,229.881194329444,241.528467369179,0.414202360933468,1196.54058461924,959.014427298959,70.8746706812194
127,16,17162,150.351066309288,158.603987034877,0.448420851183822,1205.95932874956,753.018412772404,54.9871809812376
127,17,11273,184.230816996363,192.670884858293,0.411092848468446,1335.68659629203,852.594251751974,60.6486294686419
127,18,16495,188.393391936951,208.236358871391,0.454996354596792,1200.41897544711,1127.28748105487,65.920036374659
127,19,19335,147.109128523403,153.831326266723,0.433865091740426,1245.63992759245,783.599534522886,43.3026118438066
127,20,19451,157.006220759858,165.348523081506,0.430952513550359,1092.50907408359,798.363580278649,44.5887100920261
127,21,9849,222.127728703422,237.423135903778,0.433147506508008,1371.9387755102,936.837851558534,62.4469489288253
127,22,12561,240.598519226176,240.598519226176,0.366979333843259,1174.44160496776,1003.84324496457,70.1734734495661
127,23,12035,207.782800166182,224.768574103237,0.453884891664115,1249.72006647279,1070.52696302451,68.2685500623182
127,24,11392,224.825140449438,237.277594347216,0.404724007119039,1142.20093047753,987.652826544944,75.7178721910112
127,25,10954,210.499087091473,210.499087091473,0.386412933034548,1110.83293773964,1067.83111192259,71.2733248128538
127,27,16619,176.860160057765,161.657814187449,0.478857974412416,1114.81509116072,1113.99446416752,64.8060051747999
127,28,14052,241.577426700825,275.422362822542,0.487539785520729,1111.16168516937,999.710148021634,70.4249928835753
127,29,11250,208.961511111111,208.961511111111,0.531729204636415,1187.14968888889,919.554133333333,77.1540444444444
127,30,14434,161.036926700845,170.783171908777,0.449471956809664,1086.49327975613,809.948801441042,63.8446030206457
127,31,10263,179.306245737114,191.093297945573,0.409405716143336,1414.26658871675,952.29806099581,55.3096560459905
127,32,12549,261.882460753845,261.882460753845,0.399160887432327,1224.17116901745,984.714718304247,75.5162164315882
127,33,17469,188.918770393268,205.312433496553,0.451994265244051,1294.11695002576,1132.11660656019,63.4141622302364
127,34,14798,237.288147046898,255.96317601012,0.4279881019178,1281.8635626436,1041.61744830382,70.5549398567374
127,35,13374,187.736129804098,201.405024842772,0.42991254306998,1070.82480933154,1070.78652609541,63.5557050994467
127,36,7526,226.932367791656,247.045167993778,0.469785193620486,1316.83882540526,998.017007706617,67.0235184693064
127,37,15572,165.188864628821,177.927304481828,0.471672053842194,1023.77998972515,848.282686873876,59.9687259183149
127,38,19662,165.086257756078,178.189853983497,0.4970786450942,1179.67353270268,943.632743362832,33.0727291221646
127,39,13836,224.770453888407,261.566487421067,0.533032131906459,1050.23821913848,1074.13067360509,42.582827406765
127,40,13865,235.155571583123,264.582102696811,0.454407424627919,1124.86397403534,914.304291381176,72.0634691669672
127,41,14457,216.747527149478,232.867605677566,0.425458386806473,1222.53690253856,1062.65670609393,74.983606557377
127,42,10682,184.716438869126,202.082154749072,0.468470565056617,1130.67206515634,1162.20670286463,58.9185545777944
127,43,11018,200.810673443456,200.810673443456,0.399703865191584,1181.50499183155,918.982301688147,68.1591032855328
127,44,7836,235.725242470648,235.725242470648,0.44503502733441,1346.14612046963,875.037901990812,67.6525012761613
127,45,10827,184.056802438349,197.487072627303,0.455742747208958,1073.18934146116,877.368615498291,69.5996120809088
127,46,12460,209.024799357945,231.290806172051,0.433346489170248,1043.05120385233,1007.91452648475,68.1864365971108
127,47,17470,199.54911276474,217.537251753886,0.471457333420788,1000.4566685747,1035.3181453921,58.6275329135661
127,48,8801,204.833087149188,204.833087149188,0.393080795610054,1197.89648903534,817.576752641745,62.9269401204409
127,49,14208,155.247184684685,165.166579935197,0.463745396043791,1302.00809403153,771.92553490991,53.3679617117117
127,50,11733,161.156311258843,167.715479882523,0.419071375324907,1390.98934628825,887.949032642973,59.1696923208046
127,51,17664,146.287817028986,139.016634333875,0.713386033506355,1207.82971014493,999.990885416667,60.2690217391304
127,52,14588,186.904373457636,194.332132962959,0.400941882678383,1281.59411845352,858.078557718673,72.6985878804497
127,53,6563,248.600487581899,248.600487581899,0.392238577886707,1238.20524150541,861.032607039464,69.9684595459394
127,54,10047,190.343187021001,206.087248207037,0.439753861522128,1264.53190006967,811.116651736837,67.9771075943068
127,55,14305,203.473680531283,215.059456547555,0.4150764033443,1286.49241523943,1094.52960503321,39.2796924152394
127,56,9574,216.54940463756,230.992708765432,0.438972971951842,1240.65134739921,910.143931481095,67.1217881763108
127,57,15398,187.676776204702,204.831565846978,0.47734045119379,1341.43343291337,863.986556695675,41.78230939083
127,58,4972,263.639380530973,325.428118048329,0.591333804604191,1171.10518905873,1040.46098149638,59.8676588897828
127,59,11740,234.710051107325,265.465060345688,0.505534052582912,1071.56218057922,940.914224872232,71.8853492333901
127,60,7272,204.683305830583,217.035727388894,0.445861603210819,1223.97524752475,852.860561056106,63.475797579758
127,61,12200,184.215409836066,200.810622864932,0.454175731426025,1028.68221311475,947.453196721311,40.7009836065574
127,62,8777,185.153925031332,193.792078315301,0.416137773619664,1143.03987695112,814.936424746497,65.6856556910106
127,255,11346,197.745196545038,197.745196545038,0.388650319953681,1297.10708619778,822.735942182267,61.0896351136965
127,256,9789,209.482888956993,209.482888956993,0.396642881017464,1282.64633772602,842.083256716723,65.1067524772704
127,257,10257,202.480744857171,202.480744857171,0.382211162808575,1317.46290338306,907.332748366969,63.8957784927367
127,258,12660,198.412954186414,198.412954186414,0.351627484469398,1300.07030015798,887.981516587678,68.4976303317536
127,259,12177,234.054529030139,250.570332275397,0.404798364682786,1277.08351810791,945.115709944978,69.3090252114642
127,260,11783,206.479334634643,206.479334634643,0.369795790212939,1271.85682763303,960.597301196639,73.9113977764576
127,261,10341,210.854366115463,223.016442148634,0.425242871426946,1133.85436611546,878.176481964994,67.2923314959868
127,262,8524,224.351947442515,238.28917183311,0.413646889509152,1176.22125762553,860.372595025809,68.2244251525106
128,3,14847,227.348151141645,264.460262440363,0.562637577615642,1107.31433959722,986.4459486765,69.3131272310905
128,4,14355,160.543225357018,170.555634265596,0.432982301613188,1169.06764193661,761.257749912922,61.5640543364681
128,5,22611,152.028614391226,160.402725937527,0.436848383195049,1109.73083897218,787.008668347265,44.2387333598691
128,6,18321,165.65678729327,143.612852083232,0.571198092161591,1181.47459199825,1133.55133453414,65.472190382621
128,7,13707,182.341431385424,196.460276723406,0.446040923544303,1281.69570292551,775.216239877435,62.4308747355366
128,8,14627,247.438435769467,266.60693987683,0.423542122295281,1366.79271210775,1059.85677172353,64.3274082176796
128,11,11716,199.171560259474,216.217364261469,0.420410381285952,1090.52773984295,1061.85660635029,70.3142710822806
128,12,14897,243.933140900853,283.682820073839,0.508883022472613,1359.38088205679,1114.36792642814,55.7939182385715
128,13,11206,216.456808852401,229.542321031007,0.437737774248764,1132.10976262716,978.047653043013,75.5973585579154
128,14,15426,250.060158174511,250.060158174511,0.381015412795744,1180.25392194995,1067.32736937638,71.1398936859847
128,16,14663,157.665075359749,167.58665699863,0.442382877259656,1093.09813817091,801.810679942713,63.8505080815658
128,17,11930,187.038809723386,195.905537884446,0.415838978703185,1346.30863369656,860.954568315172,61.9602682313495
128,18,14931,187.103342040051,199.902835574438,0.422803983354271,1149.27245328511,1165.23963565736,46.0723327305606
128,19,14646,215.920251263144,238.924924456605,0.452002245344998,1230.9225727161,1055.78458282125,67.9386180527106
128,20,18884,148.64583774624,155.628997999359,0.422758924665614,1270.67379792417,787.343677187037,43.6093518322389
128,21,13153,238.087280468334,238.087280468334,0.379031136322051,1268.89439671558,1050.49349958184,71.0014445373679
128,22,19434,148.783214984049,157.883258955458,0.454174340300528,1221.16306473191,752.074611505609,56.0547494082536
128,23,11169,202.062763004745,202.062763004745,0.383489793791947,1317.37156415077,919.07010475423,65.0077894171367
128,24,13972,188.184368737475,204.434705828685,0.458628133685051,1114.91461494417,1162.24942742628,57.314629258517
128,25,11994,266.04052026013,266.04052026013,0.364089555420752,1210.86910121728,986.998916124729,75.5061697515424
128,26,14828,159.910237388724,171.065063203332,0.455773651088938,1028.88818451578,832.251685999461,58.8262071756137
128,27,13662,237.312472551603,267.642224607044,0.453303416650813,1124.09215341824,916.533157663592,72.0673400673401
128,28,7075,232.339929328622,248.986510980586,0.424857785734356,1189.56282685512,959.508692579505,70.8664310954064
128,29,8571,227.045852292615,239.912058063707,0.430276474865646,1235.38490257846,919.02403453506,67.4501225061253
128,30,11041,176.032152884702,187.501376314802,0.443290150289447,1075.4408115207,868.681188298161,69.5921565075627
128,31,31183,161.647307827983,140.137994239963,0.806722894164576,1187.26671583876,982.999166212359,59.9293204630728
128,32,13899,175.144254982373,175.144254982373,0.495834369899995,1091.4476581049,1114.03323980142,64.0272681487877
128,33,16951,172.059701492537,187.76977295962,0.479291891035608,1281.90513833992,1140.28098637249,63.5442746740605
128,34,14090,216.955216465578,242.261480106269,0.472200636472591,1186.93747338538,936.117955997161,77.5040454222853
128,35,18607,178.464287633686,193.082365669375,0.480760076851915,988.175310367066,1015.31864352126,56.5276508840759
128,36,13141,211.620500722928,211.620500722928,0.377597480051574,1216.60512898562,1074.23080435279,74.093676280344
128,37,12227,249.826040729533,249.826040729533,0.325047018758922,1164.42766009651,1007.82628608817,70.4569395599902
128,38,16167,227.08443124884,212.208443798033,0.476582413201056,1256.46848518587,882.01274200532,73.8454258675079
128,39,11264,182.537020596591,199.915094893743,0.442150790369396,1415.560546875,971.422052556818,56.0462535511364
128,40,8522,235.689509504811,255.983251505843,0.442307721099812,1373.80790894156,953.836775404834,63.4299460220605
128,41,10092,200.873166864843,210.194083265217,0.416974092619478,1207.28151010702,810.264665081252,63.3366032500991
128,42,8691,240.315268668738,240.315268668738,0.425223275553637,1346.01783454148,892.300080543091,68.4236566563111
128,43,12772,202.348261822737,216.567736119766,0.425329721762196,1051.03006576887,1063.2406827435,62.9745537112433
128,44,11741,198.043778213099,208.70025251986,0.408552610703696,1288.13942594328,858.963376203049,72.107827271953
128,45,14358,190.938292241259,212.48071252572,0.457800077087236,1043.17049728374,1051.74320936064,41.0216603983842
128,46,9638,205.192571072837,213.72944049165,0.423124920041077,1181.95963892924,918.808777754721,68.0732517119734
128,47,9079,211.245181187355,222.571030799573,0.416468643998146,1235.87267320189,849.778389690495,64.5536953408966
128,48,13363,158.736062261468,168.848193229403,0.463748928252048,1321.97867245379,783.802738905934,54.8264611239991
128,49,13500,192.103851851852,205.817897596291,0.426702557319392,1031.70977777778,993.992148148148,67.4159259259259
128,50,19430,160.817858980957,176.164894926548,0.494132945785416,1190.59521358724,936.450797735461,32.8104992279979
128,51,11732,162.307193999318,168.359934343359,0.414916846368429,1395.26176270031,903.577736106376,60.2966246164337
128,52,16538,209.447938081993,225.221837087854,0.430900279659063,1270.08670939654,1105.88704801064,38.898294836135
128,53,9101,211.16745412592,228.460933130064,0.436418223961269,1128.79694539062,868.851005384024,68.189319854961
128,54,18756,185.414427383237,202.740208392778,0.498289498107306,1360.38819577735,877.807314992536,42.8910748560461
128,55,10681,227.490871641232,253.145638909447,0.470103325700262,1064.84336672596,929.798614361951,71.32468869956
128,56,12255,198.104610363117,208.913262639893,0.409330207755443,1337.50730314157,969.373969808242,66.9651570787434
128,57,12151,175.454941980084,188.4703322878,0.450479338451008,1032.94461361205,928.834170027158,39.9306229939923
128,263,12801,193.11670963206,203.278181296839,0.427115391684028,1306.01249902351,830.409343020077,61.6187016639325
128,264,6194,220.576848563126,220.576848563126,0.36385153020035,1284.13174039393,852.725056506296,65.3290280917016
128,265,10768,198.013930163447,211.333720762519,0.433625110090991,1270.89570950966,814.220653789004,67.6253714710253
128,266,9704,201.109954657873,201.109954657873,0.362578592360215,1295.25319455894,903.555647155812,69.0852225886233
128,267,5898,233.029331976941,233.029331976941,0.375681251072499,1178.78212953544,864.522041369956,67.6924381146151
128,268,11332,225.11516060713,248.924384085737,0.476148530758122,1193.4544652312,849.72114366396,72.467525591246
128,269,11966,182.24678255056,195.390583033395,0.44390820480424,1182.32667558081,790.649172655858,69.8382918268427
128,270,15572,216.964359106088,195.774585345097,0.523384609301279,1182.83386848189,835.888967377344,67.4614050860519
128,272,11648,239.55417239011,239.55417239011,0.368848458931761,1270.09830013736,956.699089972527,69.878176510989
128,273,12835,206.628983248929,213.333258923907,0.404626830957297,1262.66521231009,973.158083365797,74.2112972341254
128,274,8968,248.632805530776,248.632805530776,0.324923441799688,1319.25847457627,1013.32917038359,68.9708965209634
128,275,12261,225.910692439442,240.048361521145,0.402977642446248,1327.10105211647,1000.90310741375,73.8058885898377
129,1,18745,181.816911176314,188.87179969722,0.402407445424187,1155.96271005601,804.46641771139,68.1660709522539
129,2,15511,169.407904068081,179.283648795209,0.432493156160762,1262.36380633099,768.648378570047,61.3155180194701
129,4,15983,152.398235625352,160.55675634473,0.438658179734362,1140.75636613902,768.522742914347,60.3410498654821
129,5,16670,163.3224955009,139.562172910162,0.589282552027235,1206.04889022196,1142.43887222555,66.2164367126575
129,6,14004,221.616395315624,232.544032021325,0.420386020308722,1189.25164238789,1062.31241073979,70.7065124250214
129,7,20659,142.476257321264,148.617901952562,0.429616002428105,1237.67374993949,791.480855801346,42.1870855317295
129,8,11388,186.087284861257,186.087284861257,0.388946560847153,1344.95969441517,952.432209343168,66.4505619950825
129,9,16594,172.134747499096,185.272586682567,0.434368427681384,1164.00470049415,1178.50548390985,47.0323610943715
129,10,15574,154.525940670348,163.852692761209,0.449494097739821,1077.22184409914,815.31449852318,64.0514960832156
129,11,21762,141.746300891462,141.746300891462,0.487168344658053,1195.02357320099,753.249563459241,55.0188861317894
129,12,15782,225.64852363452,225.64852363452,0.397223560174809,1279.13198580662,1034.78215688759,71.4413889240907
129,13,31065,156.693223885402,138.889936814646,0.760512955321114,1187.70503782392,964.759150169,59.5908256880734
129,14,19036,186.932548854801,204.734293096206,0.460732405183413,1247.363206556,1061.22567766337,68.0270540029418
129,16,15449,223.519645284484,246.333519014067,0.480441902406139,1110.71344423587,996.873195676096,70.7462618939737
129,17,12599,170.583459004683,178.28487577318,0.420350372317869,1333.84689261052,843.635844114612,61.0464322565283
129,18,12677,216.266230180642,247.004650819041,0.52382949446043,1372.85398753648,1100.12913149799,55.3505561252662
129,19,16089,168.927901050407,168.927901050407,0.438567610959753,1110.16129032258,1126.77021567531,64.9853315930139
129,20,14237,244.068062091733,258.327399734423,0.406642860082738,1380.68139355201,1038.39516752125,63.9721851513662
129,21,16045,160.231224680586,171.741858901496,0.465647498170542,1013.48725459645,851.552446244936,58.6135867871611
129,22,14175,184.039153439153,194.371226002214,0.426878766855617,1249.41262786596,807.922045855379,65.9965432098765
129,23,11756,172.31541340592,184.824852126617,0.461905871275815,1414.14503232392,950.515906771011,54.6026709765226
129,24,11989,230.820001668196,230.820001668196,0.377899700496313,1170.69697222454,1009.54349820669,71.1935107181583
129,25,15048,199.150318979266,217.736583021816,0.465054453188873,1192.51428761297,931.928694843169,77.4960127591707
129,26,11632,196.805278541953,196.805278541953,0.39397485344221,1107.97713204952,1074.19575309491,71.2925550206327
129,27,9311,210.609601546558,210.609601546558,0.431513066643637,1334.28976479433,873.009988186017,67.5578348190313
129,28,16094,191.27140549273,200.909481745162,0.41150714707457,1228.01901329688,1075.96887038648,74.3384491114701
129,30,17532,146.798767967146,156.072898594609,0.486227228516062,1294.24349760438,771.071583390372,53.4052589550536
129,31,17566,210.763691221678,240.895061950432,0.508899289346498,1051.04816122054,1084.56245018786,42.0080837982466
129,32,11175,207.841073825503,227.837694095916,0.458065148862402,1375.6711409396,931.209843400447,62.2301565995526
129,33,11090,185.747971145176,185.747971145176,0.363876997773239,1312.95401262399,904.564472497746,64.0822362488729
129,34,10705,243.392526856609,243.392526856609,0.317488726643113,1217.9165810369,983.069406819243,75.2770667912191
129,35,10824,177.321784922395,191.607272239476,0.468562743434261,1068.19004065041,882.210643015521,69.8081116038433
129,36,13043,170.717319635053,185.709578437704,0.478276976189777,1129.01357049758,1175.58391474354,57.6749214137852
129,37,8142,210.158560550233,221.143094561139,0.41588440359682,1228.72033898305,912.124293785311,67.608327192336
129,38,11692,232.42259664728,252.790432085561,0.430696966668947,1121.44919603147,927.896767020185,72.2767704413274
129,39,16632,177.959776334776,192.478356498009,0.442650565867116,1303.68217893218,1129.10365560366,63.7489177489177
129,40,21682,150.150770224149,158.368208349352,0.444580736531537,1081.35471819943,807.969467761277,44.2136334286505
129,41,18826,192.307606501647,207.501287698285,0.456748753662276,991.117390842452,1042.36035270371,57.5606607882715
129,42,13397,179.022915578114,179.022915578114,0.381174816717285,1286.73523923266,821.776815705009,61.0415018287676
129,43,8908,207.482824427481,207.482824427481,0.373633332177354,1128.45678042209,879.722496632241,67.7018410417602
129,44,12310,154.580259951259,160.401392121232,0.408526117290492,1388.23111291633,881.862794476036,58.6079610073111
129,45,8501,195.725444065404,201.944921867009,0.403615911120919,1189.45453476062,813.110222326785,62.8715445241736
129,46,9524,198.160331793364,198.160331793364,0.328704781666268,1175.83168836623,928.004829903402,68.7378202435951
129,47,11520,203.516840277778,203.516840277778,0.430413229367744,1140.36796875,985.528559027778,76.2949652777778
129,48,13894,177.592342018137,190.744514164782,0.451731878587388,1063.09752411113,1084.57823520944,63.8275514610623
129,49,19404,159.161616161616,172.921642580228,0.4948814712881,1176.4105854463,949.754483611626,32.812358276644
129,50,13526,202.314801123762,219.79874956306,0.429747966402183,1036.48166494159,1014.89398196067,68.3756469022623
129,51,13514,206.077253218884,193.635472823892,0.483756058010711,1251.19631493266,855.648660648217,73.2330916087021
129,52,12973,177.090495644801,188.11457861574,0.450202383662935,1021.67995066677,959.45209280814,40.4292761890079
129,53,8517,195.209933075026,195.209933075026,0.389220342147271,1215.12739227428,845.670776094869,63.90536573911
129,54,11832,226.858012170385,256.75059610011,0.514225360062207,1064.63505747126,943.832995267072,71.78253887762
129,55,15433,188.53651266766,198.89782299103,0.410761165713065,1286.72954059483,1101.05864057539,39.1286852847794
129,56,8035,184.462476664592,184.462476664592,0.367435657832574,1294.89794648413,904.786807716241,69.5126322339763
129,57,15212,182.678740468052,195.723023702812,0.455201262180309,1339.98810149882,866.077373126479,41.5819090191954
129,58,3813,234.464725937582,234.464725937582,0.307829219723857,1190.42197744558,967.584579071597,70.7597692105953
129,59,7933,176.379049539897,184.482488232005,0.417219945069868,1140.02105130468,838.372998865499,64.7873440060507
129,276,6610,233.004387291982,233.004387291982,0.398112889973878,1230.02844175492,866.77397881997,69.4488653555219
129,331,7996,218.04352176088,218.04352176088,0.397247501796459,1328.82728864432,1001.81915957979,68.0815407703852
129,332,12527,197.623213858067,197.623213858067,0.368149359918677,1337.69529815598,981.69944918975,72.7830286580985
129,333,13726,213.96823546554,230.030763614881,0.422924671668286,1272.993661664,948.139880518724,69.0338044586915
129,334,11368,199.027445460943,199.027445460943,0.375253944311281,1267.29838142153,969.238828289937,73.4734342012667
129,335,8170,198.235985312117,198.235985312117,0.362181111613165,1271.03427172583,850.261811505508,64.8003671970624
129,336,5513,215.497914021404,226.615502243433,0.408077838089751,1173.9709776891,875.612914928351,67.5242154906584
129,337,11475,214.897864923747,237.176551978535,0.456373645703394,1179.57934640523,854.112418300654,72.0308496732026
130,1,18300,181.90306010929,181.90306010929,0.378578581760484,1147.25819672131,808.910765027322,68.2061202185792
130,2,15720,153.733969465649,162.012067388176,0.43782171133426,1123.26234096692,777.723918575064,60.3120865139949
130,3,23856,207.12529342723,207.12529342723,0.341334660938599,1265.45783031522,1068.19076961771,72.9770707578806
130,4,24748,141.458542104412,141.458542104412,0.480162883786468,1165.08008727978,758.155487312106,54.1970260223048
130,5,19396,147.19060631058,153.877107668762,0.44143119891667,1206.06135285626,798.499381315735,41.3659001856053
130,6,14400,203.991458333333,217.865833808764,0.45255794554742,1214.65111111111,1060.78555555556,71.1840972222222
130,8,17118,175.640261712817,189.334108568393,0.440741823517183,1245.7681972193,764.45869844608,60.2734548428555
130,9,18269,173.353987629317,180.495614398698,0.412321793408927,1189.89621763643,1186.03793311073,46.2058678635941
130,10,11773,191.648262974603,191.648262974603,0.355157894933341,1132.75435318101,1082.10702454769,72.8719952433534
130,11,15101,216.871333024303,241.301992754756,0.480051876184129,1390.54638765645,1081.53281239653,53.6773061386663
130,12,39483,160.933009143176,136.188711393262,0.828536953341649,1182.69143682091,945.375933946255,59.8761998834942
130,15,10447,223.676462142242,223.676462142242,0.480566611836926,1332.52962572987,858.035321144826,65.7925720302479
130,16,20995,149.28673493689,159.436475581352,0.470271157998984,1159.37427959038,1192.73603238866,58.2198618718743
130,17,12596,224.173626548111,245.010058517849,0.436730691251436,1132.68132740553,937.456414734836,73.4375992378533
130,19,15491,194.702149635272,211.792197192887,0.454030629128428,1332.24659479698,1119.71034794397,63.3580788845136
130,20,17797,213.91537899646,234.392788016093,0.469965041188031,1129.73400011238,1006.03517446761,72.2571781760971
130,21,14541,229.699814318135,243.072868247736,0.415676819511558,1301.97799326044,1017.9203631112,71.1581734406162
130,22,11334,219.44291512264,235.346976613956,0.443168443135197,1175.56193753309,860.950944062114,72.2689253573319
130,23,17528,158.148048836148,170.821121759809,0.491511369160356,1001.44426061159,880.043473299863,59.4846531264263
130,24,19454,151.160789554847,161.981806721531,0.501490244344403,1271.47974709571,767.557725917549,52.2270998252287
130,25,15620,153.367541613316,162.10932399779,0.459948725250865,1068.29186939821,829.915749039693,64.4866837387964
130,26,15729,183.403776463857,200.848904889187,0.451406629107035,1237.1417763367,1141.51624388073,66.8830822048446
130,27,11479,204.604059587072,204.604059587072,0.374186151477748,1158.18015506577,994.107065075355,76.7710601968813
130,29,14294,164.331677626976,173.135128139261,0.432949028371205,1140.87631173919,1138.97432489156,66.7140058765916
130,30,11151,214.907183212268,238.917584666484,0.457398691582528,1379.25997668371,910.884943054435,60.0511164917945
130,31,16215,248.359235275979,275.964621253568,0.438632482662691,1396.82522355843,1020.0077089115,62.6959605303731
130,32,10904,217.027512839325,225.99437697271,0.401169497434089,1193.09051724138,1007.56575568599,70.8535399853265
130,33,14033,178.442955889689,188.730691684925,0.430621134299684,1320.73747594955,836.330577923466,60.0176013682035
130,34,15251,175.017703757131,186.16879290508,0.428796769005169,1084.46901842502,1106.95036391056,65.6343190610452
130,35,19751,167.553896005266,180.982438528043,0.487584064885203,1165.02911245,969.838590451116,32.8945876158169
130,36,12180,156.820361247947,163.570709764389,0.416319897798455,1379.20188834154,861.866830870279,56.485960591133
130,37,15165,193.350148367953,211.791715723069,0.477405078830255,1206.92687108473,928.064820309924,77.4702934388394
130,38,7428,216.594103392569,233.715053422029,0.448514743991527,1342.27113624125,926.955169628433,64.2233441033926
130,39,13397,163.675972232589,174.975699448812,0.466689125006548,1409.63170859148,927.537209823095,52.347092632679
130,40,10903,240.224158488489,250.803901083069,0.407118252972629,1240.07098963588,982.691185912134,75.0591580299
130,41,14329,214.727545537023,236.309750562466,0.459234333131152,1052.14160094912,1112.40896084863,44.0049549863912
130,42,10510,176.415318744053,188.299722033846,0.45467994824688,1070.99210275928,897.881921979068,70.881351094196
130,43,4731,292.045656309448,340.715443303642,0.487401796671725,1271.44747410695,822.276262946523,68.5912069329951
130,44,4861,232.97593087842,273.134660497498,0.539497919510697,1283.52499485703,1071.71322773092,36.9066035795104
130,45,13297,191.55426035948,205.365547523685,0.430830921998277,1231.51522899902,804.252162141836,65.054749191547
130,46,5122,309.385201093323,392.812376920194,0.586887215813949,1278.65365091761,1109.66126513081,38.7897305739945
130,47,14374,188.549742590789,207.225344439705,0.466402744229489,1051.82704883818,1038.72450257409,70.1255739529706
130,48,9815,187.776668364748,199.387687175736,0.400567140608856,1279.30891492613,811.517473255222,59.5338767193072
130,49,17107,193.963640614953,207.588215646893,0.459322064363295,999.623662828082,1070.79154731981,58.6323727129245
130,50,8558,215.343538209862,224.339898440931,0.406061748867374,1231.91481654592,902.93059125964,67.5606450105165
130,51,9945,196.657315233786,196.657315233786,0.353744903206552,1185.28758169935,931.239115133233,69.5274007038713
130,52,9752,191.092904019688,200.322677866323,0.414522136436925,1180.25984413454,813.249897456932,62.2123666940115
130,53,18508,152.759887616166,159.681897365358,0.428344085749425,1056.99767668035,829.284525610547,44.404851955911
130,54,11114,223.026453122188,254.048226211278,0.475637860175561,1074.17086557495,958.654039949613,73.1573690840382
130,55,8514,195.442212825934,205.761890936089,0.434395211854754,1252.78306319004,843.029245947851,62.6484613577637
130,56,10823,185.557701191906,199.876077267791,0.454787095259117,1016.15559456713,997.887554282546,40.9652591702855
130,57,4889,220.88852526079,220.88852526079,0.352390048476441,1206.6285538965,967.192472898343,71.9455921456331
130,58,5221,201.636851177935,201.636851177935,0.399731285364046,1203.92147098257,849.154951158782,63.9978931239226
130,59,8139,178.054675021501,178.054675021501,0.383705683587866,1132.99901707827,846.005283204325,65.2322152598599
130,60,15657,185.17608737306,199.9657619937,0.4637103966661,1315.09337676439,865.204125950054,39.6780353835345
130,61,9127,199.092911142763,214.845647369359,0.460156151436578,1267.7208283116,1039.68828749863,67.6412841021146
130,277,9935,203.459386009059,203.459386009059,0.371090047068943,1315.23563160544,889.171313537997,62.7118268746855
130,278,17975,184.273769123783,184.273769123783,0.370026464439858,1294.44845618915,885.680890125174,68.0840611961057
130,279,13134,226.533881528856,226.533881528856,0.383723127634286,1277.42820161413,936.637277295569,68.6983401857774
130,280,9811,202.500968300887,202.500968300887,0.363946160527085,1285.70991743961,955.112934461319,73.5045357252064
130,282,8674,205.752248097763,205.752248097763,0.38121627392435,1121.43278764123,887.394742909845,69.0476135577588
130,283,5697,223.446550816219,223.446550816219,0.362207767875442,1163.05827628576,881.91065473056,68.7923468492189
130,284,6756,242.436796921255,242.436796921255,0.426252441023748,1230.27323860272,859.465364120781,69.064091178212
130,285,9232,199.25129982669,199.25129982669,0.387862258678552,1251.15229636049,850.594670710572,72.9116117850953
130,338,8573,246.442202262918,262.23938142617,0.40361733227305,1340.46739764377,990.194447684591,66.8903534352036
130,339,14850,217.140471380471,229.443538802503,0.400270712451755,1356.4665993266,958.538922558923,71.1177104377104
131,1,16077,181.135535236674,196.287641906316,0.441439873364445,1208.29277850345,1188.04963612614,45.7141879703925
131,2,16275,170.425683563748,182.32420088323,0.441899449218426,1216.0246390169,758.045468509985,59.8183717357911
131,3,14903,153.770113399987,163.13999332647,0.458039989812763,1092.53519425619,784.960477756156,59.4892303563041
131,4,18595,154.034364076365,162.983467773466,0.456681465774569,1243.11013713364,759.170959935466,52.379940844313
131,5,13211,177.937097872985,186.598933241928,0.418941414320603,1300.89274089774,817.074256301567,60.1719778972069
131,6,12920,199.612848297214,215.288662080853,0.431023915784448,1105.74899380805,890.806656346749,68.2878482972136
131,7,23304,151.491503604531,162.219275243631,0.471934657530721,1170.47820116718,1194.36963611397,58.0209835221421
131,8,20730,147.388422575977,154.457613466332,0.436801554006677,1182.50723589001,809.29686444766,39.6288953207911
131,9,16564,252.938601787008,291.971394162298,0.486261217735696,1394.01002173388,1062.77843516059,52.4922723979715
131,10,11943,224.542995897178,224.542995897178,0.429864895633815,1311.58427530771,850.796449803232,65.2742192079042
131,11,17105,196.134697456884,209.891642696716,0.403329093752284,1246.19082139725,1135.98304589301,67.2990938322128
131,12,21483,142.977284364381,150.811050335001,0.443107836449523,1135.67914164688,762.322859935763,53.5396359912489
131,14,12756,222.050407651301,240.122606932431,0.435462306015872,1154.78394481029,862.829962370649,71.7906083411728
131,16,16257,152.103155563757,161.002775586544,0.45355434257117,1044.95989419942,840.813618748847,63.599065018146
131,17,16253,208.46040730942,222.128702663889,0.424597567701363,1144.97120531594,996.97871162247,75.9713898972497
131,19,12851,234.322854252587,234.322854252587,0.391377141915076,1295.6440743911,1003.24122636371,70.7399424169325
131,20,12185,188.742962659007,199.920345202105,0.436587627263494,1135.24907673369,1090.41452605663,72.596635207222
131,21,12682,234.697839457499,234.697839457499,0.393552631642125,1234.62040687589,978.996924775272,74.8124901435105
131,22,9977,229.965119775484,257.487870149932,0.448380355391734,1324.82349403628,976.834419164077,66.3166282449634
131,23,21871,192.429747153765,184.421911164405,0.520440698607118,1233.56888116684,844.500754423666,72.077454163047
131,24,11547,209.373343725643,225.527257031526,0.433082692622645,1364.62830172339,895.139516757599,60.3990646921278
131,25,15674,164.140040831951,177.155548945344,0.468596370245952,980.887201735358,902.750031899962,58.4020671175195
131,27,12342,211.109463620159,227.227287637594,0.416251626968852,1339.1509479825,1102.25166099498,64.3287149570572
131,28,13159,159.34181928718,168.534217582065,0.457590696667441,1398.94718443651,905.087392659017,52.4268561440839
131,29,13690,152.101241782323,159.699965205087,0.443066632321166,1360.20065741417,842.653981008035,56.535938641344
131,30,12695,159.872311933832,159.872311933832,0.399210895871392,1146.63765261914,1145.70634107916,67.0809767625049
131,31,7446,189.425463336019,198.63706543856,0.427220280990571,1294.49838839645,873.943056674725,61.2549019607843
131,32,23245,161.831232523123,174.478223859398,0.495145343906932,1169.62361798236,985.030544203054,32.0965368896537
131,33,8867,266.562873576181,318.529199553685,0.536374921879286,1343.49791361227,941.254764858464,70.7527912484493
131,34,26105,145.146293813446,136.451920960381,0.711702305428401,1163.52541658686,956.548783757901,59.7531890442444
131,35,12190,227.939540607055,240.828480416011,0.441395301835747,1117.34470877769,945.21632485644,72.7431501230517
131,36,18588,178.729987088444,198.471514022418,0.48300870058683,1002.17037873897,1092.13809984937,57.9867656552615
131,37,12098,204.594147793024,213.96271888513,0.420951636570431,1209.01835014052,1056.9153579104,71.262274756158
131,38,13209,229.465440230146,248.544480032745,0.449882415529222,1390.13422666364,990.765462941933,63.7483533954122
131,39,12258,209.771659324523,209.771659324523,0.391358494399694,1187.90202316854,999.480828846468,71.0350791319954
131,40,9763,185.108982894602,194.143860622009,0.407376254201195,1155.61477005019,809.417289767489,61.3594182116153
131,41,14876,181.971027157838,194.301713259187,0.423185566051693,1050.7876445281,1054.28993008873,70.0735412745362
131,42,14195,191.945262416344,201.538897552457,0.411090412991865,1205.59619584361,804.716801690736,64.4753786544558
131,43,10408,179.69071867794,192.406302308784,0.44894425868822,1050.78756725596,909.987893927748,70.3826863950807
131,44,8785,210.754240182129,221.062949482122,0.443278902886925,1207.85133750711,899.339100739898,67.335344336938
131,45,7030,255.75746799431,294.194594200947,0.511231899557412,1314.02503556188,919.21906116643,64.5788051209104
131,46,13920,223.110704022989,241.914102293144,0.434344194159398,1068.54504310345,1132.63405172414,43.0483477011494
131,47,11932,285.344200469326,365.696481952272,0.632935811310072,1279.839674824,1083.81964465303,37.0843110962119
131,48,14569,174.448211956895,190.263965190602,0.480657218106111,1088.27023131306,1119.96300363786,65.0387123344087
131,49,8820,186.565419501134,186.565419501134,0.378823116843631,1272.41031746032,878.738321995465,68.5132653061224
131,50,7065,197.595046001415,213.249862982639,0.431488068501658,1181.77055909413,848.138853503185,63.796178343949
131,51,12806,215.001327502733,236.059437694048,0.496722295048057,1063.19545525535,969.880524754022,72.9474465094487
131,52,10528,181.167078267477,181.167078267477,0.39384966372249,1257.05423632219,805.45079787234,59.1553001519757
131,53,8218,203.622292528596,203.622292528596,0.327372665324415,1166.57264541251,926.924434168898,68.8980287174495
131,54,13527,183.093960227693,197.762155266272,0.473617860697851,1012.41775707844,1021.37643232054,40.3750277223331
131,55,12662,210.752803664508,228.238462452205,0.46854450117365,1123.38153530248,1010.89922603064,71.5935871110409
131,56,4823,286.080447854033,226.031407387047,0.599411172252116,1250.46547791831,812.186605846983,67.700186605847
131,57,16095,155.253619136378,161.762134876035,0.417108342752802,1040.25392979186,850.364709537123,42.9242000621311
131,59,14101,183.659031274378,196.468597363435,0.456968604865652,1297.91376498121,867.731295652791,38.1551663002624
131,60,5388,198.631031922791,207.684364519162,0.439371249570975,1142.82887899035,885.834261321455,67.6391982182628
131,61,5481,190.511403028644,200.688527925984,0.427441131409402,1225.01587301587,836.160554643313,61.8000364896917
131,286,6741,236.466993027741,252.302982243266,0.401562170632157,1205.35528853286,856.513425307818,69.473075211393
131,288,12762,222.060335370632,236.659744006648,0.410079562646198,1250.11095439586,927.65514809591,68.3304341012381
131,289,10170,206.935103244838,206.935103244838,0.353704652969511,1266.85486725664,947.109537856441,72.1478859390364
131,290,6042,219.163853028798,219.163853028798,0.359821308855705,1196.42270771268,953.216319099636,73.5640516385303
131,291,14911,188.44182147408,204.336141480894,0.46299484150269,1204.0702166186,918.878143652337,77.0530480853061
131,292,11657,182.225529724629,187.929468542135,0.40721639852593,1111.95727888822,836.863772840353,64.9341168396672
131,293,14303,180.287911626931,189.284061188513,0.415550794764303,1128.26295182829,805.25057680207,68.2913374816472
131,340,13268,219.426665661743,219.426665661743,0.342521180554967,1278.52102803738,1041.23485076877,69.2885137172144
131,341,13262,202.575780425275,202.575780425275,0.336266326635174,1264.39209772282,1063.01870004524,74.5556477152767
132,1,28470,153.46234632947,163.417746859432,0.455376710066563,1162.76420793818,1210.18781173165,59.4972953986653
132,2,15274,218.215529658243,240.353124776255,0.439706407354778,1275.03011653791,1202.10619353149,47.522063637554
132,5,15669,169.216159295424,179.635028990646,0.467102342653101,1094.13312910843,811.246537749697,56.710128278767
132,6,17745,144.297774020851,153.052159025624,0.457496854373519,1343.71885038039,804.43933502395,52.9258382642998
132,7,17090,216.971386775892,228.78249339576,0.413445392131965,1170.88759508484,1045.55827969573,74.3163253364541
132,8,10516,223.533282616965,223.533282616965,0.386201693605417,1267.42411563332,1022.35070368962,74.6133510840624
132,9,11688,217.567248459959,229.919751190815,0.438801334893587,1077.80817932923,974.710301163587,67.3322210814511
132,10,12520,231.427156549521,231.427156549521,0.399793095964272,1117.8000798722,1001.68849840256,73.3619009584664
132,11,10535,220.281442809682,229.828443880464,0.404690645089502,1215.50640721405,1000.09207403892,73.0282866635026
132,12,20405,144.385591766724,144.385591766724,0.467321291667948,1269.34981622151,780.914334721882,56.3826513109532
132,14,17877,184.548749790233,196.168841718433,0.446922491317974,1365.61251887901,857.894333501147,66.274151143928
132,15,13013,215.851686774764,215.851686774764,0.369790331224129,1294.59578882656,919.16091600707,71.3859217705372
132,17,8914,194.257684541171,207.546869931566,0.459132192230907,1299.24040834642,882.443796275522,67.3595467803455
132,18,9282,214.575630252101,214.575630252101,0.344548253070992,1156.50926524456,920.214177978884,67.7805429864253
132,19,10847,181.298146953075,194.505512124756,0.416851506419332,1236.41569097446,1098.37641744261,75.9981561722135
132,20,25271,161.828301214831,161.828301214831,0.566406664511305,1264.50152348542,1036.51078311108,34.0780736812948
132,21,13119,225.326701730315,241.359466315394,0.424717469102991,1231.69730924613,950.192240262215,76.2456742129736
132,22,15545,151.008813123191,158.577796337775,0.450937437182868,1130.97214538437,808.554519137987,49.1998070119009
132,23,9116,194.892167617376,194.892167617376,0.388358636402209,1148.88613426942,962.09060991663,69.7359587538394
132,24,12432,178.790218790219,190.838840280261,0.454222888682389,1012.85296010296,979.243725868726,61.7067245817246
132,25,11806,228.836439098763,245.917424542026,0.433522907604298,1100.0734372353,909.5131289175,70.86837201423
132,26,5397,217.144524735964,217.144524735964,0.546553151809529,1266.88549193997,879.548638132296,73.5288123031314
132,27,7585,213.70454845089,151.779332088907,0.757973842577612,1180.31206328279,989.334871456823,62.5502966381015
132,28,11524,251.301371051718,268.211384270237,0.404138850446486,1098.03844151336,1053.67467893093,73.9028115237765
132,29,11420,195.391593695271,210.664284950372,0.434411970919015,1217.51681260946,806.133800350263,65.2352889667251
132,30,12352,172.184180699482,182.722967614623,0.455249140721085,1021.74465673575,911.996599740933,56.7214216321244
132,31,12678,212.29602460956,212.29602460956,0.39999732585224,1047.04014828837,917.395724877741,64.6605142766998
132,32,14147,227.459885488089,227.459885488089,0.358066158898307,1358.95815367216,1056.59312928536,72.9165194034071
132,33,17113,155.374627476188,165.300592251281,0.463491650294024,1050.61386080757,873.501548530357,51.5620288669433
132,34,16731,219.265196342119,251.089135515799,0.523167483215788,1444.78865578866,928.799832645986,55.1300579762118
132,35,11598,191.521555440593,214.309037039299,0.460036715898151,1173.66882221073,1012.5442317641,78.4460251767546
132,36,24497,176.455810915622,189.942394651589,0.465115908154396,1273.60599257052,854.934808343879,39.0993182838715
132,37,14620,169.227906976744,176.331335455125,0.403664885039173,1152.97250341997,1131.04514363885,72.5103967168263
132,38,15029,178.144653669572,184.979725911916,0.40079349163026,1233.37547408344,1160.92474549205,68.8677224033535
132,39,13200,160.752651515152,169.983113339787,0.4624378015917,1195.63553030303,787.036136363636,59.1515909090909
132,40,15523,166.502802293371,175.170167003773,0.419847459593849,1018.38368871996,1085.02164530052,56.492881530632
132,41,13489,175.163911335162,175.163911335162,0.362684604260456,1290.3637778931,1137.33768255616,71.6745496330343
132,42,11597,172.114339915495,181.758150608929,0.434091388010849,1223.44511511598,846.015521255497,61.7311373631112
132,43,12667,136.615299597379,133.922597946016,0.582862686471749,1181.3440435778,964.615141706797,59.0865240388411
132,44,13150,187.469733840304,200.055190117961,0.436472569935417,1350.47756653992,1168.62456273764,63.5448669201521
132,45,11871,173.839693370398,178.460792192591,0.400750359152572,1156.6796394575,825.471990565243,58.1280431303176
132,46,6637,274.012505650143,184.326082371888,0.715638680742913,1401.93340364623,1062.98915172518,45.2693988247702
132,47,9222,207.215354586858,221.125548639048,0.446753822638279,1050.90067230536,1026.4134677944,69.5283018867924
132,48,9885,202.727061203844,216.80027359783,0.426655674883984,1083.39119878604,890.850682852807,59.3902883156297
132,49,5988,289.209084836339,189.137358836838,0.67420207766939,1374.91265865063,977.566466265865,39.0900133600534
132,50,12697,190.501457037095,205.990428933928,0.459793928179242,1395.80270930141,1139.77081200284,50.2061904386863
132,51,12286,177.005697541918,192.256647881402,0.480437191926413,1155.14113625265,1168.10450919746,42.783737587498
132,52,6354,206.992130941139,222.904120438783,0.406406131625712,1124.92744727731,901.685237645578,62.8700031476235
132,53,18871,152.360500238461,161.72477507985,0.449528478876062,1148.54517513645,895.931217211594,37.4040591383604
132,54,14275,199.342697022767,213.812079421399,0.407892666626359,1169.20161120841,913.245534150613,77.1545359019265
132,55,10270,195.363291139241,195.363291139241,0.397831915014741,1101.74430379747,845.330282375852,63.3203505355404
132,56,7124,177.48989331836,177.48989331836,0.388569475288813,1184.13475575519,858.7215047726,65.5189500280741
132,57,13145,198.289387599848,213.641453177067,0.451564473315126,1405.81627995436,964.746291365538,69.0451882845188
132,58,7024,218.146212984055,218.146212984055,0.398605122317054,1184.52932801822,964.509538724374,73.8493735763098
132,59,6535,190.354705432288,190.354705432288,0.381591870068758,1140.4662586075,866.809028309105,60.6693190512624
132,61,7307,198.970439304776,218.137041405115,0.473618431220533,1057.52306007938,878.959627754208,65.9935678116874
132,62,2917,253.534110387384,253.534110387384,0.416071649493925,1138.57422008913,884.047994514913,68.4370929036682
132,63,8404,175.235007139457,192.217000493135,0.483353697054275,1043.15254640647,1038.72941456449,42.8048548310328
132,64,5523,200.874705775846,200.874705775846,0.498512625990848,1234.41951837769,889.710483432917,67.1973565091436
132,294,11217,214.111259695106,214.111259695106,0.373769810291501,1205.4211464741,906.443701524472,69.5900864758848
132,295,9740,193.799486652977,193.799486652977,0.377731636991862,1227.99342915811,907.028542094456,73.4492813141684
132,368,14026,212.458006559247,212.458006559247,0.338179131141554,1320.40075573934,965.6841579923,72.5801368886354
132,369,16357,184.547899981659,194.112158341492,0.415411953141999,1307.74543009109,984.24827291068,77.7760591795562
132,370,12671,190.016652197932,181.682982927812,0.581550472596833,1163.22460737116,830.574777049957,70.9784547391682
132,371,6866,238.052723565395,238.052723565395,0.366476195349691,1102.59656277308,943.085056801631,68.4370812700262
132,411,3195,254.625978090767,274.997567400018,0.409339246784259,1288.13270735524,822.866666666667,67.0538341158059
132,414,9437,198.287485429692,198.287485429692,0.386181573701982,1302.88873582706,808.985058811063,61.0495920313659
132,415,3293,216.86941998178,229.24303270153,0.434647379319021,1278.0926207106,824.899180078955,63.0722745217127
133,1,16564,208.42737261531,226.070694506731,0.424145635571661,1282.93793769621,1205.01617966675,48.0361023907269
133,2,36819,154.745620467693,138.239351116477,0.819438032965524,1173.58545859475,973.45188625438,60.1626877427415
133,3,18006,157.799289125847,157.799289125847,0.490397435224578,1140.82161501722,1196.07825169388,62.1276241252916
133,4,23447,147.318377617606,141.22367974404,0.492740961885918,1276.97138226639,781.553972789696,55.5603701966136
133,6,10922,181.914118293353,196.148202646132,0.413885618504773,1327.35185863395,1166.78712689984,66.6516205823109
133,7,9643,202.405475474437,202.405475474437,0.344742009272491,1136.36295758581,946.438245359328,67.9549932593591
133,8,11774,233.913028707321,233.913028707321,0.392064482681093,1247.14421606931,1003.3897570919,75.6770001698658
133,9,14127,218.765130600977,203.358183299053,0.562922845115801,1144.67324980534,807.942238267148,65.3676647554329
133,10,11759,198.588740539162,204.388167601701,0.41480556647429,1214.62437282082,1079.1693171188,76.9227825495365
133,11,15478,237.537666365163,254.824261795793,0.447055459452135,1149.09045096266,1028.37898953353,74.3868070810182
133,12,16688,173.287571907958,184.810940568286,0.468919107358611,1101.08407238734,803.291047459252,53.0877876318313
133,13,10025,234.962593516209,250.797805979339,0.40660714817167,1062.89825436409,956.193316708229,65.616957605985
133,14,13440,242.216443452381,263.572589200683,0.460151962678353,1099.50349702381,983.527157738095,71.6091517857143
133,15,18250,164.436493150685,175.161648869797,0.456486226670903,1291.15879452055,1051.03742465753,34.9050410958904
133,16,10792,241.088120830245,241.088120830245,0.37476660978033,1192.06347294292,984.88704595997,73.043828762046
133,17,10864,180.535622238586,187.255390264548,0.413618750833849,1167.74659425626,823.444035346097,70.2573637702504
133,18,16964,177.564312662108,187.460540239906,0.428131104754564,1027.6516151851,900.448066493752,52.5580051874558
133,19,13462,249.813920665577,271.146944217596,0.438011018896331,1206.2999554301,936.379364136087,75.610681919477
133,20,12641,184.561031563959,198.032853074834,0.450530886729627,1005.61442923819,967.472905624555,58.8621153389763
133,21,9766,205.918902314151,220.828664302747,0.433829065005248,1213.03942248618,795.865349170592,63.7546590210936
133,22,17756,141.51475557558,141.51475557558,0.466223094023809,1356.66918224825,809.722854246452,53.3562176165803
133,23,14345,182.406831648658,196.004416952769,0.467643552333932,1400.70094109446,1143.36221680028,53.8467758800976
133,24,11976,192.73538744155,208.170811519428,0.456576040546458,1290.83642284569,871.130093520374,68.2231128924516
133,25,13587,162.834253330389,173.632497492047,0.480709369573467,1194.72760727166,780.573783763892,56.7719143298741
133,26,11657,203.640645105945,203.640645105945,0.50687562915215,1363.96868834177,849.159389208201,64.8739812987904
133,27,12159,255.89275433835,292.053083006251,0.484966482522371,1078.20996792499,1031.40356937248,72.5778435726622
133,29,13775,234.190272232305,261.022461529061,0.45711230016395,1086.37103448276,893.644065335753,68.29444646098
133,30,11765,183.972545686358,192.345129392363,0.401644885775233,1159.59396515087,818.802549936252,56.4724181895453
133,31,12936,172.397340754484,172.397340754484,0.469002446184409,1304.30658627087,816.54329004329,60.0036332714904
133,32,13917,206.788819429475,206.788819429475,0.39276948699371,1342.18797154559,1036.38104476539,75.0181792052885
133,33,14248,208.713293093768,236.936955991814,0.517429602066735,1445.92069062325,927.194413250983,56.0642195395845
133,34,10250,178.921268292683,186.10897386444,0.411289400959665,1219.43482926829,839.935219512195,60.9686829268293
133,35,15559,173.721447393791,187.448008349648,0.454493684291898,1018.94356963815,1087.51892795167,54.2464168648371
133,36,11427,187.334470989761,187.334470989761,0.33560869847148,1269.41865756542,1117.59236895073,74.5903561739739
133,37,6547,199.939208797923,220.748799058405,0.490024061378649,1248.22575225294,857.397128455781,73.8854437146785
133,38,10273,218.681981894286,218.681981894286,0.595892715781831,1387.2940718388,990.263311593498,39.7550861481554
133,39,14231,201.602276719837,216.734741381626,0.439313748140411,1145.27657929871,896.777457662849,75.3812803035626
133,40,9630,210.310072689512,229.65687052849,0.472640111515828,1084.1805815161,888.360124610592,57.5427829698858
133,41,16615,155.022208847427,164.31852126076,0.464790399092062,1133.47691844719,809.357989768282,47.1201324104725
133,42,7618,176.200971383565,189.61485595249,0.418634523901902,1289.65594644264,804.587949593069,65.778156996587
133,43,12304,156.581518205462,165.785367189227,0.443070867970701,1057.61679128739,871.667750325098,48.3133940182055
133,45,8790,218.398521046644,235.832232729246,0.463413862106361,1034.13230944255,1006.73162684869,67.5541524459613
133,46,15258,192.300432559969,192.300432559969,0.39672084633005,1212.86144973129,1145.70264779132,71.0997509503211
133,47,14213,188.103426440583,199.82314417698,0.437834254404429,1127.29944417083,1112.39752339408,72.7632449166256
133,48,14897,212.780694099483,227.263343580239,0.449186743617784,1042.36410015439,880.7422971068,62.1890984762033
133,49,12576,202.708571882952,202.708571882952,0.391478948325829,1102.14710559796,836.357665394402,60.6385178117048
133,50,7443,234.336692194008,234.336692194008,0.378015403941199,1159.96238076045,943.961440279457,73.1727797930942
133,51,8464,217.323842155009,217.323842155009,0.555166364441079,1420.5088610586,1074.41859640832,48.8498345935728
133,52,19564,149.610355755469,157.834024867452,0.471926431045773,1169.08086280924,912.584491923942,35.7051727663055
133,53,11443,176.451891986367,189.40682125431,0.456937118761855,1174.16027265577,1177.79568295028,42.9579655684698
133,55,6242,201.008811278436,210.269224055811,0.418211464185314,1133.59500160205,858.883210509452,58.4493752002563
133,56,15156,176.285497492742,189.724417857716,0.46714001201487,1076.57666930589,1049.15063341251,39.0475059382423
133,57,16034,191.49282774105,191.49282774105,0.392625658729575,1282.675751528,965.840027441686,77.924036422602
133,58,22345,170.04170955471,181.330284969906,0.457309614853588,1290.09465204744,874.61821436563,37.8377265607518
133,59,13222,182.419906216911,195.07391041667,0.440384559702761,1391.3133414007,944.873770987748,70.5168658296778
133,60,5892,187.96283095723,187.96283095723,0.452115843460692,1240.64019008826,863.930244399185,66.3528513238289
133,61,10498,203.924842827205,175.930532423473,0.45417646833328,1146.65679176986,988.868927414746,77.4950466755572
133,62,5318,175.963332079729,189.619165873186,0.440135384078793,1257.6400902595,803.61827754795,60.4881534411433
133,63,17104,148.640434985968,148.640434985968,0.51850250876585,1170.61009120674,1217.48479887746,58.9763797942002
133,64,4704,174.881590136054,174.881590136054,0.607831754071146,1063.8318452381,939.650297619048,59.9598214285714
133,297,5716,228.027116864941,228.027116864941,0.36793650934489,1123.98932820154,883.822953114066,62.3462211336599
133,298,6317,234.049390533481,234.049390533481,0.383453987706259,1149.17112553427,898.011397815419,66.2341301250594
133,300,10894,226.777125022948,226.777125022948,0.375830527299859,1196.63824123371,892.308518450523,68.2864879750321
133,301,9225,206.726504065041,206.726504065041,0.384047281608688,1207.89539295393,886.554363143631,72.4109485094851
133,302,11216,220.339693295292,233.488757317473,0.406360606569773,1271.21139443652,911.706847360913,72.6990014265335
133,303,14078,208.258701520102,208.258701520102,0.362343261194062,1302.39508452905,949.995027702799,73.5865890041199
133,304,11727,184.645092521531,184.645092521531,0.344914387850458,1178.79415025156,845.158523066428,65.0644666155027
133,305,6676,240.299580587178,240.299580587178,0.39536309027511,1092.18154583583,926.8084182145,66.1428999400839
133,306,5289,257.699376063528,257.699376063528,0.372096983691049,1128.25184344867,866.087729249385,67.8304027226319
134,1,16601,213.222817902536,232.857905198052,0.438350611050971,1267.3955785796,1212.77097765195,47.9301246912837
134,2,23275,193.854951664876,193.854951664876,0.364740457423781,1293.44107411386,960.925499462943,74.1323737916219
134,3,11986,174.851993992992,174.851993992992,0.39641490263772,1300.48656766227,1179.46562656433,67.4064742199232
134,4,12157,185.447807847331,185.447807847331,0.354336434035484,1235.0211400839,839.758739820679,62.0815168215843
134,5,19149,163.301321217818,176.643952001725,0.492216605579283,1115.54916705833,1196.87101154107,59.7069820878375
134,6,12991,194.024324532369,194.024324532369,0.391577457954528,1160.81071511046,795.310599645909,64.8637518281887
134,7,11945,225.548514022604,225.548514022604,0.330305869902953,1236.29175387191,1004.36567601507,75.3213059857681
134,8,12662,209.960116885168,223.775789512012,0.432846057094881,1265.05188753751,920.268519981046,72.4267888169326
134,9,17219,143.969510424531,149.247635720785,0.421161792794544,1298.65584528718,783.621987339567,55.1511121435623
134,11,18850,163.020795755968,172.268530409696,0.460512477338392,1129.56827586207,788.519840848806,52.2256233421751
134,12,15439,225.086275017812,243.109387040753,0.474267595084908,1135.9205259408,1021.82835675886,73.6203121963858
134,13,12703,230.725891521688,248.69703960409,0.414687902273576,1092.27568290955,966.960717940644,71.1578367314808
134,14,9823,195.044487427466,207.621383228514,0.42362553708705,1233.95978825206,790.326987681971,63.4413112083885
134,15,14132,194.495825077838,206.888603699224,0.437892381389002,1380.85409000849,1170.11251061421,55.5190348146051
134,16,11120,172.209622302158,172.209622302158,0.383779866761245,1179.68192446043,816.554856115108,69.7544064748201
134,17,11220,211.614438502674,228.761883707925,0.438213933781936,1060.73654188948,935.11871657754,64.8359180035651
134,18,13029,170.494819249367,181.985111826016,0.463253777250085,1007.90797451838,941.637654463121,57.5797835597513
134,19,17957,145.893133596926,155.419726639821,0.482693421141635,1382.40151472963,830.089324497411,54.5790499526647
134,20,13005,194.076509034987,205.053551743422,0.438364555040713,1050.59784698193,857.499269511726,61.0723567858516
134,21,5710,291.779684763573,291.779684763573,0.671566219349152,1174.67845884413,968.901401050788,63.3366024518389
134,22,13876,164.830786970308,173.804368307311,0.438137116344468,1034.75425194581,879.442130296916,51.9835687518017
134,24,15170,151.176664469347,158.630300033697,0.438115813511632,1165.75253790376,799.72201713909,46.4662491760053
134,25,14102,229.40639625585,243.273120225362,0.419899021972854,1199.76443057722,935.580059566019,75.3608707984683
134,26,11534,220.902895786371,235.707744480915,0.442111502200939,1091.87099011618,874.941650771632,67.6534593376105
134,27,9176,223.36649956408,223.36649956408,0.398258055370236,1183.20477332171,983.262859633827,72.6745858761988
134,28,6302,210.316090130117,174.217426129467,0.551347492580792,1379.37242145351,862.312440495081,62.5994922246906
134,29,13434,158.927050766711,168.332561380176,0.466957586890611,1213.44082179544,779.226291499181,56.6127735596248
134,30,20972,147.844745374785,157.119503480142,0.488784144951663,1193.47839977112,913.188203318711,35.257915315659
134,31,10359,197.285259194903,212.551524911642,0.442840503278976,1297.36403127715,877.613090066609,68.3428902403707
134,32,12414,192.586998550024,192.586998550024,0.39973955315996,1195.58474303206,1078.89181569196,77.1515224746254
134,33,11595,190.776455368693,190.776455368693,0.38828599075013,1116.12281155671,822.415955153083,60.2294954721863
134,34,14616,193.306034482759,207.352290971058,0.425517911812867,1329.16912972085,1046.33210180624,75.9144088669951
134,35,5625,214.801244444444,214.801244444444,0.522725473626501,1351.44675555556,879.026133333333,68.5854222222222
134,36,7743,196.662663050497,196.662663050497,0.382379039070265,1131.23130569547,931.065995092341,67.3991992767661
134,37,14682,154.481133360578,164.527567720015,0.453361478845296,1076.7266040049,853.41867592971,47.2061027108023
134,38,10238,239.626782574722,281.563122766395,0.522860550730416,1419.03360031256,1104.48652080484,51.5214885719867
134,39,12867,238.617937359136,267.273281619712,0.501535809146415,1452.92725577058,955.962772985156,57.3650423564156
134,40,20800,160.770240384615,175.713625963938,0.51564434503905,1300.87975961538,1062.89956730769,35.6256730769231
134,41,9167,185.493727500818,185.493727500818,0.391066609045609,1266.09752372641,982.885785971419,79.081160685066
134,42,9061,207.897583048229,207.897583048229,0.390692783940614,1150.65103189493,932.294559099437,73.220284736784
134,43,15807,174.164231036882,192.710750003117,0.466769539596361,1013.75732270513,1073.79793762257,51.5751882077561
134,44,13320,190.65015015015,204.530901592239,0.435470950618837,1144.86373873874,887.193243243243,75.1337837837838
134,45,7128,185.706088664422,197.955470028012,0.425769197058536,1257.24158249158,866.082210998878,74.7460718294052
134,46,8661,197.792633645076,204.398204670193,0.419137164833514,1094.62152176423,871.134280106223,57.1148828079898
134,47,12385,223.321921679451,223.321921679451,0.564446604685791,1400.49979814291,1011.18813080339,41.0201049656843
134,48,11738,177.718776622934,177.718776622934,0.322404640218432,1240.09541659567,1123.44300562276,75.122252513205
134,49,10582,200.644396144396,216.900728936755,0.411167178201811,1133.86524286524,983.531752031752,77.002268002268
134,50,9108,197.918972332016,219.484556570962,0.456538551335996,1025.4365393061,986.522727272727,66.3030303030303
134,52,11362,178.359443759901,193.025112641095,0.458568765454167,1161.85653934167,1174.77213518747,42.5178665727865
134,53,11569,176.343849943815,187.439836454956,0.458419905894357,1186.32630305126,1161.325697986,69.9001642319993
134,54,12482,175.61336324307,175.61336324307,0.386508473193949,1180.1182502804,817.932783207819,56.6501361961224
134,55,13759,186.196525910313,200.747241805841,0.446674337250568,1388.94658042009,959.161785013446,71.2618649611164
134,56,7214,167.347380094261,176.576931933112,0.422019959366673,1276.92597726643,807.38134183532,59.9085112281675
134,57,14456,184.421140011068,192.29337909055,0.4091979952385,1107.85978140564,1103.15543718871,72.4086192584394
134,58,16257,177.986344343975,185.909099275683,0.421748783118851,1084.325336778,1021.97779418097,38.4908039613705
134,59,12623,135.566505585043,133.512724683377,0.510935473248917,1170.80971242969,967.098154163036,58.5182603184663
134,60,4756,202.847140454163,182.719547554677,0.41645022076515,1133.41358284272,825.453322119428,67.7632464255677
134,61,6369,174.846600722248,174.846600722248,0.399196981403346,1253.7338671691,871.422986340085,65.8951169728372
134,62,18645,183.996781979083,196.906049875217,0.458775299643143,1321.8213998391,892.606704210244,38.0731027085009
134,63,9699,258.169295803691,282.152428642393,0.42262979242514,1060.65728425611,1013.57748221466,71.3351891947623
134,64,7168,194.027483258929,194.027483258929,0.372591400181845,1149.23423549107,846.752371651786,58.5661272321429
134,65,10079,191.321162813771,202.392514230766,0.442336533995996,1068.65373548963,901.398253795019,59.0556602837583
134,307,6775,211.967084870849,211.967084870849,0.344647751790657,1136.5347601476,872.93889298893,62.49963099631
134,308,5351,210.682115492431,210.682115492431,0.382061266771566,1161.35582134181,888.475051392263,66.5139226312839
134,309,5138,241.435772674192,241.435772674192,0.395365986316177,1137.74289606851,852.327948618139,67.6669910471
134,310,14976,204.572248931624,216.416969542238,0.404805835037117,1203.88474893162,894.544805021368,68.8312633547009
134,311,10865,184.373953060285,193.485292198134,0.416362554571229,1210.75131155085,881.458260469397,73.1698113207547
134,312,9970,193.535606820461,193.535606820461,0.397171294687741,1323.80220661986,827.783049147442,61.3459378134403
134,313,7793,173.394841524445,184.719161916756,0.434678662078628,1315.53060438855,815.068651353779,66.3346593096368
134,314,7952,217.452339034205,233.770954397147,0.408740553160752,1090.18850603622,908.993712273642,65.5925553319919
134,388,5887,182.961610327841,182.961610327841,0.411736933457968,1196.51214540513,835.537965007644,64.3667402751826
135,1,16607,220.898596977178,240.550771355178,0.431629433343365,1268.80448003854,1213.01252483892,47.7880411874511
135,2,14898,178.036045106726,178.036045106726,0.380364218626269,1174.2383541415,807.196603570949,68.3656195462478
135,3,12910,181.961115414407,181.961115414407,0.606912035703923,1129.07157242448,1202.81642137878,59.2859024012393
135,4,12684,225.195048880479,237.937533917015,0.422921121453547,1091.7472406181,964.406023336487,70.6118732261116
135,6,13045,198.759601379839,198.759601379839,0.375355121435019,1293.17454963588,943.998390187811,71.8323495592181
135,8,10970,217.750592525068,223.87677265497,0.400894235241265,1258.17474931632,905.773746581586,71.9848678213309
135,9,15435,192.537868480726,204.261350847482,0.40636772854356,1380.35918367347,1172.0335600907,56.2054421768707
135,10,11963,210.150463930452,222.320138510944,0.423040914636894,1058.04580790772,931.790520772381,64.8643316893756
135,12,13706,167.886691959726,180.683324716484,0.475192985678915,1004.25901065227,942.154895666132,57.5820808405078
135,13,11636,180.118941216913,180.118941216913,0.440271931621482,1301.14042626332,1181.07012719147,67.1528875902372
135,14,12113,187.125319904235,199.331655238572,0.429935136969117,1232.60026417898,783.91059192603,62.0207215388426
135,16,20170,162.210510659395,172.679109743304,0.475623034078709,1125.29762022806,788.547892910263,51.2383242439266
135,17,14041,227.941813261164,227.941813261164,0.396459216127124,1196.59183818816,928.817178263656,75.0363934192721
135,18,12622,217.701632070987,217.701632070987,0.398787851466625,1228.61567105055,998.768340991919,74.1662969418476
135,19,11929,194.806941067986,194.806941067986,0.342622574235634,1198.03395087602,1074.58890099757,77.4495766619163
135,20,19480,141.885215605749,147.999951443307,0.437073221010106,1294.11483572895,780.090246406571,53.6012833675565
135,21,15246,150.304932441296,158.638395129252,0.464580684718741,1159.30834317198,803.271415453234,45.6608946608947
135,22,16087,146.962081183564,155.566339634517,0.480267327205701,1376.94448933922,826.185242742587,53.038478274383
135,23,12850,237.5446692607,264.077906513171,0.487595530331701,1449.59237354086,945.447937743191,58.7932295719844
135,24,10444,184.085216392187,194.931286366596,0.431316554699515,1159.64371888165,786.1800076599,62.9347950976637
135,25,8570,197.375145857643,197.375145857643,0.351972243710718,1128.7057176196,922.222987164527,66.9501750291715
135,26,13234,163.122034154451,174.140445602166,0.45697965036011,1029.81524860209,881.322427081759,51.8095058183467
135,28,14209,193.583714547118,208.739205977495,0.440164490823591,1326.55647828841,1037.68724048139,76.0722077556478
135,29,14087,169.555618655498,178.345860416877,0.434803765263098,1016.49563427273,1081.36040320863,50.6266060907219
135,30,6623,201.907443756606,201.907443756606,0.510088564462882,1343.67809149932,885.145251396648,70.523176808093
135,31,20298,149.626909055079,158.178730583449,0.479412045388352,1185.20243373731,920.400532072125,34.7420928170263
135,32,16279,189.870876589471,199.8566824685,0.417985799638627,1143.93341114319,889.062841697893,74.8369064438848
135,33,10481,219.392806029959,219.392806029959,0.384544999365751,1178.45701746017,974.881118213911,72.6044270584868
135,34,19144,165.831592143753,177.266202424596,0.489296341449408,1294.56691391559,1066.31492895947,35.15336397827
135,35,11254,217.129198507197,239.075409099259,0.442726565797687,1091.50151057402,870.876843788875,67.3808423671583
135,36,9706,194.411704100556,200.724411645571,0.405734405580025,1090.57953842984,865.051720585205,56.9780548114568
135,37,13717,159.41182474302,170.277872834033,0.484117076915868,1210.48064445578,776.731865568273,56.0395130130495
135,39,10083,238.448477635624,238.448477635624,0.572547467764383,1085.21699890905,1036.80372904889,38.1054249727264
135,40,10589,218.479459816791,248.02985032305,0.508021923322054,1426.05590707338,1103.12361884975,51.2764189252998
135,41,10001,179.250874912509,179.250874912509,0.387797580512016,1263.34726527347,865.86701329867,74.8131186881312
135,42,11497,195.411759589458,208.33792254566,0.440274395381417,1047.22588501348,855.416891362964,61.0233104288075
135,43,8930,175.2320268757,181.638062907157,0.407870865455063,1244.42150055991,833.288913773796,61.0840985442329
135,44,13615,151.886669114947,160.124569159245,0.448055741189927,1075.69944913698,849.19383033419,46.6551597502754
135,45,13426,174.873231044243,174.873231044243,0.385124034144818,1240.12378966185,1119.61753314464,75.2468345002234
135,46,8663,172.209858016853,178.767368825419,0.404914906611233,1280.37712108969,806.66489668706,59.7129170033476
135,47,12278,178.362681218439,189.331311917682,0.440418351420145,1185.45284248249,1163.69424987783,69.7993158494869
135,48,8810,196.870601589103,217.914033854476,0.451285044675672,1022.02565266742,988.860158910329,66.2376844494892
135,49,10708,192.487952932387,192.487952932387,0.392026948881307,1143.66660440792,840.610011206575,57.8388121031005
135,50,12585,173.584743742551,179.611825704519,0.410760814596658,1179.76384584823,813.207151370679,55.9423917361939
135,51,10470,188.093218720153,188.093218720153,0.391548192350621,1112.6787965616,818.33782234957,60.0616045845272
135,52,10732,181.55795751025,196.400844740449,0.440271401680609,1159.05134178159,1175.15067089079,42.4164181885949
135,53,8722,187.072116487044,209.401966673786,0.531374213876192,1386.33719330429,845.14824581518,61.1590231598257
135,54,13986,190.409838409838,204.393323131277,0.451370103894532,1387.5883025883,950.86128986129,71.0725725725726
135,55,21544,181.626206832529,195.69359662973,0.4749308536906,1319.31883587078,893.028731897512,37.6558206461196
135,56,9596,250.710504376824,266.381800284074,0.418343382160981,1058.6388078366,1009.70175072947,71.2779283034598
135,57,6933,186.896437328718,186.896437328718,0.429181473190948,1129.61041396221,820.089860089427,66.8896581566421
135,58,12772,211.756811775759,252.18383065581,0.548773993780717,1400.00681177576,1010.12104603821,40.3280613842781
135,59,14433,184.965080024943,192.814313163607,0.412076952544021,1108.38709900922,1100.66902237927,72.6794152289891
135,60,7618,255.588868469415,255.588868469415,0.475797707787198,1270.64610133893,969.713835652402,77.77960094513
135,61,6215,202.093483507643,217.382060118717,0.436189750758631,1211.02510056315,838.488012872084,64.4447304907482
135,62,5972,212.326858673811,212.326858673811,0.381505685801338,1157.02227059612,935.492464835901,72.2607166778299
135,315,7648,200.754445606695,200.754445606695,0.357170444653085,1135.83250523013,867.581851464435,62.2667364016736
135,316,5416,245.1011816839,259.25257820529,0.403163848628573,1135.54006646972,851.514771048744,67.1453101920236
135,317,7271,215.095035070829,215.095035070829,0.355111162655538,1153.39705680099,881.362948700316,66.572273414936
135,318,10776,210.541295471418,210.541295471418,0.368321340626987,1202.23886414254,887.018559762435,67.7040645879733
135,319,11476,185.813349599163,185.813349599163,0.341927852813278,1214.02344022307,871.26943185779,72.1994597420704
135,320,10624,243.519013554217,243.519013554217,0.301313873727534,1133.13563629518,1013.97251506024,73.6953125
135,321,9239,199.139625500595,210.374791487951,0.40933324291215,1136.61586751813,979.571057473753,77.7184760255439
135,322,5911,226.864489934021,226.864489934021,0.370222573708019,1085.55202165454,903.773134833361,65.0571815259685
135,324,6409,196.760649087221,196.760649087221,0.381947243824418,1063.17100951787,899.326103916368,59.525667030738
135,372,7816,212.697159672467,212.697159672467,0.366429550675979,1317.77213408393,828.046571136131,61.8796059365404
135,373,5780,178.9,196.769117898554,0.454233635724017,1326.68858131488,820.714186851211,67.4474048442907
135,386,5885,180.509600679694,180.509600679694,0.375953546011034,1260.97774001699,853.150212404418,66.9148683092608
135,387,7977,210.577410053905,210.577410053905,0.383068609369487,1292.24783753291,862.270527767331,68.0324683464962
136,1,19613,209.008055881303,227.253331827976,0.437942451809996,1232.60862693112,1212.62346402896,46.2056289195941
136,2,9584,235.975166944908,272.324957975041,0.508446189218797,1089.10486227045,1012.81187395659,37.4455342237062
136,3,33373,157.018128427172,137.499242800944,0.814130405117442,1165.09852275792,951.084289695263,60.1002606897792
136,4,17077,180.846752942554,193.72100112128,0.431928498949236,1344.59571353282,1197.07267084383,56.5424254845699
136,5,13042,173.184250881767,173.184250881767,0.392231503481397,1264.28009507744,1194.68678116853,66.6828707253489
136,7,15358,184.276012501628,184.276012501628,0.397374177042736,1250.43592915744,787.965229847636,61.5725354863915
136,8,12760,225.235188087774,245.325652366014,0.432249434912603,1079.51246081505,947.817084639498,70.2427115987461
136,10,14879,217.309765441226,229.957170359394,0.408714919279067,1157.01613011627,963.128906512534,72.52745480207
136,12,14565,186.06213525575,194.473324683966,0.410130982952452,1186.52461380021,783.696876072777,64.3964984552008
136,14,10457,176.64530936215,184.513712660231,0.401107798571297,1340.31863823276,846.447068949029,67.7293678875395
136,15,16895,228.890026635099,246.772062712338,0.43282981816426,1114.58845812371,1000.97656111276,73.3383841373187
136,16,20198,139.91469452421,146.155669857104,0.437105798063067,1323.00856520448,791.236607584909,54.5559461332805
136,17,11782,198.279748769309,198.279748769309,0.377924003088855,1165.6122899338,1073.27542013241,76.5903072483449
136,18,11016,206.445079883805,220.42343571263,0.423843260692827,1052.93845315904,912.365559186638,63.9745824255628
136,19,12178,230.647396945311,250.518413341107,0.430087250167323,1189.31228444736,923.779684677287,75.0968139267532
136,20,13457,162.951177825667,172.574765577992,0.452248377972239,1010.83733372966,906.228505610463,55.8218027792227
136,21,9103,200.948478523564,209.562568717894,0.414746563007949,1301.02197077886,871.976271558827,68.467098758651
136,23,12265,210.257969832858,210.257969832858,0.399677997418046,1145.71911944558,833.564696290257,67.7942111699959
136,24,12936,159.191790352505,167.475076021328,0.448449190678202,1044.12128942486,849.550865800866,50.9679962894249
136,25,15839,148.431403497696,158.273744767017,0.497656296962372,1400.90914830482,849.110928720247,53.7997979670434
136,26,9389,208.438598359783,208.438598359783,0.370513586794019,1110.23112152519,836.415273192033,56.8073277239323
136,27,10800,288.825185185185,328.916313737603,0.486372125833834,1448.39101851852,977.439166666667,60.1400925925926
136,29,10312,154.524146625291,165.39956537794,0.5014207812875,1233.7890806827,772.26716446858,56.0646819239721
136,30,6873,190.703040884621,210.997761581116,0.488091619951456,1346.77564382366,917.12250836607,71.8689073184926
136,31,8433,206.219139096407,217.152307293465,0.412605576822386,1085.51713506463,891.7745760702,66.297877386458
136,32,14847,174.089378325588,187.757295577489,0.451110080229637,1011.53222873308,1059.61305314205,47.7677645315552
136,33,8650,173.92323699422,162.455725098727,0.438480596054454,1259.89190751445,821.611676300578,67.490289017341
136,34,14983,189.94760728826,199.61575758851,0.431916589384165,1297.22512180471,1053.35880664753,77.1117933658146
136,35,16128,177.132750496032,186.650710667168,0.420292241996601,1144.78838045635,1158.12270585317,68.6256200396825
136,36,8958,182.657066309444,182.657066309444,0.499427684741473,1388.66778298727,862.028242911364,62.5850636302746
136,37,18192,166.242304309587,179.534081159008,0.505257371907289,1280.36312664908,1072.47839709763,34.57404353562
136,38,7893,219.166096541239,219.166096541239,0.362547740548962,1151.80235651843,877.021157988091,65.7833523375143
136,39,9208,197.686685490877,197.686685490877,0.338982008455044,1124.31407471764,912.910512597741,66.4055169417897
136,40,12042,222.273708686265,238.064790227582,0.42945366512611,1216.7466367713,989.908403919615,73.8375685102143
136,41,16712,198.938367640019,212.408940990722,0.428483201273921,1140.17304930589,876.687410244136,73.8632719004308
136,42,14655,169.369566700785,169.369566700785,0.387326441536799,1202.47813033095,1125.34820880246,74.9098601160014
136,43,11568,213.626383125864,241.367482578631,0.48909647814431,1414.54434647303,1125.26417704011,51.9688796680498
136,44,21380,147.410804490178,156.11795503473,0.476649468481873,1193.41000935454,912.375257249766,34.2980355472404
136,45,10194,246.203943496174,273.486329525218,0.458436438516517,1042.80822052188,993.753286246812,69.8421620561114
136,46,14723,188.062962711404,194.877505221839,0.405247231408811,1135.79453915642,808.156286082999,60.0120220063846
136,47,9018,189.641605677534,202.488577732701,0.462910947932817,1012.17309824795,964.090153027279,64.749500998004
136,48,10214,222.488643038966,267.110973123877,0.588134266248718,1082.61425494419,1180.64705306442,55.7216565498336
136,49,13564,190.919935122383,190.919935122383,0.38985611642434,1083.99078442937,1088.91359480979,71.8286641108817
136,50,13374,148.711903693734,157.19025710662,0.444658021797072,1100.6821444594,826.639374906535,45.266711529834
136,51,12577,174.890991492407,182.146550076234,0.420106221963582,1192.09541226048,810.896636717818,56.2678699212849
136,52,8597,168.348609980226,174.776797002725,0.410174919243476,1251.71850645574,836.237757357218,62.1096894265441
136,53,12687,182.20548593048,193.744401285336,0.429889452403027,1378.11444786001,977.964136517695,72.4853787341373
136,54,5972,201.252846617549,215.100466343695,0.447460896568731,1141.73827863362,919.849799062291,71.823007367716
136,55,5006,185.111865761087,201.853758048297,0.452697965062911,1192.57351178586,854.561925689173,61.5027966440272
136,56,13817,212.255554751393,251.876461943381,0.53613985236129,1399.31439531013,1030.68632843598,40.251357023956
136,57,18832,186.318606627018,199.404699559692,0.445194966211247,1332.18309260833,901.492141036534,37.705341971113
136,58,11881,172.135594646915,184.396604989981,0.458443898171883,1133.15234407878,1156.46637488427,40.8814914569481
136,59,9102,193.203801362338,200.259122387084,0.402851944696906,1146.84739617666,858.690397714788,59.7558778290486
136,60,4298,188.698231735691,199.832367337339,0.403702199354754,1153.285248953,820.882503489995,55.6726384364821
136,61,6086,175.645580019717,183.749135481994,0.409223485218357,1268.51150180743,861.108281301347,67.2182057180414
136,325,3349,336.580471782622,262.683501148783,0.543590486102016,1196.40877873992,996.574201254106,77.6019707375336
136,326,9033,197.823535923835,218.298483610006,0.462031878335613,1130.06974427101,966.176131960589,77.5669212886084
136,327,9558,169.52563297761,179.921882007753,0.444217731627455,1258.93513287299,871.327055869429,76.3127223268466
136,328,10788,221.215795328142,221.215795328142,0.344979464983523,1255.87300704486,906.281979977753,73.6936410826845
136,329,13284,202.111638060825,202.111638060825,0.396405232002869,1209.82520325203,881.377070159591,67.7216952725083
136,330,8546,187.075122864498,187.075122864498,0.36988179293606,1215.11432249005,861.322139012403,72.4776503627428
136,374,12417,155.369896110172,155.369896110172,0.378809212651592,1182.9784166868,789.71563179512,46.3366352581139
136,375,10819,172.283297901839,180.800755942302,0.405305073311566,1151.12228486921,778.182087069045,51.9735650244939
136,376,6157,206.180607438688,206.180607438688,0.294823508285668,1075.94916355368,873.545882735098,59.6509663797304
136,378,6340,180.531703470032,180.531703470032,0.386787022648017,1193.01955835962,807.096529968454,69.5578864353312
136,380,4968,176.905595813205,176.905595813205,0.349186923819034,1301.77455716586,813.659822866345,61.4021739130435
136,381,4950,216.796161616162,216.796161616162,0.335255986256504,1326.59232323232,847.933737373737,64.0927272727273
136,382,2889,295.085842852198,316.200554180987,0.432526893762451,1073.55901696089,824.199723087574,59.0609207338179
136,383,5698,217.286942786943,238.074798247869,0.467359815029341,1054.57722007722,839.414355914356,62.4083889083889
136,384,14932,200.706737208679,200.706737208679,0.34931435822165,1283.39298151621,947.099182962765,72.3627109563354
136,385,2837,300.54035953472,246.379093475668,0.514867039639594,1290.65350722594,959.946422277053,76.5918223475502
137,1,10938,235.277655878588,282.979867896561,0.562085793449002,1036.30755165478,1033.59965258731,42.4636130919729
137,2,16670,205.16850629874,218.513036448863,0.421783082849831,1223.17624475105,1207.10875824835,44.1841631673665
137,3,15666,213.156261968594,213.156261968594,0.351483253573404,1217.84092940125,972.254244861483,73.7384782331163
137,4,20387,164.300583705302,175.776098168709,0.49379275226411,1115.32692402021,785.024868788934,55.037916319223
137,6,16710,179.929024536206,179.929024536206,0.380971758486344,1210.06163973668,818.624057450628,70.2078994614004
137,7,15753,228.400368183838,238.629296780703,0.400100872512386,1178.75756998667,1026.98793880531,75.5628134323621
137,8,14500,229.429172413793,250.528916909054,0.458697571446512,1133.98489655172,976.87,74.4079310344828
137,9,21794,135.351197577315,135.351197577315,0.413322115389727,1286.41277415803,777.469762319905,52.3687712214371
137,10,11026,192.357881371304,203.657661910759,0.410386513522849,1249.87202974787,792.703609649918,61.7074188282242
137,11,14288,176.918812989922,185.734262903105,0.401128391587919,1369.20443729003,1177.32369820829,50.515467525196
137,12,19531,235.430392709027,228.231060205249,0.461090304986958,1068.46029389176,886.740668680559,66.8345706825047
137,13,19372,163.908992360107,172.475553942788,0.453999774910542,1210.78314061532,1058.63679537477,32.5280817674995
137,14,14000,216.253714285714,226.007351820791,0.40445503043912,1275.95814285714,993.067785714286,72.8359285714286
137,16,31361,147.685532986831,136.872343680893,0.76788865081062,1168.38123784318,966.738624406109,61.732725359523
137,17,7376,199.474918655098,199.474918655098,0.475002941149921,1353.76626898048,979.232239696312,71.7872830802603
137,18,12962,228.235071748187,250.477922413941,0.429756103618097,1249.61263693874,932.529162166332,75.8474000925783
137,19,10906,193.38336695397,210.61113707323,0.434549092945248,1203.13863928113,989.635521731157,78.995965523565
137,20,10352,215.564914992272,238.205137101473,0.484181558697348,1081.61939721793,946.115340030912,69.5456916537867
137,21,15379,142.686975746147,148.050521750679,0.41361668152456,1362.93159503219,824.880096235126,47.7630535145328
137,22,19901,192.618411135119,203.616959840125,0.428407349127197,1320.45414803276,934.66046932315,69.324104316366
137,23,14006,173.016135941739,183.135045096445,0.418493249634443,1322.73539911467,1191.16949878623,62.0961016707125
137,24,11932,185.64180355347,185.64180355347,0.39003316897396,1247.63937311431,1093.9244887697,75.6333389205498
137,26,14889,183.286990395594,183.286990395594,0.393852024775863,1326.35334810934,833.836859426422,60.2580428504265
137,27,15211,150.79804089146,159.800960050684,0.455272672190675,1052.45013477089,842.851423312077,51.1955821445007
137,28,10679,192.551549770578,203.022058189947,0.419211869348866,1330.26538065362,865.284858132784,65.9487779754659
137,29,9039,213.174576833721,213.174576833721,0.398596641083777,1117.04513773648,914.009071799978,70.7295054762695
137,30,10665,203.369151429911,203.369151429911,0.347987863993539,1158.72245663385,929.932489451477,69.90839193624
137,31,14644,158.688541382136,158.688541382136,0.460227500991202,1207.97384594373,1184.48565965583,67.3246380770281
137,32,6003,219.203564884225,245.6212425648,0.48723150164222,1270.69148758954,1029.23221722472,77.2745294019657
137,34,11909,248.708959610379,279.076895727689,0.471205734625233,1103.48433957511,1028.77168528004,75.370392140398
137,35,8122,223.321595666092,242.041921674486,0.416815713388191,1177.13925141591,855.613395715341,69.699088894361
137,36,12052,168.662130766678,181.564369015311,0.474927855201895,1021.74726186525,886.617158977763,58.7485894457351
137,37,20192,227.455279318542,256.948845654162,0.496313581091008,1450.38064580032,960.235736925515,50.9387381141046
137,38,11373,186.077815879715,199.934852042174,0.466840179713276,1423.94583663062,969.394179196342,65.6494328673173
137,39,7897,183.855894643536,199.674988149281,0.468587207419703,1388.89401038369,906.82942889705,66.5390654678992
137,40,7901,165.619541830148,174.545254990088,0.414865967019323,1298.41096063789,818.70434122263,67.2251613719782
137,41,14603,174.738067520373,188.343390117723,0.45358495682632,1006.18126412381,1086.40745052387,54.26145312607
137,42,13853,182.171082076085,197.407193631267,0.43192861323109,1158.02706994875,1119.30513246228,74.3631704323973
137,43,26843,164.960511120218,175.438813095509,0.450825941883336,1249.46041798607,876.729948217412,35.4780389673285
137,44,13650,197.258681318681,197.258681318681,0.395631142686933,1129.15413919414,822.977875457875,63.9958241758242
137,45,8518,230.819910777178,269.044054097849,0.546077475931112,1103.19828598263,1192.08206151679,58.2829302653205
137,46,12621,204.972189208462,204.972189208462,0.391087686489475,1367.06766500277,1050.1377862293,72.50439743285
137,47,7890,203.782509505703,213.394119540204,0.400178368536937,1145.21989860583,877.126996197719,63.7120405576679
137,48,10109,173.49777426056,173.49777426056,0.377638529101617,1285.68978138293,1132.66604016223,72.7146107429024
137,49,9618,169.47629444791,169.47629444791,0.49269898696311,1385.91453524641,833.241422333125,56.2470368059888
137,50,12203,179.16815537163,190.982265946026,0.427501793080495,1018.53347537491,942.897812013439,64.0789969679587
137,51,12235,177.15872496935,183.479953329727,0.41015141807298,1177.46832856559,806.535022476502,58.1145892930119
137,52,8108,170.702022693636,179.200116858841,0.414032698652536,1365.5099901332,837.980759743463,63.6840157868772
137,53,7955,206.11074795726,228.496949792305,0.495717052633431,1096.68120678818,854.843243243243,60.5992457573853
137,54,9281,203.771253097727,213.604533909844,0.438055905042506,1056.81133498545,1000.9333046008,71.3819631505226
137,55,13367,182.163462257799,202.847562741142,0.526053332324346,1333.80137652428,999.813421111693,34.3097927732476
137,56,5745,200.400870322019,184.098629625182,0.416006552187235,1191.62610966057,857.980156657963,62.0287206266319
137,57,9391,161.048237674369,170.056060301844,0.452059491903444,1208.61750612288,780.535619209882,56.9936109040571
137,58,10793,185.812378393403,197.30229937911,0.429062066322724,1095.08283146484,1154.43574539053,43.3132585935328
137,59,13748,151.022112307245,158.70369046372,0.441629318939294,1102.83146639511,908.261274367181,36.8598341576957
137,60,5583,177.890560630485,177.890560630485,0.33539981709714,1292.47411785778,856.889844169801,65.7055346587856
137,61,11817,191.579165608869,211.557145161905,0.483064067271187,1403.66556655666,1100.13649826521,43.5632563256326
137,62,7608,172.341351209253,180.87729046503,0.421163963046992,1255.2735278654,833.833070452156,61.5485015772871
137,63,4841,163.310059904978,171.964857024794,0.406234547670734,1301.52406527577,794.169386490395,59.8587068787441
137,64,5982,189.028585757272,199.12758553362,0.421095650309956,1144.06084921431,834.674022066199,59.2001003009027
137,65,2710,166.607749077491,166.607749077491,0.469271903150689,1121.47896678967,860.993357933579,71.1944649446494
137,342,12640,208.939240506329,208.939240506329,0.36846311509569,1238.60996835443,880.306170886076,68.6160601265823
137,343,10548,180.480565036026,180.480565036026,0.378150913754332,1258.68742889647,871.093003412969,72.6659082290482
137,345,7057,219.718152189316,219.718152189316,0.352838018629181,1197.25960039677,925.135326626045,74.4603939350999
137,346,14715,189.791845056065,206.897903092783,0.467248246982356,1196.50608222902,885.394903160041,76.4372409106354
137,347,9432,224.080046649703,224.080046649703,0.365953929128021,1298.96384648007,910.638782866836,72.1057039864292
137,348,9352,174.930603079555,185.753044274602,0.436287698772841,1315.12949101796,884.369653550043,74.5165739948674
137,389,9008,189.434280639432,200.921310988441,0.413676523962117,1193.71913854352,790.776865008881,65.8385879218472
137,391,7441,159.236527348475,159.236527348475,0.382129792994159,1124.92474129821,794.722483537159,49.4453702459347
138,1,17571,206.717432132491,221.68683726464,0.431476566139395,1258.538557851,1205.33498378009,44.9524785157362
138,2,16195,210.92127199753,210.92127199753,0.324587584688274,1275.54041370793,1014.29138623032,75.4600185242359
138,3,38294,149.700997545307,136.300029183915,0.788867961950253,1207.88311484828,977.243510732752,63.9860291429467
138,4,13965,224.304547081991,249.542220087732,0.461027792358424,1212.96870748299,1045.85191550304,79.1735051915503
138,5,14432,219.046355321508,236.958378939966,0.419058780141381,1211.86238913525,986.971244456763,77.2150083148559
138,7,9685,218.955704697987,218.955704697987,0.392214546839476,1140.78358286009,984.056685596283,75.5353639648942
138,9,18607,136.217606277207,136.217606277207,0.399173684445689,1159.7417101091,777.503788896652,50.8913312194335
138,10,14351,182.587903282001,192.372260654834,0.405049880730522,1293.46707546512,802.381158107449,59.9555431677235
138,12,15030,139.604657351963,139.604657351963,0.36518145064904,1217.749833666,797.656487025948,43.1405189620758
138,13,13186,153.42696799636,153.42696799636,0.454151019586084,1276.07841650235,775.233732746853,49.4831639617776
138,14,10095,229.860822189203,259.310894234937,0.496203831262943,1386.03764239723,1124.78256562655,45.460029717682
138,15,11419,209.364042385498,215.696170834571,0.409914071165813,1334.63201681408,940.186531219897,69.2558017339522
138,16,14641,169.531725975002,182.368678495514,0.467510546330167,1135.71238303395,1214.32955399221,49.2348200259545
138,17,10124,221.047609640458,231.983661396791,0.401815854140333,1296.04217700514,895.783287238246,72.4883445278546
138,19,8897,231.377318197145,231.377318197145,0.58228437004953,1411.18320782286,1114.82229965157,55.6245925592896
138,20,14894,167.291258224788,177.693386420613,0.447217129166108,1003.48919027796,930.073116691285,61.3279844232577
138,21,14217,158.821762678484,168.639595721112,0.464466433473123,1023.04881479918,870.456706759513,55.7216009003306
138,22,8078,185.012007922753,201.174186021324,0.450245113048733,1388.90406041099,902.732854666997,64.535281010151
138,23,17821,176.33174344874,192.802204861855,0.505908640653401,1416.3449301386,874.991639077493,54.9987655013748
138,24,11392,167.316099016854,167.316099016854,0.49026734258041,1359.76176264045,829.25079002809,58.3675386235955
138,25,12241,185.766358957602,185.766358957602,0.395970232090962,1357.50706641614,1049.15897394004,72.5807532064374
138,26,6686,229.979210290159,177.975479465193,0.595520453856979,1011.65854023332,1070.55279688902,52.6757403529764
138,27,17687,160.275400011308,171.020989388519,0.445707556022434,1070.54339345282,1171.78882795273,62.2052354836886
138,29,13707,189.355438826877,201.65940847803,0.438044943669466,1044.59276282192,851.712409717662,62.1588239585613
138,30,17133,186.529095896807,210.622340581481,0.549774210706597,1216.53236444289,985.551567151112,31.9085390766357
138,31,15488,181.395273760331,193.288432871759,0.425271420904518,1011.23011363636,1005.17336002066,44.8400051652893
138,32,9625,198.835532467532,198.835532467532,0.328140932853326,1199.63657142857,937.556051948052,72.4657662337662
138,33,6628,199.411888955944,215.555766563637,0.430517026422927,1354.8802051901,984.970277610139,72.8219674109837
138,34,9490,218.477976817703,244.404735138347,0.449305293796273,1075.75479452055,906.825922023182,67.1874604847208
138,35,9765,205.440860215054,205.440860215054,0.375162631792982,1222.10015360983,867.71438812084,66.6914490527394
138,36,11546,185.032998441019,195.559846122069,0.432326342204504,1178.97514290663,782.911657716958,61.2322016282695
138,37,14321,173.563089169751,181.560780688575,0.400568460940061,1288.77801829481,1112.77948467286,75.1384679840793
138,38,12129,175.805095226317,184.159751550015,0.422641640598204,1242.75348338692,799.619671860829,55.8500288564597
138,39,12523,198.807074982033,212.128175128219,0.447645961303694,1423.89004232213,965.399744470175,63.8026032100934
138,40,13288,210.50007525587,210.50007525587,0.381787919402866,1106.16654124022,870.42798013245,68.6670680313064
138,41,10004,211.053678528589,211.053678528589,0.377653516759775,1158.2580967613,937.056677329068,75.4483206717313
138,43,15414,178.901582976515,189.09961250447,0.400932107659416,1334.26527831841,1152.82957052031,66.2189567925263
138,44,11040,173.564583333333,173.564583333333,0.394636967016044,1263.81748188406,842.285778985507,70.2750905797101
138,45,14790,181.143813387424,181.143813387424,0.357850096138046,1179.64516565247,819.490331304936,70.7718052738337
138,46,10002,172.105478904219,172.105478904219,0.383955157962104,1199.12197560488,821.588482303539,60.8416316736653
138,47,9437,228.68517537353,228.68517537353,0.354957198814355,1185.63367595634,869.809155451944,70.5314188831196
138,48,9694,155.471838250464,160.703706173281,0.403380449285947,1245.30389931917,787.116051165669,64.2704765834537
138,49,9273,195.716596570689,195.716596570689,0.395520951754291,1138.9387468996,903.283511269276,67.7483015205435
138,50,8052,228.776577247889,271.053913723673,0.546181024271159,1089.29781420765,919.551167411823,37.2959513164431
138,51,15586,158.488771974849,169.088091547902,0.482588492979622,1141.34152444501,1091.0725009624,35.0096881817015
138,52,11544,195.728603603604,207.90497566843,0.443220057486052,1149.70547470547,1048.85438322938,78.2441094941095
138,53,5069,217.910830538568,217.910830538568,0.568662162995815,1273.94515683567,1204.09449595581,61.6200434010653
138,54,11817,187.790217483287,200.787831089155,0.447537668635468,1028.33680291106,966.547431666244,68.7068629939917
138,55,4475,225.034636871508,225.034636871508,0.640716130300497,1176.89720670391,1224.91374301676,59.899217877095
138,57,12052,196.993196150017,196.993196150017,0.36259641475698,1398.239047461,1074.59633255891,67.0588284102224
138,58,11346,185.257711968976,194.913775108384,0.431854779884816,1065.36938127975,1021.00405429226,73.7147012162877
138,59,4992,244.275040064103,244.275040064103,0.59854074099398,1059.05548878205,1165.39202724359,51.8333333333333
138,60,5438,167.284295696947,167.284295696947,0.389224452085504,1252.38433247517,832.964141228393,62.3845163663111
138,61,8226,192.852297592998,210.029595526494,0.457320232944087,1142.88171650863,811.44213469487,67.3876732312181
138,62,6876,155.199680046539,163.721017832729,0.446230893109408,1216.59089586969,770.433973240256,56.5349040139616
138,63,15706,195.657901438941,215.134820921268,0.47699923385114,1363.33764166561,878.140328536865,40.7569718578887
138,64,15939,188.429073342117,213.481045767485,0.54060620486906,1357.62820754125,1041.58353723571,36.1964364138277
138,65,5028,176.555091487669,176.555091487669,0.346901207379247,1167.69530628481,849.310262529833,63.7110182975338
138,66,8978,148.623412786812,148.623412786812,0.455314005417958,1315.30908888394,780.471820004455,55.9298284695923
138,349,10433,168.410236748778,168.410236748778,0.367216561118044,1132.27441771303,805.09086552286,58.822965589955
138,350,10182,190.955313297977,190.955313297977,0.369433207620666,1115.64024749558,842.775093301905,62.0346690237674
138,351,8287,169.218414383975,177.877932004176,0.406487950526999,1318.91939181851,828.631953662363,69.4183661156028
138,353,7791,204.175972275703,204.175972275703,0.358693062710431,1243.85188037479,915.072262867411,74.2587601078167
138,354,15495,181.996063246208,194.998847337197,0.462316300206039,1237.47395934172,879.597934817683,76.9612132946112
138,355,14711,203.669363061655,203.669363061655,0.353856351664747,1281.27768336619,950.640269186323,72.7578002855007
138,356,10054,179.074000397852,192.676248108988,0.426106002751913,1287.27650686294,968.825343147006,78.3080366023473
138,392,12827,211.516878459499,219.544928522742,0.410445565615264,1096.82645981134,952.515475169564,71.3053714820301
138,395,15626,190.60584922565,190.60584922565,0.387991178137217,1337.06540381416,873.530078075003,64.3212594393959
138,396,12530,211.190023942538,211.190023942538,0.361133014649936,1310.2740622506,868.953232242618,67.9835594573025
138,397,9874,237.35203564918,237.35203564918,0.35464939928767,1090.3193234758,946.439335628924,75.4228276281142
139,1,12608,254.48929251269,314.474864826778,0.56974840361668,1296.3578680203,1202.91886104061,46.2564244923858
139,2,24863,188.975344889997,198.4456686097,0.419123422840315,1083.98230302055,863.907895266058,62.7516792020271
139,3,15471,168.450778876608,177.020408457862,0.43321951856238,1192.09462866007,1235.33352724452,51.7869562407084
139,5,19219,167.453093293095,183.246238506595,0.512985537342788,1383.71887194963,832.316405640252,51.0151412664551
139,6,11343,176.313056510623,176.313056510623,0.486026470200152,1237.20858679362,1225.54676893238,61.5298421934233
139,8,22770,183.305050505051,191.925870226143,0.433599384794296,1311.15107597716,840.675625823452,61.9861220904699
139,9,10514,223.029484496861,223.029484496861,0.58139539222372,1406.16720563059,1083.6623549553,45.0356667300742
139,10,11876,167.644661502189,167.644661502189,0.487510891893686,1323.82393061637,797.258167733244,54.6089592455372
139,11,18207,206.572527050036,220.053455143799,0.420907326777465,1296.06568902071,980.480859010271,75.1932773109244
139,13,16856,158.906680113906,166.453518107385,0.42567010545068,1128.30546986236,1203.91546037019,63.781976744186
139,14,7755,201.910251450677,201.910251450677,0.547629648720601,1346.09916183108,1181.81508704062,61.9041908446164
139,15,9306,204.450569525038,204.450569525038,0.395389489466909,1166.35740382549,982.172147001934,76.2120137545669
139,16,13026,216.734914785813,245.268403041946,0.487587780485766,1245.30016889298,1033.49823430063,79.2179487179487
139,17,14518,194.476649676264,205.554388548007,0.420791321015361,1385.20863755338,1102.41107590577,66.003444000551
139,18,10986,221.810212998362,245.088601049122,0.457610990516863,1071.73748407064,925.227471327144,67.7642454032405
139,19,9260,176.650647948164,187.344605690972,0.431137251054077,1373.93228941685,854.977861771058,61.5516198704104
139,20,17928,137.454540383757,142.529900691137,0.414725640308134,1108.47049308344,801.880243195002,49.4882307005801
139,21,15492,197.402917634908,197.402917634908,0.35680960109169,1122.02814355797,822.571327136587,66.9796669248644
139,22,12959,213.072922293387,225.591505920825,0.421935845070265,1229.440234586,970.888494482599,76.7334670885099
139,23,12956,154.501620870639,164.933883062459,0.456488221809911,1208.66880209941,776.532803334362,47.0037048471751
139,25,14479,141.916154430555,141.916154430555,0.37208145933975,1161.53891843359,824.543753021617,40.5824297258098
139,27,13474,214.934466379694,235.73081075266,0.428169971029111,1332.51454653407,898.430087576072,68.025753302657
139,28,10516,183.652529478889,194.928701453355,0.446891243207502,1137.29098516546,788.54944845949,59.4001521491061
139,29,7826,241.899565550728,281.547155131833,0.5261933095241,1429.88934321492,1082.75811397904,53.8052645029389
139,31,10378,196.070437463866,196.070437463866,0.356240494149064,1200.77943727115,926.748699171324,71.9353439969166
139,32,13447,196.374879155202,196.374879155202,0.392010981412107,1204.06098014427,866.742024243326,66.1450137577155
139,33,9702,198.102143887858,198.102143887858,0.399023467430725,1135.64749536178,910.981137909709,67.7902494331066
139,34,11872,201.423770215633,224.559766853999,0.45029165909725,1022.01027628032,894.785377358491,63.3227762803235
139,35,11702,169.152708938643,177.035682655857,0.407006491162625,1288.8471201504,799.142454281319,66.593915569988
139,36,8308,187.049470389986,202.00691428935,0.461677338794016,1105.37542128069,1207.34545016851,54.5061386615311
139,37,8414,223.508913715237,238.160634358325,0.405533588526669,1172.05062990254,866.887568338483,70.6720941288329
139,38,13851,162.097177099126,170.378594633416,0.430700068637188,1011.62443144899,1068.18193632229,46.8249945852285
139,40,7072,197.416996606335,214.956514868638,0.451221756395001,1369.88221153846,935.341628959276,70.7531108597285
139,41,14369,191.206277402742,207.961029968461,0.461328008108401,1425.77715916209,914.982601433642,60.9133551395365
139,43,10247,174.032497316288,174.032497316288,0.392309351798586,1159.38274616961,816.903483946521,70.1840538694252
139,44,15174,176.3953473046,176.3953473046,0.387758210263085,1331.83649663899,1078.50421774087,75.0422433109266
139,45,10301,152.098728278808,157.208406615495,0.408590415320254,1201.0876613921,781.433161828949,63.3427822541501
139,46,9462,239.63031071655,279.30315076608,0.557625193453529,1091.30712322976,946.023145212429,36.8801521876982
139,47,8812,209.201089423513,215.459106314604,0.404157610029397,1094.48524738992,880.947117566954,70.015546981389
139,48,11980,188.025375626043,194.137049926727,0.40335123519261,1190.36110183639,1053.97512520868,79.236143572621
139,49,8782,186.539626508768,207.111209542298,0.493309858928539,1022.86939193806,1118.95183329538,55.8099521749032
139,50,10153,203.36117403723,203.36117403723,0.380340730823939,1166.46606914213,932.083423618635,75.9635575691914
139,51,11646,170.392065945389,170.392065945389,0.393817005069605,1237.20805426756,821.379787051348,68.5407865361498
139,52,16326,185.435379149822,185.435379149822,0.514588587350598,1195.65735636408,1013.03136101923,31.6276491485973
139,53,10935,206.526931870142,223.220344220376,0.448111553892834,1429.33552812071,1025.27956104252,64.3455875628715
139,54,9599,180.539431190749,191.830436360695,0.417244152664211,1198.37764350453,800.890717783102,54.6847588290447
139,55,15704,168.173076923077,180.824102445909,0.484105800157247,1096.72255476312,1046.01241721854,75.7571319409068
139,56,14358,190.403955982727,214.983322287136,0.52394598256751,1353.76305892186,1035.37331104611,35.5495194316757
139,57,11481,188.933455273931,197.863476856503,0.416053461841872,1382.9378973957,999.610051389252,71.1743750544378
139,58,16175,154.407542503864,163.596334400604,0.44928117788401,1156.12018547141,1130.88166924266,37.253972179289
139,59,11830,158.723415046492,169.321134929299,0.469781455248653,1087.5438715131,827.332882502113,57.8856297548605
139,60,6321,168.667299477931,168.667299477931,0.376914200818405,1220.74624268312,827.990349628223,61.2937826293308
139,61,11955,188.687578419072,202.773484708683,0.457450910213456,1043.28657465496,995.835884567127,71.3499790882476
139,62,7581,179.821659411687,179.821659411687,0.360446163871184,1168.3221210922,827.88128215275,60.2068328716528
139,64,18799,188.993297515825,206.463839246102,0.481422681879668,1320.84866216288,872.442683121443,37.6557795627427
139,357,7679,197.873551243652,197.873551243652,0.370276341686213,1243.08295350957,896.179059773408,73.4012241177237
139,358,13630,184.182685253118,193.797891664838,0.410429443795866,1228.49508437271,864.074027879677,76.069332355099
139,398,6639,167.587287242055,167.587287242055,0.359776315169112,1167.89802681127,784.674649796656,55.7555354722097
139,399,11793,203.021962180955,203.021962180955,0.34440879671827,1117.20088187908,963.733401170186,72.7868226914271
139,400,11824,216.910774695535,229.607473746309,0.411262210502394,1110.87787550744,969.713464140731,77.292202300406
139,401,16044,199.54811767639,199.54811767639,0.387584442249973,1285.63269758165,924.061518324607,71.9393542757417
139,402,10108,176.889988128215,185.013300003339,0.432379501898357,1298.80995251286,936.439354966363,77.5354174910962
139,403,9434,167.392516429934,167.392516429934,0.377742813415321,1252.8440746237,765.034873860505,54.7114691541234
139,404,10075,182.791066997519,182.791066997519,0.386395613745915,1248.76903225806,794.402679900744,59.0779156327543
139,405,10803,212.454595945571,212.454595945571,0.360957348411122,1284.23299083588,844.365361473665,65.8041284828288
139,406,13953,209.296710384863,223.478425939092,0.420739520873423,1288.5492008887,866.9997133233,71.5580878664087
139,407,13444,168.895418030348,178.492486345409,0.447558357626452,1006.05355548944,914.493528711693,56.6745016364177
139,408,11663,178.648975392266,188.343823605709,0.401826854723283,998.952327874475,965.28543256452,62.7006773557404
140,1,17009,158.180786642366,167.041659730661,0.436324001600456,1236.92063025457,1245.91357516609,53.733435240167
140,2,14659,188.717784296337,188.717784296337,0.386180204571152,1297.38297291766,912.704345453305,70.8958319121359
140,3,15352,199.955966649296,199.955966649296,0.398914232575647,1325.88887441376,966.259705575821,73.6605653986451
140,6,17080,139.953981264637,145.109766739968,0.413320970587844,1072.04355971897,837.12681498829,50.7917447306792
140,7,9517,223.463066092256,223.463066092256,0.398027883889266,1105.12020594725,895.093306714301,71.0926762635284
140,8,8696,176.813707451702,176.813707451702,0.528431302327397,1291.19480220791,1222.46078656854,63.2961131554738
140,9,12236,302.459709055247,397.114373637173,0.645174057065816,1339.84365805819,1195.12128146453,47.9259561948349
140,10,23990,160.466527719883,160.466527719883,0.508113824957523,1358.34914547728,816.523176323468,47.9084201750729
140,11,14987,192.328017615267,203.057054853999,0.425755967365603,1330.37205578168,871.454060185494,66.0989524254354
140,12,14164,163.420855690483,163.420855690483,0.394418097621837,1186.80944648404,1211.95050833098,67.2105337475289
140,13,13036,206.232509972384,217.788091342543,0.438606677188998,1262.87987112611,964.11046333231,76.6170604479902
140,15,12493,159.803089730249,171.393993473405,0.468217090784185,1292.07220043224,785.120147282478,50.9522132394141
140,16,17684,196.425695543995,196.425695543995,0.377291938769746,1080.80847093418,881.218502601221,64.7568423433612
140,17,10209,207.044470565188,221.36090115372,0.409366221407006,1204.52541874816,982.1597609952,77.2726026055441
140,18,12950,151.072432432432,159.735479648277,0.455127464625217,1161.42895752896,795.072664092664,46.076833976834
140,20,11522,223.63070647457,246.803775830044,0.460093536091559,1091.48472487415,940.464068738066,70.1442457906613
140,21,15742,161.241583026299,168.741857496961,0.418616032489525,1018.90128319146,1104.01816795833,50.6492821750731
140,22,12970,160.653430994603,172.971654102055,0.473923996621561,1363.31464919044,825.461757902853,59.1259059367772
140,23,16583,173.856660435386,173.856660435386,0.357933699021072,1150.56413194235,820.06241331484,68.8585901224145
140,24,5639,217.590530235857,217.590530235857,0.577551493363915,1396.49193119347,1043.52686646569,39.791807057989
140,25,9889,218.084538375973,218.084538375973,0.349594699179012,1289.16452624128,1022.83142886035,78.8162604914552
140,26,18864,169.639418999152,181.563426037054,0.472139050705144,1009.20361535199,949.893235793045,60.0599024597116
140,28,13997,190.840251482461,190.840251482461,0.537730498904251,1176.31392441237,1040.87583053511,32.3570765163964
140,29,8628,196.490843764488,196.490843764488,0.465059980969929,1099.17246175243,832.822438572091,65.97484932777
140,30,16173,182.384158783157,199.666378469864,0.483998842579443,1421.52068261918,879.41909355098,57.6714895195697
140,31,19344,177.406689412738,186.147007221471,0.4102450773422,1297.02078163772,811.421784532672,59.6887923904053
140,32,13776,162.568597560976,162.568597560976,0.443901542538693,1274.24201509872,788.849738675958,65.5071138211382
140,33,8864,190.056069494585,208.773466213151,0.457285800750911,1401.13853790614,1147.0210965704,61.0532490974729
140,34,12826,184.048885077187,196.877591578645,0.443723921274363,1112.52144082333,809.173553719008,58.8744737252456
140,35,6724,212.138161808447,212.138161808447,0.650009284216538,1438.93396787626,1083.48334324807,51.9107674003569
140,36,7527,183.253620300252,197.694284481872,0.459343885570891,1386.71409592135,898.053673442274,68.1505247774678
140,37,8960,205.49140625,223.385743239865,0.430584756046282,1292.48225446429,837.605245535714,70.9453125
140,38,10602,169.458970005659,183.419114221557,0.465600615529786,1044.06677985286,1140.6497830598,60.3704961328051
140,39,10139,192.249136995759,192.249136995759,0.384086648622741,1265.38899299734,837.455962126443,63.5739224775619
140,40,10738,156.701434159061,156.701434159061,0.379286573178668,1183.6724715962,792.721922145651,62.6975228161669
140,41,5296,238.08081570997,238.08081570997,0.579203305005358,1439.96978851964,989.606873111783,46.4571374622357
140,42,12632,208.228467384421,232.810343290368,0.466979981161906,1029.33035148828,920.250633312223,65.6459784673844
140,43,24422,180.168659405454,196.19520260046,0.487033604962728,1283.71026123987,874.690975350094,36.2928097616903
140,44,10739,199.911909861253,216.209446570897,0.429595983870741,1453.70406928019,1003.62445292858,60.6494086972716
140,45,9535,171.908337703199,184.381366746294,0.474010259647978,1143.20839014158,1227.16245411641,56.8642894598846
140,46,15933,169.538316701186,185.180611043354,0.499414518677733,1149.74022469089,1053.84930647085,78.511391451704
140,47,16626,206.351798388067,206.351798388067,0.38230658269475,1422.8959461085,1057.57373992542,64.9186214363046
140,48,9639,244.790019711588,290.993840196741,0.55652739400519,1063.35978835979,950.424110384895,40.2691150534288
140,49,11237,168.502625255851,168.502625255851,0.373600477124991,1222.45270089882,818.540980688796,67.3719854053573
140,50,8955,208.690005583473,208.690005583473,0.399403686010692,1152.4730318258,924.731658291457,69.9249581239531
140,51,15015,163.915551115551,175.888590692203,0.485025653042915,1073.45381285381,858.920679320679,59.2183816183816
140,52,10023,186.273969869301,186.273969869301,0.395994908398693,1241.89424324055,1053.29282649905,79.8890551731019
140,53,8887,179.685383143918,179.685383143918,0.360217608309464,1149.94621357038,840.315066951727,60.7143017891302
140,54,13196,187.068657168839,200.162739605818,0.463574310932009,1083.95369809033,1013.24431645953,74.9055016671719
140,55,11752,177.114278420694,177.114278420694,0.392926135301875,1378.82471068754,1049.64678352621,73.4554969366916
140,56,9790,179.142083758938,187.286294833894,0.40387059636979,1168.86996935649,811.779775280899,54.0334014300306
140,57,16867,186.10517578704,209.542777977797,0.523154870084985,1333.45425979724,1045.99442698761,34.0481413410802
140,58,9987,169.459297086212,176.354932387211,0.406707356037185,1314.10513667768,913.355361970562,76.0693902072694
140,59,6065,232.462159934048,232.462159934048,0.644877286913802,1401.57048639736,1117.57988458368,46.1746084089035
140,60,5900,167.307118644068,167.307118644068,0.349198813030356,1198.76203389831,829.574576271186,60.4457627118644
140,61,11770,184.47323704333,194.147393447295,0.40377570256065,1019.83279524214,987.330841121495,66.3546304163127
140,62,14582,160.652105335345,169.903057384405,0.454227110879846,1168.34378000274,1159.69304622137,39.0165272253463
140,63,4369,444.236667429618,444.236667429618,0.664896153910815,1116.17235065232,934.181963836118,75.8610666056306
140,64,12225,181.93799591002,191.263432462644,0.416094207730682,1409.32376278119,971.792556237219,69.1508384458078
140,65,12668,142.350568361225,146.95255033976,0.40805173476722,1119.41024628986,860.136090937796,40.03394379539
140,66,5461,163.640908258561,163.640908258561,0.399598445891772,1134.7308185314,797.50759934078,54.5878044314228
140,67,4363,274.586981434793,220.645703787714,0.627614987489894,1143.51570020628,876.935594774238,64.8961723584689
140,359,6659,164.274365520348,164.274365520348,0.395735745113136,1214.05586424388,764.618561345547,52.8501276467938
140,360,9621,175.843675293629,175.843675293629,0.379469025028025,1223.94719883588,790.755015071198,58.034715726016
140,361,14673,198.072786751176,198.072786751176,0.399501179807911,1197.71287398623,874.281946432222,66.6858856402917
140,362,9758,213.694712031154,230.655212507397,0.422711794241063,1182.74820659971,862.753945480631,71.9609551137528
140,363,9050,204.771160220994,204.771160220994,0.365949361165886,1191.15171270718,923.152596685083,76.979226519337
140,364,10342,193.429317346741,193.429317346741,0.345773945542294,1214.55762908528,926.374589054342,72.7334171340166
140,366,10111,191.047176342597,191.047176342597,0.353143163314018,1245.49342300465,891.838196024132,72.2922559588567
140,367,13218,181.949387199274,193.861630749906,0.416127025653901,1243.54993191103,855.497200786806,75.3837191708277
140,409,11915,207.742845153168,207.742845153168,0.3333930560509,1145.46487620646,973.356609315988,74.8533780948384
140,410,10749,223.770490278165,223.770490278165,0.305342589050816,1143.48423109126,979.776909479952,79.0832635594009
