Frame,ID,Volume_nowarp,MeanIntensity_nowarp,GMMIntensity_nowarp,Bimodality_nowarp,Volume_rigid,MeanIntensity_rigid,GMMIntensity_rigid,Bimodality_rigid
40,1,177661,118.052470716702,118.052470716702,0.104258183213958,177661,119.122474825651,119.122474825651,0.0998420354699334
40,2,155459,118.489994146367,118.489994146367,0.113565429197104,155459,119.834515853054,119.834515853054,0.0958743780816973
40,3,162537,120.194404966254,120.194404966254,0.137011377891043,162537,120.022499492423,120.022499492423,0.109123425468695
40,4,122270,118.317665821542,118.317665821542,0.0973311969779938,122270,120.072503475914,120.072503475914,0.150767465906011
40,5,140933,118.319733490382,118.319733490382,0.118208837442332,140933,118.772849510051,118.772849510051,0.109428814307977
40,6,167388,118.760371113819,118.760371113819,0.173838670629781,167388,119.212996152651,119.212996152651,0.0922386671237802
40,7,152165,118.396135773667,118.396135773667,0.103307713894133,152165,119.026720993658,119.026720993658,0.0695196476394789
40,8,150060,119.906870585099,119.906870585099,0.133110457965535,150060,119.922930827669,119.922930827669,0.102421545933492
40,9,143031,119.183652494914,119.183652494914,0.129177434086552,143031,119.598338821654,119.598338821654,0.100061052468494
40,10,160329,119.421377292941,119.421377292941,0.118497463556184,160329,119.685627678087,119.685627678087,0.0841856040704864
40,11,159128,119.903662460409,119.903662460409,0.15555234178691,159128,120.385620381077,120.385620381077,0.08948444437723
40,12,128962,118.898567019742,118.898567019742,0.113207546795061,128962,120.066686310696,120.066686310696,0.0850283341694713
40,13,122395,118.677993382083,118.677993382083,0.0892609614346627,122395,120.038955839699,120.038955839699,0.0701212854819863
40,14,136623,118.540919171735,118.540919171735,0.125487608107397,136623,118.891497039298,118.891497039298,0.0841802979356801
40,15,153615,120.097887576083,120.097887576083,0.14583597745449,153615,120.606646486346,120.606646486346,0.13455334979656
40,16,126508,119.675617352262,119.675617352262,0.0982018855183785,126508,119.407586871976,119.407586871976,0.086532811465099
44,1,165963,118.410531262992,118.410531262992,0.105051755140221,165963,119.333755114092,119.333755114092,0.137277572250103
44,2,190543,118.086442430318,118.086442430318,0.0932592476491797,190543,118.921167400534,118.921167400534,0.102395190712578
44,3,146268,118.281196160473,118.281196160473,0.0837400595896986,146268,119.045703776629,119.045703776629,0.0686008132435198
44,4,179408,120.391470837421,120.391470837421,0.188289984211437,179408,120.362196780523,120.362196780523,0.134961599854367
44,5,154746,119.41015599757,119.41015599757,0.0895644377315466,154746,119.731676424593,119.731676424593,0.0981047336819937
44,6,159100,119.058265241986,119.058265241986,0.11534974818491,159100,119.787743557511,119.787743557511,0.118745557451757
44,7,184798,118.930773060315,118.930773060315,0.0996879976987279,184798,119.311713330231,119.311713330231,0.0982644984234553
44,8,143124,118.821686090383,118.821686090383,0.0737810694416318,143124,119.910294569744,119.910294569744,0.0962951523524717
44,9,171257,119.86232971499,119.86232971499,0.277045744004184,171257,121.035227757114,121.035227757114,0.117644903463524
44,10,126364,118.796366053623,118.796366053623,0.0922067573788808,126364,119.80100345035,119.80100345035,0.11375702190829
44,11,153973,119.892156417034,119.892156417034,0.179109841128165,153973,119.67953472362,119.67953472362,0.0632383249938436
44,12,110566,118.221044444042,118.221044444042,0.127863620974069,110566,119.517980210915,119.517980210915,0.0831727278603273
44,13,142366,118.742508745066,118.742508745066,0.154005810039918,142366,118.796419088827,118.796419088827,0.110634935670435
44,14,123767,119.708242100075,119.708242100075,0.0964431880654037,123767,119.665961039696,119.665961039696,0.0599874633119162
44,15,143343,118.640087063896,118.640087063896,0.115087757382017,143343,119.063993358587,119.063993358587,0.0801823011293632
44,16,196203,119.774840343929,119.774840343929,0.134528042530813,196203,120.361900684495,120.361900684495,0.164730485191791
48,1,205158,120.731514247556,120.731514247556,0.177297531734688,205158,120.154076370407,120.154076370407,0.0980627180425424
48,2,178875,118.529783368274,118.529783368274,0.115879646612479,178875,119.528760307477,119.528760307477,0.113583530720131
48,3,214402,118.069733491292,118.069733491292,0.108246716232505,214402,118.998801317152,118.998801317152,0.0845293319718338
48,4,163499,119.38462008942,119.38462008942,0.128055266282352,163499,119.433085217647,119.433085217647,0.0921547710792558
48,5,194936,119.164212869865,119.164212869865,0.129243679587597,194936,119.992592440596,119.992592440596,0.0990291670958138
48,6,185973,120.264990079205,120.264990079205,0.0861818933303268,185973,119.870733923742,119.870733923742,0.0946948763974489
48,7,205810,120.007419464555,120.007419464555,0.146915602722682,205810,120.040226422428,120.040226422428,0.0931762613628102
48,8,139746,118.80891760766,118.80891760766,0.12996140949782,139746,119.760043221273,119.760043221273,0.104754267415721
48,9,144376,118.430064553665,118.430064553665,0.160654015169413,144376,118.940890452707,118.940890452707,0.0888223057951146
48,10,160717,118.776059782101,118.776059782101,0.206229994342348,160717,118.64342291108,118.64342291108,0.115693384578999
48,11,162763,118.835927084165,118.835927084165,0.0754910888230481,162763,119.928663148259,119.928663148259,0.0873576105189506
48,12,115976,118.372275298338,118.372275298338,0.111029742375215,115976,119.828921501,119.828921501,0.0832283825562737
48,13,142002,118.280312953339,118.280312953339,0.0737847943419709,142002,118.996521175758,118.996521175758,0.105473353723873
48,14,170151,119.217224700413,119.217224700413,0.150956634693631,170151,119.629858184789,119.629858184789,0.0806960303008538
48,15,132004,120.36456471016,120.36456471016,0.11763971737091,132004,123.023931092997,123.023931092997,0.0898449165398214
48,16,162407,120.04419144495,120.04419144495,0.0915239512382487,162407,121.022708380796,121.022708380796,0.155383981049751
52,1,233529,118.003340056267,118.003340056267,0.118904832858581,233529,119.15693982332,119.15693982332,0.115095227287927
52,2,206871,119.379173494593,119.379173494593,0.125347348666003,206871,124.210701354951,124.210701354951,0.270932879353417
52,3,190105,118.491433681387,118.491433681387,0.101164071347598,190105,119.480623865758,119.480623865758,0.100805056875409
52,4,178324,119.589298131491,119.589298131491,0.114156140603026,178324,119.325760974406,119.325760974406,0.0882992215905318
52,5,189733,118.78991530203,118.78991530203,0.152567771275775,189733,118.923766556161,118.923766556161,0.112159726115216
52,6,198823,120.36473647415,120.36473647415,0.190173900775634,198823,119.716250132027,119.716250132027,0.101658966856105
52,7,177774,118.818910526849,118.818910526849,0.0997500783425082,177774,120.359383261894,120.359383261894,0.130121617543247
52,8,196593,120.688951285142,120.688951285142,0.122529368657811,196593,119.763277431038,119.763277431038,0.0877141206160644
52,9,148594,118.752392424997,118.752392424997,0.101230499735918,148594,119.783120449009,119.783120449009,0.119538977748147
52,10,154017,118.306089587513,118.306089587513,0.140122195728238,154017,119.251550153554,119.251550153554,0.123034972911679
52,11,116863,118.365068499012,118.365068499012,0.0791517522648491,116863,119.725653115186,119.725653115186,0.145221640232538
52,12,184624,119.672761937776,119.672761937776,0.162805279683726,184624,121.181319871739,121.181319871739,0.161136757098674
52,13,218398,120.311252850301,120.311252850301,0.184251227912828,218398,119.70665024405,119.70665024405,0.106215498766843
52,14,137384,118.284785710126,118.284785710126,0.145132777798178,137384,118.88883712805,118.88883712805,0.0875767396654979
52,15,141722,120.117758710715,120.117758710715,0.0947559700899961,141722,129.043564160822,129.043564160822,0.280655746545227
52,16,162885,119.044589741228,119.044589741228,0.135231693425056,162885,119.377996746171,119.377996746171,0.0824905364458512
56,1,207794,120.967203095373,120.967203095373,0.170374546205531,207794,119.823098838273,119.823098838273,0.0500007106220702
56,2,196006,120.056003387651,120.056003387651,0.21708270004088,196006,119.80065406161,119.80065406161,0.0732217769710278
56,3,168889,118.843589576586,118.843589576586,0.0807063012056096,168889,120.024749983717,120.024749983717,0.0835448431526409
56,4,198690,118.417046655594,118.417046655594,0.109527191047599,198690,119.490432331773,119.490432331773,0.0791065151622264
56,5,188612,120.240689881874,120.240689881874,0.194674931088097,188612,119.024690899837,119.024690899837,0.0628345457802728
56,6,195776,119.678224092841,119.678224092841,0.124806805662723,195776,119.741285959464,119.741285959464,0.0538589151457171
56,7,202758,119.151412028132,119.151412028132,0.15162649441201,202758,123.859137493958,123.859137493958,0.210660316625706
56,8,112308,119.775741710297,119.775741710297,0.176584346670679,112308,125.652179720056,125.652179720056,0.249342740847415
56,9,179853,118.923926762412,118.923926762412,0.136147791255175,179853,120.072676018749,120.072676018749,0.109326150354566
56,10,137205,118.405932728399,118.405932728399,0.101035156076322,137205,119.757683757881,119.757683757881,0.132219118831548
56,11,153253,121.270500414348,121.270500414348,0.113541882499317,153253,133.478483292334,133.478483292334,0.31839692523552
56,12,146005,118.464319715078,118.464319715078,0.143778309296722,146005,119.071292079038,119.071292079038,0.089092000261638
56,13,164111,119.402605553558,119.402605553558,0.141240998469504,164111,119.373503299596,119.373503299596,0.114520712161577
56,14,120657,120.90613888958,120.90613888958,0.103697556883787,120657,120.380823325626,120.380823325626,0.129897360465023
56,15,157306,118.665969511652,118.665969511652,0.112606419719077,157306,119.486637509059,119.486637509059,0.100971189843296
56,16,48216,118.076717272275,118.076717272275,0.105438779755252,48216,120.029844864775,120.029844864775,0.10404796856926
56,17,64728,118.030419602027,118.030419602027,0.138823072927832,64728,119.627178346311,119.627178346311,0.103241434409104
60,1,224333,118.247083576647,118.247083576647,0.132389185695883,224333,119.285784971449,119.285784971449,0.0618283072381041
60,2,232675,119.505542065112,119.505542065112,0.111328721153097,232675,119.33064575051,119.33064575051,0.0946771247397228
60,3,245971,120.143764915376,120.143764915376,0.122769967151819,245971,119.561179976501,119.561179976501,0.101554434937479
60,4,167091,118.599338085235,118.599338085235,0.098350563158966,167091,119.956113734432,119.956113734432,0.0745755715473795
60,5,190980,118.617190281705,118.617190281705,0.100114608414614,190980,119.803864278982,119.803864278982,0.0898576261324708
60,6,166777,119.660049047531,119.660049047531,0.155599176547184,166777,131.331772366693,131.331772366693,0.301837759532552
60,7,153631,118.519061908078,118.519061908078,0.0878278896539334,153631,119.986838593773,119.986838593773,0.123030042473588
60,8,187130,118.524453588414,118.524453588414,0.122378296331609,187130,119.982696521135,119.982696521135,0.123548113330846
60,9,92873,119.006115878673,119.006115878673,0.172064490271065,92873,118.895104066844,118.895104066844,0.164759897545483
60,10,161873,118.243209182507,118.243209182507,0.111161875440637,161873,118.956404094568,118.956404094568,0.0907977293791396
60,11,112561,118.8234646103,118.8234646103,0.118214221779835,112561,126.321176961825,126.321176961825,0.278982611107566
60,12,112480,118.136459815078,118.136459815078,0.0839785493526078,112480,134.647297297297,134.647297297297,0.341965285373593
60,13,101402,118.767312281809,118.767312281809,0.122681549646849,101402,119.657975187866,119.657975187866,0.108641065466969
60,14,135153,118.014605669131,118.014605669131,0.151368907303946,135153,119.354612920172,119.354612920172,0.116997893246783
60,15,112295,119.889229262211,119.889229262211,0.214777317867963,112295,120.430001335767,120.430001335767,0.141406775732935
60,16,99917,122.419027793068,122.419027793068,0.297002153456457,99917,121.669485673109,121.669485673109,0.0672297730692824
60,17,95919,120.412473024114,120.412473024114,0.172926549235842,95919,134.7790635849,134.7790635849,0.359071917716224
60,18,77869,120.183885756848,120.183885756848,0.163969659906795,77869,119.32270865171,119.32270865171,0.122148956126702
60,19,56832,120.678508586712,120.678508586712,0.193868594665251,56832,119.875897381757,119.875897381757,0.174933130083891
60,20,128765,120.35252591931,120.35252591931,0.144775462635856,128765,119.690692346523,119.690692346523,0.10364222997171
60,21,40290,118.507048895508,118.507048895508,0.108527194418089,40290,119.57962273517,119.57962273517,0.15780117583651
64,1,164025,118.29172991922,118.29172991922,0.0928774427939851,164025,119.52654778235,119.52654778235,0.0863064744152388
64,2,184504,118.761203009149,118.761203009149,0.0746057696658149,184504,119.868615314573,119.868615314573,0.0900447763496388
64,3,156399,118.435322476486,118.435322476486,0.133485463229533,156399,119.921175966598,119.921175966598,0.114560374365742
64,4,199247,118.736166667503,118.736166667503,0.0746460045424217,199247,119.958513804474,119.958513804474,0.0893360598299644
64,5,133950,118.491601343785,118.491601343785,0.161599842059975,133950,141.899962672639,147.892225157397,0.451948992490389
64,6,184776,119.410193964584,119.410193964584,0.110466654712815,184776,132.24856583106,132.24856583106,0.338885025152111
64,7,122689,118.549935202015,118.549935202015,0.0771577617487741,122689,119.620650588072,119.620650588072,0.139010124139588
64,8,110034,118.647090899177,118.647090899177,0.12882149499328,110034,119.044931566607,119.044931566607,0.0892148764019175
64,9,125244,123.459343361758,120.195415449285,0.665762262493133,125244,139.281634249944,144.318124011249,0.446513264541198
64,10,137557,117.971619037926,117.971619037926,0.118236164119693,137557,119.177315585539,119.177315585539,0.129585614734755
64,11,109079,121.711025953667,120.693838506302,0.468484042468303,109079,120.42844177156,120.42844177156,0.134244523104465
64,12,120499,119.764495970921,119.764495970921,0.104518583933335,120499,120.15087262135,120.15087262135,0.1227648188943
64,13,110436,124.298245137455,121.20122307332,0.516984080854257,110436,119.772999746459,119.772999746459,0.0847287071402114
64,14,101170,118.840021745577,118.840021745577,0.119348352664482,101170,119.884254225561,119.884254225561,0.172357214222002
64,15,133630,119.705582578762,119.705582578762,0.148426063604719,133630,119.910970590436,119.910970590436,0.120554331138986
64,16,105759,127.751255212322,121.335633627779,0.723412915778854,105759,120.10929566278,120.10929566278,0.103775445365437
64,17,102991,121.543921313513,120.11111192334,0.598839231759066,102991,119.128418988067,119.128418988067,0.13756651504096
64,18,105673,119.985634930398,119.985634930398,0.130388673415223,105673,119.750835123447,119.750835123447,0.108408671649726
64,19,113303,119.118531724667,119.118531724667,0.12377147626954,113303,136.639691799864,140.670337256234,0.426965133447202
64,20,102883,118.826968498197,118.826968498197,0.0999209915192985,102883,138.41458744399,142.565688700196,0.431077235134988
64,21,104383,121.49568416313,120.443032101585,0.541785188142708,104383,119.859977199352,119.859977199352,0.106208808469017
64,22,194098,118.267256746592,118.267256746592,0.123654578918481,194098,119.213335531536,119.213335531536,0.116061019626415
64,23,44415,118.509399977485,118.509399977485,0.107500571338878,44415,120.063897331982,120.063897331982,0.119446538384005
64,24,50033,119.759518717646,119.759518717646,0.17581852576281,50033,120.140227449883,120.140227449883,0.137167919339828
64,25,43182,118.545227177991,118.545227177991,0.167712281290831,43182,120.300263998888,120.300263998888,0.206694659456224
64,26,51001,119.006862610537,119.006862610537,0.117924934532272,51001,120.027528871983,120.027528871983,0.10040525358708
68,2,216352,118.965084676823,118.965084676823,0.0996023245686674,216352,120.036371283834,120.036371283834,0.0904844755859261
68,3,180387,118.33310050059,118.33310050059,0.0892404502344121,180387,119.938981190441,119.938981190441,0.145197577322703
68,4,161221,118.183381817505,118.183381817505,0.12498969614272,161221,119.13883427097,119.13883427097,0.0973997056917211
68,5,135510,120.241650062726,120.241650062726,0.171951271090613,135510,120.287262932625,120.287262932625,0.192872295499576
68,6,121718,120.160962224157,120.160962224157,0.239710550717562,121718,119.864498266485,119.864498266485,0.116460805688783
68,7,141732,119.193379053425,119.193379053425,0.107261630950251,141732,120.126026585386,120.126026585386,0.111626457805935
68,8,126643,118.87399224592,118.87399224592,0.118968732604701,126643,137.299534913102,142.073332544262,0.44275990023489
68,9,130735,118.432355528359,118.432355528359,0.100319973981157,130735,119.257903392359,119.257903392359,0.0808836311750475
68,10,83543,118.634320050752,118.634320050752,0.15427049006353,83543,119.890224195923,119.890224195923,0.0762453676692443
68,11,139440,119.251104417671,119.251104417671,0.124153469811467,139440,137.574031841652,137.574031841652,0.368923981228018
68,12,118386,118.218742080989,118.218742080989,0.134756731025112,118386,119.513802307705,119.513802307705,0.124531492641431
68,13,127656,119.35310522028,119.35310522028,0.143349348196737,127656,119.460103716237,119.460103716237,0.0957832359815333
68,14,119907,118.407766018664,118.407766018664,0.0745822270576012,119907,119.344300165962,119.344300165962,0.0793611849288851
68,15,126500,118.452861660079,118.452861660079,0.131017372032021,126500,119.670537549407,119.670537549407,0.121726515400662
68,16,125936,121.55900616186,120.458727580792,0.43450178785899,125936,131.321051962902,131.321051962902,0.286734521186309
68,17,95763,118.223844282238,118.223844282238,0.107603775931741,95763,119.454413499995,119.454413499995,0.149365993080994
68,18,122391,124.351839596049,120.648852439654,0.740485962208771,122391,120.145312972359,120.145312972359,0.106965379587241
68,19,132125,121.313543992431,121.313543992431,0.360522443203375,132125,119.441491012299,119.441491012299,0.10149144023158
68,20,157481,119.091090353757,119.091090353757,0.142422640032977,157481,134.724004800579,138.147118623557,0.426074001356568
68,21,124945,133.84044179439,139.91838852599,0.555373625079844,124945,141.746840609868,146.815939330177,0.440741667820651
68,22,108283,118.773962671888,118.773962671888,0.141838905253458,108283,120.584099073723,120.584099073723,0.133180156326032
68,23,127043,120.296545264202,120.296545264202,0.179927011072047,127043,119.94411341042,119.94411341042,0.109265605637649
68,24,129031,124.594469546078,124.594469546078,0.240510329862752,129031,120.06433337725,120.06433337725,0.0979163831417179
68,25,95853,119.559346082021,119.559346082021,0.0988823870919452,95853,119.909173421802,119.909173421802,0.104490155220532
68,26,127406,118.975087515502,118.975087515502,0.139935268476809,127406,120.274068725178,120.274068725178,0.138160035746181
68,27,106084,119.666160778251,119.666160778251,0.128394090274148,106084,119.600731495796,119.600731495796,0.104955030933064
68,28,125794,121.128209612541,121.128209612541,0.205807299165357,125794,119.911784345835,119.911784345835,0.12859459901369
68,149,61217,119.488426417498,119.488426417498,0.0848811245523372,61217,120.389123936162,120.389123936162,0.1171483381442
68,150,75968,119.247985994103,119.247985994103,0.0548136283004097,75968,119.756871314238,119.756871314238,0.0728727077668157
72,1,174122,118.343391415215,118.343391415215,0.156771703219198,174122,118.876374036595,118.876374036595,0.158575618815764
72,2,152807,118.790925808373,118.790925808373,0.109021372349975,152807,120.208832056123,120.208832056123,0.0733658056322836
72,3,136370,119.461193810955,119.461193810955,0.150204310736708,136370,119.637273593899,119.637273593899,0.103572922663981
72,4,247254,119.300662476643,119.300662476643,0.104629274230921,247254,120.400685125418,120.400685125418,0.18826206036931
72,5,150449,119.508105736828,119.508105736828,0.163312782834038,150449,136.349513788726,139.690305666037,0.419199182982375
72,6,151545,120.153914678808,120.153914678808,0.163445508347767,151545,120.127717839586,120.127717839586,0.172968810180485
72,7,130973,118.021134126881,118.021134126881,0.149110148574733,130973,119.385858153971,119.385858153971,0.141354911637748
72,8,78177,118.681312918122,118.681312918122,0.148314299420001,78177,120.309848165061,120.309848165061,0.167883626672496
72,9,169224,118.819269134402,118.819269134402,0.130276201219871,169224,120.014991963315,120.014991963315,0.115218970807135
72,10,143022,122.318377592259,121.607585161234,0.407755540964613,143022,119.3145460139,119.3145460139,0.138732091027644
72,11,120276,118.489075127207,118.489075127207,0.101237465736695,120276,120.144052013702,120.144052013702,0.125572221451096
72,12,141056,123.512597833485,121.775599225733,0.612549343276683,141056,120.020623014973,120.020623014973,0.138283045749896
72,13,169085,119.665387231274,119.665387231274,0.141052762015137,169085,136.766987018364,139.846713611289,0.405999568986669
72,14,129947,119.172154801573,119.172154801573,0.118144241227967,129947,120.420148214272,120.420148214272,0.110239558471431
72,15,146333,122.101159683735,121.178688000898,0.518079432428665,146333,120.077747329721,120.077747329721,0.137182726385229
72,16,95791,118.514463780522,118.514463780522,0.144461721210395,95791,119.722500026098,119.722500026098,0.130533699430601
72,17,152269,129.346754756385,121.831076059964,0.691974917765589,152269,119.913061752556,119.913061752556,0.0970216219196369
72,18,131415,119.60565384469,119.60565384469,0.163317727672254,131415,140.457809230301,145.061078338845,0.441500536906773
72,19,146102,132.939521704015,138.764194784556,0.525597028695991,146102,142.929015345444,148.859917828084,0.460160818898405
72,20,120839,118.540487756436,118.540487756436,0.144684065327692,120839,120.052201689852,120.052201689852,0.119425976386508
72,21,139773,118.466942828729,118.466942828729,0.0710851361058939,139773,119.935538337161,119.935538337161,0.121545557553338
72,22,127903,120.448605583919,120.448605583919,0.228286439351383,127903,119.858048677513,119.858048677513,0.113128877372706
72,23,106728,120.777593508732,119.465453976804,0.549722960098908,106728,122.123097968668,120.733384727684,0.493116670306815
72,24,147575,119.247440284601,119.247440284601,0.105271132073351,147575,119.64357106556,119.64357106556,0.140455467978593
72,25,140016,118.513391326706,118.513391326706,0.108197590826858,140016,119.584947434579,119.584947434579,0.122073837013137
72,26,97472,118.18415544977,118.18415544977,0.0717539379569193,97472,119.194825180565,119.194825180565,0.129668458254706
72,27,149093,118.570214564064,118.570214564064,0.0768899020239855,149093,135.298276914409,138.97696819156,0.429542964786896
72,28,110086,119.695201933034,119.695201933034,0.127629164014354,110086,119.912822702251,119.912822702251,0.113482533065431
72,29,138543,119.159380120251,119.159380120251,0.164071848811197,138543,119.248096258923,119.248096258923,0.103124728056377
72,30,115932,118.964815581548,118.964815581548,0.0841703283073649,115932,119.45316219853,119.45316219853,0.0914940050059671
72,31,105327,119.470116874116,119.470116874116,0.0926494613351087,105327,143.553856086284,149.83168063199,0.448714362466407
76,1,180031,118.644016863762,118.644016863762,0.127701931074586,180031,120.047636240425,120.047636240425,0.115219227425005
76,2,204491,118.532928099525,118.532928099525,0.149759365548655,204491,118.932300199031,118.932300199031,0.153797823786743
76,3,172805,119.315314950378,119.315314950378,0.136397502288502,172805,136.746303637048,140.363885478808,0.429376074489989
76,4,185608,119.447082022327,119.447082022327,0.167736170113429,185608,136.784330416792,140.617593578711,0.436648620002196
76,5,140764,117.980229319997,117.980229319997,0.162877532730466,140764,119.429086982467,119.429086982467,0.150780149219071
76,6,168305,118.513840943525,118.513840943525,0.119244712799508,168305,120.574676925819,120.574676925819,0.153873245522042
76,7,157398,118.808402902197,118.808402902197,0.132203519326501,157398,120.030692893175,120.030692893175,0.154200905648037
76,8,149232,121.765794199635,120.948828991844,0.407405176580433,149232,119.838124530932,119.838124530932,0.13710392599615
76,9,151790,118.732531787338,118.732531787338,0.123826594447242,151790,119.239350418341,119.239350418341,0.109226120602688
76,10,154956,119.131759983479,119.131759983479,0.0904529287689747,154956,120.319426159684,120.319426159684,0.13638173262578
76,11,159799,120.657882715161,120.657882715161,0.179521341206966,159799,119.703233437005,119.703233437005,0.148142677573771
76,12,137945,118.558845916851,118.558845916851,0.069926214604624,137945,119.895001631085,119.895001631085,0.13033314806542
76,13,162294,136.772277471749,146.096795248351,0.614327545401055,162294,119.895418191677,119.895418191677,0.0789362086008156
76,14,147616,122.468851615001,121.538880397942,0.508924603615897,147616,119.854995393453,119.854995393453,0.12502003795974
76,15,130325,118.292629963553,118.292629963553,0.103531156740293,130325,119.960230193746,119.960230193746,0.170490456259919
76,16,149933,119.20914008257,119.20914008257,0.14236315459991,149933,119.621510941554,119.621510941554,0.150611260492097
76,17,127593,119.727696660475,119.727696660475,0.208464139482744,127593,119.846841127648,119.846841127648,0.148017596139138
76,18,173165,119.789102878757,119.789102878757,0.122671184038593,173165,119.68131550833,119.68131550833,0.127151289672459
76,19,85312,118.245030007502,118.245030007502,0.155069876456338,85312,120.16016504126,120.16016504126,0.194078130769795
76,20,138330,120.396327622352,120.396327622352,0.152867667814888,138330,119.673389720234,119.673389720234,0.150160170633974
76,21,109476,118.318946618437,118.318946618437,0.115145640922713,109476,119.546914392196,119.546914392196,0.0936725753357582
76,22,153470,124.624343519906,121.941941055621,0.718186801719088,153470,119.323594187789,119.323594187789,0.146094559987236
76,23,155977,122.570269975702,120.69760218264,0.596964419679488,155977,143.269648730262,149.866448361321,0.469001037024832
76,24,114969,118.177221685846,118.177221685846,0.119773209909124,114969,119.183475545582,119.183475545582,0.120375803280371
76,25,159278,118.972212107133,118.972212107133,0.115605261308837,159278,134.523254937907,138.165174179977,0.437812384456423
76,26,148766,127.526087950204,122.00470575053,0.66040400915957,148766,148.525792183698,157.258561504811,0.473091516067086
76,27,121394,120.231592994711,120.231592994711,0.114886662412756,121394,147.810394253423,155.018308080694,0.468188736166892
76,28,106925,120.704802431611,120.704802431611,0.328904558689456,106925,121.877222352116,120.983821678871,0.432857741982182
76,29,168411,118.333677728889,118.333677728889,0.117240901375374,168411,120.13733663478,120.13733663478,0.18372200038052
76,30,135774,120.851363294887,120.851363294887,0.133133945953814,135774,119.715122188342,119.715122188342,0.0853931974300988
76,31,115419,119.726206257202,119.726206257202,0.112045556821753,115419,120.209402264792,120.209402264792,0.143204154374384
76,32,127330,119.414105081285,119.414105081285,0.0933506836453225,127330,119.826608026388,119.826608026388,0.113512881963532
80,1,172867,119.67878773855,119.67878773855,0.163633782598336,172867,145.220574198661,150.907889458656,0.460616609836596
80,2,187485,118.456052484199,118.456052484199,0.118561747630206,187485,119.593434141398,119.593434141398,0.112072529511029
80,3,217027,118.242591935566,118.242591935566,0.129153453072789,217027,119.124251821202,119.124251821202,0.139604463291385
80,4,139885,120.222146763413,120.222146763413,0.146238507874847,139885,120.179061371841,120.179061371841,0.138909293285769
80,5,181283,121.620714573347,120.872704232116,0.489854186125367,181283,119.847233331311,119.847233331311,0.13477327588702
80,6,166765,119.721224477558,119.721224477558,0.162864220618704,166765,119.987599316403,119.987599316403,0.126826743733959
80,7,153361,123.897125083952,122.113258435042,0.647621851632387,153361,119.878737097437,119.878737097437,0.116012362088779
80,8,149505,139.101708972944,148.067779618141,0.590334404200401,149505,151.491160830741,158.984877036307,0.463498549230702
80,9,180689,118.042371146002,118.042371146002,0.128267350148012,180689,119.359424204019,119.359424204019,0.126081262767884
80,10,194792,119.715460593864,119.715460593864,0.142907394592919,194792,139.835547661095,144.307568606267,0.436362041847363
80,11,162603,118.853452888323,118.853452888323,0.094518019328129,162603,119.848096283586,119.848096283586,0.104195967985201
80,12,176816,119.388556465478,119.388556465478,0.11474040120581,176816,119.798049950231,119.798049950231,0.114620632256937
80,13,159348,125.192082737154,122.033659708173,0.639805785019266,159348,143.683039636519,150.006232293841,0.439557161001845
80,14,162037,137.462721477193,137.462721477193,0.604346368059659,162037,120.132389515975,120.132389515975,0.102821827345535
80,15,131402,118.794249707006,118.794249707006,0.072927159000042,131402,119.960891006225,119.960891006225,0.107153637076489
80,16,178818,119.636060128175,119.636060128175,0.136026908900915,178818,120.605498327909,120.605498327909,0.139434445357505
80,17,181878,118.985231858718,118.985231858718,0.142085902050318,181878,120.450989124578,120.450989124578,0.0943307483254261
80,18,105252,118.764223007639,118.764223007639,0.247188604844842,105252,120.349124007145,120.349124007145,0.1605376698463
80,19,153215,119.466853767581,119.466853767581,0.143270303175298,153215,119.67123976112,119.67123976112,0.122179748425621
80,20,145926,119.989193152694,119.989193152694,0.120201884349055,145926,120.289290462289,120.289290462289,0.169758073544627
80,21,155768,121.021352267475,121.021352267475,0.175713684606111,155768,120.066380771404,120.066380771404,0.116676299528206
80,22,142352,118.483049061481,118.483049061481,0.0675689317115979,142352,119.830785658087,119.830785658087,0.0832353215506083
80,23,159170,119.244782308224,119.244782308224,0.109369043499927,159170,119.696431488346,119.696431488346,0.133597763708001
80,24,118075,118.069515138683,118.069515138683,0.120128173572725,118075,119.452441244971,119.452441244971,0.098296106936514
80,25,205978,118.892391420443,118.892391420443,0.119174996071306,205978,119.858829583742,119.858829583742,0.129389351046967
80,26,164946,118.624658979302,118.624658979302,0.093714513438218,164946,121.507917742776,121.507917742776,0.137585974638743
80,27,153978,119.470080141319,119.470080141319,0.134207202371972,153978,137.192657392615,139.923813049339,0.401016019961271
80,28,129506,118.156703164332,118.156703164332,0.133034570958016,129506,119.043264404738,119.043264404738,0.146482128206463
80,29,184456,118.554804397797,118.554804397797,0.156945120766484,184456,119.938993581125,119.938993581125,0.112173553875037
80,30,119898,120.294341857245,120.294341857245,0.165283794000283,119898,120.820730954645,120.820730954645,0.192831434299335
80,31,130783,121.447703447696,121.447703447696,0.293436705826747,130783,144.033567053822,148.789449493901,0.428704746952828
80,32,146708,121.425062027974,121.425062027974,0.130045292357978,146708,119.671422144668,119.671422144668,0.119396673552861
84,1,188756,118.097549216979,118.097549216979,0.118279976410983,188756,119.371389518744,119.371389518744,0.128945981564044
84,2,186935,119.803022440955,119.803022440955,0.196667582569561,186935,120.027143124616,120.027143124616,0.117802757345225
84,3,199500,119.029022556391,119.029022556391,0.0986395258838425,199500,120.301388471178,120.301388471178,0.122897229501615
84,4,189538,119.721375133219,119.721375133219,0.177977633305176,189538,119.766226297629,119.766226297629,0.144290373290318
84,5,166212,118.770004572474,118.770004572474,0.0936474069970189,166212,119.815560849999,119.815560849999,0.0993144661614766
84,6,261306,118.207002518121,118.207002518121,0.128376377595007,261306,119.189111616266,119.189111616266,0.141172711096741
84,7,187417,133.658334089224,133.658334089224,0.572769105295912,187417,119.888041106196,119.888041106196,0.114558181893697
84,8,152230,120.625468041779,120.625468041779,0.167281556752768,152230,142.463594560862,146.262669658019,0.422584181158509
84,9,117594,123.591696855282,121.155375336495,0.678356386070666,117594,121.114376583839,121.114376583839,0.169737703516465
84,10,173663,119.528483326903,119.528483326903,0.110067843574532,173663,119.755284660521,119.755284660521,0.104650799549137
84,11,193415,119.432257063826,119.432257063826,0.118081780572866,193415,120.214761006127,120.214761006127,0.148364950907127
84,12,200165,119.326125946094,119.326125946094,0.27278778625939,200165,152.321504758574,161.848992802897,0.473183678260674
84,13,187121,119.478145157412,119.478145157412,0.13798205357271,187121,121.425954329017,121.425954329017,0.164663885825911
84,14,174353,123.417331505624,121.588167538356,0.63110323733812,174353,119.911673444105,119.911673444105,0.115547162608716
84,15,160510,118.595128029406,118.595128029406,0.129925021365775,160510,120.007202043486,120.007202043486,0.16202215362762
84,16,177186,118.994232049936,118.994232049936,0.153232605382101,177186,119.682774034066,119.682774034066,0.114414056159882
84,17,167991,119.144549410385,119.144549410385,0.139970160332606,167991,141.901429243233,146.582775180579,0.420429400636884
84,18,171975,118.430138101468,118.430138101468,0.139885294965668,171975,119.672841982846,119.672841982846,0.139839971836924
84,19,162054,136.270743085638,124.334839917444,0.729845098459975,162054,152.473366902391,162.07236279184,0.481058371744662
84,20,118020,118.869488222335,118.869488222335,0.16918587248258,118020,120.619674631418,120.619674631418,0.164575654344768
84,21,165930,121.560844934611,121.560844934611,0.168671948659978,165930,119.411016693787,119.411016693787,0.112877906597712
84,22,205135,120.445633363395,120.445633363395,0.331841666506935,205135,144.169410388281,149.462059396067,0.450219232054984
84,23,152519,120.962765294816,120.962765294816,0.33346241206091,152519,120.250585172995,120.250585172995,0.15366867102654
84,24,141672,117.949270145124,117.949270145124,0.109950346503572,141672,119.555769665142,119.555769665142,0.135693125065968
84,25,137110,118.27394063161,118.27394063161,0.110624189159107,137110,119.152490700897,119.152490700897,0.161430772009399
84,26,128980,118.799108388898,118.799108388898,0.128886456566776,128980,119.664917041402,119.664917041402,0.128616338329237
84,27,182529,119.168756745503,119.168756745503,0.115448830347958,182529,122.374598009083,122.374598009083,0.174352037667896
84,28,167031,126.33534493597,123.547968232446,0.560713932211925,167031,139.47233747029,143.129091377276,0.41681280108436
84,29,199146,119.514537073303,119.514537073303,0.205551859370882,199146,124.720632099063,124.720632099063,0.215578364033394
84,30,163391,120.774755035467,120.774755035467,0.217021294359765,163391,120.189220948522,120.189220948522,0.11362495168281
84,31,147902,119.55869427053,119.55869427053,0.130963666057075,147902,120.205541507214,120.205541507214,0.138925083137976
84,32,185907,118.647183806957,118.647183806957,0.135628116364895,185907,120.049669996288,120.049669996288,0.184776231960263
88,1,190215,118.070903977079,118.070903977079,0.139384642401285,190215,119.422143364088,119.422143364088,0.132212802389086
88,2,134161,124.250519897735,121.611176945696,0.702645959346019,134161,122.809758424579,122.809758424579,0.146857475596975
88,3,159853,118.155461580327,118.155461580327,0.113370482779825,159853,119.819446616579,119.819446616579,0.11686356170762
88,4,205765,119.437737224504,119.437737224504,0.114976175648193,205765,120.337341141594,120.337341141594,0.124171854443472
88,5,202201,118.55462633716,118.55462633716,0.108344225211797,202201,119.844328168506,119.844328168506,0.135624144001935
88,6,208101,120.147413996088,120.147413996088,0.16593231067806,208101,120.04223910505,120.04223910505,0.122635370371497
88,7,171639,118.726513205041,118.726513205041,0.0994955685606773,171639,120.629851024534,120.629851024534,0.257431976391644
88,8,191247,120.003116388754,119.306771727902,0.455450353752479,191247,160.844536123442,168.671709047395,0.462852628637451
88,9,180580,119.315261933769,119.315261933769,0.112969716862103,180580,121.090824011518,121.090824011518,0.156866087946736
88,10,195960,134.025821596244,134.025821596244,0.581162078119275,195960,119.849372320882,119.849372320882,0.130897878247778
88,11,175308,119.028424259018,119.028424259018,0.101609509021716,175308,119.774859105118,119.774859105118,0.104265538257617
88,12,200190,121.122633498177,121.122633498177,0.154616380403405,200190,119.734856885958,119.734856885958,0.114375583916713
88,13,245008,119.076083229935,119.076083229935,0.106138918632578,245008,120.383048716777,120.383048716777,0.140642888783426
88,14,185741,122.429533597859,122.429533597859,0.248096013741314,185741,119.392880408741,119.392880408741,0.109601102894013
88,15,161823,120.987962156183,120.987962156183,0.17994853844187,161823,144.424414329236,149.494001700457,0.42673038210133
88,16,175500,124.815897435897,122.052717861559,0.672920615194336,175500,120.067458689459,120.067458689459,0.130612521699155
88,17,176888,119.334669395324,119.334669395324,0.171766042611322,176888,149.873801501515,156.703711717766,0.446673016246878
88,18,192446,118.877056421022,118.877056421022,0.101049977115475,192446,119.886425282937,119.886425282937,0.103204666117831
88,19,180677,119.092053775522,119.092053775522,0.123207921153367,180677,124.753908909269,124.753908909269,0.257377145003128
88,20,197723,119.674529518569,119.674529518569,0.236964870799169,197723,133.586826014171,133.586826014171,0.371011258956103
88,21,179782,120.695119644903,120.695119644903,0.210332398039523,179782,120.492668899,120.492668899,0.157756024082825
88,22,207515,119.522853769607,119.522853769607,0.116036391468019,207515,121.425819820254,121.425819820254,0.169650253325978
88,23,104761,118.311069959241,118.311069959241,0.0735823027816991,104761,119.504452993003,119.504452993003,0.184168404640832
88,24,174928,119.867728436843,119.867728436843,0.149312281233342,174928,119.9449144791,119.9449144791,0.119620739015718
88,25,150208,118.159199243715,118.159199243715,0.0887843374135417,150208,119.162121857691,119.162121857691,0.136929047010072
88,26,183018,118.376968385623,118.376968385623,0.157091342010484,183018,119.814958091554,119.814958091554,0.129793267774899
88,27,171806,147.530505337415,163.163298396794,0.662921509867325,171806,156.284052943436,165.850377406596,0.479089304462085
88,28,188830,119.318127416194,119.318127416194,0.09512215138261,188830,119.829910501509,119.829910501509,0.14153897723897
88,29,110528,118.772754415171,118.772754415171,0.139991947476137,110528,121.031602851766,121.031602851766,0.171643678715728
88,30,144875,118.723547886109,118.723547886109,0.146644737844469,144875,119.738781708369,119.738781708369,0.127950416011047
88,31,209821,125.137822238956,120.291686446638,0.641237599220078,209821,145.630775756478,150.485463471359,0.433213795145797
88,32,98537,119.596314074916,119.596314074916,0.182663547205765,98537,121.110699534185,121.110699534185,0.130136735468652
88,33,169128,124.32070975829,124.32070975829,0.346743400867046,169128,140.252459675512,143.12941542224,0.404883576954246
92,1,217589,123.548446842441,123.548446842441,0.340282809078197,217589,119.591725684662,119.591725684662,0.114952378185866
92,2,214028,118.89331769675,118.89331769675,0.100631169046349,214028,120.157460706076,120.157460706076,0.144507648422569
92,3,179883,119.290811249534,119.290811249534,0.196904952511966,179883,146.562854744473,151.001275086072,0.415131007389677
92,4,217833,118.144991805649,118.144991805649,0.0937130523290968,217833,119.793470227192,119.793470227192,0.131865384447594
92,5,246161,119.320144133311,119.320144133311,0.114808121042004,246161,120.577650399535,120.577650399535,0.107669290366379
92,6,150031,118.340689590818,118.340689590818,0.093091681381623,150031,120.081596470063,120.081596470063,0.145325495046312
92,7,200742,120.671080292116,120.118183756224,0.419430595460993,200742,169.930094349962,180.043913839915,0.445518740818449
92,8,147315,118.270067542341,118.270067542341,0.106479508082737,147315,120.060292570342,120.060292570342,0.119498236163571
92,9,150061,118.928815614983,118.928815614983,0.136959089657993,150061,120.185611184785,120.185611184785,0.105010633338901
92,10,248282,121.673782231495,121.673782231495,0.26952390022519,248282,120.435335626425,120.435335626425,0.154945897986372
92,11,231236,118.722262104517,118.722262104517,0.145231343357441,231236,120.04320261551,120.04320261551,0.104416092136683
92,12,202802,118.173760613801,118.173760613801,0.122175697467007,202802,120.445306259307,120.445306259307,0.134600589350869
92,13,200169,124.798150562774,122.349282958967,0.516305237327006,200169,143.925657819143,149.818489260536,0.448715681717475
92,14,187923,122.851119873565,122.851119873565,0.33362113706821,187923,119.347152823231,119.347152823231,0.101870444277005
92,15,205230,119.291604541246,119.291604541246,0.147386604150752,205230,120.067772742776,120.067772742776,0.134628069163273
92,16,209254,119.489562923528,119.489562923528,0.0894876283908693,209254,121.059191222151,121.059191222151,0.13921690733224
92,17,187628,119.263175005863,119.263175005863,0.207665294550088,187628,159.532484490588,170.065238925178,0.466423357369302
92,18,209090,121.816332679707,121.816332679707,0.31626543652904,209090,120.135262327228,120.135262327228,0.141432023218198
92,19,163248,118.271305008331,118.271305008331,0.0918812177338237,163248,119.463013329413,119.463013329413,0.136675726766412
92,20,187126,119.878525699261,119.878525699261,0.156419821947913,187126,120.43523080705,120.43523080705,0.151574492223236
92,21,137010,134.130873658857,123.326210678014,0.782712975393809,137010,129.826333844245,129.826333844245,0.270779844953689
92,22,200661,119.706086384499,119.706086384499,0.129054882730571,200661,119.947842380931,119.947842380931,0.13294054521599
92,23,210775,119.296121456529,119.296121456529,0.116851558454285,210775,120.597362116,120.597362116,0.153680764447473
92,24,194481,134.191365737527,127.456553968228,0.634463961753629,194481,141.564281343679,141.564281343679,0.390857319314837
92,25,188107,119.992259724518,119.992259724518,0.128707995746425,188107,120.035336271377,120.035336271377,0.126122809355108
92,26,226695,125.145349478374,122.582908106031,0.62217387842001,226695,119.543170339002,119.543170339002,0.137244636908576
92,27,118660,118.671473116467,118.671473116467,0.11191722281741,118660,123.668439238159,123.668439238159,0.223304330868173
92,28,162520,156.780119369924,171.916292164402,0.60645021520282,162520,165.224716957913,175.306566957117,0.445744942707796
92,29,217639,119.593115204536,119.593115204536,0.142755135264276,217639,126.330524400498,126.330524400498,0.318910399344057
92,30,216416,132.090700317906,132.090700317906,0.708129014782858,216416,149.46895793287,154.674649204561,0.430822336238659
92,31,180653,118.696783336009,118.696783336009,0.0740376759051049,180653,120.545559719462,120.545559719462,0.124031578048792
92,32,142670,118.110878250508,118.110878250508,0.164557359291513,142670,119.670217985561,119.670217985561,0.149640619522165
92,33,165488,119.572972058397,119.572972058397,0.162924297455708,165488,125.709646620903,125.709646620903,0.257893438548658
96,1,202731,118.991895664699,118.991895664699,0.171816834993392,202731,166.810803478501,179.669869063548,0.468440342961334
96,2,212095,119.510002593178,118.783977335706,0.439428208129027,212095,150.574021075461,158.779143918185,0.47496426402218
96,3,206305,121.353835340879,121.353835340879,0.277053095758767,206305,119.837696614236,119.837696614236,0.131538632851025
96,4,206177,121.862239726061,121.862239726061,0.371849993293772,206177,181.147533430014,181.147533430014,0.469005790292095
96,5,228122,118.051643418872,118.051643418872,0.106629888751334,228122,120.113693549943,120.113693549943,0.163327614414074
96,6,207423,119.893975113657,119.893975113657,0.13638227116075,207423,120.479753932785,120.479753932785,0.131927111232532
96,7,210494,118.19835719783,118.19835719783,0.111935295403955,210494,123.203236196756,120.484301491835,0.59043771707631
96,9,226582,118.943561271416,118.943561271416,0.113018423038417,226582,120.392727577654,120.392727577654,0.115007655757894
96,10,152848,118.087236993615,118.087236993615,0.143051450503435,152848,119.914293939077,119.914293939077,0.186199867277527
96,11,127518,119.139964554024,119.139964554024,0.156251929162375,127518,130.642513213821,130.642513213821,0.378458191305253
96,12,222890,122.427152407017,122.427152407017,0.388964986943056,222890,120.600471084391,120.600471084391,0.0868289834594465
96,13,154036,118.293846892934,118.293846892934,0.0879008556639733,154036,120.442390090628,120.442390090628,0.161589554930414
96,14,211263,122.327269801148,120.620560663009,0.486572523261272,211263,119.614082920341,119.614082920341,0.14292696937251
96,16,220553,119.318000661972,119.318000661972,0.171460172434329,220553,120.218523438811,120.218523438811,0.145249676717794
96,17,213697,119.747268328521,119.747268328521,0.179559923682792,213697,130.220311936995,130.220311936995,0.371163058149646
96,18,162130,119.649460309628,119.649460309628,0.158684407553047,162130,120.851304508728,120.851304508728,0.15528121145917
96,19,207054,134.777763288804,128.188452740267,0.680810904727703,207054,143.769736397268,143.769736397268,0.380855164081439
96,20,106180,118.471312864946,118.471312864946,0.117518573918509,106180,122.586871350537,122.586871350537,0.335617371284268
96,21,218784,119.752294500512,119.752294500512,0.115715281150322,218784,120.794143995905,120.794143995905,0.163026609770625
96,22,160093,118.857414128038,118.857414128038,0.164397403683118,160093,119.923663120811,119.923663120811,0.17768804407566
96,23,212400,119.102961393597,119.102961393597,0.116605405045399,212400,120.854420903955,120.854420903955,0.155636642470085
96,24,116845,133.561658607557,122.974258032678,0.77094856664901,116845,139.404741323976,139.404741323976,0.371394524941232
96,25,167769,119.813177643069,119.813177643069,0.147802253806097,167769,127.66389499848,127.66389499848,0.381043752704278
96,26,168636,118.614922080695,118.614922080695,0.105602820573336,168636,120.351075689651,120.351075689651,0.136659306638655
96,27,135155,119.662727978987,119.662727978987,0.0962042820295682,135155,121.135629462469,121.135629462469,0.134452973232635
96,28,99550,118.839427423405,118.839427423405,0.0988969580496473,99550,120.236243093923,120.236243093923,0.115977967500567
96,29,215988,124.652781636017,124.652781636017,0.54632273500843,215988,119.288446580366,119.288446580366,0.117349903325092
96,30,91137,119.059832998672,119.059832998672,0.146935257383211,91137,121.041618662014,121.041618662014,0.13191191673301
96,31,88216,119.655584021039,119.655584021039,0.143385267262758,88216,121.966638704997,121.966638704997,0.215217490895361
96,32,77669,127.434999806873,126.180609086147,0.453173479367018,77669,140.250061156961,140.250061156961,0.373146854853316
96,33,172191,157.892659895116,180.544252286426,0.701363939635465,172191,160.226881776632,165.998659339615,0.442370601519168
96,34,70516,119.068622723921,119.068622723921,0.137689896325593,70516,135.637231266663,135.637231266663,0.32885417395355
96,168,76114,120.720327403631,120.720327403631,0.149198044466053,76114,122.102556691279,122.102556691279,0.217581861810261
96,169,139672,128.335650667278,122.069317167105,0.580401323972435,139672,150.409538060599,150.409538060599,0.381867683491407
96,170,86813,119.274613249168,119.274613249168,0.110415928882948,86813,120.385598931036,120.385598931036,0.128747286745883
96,171,133553,119.885438739676,119.885438739676,0.0900030183596951,133553,120.215794478597,120.215794478597,0.136276709253965
100,1,220362,118.354956843739,118.354956843739,0.105212845687745,220362,124.493329158385,120.742868565334,0.683600854496503
100,2,224126,119.310053273605,119.310053273605,0.312251790187739,224126,154.707677824081,163.161437851096,0.444459551825744
100,3,178486,118.503445648398,118.503445648398,0.151766738201327,178486,119.804018242327,119.804018242327,0.125346569812956
100,4,186367,119.079128815724,119.079128815724,0.0905263536013609,186367,121.643118148599,121.643118148599,0.133660860970575
100,5,92313,122.108511260603,120.38391906743,0.415046887068041,92313,176.508314105272,183.987688675339,0.405896952408013
100,6,217844,122.23510401939,120.654184448623,0.513290131485156,217844,119.735714548025,119.735714548025,0.0910380811204849
100,7,224502,119.798429412656,119.798429412656,0.124954499836138,224502,120.417497394233,120.417497394233,0.109943551770579
100,8,149460,118.185608189482,118.185608189482,0.0956371586012052,149460,120.512096882109,120.512096882109,0.123536496677684
100,9,157269,119.978463651451,119.978463651451,0.284744484697967,157269,120.709408720091,120.709408720091,0.195205861416388
100,10,235092,120.867460398482,120.867460398482,0.355713548927342,235092,133.108340564545,136.737259996484,0.401278562618614
100,11,140610,144.483223099353,126.579154024527,0.730115724782398,140610,145.434421449399,145.434421449399,0.381632981316527
100,12,199338,119.98734310568,119.98734310568,0.252924797752752,199338,139.79369212092,139.79369212092,0.399268518429522
100,13,138141,119.079788042652,119.079788042652,0.0899195652696941,138141,143.967786536944,148.386731236912,0.429419300524161
100,14,164319,118.020861860162,118.020861860162,0.101999736250391,164319,120.202910192978,120.202910192978,0.146775031999799
100,15,123703,117.916388446521,117.916388446521,0.143123702089362,123703,121.052529041333,121.052529041333,0.1460465172095
100,16,208391,120.747052415891,120.747052415891,0.151930612652361,208391,120.064052670221,120.064052670221,0.0991645284720193
100,17,158172,119.751365602003,119.751365602003,0.15235022200246,158172,120.739612573654,120.739612573654,0.108080119424279
100,18,107973,119.032971205764,119.032971205764,0.096844048724849,107973,121.063423263223,121.063423263223,0.123363852558939
100,19,188268,137.133543671787,141.96057844463,0.44159504569588,188268,156.007553062655,163.069512535572,0.434986853335427
100,20,321203,118.381624704626,118.381624704626,0.0597941972326491,321203,119.626697135456,119.626697135456,0.0656361988201495
100,21,207362,145.866349668695,139.411697319999,0.521098912802168,207362,151.687204020023,151.687204020023,0.38879743431212
100,22,220164,119.193283188896,119.193283188896,0.282258983144258,220164,168.299472211624,177.371246076446,0.453254931032617
100,23,109672,118.629276387774,118.629276387774,0.104427174487591,109672,120.350071121161,120.350071121161,0.0856495807030467
100,24,104634,118.914492421202,118.914492421202,0.13395196523843,104634,121.925808054743,121.925808054743,0.143920188127793
100,25,113204,120.626788806049,120.626788806049,0.162601323045825,113204,121.842532066005,121.842532066005,0.177686573697819
100,26,204163,119.605339851001,119.605339851001,0.193828412990079,204163,120.344352306735,120.344352306735,0.090487197786225
100,27,158589,131.039700105304,123.688647507253,0.744534294707707,158589,149.90148118722,157.702720872918,0.448408273201725
100,28,135921,120.062543683463,120.062543683463,0.156988385276933,135921,121.221312379985,121.221312379985,0.140698975237332
100,29,93579,120.874213231601,120.874213231601,0.383316937599688,93579,148.770247598286,154.719646349243,0.42927485214836
100,30,184249,118.692340256935,118.692340256935,0.115814042200015,184249,120.237341858029,120.237341858029,0.10249082653623
100,31,62786,119.632131366865,119.632131366865,0.142676100394612,62786,121.613544420731,121.613544420731,0.0660971998373644
100,32,109782,119.676249294055,119.676249294055,0.124639403254827,109782,121.862618644222,121.862618644222,0.127165284903643
100,33,121302,120.360711282584,120.360711282584,0.160807438834199,121302,120.774859441724,120.774859441724,0.15371004239217
100,34,142484,143.110419415513,143.110419415513,0.356287776674273,142484,149.966866455181,149.966866455181,0.344225505157406
100,35,215259,118.835746705132,118.835746705132,0.0898619737907525,215259,120.354558926688,120.354558926688,0.0825725461056289
100,36,95963,120.92232422913,120.92232422913,0.166323161572915,95963,123.060565009431,123.060565009431,0.222080101626312
100,37,89337,126.773945845506,121.215254816736,0.760546332923849,89337,122.016073967113,122.016073967113,0.0899839451206463
100,38,96539,119.713514745336,119.713514745336,0.113686908686366,96539,120.790416308435,120.790416308435,0.123737920472028
100,39,86501,118.172171419984,118.172171419984,0.0992783147756081,86501,121.769898613889,121.769898613889,0.210511822516555
104,1,223823,119.229726167552,119.229726167552,0.11818451624809,223823,121.822909173767,121.822909173767,0.158417631750996
104,2,111240,121.03503236246,119.443735418573,0.436787886409288,111240,155.471574973031,155.471574973031,0.327516926233841
104,3,327392,118.405828486951,118.405828486951,0.0721237461057374,327392,119.961208581761,119.961208581761,0.105556907723241
104,4,160872,123.362716942662,123.362716942662,0.307462885840723,160872,159.068246804913,159.068246804913,0.355334361145441
104,5,129456,118.702609380793,118.702609380793,0.0680736125444877,129456,121.599199728093,121.599199728093,0.144548381410995
104,6,176040,118.85798114065,118.85798114065,0.0977213328811986,176040,122.240678254942,122.240678254942,0.176589537036289
104,7,143199,119.640919280163,119.640919280163,0.142350010478498,143199,120.622895411281,120.622895411281,0.138144425868122
104,8,197008,137.520598148299,128.608443453315,0.602351502343603,197008,167.682591569885,183.507791086635,0.462990955353436
104,9,205327,119.392232877313,119.392232877313,0.105806991006828,205327,120.058360566316,120.058360566316,0.0604587210743681
104,10,118499,117.870429286323,117.870429286323,0.159466407284783,118499,120.901881028532,120.901881028532,0.133216155804375
104,11,274080,118.487186223001,118.487186223001,0.101175898061031,274080,125.697456946877,121.160915695607,0.716830781530142
104,12,176304,119.440216898085,119.440216898085,0.119215938344843,176304,120.233477402668,120.233477402668,0.114020558507777
104,13,170250,118.052182085169,118.052182085169,0.133114686754732,170250,120.233820851689,120.233820851689,0.0743709107693456
104,14,216907,131.818595066088,135.919001839246,0.432455161505145,216907,161.83338481469,171.719500128264,0.430447413095372
104,15,221535,120.027670571242,120.027670571242,0.171195268550977,221535,145.492685128761,150.641614814391,0.429492587826857
104,16,117351,119.610510349294,119.610510349294,0.111000401634025,117351,120.496382646931,120.496382646931,0.0887411334979658
104,17,215301,121.187249478637,119.47676524753,0.429193636584117,215301,138.434860962095,142.786729827947,0.429865627841248
104,18,137048,150.006749460043,146.047377693514,0.48123227108614,137048,162.152676434534,173.288849709802,0.435867366420647
104,19,214879,119.938500272246,119.938500272246,0.214034208787087,214879,119.203709994927,119.203709994927,0.0823613572805866
104,20,161838,119.653573326413,119.653573326413,0.154686433927591,161838,120.840513352859,120.840513352859,0.157377937732667
104,21,118863,118.536752395615,118.536752395615,0.124432717380641,118863,121.369501022185,121.369501022185,0.120601413960997
104,22,160873,118.119075295419,118.119075295419,0.1279067301841,160873,120.787876150752,120.787876150752,0.111096917301583
104,23,125745,118.378090580142,118.378090580142,0.109862633887152,125745,174.751632271661,192.038533749814,0.475684315529618
104,24,116700,121.598551842331,121.598551842331,0.330834510156023,116700,125.345861182519,122.983796993124,0.600540697106953
104,25,110913,118.910849043845,118.910849043845,0.168900480004004,110913,119.808949356703,119.808949356703,0.129546934560248
104,26,109753,121.410968265104,121.410968265104,0.362934218192943,109753,121.591300465591,121.591300465591,0.141261032508361
104,27,238575,120.991742638583,119.631888713264,0.613114672648231,238575,119.706293618359,119.706293618359,0.102453764438574
104,28,129354,122.245983889172,120.232797094701,0.437728357409666,129354,120.797045317501,120.797045317501,0.10420189689057
104,29,91861,119.757122173719,119.757122173719,0.167573103098963,91861,120.894699600483,120.894699600483,0.121017527219987
104,30,119477,118.070649581091,118.070649581091,0.159301424953019,119477,123.287009215163,121.467471213647,0.548316256517517
104,31,209537,121.8978509762,120.913114609078,0.50555457974488,209537,119.792284894792,119.792284894792,0.101805669741698
104,32,92541,131.75285549108,122.745339277466,0.775275881608064,92541,160.475529765185,168.296679520567,0.424804587835531
104,33,127276,119.294784562683,119.294784562683,0.121869435301755,127276,120.246102957353,120.246102957353,0.0978637929894812
104,34,119809,119.504853558581,119.504853558581,0.115906318879461,119809,120.676902402991,120.676902402991,0.119555530318776
104,35,104805,121.388740995182,121.388740995182,0.290292960858714,104805,122.299632651114,122.299632651114,0.187827628278267
104,36,108376,118.853057872592,118.853057872592,0.137454566210065,108376,120.324149258138,120.324149258138,0.100778820671744
104,37,111638,126.622682240814,129.789501827494,0.48796074305911,111638,150.449954316631,150.449954316631,0.445781207724198
104,38,191258,118.769907663993,118.769907663993,0.0909182244055837,191258,120.689639126206,120.689639126206,0.125171634205918
104,39,91842,118.239999128939,118.239999128939,0.122721276805325,91842,163.553842468587,163.553842468587,0.453014283756862
104,40,101503,118.096657241658,118.096657241658,0.100026882148168,101503,120.870299400018,120.870299400018,0.112556880913316
104,41,109556,118.907070356713,118.907070356713,0.147546682532863,109556,150.582679177772,156.350239581193,0.42002451084927
104,42,90873,120.44648025266,120.44648025266,0.206179238733446,90873,167.788848172725,177.218433432715,0.44394456522524
104,43,100496,120.051982168445,120.051982168445,0.159716084074645,100496,205.504089715014,221.716761330989,0.465335569962113
104,44,83926,118.235898291352,118.235898291352,0.104168639663379,83926,120.854490860997,120.854490860997,0.115157213775029
104,45,103488,121.960555813234,121.960555813234,0.188628297763592,103488,121.53107606679,121.53107606679,0.167927114653133
104,46,91787,125.888415570832,121.421407679998,0.73049602500334,91787,123.763866342728,123.763866342728,0.329594599773149
104,47,64521,190.557430913966,209.075216196131,0.550582118444211,64521,167.50811363742,159.023983904978,0.407496132042033
108,1,139977,118.729541281782,118.729541281782,0.124142445660842,139977,121.103045500332,121.103045500332,0.135335576381582
108,2,244242,119.299240097936,119.299240097936,0.074367510408568,244242,120.06166015673,120.06166015673,0.0791193721959404
108,3,133153,125.493875466569,122.056068914233,0.495757156977781,133153,141.190112126651,141.190112126651,0.346818418776761
108,4,205109,118.789775192702,118.789775192702,0.153490952212803,205109,119.952854335987,119.952854335987,0.109656590592798
108,5,231324,119.985647835936,119.985647835936,0.138656194697093,231324,119.981917137867,119.981917137867,0.0707661841606487
108,6,226493,119.21887652157,119.21887652157,0.160280528977248,226493,122.626615392087,122.626615392087,0.152433575653721
108,7,138577,118.530535370227,118.530535370227,0.149705316823452,138577,179.978474061352,193.53875043063,0.445924374409023
108,8,151620,119.924264608891,119.924264608891,0.151857779394899,151620,120.716996438465,120.716996438465,0.122757989984552
108,9,116618,127.325910236842,121.535529758513,0.694495270533589,116618,156.184079644652,164.732181196529,0.419588865595367
108,10,146778,138.889002439058,126.378509722841,0.753052249077571,146778,167.571761435637,175.070642109483,0.413030234599949
108,11,125524,127.250422230012,120.964971404117,0.7585867854272,125524,124.863548006756,122.80227599929,0.501605985177759
108,12,142513,122.560945317269,119.786733347025,0.70485147911649,142513,121.243907573344,121.243907573344,0.144522621602402
108,13,113258,118.941637676809,118.941637676809,0.123735451973806,113258,120.996097405923,120.996097405923,0.0922232539195073
108,14,119607,118.120569866312,118.120569866312,0.0907853447708987,119607,122.339118947888,122.339118947888,0.184926469433888
108,15,108873,123.470098187797,123.470098187797,0.295857142180354,108873,121.009800409652,121.009800409652,0.111736980783472
108,16,153193,121.038017402884,119.579828341793,0.555644859037497,153193,169.48878212451,176.510156503827,0.426404113855355
108,17,125949,119.00563720236,119.00563720236,0.151675512502905,125949,150.653748739569,155.860485966763,0.411333369443737
108,18,104616,129.511269786648,129.511269786648,0.364314517948827,104616,164.124913971094,164.124913971094,0.390130311867112
108,19,63890,130.064751917358,130.064751917358,0.408604425439356,63890,183.780654249491,183.780654249491,0.407325244097881
108,20,123149,117.987259336251,117.987259336251,0.113056570075969,123149,121.285572761452,121.285572761452,0.136725886261024
108,21,108536,119.943861944424,119.943861944424,0.144959675246826,108536,119.669418441807,119.669418441807,0.0953039918802175
108,22,138717,119.619462646972,119.619462646972,0.121711983356893,138717,120.337543343642,120.337543343642,0.100106930411914
108,23,56191,119.441689950348,119.441689950348,0.141815096420684,56191,122.59676816572,122.59676816572,0.159595591155846
108,24,154277,120.078417392093,120.078417392093,0.11842824053007,154277,121.363547385547,121.363547385547,0.270052830472721
108,25,112979,118.089653829473,118.089653829473,0.149561257366812,112979,119.495932872481,119.495932872481,0.152976916446246
108,26,112955,118.72369527688,118.72369527688,0.0997058224337512,112955,179.45874905936,196.382761472465,0.472287007201002
108,27,111111,119.282528282528,119.282528282528,0.12912150322256,111111,204.532557532558,218.335146371096,0.433198672618161
108,28,107144,119.741600089599,119.741600089599,0.166201415125203,107144,119.941452624505,119.941452624505,0.17237414661024
108,29,108767,118.025099524672,118.025099524672,0.10666167752363,108767,120.742651723409,120.742651723409,0.177274336207595
108,30,127649,120.610510070584,120.610510070584,0.248033276806364,127649,120.353571120808,120.353571120808,0.106788992228263
108,31,185513,117.988006231369,117.988006231369,0.106266824209436,185513,121.603585732536,121.603585732536,0.347063260803306
108,32,111746,118.767732178333,118.767732178333,0.0961831190711457,111746,119.182798489431,119.182798489431,0.117671919823681
108,33,137766,120.022291421686,120.022291421686,0.266873322101169,137766,128.205761944166,123.948417673451,0.707990182443832
108,34,144015,119.292525084193,119.292525084193,0.0963053951818951,144015,121.330410026733,121.330410026733,0.149115884961378
108,35,129450,124.061877172654,121.311899103713,0.666090444478907,129450,173.113904982619,185.964901275213,0.464506036213827
108,36,131333,118.862387975604,118.862387975604,0.106296954370446,131333,122.766836971667,121.441962658736,0.456915587609415
108,37,104709,118.365164408026,118.365164408026,0.109094558806779,104709,176.51210497665,185.206763901919,0.419284071831922
108,38,178953,118.263812285907,118.263812285907,0.103307211607173,178953,122.186417662738,122.186417662738,0.272755288679131
108,39,102682,118.804590872792,118.804590872792,0.120409754581833,102682,120.190247560429,120.190247560429,0.181848104174997
108,40,141155,118.139945450037,118.139945450037,0.108980642964505,141155,124.034366476568,121.247783308388,0.489470429331285
108,41,102295,117.948169509751,117.948169509751,0.105054372704253,102295,121.455193313456,121.455193313456,0.173842630602208
108,42,86174,119.562176526563,119.562176526563,0.154396034556606,86174,120.610160837376,120.610160837376,0.114560935444802
108,43,133602,118.773356686277,118.773356686277,0.11668460592098,133602,120.253611472882,120.253611472882,0.103132244159782
108,44,135752,119.360156756438,119.360156756438,0.12868450181696,135752,120.617309505569,120.617309505569,0.155704195701779
108,45,124069,119.701117926315,119.701117926315,0.224377836567495,124069,120.608169647535,120.608169647535,0.10474578011956
108,46,57949,187.467497282093,216.744951939974,0.578818808308627,57949,173.316536954909,173.316536954909,0.383132223333077
108,47,105258,127.694759543218,121.112695197761,0.762192982295475,105258,177.615183643999,185.732706731932,0.438543329018894
108,48,138030,118.344548286604,118.344548286604,0.0996010044637566,138030,120.986879663841,120.986879663841,0.210488380407558
108,49,48291,118.584539562237,118.584539562237,0.0797207088251004,48291,122.595514692179,122.595514692179,0.163494260432431
108,50,101562,119.707882869577,119.707882869577,0.196897373061556,101562,143.213613359327,143.213613359327,0.406878196363976
108,51,113284,123.117156880054,123.117156880054,0.466699353123743,113284,123.026164330356,123.026164330356,0.265941645699382
108,52,67020,132.901999403163,124.192418774829,0.826093414567482,67020,174.786078782453,183.982620804277,0.428836750490512
108,53,86427,119.263748597082,119.263748597082,0.158137108628394,86427,119.788804424543,119.788804424543,0.13398181555494
108,54,83429,118.46642054921,118.46642054921,0.106958475616072,83429,154.073044145321,160.441055172496,0.4408103364198
108,55,58176,124.13488380088,124.13488380088,0.342065394611174,58176,132.700856023102,132.700856023102,0.317091704891025
112,1,211001,118.26530206018,118.26530206018,0.136025413002792,211001,124.836972336624,121.694776179802,0.70623344227596
112,2,163570,119.615876994559,119.615876994559,0.218775203080575,163570,121.050198691692,121.050198691692,0.102930272465135
112,3,144980,119.277031314664,119.277031314664,0.0878355008144015,144980,119.559870326942,119.559870326942,0.087739317920311
112,4,224510,118.993844372188,118.993844372188,0.149225471616125,224510,119.935303549953,119.935303549953,0.101572367240026
112,5,242031,118.880738417806,118.880738417806,0.0811610760476549,242031,119.91594878342,119.91594878342,0.0936297219474479
112,6,92397,152.774429905733,136.791173571077,0.621117242354055,92397,155.885256014806,155.885256014806,0.371181680802486
112,7,123159,126.903035912926,130.985404342952,0.479110756405357,123159,172.050105960588,178.809515035896,0.410768592241584
112,8,118490,121.948552620474,119.710216174007,0.542454711685877,118490,162.918777955946,173.191978799216,0.40882665348625
112,9,134036,119.060528514727,119.060528514727,0.168668490862251,134036,162.44433585007,162.44433585007,0.42566916373279
112,10,123672,118.107841710331,118.107841710331,0.0888145989751215,123672,122.909017400867,122.909017400867,0.280281121995864
112,11,150245,120.909341409032,120.909341409032,0.175282054272568,150245,121.865912343173,121.053224052849,0.476073048011693
112,12,135161,119.334497377202,119.334497377202,0.151006699952167,135161,124.204141727273,123.008989587885,0.527768014630193
112,13,133658,119.467147495848,119.467147495848,0.139918241627426,133658,121.200721243771,121.200721243771,0.195680449252022
112,14,116173,120.606698630491,120.606698630491,0.25835712867937,116173,144.282277293347,144.282277293347,0.460538887768743
112,15,193647,118.211250367938,118.211250367938,0.0733523815651238,193647,133.191694165156,122.093261867203,0.810878226630793
112,16,142439,119.491368234823,119.491368234823,0.172958261414132,142439,190.51906430121,208.918993106969,0.47277675327327
112,17,142365,120.118252379447,120.118252379447,0.143227207118704,142365,120.068254135497,120.068254135497,0.166517446056895
112,18,138997,118.726361000597,118.726361000597,0.0913478761871258,138997,120.315920487493,120.315920487493,0.142805774352932
112,19,137318,118.978349524461,118.978349524461,0.0960540637160642,137318,119.516443583507,119.516443583507,0.123186031529993
112,20,131424,119.33447467738,119.33447467738,0.128691164907281,131424,156.232164597029,156.232164597029,0.419222201886696
112,21,137316,119.220396749104,119.220396749104,0.105906016970745,137316,120.465138803927,120.465138803927,0.151881960583492
112,22,125317,122.491928469402,120.182597904444,0.711083595205404,125317,122.668305178068,122.668305178068,0.32099553727492
112,23,125879,125.871837240525,120.732539675646,0.767692044492561,125879,163.08632893493,172.511002591353,0.421639207259635
112,24,122870,119.325775209571,119.325775209571,0.0839636202329712,122870,121.108179376577,121.108179376577,0.0695701168678164
112,25,94785,139.869789523659,128.421891892358,0.66428320649132,94785,160.20568655378,168.114538945696,0.406974734164278
112,26,106817,120.025651347632,120.025651347632,0.198476701876229,106817,161.414493947593,171.576278885867,0.475467694973573
112,27,250171,120.973809914019,120.973809914019,0.137198085020762,250171,120.039808770801,120.039808770801,0.085574520732092
112,28,113621,118.55836509096,118.55836509096,0.124629403553886,113621,120.70518654122,120.70518654122,0.145747016309382
112,29,138565,120.439454407679,120.439454407679,0.152833388960714,138565,120.761822971169,120.761822971169,0.0824692609514902
112,30,135125,120.237024976873,120.237024976873,0.159505271382438,135125,120.908440333025,120.908440333025,0.130437737247278
112,31,150019,119.828175097821,119.828175097821,0.14318985769494,150019,120.253694532026,120.253694532026,0.165058192689792
112,32,99388,118.521974483841,118.521974483841,0.0915452145776268,99388,120.318529399928,120.318529399928,0.133458575328047
112,33,94779,118.940989037656,118.940989037656,0.208407431201392,94779,179.299992614398,179.299992614398,0.442965809740214
112,34,101163,147.684103871969,131.80383399607,0.691062161222394,101163,196.657977719127,196.657977719127,0.442455155423788
112,35,141860,118.422071055971,118.422071055971,0.10958915107213,141860,120.455237558156,120.455237558156,0.194422291335316
112,36,128315,117.987959318864,117.987959318864,0.112240187911707,128315,121.760308615517,121.760308615517,0.203558370190076
112,37,129968,123.331196910009,121.302004133191,0.577243887534323,129968,186.567608949895,202.926644229533,0.494850643210119
112,38,118619,117.924337585041,117.924337585041,0.116536026168965,118619,119.489263945911,119.489263945911,0.124807513366173
112,39,202696,118.359548289063,118.359548289063,0.115967279698722,202696,122.500759758456,120.872148770058,0.460525390196464
112,41,144557,118.821682796406,118.821682796406,0.131378548790675,144557,119.077208298457,119.077208298457,0.124237033908762
112,42,85336,118.903663166776,118.903663166776,0.134637047092342,85336,122.996004031124,122.996004031124,0.216584376876256
112,43,145216,119.009399790657,119.009399790657,0.0826323740066969,145216,124.625420063905,121.98198569162,0.640757817030454
112,44,103705,118.653276119763,118.653276119763,0.17729163506141,103705,160.745653536474,173.43800917656,0.508670587233942
112,45,109322,117.876072519712,117.876072519712,0.126682886269394,109322,121.256865040888,121.256865040888,0.126544779100873
112,46,139221,118.741834924329,118.741834924329,0.116782284975552,139221,120.176769309228,120.176769309228,0.150964097715218
112,47,120469,118.964447285194,118.964447285194,0.143792709527957,120469,119.981530518225,119.981530518225,0.126230427047401
112,48,94610,126.80402705845,123.375898084907,0.714880831543461,94610,184.876482401437,164.941546416752,0.466253946566008
112,49,142380,122.624378423936,122.624378423936,0.521739300322053,142380,122.991276864728,122.991276864728,0.356486261507258
112,50,134876,118.795486224384,118.795486224384,0.081763458294438,134876,121.38322607432,121.38322607432,0.19382748449462
112,51,97650,119.002580645161,119.002580645161,0.105442520165756,97650,120.691674347158,120.691674347158,0.196526103659994
112,52,72055,121.497786413157,121.497786413157,0.356399902733282,72055,123.643022691,123.643022691,0.327571341352511
112,53,135774,118.384521336928,118.384521336928,0.120452774689639,135774,119.346973647385,119.346973647385,0.182352471549158
112,54,120940,121.618810980652,121.618810980652,0.270937217770121,120940,120.185042169671,120.185042169671,0.133786798408499
112,55,106353,121.016699105808,119.256543013626,0.596032321126656,106353,181.449418446118,181.449418446118,0.436865297789774
112,56,116269,118.787518599111,118.787518599111,0.0694207610681401,116269,172.64422158959,172.64422158959,0.457224650366175
112,57,122990,118.157069680462,118.157069680462,0.13938924723779,122990,120.364696316774,120.364696316774,0.2377572777364
112,58,90122,118.820554359646,118.820554359646,0.123265790234549,90122,179.658873526997,189.782810790527,0.432062472494527
112,190,82336,144.2209118733,135.858538004678,0.654273413363761,82336,174.265728235523,174.265728235523,0.395285130496963
112,191,72009,120.998458526018,120.998458526018,0.252879450108501,72009,169.847060784069,169.847060784069,0.327717549554963
116,1,277161,118.91874037112,118.91874037112,0.104243043012677,277161,119.842672670397,119.842672670397,0.0969925603392463
116,2,138405,125.353347061161,129.629924990367,0.51324147845108,138405,126.702156713992,123.827523944744,0.460600295479335
116,3,151179,127.561103063256,121.252435366709,0.787512094331121,151179,123.19844025956,123.19844025956,0.324399875964464
116,4,169776,121.741158938837,119.630897738829,0.560220471623918,169776,160.653254877014,160.653254877014,0.421268223583452
116,5,145210,119.201315336409,119.201315336409,0.163265922599397,145210,129.975284071345,122.980592945127,0.767395344014233
116,6,120164,118.657235112014,118.657235112014,0.237423331087169,120164,164.082279218402,164.082279218402,0.519119498195481
116,7,135755,120.620603292696,119.170441923561,0.526785031732134,135755,178.341460719679,178.341460719679,0.445928243332524
116,8,159110,119.34234177613,119.34234177613,0.0888180543683356,159110,119.567582175853,119.567582175853,0.0825193254710381
116,9,139484,119.344233030312,119.344233030312,0.189523358319029,139484,121.161997074933,121.161997074933,0.190741292034218
116,10,192130,118.155738302191,118.155738302191,0.116235559729992,192130,121.899099568001,120.648311954842,0.45967914090892
116,11,114616,118.424539331332,118.424539331332,0.155223645153269,114616,121.14444754659,121.14444754659,0.148194076143008
116,12,136127,121.139443313964,121.139443313964,0.282953059941785,136127,187.570122018409,187.570122018409,0.483139184772918
116,14,150721,118.804685478467,118.804685478467,0.0955731248178162,150721,119.315045680429,119.315045680429,0.07768749209068
116,15,130468,119.273362050464,119.273362050464,0.116168085602268,130468,155.247892203452,146.737657558268,0.42813030242978
116,16,217055,118.864974315266,118.864974315266,0.199791209822968,217055,119.861537398355,119.861537398355,0.0909155742880918
116,17,153794,120.427669479954,120.427669479954,0.217922437671801,153794,120.330175429471,120.330175429471,0.132558165057791
116,18,120534,118.094869497403,118.094869497403,0.103865686573254,120534,121.976960857517,121.976960857517,0.166359520346167
116,19,109711,120.038984240413,120.038984240413,0.308725828261134,109711,175.663206059556,181.411093874732,0.422107254077605
116,20,130557,119.143661389278,119.143661389278,0.105745455202396,130557,120.124145009459,120.124145009459,0.229706784271678
116,21,272735,120.888166168625,120.888166168625,0.202500642052029,272735,120.397327075733,120.397327075733,0.0904072831628503
116,22,175893,119.611496762236,119.611496762236,0.217959267738397,175893,121.1266963438,121.1266963438,0.192884714028438
116,23,168935,119.845692130109,119.845692130109,0.162941719973446,168935,120.495782401515,120.495782401515,0.121781521674355
116,24,161281,118.672112648111,118.672112648111,0.09044048813977,161281,126.323770313924,122.548836442469,0.687350164665825
116,25,141071,120.446626166966,120.446626166966,0.192361419686357,141071,120.619950237824,120.619950237824,0.154801405089358
116,26,138709,119.108385180486,119.108385180486,0.116084494480203,138709,166.776474489759,166.776474489759,0.4247333729227
116,27,153856,119.324907705907,119.324907705907,0.123832753126682,153856,120.628132799501,120.628132799501,0.162087980119113
116,28,155017,120.107788178071,120.107788178071,0.149490367898561,155017,120.328157556913,120.328157556913,0.104944058083597
116,29,139366,117.914613320322,117.914613320322,0.180955968646227,139366,121.821527488771,121.821527488771,0.320206596413754
116,30,100710,118.538665475127,118.538665475127,0.14342814437158,100710,120.554632112005,120.554632112005,0.131143339609208
116,31,168072,119.774293160074,119.774293160074,0.11665085403846,168072,120.227200247513,120.227200247513,0.153142959329236
116,32,154161,118.526332859802,118.526332859802,0.102135049555446,154161,120.357159073955,120.357159073955,0.213311959228978
116,33,100852,167.505582437631,167.505582437631,0.647271987812035,100852,191.660224883988,181.977150685786,0.427285834230963
116,34,104729,119.054693542381,119.054693542381,0.067325081236917,104729,122.168873950864,122.168873950864,0.162039763019552
116,35,129769,119.464263421927,119.464263421927,0.0917289213569225,129769,120.871648852962,120.871648852962,0.126817183237054
116,36,150574,118.630215043766,118.630215043766,0.108027434036925,150574,120.408456971323,120.408456971323,0.184454565871028
116,37,115446,118.738501117406,118.738501117406,0.0760531778151623,115446,185.831834797221,185.831834797221,0.441688527934742
116,38,137276,141.315320959235,132.08653715085,0.650476688452188,137276,174.891335703255,182.361528151445,0.437881322857166
116,39,106999,124.835222759091,121.662015024961,0.667482592607334,106999,176.652903298162,176.652903298162,0.436417082123844
116,40,104425,119.523571941585,119.523571941585,0.121021323459413,104425,122.563227196553,122.563227196553,0.170846274895512
116,41,100538,138.585818297559,124.023817466896,0.752765355952584,100538,166.081421949909,174.562367999899,0.41310344870584
116,42,124997,123.987671704121,120.502107011447,0.622647497813152,124997,146.946078705889,138.964021954551,0.420262050966362
116,43,133970,117.883272374412,117.883272374412,0.0908793018094207,133970,119.929275210868,119.929275210868,0.104657017444617
116,44,147743,118.285732657385,118.285732657385,0.125535823076801,147743,119.498859506034,119.498859506034,0.14094555248657
116,45,111889,119.153089222354,119.153089222354,0.1263117359582,111889,120.880649572344,120.880649572344,0.174714395027088
116,46,120058,119.15430875077,119.15430875077,0.197103937645206,120058,173.740575388562,185.410490673097,0.435795111945918
116,47,108558,117.837441736215,117.837441736215,0.0838021095571421,108558,121.328377457212,121.328377457212,0.132712466142437
116,48,133416,119.776601007375,119.776601007375,0.13080349068445,133416,120.653257480362,120.653257480362,0.0973364508697951
116,49,148923,118.87931347072,118.87931347072,0.103194357424815,148923,120.335361226943,120.335361226943,0.110569425372183
116,50,72561,131.039552927881,123.243991301229,0.730908133909947,72561,174.772260580753,184.193658639614,0.431177592117679
116,51,77443,165.743876141162,178.181015780995,0.507862488316142,77443,166.864106504139,159.33306208494,0.401321831064971
116,52,114671,120.73204210306,120.73204210306,0.221133755922923,114671,164.474330911913,173.030211142693,0.449574436370425
116,53,144820,118.592728904847,118.592728904847,0.146450753150571,144820,119.134021543986,119.134021543986,0.115604422346338
116,54,154106,118.946945608867,118.946945608867,0.0739081634972874,154106,121.567317301078,121.567317301078,0.204392367751112
116,55,78826,121.174155735417,119.367054431393,0.46057942453601,78826,170.898662877731,177.942027702991,0.417105200438035
116,56,209668,118.094816567144,118.094816567144,0.119611460639138,209668,133.071899383788,122.685818775217,0.765075411865579
116,57,83396,119.972384766655,119.972384766655,0.155651753237849,83396,177.265420403856,186.145375962528,0.409112434245478
116,58,111779,118.684976605624,118.684976605624,0.33343468989395,111779,119.911915476073,119.911915476073,0.129066954408597
116,59,67285,118.733774243888,118.733774243888,0.134247497512221,67285,181.142319982165,191.038037529384,0.45750735110734
116,202,126697,119.112717743909,119.112717743909,0.107617348407638,126697,193.91096079623,209.566368247825,0.48710792332443
116,203,201007,118.263408737009,118.263408737009,0.106746986665689,201007,124.267144925301,121.670067581275,0.616457295174069
120,1,301436,118.862617603737,118.862617603737,0.0819609876152378,301436,119.909337305431,119.909337305431,0.0725558372028976
120,2,150806,118.798708274207,118.798708274207,0.142224165958571,150806,120.538605891012,120.538605891012,0.142294254101001
120,3,164757,118.961895397464,118.961895397464,0.109117833144452,164757,119.365878232791,119.365878232791,0.0478500833628823
120,4,225139,118.486606052261,118.486606052261,0.0978834810136356,225139,119.622326651535,119.622326651535,0.0893515693694762
120,5,127288,118.131002136886,118.131002136886,0.0779619721971094,127288,122.110536735592,122.110536735592,0.166628864078383
120,6,144545,118.974042685669,118.974042685669,0.11677995934993,144545,127.012778027604,123.036063093244,0.726848454610497
120,7,146439,122.850319928434,119.822055909299,0.555239949071189,146439,139.712665341883,134.512205879256,0.62220213954039
120,8,162249,119.93959284803,118.76755345063,0.484782095845274,162249,176.040856954434,191.525228267327,0.496563948191483
120,9,144673,120.038265605884,120.038265605884,0.181470216832342,144673,121.396466514139,121.396466514139,0.107795047581169
120,10,83427,118.561760581107,118.561760581107,0.12429213359424,83427,127.464178263632,122.796937167023,0.64708029182592
120,11,155428,118.766837378079,118.766837378079,0.0796610172385683,155428,119.305646344288,119.305646344288,0.059545686291358
120,12,144411,118.281799862891,118.281799862891,0.0666755517784575,144411,120.00027698721,120.00027698721,0.117792438281406
120,13,178162,119.234011742122,119.234011742122,0.0762200276841669,178162,121.470835531707,121.470835531707,0.112453926208387
120,14,169825,119.475106727514,119.475106727514,0.0952749347834435,169825,120.231061386722,120.231061386722,0.0854388063293928
120,15,141433,140.217551773631,133.480073610586,0.502634585126936,141433,186.788295518019,193.397021919499,0.426420938477844
120,16,138031,118.509016090588,118.509016090588,0.187102548028703,138031,156.519260166195,164.98068614872,0.462294005954543
120,17,193491,118.017566708529,118.017566708529,0.102455298010868,193491,121.077616013148,121.077616013148,0.29154867692163
120,18,300269,120.431912718263,120.431912718263,0.0990152220549271,300269,120.893795230277,120.893795230277,0.0734401311498691
120,19,156745,118.727653194679,118.727653194679,0.121458391080041,156745,120.16300998437,120.16300998437,0.19305927754925
120,20,168619,119.462397475967,119.462397475967,0.127418090582513,168619,120.34069707447,120.34069707447,0.139595063069018
120,21,129117,120.50345810389,120.50345810389,0.322870058804943,129117,181.786890959362,181.786890959362,0.378189745278789
120,22,142831,119.586147264949,119.586147264949,0.17397212799861,142831,121.030175522121,121.030175522121,0.113538485978921
120,23,86407,118.339995602208,118.339995602208,0.102121537608935,86407,121.618954482854,121.618954482854,0.146435021719199
120,24,131494,118.842190518199,118.842190518199,0.157881566134211,131494,193.776423258856,193.776423258856,0.409394712368446
120,25,124408,119.086698604591,119.086698604591,0.086023593482687,124408,183.602501446852,198.967310695934,0.43505360147203
120,26,163048,119.255820371915,119.255820371915,0.104734729318994,163048,120.261898336686,120.261898336686,0.073794727285581
120,27,126630,122.663839532496,120.986105573758,0.530198237284001,126630,176.244807707494,187.602128163393,0.450478788072247
120,28,121133,118.322150033434,118.322150033434,0.135051413311593,121133,122.902016791461,122.902016791461,0.310676474880887
120,29,144422,118.669676365097,118.669676365097,0.0938494843948979,144422,120.656631261165,120.656631261165,0.162048069059929
120,31,122470,118.990071037805,118.990071037805,0.260254861001951,122470,184.206989466808,184.206989466808,0.377738199327929
120,32,212863,118.784471702457,118.784471702457,0.0971954440247685,212863,138.678394084458,123.554282526827,0.715222708678401
120,33,183698,118.02006009864,118.02006009864,0.115040865059057,183698,126.416912541236,121.621413735654,0.666031567389315
120,34,138368,117.834296947271,117.834296947271,0.120844470215499,138368,123.216133788159,121.435882186331,0.62505614428768
120,35,153074,120.759567268119,120.759567268119,0.158445549412421,153074,120.877817264852,120.877817264852,0.128161482468356
120,36,113574,122.729638825788,119.016282870444,0.725856094257586,113574,120.21049712082,120.21049712082,0.197408517554434
120,37,131607,117.994415190681,117.994415190681,0.129111016015991,131607,119.69471228734,119.69471228734,0.106930001023731
120,38,111048,119.219895900872,119.219895900872,0.135286797846569,111048,122.374747856783,122.374747856783,0.209678396730196
120,39,108091,121.104708070052,119.574354159712,0.455367984552748,108091,159.07656511643,159.07656511643,0.376466346683858
120,40,114925,174.318190123994,184.990065877799,0.547853136227648,114925,181.206987165543,181.206987165543,0.395554518286751
120,41,102663,119.604463146411,119.604463146411,0.0951933763897791,102663,122.868160875875,122.868160875875,0.15283479078224
120,42,155207,118.253809428698,118.253809428698,0.122578762141982,155207,119.391477188529,119.391477188529,0.090042789713309
120,43,147000,122.64462585034,120.068708539515,0.571334327203045,147000,145.280204081633,145.280204081633,0.422475258887658
120,44,70217,166.571044049162,183.148567356449,0.542537334856741,70217,170.439736815871,181.159802422697,0.457999563374903
120,45,51510,121.911648223646,119.721976604397,0.515022152754632,51510,162.608192583964,162.608192583964,0.427481167234863
120,46,112875,121.896451827243,121.896451827243,0.362892179795639,112875,181.604482834994,181.604482834994,0.483885589561701
120,47,123793,119.550305752345,119.550305752345,0.248101504215244,123793,158.72177748338,165.186806564288,0.41435259846425
120,48,167984,118.927838365559,118.927838365559,0.110094688536345,167984,119.989445423374,119.989445423374,0.082621103100467
120,49,122559,119.109963364584,119.109963364584,0.0629972311598087,122559,174.576701833403,174.576701833403,0.409804943280732
120,50,164462,118.644282569834,118.644282569834,0.0704154435629427,164462,120.46542666391,120.46542666391,0.0855068926085324
120,51,155491,120.830260272299,120.830260272299,0.190798629779049,155491,120.234579493347,120.234579493347,0.0744444787907168
120,52,103128,118.62085951439,118.62085951439,0.104279906036479,103128,120.586193856179,120.586193856179,0.0902189167585287
120,53,117945,117.733536818008,117.733536818008,0.132483846939109,117945,121.119072449023,121.119072449023,0.158313135929885
120,54,148979,120.349948650481,119.389151720569,0.527718430098128,148979,121.187429100746,121.187429100746,0.177075783657154
120,55,160817,118.57189227507,118.57189227507,0.125402258727141,160817,119.093478923248,119.093478923248,0.123112654492778
120,56,130903,120.704850156223,120.704850156223,0.347591724563697,130903,120.910689594585,120.910689594585,0.128967043797885
120,57,57336,125.720768801451,121.027109258281,0.67402653267753,57336,174.668323566346,174.668323566346,0.418400082899462
120,58,101306,123.225652972183,121.390243246306,0.610744182290464,101306,173.767693917438,173.767693917438,0.453771182908686
120,59,41951,119.485757192916,119.485757192916,0.107239732277963,41951,161.273914805368,154.185588974852,0.435549344153881
120,60,102361,120.008645870986,120.008645870986,0.19602096985424,102361,175.517755785895,187.35273449509,0.446706374919673
120,61,27505,118.179094710053,118.179094710053,0.236982661867222,27505,119.754371932376,119.754371932376,0.169165680696761
120,214,104720,122.424341100076,119.849526707979,0.612347538311,104720,171.776776165011,176.86326381566,0.40815479574776
120,215,101212,119.2616784571,119.2616784571,0.107769652727644,101212,178.932251116468,190.216337303226,0.42419791258007
124,1,338017,119.235855001376,119.235855001376,0.102247288620129,338017,119.898298014597,119.898298014597,0.0733591809685029
124,2,158745,119.074673218054,119.074673218054,0.315261094840703,158745,189.202236290907,198.605002895838,0.428415432153199
124,4,229039,118.063076593943,118.063076593943,0.120512698561899,229039,120.142713686315,120.142713686315,0.13949199061519
124,5,167092,118.535220118258,118.535220118258,0.0935668456863044,167092,119.101878007325,119.101878007325,0.0804999745119628
124,6,296542,121.383969218526,121.383969218526,0.308483362074264,296542,120.728844480714,120.728844480714,0.0689282775503904
124,7,149325,118.305568391093,118.305568391093,0.120118863231289,149325,120.041761258999,120.041761258999,0.120605615773606
124,8,187731,119.146635345255,119.146635345255,0.202734083691556,187731,120.618246320533,120.618246320533,0.124143342246737
124,9,126394,119.018410684051,119.018410684051,0.132915314108009,126394,122.23354747852,122.23354747852,0.180356773807051
124,11,137741,118.059582840258,118.059582840258,0.132719249760473,137741,122.329538772043,122.329538772043,0.13920418380638
124,12,181348,119.357290954408,119.357290954408,0.102214491985782,181348,120.25224430377,120.25224430377,0.1034417860179
124,15,136132,117.93246260982,117.93246260982,0.134768789514341,136132,119.714776834249,119.714776834249,0.134755287013227
124,16,164366,119.077820230461,119.077820230461,0.0886180317203378,164366,120.343641629047,120.343641629047,0.124652245440464
124,17,101687,122.000511373135,119.73624273035,0.631328049270479,101687,184.792480848093,184.792480848093,0.398154874515591
124,18,159103,121.12902962232,121.12902962232,0.201736755887378,159103,120.537400300434,120.537400300434,0.117720844319227
124,19,161596,119.122645362509,119.122645362509,0.130673664689673,161596,119.331648060596,119.331648060596,0.0637920510952001
124,20,103076,118.646940121852,118.646940121852,0.129666681907625,103076,127.54144514727,123.053662635421,0.61172094470054
124,21,141867,117.811612284746,117.811612284746,0.103430241061891,141867,123.906045803464,121.871545317794,0.597482933849991
124,22,170626,119.326017136896,119.326017136896,0.0796811624809512,170626,121.376724532017,121.376724532017,0.131841521120236
124,23,88718,118.393832142294,118.393832142294,0.0814959967080089,88718,122.673921864785,122.673921864785,0.184140917034959
124,24,164950,120.043728402546,120.043728402546,0.266269257779047,164950,120.704298272204,120.704298272204,0.0966925529620145
124,25,117860,120.223298829119,120.223298829119,0.355460175973802,117860,148.907678601731,148.907678601731,0.387406092775677
124,26,121121,118.428521891332,118.428521891332,0.257952319896549,121121,157.650242319664,147.592134894554,0.460583556145481
124,27,177424,122.096125665074,119.158929078152,0.639242475310232,177424,180.294531743169,187.161206000032,0.414377011963863
124,28,142984,118.662836401276,118.662836401276,0.125545984339724,142984,119.912864376434,119.912864376434,0.129647058339285
124,29,187127,119.674803742913,119.674803742913,0.0981640070894444,187127,120.186087523447,120.186087523447,0.0562972814114416
124,30,170180,119.21429075097,119.21429075097,0.141535613613414,170180,119.973721941474,119.973721941474,0.113630983178883
124,31,106276,121.865689337197,119.633528123584,0.592550517215943,106276,195.814172531898,207.99253865919,0.447863074749337
124,32,150393,119.229265989773,119.229265989773,0.166898183517441,150393,121.333379878053,121.333379878053,0.19554232810568
124,33,98486,120.884054586439,119.515955647254,0.515404536149485,98486,187.533121458888,187.533121458888,0.468872957210677
124,34,130199,120.351147090223,120.351147090223,0.357452128380645,130199,162.657585695743,170.716803690556,0.442168347203536
124,35,88054,118.039328139551,118.039328139551,0.122825621706483,88054,120.082460762714,120.082460762714,0.148082606768842
124,36,126042,118.969343552149,118.969343552149,0.05105156937868,126042,184.927619364974,184.927619364974,0.457750497938231
124,37,154317,117.904884102205,117.904884102205,0.123859445620208,154317,123.854760006999,120.434850894201,0.575840693110297
124,38,120069,122.93060656789,120.580530642103,0.552842821696787,120069,189.701263440189,197.176050215071,0.402603382865145
124,39,103853,118.911105119737,118.911105119737,0.252742806489952,103853,182.569988348916,192.757022485953,0.422237028979015
124,40,99883,118.993982960063,118.993982960063,0.226489588152224,99883,120.351951783587,120.351951783587,0.115993465183807
124,41,77592,144.75007732756,144.75007732756,0.707013000191812,77592,154.012462625013,164.339512369156,0.474436965980287
124,42,134934,123.07642995835,120.316729298978,0.555158470142304,134934,144.782182400285,148.641142798236,0.402442576966606
124,43,66932,118.156860694436,118.156860694436,0.07972766395562,66932,120.868612920576,120.868612920576,0.170377988750232
124,44,145703,118.701365105729,118.701365105729,0.109644060332923,145703,120.69127608903,120.69127608903,0.124057428108598
124,45,105138,119.036837299549,119.036837299549,0.205644512771125,105138,190.412010880937,201.033842815941,0.405961144143012
124,46,123588,119.332605107292,119.332605107292,0.342682391802504,123588,169.045441304981,169.045441304981,0.366310703047721
124,47,135099,119.104856438612,119.104856438612,0.156507819573821,135099,120.606185093894,120.606185093894,0.104103119446457
124,48,196320,118.948176446618,118.948176446618,0.119868437869288,196320,120.504548696007,120.504548696007,0.0865394336696224
124,49,136412,119.579149928159,119.579149928159,0.131462558625014,136412,120.940393806996,120.940393806996,0.106824877283358
124,50,179007,119.124710206863,119.124710206863,0.109775300849549,179007,120.171132972454,120.171132972454,0.127857980211913
124,51,121353,117.824858058721,117.824858058721,0.0997404588585808,121353,121.134294166605,121.134294166605,0.0947756377383368
124,52,112884,118.981804330109,118.981804330109,0.0949272338511943,112884,120.690717905106,120.690717905106,0.13179647758385
124,53,170876,118.348562700438,118.348562700438,0.1176024954701,170876,119.223676818278,119.223676818278,0.116410291797488
124,54,119769,118.336222227788,118.336222227788,0.11817639084283,119769,124.420250649166,121.572351099616,0.575403594692852
124,55,96844,120.167310313494,120.167310313494,0.151230510810396,96844,123.225816777498,123.225816777498,0.182511131879943
124,57,147066,118.656827546816,118.656827546816,0.121414137493929,147066,118.974072865244,118.974072865244,0.123480206297753
124,58,38168,118.456560469503,118.456560469503,0.0963029615615503,38168,123.329674072521,123.329674072521,0.11821268095643
124,96,99943,118.567723602453,118.567723602453,0.103115387501327,99943,192.803137788539,205.37549269519,0.442160726793727
124,97,81992,119.327275831788,119.327275831788,0.108127102705479,81992,165.712715874719,173.709819969137,0.426615905934405
124,98,78110,126.746024836769,120.874401436162,0.591958393061445,78110,188.741953655102,188.741953655102,0.381457043646699
124,99,95769,165.480458185843,179.270414799811,0.595735538054686,95769,223.202487234909,234.497057032739,0.408166093597785
124,101,95737,138.92805289491,125.643783103869,0.739798218592762,95737,173.740716755277,173.740716755277,0.390656655530473
124,102,53172,120.071992778154,119.573852326746,0.404510948317263,53172,178.179925524712,186.899137477671,0.414342908756259
124,103,123386,118.644230301655,118.644230301655,0.09545838717841,123386,124.856701732774,121.882450303475,0.630763985591601
124,104,101677,124.863194232717,121.103020856078,0.620443273015083,101677,178.8380164639,186.967238838038,0.405529802305114
124,105,54448,118.602978989127,118.602978989127,0.159089617608365,54448,169.850921980605,173.503051150946,0.400320796703971
128,1,92155,162.956280180131,140.75271306425,0.634656148541726,92155,145.115696381097,150.31258496646,0.43212750879879
128,2,168390,118.853673020963,118.853673020963,0.0875141973175406,168390,119.159065265158,119.159065265158,0.0832434890943064
128,5,173397,118.759563314244,118.759563314244,0.108252255437404,173397,121.107827701748,121.107827701748,0.0854380208779913
128,6,204011,120.9567278235,119.707221063135,0.601753752147569,204011,122.488449152252,121.084347021322,0.449134433436116
128,7,233665,121.770265123146,119.158425051366,0.679949599578121,233665,159.972760148075,169.129154777739,0.438500838510235
128,8,183623,118.877433654825,118.877433654825,0.102978629380894,183623,119.728051496817,119.728051496817,0.118147139787327
128,9,137264,118.817118836694,118.817118836694,0.199028578639699,137264,120.899857209465,120.899857209465,0.19920354312327
128,10,191814,119.326785323282,119.326785323282,0.136054879906144,191814,122.519644030154,122.519644030154,0.171856691303302
128,11,189815,118.67972499539,118.67972499539,0.124360057322796,189815,120.093001079999,120.093001079999,0.087099739591331
128,12,253803,120.76804450696,120.76804450696,0.210216494632801,253803,120.744959673448,120.744959673448,0.0770558105725315
128,13,142142,119.337296506311,119.337296506311,0.0690786550940285,142142,120.539277623785,120.539277623785,0.149504008735438
128,14,127099,118.8370010779,118.8370010779,0.188350741787947,127099,173.136153706953,173.136153706953,0.46487176604083
128,15,235046,119.234277545672,119.234277545672,0.0802369901714928,235046,119.789602886244,119.789602886244,0.0776874006279863
128,16,159533,118.154087242138,118.154087242138,0.106588907945258,159533,118.809374862881,118.809374862881,0.0968303050303145
128,17,175790,120.230178053359,120.230178053359,0.162758558177337,175790,120.63495079356,120.63495079356,0.0662422825537995
128,18,138921,119.608885625643,118.702593936624,0.459659440968584,138921,182.111120708892,187.699155304017,0.402028286725394
128,21,179603,119.649393384298,119.649393384298,0.0690512516820124,179603,120.423088701191,120.423088701191,0.0897724705288331
128,23,154091,118.282437001512,118.282437001512,0.156622449829046,154091,123.721975975235,122.607624021106,0.430607627826025
128,24,116240,120.759136269787,119.668696706456,0.555582282684029,116240,122.269898485891,122.269898485891,0.326026542489687
128,25,124259,118.376632678518,118.376632678518,0.109908195443336,124259,126.776056462711,122.290910731534,0.684211542256764
128,26,153187,118.145782605574,118.145782605574,0.0700401985386078,153187,119.642332573913,119.642332573913,0.149230165667338
128,28,168857,117.845922881491,117.845922881491,0.126416977027948,168857,121.13220654163,121.13220654163,0.112731990092661
128,29,110181,125.715495412095,120.817083663182,0.648133210461325,110181,204.184895762427,218.948324763716,0.433297752513355
128,30,101807,118.369954914692,118.369954914692,0.131787953134211,101807,200.969510937362,214.107949091119,0.435106522049609
128,31,145471,118.691904228334,118.691904228334,0.124022343082337,145471,154.291920726468,161.662903248625,0.444333458735488
128,32,111581,117.99700665884,117.99700665884,0.150623237886883,111581,119.574067269517,119.574067269517,0.0842146491731768
128,33,107080,117.740903997012,117.740903997012,0.12155943500881,107080,120.028978333956,120.028978333956,0.176494900694758
128,34,146105,118.370137914514,118.370137914514,0.172210087030145,146105,120.336696211629,120.336696211629,0.130383258121074
128,35,161549,118.811140892237,118.811140892237,0.171221514760805,161549,120.081523253007,120.081523253007,0.16971561063782
128,36,187321,119.000266921488,119.000266921488,0.106121804116748,187321,120.100357140951,120.100357140951,0.0972323533274198
128,37,171425,117.749202275047,117.749202275047,0.134545784312093,171425,125.229044771766,121.643214523588,0.579743998008235
128,38,141132,119.44902644333,119.44902644333,0.26454880449211,141132,157.264149873877,163.467758556014,0.41477282703067
128,39,164138,118.879790176559,118.879790176559,0.150940859319438,164138,120.461581108579,120.461581108579,0.144907475432762
128,40,136558,118.713630838179,118.713630838179,0.156236985425225,136558,174.159829522987,180.157413438179,0.452502540438256
128,41,202226,118.030688437689,118.030688437689,0.124178465389331,202226,128.334234964841,121.926740957597,0.643169503843169
128,42,110426,143.076530889464,143.076530889464,0.622190388702349,110426,172.983210475794,172.983210475794,0.399971012772171
128,43,208012,118.923086168106,118.923086168106,0.177951808804128,208012,123.088196834798,123.088196834798,0.249710468265703
128,44,129164,122.563098076864,119.822534728804,0.670505471333161,129164,202.410663962095,213.932113740617,0.437961538406347
128,45,130499,119.329305205404,119.329305205404,0.275521222886522,130499,179.551214951839,185.396299947124,0.407042935378505
128,46,147836,123.393564490381,120.651774959353,0.653746096403879,147836,149.412720852837,149.412720852837,0.398778713339988
128,47,161855,117.658725402366,117.658725402366,0.148017203695366,161855,119.935102406475,119.935102406475,0.160324250623632
128,48,124899,120.164252716195,120.164252716195,0.145528120161006,124899,120.64995716539,120.64995716539,0.0883923711710244
128,49,138354,119.414386284459,119.414386284459,0.128694889363763,138354,120.15265189297,120.15265189297,0.107523288564566
128,50,176983,118.774667623444,118.774667623444,0.141822612082485,176983,120.26061260121,120.26061260121,0.119461898156482
128,51,150436,118.820269084528,118.820269084528,0.152366572600579,150436,121.194215480337,121.194215480337,0.114377188082774
128,52,170618,118.261367499326,118.261367499326,0.141477498528469,170618,119.853456259011,119.853456259011,0.13931856976809
128,53,136741,118.958410425549,118.958410425549,0.119902293324578,136741,120.416393035008,120.416393035008,0.103015317291237
128,54,116688,121.803304538599,119.934299003839,0.421412832727293,116688,188.846539489922,205.962654938306,0.480999021873107
128,55,157620,119.009700545616,119.009700545616,0.107694315050191,157620,118.802918411369,118.802918411369,0.0761119075901876
128,56,57044,120.689695673515,120.689695673515,0.213627648567324,57044,122.804904985625,122.804904985625,0.204715224704538
128,57,41219,118.224580897159,118.224580897159,0.134253051581812,41219,124.445425653218,124.445425653218,0.216978901040628
128,58,75870,119.298075655727,119.298075655727,0.0930508424291885,75870,121.806234348227,121.806234348227,0.134470018395494
128,59,87219,118.226258040106,118.226258040106,0.141757523572197,87219,123.232472282416,123.232472282416,0.359108666818774
128,123,83140,122.662364686072,120.406049045045,0.654064929443399,83140,176.953235506375,176.953235506375,0.399046922343336
128,124,96987,118.625980801551,118.625980801551,0.0964695710085199,96987,122.932795116871,121.574208454451,0.463758237563279
128,125,96244,122.386891650389,120.141498956721,0.588112666495049,96244,192.616869623041,204.829014957697,0.441493079967496
128,126,77995,118.618155009937,118.618155009937,0.0795623251897496,77995,124.918917879351,122.031325668295,0.464508151228337
128,220,90894,128.179406781526,128.179406781526,0.611778970110561,90894,185.950711818162,185.950711818162,0.358207173766078
128,221,86665,119.095090290198,119.095090290198,0.112032046084083,86665,159.37719956153,165.734205893491,0.421376677468769
128,222,96984,129.564381753691,121.295683563396,0.708035608201142,96984,173.747453188155,173.747453188155,0.383276985443699
128,223,106458,118.611781171918,118.611781171918,0.130729774067823,106458,181.557975915384,181.557975915384,0.395762288683569
128,225,108018,122.090225703124,119.996943576193,0.508394056658019,108018,187.205789775778,199.231881786047,0.425326742271096
128,226,91343,118.721040473818,118.721040473818,0.109988551845361,91343,130.337376701006,123.819928692267,0.674164221122529
128,227,107726,118.894686519503,118.894686519503,0.204825148222061,107726,182.102073779775,182.102073779775,0.335419459656459
128,228,134444,119.790589390378,118.88491567115,0.449792413247902,134444,229.459656064979,211.538287479018,0.413430314984294
