Frame,ID,Volume_nowarp,MeanIntensity_nowarp,GMMIntensity_nowarp,Bimodality_nowarp,Centroid_1,Centroid_2,Centroid_3
40,1,18521,128.895200043194,128.895200043194,0.315133595146019,302.562118676097,832.503968468225,71.4312942065763
40,2,16223,133.434260001233,133.434260001233,0.354377599098229,400.609443382852,775.424335819515,75.5208037970782
40,3,16875,129.822103703704,129.822103703704,0.272911058612471,423.337718518518,862.075081481481,67.8219851851852
40,4,12753,141.701638830079,141.701638830079,0.384266272944242,364.238610523014,961.759664392692,69.7218693640712
40,5,14661,127.51810926949,127.51810926949,0.248596232564892,258.540754382375,784.347861673829,59.4830502694223
40,6,17350,129.163170028818,129.163170028818,0.259265810123134,331.367146974063,753.388587896254,63.5736023054755
40,7,15863,128.273781756288,128.273781756288,0.265269316635378,457.03782386686,919.717833953224,74.9092857593141
40,8,15597,128.336474963134,128.336474963134,0.25325769585222,515.42822337629,823.431749695454,59.6737193049945
40,9,14867,128.835003699469,128.835003699469,0.298298931542081,320.127463509787,838.649492163853,54.5925876101433
40,10,16699,126.216300377268,126.216300377268,0.161750052496763,424.006108150189,724.627522606144,53.3403796634529
40,11,16493,126.514460680289,126.514460680289,0.240970560113833,482.432971563694,846.242102710241,51.4249075365306
40,12,13447,132.451550531717,132.451550531717,0.321504566604813,520.571279839369,790.774001636053,71.3468431620436
40,13,12767,129.551029999217,129.551029999217,0.311655775957489,477.60632881648,751.479674159944,69.7470823216104
40,14,14208,123.586782094595,123.586782094595,0.135588630612722,370.44017454955,676.961782094595,65.763795045045
40,15,15951,128.460598081625,128.460598081625,0.285955258520734,418.798445238543,897.684095041063,59.9227007711115
40,16,13096,125.593310934637,125.593310934637,0.0852765620881448,422.890195479536,785.077733659133,62.8509468540012
41,1,16711,126.652624020107,126.652624020107,0.164114972771011,332.744778888157,743.404404284603,63.7094728023458
41,2,17372,127.611789085885,127.611789085885,0.211993741038647,418.557160948653,727.972369329956,52.9210798986875
41,3,16280,133.483845208845,133.483845208845,0.335333785218538,406.340909090909,766.011179361179,75.7262899262899
41,4,14483,127.393910101498,127.393910101498,0.241588580365623,252.387281640544,760.614237381758,60.140302423531
41,5,16199,131.757022038397,131.757022038397,0.297475948005528,431.300203716279,913.802950799432,76.1428483239706
41,6,18269,131.971208057365,131.971208057365,0.343836403835909,415.760085390552,854.878099512836,68.8331599978105
41,7,19200,129.9840625,129.9840625,0.31284025509155,392.38078125,898.880208333333,60.8111458333333
41,8,13462,131.021319269054,131.021319269054,0.301971501958048,483.855370673005,750.251077105928,69.3651760511068
41,9,13920,136.566235632184,136.566235632184,0.3760512736842,514.902945402299,795.515301724138,71.5755747126437
41,10,14227,131.330990370422,131.330990370422,0.338618691363692,506.750263583327,842.052786954383,60.9680888451536
41,11,19067,128.350395972098,128.350395972098,0.283592314360814,295.640058740232,808.152724602717,72.3210783028269
41,12,14192,127.09956313416,127.09956313416,0.209273504648439,302.954270011274,830.460963923337,55.6052001127396
41,13,14052,126.87218901224,126.87218901224,0.138068175724092,419.309066325078,781.68659265585,62.5740108169656
41,14,13277,123.624086766589,123.624086766589,0.174360940410388,387.762596972208,669.489267153725,65.3878135120886
41,15,11368,132.340869106263,132.340869106263,0.291633361668364,336.095179451091,948.791432090077,71.1966045038705
41,16,19748,129.226959692121,129.226959692121,0.322282331274825,460.266356086692,862.935233947741,52.1673587198704
42,1,17041,132.555718561117,132.555718561117,0.314216609759269,403.017135144651,765.694560178393,75.5707411536882
42,2,15712,130.121308553971,130.121308553971,0.311909972808083,427.301680244399,917.298307026477,75.9126145621181
42,3,17863,128.109220175782,128.109220175782,0.252785507502618,346.495829367967,736.120528466663,63.2653529642277
42,4,19714,129.110429136654,129.110429136654,0.266809351082008,298.612305975449,802.670589428832,71.7769098102871
42,5,17790,130.381956155143,130.381956155143,0.278259505589513,413.190837549185,855.808600337268,68.3992130410343
42,6,17655,129.430642877372,129.430642877372,0.253920628078388,386.46961200793,903.221297082979,60.9776833758142
42,7,16116,126.636944651278,126.636944651278,0.176855075043848,434.419334822537,727.020104244229,53.0632911392405
42,8,15310,128.528347485304,128.528347485304,0.19906471642044,316.289418680601,820.571652514696,54.8718484650555
42,9,13884,134.142538173437,134.142538173437,0.350925140140741,516.410472486315,812.244814174589,71.4899884759435
42,10,12737,129.077333752061,129.077333752061,0.229862111987222,492.499725210018,758.900918583654,70.0303839208605
42,11,14807,128.833997433646,128.833997433646,0.290090245765315,511.726075504829,851.685756736679,60.6025528466266
42,12,13509,125.546080390851,125.546080390851,0.133071028216884,428.791250277593,784.868013916648,62.3080168776371
42,13,12113,135.439197556344,135.439197556344,0.386387016860059,331.55650953521,941.569801040205,70.8113596961942
42,14,14183,126.501656913206,126.501656913206,0.190423838343347,268.231192272439,743.98385390961,59.0852428964253
42,15,13230,123.215721844293,123.215721844293,0.160736086979579,403.348148148148,669.503703703704,65.6235827664399
42,16,20227,128.114549859099,128.114549859099,0.299865864934457,466.014683344045,871.420131507391,51.8617194838582
43,1,17162,132.123586994523,132.123586994523,0.34732536259564,393.776599463932,758.12585945694,75.4135881598881
43,2,20974,129.427433965862,129.427433965862,0.196120798965498,301.900543530085,811.550443406122,71.272575569753
43,3,14716,134.325835824952,134.325835824952,0.343262722222509,516.437958684425,801.504552867627,71.7467382440881
43,4,16348,126.163322730609,126.163322730609,0.206338978239487,438.463481771471,720.707364815268,53.0358453633472
43,5,18034,129.052789176001,129.052789176001,0.294810193125494,403.64860818454,902.435177997117,60.6770544527005
43,6,18006,128.245196045763,128.245196045763,0.227939468014666,345.565978007331,741.916749972232,62.4571254026436
43,7,15784,128.34148504815,128.34148504815,0.222614491844082,441.161365940193,907.42410035479,76.0305372529143
43,8,15138,127.593473378253,127.593473378253,0.268274442742047,271.969282600079,762.210926146122,58.3183379574581
43,9,17678,130.358524719991,130.358524719991,0.273878548974139,427.050910736509,847.903156465664,68.4782780857563
43,10,15919,128.085997864187,128.085997864187,0.235297115231533,328.571015767322,830.192914127772,54.4602047867328
43,11,12863,136.436678846303,136.436678846303,0.388793440956769,361.932986084117,948.684676980487,70.0628935707067
43,12,16355,132.050076429227,132.050076429227,0.375515497550084,524.43882604708,835.860593090798,60.8058086212168
43,13,12549,129.113873615428,129.113873615428,0.308028430918389,492.263606661885,743.894334209897,69.5743087098574
43,14,14478,122.932587373947,122.932587373947,0.108475092433772,394.791822074872,668.513192429894,65.5361237740019
43,15,13495,125.400296406076,125.400296406076,0.172759345056422,431.625342719526,778.212226750648,62.1638384586884
43,16,18444,128.2385599653,128.2385599653,0.255210038761256,483.096508349599,865.83783344177,51.8492734764693
44,1,17309,131.80565023976,131.80565023976,0.358446942001893,389.207926512219,744.050782829742,74.5266046565371
44,2,19865,129.00543669771,129.00543669771,0.249886989286582,293.347143216713,802.575081802165,71.1741756858797
44,3,15268,129.628504060781,129.628504060781,0.292187200990694,427.531241812942,899.290542310715,76.4586717317265
44,4,18698,130.216761150925,130.216761150925,0.268374863937678,391.006578243662,910.268798802011,61.6982564980212
44,5,16103,126.417499844749,126.417499844749,0.148542989550591,432.810532198969,728.597466310625,52.9015090355834
44,6,16552,128.453117448043,128.453117448043,0.248746750633457,326.883458192363,843.910766070566,54.4094369260512
44,7,19242,128.265253092194,128.265253092194,0.222649595350858,338.300228666459,747.773828084399,61.7948757925372
44,8,14920,134.209651474531,134.209651474531,0.320986074627628,511.437667560322,799.881300268097,71.8833780160858
44,9,17841,130.281934869122,130.281934869122,0.305401455639877,418.413541841825,846.48696821927,68.9142985258674
44,10,13172,129.176055268752,129.176055268752,0.276931550644841,492.277027027027,743.572805952019,68.7893258426966
44,11,16062,132.178993898643,132.178993898643,0.305088231490917,522.951936247043,836.79224256008,61.5991781845349
44,12,11499,136.695712670667,136.695712670667,0.357857102158149,352.67875467432,941.603356813636,70.8413775110879
44,13,14856,128.121028540657,128.121028540657,0.265593634694095,266.128298330641,766.330169628433,57.3305061927841
44,14,12906,125.820626065396,125.820626065396,0.0995646747556502,426.260808926081,783.75360297536,61.8107081977375
44,15,14828,122.790463987052,122.790463987052,0.140861939096176,383.406056110062,670.888184515781,64.7740760722957
44,16,20440,129.031066536204,129.031066536204,0.316327517842422,478.907436399217,874.069373776908,53.2570450097847
45,1,18531,127.576385516162,127.576385516162,0.240629425096155,446.135448707571,727.050563919918,53.5430359937402
45,2,19871,127.225001258115,127.225001258115,0.228644979018134,291.29676412863,798.51990337678,70.553973126667
45,3,16338,131.099951034398,131.099951034398,0.298104666878781,426.027481943934,901.133737299547,76.7757375443751
45,4,18220,133.698298572997,133.698298572997,0.381373111179118,386.455982436883,745.637980241493,74.7375411635565
45,5,16836,131.086778332145,131.086778332145,0.33699142446634,524.725172249941,839.098301259206,62.3216322166785
45,6,21068,131.327510917031,131.327510917031,0.316364594018619,384.67903930131,910.326229352573,61.4333586481868
45,7,19184,128.013344453711,128.013344453711,0.221144367520494,345.426814011676,745.372341534612,61.8751563803169
45,8,16691,127.994008747229,127.994008747229,0.21841160380648,340.480798034869,839.726858786172,54.0248037864718
45,9,11575,135.188941684665,135.188941684665,0.319331825904112,347.620820734341,939.094514038877,70.5072138228942
45,10,15025,135.81237936772,135.81237936772,0.392315733031761,515.246522462562,812.294309484193,72.5663227953411
45,11,13807,130.260664880133,130.260664880133,0.318868713468459,493.969942782646,746.139639313392,70.2757297023249
45,12,14104,127.041335791265,127.041335791265,0.18809289086737,434.326644923426,783.191860465116,62.2959444129325
45,13,15503,123.58382248597,123.58382248597,0.164827641633946,391.007030897246,667.261368767335,64.8274527510804
45,14,14490,126.694271911663,126.694271911663,0.270571474210378,276.863630089717,762.983919944789,56.9603864734299
45,15,20476,129.466888064075,129.466888064075,0.296574070863441,484.041218988084,877.136061730807,53.4804649345575
45,16,17848,132.189432989691,132.189432989691,0.313602315339645,417.347714029583,847.978036754819,68.8575750784402
46,1,22364,129.024369522447,129.024369522447,0.240302315620811,307.32310856734,806.332588087999,72.6507333214094
46,2,17786,126.349151017654,126.349151017654,0.180768436441779,428.309175756213,720.923085572923,53.987124704824
46,3,19521,129.826853132524,129.826853132524,0.254629550600505,380.095691819067,914.067055990984,62.2091593668357
46,4,18268,132.106634552222,132.106634552222,0.349055491758994,401.140737902343,749.291274359536,75.4178892051675
46,5,19184,129.082777314429,129.082777314429,0.244845888280372,341.791232276897,753.667066305254,62.8284507923269
46,6,15479,128.7707862265,128.7707862265,0.236530668188176,447.396214225725,912.902125460301,76.0300407003036
46,7,13726,129.058502112779,129.058502112779,0.295861853739283,497.030817426781,749.73364417893,69.7179804750109
46,8,15047,136.084933873862,136.084933873862,0.40887705061418,522.659932212401,817.330896524224,71.7706519572008
46,9,15665,128.312671560804,128.312671560804,0.29047567518427,271.315863389722,772.990488349824,58.5816150654325
46,10,18066,133.488431307428,133.488431307428,0.390022400476811,525.335934905347,837.71676076608,60.4857190302225
46,11,15298,122.760491567525,122.760491567525,0.15303702085627,389.701921819846,667.948359262649,65.4320172571578
46,12,12056,136.593397478434,136.593397478434,0.369068929445001,352.174187126742,939.891921035169,71.786496350365
46,13,17993,130.246262435392,130.246262435392,0.293451290012188,428.405213138443,850.845828933474,69.0421274940255
46,14,14058,125.725636648172,125.725636648172,0.127726952431641,433.865059041115,786.285246834543,62.2045098876085
46,15,17252,128.310340830049,128.310340830049,0.266622651223812,328.582251333179,843.88928819847,54.7429283561326
46,16,20425,127.482007343941,127.482007343941,0.268381066183431,468.638873929009,871.188494492044,52.0988494492044
47,1,19238,129.653238382368,129.653238382368,0.25687366659567,384.571265204283,922.660047822019,63.5562948331427
47,2,17191,129.705485428422,129.705485428422,0.278483895668123,264.426385899599,791.778954103892,61.5108486999011
47,3,22156,128.933381476801,128.933381476801,0.247881094528084,326.700622856111,807.613513269543,74.6931756634772
47,4,19420,129.425334706488,129.425334706488,0.271632440371002,334.458959835221,758.446961894954,64.0129248197734
47,5,14924,130.679643527204,130.679643527204,0.327523168284558,499.227083891718,746.792950951488,67.4919592602519
47,6,18018,126.429070929071,126.429070929071,0.194641340641381,400.153402153402,732.857364857365,53.511211011211
47,7,18639,130.94758302484,130.94758302484,0.286488987487771,417.382960459252,738.36809914695,74.3118729545576
47,8,15862,127.863888538646,127.863888538646,0.247513171670556,473.426806203505,908.57653511537,75.3432732316227
47,9,16690,129.801497902936,129.801497902936,0.263209203945669,317.699161174356,862.336608747753,56.8712402636309
47,10,18546,134.100452927855,134.100452927855,0.37950718233063,521.456270893993,836.854847406449,58.5316510298717
47,11,15340,138.112842242503,143.162101052879,0.406742011389632,535.404367666232,814.890482398957,69.9174706649283
47,12,11844,135.623015873016,135.623015873016,0.331693804127895,370.062141168524,939.331306990881,73.4939209726444
47,13,17369,128.915021014451,128.915021014451,0.281806829487832,440.799355173009,852.741435891531,68.8050549830157
47,14,14558,122.795232861657,122.795232861657,0.120747328445603,377.176810001374,671.096167055914,65.1483720291249
47,15,14433,125.229889835793,125.229889835793,0.122027586708718,430.572368876879,790.886925795053,61.5163860597242
47,16,19852,128.373262139835,128.373262139835,0.266808892520023,446.434666532339,881.778007253677,51.3928571428571
48,1,21260,129.248071495767,129.248071495767,0.236021860901673,403.147318908749,919.364111006585,63.8821730950141
48,2,18628,131.61853124329,131.61853124329,0.339512672639587,397.838952115096,729.649774532961,74.1500429461026
48,3,22319,129.439983870245,129.439983870245,0.317642165973589,319.914243469689,814.183072718312,73.8297414758726
48,4,17040,126.628521126761,126.628521126761,0.261935724705247,396.954284037559,731.303227699531,53.3282276995305
48,5,20222,129.784294332905,129.784294332905,0.291506509865471,331.38952625853,764.181633864108,63.2320739788349
48,6,19354,130.967758602873,130.967758602873,0.309738777038731,527.618993489718,813.600496021494,59.365712514209
48,7,21303,128.560015021358,128.560015021358,0.25503498576379,472.67591419049,872.963901797869,51.8009200582078
48,8,14519,129.374888077691,129.374888077691,0.315063570075078,486.327157517735,727.496935050623,68.1571733590468
48,9,14939,122.929178659884,122.929178659884,0.0790242396169859,356.253162862307,672.895575339715,64.5648972488118
48,10,16690,129.294727381666,129.294727381666,0.301535065826288,271.784661473936,814.36003594967,60.0539844218095
48,11,16967,136.150940060117,140.972052917506,0.400704034490246,530.557435020923,793.658218895503,70.7439735958036
48,12,12080,134.652235099338,134.652235099338,0.360063902426921,384.704470198675,939.495860927152,73.4776490066225
48,13,14792,127.533193618172,127.533193618172,0.203407979430347,478.496755002704,893.775013520822,76.0313683071931
48,14,17733,129.60790616365,129.60790616365,0.286967637595141,337.028083234647,871.080302261321,55.9228556927762
48,15,13766,124.830960337062,124.830960337062,0.204278802677819,430.401278512277,786.481911956996,61.7426267615865
48,16,16931,127.484259642077,127.484259642077,0.263019212257325,448.940700490225,841.627015533636,69.2862205422007
49,1,21606,129.517124872721,129.517124872721,0.251438764848307,418.488567990373,917.063639729705,64.2585392946404
49,2,21113,129.78051437503,129.78051437503,0.245451339746832,324.635816795339,769.308814474494,62.5106332591294
49,3,20508,128.537887653599,128.537887653599,0.165368028185439,318.389116442364,821.329286132241,73.6663253364541
49,4,17007,128.185511848063,128.185511848063,0.273619593173317,275.412183218675,829.617510436879,59.8683483271594
49,5,19881,133.622302701071,133.622302701071,0.35670353352523,387.410090035712,725.508777224486,73.4664252301192
49,6,18533,128.074893433335,128.074893433335,0.257326841757216,388.903091782226,731.495224734258,52.8743322721632
49,7,15894,129.203158424563,129.203158424563,0.290402802540227,483.309613690701,881.100792751982,76.2466339499182
49,8,19998,127.844834483448,127.844834483448,0.244467352199666,481.820632063206,860.201920192019,51.7285228522852
49,9,16733,133.32761608797,133.32761608797,0.369276512651521,523.98051754019,778.538038606347,70.9795015836969
49,10,16471,131.658672818894,131.658672818894,0.300371449977688,347.823265132657,876.876206666262,55.943840689697
49,11,13372,138.212907568053,138.212907568053,0.385032456666932,396.76533054143,934.468142387077,73.6859856416392
49,12,15187,129.776387700007,129.776387700007,0.304288012232816,473.559623362086,719.8122736551,68.4685586356753
49,13,14670,125.709543285617,125.709543285617,0.175197876850435,427.151533742331,778.189843217451,61.421063394683
49,14,13996,123.731780508717,123.731780508717,0.0867514818655151,336.136539011146,678.005787367819,63.9687053443841
49,15,17609,129.265773184167,129.265773184167,0.31503356026145,529.715032085865,793.89062411267,59.4319382134136
49,16,19063,129.333053559251,129.333053559251,0.278792454629848,449.499029533652,831.999475423595,69.1927293710329
50,1,21205,130.272577222353,130.272577222353,0.318070880954908,326.589012025466,765.190992690403,62.1573685451544
50,2,19737,131.931093884582,131.931093884582,0.295827727539399,387.742767391194,720.87034503724,73.2213102295182
50,3,18534,131.574295888637,131.574295888637,0.312791981748005,531.052282292004,785.768101866839,59.6279270529837
50,4,19966,127.912751677852,127.912751677852,0.254584144893952,423.793348692778,916.954272262847,63.6599218671742
50,5,18466,130.394562980613,130.394562980613,0.308529731048162,281.229015487924,832.394292212715,59.6850427813278
50,6,15109,128.787742405189,128.787742405189,0.262453383584825,473.929048911245,720.663247071282,68.5899132967106
50,7,16838,133.169438175555,133.169438175555,0.372275724319106,523.970483430336,775.414954270103,71.4948925050481
50,8,18629,126.741102581996,126.741102581996,0.256394268876181,391.888668205486,729.840946910731,52.852541736003
50,9,15805,128.644353052831,128.644353052831,0.294475762984046,485.689591901297,879.426194242328,75.8887061056628
50,10,20476,127.436413361985,127.436413361985,0.251931485994436,480.483932408674,859.827554209807,51.593133424497
50,11,12348,134.988419177195,134.988419177195,0.353290290142772,404.24684159378,936.590055069647,72.5166828636216
50,12,21753,130.293154967131,130.293154967131,0.296663398524535,320.199328828208,820.627453684549,73.1473359996322
50,13,16948,130.996223743215,130.996223743215,0.28887646089884,349.594524427661,881.02283455275,55.7200259617654
50,14,14137,125.067553229115,125.067553229115,0.133155998242245,434.541062460211,775.068897220061,61.087430147839
50,15,18552,128.08392626132,128.08392626132,0.26638729580452,451.87332902113,827.314251832687,69.146291504959
50,16,15028,123.615517700293,123.615517700293,0.20424081410958,330.08843492148,678.806561085973,63.8118179398456
51,1,21359,129.326700688234,129.326700688234,0.285834983473563,330.503253897654,760.889461117093,62.0996301324968
51,2,18808,130.650467886006,130.650467886006,0.301524494860431,286.139621437686,832.5971395151,59.3270948532539
51,3,17762,135.999943700034,141.094385919407,0.412591195434046,526.722047066772,776.931989640806,71.7087039747776
51,4,18815,131.733457347861,131.733457347861,0.330922932811952,388.019930906192,715.812968376296,73.0719638586234
51,5,15976,129.076489734602,129.076489734602,0.267778839343091,476.91762643966,877.595643465198,76.4707686529795
51,6,19268,131.62170438032,131.62170438032,0.337959520427389,538.23417064563,790.254203861325,59.9232406061864
51,7,16240,129.584913793103,129.584913793103,0.287294352197221,477.922906403941,719.457820197044,68.4165024630542
51,8,22553,129.533055469339,129.533055469339,0.238681445249247,316.449385891012,817.918325721633,73.0651797986964
51,9,18925,126.627001321004,126.627001321004,0.241341734653764,403.339339498018,724.765442536328,53.08892998679
51,10,18969,128.03031261532,128.03031261532,0.218738877221259,422.452791396489,914.383362328009,63.6878064210027
51,11,15572,123.235679424608,123.235679424608,0.156136966926157,333.269522219368,673.468469047007,63.7121756999743
51,12,23423,128.825897621995,128.825897621995,0.305237842117321,483.355078341801,864.814541262861,52.289330999445
51,13,11643,133.543330756678,133.543330756678,0.314863638054221,396.782873829769,933.693292106845,72.2038134501417
51,14,14731,124.941619713529,124.941619713529,0.125507832334392,441.672934627656,777.167605729414,61.3651483266581
51,15,16373,130.349355646491,130.349355646491,0.302934688986279,353.422830269346,880.463995602516,55.0877664447566
51,16,18529,128.381887851476,128.381887851476,0.254156308224124,449.893788115926,823.785795239894,69.4646230233688
52,1,24284,129.844259594795,129.844259594795,0.297455109514112,314.931642233569,822.843271289738,73.5476033602372
52,2,21493,130.467128832643,130.467128832643,0.277763503400502,322.834225096543,767.582282603638,62.4369794816917
52,3,19780,131.942264914055,131.942264914055,0.299499618692064,389.753640040445,715.456420626896,73.0685035389282
52,4,18578,126.895306276241,126.895306276241,0.221809687843785,391.601894714178,730.902519108623,53.3522445903757
52,5,19714,131.617835041088,131.617835041088,0.312827943041886,281.091407121842,838.778380846099,59.7335396165162
52,6,20601,127.820299985438,127.820299985438,0.22395424249893,418.114509004417,918.144313382845,64.1266928789865
52,7,18513,135.877167395884,135.877167395884,0.388478655147317,519.771187813969,778.989898989899,71.4808512936855
52,8,20430,131.331081742535,131.331081742535,0.330558635904014,527.823299069995,789.112334801762,59.8299559471366
52,9,15479,129.159700239034,129.159700239034,0.316344807755465,471.177143226307,721.978422378707,68.7260804961561
52,10,16067,128.732370697703,128.732370697703,0.295802603488288,476.125101138981,875.962158461443,76.749299807058
52,11,12168,134.459319526627,134.459319526627,0.317081267406721,398.206360946746,940.536489151874,72.3175542406312
52,12,19249,128.617642474934,128.617642474934,0.288954843317803,441.954179437893,825.666787885085,69.8312639617643
52,13,22608,129.138225406936,129.138225406936,0.261670637371839,463.421178343949,872.091073956122,52.0141985138004
52,14,14230,123.74223471539,123.74223471539,0.1495399923347,323.836964160225,679.498945888967,64.3275474349965
52,15,14776,124.757241472658,124.757241472658,0.0984371345955433,432.961626962642,784.636505143476,61.3023822414727
52,16,16985,131.064645275243,131.064645275243,0.320342703334426,343.955195760966,893.550309096261,55.8850750662349
53,1,24502,128.744020896253,128.744020896253,0.249253228764984,318.345073871521,823.301567219003,72.2310015508938
53,2,21031,133.794921782131,133.794921782131,0.351565636556023,389.525224668347,712.093718796063,72.8517426655889
53,3,22478,130.307367203488,130.307367203488,0.301066198663053,331.446614467479,765.96174036836,61.6884954177418
53,4,17209,133.579289906444,133.579289906444,0.354508776819485,517.165785344878,777.809053402289,72.6435586030565
53,5,19848,128.087414349053,128.087414349053,0.265062201736326,397.772118097541,723.916616283757,53.3588774687626
53,6,18708,129.390207397905,129.390207397905,0.24666827523862,533.449754115886,782.81376951037,60.5550032071841
53,7,15627,129.970691751456,129.970691751456,0.317132405646777,470.76393421642,721.345171818007,69.3001855762462
53,8,20840,129.273032629559,129.273032629559,0.206591780542173,427.272216890595,917.7306621881,64.0871880998081
53,9,17037,129.394729118976,129.394729118976,0.253728489183614,470.33673768856,879.903562833832,77.060104478488
53,10,18432,130.566026475694,130.566026475694,0.315567886895394,288.549587673611,842.604058159722,58.6853298611111
53,11,18826,130.137044512908,130.137044512908,0.240998336599133,444.055720811643,826.286093700202,69.8309784340805
53,12,17119,132.256732285764,132.256732285764,0.31080359075341,354.904608914072,893.357789590513,55.4112973888662
53,13,15166,125.349202162732,125.349202162732,0.123861453610945,439.655809046551,784.185546617434,61.0830805749703
53,14,21929,127.865474941858,127.865474941858,0.25897942185258,475.442473437001,862.891969538055,51.7667016279812
53,15,13087,135.083135936425,135.083135936425,0.339038137341494,400.53946664629,941.496676090777,71.7774126996256
53,16,14559,123.872587402981,123.872587402981,0.182569602574461,327.59901092108,678.766192733017,64.4312109348169
54,1,21062,131.891225904473,131.891225904473,0.309172116364438,397.590494729845,711.428781692147,72.3734688063812
54,2,15694,128.893653625589,128.893653625589,0.243781442401207,461.392825283548,882.349496622913,77.6775837899834
54,3,23556,128.630412633724,128.630412633724,0.249847289005684,344.046782136186,756.87154015962,60.6978264561046
54,4,19620,126.999694189602,126.999694189602,0.193576867161479,410.416972477064,729.373394495413,52.6898063200816
54,5,13444,137.639913716156,137.639913716156,0.447668535538865,319.080258851532,803.174799166915,68.8816572448676
54,6,20850,129.085275779377,129.085275779377,0.238888835639482,413.957122302158,923.29587529976,64.1894004796163
54,7,17897,131.210985081299,131.210985081299,0.304324806755792,348.327093926356,891.50360395597,55.5688104151534
54,8,20708,132.888400618119,132.888400618119,0.32940363135816,538.338323353293,794.625700212478,61.0914139463009
54,9,19731,130.225888196239,130.225888196239,0.310828677948387,286.393593837109,828.381126146673,58.1907658000101
54,10,24026,128.506159993341,128.506159993341,0.246566636912318,473.710521934571,878.840714226255,52.0925247648381
54,11,15790,130.078087397087,130.078087397087,0.279178861174436,480.340278657378,730.031158961368,69.3151361621279
54,12,13091,134.682529982431,134.682529982431,0.332969192190538,377.155679474448,938.162478038347,72.2287067450921
54,13,17387,136.608443089665,136.608443089665,0.325682391400949,521.06217288779,790.11663886812,73.0326105711164
54,14,15059,123.526196958629,123.526196958629,0.189476675298158,330.873231954313,672.663125041503,64.2316222856763
54,15,18089,129.244513240091,129.244513240091,0.213611884584885,446.546630548952,830.465752667367,70.0873459008237
54,16,15103,124.884857313117,124.884857313117,0.120572916447761,448.774812951069,790.173210620407,60.7298549956962
55,1,14231,134.720399128663,134.720399128663,0.377683230134718,314.064015178132,803.392101749701,68.1519921298573
55,2,20494,128.363472235776,128.363472235776,0.203112345424436,422.121352591002,727.407045964673,52.3747438274617
55,3,21385,131.114753331775,131.114753331775,0.247131081356575,389.471451952303,708.265092354454,72.4469020341361
55,4,23390,127.79127832407,127.79127832407,0.221056089079348,355.24424967935,751.833860624198,60.1311671654553
55,5,20769,128.773941932688,128.773941932688,0.226074909292142,414.462034763349,922.418797245895,64.2627473638596
55,6,17109,129.86510023964,129.86510023964,0.289039866251778,453.370039160676,878.634636740897,77.5664270267111
55,7,25423,129.809739212524,129.809739212524,0.286790328309906,479.015655115447,879.654171419581,52.6885890728868
55,8,20731,132.765520235396,132.765520235396,0.354504824791898,542.935169552844,790.339395108774,61.756692875404
55,9,16650,131.715195195195,131.715195195195,0.335593945225185,476.743723723724,724.273093093093,69.5165765765766
55,10,18042,137.226249861434,142.24707723029,0.401482498476532,514.37157743044,782.718933599379,73.5055426227691
55,11,18956,128.972251529859,128.972251529859,0.28405576289313,297.246307237814,824.749788985018,56.2972146022368
55,12,13958,134.045135406219,134.045135406219,0.327473003431788,375.953073506233,937.299326551082,71.5685628313512
55,13,17883,129.678689257954,129.678689257954,0.288067589825861,358.117485880445,894.469719845663,55.2814963932226
55,14,15628,126.887189659585,126.887189659585,0.165252328071317,458.028090606604,787.670399283338,61.152994625032
55,15,16154,123.112665593661,123.112665593661,0.184608705854363,325.795097189551,674.743902439024,64.1641079608766
55,16,19731,129.858040646698,129.858040646698,0.313934632635603,445.43160508844,824.164867467437,70.3205615528863
56,1,21543,128.508425010444,128.508425010444,0.246422503504441,435.648284825697,736.873601633941,51.6030265051293
56,2,20308,128.60710064999,128.60710064999,0.237890449236572,429.600206815048,930.943027378373,64.6674217057317
56,3,17598,130.260654619843,130.260654619843,0.296536350223601,470.100068189567,716.831287646323,69.3024207296284
56,4,20673,131.691046292265,131.691046292265,0.284359223130284,386.816862574372,700.784936874184,71.9307309050452
56,5,19628,129.049164458936,129.049164458936,0.250179360875861,327.142500509476,835.636998165885,54.3643774200122
56,6,20330,132.596064928677,132.596064928677,0.323730301586696,547.759517953763,787.212838170192,62.4613379242499
56,7,21139,129.066228298406,129.066228298406,0.23218456290664,434.756469085576,819.795354557926,71.2165192298595
56,8,11685,138.011467693624,138.011467693624,0.424681925093616,365.720753102268,761.112280701754,59.2424475823706
56,9,18731,135.461320805082,135.461320805082,0.388678013836641,508.782980086488,774.34333457904,73.8786503657039
56,10,14311,134.953462371602,134.953462371602,0.353700821264594,387.269792467333,951.82475019216,71.4878764586682
56,11,15864,126.653240040343,126.653240040343,0.129745372272598,460.593482097832,781.779752899647,62.9537317196167
56,12,15195,123.133794011188,123.133794011188,0.069238938650372,320.460480421191,667.301414939125,62.0720631786772
56,13,17057,128.4901213578,128.4901213578,0.270460423767606,385.244943424987,902.261241718942,55.2732602450607
56,14,12534,139.622387107069,139.622387107069,0.46534268822839,478.326631562151,852.102680708473,55.1720121270145
56,15,16374,129.504152925369,129.504152925369,0.301685018454034,440.000244289728,872.918162941248,78.1832783681446
56,16,5020,150.404980079681,150.404980079681,0.512324786927667,333.745019920319,908.713147410359,66.3334661354582
56,17,6746,135.694337385117,128.828728457896,0.474781970848659,291.636080640379,758.566557960273,66.0634450044471
57,1,22836,133.647092310387,133.647092310387,0.327456046513457,367.454983359608,698.492380451918,72.0492643194955
57,2,22773,127.852808150002,127.852808150002,0.243223600490895,428.346155535063,740.511263338164,51.7117200193211
57,3,24322,130.528657182797,130.528657182797,0.349949342337494,419.138105418962,806.577296274977,72.0434585971548
57,4,21188,129.947375873136,129.947375873136,0.262497940347707,453.636775533321,924.173730413442,65.9766377194639
57,5,14046,133.387654848355,133.387654848355,0.383553028829117,484.060444254592,845.301082158622,57.2652000569557
57,6,17193,129.608736113535,129.608736113535,0.263437602751893,450.894491944396,700.401500610714,69.2328273134415
57,7,19207,129.6751184464,129.6751184464,0.331649190071093,536.937887228615,767.234237517572,62.8341229759983
57,8,15890,126.053744493392,126.053744493392,0.142457621236481,451.102894902454,768.912460667086,63.9225928256765
57,9,17810,131.739752947782,131.739752947782,0.323096188574552,428.269286917462,863.570915216171,78.8047725996631
57,10,17468,132.744847721548,132.744847721548,0.2961516159592,492.708781772384,758.388653537898,74.5526677352874
57,11,13949,138.709369847301,138.709369847301,0.385748847263839,407.489999283103,952.983367983368,72.3972327765431
57,12,15895,123.409625668449,123.409625668449,0.180293108281602,303.968732305757,674.966215791129,61.5099087763448
57,13,16232,136.114218827008,136.114218827008,0.39267885373554,353.861754558896,752.327747658945,58.8030433711188
57,14,18622,129.876329073139,129.876329073139,0.253964013953912,406.334282032005,914.908334228332,56.959993556009
57,15,10294,128.220419661939,128.220419661939,0.290819615522136,290.312803574898,763.986788420439,66.8374781426073
57,16,13467,139.172050196777,139.172050196777,0.430034437312569,333.435657533229,849.898047078043,56.7914903096458
57,17,7966,136.604192819483,136.604192819483,0.393264517873487,354.822746673362,928.811699723826,65.8685664072307
58,1,15562,133.011438118494,133.011438118494,0.370232160446381,358.900077110911,885.752152679604,58.7225292378872
58,2,23824,128.835418065816,128.835418065816,0.246781930180395,413.28991773002,793.780725319006,72.2434939556749
58,3,21535,134.35008126306,134.35008126306,0.369559981396962,336.083817042025,714.456141165544,71.6002786162062
58,4,8434,148.375503912734,148.375503912734,0.453575469114441,494.089992885938,884.53023476405,66.8891391984823
58,5,22489,127.136110987594,127.136110987594,0.23722030458131,403.136244386144,745.811819111566,51.5131842233981
58,6,20989,130.444137405308,130.444137405308,0.29149073910813,453.725808756968,926.464957835056,58.5504311782362
58,7,21976,130.703403713142,130.703403713142,0.320454141418227,517.875910083728,728.892837641063,61.0217510010921
58,8,19089,131.629734402012,131.629734402012,0.360454645522541,485.014563361098,726.550159777883,72.8444130127298
58,9,16608,128.672808285164,128.672808285164,0.259390814027003,414.514992774566,689.330081888247,68.3482056840077
58,10,15666,133.514298480786,133.514298480786,0.325367516500639,465.637750542576,931.996297714796,74.4029745946636
58,11,17026,129.077352284741,129.077352284741,0.279078477197511,451.94244097263,840.710560319511,79.2571948784212
58,12,14985,124.632098765432,124.632098765432,0.206407929220155,262.338805472139,708.978578578579,62.7745745745746
58,13,16725,124.766218236173,124.766218236173,0.092509227531181,439.138176382661,749.811479820628,64.5330941704036
58,14,10301,131.269585477138,131.269585477138,0.322645168597933,402.800698961266,937.378895252888,67.766721677507
58,15,11710,130.568488471392,130.568488471392,0.319821845570091,291.184543125534,823.590520922289,68.3076003415884
58,16,6894,137.86727589208,130.582289332003,0.465461455215299,450.434435741224,804.868291267769,56.6827676240209
58,17,5326,140.663537363875,132.755401560955,0.499304956970682,397.835148328952,807.461885092001,58.9900488171235
58,18,5833,143.089319389679,133.7221539392,0.515112553655737,274.096691239499,763.962969312532,59.341848105606
58,19,6511,135.13776685609,135.13776685609,0.455732154212621,535.371832283827,851.427276915988,55.1922899708186
59,1,22750,133.279076923077,133.279076923077,0.36403998626456,330.648615384615,712.822593406593,72.3473406593407
59,2,24020,129.328018318068,129.328018318068,0.30132759405408,404.041423813489,807.396627810158,72.776935886761
59,3,23280,131.763573883162,131.763573883162,0.311386456245479,507.803737113402,749.897336769759,60.850558419244
59,4,25198,132.903166918009,132.903166918009,0.340396951262445,480.16969600762,922.598222081118,57.2931185014684
59,5,24174,126.833871101183,126.833871101183,0.264662458562851,388.19897410441,744.138950939025,51.5082733515347
59,6,16823,124.123461927124,124.123461927124,0.206415547985735,276.307495690424,688.396362123284,63.18177495096
59,7,15090,136.345261762757,136.345261762757,0.294497954814066,453.959907223327,941.314579191518,74.7472498343274
59,8,18303,129.708299185926,129.708299185926,0.277660296063783,439.445555373436,848.375676118669,79.6715838933508
59,9,18687,134.75731792155,134.75731792155,0.36240435961269,482.043078075668,739.573018676085,73.143896826671
59,10,16986,128.659660897209,128.659660897209,0.226806051277243,414.06581890969,686.544389497233,69.2599199340633
59,11,12000,130.092833333333,130.092833333333,0.343019383294288,404.1045,939.1925,67.5563333333333
59,12,16368,125.966336754643,125.966336754643,0.145779445377046,419.990102639296,745.664894916911,66.7884897360704
59,13,8759,132.183696769038,132.183696769038,0.38644667932336,378.488183582601,785.221828975911,61.6941431670282
59,14,13282,129.160819153742,129.160819153742,0.310950534450375,292.579430808613,832.092907694624,67.358680921548
59,15,6270,136.98995215311,136.98995215311,0.300039071571938,329.781977671451,816.229186602871,55.3011164274322
59,16,9583,134.811749973912,134.811749973912,0.446509349105121,553.857247208599,851.821872065115,53.7751226129605
59,17,11360,131.906690140845,131.906690140845,0.323308274454105,263.678961267606,754.188468309859,61.2978873239437
59,18,8703,130.9918418936,130.9918418936,0.217141187651094,445.732276226589,782.211306446053,61.7688153510284
59,19,11086,141.142612303807,141.142612303807,0.450798633523429,495.50243550424,883.641980876782,66.32960490709
59,20,5341,143.735255570118,134.334823807099,0.514847845632873,411.676839543157,933.359296011983,58.3866317169069
60,1,23424,133.283299180328,133.283299180328,0.350438436335964,337.792990095628,712.56074965847,70.6445525956284
60,2,24213,131.504357163507,131.504357163507,0.294651224545885,464.012885639945,913.836162392103,54.1269152934374
60,3,25597,131.278860804,131.278860804,0.317170308389099,485.554830644216,757.095128335352,59.6838301363441
60,4,17387,128.77322137229,128.77322137229,0.248265297741947,418.775234370507,688.701386093058,66.5947547017887
60,5,19921,134.513478239044,134.513478239044,0.367054494434383,473.564479694794,749.507856031324,70.8215953014407
60,6,17285,125.900491755858,125.900491755858,0.203634512652463,398.849754122071,746.355684119178,63.7166329187156
60,7,15968,135.890280561122,135.890280561122,0.371060347927796,448.929483967936,942.817196893788,73.3059869739479
60,8,19431,129.694663167104,129.694663167104,0.283080294106742,443.520045288457,852.821831094643,78.1068910503834
60,9,9660,131.871221532091,131.871221532091,0.399957143622976,293.725672877847,824.442443064182,57.6244306418219
60,10,16865,123.913667358435,123.913667358435,0.179108439529126,287.75570708568,680.604862140528,61.4265638897124
60,11,11722,140.397969629756,147.656556465919,0.442583337535188,400.72607063641,818.251407609623,71.7923562531991
60,12,11689,131.142527162289,131.142527162289,0.280738058448831,259.296945846522,746.407733766789,62.2951492856532
60,13,10573,129.893691478294,129.893691478294,0.355460243527197,395.558308900028,937.052492197106,66.3136290551405
60,14,14078,129.613439409007,129.613439409007,0.317350753773951,285.739877823554,834.037505327461,67.2106833357011
60,15,11698,133.368011625919,133.368011625919,0.401387290472028,551.635578731407,857.398615147889,55.787912463669
60,16,10403,128.899740459483,128.899740459483,0.148783297360286,422.437566086706,782.170816110737,60.4331442853023
60,17,9981,130.536018435027,130.536018435027,0.335940974429257,359.386233844304,817.555856126641,60.2874461476806
60,18,8121,135.381356975742,135.381356975742,0.384497769713956,380.482083487255,932.314247013914,58.5776382218939
60,19,5923,134.778321796387,134.778321796387,0.454359774758216,426.31993921999,872.128313354719,58.9258821543137
60,20,13344,131.89081235012,131.89081235012,0.387641092761937,359.92573441247,771.961555755396,50.0069694244604
60,21,4185,143.767264038232,133.440142157096,0.552771027993596,535.708243727599,925.268817204301,69.9739545997611
61,1,22019,129.395794541078,129.395794541078,0.281599423956271,466.685453472001,905.431309323766,55.4039692992416
61,2,23535,135.255534310601,135.255534310601,0.345479225546285,345.854047163799,706.465604418951,71.5127257276397
61,3,17863,129.868275205733,129.868275205733,0.302414708040042,424.4190225606,682.311537815596,66.4816100319095
61,4,17147,135.365136758617,135.365136758617,0.350353083526024,449.810054236893,947.529363737097,73.3657782702514
61,5,10994,132.014735310169,132.014735310169,0.384148949876522,388.045661269784,933.741404402401,67.4956339821721
61,6,17892,126.8023138833,126.8023138833,0.204847468825795,391.630896490051,740.560753409345,63.9167784484686
61,7,19039,130.838752035296,130.838752035296,0.312348162788077,453.983139870792,851.353432428174,78.6249803035874
61,8,16908,132.79731488053,132.79731488053,0.361642637285478,475.786077596404,756.914714927845,59.9053702389401
61,9,19148,133.125235011489,133.125235011489,0.350171735708905,473.126906204303,740.951796532275,71.1882703154376
61,10,11066,135.068227001627,135.068227001627,0.373319588883699,350.288631845292,820.465841315742,61.7491415145491
61,11,10191,131.06260425866,131.06260425866,0.380766768058319,295.285938573251,831.59424982828,57.85035815916
61,12,11775,130.545562632696,130.545562632696,0.345609337578691,553.452908704883,855.75872611465,57.3166029723992
61,13,14182,128.699407699901,128.699407699901,0.291288685454251,285.826822733042,831.670427302214,68.7253560851784
61,14,17178,123.441727791361,123.441727791361,0.16349670390552,297.161136337175,677.250261962976,61.4377692397252
61,15,11886,128.711593471311,128.711593471311,0.306318472462466,265.305317179875,742.775197711593,63.0001682651859
61,16,6979,133.651669293595,128.58397513921,0.400489464933162,502.967330563118,916.79295027941,71.6903567846396
61,17,12098,128.74938006282,128.74938006282,0.233021157948368,411.569350305836,809.173003802281,61.2621920978674
61,18,15907,132.380084239643,132.380084239643,0.373586868657968,351.740240145848,775.299050732382,50.6915823222481
61,19,9747,134.705858212783,134.705858212783,0.357000141689395,377.590027700831,933.174002257105,59.8249717861906
61,20,9055,132.667697404749,132.667697404749,0.354769730635283,407.239757040309,892.677526228603,61.6877967973495
61,21,19259,135.351627810374,135.351627810374,0.412538809948607,407.32384859027,820.740121501636,72.1537982242069
62,1,24557,133.038115404976,133.038115404976,0.331743108287943,352.797817322963,699.074072565867,71.3089546768742
62,2,20759,132.467556240667,132.467556240667,0.341691910171993,473.393756924707,742.419866082181,70.6338937328388
62,3,16217,132.607757291731,132.607757291731,0.374372793380698,439.501140778196,946.698279583154,73.4142566442622
62,4,19386,123.619983493243,123.619983493243,0.187496301352031,300.047147425978,671.541782729805,60.8920870731456
62,5,16689,129.030019773504,129.030019773504,0.227051202548532,436.075019473905,682.232368626041,65.6339505063215
62,6,11249,137.830651613477,143.373067174741,0.401656606313219,455.803449195484,870.776957951818,78.4835096453018
62,7,16411,125.549021997441,125.549021997441,0.185709220591004,393.815611480105,726.064408019012,63.1074888794101
62,8,15737,129.868462858232,129.868462858232,0.347201477580657,282.873673508293,833.655906462477,68.1973057126517
62,9,11997,133.279069767442,133.279069767442,0.394057199044475,298.719263149121,835.249145619738,56.0731016087355
62,10,12899,130.887588185131,130.887588185131,0.357051615148598,266.686487324599,742.69881386154,62.5735328320025
62,11,12678,131.051743177157,131.051743177157,0.36131856442616,544.685754850923,880.581085344692,59.5355734342956
62,12,12766,131.13778787404,131.13778787404,0.316044961761825,378.88265705781,928.914851950493,68.160112799624
62,13,9787,132.805149688362,132.805149688362,0.357358260734961,363.442730152243,938.702973331971,61.2205987534484
62,14,11552,133.320117728532,133.320117728532,0.375883224190864,341.222645429363,818.688538781163,59.7837603878116
62,15,10854,140.693108531417,147.423206925082,0.421465323226147,452.380320619127,911.519716233647,57.8725815367606
62,16,6188,137.621848739496,137.621848739496,0.452919958182434,363.536683904331,799.237879767292,65.2383645765999
62,17,11504,127.651164812239,127.651164812239,0.227337112134563,404.50026077886,810.843184979138,59.2995479833102
62,18,22054,132.819805930897,132.819805930897,0.340408984879932,480.173120522354,768.881472748708,59.7652580030833
62,19,9967,131.930169559546,131.930169559546,0.324666964667414,395.765425905488,892.072840373232,63.3687167653256
62,20,7572,130.749867934496,130.749867934496,0.289245841036675,350.485340729002,732.093370311675,53.7424722662441
62,21,8952,133.855004468275,133.855004468275,0.366444469249172,498.662421805183,926.067917783735,72.277926720286
62,22,5833,139.983370478313,139.983370478313,0.458639897940217,450.227327275844,811.576718669638,76.0145722612721
62,23,6156,136.230506822612,136.230506822612,0.440293873597221,416.749837556855,864.157082521118,49.2792397660819
63,1,16872,128.893551446183,128.893551446183,0.316740452758642,422.539829302987,673.450924608819,64.6712304409673
63,2,26389,132.744476865361,132.744476865361,0.333357007350732,354.037591420668,709.043919815074,70.6083974383266
63,3,22384,133.719353109364,133.719353109364,0.308432605640677,471.510185847034,711.52863652609,70.7816297355254
63,4,14144,130.747384049774,130.747384049774,0.34286980574243,279.63645361991,840.92102658371,68.3004807692308
63,5,17693,125.481433335217,125.481433335217,0.203192204285382,400.553100096083,740.811620414853,61.1239473238004
63,6,12732,130.574065347157,130.574065347157,0.271228527267959,356.183160540371,829.374646559849,58.4830348727615
63,7,14141,132.574923979917,132.574923979917,0.359270595125252,276.592461636376,771.836362350612,63.0293472880277
63,8,16357,134.42795133582,134.42795133582,0.344980316462709,431.518432475393,941.247539279819,72.2007091764994
63,9,13139,130.307938199254,130.307938199254,0.313676647735752,532.816424385417,867.769312733085,60.402998706142
63,10,11671,130.573815439979,130.573815439979,0.267056370767698,369.377859652129,919.163139405364,67.8136406477594
63,11,10348,135.412640123695,135.412640123695,0.365457286234104,489.825086973328,916.809625048318,71.6726903749517
63,12,11443,140.246176701914,133.597603215232,0.468106467141343,437.619505374465,911.43292842786,57.608232106965
63,13,12214,133.987882757491,133.987882757491,0.381971186563768,296.283363353529,844.05919436712,54.8398559030621
63,14,12569,129.420001591216,129.420001591216,0.276068242694385,412.237648182035,879.056806428515,63.6428514599411
63,15,7061,145.406458008781,145.406458008781,0.499690054817499,458.623990936128,781.888542699334,52.6554312420337
63,16,11618,135.327595111035,135.327595111035,0.387030432417839,427.568428300912,858.619728008263,76.730676536409
63,17,10611,133.054942983696,133.054942983696,0.329976769824284,353.248798416737,936.258411082839,61.9601357082273
63,18,12352,127.886091321244,127.886091321244,0.304061916795457,418.214135362694,819.361156088083,57.1255667098446
63,19,9390,131.941214057508,131.941214057508,0.370952324002819,389.999787007455,877.205644302449,49.4085197018104
63,20,10450,127.682105263158,127.682105263158,0.264606381801209,353.252631578947,727.222870813397,53.8010526315789
63,21,10532,129.962969996202,129.962969996202,0.309659389474784,359.354538549183,794.292062286365,64.9852829472085
63,22,8907,129.135399124284,129.135399124284,0.341310974134312,315.572695632649,690.686650948692,61.7820815089256
63,23,10488,131.532418001526,131.532418001526,0.274126032657752,457.558638443936,772.052345537757,72.0435736079329
63,24,6982,133.914637639645,133.914637639645,0.389656141436542,460.592523632197,730.789458607849,64.6426525350902
64,1,17095,143.35805791167,133.772799815503,0.512619614923096,354.430125767768,733.136589646095,69.6043872477333
64,2,19167,129.418270986592,129.418270986592,0.280712006584722,418.298220900506,682.355767725779,62.714926696927
64,3,16281,134.931392420613,134.931392420613,0.359490652300227,440.938455868804,933.860573674836,68.6169154228856
64,4,20798,132.922781036638,132.922781036638,0.292309852346996,468.562409847101,716.381863640735,69.9174439849986
64,5,13957,134.760621910153,134.760621910153,0.374193077541388,277.204556853192,792.871605645912,61.8680232141578
64,6,19242,126.11885458892,126.11885458892,0.189920385447053,412.18293316703,748.603055815404,59.1865710425112
64,7,12686,130.863550370487,130.863550370487,0.278092108090603,374.709995270377,924.313101056283,65.0156077565821
64,8,11461,133.422912485821,133.422912485821,0.362351156404356,346.350754733444,939.585289241776,59.8436436611116
64,9,13064,132.69871402327,132.69871402327,0.377274966077392,365.843233312921,827.230939987753,55.7288732394366
64,10,14346,131.696570472606,131.696570472606,0.336537169782321,282.342046563502,856.129513453227,67.0061341140388
64,11,11351,128.596687516518,128.596687516518,0.262852937986924,435.882036824949,820.906880451062,54.323055237424
64,12,12572,130.043748011454,130.043748011454,0.29313941513933,436.37981228126,877.760658606427,60.7328985046134
64,13,11417,133.026977314531,133.026977314531,0.355281929138725,461.769466584917,764.485942016291,51.782517298765
64,14,10559,133.710578653282,133.710578653282,0.371479131674965,501.52050383559,911.28345487262,69.3688796287527
64,15,13940,131.05487804878,131.05487804878,0.339980810591098,545.829053084649,864.062984218078,58.7594691535151
64,16,11038,132.740442109078,132.740442109078,0.386715574105612,373.076010146766,856.320800869723,48.2982424352238
64,17,10665,133.124613220816,133.124613220816,0.382812757413147,295.53680262541,841.20384435068,52.1238631036099
64,18,10996,128.134412513641,128.134412513641,0.301780773324445,356.03128410331,727.334939978174,52.814932702801
64,19,11780,130.75857385399,130.75857385399,0.342774205581378,375.398387096774,810.870118845501,62.0191001697793
64,20,10717,132.041896053,132.041896053,0.315349495465337,466.812634132686,781.186059531585,70.6840533731455
64,21,10814,132.201405585352,132.201405585352,0.35000371077375,483.792121324209,739.781024597744,62.6437026077307
64,22,20222,124.842399367026,124.842399367026,0.216800982582364,293.28661853427,711.377707447335,60.9427850855504
64,23,4628,147.366681071737,147.366681071737,0.518274794985021,514.83102852204,857.892178046672,77.2268798617113
64,24,5197,148.164517991149,148.164517991149,0.522546583367212,501.012314796998,910.043294208197,57.3725226091976
64,25,4496,155.755338078292,155.755338078292,0.549423509794066,378.405026690391,855.618994661922,72.2571174377224
64,26,5298,139.831634579086,131.523542610559,0.484699001635499,362.185730464326,904.737259343148,52.9235560588901
65,1,17820,139.606902356902,139.606902356902,0.403737450587655,423.155162738496,935.167115600449,71.2508417508417
65,2,21231,136.613866515944,136.613866515944,0.349147635091544,449.642032876454,741.120248692949,72.0118694362018
65,3,21498,127.786724346451,127.786724346451,0.205788455499519,415.388547771886,754.456507582101,61.0286073123081
65,4,19711,132.019887372533,132.019887372533,0.352905850357353,409.905433514281,691.621531124753,64.5890619451068
65,5,18420,143.498317046688,151.158323286417,0.44894168998842,344.238436482085,755.286427795874,69.8577090119435
65,6,12062,134.731387829547,134.731387829547,0.355042195479709,445.862129000166,806.806416846294,72.3919747968828
65,7,8192,141.11279296875,141.11279296875,0.473752194859706,374.22265625,892.067260742188,51.26220703125
65,8,13898,133.730968484674,133.730968484674,0.365695996815185,269.238523528565,793.22362929918,61.6410274859692
65,9,12464,133.732028241335,133.732028241335,0.367789016136949,490.750080231065,916.025593709884,70.5112323491656
65,10,12033,131.711875675226,131.711875675226,0.312498312213656,432.104545832295,883.512424166874,61.884982963517
65,11,11919,135.088681936404,135.088681936404,0.366830487251998,365.802584109405,828.865424951758,56.7325278966356
65,12,11388,132.360906217071,132.360906217071,0.353042990512236,488.184316824728,747.788637161925,65.5040393396558
65,13,13625,129.705908256881,129.705908256881,0.304426349972363,538.498348623853,863.132256880734,60.927119266055
65,14,11259,135.286703970157,135.286703970157,0.359256043743454,333.874855671019,939.545696775913,59.9481303845812
65,15,11198,133.894802643329,133.894802643329,0.290016783294774,368.346490444722,930.205929630291,65.5826933380961
65,16,14735,130.486053613845,130.486053613845,0.337833797176556,263.734102477095,854.060061079063,66.3417712928402
65,17,7766,140.110352819985,147.625186995639,0.450516879192249,360.498197270152,878.14331702292,71.5843420036055
65,18,12081,132.253704163563,132.253704163563,0.320069899852157,461.157685622051,759.298402450128,53.8902408740998
65,19,13381,132.128391002167,132.128391002167,0.387104674358601,435.229579254166,826.555563859203,55.1863089455198
65,20,11857,130.751539175171,130.751539175171,0.21173721542971,361.769587585393,730.251665682719,53.8147086109471
65,21,10905,129.904080696928,129.904080696928,0.341846160237897,301.386428243925,830.276203576341,51.6087116001834
65,22,12903,133.213516236534,133.213516236534,0.345407953104728,377.690692087112,812.471053243432,63.5415019762846
65,23,5935,127.790395956192,127.790395956192,0.286501235942881,284.59898904802,713.975063184499,66.9624262847515
65,24,11634,135.223998624721,135.223998624721,0.423648293160252,381.203111569538,848.763967680935,48.8940175348118
65,25,7089,137.309916772464,137.309916772464,0.422949151792214,488.569897023558,927.229933700099,59.3629566934688
65,26,6819,126.95439213961,126.95439213961,0.282387156842457,311.391699662707,718.591435694383,55.9668573104561
65,27,6256,133.874520460358,128.325228650837,0.440796501973558,485.595108695652,847.552589514067,75.8569373401535
66,1,18413,135.739043067398,135.739043067398,0.36866244064976,416.955900722316,926.854939444957,72.0673980339977
66,2,21845,127.054886701762,127.054886701762,0.209735601024695,434.730739299611,757.066697184711,61.5040512703136
66,3,10946,133.370729033437,133.370729033437,0.363055163276039,407.681162068335,879.555545404714,50.6516535720811
66,4,13807,130.035271963497,130.035271963497,0.355215524399412,462.409719707395,823.340044904758,55.6487289056276
66,5,20117,130.873688919819,130.873688919819,0.318229303321944,410.257245116071,690.231396331461,64.1553412536661
66,6,12296,133.146470396877,133.146470396877,0.379055293669243,389.487638256344,827.203724788549,55.8573519843852
66,7,12741,130.478455380268,130.478455380268,0.350308877105806,488.637783533475,906.561337414646,71.2859273212464
66,8,14165,130.752417931521,130.752417931521,0.316119713691681,292.186727850335,769.441087186728,58.1816448993999
66,9,9573,140.822626136008,140.822626136008,0.445769956710604,347.935965736969,690.711062362896,70.0071033113966
66,10,12099,132.643937515497,132.643937515497,0.384169942005586,420.920985205389,839.042565501281,47.6083973882139
66,11,12254,134.910967847234,134.910967847234,0.349977376784755,434.904276154725,816.360780153419,73.0452913334421
66,12,12443,134.844731977819,134.844731977819,0.356991718174305,353.107691071285,938.304187093145,57.6152857028048
66,13,11372,130.327646851917,130.327646851917,0.350159019305677,493.002638058389,750.111238128737,55.2809532184312
66,14,11170,137.871888988362,137.871888988362,0.389442124581719,353.830528200537,872.801700984781,71.0754700089525
66,15,13618,133.027757379938,133.027757379938,0.347604401580695,370.217212512851,932.190409751799,63.967616390072
66,16,14641,140.021241718462,140.021241718462,0.452975251952483,437.895157434601,732.452359811488,72.5357557543884
66,17,11792,130.777985074627,130.777985074627,0.291948081485263,496.42723880597,748.686991180461,66.1851255088195
66,18,12777,130.856617359318,130.856617359318,0.316243695211007,446.963997808562,890.933630742741,61.9046724583236
66,19,13178,133.356730915162,133.356730915162,0.37238902925614,394.646304446805,830.048262255274,63.1346941872818
66,20,15807,129.382741823243,129.382741823243,0.27742298400753,271.443474410071,851.520592142722,62.3159359777314
66,21,9204,147.109843546284,147.109843546284,0.462228087393115,351.261734028683,780.901673185571,62.6429813124728
66,22,13527,129.297553042064,129.297553042064,0.309109052906193,552.323722924521,856.915871959784,62.7468026909145
66,23,12335,130.395460072963,130.395460072963,0.307778959737826,336.989298743413,822.836886907175,49.3379813538711
66,24,8188,127.24279433317,127.24279433317,0.292764299893683,291.437713727406,742.364680019541,67.0676599902296
66,25,8964,132.598616688978,132.598616688978,0.357483060433944,506.889335118251,914.622378402499,61.1026327532352
66,26,12368,129.323334411384,129.323334411384,0.33090090810348,409.305465717982,737.158473479948,51.9346701164295
66,27,8382,125.5,125.5,0.157583350388014,341.945478406108,703.583273681699,53.2637795275591
66,28,8111,133.068548884231,133.068548884231,0.364869644178944,471.256565158427,850.87473801011,76.4751571939342
67,1,19641,131.054121480576,131.054121480576,0.264107668159811,424.70388473092,696.14128608523,63.8732243775775
67,2,21098,139.127547634847,139.127547634847,0.389682083593739,374.969428381837,931.951132808797,72.9898094606124
67,3,13152,132.525243309002,132.525243309002,0.384544986112694,308.478330291971,878.514902676399,71.4421380778589
67,4,15949,128.354567684494,128.354567684494,0.213655486192726,251.364850460844,848.266975985955,60.2975735155809
67,5,15218,134.057957681693,134.057957681693,0.362654940332176,338.002299908004,937.611775528979,64.0919963201472
67,6,12435,133.752955367913,133.752955367913,0.361263293635788,397.798632891033,825.728508242863,74.243104141536
67,7,12677,135.193263390392,135.193263390392,0.38584879465351,363.615445294628,693.086061370987,68.0185375088743
67,8,13130,134.090555978675,134.090555978675,0.385260154809836,373.287204874334,839.184310738766,56.831226199543
67,9,17699,138.451720436183,138.451720436183,0.376196675792576,433.103056669868,747.462738007797,71.9640092660602
67,10,12542,131.78886939882,131.78886939882,0.340582691990266,397.649258491469,887.254823792059,52.7157550629884
67,11,13408,136.835918854415,136.835918854415,0.379549723576506,330.804967183771,946.259994033413,57.8255519093079
67,12,12683,139.99006544193,132.776741550383,0.446698940607567,326.568004415359,780.90152172199,63.7566033272885
67,13,12773,129.895326078447,129.895326078447,0.255436499064954,405.419870038362,753.681359116887,52.3446332106788
67,14,14130,134.897593772116,134.897593772116,0.383876994521377,356.583297947629,836.393347487615,64.8084925690021
67,15,12604,132.237384957156,132.237384957156,0.267573968988416,453.0783084735,920.687638844811,71.9166137734053
67,16,12836,131.461202866937,131.461202866937,0.320728666756774,488.864287940168,768.459099407915,67.2072296665628
67,17,18741,129.05442612454,129.05442612454,0.213036670535602,414.786724294328,767.557921135478,62.9009124379702
67,18,13561,130.387655777598,130.387655777598,0.350149721658503,449.145785709019,840.78895361699,57.2299240468992
67,19,9165,125.869394435352,125.869394435352,0.246387130374422,274.092416803055,735.984506273868,67.0824877250409
67,20,10661,138.711565519182,138.711565519182,0.403156942216194,428.886502204296,873.066035081137,76.550042209924
67,21,13835,129.632815323455,129.632815323455,0.241579938976968,525.488182146729,878.468666425732,64.5530899891579
67,22,12579,130.423006598299,130.423006598299,0.360626645582393,488.25280228953,769.527784402576,56.5860561252882
67,23,14959,130.38104151347,130.38104151347,0.330203851555736,287.702854468882,757.751721371749,58.0944581857076
67,24,12315,130.222980105562,130.222980105562,0.34682379879441,418.034185952091,898.27503045067,63.3937474624442
67,25,12599,131.147472021589,131.147472021589,0.353188171145803,336.512262878006,830.987141836654,49.7691880307961
67,26,11047,135.090069702182,135.090069702182,0.382941337934001,414.455055671223,859.148094505296,48.2928396849823
67,27,10098,124.842345018816,124.842345018816,0.140655777443714,353.550207961973,712.319073083779,54.1892453951277
67,28,9319,133.533855563902,133.533855563902,0.349081351907987,480.88807811997,924.08702650499,63.277819508531
68,2,22499,129.963865060669,129.963865060669,0.260904718704313,435.164540646251,679.822658784835,60.6117160762701
68,3,18791,139.352934915651,139.352934915651,0.363171707040281,394.208770155926,907.447288595604,72.3355329679102
68,4,16760,128.292362768496,128.292362768496,0.268495585429716,262.790334128878,841.439558472554,59.676491646778
68,5,14100,130.749716312057,130.749716312057,0.349659113894874,456.117730496454,835.049787234043,55.4200709219858
68,6,12606,130.368237347295,130.368237347295,0.233639973362184,404.962398857687,881.927812152943,52.2073615738537
68,7,14664,130.386593016912,130.386593016912,0.304842495120867,538.081082924168,855.097040370977,62.9667894162575
68,8,13201,132.670631012802,132.670631012802,0.295545306943225,410.542307400954,790.92644496629,71.9821983183092
68,9,13616,133.680082256169,133.680082256169,0.312143375348124,380.424427144536,687.011824324324,66.4141451233843
68,10,8705,143.405399195864,143.405399195864,0.487573314223354,411.600459506031,738.13555427915,76.8844342331993
68,11,14441,134.770722249152,134.770722249152,0.357904561882454,353.980887750156,821.374212312167,63.9425247559033
68,12,12353,133.190399093338,133.190399093338,0.315929081223031,320.860519711811,865.075771067757,71.3273698696673
68,13,13287,138.100699932265,138.100699932265,0.399112878138129,348.629336945887,940.27214570633,57.0060961842402
68,14,12396,133.855759922556,133.855759922556,0.37049549303065,358.10148434979,930.362939657954,64.0633268796386
68,15,13178,130.116406131431,130.116406131431,0.329274358003724,476.471847017757,887.034223706177,70.6488845044772
68,16,13093,133.235545711449,128.372682376696,0.415142497919236,425.561215916902,750.817612464676,60.1963644695639
68,17,9984,125.30078125,125.30078125,0.188054894086851,292.9453125,717.657752403846,66.1788862179487
68,18,12734,136.194204491911,136.194204491911,0.399634718169536,420.51562745406,859.384168368148,47.0102088895869
68,19,13753,131.549770959063,131.549770959063,0.342184649861976,342.696938849706,824.486802879372,49.0918345088344
68,20,16438,130.39871030539,130.39871030539,0.315369091610441,294.08583769315,751.550127752768,57.371030538995
68,21,13041,135.516371443908,135.516371443908,0.341533283050718,370.858829844337,839.76612222989,56.2993635457404
68,22,11296,136.521334985836,136.521334985836,0.367321462667134,442.896777620397,840.540456798867,74.7579674220963
68,23,13191,130.571146994163,130.571146994163,0.310398918943603,428.278371617012,876.995603062694,62.4099006898643
68,24,13376,129.729590311005,129.729590311005,0.283233902227778,406.549192583732,754.125224282297,49.5456788277512
68,25,9964,135.054897631473,130.247882477829,0.42127440693883,490.025190686471,903.29114813328,62.2138699317543
68,26,13174,137.814483072719,137.814483072719,0.39760083610992,336.394033702748,767.191665401548,63.0933657203583
68,27,11041,124.509374150892,124.509374150892,0.158568230721914,351.054252332216,708.617697672312,52.8546327325423
68,28,13117,130.517725089578,130.517725089578,0.333951984551763,496.02637798277,758.250362125486,54.0423115041549
68,149,6354,143.553509600252,143.553509600252,0.444353606039008,479.482845451684,742.829398803903,65.8312873780296
68,150,7895,134.320202659911,134.320202659911,0.332884953878929,520.507663077897,750.506269791007,64.9006966434452
69,1,17207,128.969198581972,128.969198581972,0.312009249219104,259.977974080316,841.0923461382,59.7285407101761
69,2,22365,132.664296892466,132.664296892466,0.355543037925681,442.169014084507,688.879588642969,61.6395260451598
69,3,13881,134.872991859376,134.872991859376,0.357118933052958,333.808731359412,776.243714429796,64.9066349686622
69,4,16929,133.023332742631,133.023332742631,0.386967089264287,451.606060606061,832.172721365704,55.3948845176915
69,6,13648,133.090929073857,133.090929073857,0.394545829855472,313.476260257913,879.376685228605,71.3513335287222
69,7,15115,130.868871981475,130.868871981475,0.3096460787998,348.650082699305,939.634733708237,63.4658948064836
69,8,15475,132.546365105008,132.546365105008,0.265370351737926,534.467399030695,865.141647819063,62.8679806138934
69,9,13413,135.475807052859,135.475807052859,0.366426739909364,412.370759710728,808.273167822262,73.3865652724968
69,10,13640,136.756671554252,136.756671554252,0.342417836010196,365.930498533724,842.671554252199,56.8093108504399
69,11,12717,134.412675945585,134.412675945585,0.356162735539799,474.674923330974,901.864354800661,70.8355744279311
69,13,15525,129.818872785829,129.818872785829,0.325975985432818,287.22769726248,753.845346215781,58.8047665056361
69,14,12791,129.665624267063,129.665624267063,0.270129860896127,345.789539519975,815.277382534595,48.88202642483
69,15,13964,134.988900028645,134.988900028645,0.299592181525226,346.618948725294,937.658837009453,56.3813377255801
69,16,14998,130.659954660621,130.659954660621,0.300652775476383,425.588811841579,882.74283237765,62.2405654087212
69,17,8919,154.780692902792,154.780692902792,0.497735562259358,377.252494674291,917.602533916358,72.0173786298912
69,18,11511,137.625141169316,131.399685597668,0.44199742666135,485.239510033881,912.296499000956,61.8375466944662
69,19,13448,133.098081499108,133.098081499108,0.391365149137619,498.700475907198,759.832242712671,54.8925490779298
69,20,15803,132.969562741252,132.969562741252,0.344078897646628,353.669050180345,831.990318293995,64.2918433208884
69,21,14221,131.679136488292,131.679136488292,0.351105781078884,406.645453906195,744.279586526967,50.9398073271922
69,22,12570,135.138504375497,135.138504375497,0.391576637944244,529.442084327765,769.717024661893,66.4584725536993
69,23,12647,135.45757887246,135.45757887246,0.373192251539201,391.32387127382,708.215861469123,68.5339606230727
69,24,9441,125.390424743142,125.390424743142,0.242639786064647,300.71496663489,723.17540514776,68.3051583518695
69,25,11218,137.732929220895,137.732929220895,0.349969149594008,437.68292030665,863.722499554288,75.4274380459975
69,26,10596,142.776047565119,142.776047565119,0.387391005269213,415.358342770857,765.407040392601,78.4369573423934
69,27,10579,123.97523395406,123.97523395406,0.153449895502343,350.241327157576,701.986671708101,55.2632573967294
69,28,7050,135.889078014184,135.889078014184,0.450747544155571,370.381985815603,773.17829787234,57.8550354609929
69,151,8745,141.444482561464,141.444482561464,0.351244706917663,420.153344768439,853.958490566038,46.9001715265866
69,152,7256,136.695424476295,136.695424476295,0.308210011751052,406.879685777288,875.785281146637,51.8172546857773
69,154,5171,146.565847998453,154.069610532347,0.402702406337017,470.338425836395,760.845484432412,64.8677238445175
69,155,5169,152.159605339524,152.159605339524,0.365305979743809,479.792803250145,764.469142967692,69.2758754111047
70,1,22184,132.76329787234,132.76329787234,0.334173178973571,443.997160115398,693.067030292102,60.1465019834115
70,2,13194,155.087767166894,165.67528061486,0.462557919470884,394.516143701683,917.659011671972,70.893587994543
70,3,13926,133.793336205658,133.793336205658,0.366503848328469,317.962803389344,875.556872037915,71.4479391067069
70,4,14005,136.23020349875,136.23020349875,0.342788879309379,421.209782220635,809.500178507676,73.4237058193502
70,5,17911,128.468148065435,128.468148065435,0.274061592626201,271.003182401876,838.13516833231,60.0621405839987
70,6,14879,131.309227770684,131.309227770684,0.323299271950647,412.160427448081,738.132804623967,50.3159486524632
70,8,16700,130.011437125749,130.011437125749,0.306313837298303,293.154910179641,754.975149700599,59.5901796407186
70,9,14542,137.708499518636,137.708499518636,0.393825119453699,345.79067528538,771.189244945675,65.4066153211388
70,10,13800,133.858768115942,133.858768115942,0.385867689394571,533.340072463768,778.245,67.2861594202898
70,11,13943,131.944057950226,131.944057950226,0.318561777149451,435.402280714337,881.33873628344,61.6504339094886
70,12,11212,141.695861576882,141.695861576882,0.434020591784537,435.144042097752,759.192739921513,76.9468426685694
70,13,15045,133.694715852443,133.694715852443,0.324532700725072,354.440013293453,938.738650714523,62.7520106347624
70,14,15153,131.393321454497,131.393321454497,0.283522391928503,541.442816603973,870.858377878968,62.4014386590114
70,15,10824,136.375923872875,136.375923872875,0.370630442476746,491.546470805617,916.888026607539,60.7837213599409
70,16,13773,130.974370144486,130.974370144486,0.328664738147787,349.866986132288,801.977782618166,49.4465984171931
70,17,11802,142.099898322318,134.777080214986,0.420241072159701,471.213523131673,772.627436027792,69.5143196068463
70,18,13239,132.579424427827,132.579424427827,0.373648985332243,510.026739179696,761.849762066621,54.3362791751643
70,19,14970,130.478490313961,130.478490313961,0.277071065691581,459.532197728791,826.314295257181,54.4440881763527
70,20,11708,138.186368295183,138.186368295183,0.375572461290986,444.117953536044,863.718653911855,74.9927400068329
70,21,9441,132.164071602584,132.164071602584,0.341920919736656,372.28577481199,755.338629382481,60.6525791759348
70,22,14018,137.026251961763,137.026251961763,0.354949496449627,401.052503923527,708.799828791554,68.4295191896134
70,23,11078,124.29779743636,124.29779743636,0.141233068343016,342.938165733887,691.103538544864,55.7875067701751
70,24,10329,125.21473521154,125.21473521154,0.206262056029041,315.886145803079,723.668699777326,69.5232839577887
70,25,13578,132.696199734865,132.696199734865,0.348265122771614,481.879879216379,901.058550596553,70.0413168360583
70,26,15824,134.043035894843,134.043035894843,0.333833650693364,361.825581395349,829.058329120324,64.5497345803842
70,27,14107,137.575104558021,143.059596043982,0.40996780545764,370.451548876444,833.616006238038,56.5905578790671
70,28,13459,138.898580875251,138.898580875251,0.366200964113985,361.389999257003,932.399509621814,56.0679842484583
70,29,9608,131.184117402165,131.184117402165,0.390625216152468,462.00676519567,753.035074937552,64.9236053288926
70,156,8830,139.77791619479,139.77791619479,0.369057880629504,418.890826727067,842.424688561721,46.4952434881087
70,157,7061,136.980880895057,136.980880895057,0.35795034105477,410.843931454468,865.649058207053,51.9130434782609
71,1,23188,134.528204243574,134.528204243574,0.354145840370064,468.346342936001,704.234172848025,60.0623167155425
71,2,17909,127.748729688983,127.748729688983,0.272314882483308,277.655647998213,825.532581383662,58.36244346418
71,3,16402,132.334837214974,132.334837214974,0.354700752147595,473.829167174735,838.139921960737,54.0749908547738
71,4,15936,131.818712349398,131.818712349398,0.290333645838001,532.802899096386,885.453940763052,63.8885542168675
71,5,16127,129.579773051404,129.579773051404,0.316242106326933,308.391703354623,743.898865257022,57.6863024741117
71,6,14154,133.313904196694,133.313904196694,0.335125018106405,359.387946870143,827.455065705808,63.7778719796524
71,7,15657,133.267867407549,133.267867407549,0.284768560703902,430.870473270742,886.792808328543,62.1624832343361
71,8,14186,136.03108698717,136.03108698717,0.362521025012291,343.412519385309,768.7202876075,64.8258846750317
71,9,14740,136.037652645862,136.037652645862,0.349464204549969,415.791112618725,804.48052917232,73.0143147896879
71,10,10301,125.063197747791,125.063197747791,0.18812970062537,316.319192311426,715.196000388312,68.2432773517134
71,11,14712,134.105696030451,134.105696030451,0.389266527605096,307.939437194127,870.311854268624,70.5400353452964
71,12,16026,132.423686509422,132.423686509422,0.357267478899216,436.880881068264,742.837264445276,50.5385623362037
71,13,15404,137.5402492859,137.5402492859,0.382340159322744,379.338029083355,837.645741365879,56.1213970397299
71,14,13777,134.114756478188,134.114756478188,0.260438397394194,461.143137112579,908.331276765624,70.8038034405168
71,15,14312,139.770122973728,139.770122973728,0.383356968971892,369.220304639463,930.325670765791,55.9503214086082
71,17,11504,134.457579972184,134.457579972184,0.357281866641536,480.047722531293,925.740177329624,61.8829102920723
71,18,11804,140.753303964758,147.313391407471,0.414128053880357,429.843358183667,752.700609962724,75.6859539139275
71,19,14625,132.998769230769,132.998769230769,0.353827712038182,421.364786324786,875.592957264957,51.3386666666667
71,20,12677,141.647945097421,141.647945097421,0.388878445460308,433.465409797271,853.055218111541,76.5560463832137
71,21,13796,133.582995071035,133.582995071035,0.385907379991064,531.043128443027,781.166062626848,55.3266164105538
71,22,14324,136.707483943033,136.707483943033,0.385562159736712,400.823582798101,708.261938006144,67.4620915945267
71,23,12698,129.921877461017,129.921877461017,0.252687622321653,394.261852260198,747.244841707355,59.1515199243975
71,24,11546,124.214966222068,124.214966222068,0.0860270461645016,362.061752988048,686.044777412091,55.8864541832669
71,25,13280,135.615436746988,135.615436746988,0.377474667488743,529.461295180723,787.610090361446,68.8636295180723
71,26,14581,137.156230711199,142.856362742965,0.406464416621413,433.580344283657,846.707358891708,45.931486180646
71,27,13970,131.24466714388,131.24466714388,0.336748926009443,367.476234788833,797.562920544023,48.884681460272
71,28,14208,132.318975225225,132.318975225225,0.305492140298361,351.723254504504,938.706573761261,62.7489442567568
71,29,6545,159.818792971734,159.818792971734,0.502314768734119,388.031779984721,966.49243697479,70.1263559969442
71,30,5937,155.864578069732,155.864578069732,0.509031960334926,396.845713323227,865.603503452922,69.9989893885801
71,158,6667,134.952602369882,134.952602369882,0.314916301346757,477.045447727614,758.285885705715,64.4379781010949
71,159,8985,146.674568725654,146.674568725654,0.437970972789118,470.903505843072,781.142570951586,69.3713967723984
72,1,18156,127.496970698392,127.496970698392,0.273583467392591,276.713207755012,822.044117647059,58.3839502092972
72,2,15850,137.749652996845,137.749652996845,0.36928479416237,342.271798107256,769.289400630915,65.3791798107255
72,3,14145,133.406998939555,133.406998939555,0.275885203614363,420.837398373984,888.061576528809,62.4361258395193
72,4,25706,133.534544464327,133.534544464327,0.336442809433875,473.292383101222,714.459348012137,61.28293005524
72,5,15572,134.694194708451,134.694194708451,0.351783426293478,347.29450295402,829.013871050604,64.9059208836373
72,6,15754,132.455757267995,132.455757267995,0.314008966803672,469.844039608988,850.204773390885,54.5060936904913
72,7,13665,132.844127332602,132.844127332602,0.383641854191227,302.326308086352,864.074277350896,71.8875960482986
72,8,8139,147.715935618626,147.715935618626,0.461683687904692,374.535446615063,867.053077773682,70.9395503133063
72,9,17522,131.703001940418,131.703001940418,0.311739320027317,522.268919073165,889.745291633375,65.1919872160712
72,10,14888,131.506246641591,131.506246641591,0.290969261813513,366.249261149919,799.687264911338,49.0667651800107
72,11,12494,138.868736993757,138.868736993757,0.431433873477228,421.605010404994,846.427485192893,78.113654554186
72,12,14709,133.868787816983,133.868787816983,0.394283034755624,531.725202257122,787.642055884153,56.2265279760691
72,13,17642,130.142614216075,130.142614216075,0.316516625879156,317.169708649813,745.728998979708,57.1856932320599
72,14,13544,136.209539279386,136.209539279386,0.383602693958118,518.175428233904,793.994388659185,70.2177347903131
72,15,15196,137.295275072387,137.295275072387,0.390678738646504,435.67379573572,851.201434588049,47.0496841274019
72,16,9980,144.756513026052,152.627691879182,0.426608560745479,380.877955911824,944.007214428858,71.0408817635271
72,17,15771,131.87515059286,131.87515059286,0.331746831270432,441.907995688289,744.979455963477,51.2945913385327
72,18,13659,129.651658247309,129.651658247309,0.263057124178744,401.667545208288,755.991141371989,59.4995973350904
72,19,15240,137.962664041995,137.962664041995,0.373246841055801,371.470406824147,843.386089238845,56.3066272965879
72,20,12598,139.235354818225,139.235354818225,0.41106721316789,424.092078107636,743.727417050325,75.1959041117638
72,21,14562,136.50611179783,136.50611179783,0.366489919828494,445.179302293641,907.673808542783,72.270841917319
72,22,13260,133.970588235294,133.970588235294,0.390751387844112,418.806787330317,889.682503770739,51.2378582202112
72,23,11137,143.146089611206,143.146089611206,0.423458507987321,456.636616683128,785.871150219987,68.9894046870791
72,24,15368,140.9819104633,140.9819104633,0.392593375003963,368.851574700677,934.133133784487,57.4609578344612
72,25,14586,136.218154394625,136.218154394625,0.373161182223778,392.663924310983,705.616687234334,66.892088303853
72,26,10136,124.948500394633,124.948500394633,0.217764495019113,306.785023677979,710.838397790055,68.3030781373323
72,27,15544,136.32842254246,136.32842254246,0.376463121285644,407.540851775605,799.736811631498,74.2205352547607
72,28,11414,134.127825477484,134.127825477484,0.338582126337377,472.427282284913,929.399596986157,62.5176099526897
72,29,14326,133.657755130532,133.657755130532,0.319167607651582,346.4965796454,938.650425799246,64.280957699288
72,30,12095,124.576932616784,124.576932616784,0.156354891580861,370.795618023977,690.558991318727,56.37453493179
72,31,10886,133.023424582032,133.023424582032,0.290648067481583,478.226345765203,770.145599853022,64.404188866434
73,1,16746,132.961125044787,132.961125044787,0.369366283419109,468.469544965962,840.775349337155,53.717663919742
73,2,18211,130.110592499039,130.110592499039,0.261346434488,269.124375377519,825.308934160672,57.9485475811323
73,3,18107,129.485778980505,129.485778980505,0.314838486266797,301.593472137847,748.0062406804,55.6602418953996
73,4,14737,130.205129945036,130.205129945036,0.278136023964364,356.458845083803,805.909411684875,48.327950057678
73,5,15862,132.486823855756,132.486823855756,0.307071197892272,420.802105661329,878.908775690329,62.3326818812256
73,6,14815,135.988795140061,135.988795140061,0.353546763473722,366.297266284171,847.681268984138,55.7221734728316
73,7,16512,131.882146317829,131.882146317829,0.299153778937248,430.676901647287,739.340721899225,49.7048207364341
73,8,13338,135.218698455541,135.218698455541,0.390796165191144,293.356125356125,851.633528265107,71.9203778677463
73,9,16080,135.779850746269,135.779850746269,0.341880138064465,328.47618159204,763.958395522388,64.7251865671642
73,10,10167,136.868004327727,136.868004327727,0.387361293808597,385.218058424314,929.909904593292,71.9100029507229
73,11,15122,136.670347837588,136.670347837588,0.349755436480098,378.766763655601,933.979896839042,57.803928051845
73,12,14729,132.302668205581,132.302668205581,0.321176813664199,372.874533233757,691.694140810646,64.4390657885804
73,13,18185,135.19967005774,135.19967005774,0.369267100788305,526.118504261754,863.018641737696,64.9927962606544
73,14,15016,136.422749067661,136.422749067661,0.429063386982935,509.337639850826,760.942128396377,68.6847362812999
73,15,15716,136.164291168236,136.164291168236,0.411815140389507,522.775706286587,768.888139475694,55.2409646220412
73,17,15052,133.921140047834,133.921140047834,0.214696374490492,335.576003188945,824.191203826734,64.7517937815573
73,18,15962,143.623480766821,143.623480766821,0.487733929293066,461.144342814184,701.879714321514,59.2665079563964
73,19,14236,133.262011801068,133.262011801068,0.361253734372997,418.708064062939,887.065889294746,50.4841949985951
73,20,15338,132.849654452993,132.849654452993,0.294280337631172,355.22330160386,933.283739731386,64.7549224149172
73,21,13943,142.320806139281,142.320806139281,0.397553816275043,442.253747400129,772.676325037653,67.3515742666571
73,22,11826,135.109166243869,135.109166243869,0.358517606955822,478.673685100626,911.035261288686,63.0299340436327
73,23,13647,134.101121125522,134.101121125522,0.34953098163134,417.043379497325,717.162453286437,72.7702059060599
73,24,13425,127.990689013035,127.990689013035,0.267480758213784,384.657430167598,760.260558659218,57.9310242085661
73,25,12268,123.487528529508,123.487528529508,0.146218247596335,359.915634170199,686.649005542876,54.3567818715357
73,26,14845,135.101178848097,135.101178848097,0.366555247538563,449.339642977433,879.77810710677,72.8243179521724
73,27,11297,125.081614587944,125.081614587944,0.175986579413805,291.295565194299,703.817562184651,65.8071169336992
73,28,9033,137.771061662792,137.771061662792,0.440480451165768,373.986826082143,858.938558618399,71.0121775711281
73,29,14300,138.696643356643,138.696643356643,0.386075082418275,434.018461538462,846.488391608392,46.1727972027972
73,30,9560,132.058472803347,132.058472803347,0.312922913258966,463.106276150628,783.26129707113,62.8003138075314
73,160,12138,135.898171033119,135.898171033119,0.334162898168799,396.558329214039,782.352117317515,73.2470753007085
73,161,10033,134.922754908801,134.922754908801,0.348872630739409,417.765673278182,809.551779128875,77.6962025316456
74,1,15793,139.190907364022,143.986851388433,0.402556384496964,438.149496612423,851.310074083455,46.8265054137909
74,2,14937,136.027180826136,136.027180826136,0.414862766463595,420.190600522193,721.445738769499,72.8511749347258
74,3,17283,134.167389920731,134.167389920731,0.321247271031476,475.195972921368,843.872302262339,54.0335589886015
74,4,16171,134.662976934018,134.662976934018,0.341827430287655,343.203326943294,833.222806258116,65.2310926968029
74,5,19026,129.539840218648,129.539840218648,0.310157473674528,274.12976978871,826.68889940082,58.3219804478083
74,6,17504,129.98491773309,129.98491773309,0.267357696449785,314.202410877514,753.761083180987,55.8586608775137
74,7,18441,135.637058727835,135.637058727835,0.354029471804361,531.734721544385,868.994848435551,65.4063228675235
74,8,15927,135.831104413888,135.831104413888,0.417356048398461,512.220192126578,760.450053368494,68.5866139260375
74,9,16666,133.296531861274,133.296531861274,0.343714772658038,439.535041401656,745.286751470059,50.6788071522861
74,10,12564,135.485434574976,135.485434574976,0.364855443840991,419.799984081503,817.323702642471,77.8787806431073
74,11,13626,134.70607661823,134.70607661823,0.363984437760058,294.713415529135,854.994715984148,72.3958608542492
74,12,15179,133.568021608802,133.568021608802,0.363827392572798,359.046445747414,940.63041043547,64.8823374398841
74,13,17056,134.442718105066,134.442718105066,0.370963189523069,424.920907598499,887.858818011257,63.2414399624765
74,14,14875,141.919596638655,141.919596638655,0.374784454730567,384.827092436975,939.429915966387,57.864
74,15,23984,137.561165777185,132.367765621496,0.415250640805856,458.105028352235,713.904811541027,60.9698132088059
74,16,15315,130.557753836108,130.557753836108,0.287992837842581,392.583023179889,768.311655239961,58.3715964740451
74,17,15560,137.478406169666,137.478406169666,0.385921490868277,329.265038560411,771.36940874036,65.1864395886889
74,18,15433,135.132249076654,135.132249076654,0.398740596177927,528.202682563338,771.659301496793,55.4894706149161
74,19,11649,145.137265001288,150.985014117011,0.407036524757442,437.529573353936,780.987895956735,68.2010473001974
74,20,15606,132.921056004101,132.921056004101,0.371821529302124,361.696270665129,809.922850185826,48.8132769447648
74,21,15285,139.723912332352,139.723912332352,0.395672151187293,370.461956166176,855.172522080471,56.3758586849853
74,22,11130,139.9,145.660246361105,0.421400391953636,392.841778975741,936.120844564241,72.8077268643306
74,23,12585,124.439650377433,124.439650377433,0.0903653390897857,369.15796583234,691.304410011919,54.7435041716329
74,24,15846,135.799129117758,135.799129117758,0.364845799732064,398.386848416004,786.351129622618,73.2533131389625
74,25,14598,134.012261953692,134.012261953692,0.369052119832307,371.277503767639,697.424510206878,64.7061926291273
74,26,16019,135.493289219052,135.493289219052,0.391106006681786,458.851426431113,884.670828391285,73.1051875897372
74,27,12203,135.642874702942,135.642874702942,0.386784507587529,486.873309841842,919.141030894043,62.9221502909121
74,28,14095,135.070521461511,135.070521461511,0.372496222568325,419.863497694218,894.494217807733,50.7076268180206
74,29,11231,124.910604576618,124.910604576618,0.221960914825508,295.357759772059,706.292672068382,65.7866619179058
74,30,12368,134.034443725744,134.034443725744,0.327239928597766,466.21021992238,799.36254851229,63.1252425614489
74,31,8989,138.588274557793,144.703958983118,0.408639163508641,384.099677383469,880.87284458783,72.0011124707976
75,1,19697,133.737625019038,133.737625019038,0.337634104311856,532.52678072803,876.696197390465,65.4154947453927
75,2,15851,135.652703299476,135.652703299476,0.398359256950589,540.936281622611,786.34559333796,55.4329695287364
75,3,16508,137.784892173492,137.784892173492,0.394252482385632,429.957414586867,721.110431306033,73.4742549067119
75,4,20345,128.779749324158,128.779749324158,0.258327014229477,279.270533300565,816.358564757926,58.067731629393
75,5,16111,140.147414809757,140.147414809757,0.389106185575428,377.727267084601,847.436968530817,56.2572776363975
75,6,16274,133.518188521568,133.518188521568,0.29596445277942,484.086088238909,848.798881651714,54.0931547253287
75,7,11331,132.180125319919,132.180125319919,0.338983613661589,478.43853146236,922.565439943518,62.6189215426705
75,8,14302,132.812823381345,132.812823381345,0.371275105299204,296.021395609006,842.292406656412,72.3494616137603
75,9,15967,130.147992735016,130.147992735016,0.276838916813912,404.85520135279,756.363311830651,58.7184192396818
75,10,16643,135.804001682389,135.804001682389,0.362568434852862,395.867511866851,776.189449017605,73.0709607642853
75,11,15175,142.891861614498,142.891861614498,0.388424366257553,379.555782537068,938.832883031301,57.9084678747941
75,12,15515,134.521366419594,134.521366419594,0.387783036924745,518.341798259749,760.211730583306,67.2489203996133
75,13,15035,139.450349185234,139.450349185234,0.399332255388828,439.289723977386,852.468972397739,46.998270701696
75,14,12858,136.610048219008,136.610048219008,0.40294962379416,418.511510343755,817.756805101882,77.8106237361954
75,15,17904,135.57026362824,135.57026362824,0.368711985456922,345.099363270777,821.137957998213,65.2214030384272
75,16,18850,130.40976127321,130.40976127321,0.275947978038173,319.445835543767,742.172201591512,55.2544827586207
75,17,16330,134.328169014084,134.328169014084,0.338477468465044,425.352357624005,884.213900796081,63.5608695652174
75,18,15844,133.864680636203,133.864680636203,0.351923554693784,371.194584700833,806.542981570311,48.9874400403938
75,19,11360,147.286971830986,155.535153320226,0.437471820366024,439.389964788732,790.614524647887,67.4218309859155
75,20,14628,124.89629477714,124.89629477714,0.1605758583227,392.09495488105,689.618949958983,54.5146978397594
75,21,16568,134.876086431676,134.876086431676,0.348169707662094,372.584379526799,679.095666344761,64.0873370352487
75,22,15913,138.256959718469,138.256959718469,0.369507736548742,333.361402626783,757.539307484447,64.6089360899893
75,23,15333,136.110871975478,136.110871975478,0.353044134330839,354.200808713233,933.704102263093,64.8514315528599
75,24,13555,135.257617115456,135.257617115456,0.33460795930784,416.371302102545,895.754186646994,50.9750645518259
75,25,10986,144.180684507555,150.107098916545,0.411751418856017,378.75978518114,935.097396686692,72.8478062989259
75,26,9615,143.951742069683,151.936353927547,0.45379589721759,380.523348933957,868.726053042122,71.8324492979719
75,27,12173,133.086831512363,133.086831512363,0.305694098424915,474.574221638051,793.772529368274,62.9319806128317
75,28,8347,144.200790703247,144.200790703247,0.487766235972283,497.932790224033,729.672337366719,56.0313885228226
75,29,16404,132.569434284321,132.569434284321,0.262876765057103,448.948853938064,750.749268471105,50.8223603999025
75,30,17718,137.993283666328,137.993283666328,0.342748700624139,456.387233322045,883.762952929225,72.9264589682808
75,31,8376,141.832497612225,141.832497612225,0.468709222631958,427.31852913085,710.359240687679,66.8537488061127
75,32,11846,124.522286003714,124.522286003714,0.201444917757884,304.421830153638,691.586358264393,64.778321796387
76,1,18692,132.704258506313,132.704258506313,0.335766175839878,523.809169698267,888.701476567516,65.5667665311363
76,2,21322,128.933167620298,128.933167620298,0.303685701140335,277.718928805928,811.679392177094,58.1662133008161
76,3,17941,136.212084053286,136.212084053286,0.359686848087174,345.326793378296,817.037121676607,65.5459004514799
76,4,19306,131.595669739977,131.595669739977,0.301299231185054,323.977675334093,739.677354190407,55.6492282192065
76,5,14624,132.324193107221,132.324193107221,0.370783311112196,293.933807439825,837.312294857768,72.5926559080963
76,6,17447,134.860721040867,134.860721040867,0.367249653364754,387.617813950822,682.482489826331,64.342695019201
76,7,16329,139.998101537143,139.998101537143,0.379986150415698,349.16773837957,755.362483924307,65.3351705554535
76,8,15559,137.258371360627,142.61777322361,0.420041230181142,536.975384022109,811.782055402018,55.7858474195
76,9,15718,138.152691182084,138.152691182084,0.377451511643881,333.508906985622,931.932625015905,65.2759893116173
76,10,16151,133.77221224692,133.77221224692,0.373715710062903,519.796235527212,767.674942728004,66.7504179307783
76,11,16639,133.072780816155,133.072780816155,0.349834412351262,476.219424244245,869.455375924034,54.3393232766392
76,12,14377,137.430409682131,142.643879408182,0.409584223042014,433.575780760938,728.194129512416,74.1996939556236
76,13,16808,132.911351737268,132.911351737268,0.337431391408586,445.604295573536,769.121073298429,50.2315564017135
76,14,15356,138.83895545715,138.83895545715,0.395846891841858,432.775266996614,867.68110184944,47.4341625423287
76,15,13532,136.968297369199,136.968297369199,0.369340595428065,411.993127401714,821.21068578185,78.1726278451079
76,16,15642,142.39707198568,142.39707198568,0.372214041215734,362.422708093594,945.95723053318,58.5578570515279
76,17,13203,133.423312883436,133.423312883436,0.378314947802381,464.892221464819,939.63818829054,62.9663712792547
76,18,17942,132.901237320254,132.901237320254,0.331510511907096,410.967283468956,889.472578307881,64.2235536729462
76,19,8888,146.613411341134,155.056892687449,0.443917356433862,381.471084608461,878.289716471647,72.998199819982
76,20,14315,135.430597275585,135.430597275585,0.321885999509052,398.651135172896,913.8195599022,51.4321341250437
76,21,11386,142.241349025119,142.241349025119,0.379254184743082,357.657034955208,933.981204988582,73.2955383804672
76,22,15977,133.755210615259,133.755210615259,0.335679785296912,359.948112912311,812.827689804093,49.029730237216
76,23,16249,129.841651793957,129.841651793957,0.20270479918002,409.304880300326,762.906948119884,58.7410917594929
76,24,11890,125.705046257359,125.705046257359,0.213091338317104,316.167283431455,694.30740117746,64.6864592094197
76,25,16575,135.423529411765,135.423529411765,0.356388501307855,398.075957767722,780.871674208145,72.1960180995475
76,26,15520,140.347744845361,140.347744845361,0.395911908215755,369.544716494845,849.694523195876,57.283118556701
76,27,12607,132.922106766082,132.922106766082,0.321465529652887,472.6130721028,805.804870310145,62.3241056555882
76,28,11109,147.668737060041,147.668737060041,0.427451353162139,449.553605184985,793.450265550455,68.0265550454586
76,29,17488,136.813472095151,136.813472095151,0.312677689859946,448.498284537969,889.697564043916,73.1122483989021
76,30,14104,124.886415201361,124.886415201361,0.168396645120734,405.520986954056,695.72256097561,54.6894498014748
76,31,12026,136.27473806752,136.27473806752,0.42860154641543,495.538084151006,737.601280558789,57.3752702477964
76,32,13264,133.881634499397,133.881634499397,0.347424777105124,455.816118817853,716.879523522316,66.6594541616405
77,1,15556,137.300334276164,137.300334276164,0.338908232278816,319.859218308048,922.398817176652,65.581383389046
77,2,22132,129.218687872763,129.218687872763,0.268689664980151,274.569627688415,803.091089824688,57.8371136815471
77,3,15813,142.896477581737,148.803796602093,0.414454592810625,430.125466388415,874.132865363941,47.5388604312907
77,4,18237,133.588912650107,133.588912650107,0.334203681299251,338.515929155015,814.653835608927,65.4420134890607
77,5,17538,135.940072984377,135.940072984377,0.377993063247282,449.480442467784,775.956836583419,49.8918348728475
77,6,10668,151.679696287964,151.679696287964,0.426581004179449,446.332770903637,788.681196100487,68.0736782902137
77,7,18875,130.042701986755,130.042701986755,0.314187468083175,327.575629139073,736.186649006622,55.3561324503311
77,8,16865,131.945627038245,131.945627038245,0.37348625015219,285.776163652535,818.437829825082,72.3579009783575
77,9,16256,131.301919291339,131.301919291339,0.239745076848124,414.813238188976,759.371001476378,58.3383366141732
77,10,16065,140.868720821662,147.404923287216,0.428018304882538,534.570494864613,816.384936196701,56.4
77,11,15730,138.366878575969,138.366878575969,0.387549935194212,371.56465352829,844.793070565798,57.4125238397966
77,12,16386,135.173135603564,135.173135603564,0.35219383015173,389.665812278775,682.27077993409,63.5728670816551
77,13,17443,136.212578111563,136.212578111563,0.355013300997184,473.184658602305,873.944103651895,55.2016281602935
77,14,14526,139.39405204461,139.39405204461,0.37234941873181,433.452567809445,718.314814814815,73.3319564918078
77,15,15967,140.107847435335,140.107847435335,0.375340467056238,353.302498903989,939.733700757813,59.0382037953279
77,16,16339,137.092294510068,142.054697299613,0.402188191363372,516.692025215742,764.648570903972,66.7552481792031
77,17,17172,133.643314698346,133.643314698346,0.335398274036837,358.707954810156,816.97559981365,49.0373864430468
77,18,13844,138.167292689974,138.167292689974,0.370955095053661,454.815515746894,935.655229702398,63.6932245015891
77,19,18972,135.66018342821,135.66018342821,0.332277942358601,512.123866751002,887.387044064938,66.5841239721695
77,20,13133,134.810858143608,134.810858143608,0.362128658712381,471.734485646844,800.635574506967,61.9331455113074
77,21,11482,139.473523776346,139.473523776346,0.380297878287433,340.65920571329,928.691430064449,73.8466295070545
77,22,15395,138.412796362455,138.412796362455,0.360065724511154,389.114192919779,915.566482624229,52.0949658980188
77,23,13345,135.879280629449,135.879280629449,0.395789156507481,398.601198950918,812.469239415511,78.1277632071937
77,24,17309,135.232249118955,135.232249118955,0.330503199325077,410.990640707147,882.924605696458,64.9288809289965
77,25,17178,136.569623937595,136.569623937595,0.340217098051302,348.22424030737,751.685295144953,64.65630457562
77,26,18423,139.531889485969,139.531889485969,0.362829005319512,433.060576453346,884.913206318189,73.5702111491071
77,27,14414,125.967462189538,125.967462189538,0.137551497417981,413.13833772721,697.74115443319,53.8129596225891
77,28,12841,139.274822833113,139.274822833113,0.438463768107594,497.438127871661,740.88599018768,57.0383147729928
77,29,16248,134.804775972427,134.804775972427,0.376083838891223,398.699901526342,767.670728705071,72.0438823239783
77,30,9522,142.927851291745,150.62005888714,0.431069912965275,366.801092207519,874.038542323041,72.9018063432052
77,31,14503,135.178583741295,135.178583741295,0.369719316140995,460.001999586292,715.043025580914,65.601599669034
77,32,11606,124.788212993279,124.788212993279,0.193841310136938,316.118473203515,686.112786489747,63.1236429433052
78,1,16523,134.930218483326,134.930218483326,0.34849940894962,471.550807964655,882.03909701628,55.2817284996671
78,2,16592,130.316598360656,130.316598360656,0.299423786275391,414.244334619094,763.269768563163,58.2170925747348
78,3,16008,143.4484007996,143.4484007996,0.377444107984012,319.245314842579,923.56527986007,66.0587206396802
78,4,22937,130.496098007586,130.496098007586,0.328676595927468,274.568164973623,805.501155338536,58.068927933034
78,5,17568,138.224157559199,138.224157559199,0.307884854154983,338.645434881603,813.380407559198,65.6387750455373
78,6,17571,133.991064822719,133.991064822719,0.373384034586895,449.347276762848,779.012577542542,50.3015764612145
78,7,10720,148.522947761194,148.522947761194,0.393836143785387,333.308861940299,926.35802238806,74.4341417910448
78,8,15761,139.845631622359,139.845631622359,0.37769363527665,427.266417105514,880.113634921642,47.6452001776537
78,9,13225,136.945708884688,136.945708884688,0.380674442576634,452.105708884688,941.114858223062,64.7382986767486
78,10,15712,143.774121690428,143.774121690428,0.386026696033795,355.201629327902,944.920697556008,59.235616089613
78,11,16412,132.696319766025,132.696319766025,0.372697570281662,288.484889105533,818.316902266634,72.22203265903
78,12,14187,136.407133291041,136.407133291041,0.360385181745658,402.876647635159,816.899626418552,78.4201029111158
78,13,19524,132.7463122311,132.7463122311,0.297774844600345,331.707693095677,737.659598442942,55.7413439868879
78,14,15712,140.742935336049,146.086620504993,0.414428268397587,374.791369653768,848.925280040733,57.7053207739308
78,15,18351,137.395782246199,137.395782246199,0.378275382412641,437.323415617677,887.669227834995,73.6716255244946
78,16,15252,136.78533962759,136.78533962759,0.390499624080563,435.062811434566,720.019931812221,73.3452006294256
78,17,18007,134.192536235908,134.192536235908,0.285838841018718,510.752318542789,893.568612206364,67.0234908646637
78,18,16136,139.767910262766,146.403425564321,0.422110144260944,530.871033713436,828.484754586019,56.3826846802181
78,19,16525,134.780937972769,134.780937972769,0.37146496030317,521.348502269289,771.867352496218,66.6947655068079
78,20,13513,125.920446976985,125.920446976985,0.178255092735661,316.998741952194,686.951380152446,63.0125804780582
78,21,15964,132.652593335004,132.652593335004,0.333513256874614,469.2488098221,717.719619143072,65.5244299674267
78,22,16974,135.039531047484,135.039531047484,0.375507930514635,391.211499941086,682.204960527866,64.3617886178862
78,23,18233,133.886743816158,133.886743816158,0.341580297587246,411.90177151319,883.790325234465,65.0791422146657
78,24,16521,135.928273106955,135.928273106955,0.367744500414953,355.552387869984,825.481689970341,49.2698989165305
78,25,12920,136.282275541796,136.282275541796,0.417624090766218,501.495743034056,747.068808049536,56.6119969040248
78,26,11260,145.769715808171,153.55978774578,0.435545993536818,453.092717584369,784.886234458259,68.5714920071048
78,27,16434,134.902640866496,134.902640866496,0.359313415960523,396.137032980407,773.051661190215,71.9325179505902
78,28,15381,138.935699889474,138.935699889474,0.38028848473496,385.46999544893,918.997334373578,52.5129705480788
78,29,12850,133.523424124514,133.523424124514,0.289187000203932,469.41486381323,803.027315175097,61.6413229571984
78,30,14757,124.951751711052,124.951751711052,0.173920031265713,414.949989835332,695.979399606966,54.4496848953039
78,31,17253,140.945110995189,140.945110995189,0.387614962556736,355.227032979772,748.648408972353,64.8652408276821
78,32,8414,149.40087948657,158.147704069994,0.462202124912114,371.151533159021,877.37889232232,72.9532921321607
79,1,18090,139.465671641791,139.465671641791,0.384649212078875,333.509673852957,921.51586511885,66.7714759535655
79,2,15950,140.432539184953,140.432539184953,0.380385278778952,422.711222570533,879.568902821317,47.5245768025078
79,3,14008,135.372501427756,135.372501427756,0.317856312431868,410.792118789263,803.277270131353,78.1613363792119
79,4,17249,134.674357933793,134.674357933793,0.350792698531522,422.65592208244,875.64537074613,65.4671575163778
79,5,17013,134.827249750191,134.827249750191,0.348572201573039,432.952624463645,706.771997883971,72.4433668371246
79,6,23145,132.821127673364,132.821127673364,0.352916929850573,267.663296608339,809.787340678332,59.0723698422985
79,7,16614,135.267485253401,135.267485253401,0.351236186371662,294.561273624654,815.498736005778,72.9093535572409
79,8,21118,137.906904062885,137.906904062885,0.369913691689436,524.930012311772,872.517567951511,65.7255895444644
79,9,14657,133.694753360169,133.694753360169,0.328429529382788,462.255372859385,928.416456300744,64.6131541243092
79,10,16371,130.067497403946,130.067497403946,0.280844252631518,402.496976360638,761.409015942826,57.4928837578645
79,11,17548,135.768292682927,135.768292682927,0.353544657544659,471.419193070435,869.799635286072,54.5977319352633
79,12,17939,136.307653715369,136.307653715369,0.359020933759789,344.842075923965,811.271252578182,65.3545905568872
79,13,16358,142.607225822228,149.475499836848,0.442103253593151,527.573725394303,809.778273627583,55.2547988751681
79,14,17716,139.204222172048,139.204222172048,0.383901644999324,360.490009031384,941.000451569203,60.1571460826372
79,15,13433,126.034839574183,126.034839574183,0.247234058428311,309.728951090598,685.163701332539,62.9208665227425
79,16,17184,137.587639664804,137.587639664804,0.391014838011196,521.073498603352,755.132739757914,65.3877444134078
79,17,16700,134.641437125748,134.641437125748,0.323486122918845,431.872814371258,777.416047904192,49.3246706586826
79,18,20269,132.190487937244,132.190487937244,0.325915199266327,321.99378361044,739.912378509053,55.980314766392
79,19,13443,132.410473852563,132.410473852563,0.312227877269236,464.99970244737,790.488953358625,60.5442981477349
79,20,17813,135.377140290799,135.377140290799,0.375389787589928,337.076573289171,828.768595969236,49.5237747712345
79,21,10831,141.676945803712,148.88688377938,0.435058646441349,379.277444372634,870.068137752747,73.2518696334595
79,22,14522,137.477206996281,137.477206996281,0.361867743615881,389.781090758849,922.787494835422,53.2013496763531
79,23,12316,141.827216628776,141.827216628776,0.345494566641237,454.181227671322,764.96370574862,67.6766807405002
79,24,16285,137.487442431686,137.487442431686,0.398240477776087,376.323672090881,844.554989253915,58.1339269266196
79,25,11270,145.894942324756,145.894942324756,0.384557449040078,342.782519964508,916.860603371783,75.4969831410825
79,26,13284,138.573020174646,138.573020174646,0.420812723315571,491.084763625414,730.24066546221,55.1100572116832
79,27,15991,131.444750171972,131.444750171972,0.275770930813083,472.631792883497,702.818835595022,64.4518791820399
79,28,18812,136.337550499681,136.337550499681,0.331621850631688,452.327716351265,866.83760365724,73.6564958537104
79,29,17462,138.26262741954,138.26262741954,0.375344409542456,353.217157255755,741.676211201466,64.8709197113733
79,30,16933,134.372113624284,134.372113624284,0.355170364654039,384.667454083742,680.533632551822,64.0419890155318
79,31,16126,133.746744387945,133.746744387945,0.327871228095442,393.879697383108,771.205816693538,70.8880689569639
79,32,14847,124.683437731528,124.683437731528,0.15617283233568,396.41846837745,694.646056442379,53.4469589816124
80,1,17986,138.076615145113,138.076615145113,0.361563555008824,350.862893361503,820.841543422662,65.9259423996442
80,2,19507,138.905623622289,138.905623622289,0.375529496600879,344.240580304506,926.113754037012,68.5566207002614
80,3,22573,135.978558454791,135.978558454791,0.342813095929518,267.955699286759,825.905772382935,60.5011296681877
80,4,14530,137.104267033723,137.104267033723,0.416564398655883,477.768203716449,722.418238128011,54.7187887130076
80,5,18791,139.456388696717,139.456388696717,0.378395094461054,335.584269064978,848.131286254058,50.7063487839923
80,6,17315,134.628068149004,134.628068149004,0.351455245052784,430.247762056021,867.781692174415,65.5742997401097
80,7,15995,141.291090965927,141.291090965927,0.385027317535043,420.448140043764,885.509034073148,47.9836198812129
80,8,15586,138.59316052868,138.59316052868,0.389175524981572,372.269857564481,845.845181573207,57.8828435775696
80,9,18832,135.501486830926,135.501486830926,0.368622879962125,303.165516142736,812.925977060323,73.8908241291419
80,10,20282,132.304161325313,132.304161325313,0.356696062533276,317.575091213884,748.602652598363,55.9021299674588
80,11,16913,134.905516466623,134.905516466623,0.334739327160029,430.275232070005,700.264825873588,72.185064743097
80,12,18329,136.79666102897,136.79666102897,0.411632668969711,523.537890774183,740.482514048775,63.8297779475149
80,13,16643,130.78429369705,130.78429369705,0.275094246760701,397.300066093853,764.719041038274,57.5231628913057
80,14,16886,135.29029965652,135.29029965652,0.277440082578408,423.465474357456,785.686900390856,48.8665166410044
80,15,13695,136.104563709383,136.104563709383,0.344589540554368,473.73150784958,920.554728002921,66.1493975903614
80,16,18586,137.099483482191,137.099483482191,0.377233968978041,473.845152265146,873.479285483697,54.8054987625094
80,17,18836,138.140953493311,138.140953493311,0.388108125504426,348.667392227649,747.602410278191,64.8399872584413
80,18,10984,144.635287691187,144.635287691187,0.435159830988063,387.589493809177,858.645484340859,74.5573561544064
80,19,15882,132.303236368216,132.303236368216,0.297978390640746,472.646140284599,695.207719430802,63.8308147588465
80,20,15182,140.00454485575,140.00454485575,0.394407582581204,395.659004083783,928.518113555526,54.5215386642076
80,21,16173,143.21443145984,149.48803717506,0.424266872840967,524.344524825326,807.863537995425,54.8573548506771
80,22,14802,134.779691933522,134.779691933522,0.356152630873866,413.320699905418,791.578502905013,78.3196189704094
80,23,16600,139.258975903614,139.258975903614,0.369184167956052,374.575180722892,947.174156626506,61.7019879518072
80,24,12309,144.735803070924,144.735803070924,0.385284916114005,360.078072954749,910.332683402389,76.873425948493
80,25,21391,138.601514655696,138.601514655696,0.380900060156242,530.133327100182,860.699920527325,65.5336823897901
80,26,17092,134.976363210859,134.976363210859,0.351938530956864,376.784928621577,682.8496957641,63.9064474608004
80,27,16046,134.171756200922,134.171756200922,0.332004752461594,396.23389006606,766.899725788359,70.6720678050605
80,28,13417,126.433927107401,126.433927107401,0.23583753694455,305.070134903481,691.704553924126,62.8219423119922
80,29,19197,134.320727196958,134.320727196958,0.354472148160476,465.589310829817,854.600041673178,73.6084284002709
80,30,12496,142.128281049936,142.128281049936,0.387515063686217,453.910851472471,761.83554737516,66.9138924455826
80,31,13594,134.366485214065,134.366485214065,0.32701519068825,462.818302192144,783.461600706194,59.5837869648374
80,32,15240,124.783989501312,124.783989501312,0.138715115733953,384.316535433071,702.029133858268,52.6113517060367
81,1,19027,141.203552845956,141.203552845956,0.397335072008273,352.942818100594,817.142376622694,65.8346034582435
81,2,18250,136.482794520548,136.482794520548,0.363348422697659,434.039068493151,862.989808219178,65.8183561643836
81,3,16268,143.996865011065,150.336403064827,0.404220656125738,421.417260880256,889.480022129334,47.9182444061962
81,4,18716,142.363806368882,142.363806368882,0.396975556852804,347.674449668733,920.489848258175,69.3144902756999
81,5,20799,134.009808163854,134.009808163854,0.381700967479053,316.657098898986,751.830809173518,55.569306216645
81,6,16254,140.95841023748,140.95841023748,0.38898376357906,373.5198720315,850.219207579673,58.5067060415898
81,7,14427,135.457891453525,135.457891453525,0.373600130173934,467.245858459832,720.741664933805,54.3040133083801
81,8,22093,135.097270628706,135.097270628706,0.333885697633707,269.075951658896,826.344498257367,60.8733535508985
81,9,15981,132.133345848195,132.133345848195,0.317452562328718,470.394030411113,692.472936612227,63.7383768224767
81,10,18728,134.952904741563,134.952904741563,0.383194748819983,302.657731738573,811.287377189235,74.2253844510893
81,11,17285,142.261209140874,142.261209140874,0.394194836704928,343.396065953139,746.407520971941,65.2604570436795
81,12,16373,137.979295181091,137.979295181091,0.394929393839185,524.882306235876,803.702742319673,54.6609051487205
81,13,14351,135.051982440248,135.051982440248,0.347773688169195,468.724827538151,919.478433558637,66.7716535433071
81,14,11322,148.470588235294,148.470588235294,0.458628223545127,389.032591414944,852.675057410352,74.4837484543367
81,15,18694,133.840537070718,133.840537070718,0.35079951504582,521.633518776078,740.20434363967,63.4399807424842
81,16,18426,135.920709866493,135.920709866493,0.379719116375347,470.957668511885,871.71800716379,55.1731249321611
81,17,13802,149.002608317635,149.002608317635,0.390768218696457,360.024996377337,898.593464715259,77.460078249529
81,18,19616,143.898654159869,150.108486549001,0.421004577619081,329.059033442088,852.236745513866,51.173735725938
81,19,20413,135.451134081223,135.451134081223,0.344805463033607,533.987507960613,852.081957576054,65.0996423847548
81,20,17845,136.705743905856,136.705743905856,0.360194496259314,416.281535444102,789.285346035304,48.6536845054637
81,21,12521,126.214280009584,126.214280009584,0.236024916321742,299.792748183052,690.596837313314,62.7762958230173
81,22,16726,137.233707999522,137.233707999522,0.393143457512039,430.479732153533,696.340846586153,71.4851727848858
81,23,15617,136.810334891464,136.810334891464,0.387830926744906,413.472497918934,783.687776141384,78.0944483575591
81,24,14392,133.70108393552,133.70108393552,0.239270143976558,458.543565869928,777.348110061145,59.0511395219566
81,25,14763,143.096999254894,143.096999254894,0.429789692880981,396.435954751744,931.692000270948,55.3472871367608
81,26,17510,137.747115933752,137.747115933752,0.36956099497804,379.281439177613,681.864420331239,63.7011422044546
81,27,16320,145.495649509804,152.99049480548,0.411506804074889,374.831004901961,947.163480392157,62.2401960784314
81,28,16955,137.030492480094,137.030492480094,0.328567342077152,390.691064582719,764.421645532291,71.1301680920083
81,29,15791,125.838135646887,125.838135646887,0.167055899847141,377.340130454056,703.176492939016,52.1049965170034
81,30,16326,132.411797133407,132.411797133407,0.312304323723159,393.923863775573,766.25578831312,57.3300869778268
81,31,19308,134.419877770872,134.419877770872,0.364170671830031,470.428889579449,845.097006422208,73.6603480422623
81,32,12394,145.814426335324,145.814426335324,0.392993956332195,450.594803937389,758.650879457802,66.861626593513
82,1,19121,136.447675330788,136.447675330788,0.375127624462104,301.523194393599,798.579729093667,74.0096229276711
82,2,17771,135.448933655956,135.448933655956,0.35351552898981,424.984300264476,866.891789994936,66.3163018400765
82,3,19971,137.98462771018,137.98462771018,0.372767928147969,355.927394722347,815.850633418457,66.6866456361724
82,4,24009,137.08342704819,137.08342704819,0.382662293390888,271.572493648215,817.614019742596,60.9080344870673
82,5,18414,136.394048006951,136.394048006951,0.329552025600161,426.525795590312,800.792603453894,48.3055827088085
82,6,19527,138.179085368976,143.73881088329,0.419780778409231,527.549649203667,747.81753469555,63.7283248834947
82,7,18788,137.428518203108,137.428518203108,0.385017136494628,474.255428997232,879.591760698318,55.5712156695763
82,8,16981,143.825746422472,143.825746422472,0.381625579764258,419.168659089571,902.504799481774,48.7224545079795
82,9,13758,126.801279255706,126.801279255706,0.225664244190806,308.679968018607,688.762974269516,60.9811019043466
82,10,17532,138.378850102669,138.378850102669,0.355116815494539,343.650011407712,912.52418434862,69.8840976500114
82,11,16527,142.004296000484,142.004296000484,0.399399888302729,364.392267199129,944.276093664912,62.9946753796817
82,12,16886,134.521082553595,134.521082553595,0.351029067970132,478.725275376051,699.562951557503,63.1176122231434
82,13,10991,141.888090255664,148.601494532254,0.4336786187533,388.263761259212,841.901646801929,75.268856337003
82,14,13750,145.360654545455,145.360654545455,0.399511437697879,349.520581818182,889.471272727273,78.2096
82,15,19121,140.509544479891,140.509544479891,0.397907250342402,330.231943935987,853.091313215836,51.5318236493907
82,16,15938,138.53036767474,138.53036767474,0.420745391279487,482.268226879157,729.423767097503,53.5382733090727
82,17,17102,135.897263477956,135.897263477956,0.369411936427446,437.821248976728,695.229505321015,70.7526020348497
82,18,13271,136.375555723005,136.375555723005,0.375499355991926,466.634466129154,924.902343455655,67.5918920955467
82,19,21810,139.911049977075,139.911049977075,0.37402006760252,533.642044933517,862.252682255846,66.2005502063274
82,20,15868,138.027098563146,138.027098563146,0.368466053484951,379.277917822032,851.879442903958,58.8246155785228
82,21,21526,132.619715692651,132.619715692651,0.327874987162272,325.900074328719,752.772414754251,55.3341075908204
82,22,12668,145.373223871171,145.373223871171,0.393359776478436,451.831780865172,754.353410167351,66.6675086832965
82,23,18320,135.262772925764,135.262772925764,0.368274523940507,387.978930131004,682.504748908297,62.7252183406114
82,24,16318,125.170364015198,125.170364015198,0.184171389391654,393.028128447114,707.250398333129,51.5295379335703
82,25,18500,139.246378378378,139.246378378378,0.372932422405744,348.865135135135,740.717513513513,64.2432432432432
82,26,16702,144.428870793917,151.376897446667,0.428485553269801,528.862411687223,820.806669859897,55.0245479583283
82,27,15486,136.157303370787,136.157303370787,0.333240630260501,464.490249257394,782.298269404624,59.2754746222394
82,28,16287,134.255357033217,134.255357033217,0.356228116612529,410.869896236262,780.410757045496,78.1669429606435
82,29,15415,138.031722348362,138.031722348362,0.385762699057556,395.155108660396,937.194485890367,56.3020434641583
82,30,15976,134.827178267401,134.827178267401,0.377796433151423,395.373810716074,760.40122684026,70.1441537305959
82,31,18835,135.548075391558,135.548075391558,0.386454585347184,465.875816299443,847.704592513937,74.6876559596496
82,32,15503,131.985486679997,131.985486679997,0.282205198850149,401.597432754951,770.08237115397,56.740243823776
83,1,19493,135.800184681681,135.800184681681,0.357927857044289,302.829374647309,797.222695326528,74.1166059611142
83,2,21926,140.86171668339,140.86171668339,0.381148506434528,532.724482349722,864.162409924291,65.805390860166
83,3,19686,138.840444986285,138.840444986285,0.343042717466568,358.594330996647,820.376968403942,66.6832266585391
83,4,19853,139.013398478819,144.963390359021,0.429231377904104,526.458469752682,755.808039087292,64.1593713796404
83,5,17080,139.478161592506,145.199102519064,0.401289935149744,445.518618266979,693.45737704918,71.2083723653396
83,6,15739,139.21843827435,145.346840027303,0.426116208572567,484.786835250016,730.117478874134,53.5831374293157
83,7,11456,142.912098463687,149.712556934116,0.441827583578417,395.736644553073,842.457838687151,75.3615572625698
83,8,25121,137.308825285618,137.308825285618,0.374215496414439,267.610326022053,819.758886986983,61.2844631981211
83,9,17759,139.102539557408,139.102539557408,0.384527570344614,427.810518610282,869.193817219438,65.9889633425306
83,10,18857,139.791483268813,139.791483268813,0.376353575918437,427.016704672005,798.96293153736,48.0220607731877
83,11,17316,141.024312774313,141.024312774313,0.390963404184084,360.428447678448,944.664587664588,62.8188380688381
83,12,15710,137.303246339911,137.303246339911,0.361805975138475,465.75340547422,785.554996817314,58.6008274984087
83,13,18778,141.852540206625,147.052374542292,0.400200194375446,322.407285120886,856.855202897007,51.4701778677175
83,14,13455,139.270382757339,139.270382757339,0.398842966418318,459.363433667782,930.376217019695,67.3861761426979
83,15,14137,126.338119827403,126.338119827403,0.223299528872256,308.629058498974,688.270425125557,61.0956355662446
83,16,19568,138.244787408013,138.244787408013,0.384068436931198,476.135425183974,880.468724448079,55.4112837285364
83,17,16278,135.502273006512,135.502273006512,0.350649775632943,412.6720113036,782.320616783389,78.2733751075071
83,18,17149,138.680506151962,138.680506151962,0.39926103220941,340.261939471689,912.507668085603,70.0197096040585
83,19,12530,149.96312849162,149.96312849162,0.388338531892607,450.678371907422,755.043016759776,66.4004788507582
83,20,16045,138.06774696167,138.06774696167,0.360524438837493,371.974945465877,845.615082580243,58.6530383296977
83,21,17613,149.33753477545,156.036864884201,0.423385276426158,416.409129620167,899.798501107137,48.4523931187191
83,22,16099,126.116963786571,126.116963786571,0.168453965480598,394.297409777005,706.857382446115,51.533076588608
83,23,20030,133.460109835247,133.460109835247,0.359379131754057,325.423514727908,754.430254618073,55.6502745881178
83,24,13868,145.113426593597,145.113426593597,0.37828693940747,348.162820882607,882.648759734641,78.7411306605134
83,25,18016,135.092473357016,135.092473357016,0.346093583994547,394.612788632327,766.202819715808,70.2658747779751
83,26,16642,143.852241317149,150.522749764943,0.43147160840639,532.548732123543,820.277550775147,55.3542242518928
83,27,17394,135.236173393124,135.236173393124,0.361728487504801,480.590375991721,700.233471311947,62.8684603886398
83,28,19015,139.747725479884,139.747725479884,0.370828387413664,346.937628188272,741.991322640021,63.9275308966605
83,29,18048,136.054742907801,136.054742907801,0.386456114225977,391.228612588652,683.593971631206,62.7802526595745
83,30,19604,138.037084268517,138.037084268517,0.369899476903624,469.11099775556,848.862579065497,74.319475617221
83,31,16061,140.346616026399,145.412272913097,0.405833112663476,395.712346678289,937.591681713467,56.722184172841
83,32,16412,133.925176699976,133.925176699976,0.309255938560232,404.366804776992,771.778028271996,56.2048501096758
84,1,19662,135.837249516835,135.837249516835,0.350361554948217,302.248855660665,794.852863391313,74.1831451530872
84,2,19414,138.414906768312,138.414906768312,0.365340238407149,434.254455547543,865.703925002575,65.5974039353044
84,3,20714,141.031717678865,141.031717678865,0.38658797107506,534.407550448972,861.516896784783,65.2959351163464
84,4,19626,141.718944257617,147.374438067106,0.408946070613339,320.104096606542,853.539182716804,51.6553551411393
84,5,17317,140.209216376971,140.209216376971,0.412521664879989,445.466016053589,691.487266847606,71.3873650170353
84,6,27172,137.132820550567,137.132820550567,0.350902020970017,263.828867952304,817.737634329457,61.6168482261151
84,7,19522,140.487398832087,140.487398832087,0.384001252018284,427.522743571355,802.132875729946,47.764778198955
84,8,15848,138.198637051994,138.198637051994,0.360853971251059,465.078117112569,783.120204442201,58.5577359919233
84,9,12215,150.325255832992,150.325255832992,0.418555618322706,445.413589848547,754.503315595579,65.5585755218993
84,10,18056,134.980892778024,134.980892778024,0.349018759355471,478.331413380594,698.270048737262,62.2157177669473
84,11,20042,139.77671889033,145.874590623462,0.42822796816892,528.493114459635,756.163855902604,64.6292286198982
84,12,20817,138.436614305616,138.436614305616,0.387123739320311,358.081423836288,816.61704376231,67.2815967718691
84,13,19456,138.398488898026,138.398488898026,0.387513544068815,477.757709703947,880.693410773026,55.3192331414474
84,14,18180,149.394554455446,156.529147195438,0.418996501596433,414.345214521452,897.047799779978,47.9398789878988
84,15,16674,135.93930670505,135.93930670505,0.362101091188985,414.174523209788,782.041201871177,78.1909559793691
84,16,18345,141.800218043063,141.800218043063,0.39458512318591,357.127882256746,944.54434450804,62.8254020168983
84,17,17534,135.443652332611,135.443652332611,0.365318072771202,391.917816813049,757.884453062621,70.465609672636
84,18,17919,139.628104246889,139.628104246889,0.377296834788876,340.232937105865,910.836095764273,70.3408114292092
84,19,16890,137.258200118413,137.258200118413,0.364344266560972,378.872646536412,850.308762581409,58.6043220840734
84,20,12306,142.618072484967,150.043772090602,0.444873979647118,400.484479115878,849.605070697221,74.9488867219243
84,21,17188,126.25913427973,126.25913427973,0.132067953481706,390.482429602048,703.704212241098,51.4923202234117
84,22,21348,133.734916619824,133.734916619824,0.347802897400291,321.421585160202,755.41451189807,55.9376522390856
84,23,15883,139.16325631178,139.16325631178,0.424091473552044,486.353081911478,728.597934898949,53.4417931121325
84,24,14740,145.280936227951,145.280936227951,0.396085925423955,354.300610583446,883.037652645862,78.4464721845319
84,25,14283,126.380032206119,126.380032206119,0.284015214522571,308.117272281734,684.216271091507,60.8287474620178
84,26,13440,139.974851190476,139.974851190476,0.396225931267817,460.075818452381,931.17462797619,67.1722470238095
84,27,18960,136.550316455696,136.550316455696,0.384587100522051,393.448628691983,683.941983122363,62.5191983122363
84,28,17380,134.641311852704,134.641311852704,0.347255199028951,403.282105868815,773.525201380898,55.7369390103567
84,29,20642,139.14286406356,139.14286406356,0.37979659821956,349.102557891677,741.76862707102,64.2304040306172
84,30,16969,144.380340621133,151.072800023255,0.439424449355017,530.010548647534,820.619128999941,55.1023631327715
84,31,15422,140.365192582026,146.210698643891,0.416044805349044,394.998119569446,934.790494099339,56.9278952146284
84,32,19356,139.449886340153,139.449886340153,0.387412034525251,473.064424467865,845.831525108493,73.8565302748502
85,1,31536,137.57480339929,137.57480339929,0.401154066165213,277.946822678843,814.565353881278,62.3325088787418
85,2,20177,146.557020369728,153.004858626323,0.421533058225978,319.421767358874,849.629627794023,51.6641720771175
85,3,19056,137.574517212427,137.574517212427,0.40045962039167,423.985201511335,800.368965155332,47.5948257766583
85,4,20203,136.287630549918,136.287630549918,0.363677864674516,437.490224224125,868.600158392318,65.4494382022472
85,5,22295,140.471137026239,140.471137026239,0.390730977712001,535.178515362189,867.454406817672,64.623144202736
85,6,19961,138.045739191423,138.045739191423,0.399409139728645,303.103151144732,796.082060017033,74.4350483442713
85,7,18407,146.284348345738,153.359813680465,0.418960158813782,407.06535557125,895.537675884175,47.8371815070354
85,8,15605,135.462736302467,135.462736302467,0.31377354170612,466.913809676386,783.973085549503,58.5622556872797
85,9,18829,131.912156779436,131.912156779436,0.347611080960304,479.972754793138,699.95039566626,62.269849699931
85,10,17998,147.243027003,154.704352724459,0.421822330877896,350.072008000889,945.192410267808,62.8205356150683
85,11,17051,144.15711688464,151.341007000868,0.442473685973854,533.007565538678,819.18532637382,54.7748519148437
85,12,17082,136.782343987823,136.782343987823,0.345789990992401,413.188385434961,783.667603325138,78.5951293759513
85,13,17983,137.471556469999,137.471556469999,0.392783239555756,446.78818884502,691.569927153423,71.8467441472502
85,14,16389,139.859295869181,145.024957578246,0.410683939473028,390.889316004637,936.53767771066,56.9358106046739
85,15,19765,138.389577536049,138.389577536049,0.418036847823638,530.586035922085,758.744852011131,65.1841133316469
85,16,16442,127.72813526335,127.72813526335,0.280632356427658,309.489903904634,684.847950371001,61.1557596399465
85,17,16658,145.066214431504,150.668803245325,0.404978616913847,337.815764197383,910.125165085845,70.1694080922079
85,18,16617,126.105133297226,126.105133297226,0.214094376817191,386.816633568033,700.746464464103,51.6973581272191
85,19,14733,150.092852779475,150.092852779475,0.384405387305294,352.918210819249,882.16873684925,78.629064005973
85,20,18515,138.086362408858,138.086362408858,0.347405233735144,391.588603834729,760.852173913043,71.2879287064542
85,21,12398,146.89449911276,154.089378854578,0.435822667341474,398.137764155509,854.620825939668,75.0855783190837
85,22,16849,135.219716303638,135.219716303638,0.407799510414461,481.405543355689,727.74093418007,53.5956436583774
85,23,13868,144.271632535333,144.271632535333,0.435386088294304,452.48507355062,760.856143640035,65.7750216325353
85,24,18208,144.10901801406,144.10901801406,0.391729005264976,365.761643233743,820.487807557118,68.1206063268893
85,25,17329,138.182584107565,138.182584107565,0.377673938446114,384.622886490853,844.538634658665,58.3119626060361
85,26,19571,136.688467630678,136.688467630678,0.387421940951106,397.569056256706,683.88304123448,63.3251750038322
85,27,17664,133.980412137681,133.980412137681,0.30511051546034,405.259907155797,770.912930253623,55.713428442029
85,28,19681,135.024643056755,135.024643056755,0.386067134733344,477.453330623444,883.231339870941,54.5701437935064
85,29,18778,135.632974757695,135.632974757695,0.354285453291897,477.404089892427,847.649909468527,74.1301523058899
85,30,13511,136.204944119606,136.204944119606,0.372138915649701,458.487158611502,935.832728887573,67.0426319295389
85,31,21397,135.994064588494,135.994064588494,0.345775498063868,328.725148385288,752.85909239613,56.1717997850166
85,32,20496,144.006976971116,150.053939084909,0.409823266062047,352.386612021858,742.68237704918,64.7340944574551
86,1,21505,137.6942571495,137.6942571495,0.361592956904866,444.92155312718,868.905045338293,65.6133922343641
86,2,20493,143.346362172449,148.598301934422,0.411350960166124,321.031962133411,845.303225491631,51.7141462938564
86,3,19693,148.2778652313,155.254229841626,0.434352966029601,406.198903163561,892.374143096532,47.6372822830447
86,4,19559,138.722787463572,138.722787463572,0.351594134816328,301.250115036556,799.509995398538,73.9888031085434
86,5,19224,139.506346233874,139.506346233874,0.418676506476156,443.875780274657,689.923325010404,72.1098626716604
86,6,19984,140.811849479584,140.811849479584,0.392407338280626,429.851731385108,799.576261008807,47.3991192954363
86,7,18938,135.543457598479,135.543457598479,0.356261644001917,484.926232970747,700.250765656352,62.5491076143204
86,8,15329,137.250570813491,137.250570813491,0.378537590156673,451.847282927784,937.269097788505,67.3685824254681
86,9,19692,142.358572008938,149.666360978998,0.443451132822056,535.761222831607,763.415193987406,65.6922608165753
86,10,23939,143.258239692552,148.622759102252,0.413010337791574,537.830987092193,870.224863193951,64.400476210368
86,11,17802,135.91809908999,135.91809908999,0.399011121993526,385.424278170992,844.954892708684,58.3742276148747
86,12,19377,140.464003715745,140.464003715745,0.365367453368955,368.906280641998,825.874180729731,67.5371316509264
86,13,17572,136.0574778056,136.0574778056,0.342379230939789,415.796437514227,784.325460960619,78.6489870248122
86,14,16965,139.390568818155,139.390568818155,0.339195077422999,475.265369879163,787.503801945181,58.5659888004716
86,15,13904,148.495972382048,148.495972382048,0.447858985994199,455.554804372842,760.662399309551,65.9409522439586
86,16,20554,139.724238591029,145.418604418288,0.400786903809444,480.839350004865,886.538338036392,54.2525542473484
86,17,17043,142.002229654404,148.296370407465,0.40422525641559,335.384850085079,911.456727102036,69.8846447221733
86,18,16546,140.132479149039,140.132479149039,0.429870394981408,494.000543938112,729.091744228212,53.5406140456908
86,19,14175,147.490440917108,147.490440917108,0.398544247752286,349.957742504409,880.409029982363,78.7809523809524
86,20,19112,142.584711176224,147.814858000652,0.401109350381931,345.876046462955,941.03762034324,62.3665759732106
86,21,18600,137.288548387097,137.288548387097,0.324849179780166,396.110161290323,763.954623655914,71.3756989247312
86,22,17484,146.017558911004,153.78183343562,0.444298668639132,536.828414550446,820.618679935941,54.7191718142302
86,23,16972,138.597867075183,138.597867075183,0.382463608324288,388.111065283997,933.040124911619,56.7169455573886
86,24,15394,127.313173963882,127.313173963882,0.263742422318922,307.124853839158,687.783162271015,61.3641028972327
86,25,20218,134.378870313582,134.378870313582,0.336727881437287,336.753140765654,753.596646552577,55.8764467306361
86,26,18358,152.221429349602,152.221429349602,0.46641650665644,279.346279551149,814.677089007517,62.6718052075389
86,27,12215,145.084076954564,151.988438644496,0.428299958334536,401.382726156365,852.556365124846,75.5971346704871
86,28,18874,137.456553989615,137.456553989615,0.396800233673843,402.458249443679,683.169280491682,63.3760199215852
86,29,16956,126.150743099788,126.150743099788,0.222051873422828,391.903338051427,700.136117008728,51.4338287331918
86,30,19651,139.827337031194,139.827337031194,0.38111911598847,478.916696351331,851.990585720828,74.4013027326854
86,31,17127,136.812810182752,136.812810182752,0.330091769520611,414.384363869913,771.829217025749,55.5863840719332
86,32,20398,141.89106775174,148.092477817928,0.405393066935638,358.912393371899,741.765761349152,64.785616236886
87,1,23800,143.109579831933,149.214531130632,0.417289955585265,542.198655462185,868.016050420168,64.1598739495798
87,2,23480,140.078577512777,140.078577512777,0.389302019743438,450.928194207836,868.237436115843,65.2262350936968
87,3,19376,135.758412469034,135.758412469034,0.375754786459834,485.28514657308,696.112974814203,61.9881296449215
87,4,22211,139.138895142047,145.542192700312,0.412759604651054,480.145423438837,886.559407500788,53.9027959119355
87,5,20227,149.942700351016,158.695705593497,0.453042201946435,405.705937608148,891.092203490384,47.2070005438276
87,6,18796,138.865077676101,138.865077676101,0.37393136273294,304.917801659928,800.938497552671,74.8882208980634
87,7,18986,142.261929843042,142.261929843042,0.395892221110727,440.601548509428,691.8162330138,72.172126830296
87,8,16096,140.301068588469,140.301068588469,0.368487256060136,480.806163021869,788.764289264413,58.5930666003976
87,9,20599,141.05014806544,141.05014806544,0.379841790686474,375.864313801641,823.881013641439,67.4196805670178
87,10,20966,141.307307068587,148.490440247494,0.447569094157601,541.204903176572,763.338166555375,65.4904607459697
87,11,14922,138.642072108296,143.369779953553,0.403222303004706,446.525867846133,942.986932046643,66.7925211097708
87,12,17164,139.213120484735,139.213120484735,0.425166955385917,498.229142391051,721.216091820089,53.6164646935446
87,13,16191,142.248903711939,142.248903711939,0.395437145360121,389.364029399049,934.867457229325,56.7743190661479
87,14,18369,144.250149708748,151.378125143641,0.419374376900736,545.370842179759,817.944634982852,54.5678044531548
87,15,13287,151.89741852939,151.89741852939,0.455204129435838,459.549333935426,755.818770226537,65.5476781816813
87,16,12021,150.590549871059,160.481230597727,0.458580198245138,404.00174694285,850.933532983945,75.5229182264371
87,17,15645,141.801661872803,141.801661872803,0.385354513937205,332.949248961329,907.434451901566,69.5548737615852
87,18,20002,142.275622437756,148.521623344254,0.408302713379925,426.707579242076,798.881261873813,46.8305169483052
87,19,20201,143.078609969803,149.476228846039,0.410990865508603,340.34810157913,934.878966387803,62.0763328548092
87,20,20851,139.082921682413,139.082921682413,0.391439199454592,482.554026185794,849.138218790466,74.1438300321328
87,21,15029,148.714951094551,155.408882632892,0.400159680199273,357.470623461308,886.532769978042,78.9103732783286
87,22,22929,134.068908369314,134.068908369314,0.331509428526051,342.620742291421,747.373195516595,55.6749531161411
87,23,18495,127.18296836983,127.18296836983,0.202033165508556,395.615788050825,699.067153284672,50.7424168694242
87,24,15166,127.554200184623,127.554200184623,0.305124467874619,304.656798101015,690.89094026111,61.3849399973625
87,25,20110,143.107707608155,143.107707608155,0.357719239865959,327.591795126803,845.730979612133,50.1166086524117
87,26,19232,140.159577787022,140.159577787022,0.410259247934666,400.369072379368,682.148138519135,63.7345049916805
87,27,17670,139.186078098472,139.186078098472,0.366255789217198,415.859988681381,782.99779286927,78.7584606677985
87,28,19353,140.389086963262,140.389086963262,0.3881644177057,396.897070221671,770.678757815326,71.3970443858833
87,29,17647,140.996826656089,140.996826656089,0.400137228699766,393.784439281464,843.016886722956,58.6719555731852
87,30,20207,141.760132627307,141.760132627307,0.383966316496702,356.703864997278,744.083436432919,65.0026228534666
87,31,17804,138.54706807459,138.54706807459,0.346707383886357,418.605032576949,771.632835317906,55.3027409570883
87,32,6290,160.678696343402,160.678696343402,0.54656428286748,275.447058823529,791.764864864865,68.0364069952305
87,33,5510,170.854083484573,170.854083484573,0.544533570062756,311.48166969147,833.520871143376,56.4448275862069
88,1,19867,139.974480293955,146.113075559663,0.405981463093211,316.985503598933,801.679166456939,75.5884129460915
88,2,13949,152.420962076134,161.819576193135,0.453689130996258,453.247688006309,755.298587712381,65.7357516667861
88,3,16598,148.306121219424,155.006702640908,0.42626874115627,366.170080732618,892.229545728401,77.9340884443909
88,4,21404,141.273874042235,147.813493522681,0.428294665238225,533.260185012147,759.974864511306,66.1382451878154
88,5,21060,141.872886989554,141.872886989554,0.382519718478453,480.064339981007,851.26452991453,74.1517094017094
88,6,21561,143.033625527573,143.033625527573,0.38179287940239,446.298177264505,866.428644311488,64.9699457353555
88,7,17868,140.21356615178,140.21356615178,0.371230817429284,419.311058876203,783.816655473472,78.6645959256772
88,8,19895,141.433827594873,141.433827594873,0.375367117899528,362.743402865041,823.222669012315,66.5872329731088
88,9,18807,147.890147285585,154.777395280661,0.419376430558203,393.45701068751,934.602009889935,55.7477003243473
88,10,20438,143.504990703591,143.504990703591,0.425575860089161,420.529601722282,801.972795772581,45.7910754476955
88,11,18293,148.774503908599,156.282368894018,0.432558615460968,335.882742032471,933.366096320997,61.1548679822883
88,12,20756,143.603006359607,143.603006359607,0.391662513361166,333.805646560031,840.758094045095,49.706590865292
88,13,25390,143.011618747538,149.079464137229,0.419300788192797,541.139346199291,868.834147302087,64.1332414336353
88,14,19245,127.534892179787,127.534892179787,0.191010843940175,398.356612107041,696.446869316706,51.4248895817095
88,15,16841,140.804168398551,140.804168398551,0.360824592898065,480.215604774063,786.502998634285,59.0987471052788
88,16,18234,153.372381265767,162.236494961453,0.440129013420466,408.147307228255,891.899473511023,47.2119118130964
88,17,18447,140.342169458449,140.342169458449,0.361002534614551,393.262861169838,769.096438445276,71.5518512495257
88,18,20015,142.571071696228,142.571071696228,0.445598217006737,441.963877092181,691.542243317512,72.3523357481889
88,19,18721,141.215853853961,141.215853853961,0.427898202897584,397.555098552428,683.639869665082,63.8333422359917
88,20,20496,143.128220140515,143.128220140515,0.399441650593413,350.662714676034,744.032445355191,64.3776834504294
88,21,18672,147.226970865467,156.09149903084,0.457854259743956,546.960529134533,817.360539845758,55.0828513281919
88,22,21606,139.62061464408,139.62061464408,0.399609125606502,478.512357678423,884.374710728501,54.0697491437564
88,23,10926,147.619439868204,147.619439868204,0.481834374456709,284.151748123742,770.882299103057,68.5823723228995
88,24,18172,138.839148139996,144.81755010902,0.417747429492042,496.686165529386,707.612590799032,54.9388069557561
88,25,15622,128.525092817821,128.525092817821,0.278896951587724,300.614133913711,694.832159774677,62.0805914735629
88,26,19097,144.363879143321,150.637693551563,0.406886830245281,329.21568832801,903.211603916846,69.3572812483636
88,27,17903,143.392001340557,143.392001340557,0.421348717798072,392.728146120762,844.212310785902,58.3011785734234
88,28,19620,136.91875637105,136.91875637105,0.348489203173779,482.194087665647,695.884097859327,62.3915392456677
88,29,11527,155.228420230763,165.588293356474,0.436178109582838,412.010150082415,846.108441051444,74.9026633122235
88,30,15095,140.135077840344,144.870744170552,0.404819967529458,441.125538257701,942.082146406095,66.1116926134482
88,31,21819,135.5913653238,135.5913653238,0.360259937510701,335.356340803886,756.251065585041,55.5187222145836
88,32,10261,152.265276288861,162.994299114582,0.468147553745929,314.487087028555,849.961699639411,59.2954877692233
88,33,17586,139.718639827135,139.718639827135,0.392817070136137,415.614977823269,774.920448083703,55.4636642784033
89,1,20873,143.430268768265,149.873297427843,0.402952642466054,322.933502611029,803.290806304796,76.1907248598668
89,2,19042,148.126667366873,156.932709109059,0.446057620603327,547.777386829115,816.230437979204,55.6306060287785
89,3,19539,145.771329136599,153.169988997846,0.434077466758051,404.306617534162,893.955320128973,47.5561697118583
89,4,20544,138.469285436137,138.469285436137,0.359941991500078,482.887120327103,849.092873831776,73.593117211838
89,5,19812,144.478800726832,144.478800726832,0.391351541617495,358.0396729255,818.564102564103,66.8371189178276
89,6,14291,149.126723112448,149.126723112448,0.42298584083908,449.03155832342,756.464558113498,66.102162199986
89,7,21502,139.949027997396,139.949027997396,0.402213289666049,405.595246953772,808.444377267231,45.5693888940564
89,8,20538,150.910020449898,158.238698839215,0.421765964834417,330.155516603369,904.425357873211,69.6326321939819
89,9,17234,138.759661134966,138.759661134966,0.347153971668471,427.993965417199,784.804862481142,78.647267030289
89,10,21947,139.954116735773,139.954116735773,0.379569686856013,443.279400373627,864.979404930059,64.9278261265777
89,11,18025,138.714230235784,138.714230235784,0.329884216976463,472.492371705964,786.309126213592,59.2299029126214
89,12,18276,126.900579995623,126.900579995623,0.162223085799354,388.026209236157,695.431330706938,51.6815495732108
89,13,21761,141.214741969579,148.311800303401,0.443167020955988,530.848260649786,754.587656817242,66.0320297780433
89,14,19820,140.062108980827,140.062108980827,0.417007460812767,439.135872855701,691.780978809284,72.458980827447
89,15,17567,142.799908920134,147.974167466989,0.405655560348943,379.955086241248,843.777082028804,58.541469801332
89,16,21755,149.475798666973,155.36051660951,0.417347669226304,329.099195587221,844.384095610205,50.4535968742818
89,17,22062,138.982186565135,138.982186565135,0.375196010811542,328.074562596319,756.151890127822,55.711177590427
89,18,21914,135.011225700465,135.011225700465,0.380237455942355,477.42967965684,697.8304736698,61.4533631468468
89,19,17455,147.156516757376,147.156516757376,0.397862977388684,384.649326840447,933.176682898883,56.013405900888
89,20,14367,140.601378158279,140.601378158279,0.397567542538877,438.583002714554,940.281547991926,66.4445604510336
89,21,14834,138.642577861669,138.642577861669,0.425831970293418,497.823041661049,698.012403936902,54.8534447889982
89,22,20437,146.850663013162,153.571707168212,0.410640693252778,347.870480011743,740.411019229828,65.0829867397368
89,23,20270,151.719733596448,159.187145337793,0.43023774959358,333.16033547114,933.376813024174,61.5516033547114
89,24,23965,146.5011892343,153.558218971458,0.42947571442971,540.930523680367,864.143500938869,64.1624035051116
89,25,20917,138.71688100588,138.71688100588,0.421199301831986,394.116077831429,681.507099488454,64.1210020557441
89,26,15355,153.506805600781,159.445178320562,0.412104285933464,374.091631390427,891.409312927385,78.2723542819928
89,27,12621,146.77941526028,146.77941526028,0.466108855406448,279.199350289201,782.558751287537,68.6121543459314
89,28,18632,139.534349506226,139.534349506226,0.390584128228165,472.772058823529,885.408007728639,54.0064942035208
89,29,12580,153.181399046105,162.876044504592,0.457716601225737,304.721144674086,850.168680445151,59.8008744038156
89,30,19288,140.991704686852,140.991704686852,0.357525003393213,390.604832019909,766.500207382829,71.9633969307341
89,31,16137,130.493400260271,130.493400260271,0.34051730523543,296.931090041519,694.769102063581,62.2903885480573
89,32,12181,153.151957967326,161.587964999621,0.441823699891359,414.721287250636,845.767096297512,75.5962564649865
89,33,16406,138.903876630501,138.903876630501,0.343899222021883,403.083506034378,772.398086066073,57.0871632329635
90,1,20290,143.780778708724,143.780778708724,0.374966932699886,486.886002957122,851.060916707738,73.3376047313948
90,2,19573,143.161600163491,143.161600163491,0.393326998165593,470.64583865529,787.825933684157,59.8296122209166
90,3,21310,141.811778507743,147.965976482572,0.404417252984563,328.770436414829,807.481182543407,76.7984514312529
90,4,19230,147.860426417057,154.817345072464,0.43534765519088,399.669214768591,894.919864794592,47.7076443057722
90,5,23847,143.922715645574,150.205212817471,0.421701092875445,439.586237262549,860.765085755022,65.2133182370948
90,6,24595,146.063996747306,152.494301152366,0.426979766004259,536.294653384834,866.812766822525,64.472779020126
90,7,23695,141.014053597805,146.618040931965,0.417521677597382,495.17788562988,698.340156151087,56.6854610677358
90,8,19791,146.348946490829,155.395633262555,0.468732099491743,553.127734828963,819.369309281997,56.2419281491587
90,9,19847,151.108731798257,151.108731798257,0.43340771552691,332.101828991787,904.086612586285,69.7665642162544
90,10,19812,145.761609125782,145.761609125782,0.396236130591861,341.732535836867,741.761861498082,65.3007268322229
90,11,19766,144.603359303855,144.603359303855,0.456828681921394,447.45983001113,693.967924719215,72.8425579277547
90,12,21233,144.894268355861,152.968479974286,0.449018395381387,534.216314227853,754.076626006688,65.6345311543352
90,13,13553,157.632332324947,157.632332324947,0.431358569876657,448.086770456725,753.216483435402,66.5907917066332
90,14,20326,139.642723605235,139.642723605235,0.38129806473694,395.187198661812,769.3964872577,72.439240381777
90,15,21749,143.872407926801,151.266694186522,0.433838597530791,396.316980091039,810.997379189848,45.4898616028323
90,16,12997,152.451719627606,159.513253988847,0.427521005637131,414.391859659922,844.436639224436,75.5913672385935
90,17,20962,147.426104379353,153.58375257463,0.407732145094851,326.077664345005,838.435550042935,50.733470088732
90,18,21363,149.803960117961,157.238200041716,0.447366681761115,330.69905912091,930.104573327716,62.0052427093573
90,19,13579,149.462331541351,158.388246981345,0.442475362081893,294.219972015612,844.507032918477,60.3489211282127
90,20,13214,148.778946571818,157.408195607194,0.444888901795202,277.126835174815,785.880202815196,68.8142878764946
90,21,16829,141.501990611445,141.501990611445,0.369336659175316,435.448154970586,786.321706577931,78.9271495632539
90,22,15179,143.913498912972,150.742957531112,0.43416296497919,435.605705250675,943.360827458989,65.9347783121418
90,23,20007,126.724596391263,126.724596391263,0.213220362208071,383.921477482881,688.357025041236,52.3011945818963
90,24,17194,130.104687681749,130.104687681749,0.311816569109261,296.799813888566,693.640281493544,62.5881121321391
90,25,19048,147.187998740025,153.775545380984,0.425416511992913,386.794046619068,930.168731625368,56.4619382612348
90,26,19468,142.537651530717,149.337037073574,0.42910482799763,470.494555167454,890.385298952127,54.533182658722
90,27,18687,140.146786536095,140.146786536095,0.372952306890285,400.501953229518,770.695670787178,58.127468293466
90,28,19422,142.2843682422,142.2843682422,0.393356262399479,361.094634950057,818.263978992895,67.5559159715786
90,29,21459,138.572999673797,138.572999673797,0.41146468367843,393.756559019526,679.000372803952,64.1095577613123
90,30,15236,151.95917563665,157.835094382046,0.4093719901234,384.017852454713,894.264242583355,78.7459306904699
90,31,16762,143.057093425606,143.057093425606,0.389720966960428,376.267509843694,837.265720081136,59.0008948812791
90,32,21446,137.889723025273,137.889723025273,0.369034448584242,326.432807982841,756.420358108738,56.5056887065187
90,33,15634,137.501343226302,137.501343226302,0.390348908430091,471.899769732634,695.198989382116,63.0477165152872
91,1,20498,145.458922821739,145.458922821739,0.387159406409432,485.864474582886,848.070201970924,73.3542296809445
91,2,21448,141.925400969787,141.925400969787,0.390905008519016,328.562663185379,800.65670458784,76.7030026109661
91,3,12954,157.327929597036,165.455881230815,0.430746039340342,412.748880654624,839.418094796974,74.8653697699552
91,4,19482,150.397289805975,157.022622280411,0.42671946175809,396.816959244431,899.443588953906,47.7177394518017
91,5,22949,142.125147065232,142.125147065232,0.388948665566352,354.095428994727,811.341801385681,66.8788182491612
91,6,22609,145.686098456367,145.686098456367,0.39024085730529,432.655048874342,859.451147773011,65.1045159007475
91,7,20966,127.686587808833,127.686587808833,0.232513443221743,379.062148240008,684.843842411523,52.122340932939
91,8,20181,145.556216243001,145.556216243001,0.438745929953174,448.359744313959,685.690500966255,71.9415291610921
91,9,14854,150.400228894574,158.793397451988,0.45285295788246,285.78100175037,841.260872492258,60.5356133028141
91,10,25795,144.807404535763,150.846515680181,0.4134084191241,536.497034308975,865.297887187439,64.6743167280481
91,11,16727,144.419501404914,151.267974291926,0.426210532389342,434.083936151133,939.617444849644,66.3350272015305
91,12,14351,161.617866350777,172.703335697959,0.435952269478854,451.093094557871,753.527837781339,66.1541356003066
91,13,19100,144.97780104712,144.97780104712,0.39789992822755,465.858638743456,791.683455497382,60.5221465968586
91,14,21422,148.831621697321,155.144553574176,0.412509904489417,324.712725235739,841.347773317151,50.7460554570068
91,15,21952,149.804436953353,157.778905801323,0.429044533027054,330.623542274052,896.326940597668,70.0109329446064
91,16,18412,140.954812079079,140.954812079079,0.370551926740896,438.810178144688,777.17401694547,78.3509667608082
91,17,20045,140.047193813919,146.383399924044,0.434823970084476,503.709104514842,699.358942379646,55.3601396857072
91,18,16409,130.12675970504,130.12675970504,0.322326592448018,296.396002193918,688.949844597477,62.1265159363764
91,19,19143,147.542443713107,156.487582324063,0.463633198732571,560.892075432273,823.173483779972,56.0662905500705
91,20,18679,146.828577546978,152.677750671701,0.40775520732153,339.686332244767,740.331602334172,65.0569623641523
91,21,22710,142.729018053721,150.654918237542,0.45513831194619,533.872346983708,751.028313518274,65.3069132540731
91,22,20041,142.074846564543,147.815848306195,0.412800042107106,395.864926899855,768.367596427324,58.1797814480315
91,23,14197,147.501373529619,155.28509932779,0.431911142784401,276.8565894203,777.806156230189,69.3005564555892
91,24,17104,147.071036014967,153.155545435613,0.405256163064832,374.048877455566,839.744855004677,58.9028297474275
91,25,21038,142.219887822036,148.40420493156,0.424838377703522,469.210381214944,894.577954178154,54.9106378933359
91,26,20631,148.707527507149,148.707527507149,0.438242444939818,391.318404342979,815.37526053027,44.9919053851001
91,27,17799,152.144783414799,158.923292174371,0.41120817119521,385.307770099444,931.115680656217,56.6886903758638
91,28,19735,142.651026095769,142.651026095769,0.40986885203608,395.273878895364,762.647073726881,72.0184950595389
91,29,16455,153.339714372531,161.127825562958,0.41950307136757,385.704162868429,883.173928896992,78.6742631419022
91,30,22273,148.797243299062,155.357617377832,0.426180222549242,327.810667624478,927.675885601401,62.2676783549589
91,31,21956,137.808617234469,137.808617234469,0.370991955363307,323.486381854618,756.361905629441,56.1983967935872
91,32,21241,141.923967798126,141.923967798126,0.429972893349801,395.511181206158,676.204133515371,63.768372487171
91,33,20121,138.327767009592,138.327767009592,0.380622942667561,476.493613637493,693.594552954625,61.072461607276
92,1,22650,149.72821192053,159.827844663837,0.468080277227926,384.252185430464,902.068741721854,47.7363796909492
92,2,22262,145.296065043572,145.296065043572,0.45595480275195,453.399694546761,688.316233941245,72.2581978258917
92,3,18686,149.219629669271,155.711323920806,0.407402102287977,337.69458418067,736.932676870384,65.6463127475115
92,4,22660,142.792586054722,148.960871566179,0.406676542872141,331.903574580759,798.926434245366,77.2293027360989
92,5,25518,145.642409279724,151.543268301185,0.40958971721932,535.639430989889,869.064738615879,64.3782428089976
92,6,15631,154.692214189751,165.079748576703,0.450993274783697,275.581792591645,831.215149382637,60.6959887403237
92,7,20872,143.075316213108,143.075316213108,0.357308713508033,355.174396320429,808.803516673055,67.5073783058643
92,8,15346,153.303857682784,158.331620589018,0.402545001080673,390.508731917112,886.980711586081,78.6440114687867
92,9,15650,145.155974440895,151.014391094129,0.419694551439702,429.839361022364,939.595335463259,66.4480511182109
92,10,25761,143.539614145414,143.539614145414,0.41552255168093,427.582236714413,855.43523155157,64.712511160281
92,11,24054,144.6595160888,144.6595160888,0.390912409730532,484.951567306893,857.569510268562,73.3193231894903
92,12,21158,154.237924189432,161.172380591212,0.413854624652832,329.40452783817,893.806834294357,70.4611021835712
92,13,20818,147.177874915938,152.629036318408,0.407706845333178,462.365308867326,788.19665673936,60.7101066384859
92,14,19534,128.238353639808,128.238353639808,0.240500591157592,381.05006655063,676.452697860141,52.834903245623
92,15,21306,153.528208016521,161.620127988639,0.442506171764157,321.287900122031,922.579648925185,62.4324134046747
92,16,21780,140.983379247016,147.367429054851,0.426890774066067,462.375528007346,906.228374655647,55.7069788797061
92,17,19525,143.531984635083,143.531984635083,0.392936107002417,399.009884763124,765.181408450704,72.2206914212548
92,18,21666,148.273608418721,154.771531651502,0.415945496367685,316.060001846211,835.746838364257,51.1879442444383
92,19,16951,130.835761901953,130.835761901953,0.335575035234747,298.22883605687,684.787918116925,62.6665683440505
92,20,19513,148.13729308666,156.685718283701,0.457052424343923,562.22456823656,824.755855070978,56.3779019115461
92,21,14252,162.457760314342,171.911810134883,0.422146167959677,444.864650575358,755.408504069604,66.1806763962953
92,22,20889,141.4432476423,147.517094332308,0.411911753460413,503.818038201924,696.255158217244,55.9509789841543
92,23,21881,144.720259585942,153.020417895106,0.46489248427174,537.335953567022,756.875234221471,65.3605868104748
92,24,20284,142.024748570302,142.024748570302,0.376841123342018,396.656576612108,760.450009859988,58.1669295996845
92,25,19527,137.288267527014,137.288267527014,0.404766199663853,474.859169355252,692.049879653813,61.6757310390741
92,26,23661,148.038840285702,157.307509535926,0.457651613071505,383.094966400406,809.407210177085,44.6637927391065
92,27,12378,158.539667151398,167.811936658156,0.443610375054985,411.214816610115,833.431006624657,74.76377443852
92,28,16930,144.341996455995,144.341996455995,0.357721199684193,367.006674542233,831.734613112817,59.1872415829888
92,29,22559,140.691342701361,140.691342701361,0.443886404893885,395.713373819762,673.273416374839,63.9012367569484
92,30,22561,137.690616550685,137.690616550685,0.337564484839721,324.618102034484,747.183369531492,56.6524090244227
92,31,18776,141.665743502343,147.985116127538,0.401095820325623,446.476406050277,778.813804857265,78.3219002982531
92,32,14882,148.74573310039,157.797959596053,0.458507231865501,274.435962908211,774.232361241769,69.9853514312592
92,33,17256,151.136995827538,157.762560357247,0.40053194328758,380.23331015299,928.654265183125,56.8501970329161
93,1,19236,127.804273237679,127.804273237679,0.239873013063503,373.419213973799,671.289197338324,53.5232896652111
93,2,21941,141.629369673215,141.629369673215,0.417501440172864,455.747413518071,688.984412743266,72.3544049952144
93,3,18582,132.230545689377,132.230545689377,0.344454585283847,298.759767516952,679.513346249058,62.8802604671187
93,4,21586,148.284536273511,137.010045115749,0.533323318937767,372.074817011026,900.282683220606,48.0467432595201
93,5,21607,148.222751885963,154.610320768616,0.422931948924424,333.802378858703,799.667468875827,77.7012542231684
93,6,15680,155.271301020408,161.596149130277,0.407452959140502,397.596875,889.908099489796,78.6308035714286
93,7,23062,145.5545486081,154.553220450483,0.467345924222474,534.366143439424,756.467478969734,65.7743040499523
93,8,22081,152.875413251211,160.717732412249,0.435017784998337,312.421040713736,831.573570037589,51.29002309678
93,9,26961,147.889099069026,154.630942773104,0.431769428402543,540.277771596009,866.484700122399,64.3346685953785
93,10,18558,152.596777670008,160.437003676125,0.414106224558354,334.546664511262,732.053992887165,66.3322556309947
93,11,23808,140.938088037634,147.177692314347,0.418942917954042,502.28767641129,699.821362567204,56.163096438172
93,12,21298,158.649873227533,167.594573590888,0.441615351600189,321.313268851535,922.706357404451,62.4848812095032
93,13,15261,160.025358757617,172.133276261054,0.462086435154954,268.76299062971,830.856955638556,60.7394666142455
93,14,22438,160.990373473572,169.411971636389,0.417403056469467,326.600721989482,892.866610214814,71.0095819591764
93,15,22077,144.059337772342,144.059337772342,0.395228398819665,460.198351225257,783.349096344612,61.0375956878199
93,16,20511,141.221247135683,141.221247135683,0.383681980726577,394.371898005948,762.029008824533,72.2701477256106
93,17,19063,138.522897760059,144.419018422753,0.404709022532904,449.527566490059,782.774432146042,78.3468499186907
93,18,20914,145.950941952759,145.950941952759,0.370795708224251,348.333699913933,808.554987089988,67.2638424022186
93,19,20832,150.923531105991,161.811029997867,0.487091159188688,563.091253840246,814.09178187404,56.5632680491551
93,20,14046,154.792894774313,163.805783905925,0.440283945920142,409.478072048982,833.413498504912,74.4879681047985
93,21,16443,142.200267591072,148.290125512988,0.413582643010557,430.342090859332,942.045794563036,66.9773155750167
93,22,22342,138.37472025781,138.37472025781,0.401690389660454,465.36800644526,904.997135439978,56.3067317160505
93,23,18766,135.518117872749,135.518117872749,0.400470017553964,474.890973036342,691.254183097091,61.6976446765427
93,24,19548,150.999488438715,158.411616833716,0.424197557878288,381.34985676284,920.939379987723,57.4484857785963
93,25,22303,139.628480473479,139.628480473479,0.42880490254801,399.268080527283,671.791194009774,64.1124064027261
93,26,21625,144.562820809249,151.486152839086,0.427565360160362,374.231583815029,789.310797687861,44.4637225433526
93,27,11944,162.089752176825,178.006018938883,0.512583640494664,427.5582719357,857.692314132619,64.8126255860683
93,28,12929,152.93015701137,163.950086404146,0.46983141792498,497.662464227705,858.06326862093,73.7202413179674
93,29,13696,154.552351051402,163.572705628542,0.434588860167735,445.961010514019,753.507447429907,66.3308995327103
93,30,17049,146.772713942167,146.772713942167,0.369287700840467,362.905742272274,828.969558331867,59.0964865974544
93,31,14647,152.652010650645,162.866858465557,0.436258258310585,273.367583805557,777.122004506042,70.8815457090189
93,32,20736,140.480082947531,140.480082947531,0.390525882654794,394.823832947531,757.527006172839,58.2054398148148
93,33,24625,138.051005076142,138.051005076142,0.366104830810998,323.301563451777,741.205563451777,56.8229847715736
94,1,20136,131.207737385777,131.207737385777,0.334082009666422,293.710915772745,682.169596742153,64.6083631307112
94,2,29399,145.29055410048,151.699549546115,0.424270922227029,538.38821048335,867.072655532501,64.1993945372292
94,3,19845,147.17863441673,147.17863441673,0.377895901823101,432.129050138574,947.950566893424,66.0159737969262
94,4,15955,160.901535568787,172.942872284179,0.455170596090529,269.281667188969,825.631212785961,60.3902851770605
94,5,19764,142.269732847602,142.269732847602,0.398309835512226,397.45592997369,766.59542602712,72.9440902651285
94,6,26311,154.207061685227,161.651346460728,0.418028596507201,338.50013302421,899.882064535745,70.3103644863365
94,7,15608,152.682086109687,159.569388342108,0.416030878999551,401.381855458739,896.60718862122,77.9800743208611
94,8,14863,156.47931104084,166.275284232011,0.442285285422124,274.492296306264,787.624974769562,71.5667092780731
94,9,19538,127.921230422766,127.921230422766,0.263438271155896,375.351520114648,664.053894973897,54.6786262667622
94,10,20739,149.285066782391,156.417790398264,0.41681836871628,331.315299676937,735.215294855104,67.3230628284874
94,11,19542,147.563555419097,156.099054046687,0.453008438237712,564.623784668918,799.871456350425,57.483625012793
94,12,20100,155.597611940299,164.023515156896,0.43818066127577,317.819751243781,924.301741293532,61.94
94,13,19636,149.991851700957,158.14942161978,0.438540234461645,455.918160521491,692.600275005093,73.4814116928091
94,14,21150,141.580567375887,141.580567375887,0.416416061919649,396.901796690307,674.00548463357,65.7481323877069
94,15,22624,146.635564002829,153.097654281009,0.41964090717171,337.13224893918,815.673532531825,77.967202970297
94,16,12416,168.406169458763,176.386865078274,0.418442179809906,447.889739046392,749.345521907216,67.5235985824742
94,17,20891,148.559571107175,156.82284849714,0.441535387047112,535.931597338567,762.988751136853,67.6091139725241
94,19,20041,152.345541639639,163.018671042744,0.466103507732334,363.013522279327,892.832194002295,48.0012474427424
94,20,18010,144.758356468629,150.808944600679,0.404640155917486,453.326318711827,793.540810660744,78.7491948917268
94,21,22914,147.299642140176,154.693156927543,0.424585534365111,312.290302871607,815.416382997294,51.6664484594571
94,22,18726,143.949428601944,143.949428601944,0.393322423381026,359.527715475809,827.312613478586,59.548168322119
94,23,21656,141.9283801256,141.9283801256,0.389609714099777,392.822266346509,753.345724048762,59.197635759143
94,24,20792,143.296027318199,143.296027318199,0.383686699641256,467.494372835706,777.565169295883,60.4045786841093
94,25,13151,156.901224241503,165.950960776727,0.443025829600876,411.929663143487,835.333814919018,73.4639951334499
94,26,22958,141.574658071261,147.643216746477,0.414038925112938,365.576182594303,754.058498127015,45.3985974388013
94,27,18102,151.091592089272,158.127946682429,0.413697925009696,381.096729643133,916.128991271683,56.9177991382168
94,28,23703,143.083154031135,143.083154031135,0.396914171539522,349.900392355398,808.945787453065,67.2071045859174
94,29,22214,143.352165301161,143.352165301161,0.412166012980333,470.219231115513,898.686098856577,56.9268929503916
94,30,10965,160.270405836753,174.923461280258,0.489994371443331,475.189056087551,872.209393524852,71.7696306429549
94,31,4991,180.840713283911,199.059971693552,0.505732663564439,462.205169304749,797.095772390302,67.1671007814065
94,32,9964,152.227217984745,152.227217984745,0.480679619488471,302.204536330791,739.994981934966,57.4204134885588
94,162,3130,214.726837060703,245.213108110229,0.48411823644919,421.830670926518,912.651757188498,64.3300319488818
94,163,13503,147.218766200104,147.218766200104,0.394329271272744,503.556839220914,697.966229726727,57.4162778641783
94,164,13726,144.06768177182,144.06768177182,0.361619865130865,476.420952936034,688.538977123707,62.8663849628442
95,1,20112,131.031026252983,131.031026252983,0.307037394887796,297.745823389021,674.217631264916,65.0274960222753
95,2,19028,146.302764347278,152.196999715174,0.405578321126118,395.631280218625,764.603479083456,73.8473828042884
95,3,17293,144.149251142081,144.149251142081,0.493241426447178,308.261840050888,718.324697854623,57.2900595616724
95,4,20179,150.225382823728,157.518693488853,0.418299422184797,327.806779325041,732.151791466376,68.1591753803459
95,5,21075,128.923036773428,128.923036773428,0.272570588753572,379.476820877817,655.513214709371,55.3380308422301
95,6,23004,147.010085202573,147.010085202573,0.391945502636098,331.55990262563,817.992131803165,77.943661971831
95,7,20198,146.609416773938,146.609416773938,0.397972901770529,368.402960689177,914.144370729775,55.8975641152589
95,8,12120,170.685396039604,170.685396039604,0.399035087837463,443.175330033003,744.88399339934,68.8211221122112
95,9,7710,151.926718547341,151.926718547341,0.491233814996041,504.375486381323,834.81504539559,72.6953307392996
95,10,19046,145.760999684973,145.760999684973,0.378570621480964,467.071563582905,773.65956106269,61.0795442612622
95,11,19588,147.869665101082,156.084794638598,0.450401299779743,567.502603634878,794.744333265264,57.6760261384521
95,12,21677,149.653042395165,149.653042395165,0.466648858828494,454.956728329566,692.157032799742,73.9657701711491
95,13,22889,145.129800340775,151.487117257381,0.405311150688985,308.122416881471,799.752894403425,51.5914631482371
95,14,13812,163.856791196061,176.420862841797,0.480447336253521,534.135027512308,848.733927019983,62.7875036200405
95,15,22124,144.309889712529,144.309889712529,0.384823643527075,363.175420357982,820.35626468993,60.4392514915928
95,16,15214,156.914749572762,166.686837151149,0.44391520807668,267.63632180886,788.252070461417,71.5393716313921
95,18,15611,157.691755813209,157.691755813209,0.397533456690161,384.274614054193,902.100762283006,78.4203446287874
95,19,20547,148.297610356743,156.340950149889,0.432869528713814,538.240035041612,756.610064729644,67.3554776853069
95,20,13696,157.281469042056,166.684983100181,0.447380331234625,406.8359375,832.338492990654,72.8368136682243
95,21,20601,156.678413669239,165.55358485858,0.444499954526286,350.85214309985,887.302897917577,47.6979758264162
95,22,21724,153.532498619039,161.327507902598,0.430977898276869,307.360476891917,921.076275087461,60.4440710734671
95,23,17375,147.341179856115,147.341179856115,0.394748574899378,453.781237410072,807.415251798561,78.4128920863309
95,24,23087,143.022176982718,149.533615347356,0.416181332864355,393.599168363148,750.962533027245,60.2610126911249
95,25,21839,143.368057145474,143.368057145474,0.445183189328826,393.53862356335,674.34781812354,66.2294976876231
95,26,8002,166.698950262434,166.698950262434,0.534487264765748,404.428017995501,891.6872031992,72.6184703824044
95,27,17035,158.353566187262,171.027160624308,0.466717546703295,262.211916642207,812.713296154975,60.0098620487232
95,28,22219,143.306224402538,149.607240012214,0.400906248838598,369.260497772177,729.733201314191,45.3632476709123
95,29,16147,148.265064717904,155.292714557557,0.41955740151975,422.232427076237,948.753390722735,65.0047686876819
95,30,22782,141.355017118778,141.355017118778,0.419879426752607,471.763453603722,901.351988411904,56.4962250899833
95,31,22018,144.62040148969,144.62040148969,0.398381878556413,350.934462712326,805.666545553638,67.4639385956944
95,32,9339,155.412785094764,155.412785094764,0.447748740771986,469.05054074312,793.195309990363,67.8823214476925
95,34,7253,170.443816351854,170.443816351854,0.456544201243836,391.854956569695,907.212877430029,61.7842272163243
95,165,10127,191.487607386195,216.999275335164,0.471876243007106,334.88614594648,895.039300878839,69.9957539251506
95,166,11671,144.393282495073,144.393282495073,0.367403785619086,476.323108559678,687.287807385828,64.1424042498501
95,167,13368,148.195691202873,148.195691202873,0.36030134397056,501.147292040694,692.472022740874,58.978381208857
96,1,21116,145.608211782535,152.563972725746,0.429051787395691,396.199469596515,770.745548399318,74.3746448190945
96,2,22068,150.481149175276,157.829857140903,0.430765418685641,328.587185064347,732.731874206997,68.2660413268081
96,3,21469,128.599329265453,128.599329265453,0.249478218367985,374.896222460292,650.844892635894,56.133261912525
96,4,21423,146.416981748588,146.416981748588,0.35978961447099,355.619847827102,810.342108948327,67.7255286374457
96,5,23713,148.234006663012,154.456589783464,0.410949770934336,332.081263441994,822.063214270653,77.9627208704086
96,6,21634,148.02315799205,157.154498050515,0.469319481059996,567.651150966072,801.272487750763,57.9314967181289
96,7,21891,136.865104380796,132.148542446143,0.538862179030499,297.44995660317,674.407701795258,67.4124526060938
96,9,23638,148.957441407903,148.957441407903,0.464471933818814,453.66109653947,694.710593112785,74.6192148235891
96,10,15923,157.766187276267,167.760665521374,0.461010933925399,269.753187213465,794.698423663882,71.6631288073855
96,11,13271,160.006781704468,168.696095039227,0.440408064714251,411.707030366966,843.726697309924,72.4922010398614
96,12,23116,146.095474995674,146.095474995674,0.389713164915904,306.494073369095,798.137047932168,51.5811126492473
96,13,15999,159.16544784049,165.790602687112,0.412178756293898,391.3455215951,910.201700106257,77.8806175385962
96,14,22019,153.107134747264,161.023465432681,0.449464984205218,348.011081338844,885.210954175939,48.0326536173305
96,16,22943,155.972191953973,165.694382535216,0.458434286387205,302.482718040361,917.931177265397,59.8237370875648
96,17,22219,143.23614924164,143.23614924164,0.4356811645943,393.576983662631,676.345380080112,66.526801386201
96,18,16785,151.387727137325,160.57364615776,0.429409306095816,424.155138516533,944.274769139112,65.1164134644027
96,19,21533,144.582687038499,144.582687038499,0.390990382716306,389.588724283658,747.148701992291,60.5391259926624
96,20,11063,211.445719967459,211.445719967459,0.545420120723781,335.524812437856,900.36409653801,69.218024044111
96,21,22812,143.665263896195,151.572221815953,0.45142880149822,470.470234964054,908.165614588813,56.525206031913
96,22,16669,156.96580478733,156.96580478733,0.47967788093319,262.28418021477,805.255204271402,60.5787989681445
96,23,22080,148.123188405797,156.134680462017,0.443965513655623,540.216983695652,761.424184782609,67.8336050724638
96,24,12171,173.639470873388,182.044935675549,0.405306748347583,437.739216169583,749.263084380905,68.9014049790486
96,25,17514,143.670263788969,143.670263788969,0.387434326927761,365.376498800959,912.755338586274,56.0088500628069
96,26,17553,148.406483222241,155.996679415428,0.409819495970347,455.817638010596,815.220532102774,78.6447900643765
96,27,14013,167.55926639549,183.816653226885,0.499075189023577,528.364161849711,866.671233854278,63.5900949118676
96,28,10364,145.052006947125,152.693007324683,0.447208486214247,508.945677344655,845.621092242377,73.239482825164
96,29,22495,143.177861747055,149.708931653375,0.418318828100444,373.043387419427,714.417559457657,45.4673927539453
96,30,9507,160.081308509519,171.670522982646,0.448543976403093,436.558220258757,893.455559061744,71.6204901651415
96,31,9182,160.95284251797,171.392816947541,0.457570107093445,384.998039642779,898.427793509039,61.9630799390111
96,32,8089,150.120163184572,138.840813024667,0.502801243746301,321.112869328718,738.532204227964,54.008406477933
96,33,17863,143.198734814981,143.198734814981,0.390307129397677,349.511952079718,816.657280412025,60.2419526395342
96,34,7306,138.47385710375,130.272079796062,0.522845729340097,302.306871064878,669.657678620312,61.4979468929647
96,168,7893,155.463575319904,155.463575319904,0.397575499306733,470.131255542886,794.470796908653,69.1819333586722
96,169,14417,152.168897828952,152.168897828952,0.348449556149365,469.289727405147,768.399389609489,63.5006589443019
96,170,9096,152.291886543536,152.291886543536,0.360996112201951,510.171394019349,696.403364116095,59.469327176781
96,171,13827,143.613799088739,143.613799088739,0.381953407750573,477.424821002387,679.946481521661,64.3971938960006
97,1,22375,153.604245810056,161.401781722981,0.424956845079511,335.019396648045,806.450100558659,78.2857653631285
97,2,22761,143.611572426519,150.143423839016,0.418560594448213,399.525152673433,754.566583190545,74.1842625543693
97,3,23067,137.667750466034,132.421629812874,0.419266323949561,304.338362162396,667.822690423549,66.978974292279
97,4,22639,152.581695304563,163.216275100444,0.479275709625794,568.642475374354,802.923450682451,57.3778877158885
97,5,20515,157.32088715574,165.179509639887,0.429096201347595,326.136241774311,730.438703387765,67.9411650012186
97,6,25103,153.454487511453,162.033876988318,0.427328188663592,296.141656375732,813.891128550373,52.5323268135283
97,7,21778,128.69391128662,128.69391128662,0.282383802591964,366.04770869685,657.213472311507,55.2234824134448
97,8,23670,150.118884664132,150.118884664132,0.383666982471383,350.652724968314,809.956949725391,68.337346852556
97,9,14843,163.04278110894,170.998101035379,0.424412687742384,435.129556019673,738.648992791215,68.6679242740686
97,10,22305,143.719524770231,143.719524770231,0.394995296456383,382.97861466039,753.236269894642,60.3411342748263
97,11,22613,143.511475699819,143.511475699819,0.436487656492047,455.623844691107,677.711891389908,72.8445584398355
97,12,19270,143.066165023352,143.066165023352,0.445561779721816,519.690918526207,696.17841203944,57.4440062272963
97,13,11746,150.38021454112,159.005439005214,0.440672365269122,448.253703388388,885.033628469266,72.6633747658777
97,14,13749,141.232162339079,147.381818666267,0.407462807941747,311.217106698669,747.088660993527,53.2005236744491
97,15,16940,157.852420306966,170.479912888343,0.479122441291979,258.603246753247,807.043624557261,61.3180637544274
97,16,18530,143.612196438208,150.235325727558,0.429641460908025,413.197787371829,936.655153804641,66.6515380464112
97,17,16922,155.783358941024,161.513980529874,0.401547414715815,404.436000472757,895.46336130481,79.4747074813852
97,18,10584,145.306972789116,152.692380182767,0.439260694854275,504.932445200302,832.52947845805,72.0809712773999
97,20,26522,144.633247869693,152.538605941266,0.45319334767301,542.2916069678,741.954000452455,66.8008445818566
97,21,22045,135.984486278068,135.984486278068,0.395980838619646,474.975686096621,673.867044681334,62.0239056475391
97,22,20484,146.231644210115,146.231644210115,0.394957558783735,359.73345049795,813.119459090021,61.1013962116774
97,23,19397,143.949940712481,143.949940712481,0.40591656028706,390.918750322215,669.332834974481,65.5924111976079
97,24,18385,140.786891487626,140.786891487626,0.356396019303294,468.476801740549,792.207614903454,78.1156921403318
97,25,15353,160.54771054517,170.013309445612,0.448624061532009,271.46316680779,790.046245033544,71.8564449944636
97,26,20613,159.326735555232,171.165756131739,0.466107683136298,337.56158734779,899.286566729734,48.8769708436424
97,27,24219,141.101655724844,141.101655724844,0.426128380393699,372.64449399232,733.211073950204,43.7924769808828
97,28,12230,159.135404742437,167.571154442851,0.431262613915759,426.95102207686,826.586753883892,73.3229762878168
97,29,9980,152.90130260521,161.904614878437,0.431013742818057,380.087875751503,885.185070140281,64.6548096192385
97,30,24924,163.195514363666,175.585444929231,0.475471862985177,291.889303482587,920.309420638742,59.6510592200289
97,31,5919,212.038351072816,248.957461956346,0.609039369911922,295.676803514107,915.61243453286,66.1932758911978
97,32,5377,196.137623209968,196.137623209968,0.586402607951663,370.732750604426,869.434442997954,72.9564813092803
97,33,5342,177.85548483714,177.85548483714,0.54033117680345,543.208536128791,811.799326095095,64.9226881317858
97,34,5699,170.327425864187,170.327425864187,0.550235359832534,481.425337778558,912.196701175645,63.7271451131777
97,35,17735,151.079503806033,159.054379832378,0.427347196007577,361.186862137017,913.37671271497,57.3398364815337
97,36,10204,136.756272050176,136.756272050176,0.497195547236385,289.734711877695,679.734515876127,60.4775578204626
97,37,24627,140.65359158647,140.65359158647,0.429851394679191,463.980590408901,914.656718236082,56.9274779713323
97,172,14555,146.567502576434,146.567502576434,0.369084530105846,462.342562693233,769.94448643078,62.3664032978358
97,173,8877,150.967443956292,150.967443956292,0.387663774956343,467.684014869888,791.028725920919,68.2649543764785
98,1,21063,136.031287091108,136.031287091108,0.372547786804193,314.342781180269,665.40331386792,67.2177277690737
98,2,22980,144.416579634465,144.416579634465,0.405104984615279,403.98864229765,753.153394255875,73.1780678851175
98,3,22676,151.379520197566,151.379520197566,0.348270180789429,350.742106191568,815.938525313106,68.7345651790439
98,4,23244,151.501677852349,159.163641440754,0.437797010871628,326.273877129582,729.439855446567,67.3219755635863
98,5,24989,147.153507543319,153.043107605658,0.408204981629376,345.087118332066,803.413982152147,78.7891472247789
98,6,22537,152.240981497094,163.051256135693,0.469042203071663,570.49664995341,811.056351777078,57.5866353108222
98,7,21923,144.85065912512,144.85065912512,0.395346621805498,352.089175751494,816.773479906947,61.1970989371893
98,8,16484,136.669983013832,136.669983013832,0.41428439625464,309.366658578015,741.936362533366,54.319825285125
98,9,19399,144.89117995773,152.982374406464,0.452882945368423,526.912366616836,704.879169029331,57.3803288829321
98,10,12823,172.83155267878,181.488111580845,0.413021445011532,440.635888637604,740.521406847072,68.9544568353739
98,11,21713,128.163726799613,128.163726799613,0.292718091952776,367.429650439829,659.697047851517,54.6824943582186
98,12,19288,143.745541269183,150.657619853211,0.43285159821284,408.951524263791,948.816310659477,67.3326420572377
98,13,16700,161.607425149701,171.922496655135,0.44840773748146,255.592095808383,800.095748502994,61.7284431137725
98,14,20644,144.3214008913,144.3214008913,0.435104705165326,398.505812826972,671.87763999225,65.290205386553
98,15,15650,158.087284345048,158.087284345048,0.38714945372811,417.867220447284,899.008881789137,79.4007028753994
98,16,24238,148.756085485601,148.756085485601,0.456661517639263,466.062670187309,676.88794454988,72.4033336083835
98,17,16717,153.128252676916,159.415086058001,0.419511936397083,450.470299694921,794.892145719926,62.1802955075671
98,18,21929,139.858361074376,146.240194364323,0.414267143560694,476.633499019563,679.428564914041,61.1505312599754
98,19,24139,150.131654169601,156.12518248297,0.409544209242145,289.889639173122,813.859439081984,53.0591159534363
98,20,17618,154.941026223181,163.195756141009,0.436060081187691,355.536099443751,916.496026790782,58.6067658076967
98,21,12404,163.085456304418,169.694070748513,0.40800169333488,427.276765559497,823.377458884231,73.9899226056111
98,22,11912,157.092595701813,165.903382624277,0.443769795905352,454.422515110813,898.028122901276,72.0482706514439
98,23,20591,157.54635520373,167.517035343693,0.444707971733482,329.901024719538,904.500704191151,49.56641251032
98,24,19667,145.048965271775,152.413209711888,0.417499136266076,483.591142523008,791.40656938018,77.6290232368943
98,25,13867,156.806735415014,168.485021724669,0.448919498122421,499.761015360208,936.105213816976,63.1616788057979
98,26,10898,180.416865479905,180.416865479905,0.478945250355569,300.247660121123,911.180491833364,65.4647641769132
98,27,16413,164.440077986962,175.44176072908,0.463087703363122,273.853835374398,785.47809663072,72.3394869920185
98,28,19989,144.766971834509,144.766971834509,0.396362281089386,382.636950322677,755.63229776377,60.6292460853469
98,29,17884,165.153936479535,176.41061393642,0.458575438817874,282.187933348244,917.503746365466,59.5819727130396
98,30,24230,145.654890631449,153.876868308411,0.441488171464595,466.841725134131,927.242014032191,57.4937267849773
98,31,23343,145.30236045067,152.635177926219,0.441023607930895,538.617744077454,747.222464978795,66.559825215268
98,32,10189,137.926685641378,137.926685641378,0.426008434417491,301.804495043675,684.38247129257,60.2577289233487
98,33,10177,154.204677213324,164.132719192904,0.462458880548737,377.913628770758,890.71435590056,65.9734695882873
98,34,11235,150.837472185136,160.491128738393,0.456375739390399,515.213974187806,845.521495327103,71.626435246996
98,35,9035,159.866740453791,170.154887431433,0.445354402428558,513.743552850028,824.093303818484,64.078915329275
98,36,8103,168.467234357645,183.251077114602,0.454409305266766,388.56127360237,865.297297297297,73.4773540663952
98,37,27029,141.473787413519,141.473787413519,0.44100765767468,387.306300640053,736.334862555034,43.0255651337452
98,38,9429,159.459433662106,159.459433662106,0.39500961793624,471.906140629971,801.855658076148,68.9206702725634
99,1,23483,133.817059149172,133.817059149172,0.36812001752986,339.705659413193,656.978580249542,68.295958778691
99,2,17373,158.903873827203,172.727165036363,0.485275669362636,541.715938525298,772.815230530133,65.7650952627641
99,3,22772,149.326629193747,156.53547683098,0.423446358216586,342.020024591604,722.173414719831,68.2736694185842
99,4,25191,161.092810924537,170.590523410747,0.448336725004363,274.989400976539,892.546901671232,61.9674486919932
99,5,23328,129.095764746228,129.095764746228,0.274776829297933,382.296767832647,642.738340192044,54.9881687242798
99,6,23073,146.95362544966,146.95362544966,0.441143579265809,422.678758722316,674.251636111472,66.1309322584839
99,7,28128,145.800554607509,152.707005061455,0.425804506453404,289.976464732651,795.354735494881,54.0628555176337
99,8,17862,155.322976150487,164.143011546786,0.440666683354843,259.717444854999,777.996137050722,62.6481357070877
99,9,21439,140.990624562713,140.990624562713,0.395012665047395,500.265450813937,693.61252856943,61.7617892625589
99,10,14816,169.841522678186,169.841522678186,0.395786136635746,413.063444924406,901.765861231102,79.3245140388769
99,12,18507,145.76371102826,153.57726217358,0.450793439653618,548.57081104447,725.953044793862,57.5743772626574
99,13,10880,175.128584558824,189.059849588305,0.449745497756351,293.0890625,882.017095588235,68.9002757352941
99,14,14307,152.292723841476,162.395824660952,0.452334970550385,491.736003355001,946.59663101978,62.869574334242
99,16,19782,154.172732787382,160.643522490669,0.416094294710286,450.688251946214,811.963856030735,62.1094934789202
99,17,16285,135.091863678232,135.091863678232,0.395613015857175,317.310838194658,727.784587043291,55.6214307645072
99,18,17235,155.56077748767,164.66816890961,0.445756182251632,390.342558746736,952.79634464752,67.4364374818683
99,19,22672,155.574011997177,164.647472838729,0.446865419902791,346.917431192661,908.081730769231,59.8190278757939
99,20,13814,163.809396264659,173.756882806308,0.449652175954914,437.71318951788,834.939988417547,73.5701462284639
99,21,24180,150.976385442514,150.976385442514,0.481436082309867,495.912903225806,693.381306865178,72.3678246484698
99,22,23973,156.962416051391,167.476059353616,0.46399368820419,553.938597588954,838.449589121095,56.9225795686814
99,23,23922,162.742789064459,174.661211924232,0.456905123661731,308.457654042304,899.23919404732,50.3038207507733
99,24,16518,159.033841869476,168.277230819571,0.449557120907452,287.78871534084,772.259111272551,73.5866327642572
99,25,9208,184.107732406603,203.724102616232,0.504625084619948,442.900738488271,936.054517810599,57.4221329278888
99,26,19051,146.15600230959,152.922869536252,0.422659186955594,499.921421447693,809.334890556926,77.3615033331584
99,27,11379,157.131030846296,165.754556485723,0.437020249175334,452.722646981281,920.570612531857,72.2958959486774
99,28,10960,136.567518248175,136.567518248175,0.384028836097863,328.104653284672,676.18102189781,61.4301094890511
99,29,11102,155.565573770492,155.565573770492,0.445779717710775,527.779228967754,867.759773013871,71.4445145018915
99,30,32977,140.872820450617,140.872820450617,0.477780794443316,404.915759468721,739.858386147921,41.522000181945
99,31,21418,149.453076851247,156.878835109732,0.408563229211523,395.261742459613,747.144037725278,61.7681389485479
99,32,10686,155.516563728243,165.023984506398,0.437084587070957,529.330713082538,855.354108178926,64.0335953584129
99,33,9533,173.754012378055,189.940545092953,0.478485968936406,381.492080142662,877.733452218609,73.2178747508654
99,34,21917,142.985399461605,142.985399461605,0.382578458302805,346.976547885203,810.143724049824,61.6541041200894
99,35,8960,159.155357142857,165.054478274598,0.400108491536688,485.887611607143,822.519419642857,69.0025669642857
99,36,10003,161.30510846746,170.869558251398,0.434190585400054,379.849345196441,887.620813755873,66.1200639808058
99,37,13332,161.064206420642,177.751076284701,0.509232419240769,363.717296729673,812.596459645965,69.5903840384038
99,38,6605,170.518849356548,187.967740811044,0.518725475549242,392.028311884936,811.764875094625,79.692505677517
99,174,15591,170.057276633955,178.513067939458,0.418942793110901,451.682252581618,751.767622346225,68.2859341928035
99,175,15146,152.656278885514,152.656278885514,0.382311916334752,422.244288921167,758.931268981909,73.8235837844976
100,1,22933,135.419177604326,135.419177604326,0.36454170383669,327.641215715345,662.930318754633,68.2791610343174
100,2,23327,151.028164787585,157.700921522555,0.413965817240541,338.677969734642,727.362112573413,68.304025378317
100,3,18553,158.815932733251,168.093423544537,0.451604449769082,260.888912844284,787.408128065542,62.1659569880882
100,4,19378,152.058468366188,160.955087328619,0.444344711517203,404.139539684178,955.944989162968,67.668438435339
100,5,9629,181.126389033129,197.503869923749,0.469817308262009,375.7677848167,806.99532661751,69.7605151106034
100,6,22658,127.946817900962,127.946817900962,0.259444633502755,358.743534292524,636.95855768382,55.406567216877
100,7,23349,144.817722386398,153.218182020744,0.477914532076389,562.27384470427,712.327808471455,56.1380787185747
100,8,15557,163.567268753616,163.567268753616,0.392561096426596,411.153757151122,901.330912129588,80.0692935655975
100,9,16396,184.83941205172,207.31034724134,0.51429366856073,282.253049524274,880.221151500366,61.3855818492315
100,10,24417,145.096613015522,145.096613015522,0.459677527357689,419.912970471393,670.220502109186,66.1379776385305
100,11,14612,174.885505064331,174.885505064331,0.428614543240906,460.906925814399,756.058513550506,67.8574459348481
100,12,20720,153.783349420849,161.679084104586,0.428179309559654,361.224227799228,911.913803088803,59.702944015444
100,13,14395,167.616464050017,176.606752208569,0.446642529066946,443.759083014936,837.730878777353,74.0684960055575
100,14,17088,162.194932116105,173.942017320448,0.4649412961374,285.703300561798,775.042427434457,73.2298689138577
100,15,12907,177.475555899899,193.023492347287,0.459643675577525,290.933059580073,875.034942279383,69.6424420856899
100,16,21644,140.347163186102,140.347163186102,0.392474390083404,495.961328774718,684.480918499353,62.3132045832563
100,17,16393,152.208625632892,160.363193485095,0.425218501126841,497.925211980723,928.94509851766,64.0065881778808
100,18,11216,164.306793865906,173.374937989181,0.423366875657941,463.279065620542,921.35672253923,72.875802425107
100,19,19597,153.118742664694,161.236905038319,0.425782518112771,446.792213093841,814.620299025361,61.772056947492
100,20,33507,145.787507088071,145.787507088071,0.501330924086416,416.314113468827,754.62971916316,40.7390992926851
100,21,21554,150.151851164517,150.151851164517,0.41434022271935,393.766354272989,754.330286721722,61.8318641551452
100,22,22900,144.125240174672,144.125240174672,0.39197992104063,418.147860262009,747.658995633188,73.7465065502183
100,23,11431,158.338378094655,168.817235664574,0.445899654810407,532.610707724609,882.338465576065,71.0726970518765
100,24,10878,168.962033462033,182.466140649116,0.45119955488538,380.528773671631,887.232027946314,73.2351535208678
100,25,11780,181.317741935484,157.298537114051,0.549123731384856,556.11324278438,832.291256366723,55.4325127334465
100,26,21157,167.22455924753,179.412182998431,0.468555217357819,307.573663562887,900.623717918419,50.3415890721747
100,27,16558,137.157990095422,137.157990095422,0.388640232053591,318.685469259572,733.965454765068,57.4213673148931
100,28,14182,165.524608658863,178.432604513376,0.455851495128669,292.069877309265,799.835425186857,53.4656606966577
100,29,9726,139.972856261567,139.972856261567,0.383126894895962,326.819967098499,684.936150524368,61.8463911165947
100,30,19121,146.365932744103,153.318008450373,0.417187610064401,498.221954918676,806.327702526018,77.9737984415041
100,31,6552,188.192307692308,188.192307692308,0.509680737688681,535.023504273504,821.740079365079,69.7239010989011
100,32,11453,175.177420763119,197.51635026325,0.535829455650098,455.62647341308,902.336418405658,57.4846765039728
100,33,12542,154.272604050391,154.272604050391,0.397959677750641,540.39419550311,844.459974485728,63.6664806250997
100,34,14839,150.151694858144,160.380572579549,0.448681411155602,357.718242469169,830.313498214165,60.6201900397601
100,35,22382,153.798766866232,153.798766866232,0.470232828948614,497.453980877491,692.860915020999,72.2383165043338
100,36,10017,161.21832884097,169.631346079948,0.419029261986427,391.091444544275,890.265748228012,66.8776080662873
100,37,9328,159.394725557461,166.078338696968,0.409020318629285,482.47480703259,821.272620068611,69.091230703259
100,38,10074,151.433095096287,161.609933627327,0.459021560190789,543.348024617828,727.611276553504,61.6405598570578
100,39,9029,185.98360837302,206.423776700218,0.503004387651011,365.116181193931,810.199911396611,79.0625761435375
101,1,23177,139.109246235492,139.109246235492,0.318406249292907,316.205634896665,665.349872718643,67.1274539414074
101,3,22792,145.340952965953,145.340952965953,0.399573178960709,410.902772902773,753.682871182871,73.1346086346086
101,4,24077,158.170453129543,165.324414940461,0.411284928967282,332.693068073265,719.156373302322,67.2421398014703
101,5,12705,178.868319559229,195.645285266994,0.464400601991187,293.352066115702,872.689649744195,71.1972451790634
101,6,5958,181.756797583082,209.4738241118,0.570778262027895,316.2416918429,789.393756294058,74.6003692514267
101,7,19223,148.272798210477,155.901097180256,0.43241719380634,409.556884981533,959.524527909275,68.2353430786038
101,8,15271,166.398598651038,175.651932073451,0.42811259876815,462.676576517582,758.32715604741,67.3172680243599
101,9,22505,130.467896023106,130.467896023106,0.309480322373773,334.926194179071,645.808798044879,54.6866918462564
101,10,33234,144.189534813745,144.189534813745,0.468562900015446,413.414515255461,769.140879821869,40.2467954504423
101,11,19358,149.42902159314,157.287986194385,0.426957395186357,395.445448910011,770.561679925612,61.6552329786135
101,12,12225,162.329243353783,167.797715159473,0.401180120778119,469.357709611452,842.809897750511,74.0676482617587
101,13,23451,144.086904609612,144.086904609612,0.438906558862027,408.485778858044,674.064517504584,65.9186388640143
101,14,13247,152.719785611837,161.977004333463,0.448655449146176,562.116781157998,827.64558013135,63.6742658715181
101,15,18395,145.701712421854,152.993533735362,0.426185356278692,503.074259309595,916.750475672737,63.1299809730905
101,16,8873,167.678800856531,167.678800856531,0.520167539417551,560.610503775499,788.296066719261,54.9799391412149
101,17,12181,154.064937197274,162.942910157777,0.421136469162987,468.258927838437,922.68721779821,73.4623594121993
101,18,19158,155.491335212444,165.274576810519,0.454890212733687,256.966436997599,797.906566447437,61.1091972022132
101,19,23402,146.876933595419,146.876933595419,0.458115767902401,484.277583112555,690.619818818904,72.2403640714469
101,20,21685,157.818492045193,166.578520779088,0.438339809380485,361.005072630851,916.250680193682,61.0545077242333
101,21,8872,156.814021641118,167.207742372792,0.466951858567896,546.800045085663,791.276600541028,69.4102795311091
101,22,22829,177.763721582198,177.763721582198,0.507164158605053,304.167769065662,904.628980682465,51.2497700293486
101,23,16439,152.466634223493,159.403633604714,0.405635817347445,452.996410973903,825.625281343147,61.5988198795547
101,24,6193,188.722267075731,188.722267075731,0.54610071253795,292.677700629743,847.150653964153,56.1175520749233
101,25,11830,150.059763313609,157.186038160122,0.429185428209314,548.840321217244,872.829923922232,70.0891800507185
101,26,7603,192.402078127055,160.058568364329,0.604445077351302,307.722214915165,771.899118768907,50.1822964619229
101,27,22704,136.727889358703,136.727889358703,0.347830768975379,494.88830162086,680.55624559549,62.8946881606765
101,28,15671,163.470805947291,173.938552871052,0.456021765710644,263.307000191436,778.625422755408,71.344840788718
101,29,16980,164.532096584217,171.660204819612,0.416231866500578,413.589870435807,895.906537102474,80.1887514723204
101,30,6836,177.937097717964,177.937097717964,0.508659982045939,554.277647747221,851.265798712697,54.836161497952
101,31,9561,169.887877837046,180.062821080234,0.441221731018176,381.998117351741,896.486246208556,74.0988390335739
101,32,6122,174.705651747795,174.705651747795,0.501386253580834,341.834367853643,777.233910486769,67.1955243384515
101,33,10677,151.187505853704,151.187505853704,0.398149513019592,498.080734288658,813.768755268334,68.8019106490587
101,34,11624,201.482019958706,225.462522929528,0.50374794243819,289.144098417068,888.227976600138,62.7529249827942
101,35,10027,155.122967986437,155.122967986437,0.389739960723191,410.563478607759,891.709584122868,68.1176822579037
101,36,6529,168.780211364681,148.702899910452,0.548598469699326,513.796293459948,868.217031704702,55.6540052075356
101,37,4910,187.102647657841,161.97576558694,0.539789417839184,429.647861507128,804.205295315682,78.9547861507128
101,38,6323,175.372766092045,175.372766092045,0.51382384114164,420.410090147082,847.562707575518,72.2087616637672
101,39,19453,141.86660155246,141.86660155246,0.373945521032141,506.544029198581,801.347812676708,77.9911581761168
101,40,15809,140.907394522108,140.907394522108,0.372327573649729,322.829527484344,749.177873363274,58.0963375292555
101,41,5561,158.15105196907,170.729345709219,0.463418320571304,416.52562488761,922.925732781874,59.2702751303722
101,42,8982,145.044644845246,151.258994172901,0.420124662788821,319.005789356491,694.502783344467,60.7562903584948
101,43,15040,165.675531914894,177.505605057791,0.4449161155668,376.239494680851,849.280319148936,61.9849734042553
101,176,11706,158.286946864856,158.286946864856,0.390165335535359,560.847343242781,708.266871689732,55.4536989577994
101,177,8814,154.090310869072,161.474355043804,0.405855606648435,558.966757431359,711.325731790334,61.4709552983889
102,1,23430,136.126931284678,136.126931284678,0.348730488349694,310.406572769953,666.728723858301,66.5301749893299
102,2,23619,143.622634319827,152.43146610774,0.483061247286932,548.400906050214,687.79880604598,54.0668529573648
102,3,21605,156.357324693358,163.209125343375,0.420675698288053,371.361582966906,918.77028465633,60.9897708863689
102,5,33322,150.681171598343,161.360432031428,0.48511631733773,418.627273272913,777.637086609447,40.0422243562811
102,6,12406,160.665726261486,168.244375810635,0.404855132842201,463.134128647429,925.900209576012,74.4936321134935
102,7,16634,166.992124564146,177.851331717291,0.460011040319158,252.041601539016,800.612480461705,59.9677768426115
102,8,26041,151.784109673208,158.27945690991,0.403800381239741,331.792058676702,727.204869244653,67.4543988326101
102,9,21034,149.901112484549,157.014452600915,0.403707336484266,386.311353047447,775.217790244366,61.1616430541029
102,10,19305,158.423206423206,168.691632363597,0.428239321540517,460.055063455063,826.509764309764,61.9320383320383
102,11,21269,129.825614744464,129.825614744464,0.302882867803142,326.265221684141,651.061639005125,53.6012506464808
102,12,24462,139.705992968686,144.685432168963,0.402759402796206,487.877851361295,670.507562750388,62.4149701577958
102,13,16969,151.837880841535,160.755562275306,0.433549930494212,507.671165065708,925.030172667806,63.1255819435441
102,14,13156,175.041121921557,192.106145662944,0.499664264430542,290.201961082396,872.021511097598,71.3444055944056
102,15,14939,151.286766182475,160.171281589584,0.460334224868196,557.533971484035,815.872682241114,61.566838476471
102,16,9984,176.911458333333,176.911458333333,0.399258885819414,470.28625801282,838.842047275641,73.7058293269231
102,17,13166,145.020431414249,145.020431414249,0.425323841545148,548.181376272216,706.59235910679,61.184490353942
102,18,16984,165.751648610457,174.924880816815,0.404004077343899,403.592734338201,886.64884597268,80.2705487517664
102,19,5178,204.870606411742,239.602161047797,0.581725331892178,330.180764774044,927.370027037466,68.0716492854384
102,20,18878,148.666384150863,156.332819614253,0.426554278716544,412.160875092701,959.860313592542,68.6491153723911
102,21,21557,155.469685021107,165.551515049065,0.451546435146231,472.541541030756,683.701535464118,71.5667764531243
102,22,11465,156.821718273005,165.008385319054,0.428587497585906,317.115481901439,762.55665067597,74.1883122546882
102,23,25728,141.588813743781,148.760041014177,0.434114793914906,399.146805037313,670.677161069652,64.7298274253731
102,24,11192,141.343370264475,146.030328526116,0.408293799778482,314.787884203002,698.783059328091,60.2559864188706
102,25,10859,151.297357031034,160.7981156013,0.459328981779286,534.37305460908,768.260429137121,68.0855511557234
102,26,9280,179.469396551724,151.987477783438,0.577701558119951,562.001831896552,881.926077586207,55.2947198275862
102,27,8766,152.691079169519,152.691079169519,0.5123625311041,572.963039014374,751.322267853069,54.7433264887064
102,28,11465,167.062799825556,167.062799825556,0.499142995386891,402.929611862189,751.967727867423,71.8550370693415
102,29,22372,164.676202395852,181.524245163332,0.508154822683258,309.285535490792,913.448417664938,51.6487573752905
102,30,9378,157.413627639155,169.127441696749,0.462905758580753,434.099914693965,815.268180848795,79.680315632331
102,31,15156,176.609263657957,188.645892470452,0.449284093058564,454.145223013988,756.446489839008,66.5949458960148
102,32,14120,156.443130311615,162.051181187296,0.414314937580795,426.521246458923,895.791855524079,68.9660764872521
102,33,18296,164.967588543944,178.025861877464,0.477655523511502,256.41205728028,778.28519895059,70.1620026235243
102,34,9986,156.289605447627,143.265439018252,0.506846656162328,294.13468856399,755.006208692169,50.6512116963749
102,35,11982,149.584209647805,158.216507522009,0.439876900835702,548.680938073777,859.64672008012,69.5246202637289
102,36,10975,163.319453302961,171.499738705419,0.416872748864182,367.998268792711,887.220774487472,74.1075170842825
102,37,9143,160.728863611506,160.728863611506,0.376591045984058,496.087170512961,808.512413868533,68.9436727551132
102,38,7070,169.988401697313,179.381846221216,0.418314401477231,417.760961810467,859.585714285714,72.9551626591231
102,39,13980,141.979756795422,141.979756795422,0.373405914696794,322.052288984263,767.834120171674,58.6669527896996
102,40,6134,167.221388979459,167.221388979459,0.507005298541113,396.466742745354,843.519074013694,65.0643951744376
102,41,10942,150.009047706087,159.529568477865,0.438322965145464,507.248766221897,901.240632425516,57.8708645585816
102,42,7047,162.217397474102,170.775260355806,0.439574069906673,325.397899815524,794.509152830992,68.8808003405705
102,43,19033,148.47596280145,148.47596280145,0.393828538571772,506.371144853675,794.186570693007,77.1834182735249
102,44,8944,149.823121645796,149.823121645796,0.489173702582442,419.648814847943,953.859235241503,59.6441189624329
102,45,6605,161.815442846329,146.85257459758,0.510838960201794,355.879333838002,860.00757002271,61.914307342922
102,180,7382,181.073421836901,195.825113732429,0.492049735091154,296.644405310214,845.632213492279,56.0848008669737
102,181,3664,252.453875545852,286.721266998405,0.479982771914102,278.623362445415,853.418122270742,60.271288209607
103,1,33584,152.533230109576,162.067663448974,0.448648198609649,432.885689614102,775.927197474988,39.991305383516
103,2,13625,161.90847706422,170.649404880131,0.419450784295276,454.941944954128,930.908110091743,74.5586788990826
103,3,24128,152.79538295756,160.369681426166,0.418173527300571,384.664870689655,781.510444297082,62.3240218832891
103,4,23720,153.448693086003,163.369827216446,0.446052476226566,465.82129005059,680.19586846543,71.9392074198988
103,6,14646,151.329578041786,160.286860839433,0.443823392594764,555.394510446538,821.047384951523,61.6715144066639
103,7,15225,150.268965517241,150.268965517241,0.397067352744889,317.690574712644,768.481773399015,76.1101477832512
103,8,21551,159.821121989699,167.245446932724,0.416909188342313,356.328012621224,914.553895410886,62.0936847478075
103,9,12232,176.822841726619,192.848211586988,0.475755215975537,327.644130150425,740.167020928712,68.4523381294964
103,10,27156,136.090955958168,136.090955958168,0.375492923518306,311.291390484607,672.467741935484,66.076299896892
103,11,19027,150.720081988753,159.266168236572,0.428570659102147,401.137646502339,959.85825406002,68.2419193777264
103,12,11461,152.89224325975,163.646396600921,0.456675844935775,432.451095017887,806.297356251636,79.6033504929762
103,13,23676,144.693360364927,152.662761691722,0.440699826421175,396.598623078223,672.965788139888,64.8585487413414
103,14,22983,140.849149371274,140.849149371274,0.396725572985601,491.734891006396,673.969499195057,62.66627507288
103,15,11042,150.203767433436,150.203767433436,0.497797203512928,571.047274044557,769.539485600435,54.5326933526535
103,16,17352,169.083275703089,181.014747588641,0.465257787253976,249.773224988474,781.465767634855,69.8988589211618
103,17,23032,161.785515804099,176.326495004512,0.486813053080593,304.244616186176,908.107372351511,51.1642063216395
103,18,19148,160.63917902653,170.393903156134,0.451314230081432,252.793607687487,783.649937330269,58.2011176101943
103,19,11131,183.822747282365,195.962754654082,0.426373362858254,284.815380468961,874.819063875663,70.7356032701464
103,20,20054,129.807170639274,129.807170639274,0.284955593999221,331.737259399621,648.013513513514,53.0545527076892
103,21,20318,146.140614233684,146.140614233684,0.464943103644464,549.371050300226,692.138104144109,53.7651835810611
103,22,18362,167.328994662891,176.248326629857,0.426008710923401,402.966888138547,884.442762226337,80.4864938459863
103,23,10502,180.097124357265,201.206969521955,0.508926423320094,414.822986097886,750.072557608075,71.6972957531899
103,24,11415,172.545159877354,181.419222362093,0.420400817509004,469.378011388524,839.91414805081,75.0509855453351
103,25,8163,179.257380864878,193.037950306915,0.460559900312171,266.157050104128,843.145902241823,61.1359794193311
103,26,8402,180.822542251845,201.344973716738,0.520342652504428,557.2351820995,875.877410140443,55.4388240895025
103,27,8231,160.524480622039,160.524480622039,0.49008411480867,346.558498359859,852.455108735269,61.2552545255741
103,28,11037,151.000634230316,151.000634230316,0.431477116657115,536.162091147957,770.603243635046,67.6527135997101
103,29,16492,176.773102110114,188.266380060496,0.41585060207533,461.924448217317,762.789655590589,66.7796507397526
103,30,6321,190.336022781206,206.737954838443,0.460709909423754,316.398829299162,919.969941464958,69.7541528239203
103,31,12853,147.903446666148,147.903446666148,0.474887149664684,295.116237454291,756.765735625924,51.438808060375
103,32,11412,149.284525061339,155.507103840987,0.415448330491614,548.503680336488,869.559148264984,68.8487556957589
103,33,10418,169.480610481858,179.845319446204,0.434661998220491,355.931272797082,874.617200998272,74.6667306584757
103,34,10901,173.107329602789,180.993057935895,0.400465350767108,416.557563526282,860.284836253555,72.9597284652784
103,35,15033,161.853854852657,169.274013689992,0.421945287823773,468.353355950243,833.405108760726,63.0661212000266
103,36,11792,146.064959294437,146.064959294437,0.445011458038032,546.655613975577,725.785702170963,62.5343453188602
103,37,10275,165.496545012165,177.300680554837,0.469923367623835,293.638345498783,841.021800486618,55.9886131386861
103,38,9215,156.258925664677,164.676515726834,0.429703061229914,309.699728703201,802.441888225719,71.3071079761259
103,39,11332,157.62892693258,157.62892693258,0.445609844248462,410.338157430286,895.373455700671,68.8618955171197
103,40,8069,156.492750030983,156.492750030983,0.483046311892594,418.899987606891,829.44726731937,65.8852398066675
103,41,9876,147.480963953017,147.480963953017,0.456829636687573,407.926488456865,941.151883353584,59.6658566221142
103,42,9384,166.024296675192,166.024296675192,0.368891220831705,501.064364876385,820.095375106564,69.700021312873
103,43,20341,148.069465611327,154.877522972448,0.411084752746547,512.79533946217,798.007570915884,77.3035740622388
103,44,12531,141.72580001596,141.72580001596,0.369735866548058,316.551991062166,768.216183864017,59.6627563642167
103,45,9458,138.091456967646,143.595288688161,0.407014968145304,324.109854091774,700.771833368577,60.4965108902516
103,178,7404,158.37358184765,158.37358184765,0.37885504949204,499.082793084819,910.098055105348,58.6166936790924
103,179,12011,156.587961035717,156.587961035717,0.420926340876665,492.452002331196,933.107651319624,63.6004495878778
104,1,23372,154.560371384563,162.8061806078,0.419495438154667,460.858933766901,671.559387301044,70.7187232586
104,2,11577,190.864904552129,211.238940066662,0.452065076120997,324.489159540468,753.087846592381,68.7698021940054
104,3,34063,153.894695123741,164.724741424335,0.468114834921032,440.745794557144,772.780905968353,39.9699674133224
104,4,16714,185.076403015436,185.076403015436,0.387332569183842,450.122352518846,782.559112121575,67.9780423596985
104,5,13504,159.646845379147,167.542504801281,0.414901416215468,451.547467417062,929.806872037915,74.7171208530806
104,6,18292,151.53301989941,158.379672184648,0.40535308260699,396.909195276624,963.647168160945,67.9275092936803
104,7,14917,154.117248776564,161.782855365356,0.429844330478172,558.112355031172,823.991016960515,61.9052758597573
104,8,20420,161.673457394711,169.974518106543,0.433166900395059,473.059353574927,850.861214495593,63.6023506366308
104,9,21343,144.978962657546,144.978962657546,0.469795257777022,547.613081572413,688.606850021084,53.622499180059
104,10,12349,180.443598671957,194.719892799229,0.456753529248018,279.896914729938,876.524576888817,70.0933678840392
104,11,28429,135.107284814802,135.107284814802,0.362095524639098,314.177600337683,672.85289669,66.0325723732808
104,12,18420,161.74006514658,170.228359440631,0.437302357670202,254.996959826276,778.827035830619,57.35776330076
104,13,17721,169.78285649794,182.247398296329,0.471515177109806,244.771796174031,782.518029456577,68.7855651486936
104,14,22520,153.101909413854,157.923918588762,0.401165425812502,384.307637655417,789.997335701599,63.3553730017762
104,15,23028,158.73093625152,166.743832484869,0.421363290740974,346.4784175786,910.790906722251,62.0662237276359
104,16,12188,146.841893665901,146.841893665901,0.486771325400705,577.38562520512,770.672464719396,54.6617984903183
104,17,22353,145.711269180871,153.374637204533,0.42638470580407,392.533082807677,682.580906366036,66.2017626269405
104,18,14296,144.33233072188,144.33233072188,0.365067720220787,323.339535534415,775.732092893117,60.8225377728036
104,19,22319,128.965276222053,128.965276222053,0.29019152492766,336.572023836193,643.548366862315,52.5399883507326
104,20,16693,152.212124842748,152.212124842748,0.399333413994858,491.627748157911,942.469657940454,63.4742107470197
104,21,12399,149.673199451569,158.541847695238,0.441572023143537,428.840632309057,791.568997499798,79.4789902411485
104,22,16679,166.266862521734,175.823071279711,0.404285239311626,394.519935247917,883.01948558067,80.5101025241321
104,23,13071,156.007191492617,163.79965170737,0.423295096335636,303.200749751358,807.232652436692,72.5818988600719
104,24,12176,154.815785151117,154.815785151117,0.399553357092449,411.152923784494,895.833278580815,69.0975689881734
104,25,11547,171.067290205248,184.228579349337,0.468758333876785,257.860050229497,857.655927946653,60.3634710314367
104,26,11428,156.374343717186,167.226553389317,0.469944940155879,502.616818340917,919.497112355618,57.5611655582779
104,27,24748,152.591522547277,160.655351260916,0.444674417168434,312.721593664135,915.888960724099,51.5491352836593
104,28,13403,147.943520107439,155.467323806309,0.430564014210448,288.280384988435,767.369842572558,51.2856823099306
104,29,9592,166.782214345288,181.707234161666,0.469664360986835,564.930671392827,874.885738115096,56.0879899916597
104,30,12456,150.66401734104,159.386727900894,0.42077394360953,318.07683044316,776.338631984586,77.5711303789338
104,31,21766,142.126343839015,142.126343839015,0.392925930239316,492.007259027842,676.340347330699,62.5594964623725
104,32,9573,151.477279849577,159.320402176811,0.420616996963052,332.935965736969,843.039381594067,63.0520213099342
104,33,13178,147.764987099712,155.711753598005,0.436618272682061,546.754439216877,732.652147518592,63.1567764455911
104,34,12466,148.416332424194,148.416332424194,0.439979317244289,527.8669982352,762.868201508102,67.6833787903096
104,35,10937,166.930419676328,177.983339811691,0.462509892344032,293.558379811649,843.402852701838,56.5229953369297
104,36,11311,152.872071434886,161.00866818217,0.434977386512446,544.503757404297,875.99443020069,68.9744496507824
104,37,11641,139.653380293789,139.653380293789,0.375195670101316,327.134954041749,709.809380637402,61.7155742633794
104,38,19907,150.354498417642,150.354498417642,0.383925443336904,508.288039383132,800.771236248556,77.2336866428894
104,39,9571,150.117020165082,150.117020165082,0.470050016844626,366.530456587608,744.773482394734,76.7647058823529
104,40,10589,172.497497402965,183.829331793122,0.443082200392706,349.891396732458,875.48134856927,74.682878458778
104,41,11415,169.75917652212,178.335980055687,0.435310276483939,460.476127901884,835.939027595269,75.4174332019273
104,42,9482,155.024045560008,164.750469491803,0.439336280372353,458.635519932504,732.407930816284,69.785277367644
104,43,10446,161.301167911162,170.37218130361,0.414210847009966,408.215489182462,852.764120237411,73.3614780777331
104,44,8764,172.46063441351,183.875611614645,0.45028156592507,316.821428571429,925.417503423094,69.0170013692378
104,45,10774,146.556524967514,146.556524967514,0.469650922078151,405.677185817709,943.09689994431,59.7687024317802
104,46,9549,169.299612524872,169.299612524872,0.353897251689449,497.370510001047,828.466959891088,70.7241595978636
104,47,6700,157.491791044776,157.491791044776,0.43955716117612,416.931194029851,842.62328358209,65.7705970149254
105,1,22851,136.66054002013,136.66054002013,0.36610982902502,314.708984289528,661.153560019255,65.7700319460855
105,2,23682,165.218900430707,172.06679184405,0.410056497984195,333.054176167553,912.871970272781,62.1539988176674
105,3,12557,171.824161822091,171.824161822091,0.449528304110941,466.863661702636,682.296726925221,70.3354304372063
105,4,16696,178.757486823191,193.544020646791,0.445095678377964,433.627515572592,789.335769046478,69.6700407283182
105,5,19163,143.17476386787,143.17476386787,0.422944365907854,483.85482440119,951.25601419402,62.6359129572614
105,6,18793,159.553770020752,168.714510349558,0.428629144879298,384.803863140531,971.912680253286,66.4946522641409
105,7,13173,156.771578228194,163.266615511626,0.419316905479792,446.956881500038,933.208988081682,74.6450315038336
105,8,13053,172.206236114303,161.925397633289,0.647162558730758,291.522408641692,822.110242856048,72.4058070941546
105,9,12721,175.823441553337,188.927281055581,0.454141278413409,271.003380237403,883.652621649241,69.6097791054162
105,10,18406,157.281266978159,164.135275575031,0.423488587333557,254.09236118657,772.343963924807,57.0618819950016
105,11,12778,155.666849272187,164.483880383841,0.433480687318119,400.477852559086,905.111050242605,69.3199248708718
105,12,10258,165.409728992006,179.038464326733,0.485911773920395,565.639403392474,879.029245466953,54.6984792357185
105,13,15503,135.781784170806,135.781784170806,0.397701766287803,346.613881184287,642.714958395149,52.4050183835387
105,14,12615,151.343479984146,159.274520510214,0.428743963711454,279.334839476813,776.305826397146,50.9337296868807
105,15,22478,150.480603256517,158.954987878745,0.441084728385215,387.959738410891,688.938695613489,65.6205178396655
105,16,12517,149.123272349605,158.910381275254,0.470245949985258,492.160581609012,934.117440281218,56.9982423903491
105,17,19728,157.986719383617,157.986719383617,0.399440528989754,467.995691403082,864.872313463098,64.5372566909976
105,18,10668,186.530089988751,198.092427444725,0.442203293738393,340.836989126359,882.390419947507,74.6771653543307
105,19,17731,162.518921662625,173.968410857215,0.466666851326143,241.507303592578,777.810444983362,68.7810614178557
105,20,12383,155.955018977631,155.955018977631,0.382268672042855,487.761043365905,832.88395380764,70.4750868125656
105,21,11312,152.322224186704,152.322224186704,0.482350374621408,362.932814710042,755.506276520509,76.662040311174
105,22,16842,175.287851799074,187.485749726805,0.409716435998427,392.173969837311,877.294323714523,80.7038950243439
105,23,11494,166.176439881677,166.176439881677,0.399993256188936,451.439272663999,832.991908821994,76.1813989907778
105,24,16481,148.272131545416,148.272131545416,0.394360051448912,319.118439415084,775.44627146411,62.6288453370548
105,25,12394,148.552928836534,148.552928836534,0.46938577457131,580.030659996773,764.215910924641,54.4695820558335
105,26,12983,149.279519371486,156.547398219477,0.427848118101799,425.82184394978,782.73488407918,79.6245859970731
105,27,30286,150.615102687711,150.615102687711,0.494453855485916,430.634286468996,767.161361685267,39.534966651258
105,28,11954,146.667726284089,153.949894067467,0.421292067132815,463.765768780325,731.447047013552,68.9081479002844
105,29,22880,143.625524475524,143.625524475524,0.461832491295142,543.487019230769,677.458085664336,53.3516171328671
105,30,12603,157.234071252876,164.324097120986,0.414107836041963,320.307545822423,786.249385067048,78.1940807744188
105,31,14951,154.70470202662,164.558200282547,0.450530506350758,559.723362985754,827.523376362785,61.9785298642231
105,32,9451,189.019574648185,202.396892912845,0.425821452858259,309.63495926357,936.636228970479,68.337212993334
105,33,13549,145.992619381504,152.407807241858,0.405936518548275,323.912392058454,723.105247619751,63.2045907447044
105,34,19564,138.533939889593,138.533939889593,0.359321464805103,491.454866080556,664.353046411777,62.5619505213658
105,35,10036,157.522319649263,165.989192737334,0.433157405663499,317.556496612196,850.10840972499,64.0659625348745
105,36,13222,158.93586446831,169.169754546956,0.46467820476204,249.691196490697,860.982982907276,60.2504916049009
105,37,11429,147.316913115758,155.413074008715,0.430280567594624,397.830518855543,945.53801732435,60.0288739172281
105,38,12200,145.469262295082,145.469262295082,0.435967232878769,529.166229508197,762.584836065574,67.6486885245902
105,39,5026,196.465578989256,196.465578989256,0.451768849520157,338.828292877039,700.977118981297,69.6217668125746
105,40,11461,157.756652997121,157.756652997121,0.39765134104184,397.51391676119,853.752726638164,73.5160108193002
105,41,11210,151.524085637823,158.194332238676,0.41025634371054,542.414629794826,876.753345227476,68.8578055307761
105,42,21193,143.332373897041,143.332373897041,0.389588340763628,508.243948473553,799.204737413297,76.9455008729297
105,43,10906,176.184485604255,191.091329264427,0.460493781688962,283.158628278012,846.03227581148,56.3066202090592
105,44,12252,145.81129611492,145.81129611492,0.429033251319686,549.756856023506,726.254570682338,63.3085210577865
105,45,15047,179.4248687446,179.4248687446,0.521398244839742,390.935801156377,785.749052967369,63.1004186881106
105,46,4375,228.373714285714,185.989057763734,0.616310885434907,304.993142857143,806.849371428571,68.0102857142857
105,47,10825,150.36415704388,142.024277401068,0.400081521409564,407.78337182448,851.094318706697,66.6868360277136
105,48,13899,192.169436650119,192.169436650119,0.525785861522774,317.034966544356,911.291675660119,50.3661414490251
105,49,4607,178.58628174517,178.58628174517,0.49729218128195,372.4148035598,805.959843716084,67.457998697634
106,1,25177,162.935893871391,172.392584874454,0.444535467157894,308.507328116932,897.481828653136,61.7942566628272
106,2,17704,158.962324898328,169.277100998724,0.456527090582402,464.804620424763,950.835573881609,56.3548915499322
106,3,21485,134.704817314405,134.704817314405,0.355483967160588,344.143169653246,641.647568070747,63.3793344193623
106,4,12731,192.180190087189,208.852631396961,0.454519865956327,262.548503652502,861.651559186238,69.7119629251434
106,5,16004,153.750312421895,161.501124716686,0.401186622561545,333.869470132467,778.963009247688,78.268495376156
106,6,15365,168.440872111943,184.683867945854,0.485789900929922,318.152098926131,878.915587373902,47.3353075170843
106,7,15952,158.513101805416,168.271782787945,0.456828085353595,568.875188064193,845.025075225677,60.7419759277834
106,8,22269,147.726615474426,153.404490743885,0.406375130914531,404.11042256051,691.811890969509,66.537473618034
106,9,12828,154.280012472716,154.280012472716,0.39616693496035,443.14904895541,933.046460866854,74.1804646086685
106,10,21039,164.208565045867,164.208565045867,0.475137128336818,482.566376728932,686.195826797852,69.5500261419269
106,11,21072,132.612329157175,132.612329157175,0.344978896729419,376.157649962035,643.929290053151,51.4477980258162
106,12,16759,166.136881675518,174.741723654256,0.427036268222031,254.305268810788,741.90100841339,69.7591145056388
106,13,19843,158.732096961145,167.020617511205,0.428559618238787,363.570780627929,967.013858791513,65.9668396915789
106,14,12484,161.28620634412,170.702607353276,0.450377789591366,386.113905799423,911.34171739827,69.0456584428068
106,15,20411,159.274165890941,168.232036203052,0.430308921582546,256.581402185096,741.326000685905,57.8695311351722
106,16,12675,157.079447731755,165.680976625049,0.440179013762302,546.020986193294,890.153372781065,66.4508875739645
106,17,15509,181.111161261203,191.899673792006,0.419105154026358,429.816429170159,792.2773228448,70.4639241730608
106,18,12892,151.872634191747,159.411435170499,0.427545278776458,276.382019857276,757.040878063916,51.6137139311201
106,19,12520,168.199920127796,168.199920127796,0.396638849140091,495.614536741214,850.480990415335,69.52803514377
106,20,19158,154.576103977451,161.633308926983,0.407176245915982,519.241413508717,808.838605282389,75.2794132999269
106,21,23228,145.487515068021,145.487515068021,0.451217825493521,549.384449801963,679.38165145514,51.6443946960565
106,22,20676,142.002224801702,142.002224801702,0.376695207976566,513.404381892049,661.461452892242,61.656945250532
106,23,13954,147.312455209976,153.458503207513,0.408861544953595,448.836820983231,772.486527160671,79.2115522430844
106,24,12192,179.610564304462,191.716609934465,0.426266450720109,338.922244094488,874.338090551181,74.902969160105
106,25,11600,164.871034482759,176.000260547214,0.443942668446852,240.528706896552,842.573362068965,60.2133620689655
106,26,13111,168.498360155595,182.36520356684,0.482566389339344,268.674853176722,820.27175654031,56.2481122721379
106,27,11293,155.665722128752,155.665722128752,0.379520128458499,401.755955016382,859.713805011954,67.5635349331444
106,28,12965,150.09818742769,150.09818742769,0.484513263780389,586.065406864636,779.386270728886,51.8808330119553
106,29,11629,149.894745893886,159.686155467885,0.453798367124225,365.73540287213,940.713818901023,58.8259523604781
106,30,10671,156.549901602474,163.963203919361,0.425348513891614,307.056039733858,835.532190047793,65.2010120888389
106,31,14064,145.022610921502,151.849991009921,0.419949048085409,339.723122866894,720.44119738339,64.7169368600683
106,32,18315,162.699972699973,172.514280915943,0.428834284946807,403.728473928474,875.46895986896,80.3883155883156
106,33,10641,168.400902170849,168.400902170849,0.535825606715543,555.468095103844,894.592049619397,52.3882153932901
106,34,13699,149.734652164392,156.9258515503,0.414118429650209,479.436820205854,746.281261405942,69.8330535075553
106,35,11884,143.470127903063,143.470127903063,0.417027080680297,386.92653988556,745.259003702457,76.7319925950858
106,36,30543,148.053891235308,158.651432995516,0.475486871915251,413.714762793439,758.854827620077,39.2697835837999
106,37,9148,156.61980760822,165.505439416668,0.441467603044435,347.676650634018,683.695889811981,69.6918452120682
106,38,10380,160.629094412331,160.629094412331,0.391905070386307,395.251541425819,853.839691714836,73.5977842003854
106,39,12303,181.519954482647,161.383791357963,0.486005786867863,370.07859871576,793.865073559295,66.9800861578477
106,40,19086,163.854448286702,176.12509277026,0.434363175597843,460.812480352091,885.38546578644,64.5823640364665
106,41,10082,180.020531640548,194.140579571925,0.453093465589686,296.624578456655,923.122098789923,68.7022416187264
106,42,12736,149.846498115578,158.238694450912,0.442403784354623,542.974403266332,767.361180904523,67.2657820351759
106,43,14109,146.80501807357,146.80501807357,0.51020718711292,464.275356155645,961.575023034942,62.2160323197959
106,44,13361,145.833171169823,145.833171169823,0.451736774470792,573.566274979418,729.427662600105,61.7024923284185
106,45,11709,148.569476471091,148.569476471091,0.385392610149645,316.90827568537,768.400717396874,63.5523955931335
106,46,10063,156.103547649806,164.828248009267,0.430161583092932,313.533339958263,800.657060518732,73.4965715989268
106,47,11396,170.818357318357,178.316878897578,0.400681316508798,451.759915759916,832.797034047034,75.5034222534223
106,48,8351,184.635253263082,195.741979262744,0.426123760308847,280.099149802419,782.051011854868,67.7076996766854
107,1,11904,172.803511424731,191.848893836968,0.495438867120919,530.750336021505,821.826612903226,74.6912802419355
107,2,18017,159.821668424266,168.779303898884,0.435177408567871,247.905589165788,735.642837320309,58.7394127768219
107,3,21373,150.525242127918,156.950543001155,0.417092290561047,358.825621110747,972.794928180415,63.9692602816638
107,4,26274,138.199855370328,138.199855370328,0.398488548181205,490.889662784502,653.26695592601,63.4140214660882
107,5,18289,162.716496254579,171.830934072123,0.445541746002432,259.39220296353,742.675816064301,70.2017059434633
107,6,13946,155.708877097376,165.2572764479,0.443885454988814,469.040226588269,954.502007744156,53.0174960562168
107,7,15500,139.550322580645,139.550322580645,0.470967862328024,339.642322580645,646.919096774194,62.9633548387097
107,8,15891,160.469573972689,170.07971565051,0.416483824031233,388.65087156252,922.2367377761,68.3455415014788
107,9,26290,140.14298212248,140.14298212248,0.444105686461184,529.703955876759,659.482046405477,50.5392925066565
107,10,12414,155.035927178991,162.239517705128,0.416063412677839,451.410826486225,938.47599484453,73.7282906396004
107,11,18774,159.551187812933,159.551187812933,0.391376419105363,488.330137424097,866.771599019921,68.3824438052626
107,12,15216,152.811711356467,160.963833882805,0.439869336573225,578.919295478444,843.650893796004,59.0679547844374
107,13,8232,177.645408163265,177.645408163265,0.495759978313664,530.143100097182,725.326773566569,70.6462585034014
107,14,14218,154.440357293572,154.440357293572,0.380278825987176,325.124560416374,813.819805879871,74.9351526234351
107,15,10138,157.844841191557,157.844841191557,0.451335680357933,427.510850266325,638.923554941803,68.1979680410337
107,16,11740,163.520357751278,173.055010458627,0.418593338690875,354.444122657581,939.232708688245,56.8342419080068
107,17,13929,142.401320984995,142.401320984995,0.462031560415987,581.385167635868,718.260104817288,61.5192763299591
107,18,14185,168.211491011632,168.211491011632,0.507494958133054,412.996898131829,712.164751498061,67.9712372224181
107,19,13879,147.664673247352,147.664673247352,0.481102385153284,579.050003602565,768.405937027163,49.6835506880899
107,20,12838,200.504751518928,226.609112164198,0.502742765861112,368.788752142078,806.897569714909,66.4516279794361
107,21,16927,160.186683995983,170.920662192644,0.455122829904685,462.207006557571,898.380280025994,64.6055414426656
107,22,12219,195.280219330551,214.105141714476,0.460666806124457,258.785170635895,865.221376544725,69.8828054668958
107,23,11046,170.945681694731,170.945681694731,0.444897403113808,232.908745247148,847.012221618686,59.5853702697809
107,24,12242,176.274791700703,188.156889270102,0.453934517594493,339.289005064532,888.10913249469,75.2559222349289
107,25,9892,175.692984229681,175.692984229681,0.472497556851571,412.142741609381,748.488172260412,40.6162555600485
107,26,12517,172.137093552768,180.558424719208,0.428335434581188,452.925461372533,834.479827434689,75.7937205400655
107,27,12928,155.2421875,166.684160923552,0.460031028720108,551.703357054455,887.721998762376,65.9575340346535
107,28,16464,205.480320699708,194.42104527114,0.41187503734628,426.344873663751,802.477040816327,71.3695335276968
107,29,12395,149.066075030254,156.650793634799,0.421147175304735,337.690197660347,778.847922549415,79.1489310205728
107,30,5959,190.907199194496,163.355606688593,0.548916625010468,276.742406444034,838.03222017117,50.8595401913073
107,31,11011,158.897284533648,158.897284533648,0.377184341263338,391.166742348561,863.189174461902,73.6505312868949
107,32,14191,150.678880980903,150.678880980903,0.377908259391942,301.127193291523,776.581213445141,64.7863434571207
107,33,12447,151.118904153611,159.465673184407,0.426768854626274,347.140114083715,704.685386036796,71.5533863581586
107,34,13891,149.382549852422,156.978598978962,0.40765713652446,461.184363976676,769.899287308329,78.9009430566554
107,35,11800,148.05593220339,154.487890546431,0.403772900409495,392.581694915254,757.459661016949,76.906186440678
107,36,8902,181.380588631768,181.380588631768,0.414574605059968,280.225454953943,798.314536059313,69.3498090316783
107,37,18048,164.35039893617,172.226437532887,0.408386858332671,407.107768173759,882.019503546099,80.447030141844
107,38,10326,170.75498741042,183.242537732982,0.461142055795129,289.433468913422,930.020240170444,67.6127251597908
107,39,13365,148.425963337074,154.910158144548,0.407163902837825,268.618705574261,753.665843621399,50.7639356528245
107,40,10440,162.832567049808,177.505645781451,0.498088318034444,555.022126436782,887.040134099617,50.2904214559387
107,41,14485,145.808284432171,151.811413140442,0.402707917602355,335.71066620642,740.075250258889,66.8589575422851
107,42,10289,154.884439692876,163.954353933181,0.429101219652379,300.559335212363,844.43648556711,65.4580620079697
107,43,5645,174.379627989371,174.379627989371,0.503746592817345,382.607263064659,773.643401240035,40.6712134632418
107,44,11627,169.198331469855,181.293892052828,0.465074857780779,265.225337576331,815.776898598091,57.8508643674207
107,45,12569,157.377675232715,164.887165371725,0.400627535389937,395.719070729573,875.879783594558,66.5056090381096
107,46,13885,151.245804825351,161.180194338684,0.454206480736301,554.999567879006,776.641123514584,67.1444724522866
107,47,16435,138.95898996045,138.95898996045,0.414546344791673,359.466808640097,651.512260419836,52.0252509887435
107,48,14809,157.240529407793,168.68851948323,0.475074212544566,466.378283476264,969.871159430076,61.1122965764062
107,49,11694,148.029758850693,154.816005039526,0.409341590829576,469.62322558577,752.697280656747,71.0519069608346
107,50,6688,188.638157894737,210.377247911892,0.476028965837576,276.806070574163,899.81788277512,60.0080741626794
107,51,6301,201.5165846691,201.5165846691,0.579874939997907,387.0331693382,887.265830820505,44.2515473734328
107,52,5318,157.28206092516,169.174064707378,0.451902369901674,322.65851823994,917.784693493795,58.7687100413689
108,1,14542,160.983289781323,160.983289781323,0.392052727555423,453.753747765094,956.583276028057,72.8093109613533
108,2,25385,140.342485719913,140.342485719913,0.419124279720978,506.819105771125,650.726885956273,50.131731337404
108,3,13903,179.912393008703,198.003078499267,0.484862824403998,425.827735021218,720.201539236136,69.6919369920161
108,4,21332,150.828754922183,159.496984654356,0.447117033912766,270.626476654791,707.083114569661,60.0707387961748
108,5,24014,141.413883567919,147.76854035157,0.416448770043069,500.453485466811,660.775714166736,64.7658865661697
108,6,23525,152.278129649309,162.661685834304,0.447937119933654,360.111158342189,975.608841657811,62.6296705632306
108,7,14481,153.151854153719,153.151854153719,0.393590379085796,355.65796561011,826.37594088806,75.5901526137698
108,8,15810,151.071410499684,158.694072354126,0.429932510673622,585.107969639469,848.626628716003,58.149715370019
108,9,12117,149.343319303458,156.542829662502,0.420099045528893,313.380127094165,842.43121234629,65.6443013947347
108,10,15313,203.137922027036,223.498998662384,0.470151340321562,420.766277019526,814.49572258865,70.9653235812708
108,11,13080,160.570259938838,168.354608957503,0.414535786104424,501.285168195719,871.70496941896,68.5980122324159
108,12,14758,158.065659303429,166.225765405402,0.428500227137247,469.400528526901,950.022564033067,50.1385689117767
108,13,11806,160.202354734881,160.202354734881,0.494119580054488,544.699136032526,726.45366762663,70.5437912925631
108,14,12465,180.119053349378,191.202140704946,0.444073645119834,343.505174488568,895.282952266346,75.6821500200562
108,15,11330,145.434598411297,152.701351978807,0.416370431904139,339.465666372462,935.447043248014,55.4437775816417
108,16,15988,152.649799849887,152.649799849887,0.389826798638259,350.47591943958,732.827933450088,69.7380535401551
108,17,13106,169.641767129559,180.718800613097,0.440418008922228,463.622462994049,847.221120097665,75.5585991149092
108,18,10814,173.026909561679,186.264067910088,0.45150105651173,450.920011096726,917.320417976697,64.6660810061032
108,19,6650,186.564060150376,186.564060150376,0.488306642140793,365.741654135338,780.869323308271,68.3995488721804
108,20,12838,189.107804954043,205.721352154497,0.462524871463387,266.742015890326,856.406060133977,71.4323882224646
108,21,11312,134.505038896747,134.505038896747,0.354006688142939,404.495314710042,633.991601838755,58.0251060820368
108,22,14431,141.516249740143,141.516249740143,0.448228676865367,590.818792876447,716.093410020096,60.1417781165546
108,23,5839,173.199862990238,152.048811786461,0.54360189929008,529.488782325741,780.972084261004,72.7948278814866
108,24,16033,158.932451818125,169.14117052458,0.449256601574519,463.587288717021,979.445768103287,59.9048836774153
108,25,11773,159.077040686316,168.937187724898,0.45562438528415,229.42002887964,818.722160876582,61.8314788074408
108,26,11736,153.206032719836,161.073795231262,0.432606972084161,410.166325835037,779.430299931834,77.5143149284254
108,27,11584,164.434133287293,164.434133287293,0.367196899896009,398.930939226519,877.227468922652,74.039364640884
108,28,11089,163.117052935341,174.885691058302,0.461581891816159,254.970601496979,803.090810713319,51.4776805843629
108,29,11357,187.227877080215,206.765982034928,0.485438436077043,370.331601655367,887.801091837633,43.161838513692
108,30,13204,147.825658891245,155.062113240533,0.422324615150015,553.423280823993,903.345577097849,64.3751136019388
108,31,19321,157.153408208685,165.699959824609,0.433769770951638,278.327364008074,732.036126494488,71.6028155892552
108,32,11653,132.303012099888,132.303012099888,0.356954073931668,320.586715867159,686.173088475071,48.3652278383249
108,33,14304,168.746085011186,177.128860989464,0.405163538614459,381.875419463087,933.911912751678,67.960360738255
108,34,15027,148.452252611965,148.452252611965,0.469252995178761,460.07067278898,645.620416583483,69.7049976708591
108,35,13490,155.107783543365,155.107783543365,0.417616263992428,470.58895478132,772.851297257228,71.1288361749444
108,36,13654,152.121429617694,152.121429617694,0.393328652210085,481.493628240809,783.924198037205,78.4196572432987
108,37,10928,175.580984626647,175.580984626647,0.439595958749796,305.338579795022,801.936767935578,71.7310578330893
108,38,18633,163.546074169484,169.989637132518,0.412170364015392,427.08388343262,896.473300059035,80.0922556754146
108,39,10721,150.623822404626,150.623822404626,0.470663314414737,556.479526163604,873.602742281504,48.2499766812797
108,40,14682,147.047064432639,154.418376592841,0.433539276745531,351.72687644735,788.413703855061,80.0640920855469
108,41,10638,179.587892460989,196.117603012467,0.467589259722904,289.397443128408,924.943974431284,68.1319796954315
108,42,8952,140.487935656836,140.487935656836,0.420607043022209,378.706657730116,662.850201072386,67.4309651474531
108,43,13872,145.186707035755,145.186707035755,0.475410712205438,565.222534602076,757.723832179931,47.0813148788927
108,44,14070,145.724591329069,145.724591329069,0.432703589016635,270.584292821606,735.417412935323,51.0334044065387
108,45,12921,150.810927946753,150.810927946753,0.460115393183214,566.753656837706,798.889172664654,66.9996904264376
108,46,6025,185.892946058091,200.685338566838,0.433180432700601,411.433858921162,862.029543568465,65.8448132780083
108,47,10968,151.258843909555,151.258843909555,0.364056168938284,307.861688548505,772.831327498177,66.0906272793581
108,48,14361,183.887821182369,209.871652619729,0.543621100278794,400.844091637073,755.974444676555,41.8659564097208
108,49,5035,194.500695134062,168.32316187805,0.557059883109866,526.320953326713,900.115789473684,71.8248262164846
108,50,10606,188.522817273242,188.522817273242,0.520989648779166,283.674429568169,903.806807467471,60.6325664718084
108,51,11781,161.397843986079,173.215962447723,0.442297697946077,274.946608946609,797.094219505984,60.3014175367117
108,52,6951,162.579628830384,168.604077302316,0.404655990603837,380.368148467846,890.140555315782,67.193928931089
108,53,9008,138.947935168739,138.947935168739,0.440197785988384,336.576265541741,666.463809946714,61.9306172291297
108,54,8654,147.295816963254,154.976689966187,0.429465583215384,369.190316616593,718.581234111394,75.3368384562052
108,55,6062,145.321016166282,145.321016166282,0.445200008793509,313.801550643352,891.562355658199,59.2830748927747
109,1,10010,174.931368631369,194.833747055208,0.51294017743552,335.422177822178,956.131068931069,65.0066933066933
109,3,23092,145.238047808765,145.238047808765,0.454569318973895,503.310843582193,662.250649575611,47.4347393036549
109,4,15301,152.617868113195,161.145056746932,0.426210977982134,443.492320763349,963.810339193517,71.3037709953598
109,5,8934,183.259122453548,183.259122453548,0.468074094833668,394.704723528095,775.48813521379,68.6542422207298
109,6,12312,156.596734892788,156.596734892788,0.390403632662811,386.726933073424,821.403427550357,76.8146523716699
109,7,16565,154.781889526109,163.944837409386,0.450837195975612,437.06236039843,975.740114699668,59.7060066405071
109,8,15085,146.852568776931,146.852568776931,0.484058319644934,601.775074577395,730.768843221744,55.9151474975141
109,9,15202,160.328443625839,169.40888380923,0.42588638885054,487.324694119195,848.885541376135,74.5221681357716
109,10,11592,165.506038647343,165.506038647343,0.494668556376618,572.631901311249,736.125690131125,68.2029848171153
109,11,12132,151.724695021431,151.724695021431,0.35504429808236,320.499670293439,755.441147378833,67.7055720408836
109,12,22135,137.500880957759,137.500880957759,0.438355967774894,527.567924102101,662.886921165575,61.5744748136435
109,13,21144,153.89391789633,163.922205802333,0.460959400622115,288.542328793038,687.467272039349,62.1899829738933
109,14,14570,154.841523678792,163.581159718583,0.414003246198613,394.942759094029,733.459094028826,75.137680164722
109,15,13807,156.038024190628,164.697152591754,0.439848604192964,574.312088071268,872.222857970595,55.3496052726878
109,17,12416,203.031652706186,232.073989959085,0.515234748583947,326.662210051546,873.682909149485,44.2382409793814
109,18,21425,156.923267211202,165.640097357055,0.428518453886582,312.506324387398,710.973955659276,73.6366861143524
109,19,13399,186.511679976118,203.200344891756,0.465528189884902,280.032987536383,835.746249720128,73.700425404881
109,20,11182,196.808978715793,214.565224558506,0.417880709290361,361.10400643892,884.801198354498,76.645322840279
109,21,19152,156.045739348371,156.045739348371,0.416206580913752,447.632727652464,901.482926065163,79.4149958228906
109,22,12978,162.151178918169,171.884312927147,0.43569325639088,545.469332716906,920.587378640777,61.5954692556634
109,23,14455,160.207333102733,167.185138995152,0.411736234726673,382.134693877551,920.777585610515,68.6369422345209
109,24,14624,189.369187636761,198.737579815189,0.418481652789272,438.517095185996,814.956031181619,70.437636761488
109,25,11423,130.35463538475,130.35463538475,0.324466298515925,413.39980740611,621.47474393767,57.3502582508973
109,26,12207,165.622921274678,175.464217730955,0.417491675460337,516.960104857868,879.878348488572,67.4332759891865
109,27,11329,153.089504810663,160.386784168265,0.419171007074149,325.303380704387,822.276546914997,67.4747109188807
109,28,12020,150.675707154742,157.945258017628,0.432990151394191,237.136356073211,793.791098169717,64.6562396006656
109,29,9029,161.281648023037,171.124980571292,0.454532957253009,537.55399269022,934.971979178204,69.5651788680917
109,30,12522,149.601261779268,156.797207657114,0.413145984535771,440.331177128254,944.422296757706,47.8061012617793
109,31,12339,147.586271172704,147.586271172704,0.393862762763475,438.501499311127,782.789529135262,77.2342977550855
109,32,14718,146.578407392309,146.578407392309,0.435679172598672,263.686642206822,716.023440684876,52.5401549123522
109,33,14045,149.718974724101,157.731481650341,0.408879638247607,497.338768244927,776.815379138483,69.9871840512638
109,34,12819,150.317809501521,159.812268552638,0.454584054931681,312.328028707387,918.333489351744,56.6346828925813
109,35,9225,151.407913279133,151.407913279133,0.46318426246309,564.046395663957,801.893875338753,73.0439024390244
109,36,9951,167.219173952367,180.861522739987,0.476641119641519,528.030750678324,886.313234850769,46.5249723645865
109,37,11107,158.243179976591,168.246397003266,0.440764632887106,245.612856757,777.928243450076,55.2155397497074
109,38,10727,176.638855225133,186.899355543271,0.428500152563003,332.709518038594,790.498275379883,73.8621236133122
109,39,5019,191.075313807531,167.744954458236,0.507384663681814,444.901374775852,760.246264196055,69.1201434548715
109,40,13587,132.963052918231,132.963052918231,0.32639425670937,320.996908809892,678.149701920954,46.9388385957165
109,41,15867,147.567719165564,154.816865168799,0.416888614592255,379.684439402534,785.098695405559,80.8719984874267
109,42,11685,165.833804022251,165.833804022251,0.397023659196261,420.266238767651,877.188960205391,73.858622165169
109,43,11305,184.958425475453,197.727208043235,0.43937286944605,286.903405572755,903.874922600619,70.0592658115878
109,44,14734,148.251051988598,148.251051988598,0.46316388750683,545.815800190037,769.844102076829,43.9425139133976
109,45,6029,243.728313153093,243.728313153093,0.585501523609352,264.06800464422,875.39094377177,59.1705092055067
109,46,13489,148.460226851509,154.988306578853,0.412941764028938,515.574245681667,784.322262584328,77.2115056712877
109,47,12304,146.160516905072,146.160516905072,0.391525868774465,372.163524057217,724.476918075423,69.1788849154746
109,48,11268,136.08555200568,136.08555200568,0.38052872274653,342.413028044018,643.083599574015,60.8269435569755
109,49,5803,188.779252110977,188.779252110977,0.554188470081332,341.907461657763,736.42426331208,43.9174564880234
109,50,12738,159.307976134401,159.307976134401,0.484246757031547,584.588710943633,814.692180876119,64.7498037368504
109,51,8756,141.081429876656,141.081429876656,0.442745820036767,408.04819552307,659.403951576062,71.40714938328
109,52,5470,195.221206581353,195.221206581353,0.552576657237613,453.355393053016,776.140585009141,41.4464351005484
109,53,10736,175.708178092399,175.708178092399,0.488596289198702,461.476993293592,905.000931445604,64.2672317436662
109,54,12035,159.395014540922,169.04330259163,0.443987341991422,277.027669297881,771.248940589946,62.2701287910262
109,55,7308,181.084564860427,204.802028624267,0.534387197540353,317.659277504105,867.227011494253,65.6866447728517
109,182,5764,154.305517002082,154.305517002082,0.398898421711892,402.036606523248,850.13827203331,65.5227272727273
109,183,5914,164.158606695976,164.158606695976,0.399317456078164,389.840716942848,869.240784578965,69.3594859655056
109,229,9496,155.089827295703,162.199586309454,0.407949799950083,502.525063184499,648.645324347093,69.0514953664701
109,230,2222,185.050855085509,185.050855085509,0.382056827646255,474.312331233123,669.728172817282,70.8901890189019
110,1,25324,142.934923392829,142.934923392829,0.465412998151488,501.680895593113,660.664586953088,46.7774443215922
110,2,15743,170.541383472019,180.4984522633,0.433545444765605,513.120053357048,882.316712189545,67.5037794575367
110,3,14132,130.862864421172,130.862864421172,0.374625290273606,418.414520237758,619.914732521936,58.5786866685536
110,4,16509,163.539523896057,174.311471734262,0.455966012152895,427.706766006421,967.254770125386,59.4379429402144
110,5,18436,151.325070514211,151.325070514211,0.37924690316998,516.089932740291,657.44364287264,67.5443154697331
110,6,14700,150.032993197279,157.22470743814,0.422810928284114,581.858503401361,873.262517006803,56.2315646258503
110,7,21387,152.279609108337,160.420012859366,0.422388760982826,320.207275447702,707.524758030579,73.9143872445878
110,8,9822,153.486051720627,153.486051720627,0.44330595157878,452.156281816331,665.761555691305,69.8519649765832
110,9,19696,156.873172217709,169.472633325427,0.480314547491022,445.172573111292,968.001269293258,68.8680442729488
110,10,21083,150.57890243324,159.096023617601,0.429526846073868,295.758810415975,693.413603377129,62.74562443675
110,11,11111,139.124291242912,139.124291242912,0.395355959060537,404.60237602376,658.137701377014,71.1864818648186
110,12,12138,160.176305816444,173.321708623857,0.480191796467979,571.682814302191,736.775333662877,68.1910528917449
110,13,12861,132.127361791463,132.127361791463,0.344339944331554,343.7250602597,635.447399113599,60.811911981961
110,14,14970,158.318102872411,165.79792071776,0.424908222880359,379.204876419506,923.538410153641,69.2938543754175
110,15,13165,160.658792252184,170.652243993398,0.42985816638972,409.963159893657,732.606304595518,75.0170148120015
110,16,13104,155.937805250305,155.937805250305,0.36961282805114,390.758012820513,820.469551282051,77.0515873015873
110,17,15991,152.070164467513,157.581639202437,0.409632444159336,517.60634106685,780.071039959977,76.5458070164467
110,18,10869,155.811850216211,155.811850216211,0.499838666308874,316.431226423774,757.11454595639,42.9596098997148
110,19,12869,148.425596394436,148.425596394436,0.371609051729316,321.72546429404,749.77488538348,68.8872484264512
110,20,10348,162.609586393506,172.325759124581,0.41787951293711,378.365577889447,776.543776575184,69.2605334364128
110,21,13653,159.712297663517,170.584643503215,0.458663119355115,538.661832564272,924.735516003809,61.481286164213
110,22,13554,157.43876346466,164.472856809603,0.413825848745393,439.34521174561,940.972996901284,47.4468053711082
110,23,12802,181.692704264959,193.738910194539,0.432637378799454,361.313388533042,882.587720668645,77.2455085142946
110,24,11549,160.975495713915,170.779318522659,0.449789078227877,242.901896268075,794.023378647502,56.3300718676942
110,25,15211,142.191900598251,142.191900598251,0.46074558827077,600.31174807705,725.585497337453,55.7581355597923
110,26,14352,129.846641583055,129.846641583055,0.278629726202724,317.144161092531,672.754598662207,48.0312151616499
110,27,20770,162.423784304285,171.762378688055,0.414401781286767,451.202070293693,900.675926817525,79.337120847376
110,28,10916,169.012641993404,179.758690236627,0.415705273339398,331.978746793697,789.608647856358,73.9551117625504
110,29,11144,149.823133524767,155.687549346167,0.401638586882856,320.127063890883,817.09583632448,66.8843323761665
110,30,9956,160.705303334673,172.771780053004,0.484349718902358,534.873342707915,889.796002410607,46.9362193652069
110,31,14030,175.052173913043,184.317740822388,0.422943040359264,488.58153955809,844.564076977905,74.6678545972915
110,32,12234,152.562939349354,160.362424798029,0.414879940642824,445.450138957005,781.674268432238,77.5903220532941
110,33,11107,158.360673449176,170.817079000817,0.472574439260304,475.530026109661,756.828846673269,39.6855136400468
110,34,13061,153.23972130771,162.254437154231,0.437151733108952,282.639920373631,768.618482505168,62.1839062858893
110,35,9227,149.040641595318,149.040641595318,0.404558082588286,557.185975940176,804.966294570283,72.2270510458437
110,36,14471,143.376131573492,143.376131573492,0.459682639010871,550.127634579504,768.662151889987,43.9483104139313
110,37,14703,144.799904781337,144.799904781337,0.446302627599182,259.700741345304,724.415901516697,53.9589879616405
110,38,13832,181.120083863505,196.439987817091,0.465840833139789,282.86032388664,837.985685367264,73.9963851937536
110,39,15924,211.814117056016,224.961332596004,0.404476755190476,437.987503139915,816.546219542828,69.264380808842
110,40,13374,156.712277553462,167.779000666249,0.458774114258285,575.944818304172,822.332436069987,65.3945715567519
110,41,13499,152.632713534336,161.952355296631,0.453393081714819,506.452626120453,773.128898436921,70.2708348766575
110,42,23190,138.834842604571,145.748602933024,0.415291355850968,530.533592065545,663.146269943941,61.2245364381199
110,43,11539,175.555074096542,188.168206849034,0.461055076724598,285.181558193951,909.791316405234,69.5264754311466
110,44,8029,185.637314734089,196.696907480416,0.412941383132643,441.749782040105,767.456719392203,68.4767717025781
110,46,11799,173.306551402661,173.306551402661,0.39490204340279,425.400203407068,875.578354097805,74.1156030172048
110,47,11821,147.064461551476,154.52350647312,0.441091087629089,309.511039675154,918.195753320362,55.7228660857795
110,48,15428,146.186090225564,153.035622536724,0.412704212911406,377.105522426757,781.5071298937,80.6903033445683
110,49,12795,191.095818679172,209.660937794561,0.474030974011511,329.428604923798,861.99210629152,42.8584603360688
110,50,9439,163.382773598898,171.956240745236,0.420989212302593,525.165271744888,931.236677614154,70.9479817777307
110,51,11439,159.929189614477,167.285031720031,0.416627199281477,242.340326951657,807.392341987936,65.1570941515867
110,52,7846,191.461254142238,214.692788314854,0.493392254306897,263.402498088198,884.156385419322,57.432832016314
110,53,13117,146.448578180987,146.448578180987,0.392953557575534,380.769307006175,722.244720591599,69.4035221468324
110,54,9189,196.728697355534,196.728697355534,0.524795576828758,456.049624551094,902.997932310371,63.718794210469
110,55,9562,177.823572474378,190.434035063962,0.437546932241039,336.453775360803,946.47615561598,63.4188454298264
110,56,7501,168.308892147714,182.257391189088,0.458201652113215,325.5912544994,866.021597120384,67.535795227303
110,184,8392,170.625714966635,180.043349842946,0.425177040021513,394.75369399428,837.964370829361,66.033484270734
110,185,6692,159.118798565451,159.118798565451,0.371701668816473,384.435744172146,873.412283323371,70.3486252241482
111,1,26052,140.687394441885,140.687394441885,0.438446554163968,497.874405036082,659.485145094427,46.4162444342085
111,2,21321,151.701514938324,158.736432015283,0.40211141931267,321.235448618733,707.223910698372,73.9624783077717
111,3,18449,155.23399642257,163.390456923201,0.425487471005342,450.492818038918,960.992790937178,68.0021681391945
111,4,16423,163.572428910674,174.336760854832,0.441606976228296,423.652864884613,966.930463374536,59.4617913901236
111,5,14408,170.513048306496,177.969164241029,0.411361383173017,376.805108273182,918.509786229872,70.2731815657968
111,6,14486,151.236504210962,159.097264663371,0.440773434530502,588.486124534033,873.965000690322,56.5412122048875
111,7,15429,130.119515198652,130.119515198652,0.315170136704077,416.041091451163,618.321666990732,60.2678721887355
111,9,12046,188.771376390503,201.129603824218,0.415020321540461,365.758260003321,885.593973103105,77.2550224140794
111,10,13699,137.357909336448,137.357909336448,0.400390203426474,407.381852689977,658.885247098328,70.3638951748303
111,11,21363,149.561438000281,158.479872806273,0.439891760026297,291.115058746431,691.962645695829,62.718485231475
111,12,13748,156.508219377364,163.811777005591,0.424737359860538,438.954611579866,941.719813791097,47.3760546988653
111,13,13535,183.383598079054,194.917649721703,0.424230955334405,285.86590321389,844.962024381234,74.2234946435168
111,14,12722,162.264423832731,162.264423832731,0.385695448961165,390.258528533249,819.66216003773,76.9932400565949
111,15,12857,163.455549506106,173.090798046851,0.422881881537993,414.78447538306,730.745352726141,75.4421715796842
111,16,15119,143.434287982009,151.157383852029,0.442164276366368,254.010781136319,728.253455916397,54.4896487862954
111,17,14269,175.503609222791,185.851474974756,0.417735259240835,488.422173943514,840.947718831032,74.8208003363936
111,18,19012,163.345571218178,163.345571218178,0.385004735571606,452.37597306964,902.474489795918,79.3944350936251
111,19,11776,171.58203125,171.58203125,0.391800013347981,429.650560461957,869.135614809783,74.2048233695652
111,20,13311,155.779881301179,166.633756830153,0.453427987968552,545.330779054917,928.438359251747,61.9619112012621
111,21,11176,149.499194702935,157.929489171254,0.424457723442666,464.264405869721,665.192376521117,68.5716714387974
111,22,13138,133.750570863145,133.750570863145,0.364316628213804,339.026944740448,643.788552291064,62.6768914598874
111,23,11524,148.841200971885,148.841200971885,0.35177765819584,321.308660187435,750.029156542867,69.08694897605
111,24,12252,156.436581782566,156.436581782566,0.472458766753574,571.754080966373,731.47624877571,67.9096474045054
111,25,16935,210.974608798347,225.406984687341,0.432626656089645,430.843460289342,812.65597874225,69.8686743430765
111,26,14900,140.919597315436,140.919597315436,0.440424966612194,596.272818791946,715.244496644295,55.9846308724832
111,27,11322,168.054319024907,179.879771913292,0.428560407563426,374.360978625684,772.439851616322,69.6588058646882
111,28,10333,157.590922287816,164.563490040678,0.412287078586367,513.437723797542,925.393206232459,72.4257234104326
111,29,15216,149.639984227129,155.739111076577,0.404317842099818,517.454061514196,779.302773396425,76.7624211356467
111,30,9195,182.494725394236,182.494725394236,0.488408779818769,257.462860250136,883.606307775965,58.5516041326808
111,31,10776,168.251948775056,178.454418656526,0.419133044269933,330.055308092056,794.270322939866,74.0361915367483
111,32,9219,172.266623278013,182.672457436735,0.419544005570461,447.063455906281,759.796832628268,69.5559171276711
111,33,26173,138.705880105452,144.282566057659,0.413017284383554,532.024032399801,660.263210178428,61.8209987391587
111,34,13199,151.241306159558,157.825771509992,0.416112004508451,383.043412379726,723.862489582544,68.9402985074627
111,35,11234,175.251112693609,186.417644930584,0.424736010447513,285.064180167349,914.51433149368,68.9043083496528
111,36,11774,148.953371836249,154.077885553716,0.401760326765302,323.002463054187,817.659673857652,67.2705112960761
111,37,14077,130.409959508418,130.409959508418,0.307869005798754,311.740995950842,667.848263124245,48.1251687149251
111,38,14550,142.954501718213,142.954501718213,0.452167698815539,555.40735395189,769.373951890034,44.4637800687285
111,39,11811,153.00550334434,160.342380991569,0.41450974024578,449.256371179409,784.924053848108,77.7640335280671
111,40,10414,145.558286921452,152.452450470306,0.411958347196872,556.732187439985,812.68551949299,72.0947762627233
111,41,6847,173.957499634877,173.957499634877,0.570133665028795,370.811304220827,964.015481232657,67.1603622024244
111,42,12327,159.598604688894,168.645513721276,0.443474216284448,239.323111868257,800.581893404721,57.3148373489089
111,43,12275,154.099144602851,162.510973054804,0.43506146877091,278.688472505092,771.088635437882,62.9328716904277
111,44,15335,147.66605803717,156.97081196214,0.454344352894468,483.408216498207,762.184545158135,39.886403651777
111,46,14618,147.877274592968,155.140782116564,0.412800941880316,518.000410452866,669.20426870981,70.3770693665344
111,47,15098,149.312756656511,157.17572041814,0.422646951060124,378.808120280832,780.545105311962,80.8228904490661
111,48,12221,155.767694951313,163.64769386471,0.425263050747523,238.435316258899,805.456427460928,65.8546763767286
111,49,10419,157.924368941357,167.033087941741,0.447077432895087,317.51646031289,868.748536327863,67.0657452730588
111,50,15109,149.950029783573,158.094817324486,0.432123665929349,505.940631411741,771.022436958104,70.1523595208154
111,51,13164,147.425098754178,155.767513730698,0.43386695942535,304.115466423579,741.936417502279,44.0283348526284
111,52,13916,153.827177349813,164.009015632802,0.459195105728612,578.142282265019,820.903420523139,65.2174475423972
111,53,11193,147.80648619673,154.449210330043,0.422131467309641,304.186277137497,911.053694273206,54.4667202715983
111,54,5037,197.495334524519,197.495334524519,0.523549781931979,396.271987294024,905.223347230494,63.1040301766925
111,55,10023,154.847750174598,166.194581455041,0.486990432456234,540.683029033224,889.647510725332,47.345605108251
111,56,12142,187.93460714874,209.099383761493,0.482587557215699,323.300774172294,859.357025201779,43.1390215779937
111,57,6939,148.604121631359,137.420320032357,0.511720673319755,311.383628764952,905.937599077677,60.3432771292693
111,186,6120,209.237254901961,238.01234932081,0.523146027704985,506.86339869281,869.063725490196,65.0460784313725
111,187,9849,165.759569499442,174.495831475625,0.415525996733392,531.404914204488,876.575997563204,69.8902426642299
111,188,8049,175.671511989067,184.792797399978,0.406828556003152,387.145235432973,841.880730525531,66.0044726052926
111,189,6816,168.543720657277,168.543720657277,0.377283088386621,386.541373239437,872.981514084507,70.4276701877934
112,1,21953,150.894592994124,158.535014019067,0.413379439695518,323.628387919647,697.262105407006,72.9483897417209
112,2,17048,160.389312529329,169.724871638143,0.417643891919464,453.522935241671,962.522524636321,68.9431604880338
112,3,15073,130.375107808664,130.375107808664,0.327757527765766,430.25369866649,616.710940091554,61.3745107145227
112,4,23342,147.181818181818,155.435773889231,0.439905004454917,292.716690943364,684.07921343501,62.4554022791535
112,5,25224,140.739771646051,140.739771646051,0.431691629704293,499.423366634951,667.591103710752,45.2470662860768
112,6,9635,248.736274001038,284.97202124622,0.489677192780995,423.493720809549,809.327140633108,69.718111053451
112,7,12848,167.7400373599,167.7400373599,0.376241431076908,375.732409713574,759.497431506849,69.3463574097136
112,8,12313,152.296109802648,158.141736363284,0.400276721753534,386.566799317794,718.632664663364,69.3640867375944
112,9,13975,173.502540250447,184.088850532243,0.421566878800681,485.641431127013,840.485223613596,75.439427549195
112,10,12904,190.353766274024,208.223555293617,0.431265130278431,356.870582765034,886.297659640422,76.5763329200248
112,11,15629,164.667541109476,174.359065608815,0.449095445953908,413.592168404888,969.453387932689,60.0133085930002
112,12,14083,174.741106298374,184.567233701077,0.401933447644472,371.587729887098,926.624582830363,70.1844067315203
112,13,13950,155.327670250896,163.705607105956,0.427491674350034,433.287741935484,951.999498207885,48.0875985663082
112,14,12090,148.053515301902,148.053515301902,0.442589497165422,472.236311000827,680.6,68.5818031430935
112,15,20094,149.878023290534,149.878023290534,0.371208796156396,375.823181049069,783.462924255997,80.5662386782124
112,16,14845,167.079892219603,175.902239791075,0.418090810035702,426.846951835635,871.506702593466,74.4167733243516
112,17,14859,149.821589608991,156.764345868779,0.429222357969197,583.029207887476,883.645265495659,57.6461403862979
112,18,14417,151.700423111604,151.700423111604,0.479672600107723,492.57813692169,783.03814940695,39.5050981480197
112,19,14258,133.755365408893,133.755365408893,0.356922748015754,347.126735867583,635.411277879085,62.681582269603
112,20,13701,159.389679585432,168.608655747592,0.424738099468582,416.821983796803,722.753886577622,74.8095759433618
112,21,14320,136.586801675978,136.586801675978,0.394672422694281,413.056075418994,654.108310055866,69.4866620111732
112,22,13057,166.286512981542,166.286512981542,0.379080360080766,526.506471624416,884.305353450257,68.931837328636
112,23,13082,152.346048004892,152.346048004892,0.391237905738103,319.825944045253,811.88296896499,67.8595016052591
112,24,12757,153.115466018656,153.115466018656,0.476208365063892,571.817511954221,730.381907972094,67.6753939013875
112,25,9890,172.21567239636,183.51250699409,0.437296562254272,451.177654196158,756.429929221436,70.2419615773509
112,26,11135,161.308576560395,169.314333482857,0.425782086392526,310.457117198024,863.746834306242,66.8634036820835
112,27,26013,138.442893937647,138.442893937647,0.392407210706594,539.706300695806,663.385730211817,61.7607734594241
112,28,11829,153.647561078705,161.404069622146,0.4226169272495,507.095866091808,926.901682306197,73.5166117169668
112,29,14350,152.560209059233,152.560209059233,0.475105196598191,534.061393728223,933.688013937282,62.9823693379791
112,30,14057,154.608664722202,164.051702879703,0.447988860368049,575.03656541225,825.939674183681,65.755780038415
112,31,15609,141.083797808956,141.083797808956,0.469038425426445,601.815683259658,721.295662758665,55.9865462233327
112,32,10359,157.440003861377,169.768671277686,0.482366949909711,538.683849792451,898.281011680664,47.0630369726808
112,33,9855,171.431253170979,181.039209876585,0.429421169850535,332.629020801624,791.361136478945,73.3691527143582
112,34,10507,177.726087370325,191.985733854392,0.442242900199077,478.422956124488,874.494812981822,67.5482059579328
112,35,14742,143.363722697056,150.926525097597,0.430946487171958,256.512481345815,723.111246777913,54.7804911138244
112,36,13368,182.231298623579,194.007934623694,0.437605121856084,280.642953321364,837.318447037702,73.8300418910832
112,37,13561,150.829363616252,150.829363616252,0.416500425315557,502.816606444952,777.168866602758,70.7047415382346
112,38,12303,156.007965536861,163.411818192537,0.411794738141651,236.045679915468,803.996748760465,65.4053482890352
112,39,21118,165.850269911923,174.789413398015,0.406293250316071,441.249976323516,900.510370300218,79.796334880197
112,41,15012,130.81274980016,130.81274980016,0.29437290981353,324.447575273115,661.518518518518,46.9910738076206
112,42,8899,162.876053489156,171.487032248028,0.44665482561624,372.704011686706,967.182604787055,66.61703562198
112,43,15092,147.205738139412,153.633623170405,0.41437682405712,520.911144977472,784.403922608004,77.4754836999735
112,44,10793,173.395626795145,189.303735437618,0.482209241587666,258.721022885203,871.367460390994,59.2123598628741
112,45,11376,175.678797468354,189.728534139528,0.447278633633867,281.491033755274,913.832542194093,68.5074718706048
112,46,14513,146.259353682905,146.259353682905,0.472506057151848,565.444773651209,777.331564803969,45.1287121890719
112,47,12553,159.334023739345,169.935219994125,0.446814287364075,239.391778857644,798.473910618976,57.0398311160679
112,48,9812,170.508560945781,170.508560945781,0.448353359207197,390.086832450061,920.085711373828,62.9498573175703
112,49,14758,148.600691150562,156.501208562823,0.435402845164953,284.226182409541,765.525138907711,62.6807155441117
112,50,14055,146.801707577375,146.801707577375,0.392875700966591,523.244823906083,675.526716471007,70.992244752757
112,51,10149,144.614444772884,144.614444772884,0.401131280517123,558.460932111538,816.671297664795,72.4236870627648
112,52,7519,154.09429445405,161.76400932575,0.400655118801487,295.692778294986,898.93669370927,61.245511371193
112,53,14174,148.433822491887,148.433822491887,0.460796191500054,310.767320445887,738.478481727106,43.0476224072245
112,54,12610,145.779381443299,154.15215781727,0.435955342812092,299.966058683584,916.052498017447,54.5904837430611
112,55,11061,148.969261368773,148.969261368773,0.33859802853628,320.763312539553,745.319320133803,68.6485851188862
112,56,12076,154.204786353097,162.321588233129,0.405390073681611,442.45528320636,781.782047035442,77.7258198078834
112,57,12811,180.731246584966,197.617323354059,0.480732179571659,320.257669190539,860.249629224885,42.8594176879244
112,58,9346,160.302589343034,160.302589343034,0.396663310152751,383.473678579071,818.948213139311,75.7147442756259
112,190,8569,175.927762866145,175.927762866145,0.390038368028975,384.613490488972,846.567394094994,65.9873964289882
112,191,7527,172.460475621097,172.460475621097,0.345940517149421,379.974226119304,876.933572472433,70.5840308223728
113,1,19188,148.51751094434,154.723062334594,0.408429657605458,389.458984782156,712.112987283719,68.9660204294351
113,2,22408,154.352865048197,162.231017779941,0.416958400424302,319.074303820064,685.260487325955,71.6839521599429
113,3,27781,145.221446312228,145.221446312228,0.474297315196057,512.421727079659,684.27677189446,44.1952773478277
113,4,13251,185.524488717833,195.88070352793,0.419082986997146,341.200513168817,874.03116745906,76.4878122405856
113,5,22125,152.534553672316,162.078207247246,0.449201189755346,292.551096045198,675.60004519774,60.7668248587571
113,6,15163,169.031721954758,179.26970113662,0.415415126297816,515.830574424586,884.460990569149,69.8622304293346
113,7,23734,160.738982051066,150.035195533164,0.409019745411401,423.861253897362,889.12994017022,80.1753181090419
113,8,13742,206.94222092854,229.721190719951,0.476708180163046,426.936908746907,812.663804395285,69.8472565856498
113,9,16361,144.609437075973,144.609437075973,0.475589579892509,609.212211967484,732.536091925921,56.5494774158059
113,10,15200,167.794276315789,176.392891266046,0.421613733636148,476.215789473684,837.749736842105,76.1240131578947
113,11,14634,158.363946972803,167.377260020747,0.442835362617722,432.728030613639,962.362853628536,49.1074894082274
113,12,15836,157.124842131851,164.129449420775,0.423468282078715,439.800707249305,959.630020207123,70.3414372316241
113,13,12864,148.508084577114,157.114837020731,0.440647367026541,420.160447761194,710.678404850746,74.2695895522388
113,14,11918,177.078201040443,188.989460193633,0.423178529947792,360.779493203558,920.741063936902,71.2724450411143
113,16,14244,154.887110362258,164.220919787537,0.437391593834006,289.354956472901,757.642235327155,62.1809884863802
113,17,26612,142.523898992936,148.708923197962,0.434279668443298,544.298399218398,667.66627837066,61.5779723433038
113,18,13517,161.761929422209,173.975206363021,0.4730470480882,574.868683879559,833.252274913072,66.8375379152179
113,19,16353,152.2900996759,160.552622772199,0.442563621288071,405.044028618602,970.292178805112,60.9864856601235
113,20,15478,129.159322909937,129.159322909937,0.299141452335373,442.57991988629,614.936038247836,60.2104923116682
113,21,14050,131.746832740214,131.746832740214,0.366166608454055,355.564270462633,625.514519572954,60.8810676156584
113,22,13878,133.218547341115,133.218547341115,0.345341423142708,416.010952586828,646.966061392131,68.5778210116732
113,23,14836,157.21670261526,157.21670261526,0.483772618302463,518.362227015368,939.708007549205,64.6798328390402
113,24,11268,162.673677671281,162.673677671281,0.35419608947097,318.707667731629,799.171725239617,67.8788604898829
113,25,9059,158.565956507341,168.762540099717,0.443191477518687,350.395628656585,956.626779997792,66.3009162159179
113,26,10256,185.036661466459,203.153552210852,0.479602988761426,532.809672386895,921.604134165367,48.5529446177847
113,27,15144,156.108293713682,166.060711270013,0.456896295668591,581.989368726889,895.946843634443,59.3300977284733
113,28,15430,155.687815942968,167.094583423645,0.468570075388339,578.60550874919,803.239144523655,46.3572261827609
113,29,14467,184.118822146955,196.628843457295,0.439356902624911,272.999170526025,821.776733254994,73.3677334623626
113,30,13392,159.861708482676,159.861708482676,0.48858796725551,574.168757467145,734.84811827957,67.5574970131422
113,31,15875,146.176062992126,146.176062992126,0.436543983429836,261.699338582677,718.907527559055,53.2859842519685
113,32,15227,151.755303080055,161.556986256551,0.447897080644957,296.826164050699,920.024692979576,55.4174821041571
113,33,14627,146.188350311069,154.738742714262,0.442785456329652,326.859711492445,740.07663909209,41.7309769604157
113,34,12570,148.128957836118,148.128957836118,0.396440077009779,430.277565632458,773.006603023071,77.5033412887828
113,35,10130,168.487068114511,168.487068114511,0.42342785329112,326.473445212241,773.41233958539,72.6051332675222
113,36,10478,158.86333269708,166.189146702928,0.408747362033493,375.992460393205,756.628555067761,69.4629700324489
113,37,10618,157.604351101902,157.604351101902,0.43033518109108,455.471746091543,750.869184403842,70.828498775664
113,38,16415,149.303076454462,155.77827424153,0.410996961739952,512.556381358514,778.653365823941,77.6023758757234
113,39,11532,160.634755463059,166.928462901007,0.411262068024832,495.625650364204,920.258844953174,75.0568851890392
113,40,19154,145.071212279419,150.928975787516,0.409454442864794,360.453325676099,761.643103268247,80.0061605930876
113,41,11228,165.629853936587,176.295691970629,0.443014465055599,462.518614178839,875.420288564304,67.8193801211258
113,42,12652,148.154283907683,156.544837752999,0.43506939859234,473.716724628517,685.906813152071,68.1274106860575
113,43,11867,177.76455717536,188.987107901876,0.442462008924656,270.312041796579,899.752759753939,68.1907811578326
113,44,9919,150.332896461337,157.086406293486,0.415274748526682,387.056860570622,912.281681621131,64.3462042544611
113,45,10941,148.698656429942,156.254597939892,0.404668334400601,552.742893702587,814.768576912531,73.2554611095878
113,46,14000,158.012714285714,168.136252022687,0.442696756245494,242.292714285714,795.087785714286,56.3757857142857
113,47,14558,150.256766039291,158.147287758359,0.417618850049074,525.601044099464,674.594449787059,70.6191784585795
113,48,11376,174.882911392405,191.733215223959,0.500621106084079,254.292721518987,864.538941631505,60.1198136427567
113,49,13934,172.996483421846,189.605704125545,0.482216984740446,503.170231089422,804.701377924501,39.7065451413808
113,50,14812,129.593505266001,129.593505266001,0.314222424163959,344.673778017823,662.372670807453,45.1223332433162
113,51,11747,153.544138929088,159.1259793623,0.404988983974951,233.850004256406,790.251723844386,64.4130416276496
113,52,10949,156.637957804366,156.637957804366,0.424303564806214,499.562151794684,775.613754680793,70.4657959631017
113,53,12723,161.509628232335,169.247243176122,0.429021025054202,313.942702192879,846.910712882182,66.3914957164191
113,54,10006,163.283729762143,163.283729762143,0.463394268656609,302.222266640016,903.525784529282,62.6026384169498
113,55,11019,154.970868499864,154.970868499864,0.380235826623317,376.755422452128,800.318177693076,76.235230057174
113,56,10925,149.532723112128,149.532723112128,0.382629182280769,316.269565217391,727.531258581236,67.8314874141876
113,57,12868,175.852502331365,175.852502331365,0.47495070439287,316.989353434877,866.888638483059,43.1356854211999
113,58,11561,158.763601764553,166.534280110214,0.400469392459023,413.604791973013,868.742150333016,74.6837643802439
113,192,11558,165.423256618792,175.073785046687,0.435032942723951,375.085568437446,832.193459075965,66.2905346945838
113,193,9423,163.948954685344,163.948954685344,0.364003184056594,372.281863525417,870.847288549294,70.8601294704447
114,1,13591,171.383489073652,171.383489073652,0.392004471584966,366.818114928997,923.473180781399,70.6717680818189
114,2,27224,142.601381134293,142.601381134293,0.449564677164213,506.047751983544,678.85924184543,44.0320672935645
114,3,19641,154.436637645741,162.785743600241,0.424476084652241,383.465607657451,717.103457054121,68.9879843185174
114,4,27234,166.438863185724,176.585627279164,0.402765030088424,426.246970698392,885.318168465888,80.1028126606448
114,5,22479,149.60060500912,156.420896244677,0.40861207667191,315.79478624494,686.674140308733,71.8963921882646
114,6,15172,130.834563669918,130.834563669918,0.310920080842344,441.755536514632,614.158120221461,61.0904956498814
114,7,16409,166.625327564142,166.625327564142,0.392506107443004,518.157718325309,887.338777500152,69.7728685477482
114,8,16632,166.392676767677,174.53123574393,0.425898712466245,442.979557479557,955.61038961039,70.0708874458875
114,9,23123,148.472646282922,157.247325995857,0.446675438922995,285.789473684211,681.018423214981,61.3093024261558
114,10,16229,161.380430094276,172.787730777075,0.462811044607598,434.61987799618,967.478957421899,49.3263294103149
114,11,13928,152.102383687536,162.065739119447,0.441857542506994,285.781303848363,764.295807007467,62.6345491097071
114,13,11333,157.919791758581,165.44131490063,0.432388689506317,505.035118679961,914.645636636372,75.3200388246713
114,14,16260,141.458917589176,141.458917589176,0.477238883279304,611.317896678967,735.869680196802,56.3231242312423
114,15,25968,140.196395563771,145.968817596409,0.40858790882048,546.189348428836,666.56477202711,61.4345733210105
114,16,14866,131.861563298803,131.861563298803,0.333877301037229,355.426543791201,623.404345486345,61.260056504776
114,17,14688,180.230255991285,191.556599466047,0.420102831375913,274.199346405229,825.764433551198,73.6247276688453
114,18,13951,169.682746756505,184.638447208637,0.47188965303441,501.677514156691,809.616729983514,39.4831911690918
114,19,9702,174.584312512884,190.416033750837,0.484560754512066,538.948979591837,922.494124922696,49.2495361781076
114,20,13786,156.966342666473,168.698685693316,0.464268891103584,581.589583635572,828.779196286087,66.5876251269404
114,21,14381,179.757666365343,192.634429726952,0.442843884402028,345.374452402475,872.073569292817,76.5077532855852
114,22,13999,136.842631616544,136.842631616544,0.361895674741532,413.785341810129,644.812700907208,68.4903207371955
114,23,15075,154.889684908789,154.889684908789,0.489583872486887,522.546733001658,940.264941956882,64.7901160862355
114,24,15094,153.028885649927,161.628135334477,0.443910506216685,589.429044653505,893.794156618524,58.9096329667418
114,25,15491,148.492673165064,158.505347257546,0.472961429501134,580.545800787554,794.165773675037,46.0889548770254
114,26,11486,145.214086714261,145.214086714261,0.411673576904621,552.791572348946,808.63607870451,72.7017238377155
114,27,11273,176.917324580857,189.713367367487,0.441093451560531,458.798101658831,865.883793134037,67.8233833052426
114,28,17250,161.003072463768,171.132828478084,0.454892602415862,413.658956521739,975.261739130435,61.2176811594203
114,29,15922,144.158208767743,144.158208767743,0.445991843896917,253.920675794498,727.01004898882,53.4485617384751
114,30,12916,159.258903685351,168.187644569982,0.440236578805722,418.433803034995,708.880535769588,73.864122019201
114,31,10313,152.24978182876,160.336779846349,0.441578657930952,347.837971492291,957.129642199166,66.101910210414
114,32,12414,156.910262606734,163.591507577119,0.402389501741363,234.287578540358,798.945867568874,64.368293861769
114,34,13289,163.12559259538,174.631976507192,0.455619749537586,236.821882760178,811.435698698171,55.6458725261494
114,35,12982,154.912109074103,154.912109074103,0.477987550724899,575.288091203204,730.994993067324,67.4155754121091
114,36,12364,150.544079585895,158.949970283241,0.428004188890674,469.27434487221,690.979132966677,68.4272889032676
114,37,14321,149.321835067384,149.321835067384,0.417335898760415,525.749389009147,673.619928775923,70.5817331191956
114,38,10638,160.589114495206,170.405654708646,0.431920893931414,393.328539199098,906.259071253995,65.1337657454409
114,39,11597,177.851599551608,189.223647384031,0.4301434078961,275.532206605156,906.926618953178,68.5688540139691
114,40,11054,179.659761172426,197.91695425509,0.476565790216736,258.334358603221,876.00009046499,60.559164103492
114,41,13292,144.728483298224,153.010835530174,0.441603179813131,306.985103821848,934.310337044839,55.7814474872104
114,43,11039,168.205725156264,179.827512917095,0.42719890050378,445.664643536552,756.316785940755,70.7144668901169
114,44,11950,154.689037656904,154.689037656904,0.423855799861713,497.805271966527,771.94510460251,70.4362343096234
114,45,12684,159.075134027121,159.075134027121,0.365288553729267,382.555345316935,800.703642384106,76.4948754336172
114,46,14989,144.755620788578,151.980003028089,0.42666033041831,326.495296550804,738.028754419908,41.4976315965041
114,47,15677,148.706767876507,148.706767876507,0.388215721823441,514.564138546916,776.136952223002,77.6933086687504
114,48,12839,153.592491627074,161.119116790408,0.409711998255057,433.573175480956,772.117454630423,77.6717034036919
114,49,12578,157.291540785498,165.406789457392,0.442665513753744,312.880664652568,850.697408173,66.3643663539513
114,50,16032,130.231661676647,130.231661676647,0.29380417826904,344.852981536926,656.776384730539,45.1361651696607
114,51,17925,144.588619246862,151.514578328079,0.41490786140822,357.771659693166,768.734951185495,80.3016457461646
114,52,10037,154.656471057089,164.351877630171,0.428262562714789,309.79057487297,911.698316229949,63.0549965129023
114,53,11802,167.865785460092,173.835812840719,0.409604840413598,413.621250635486,864.127181833588,74.5543128283342
114,54,10067,147.22221118506,147.22221118506,0.378150344137039,321.955597496772,734.262044303169,67.4849508294427
114,55,12825,171.393606237817,185.41831669994,0.47561433439289,308.965847953216,871.179025341131,43.7431578947368
114,56,8765,163.042783799201,163.042783799201,0.384771876859882,378.695835710211,755.682144894467,71.7223046206503
114,57,6139,165.199381006679,165.199381006679,0.365746383159047,382.597328555139,872.362111093012,71.0009773578759
114,194,4540,255.796475770925,255.796475770925,0.501304160589371,472.950440528634,819.333259911894,74.4825991189427
114,195,12169,181.183581230997,188.628560784982,0.409489911963182,494.064097296409,845.690853808859,76.4414495850111
114,196,5667,231.438680077642,231.438680077642,0.537800374948696,387.288512440445,806.982177518969,66.7527792482795
114,197,9726,182.85286859963,192.633331176461,0.405505371156278,363.790355747481,840.658441291384,67.0476043594489
114,198,7553,160.542168674699,160.542168674699,0.340414756691922,316.996557659208,798.980140341586,68.0264795445518
114,199,10246,165.757271130197,172.857763655155,0.407458200669486,330.48848331056,779.054557876244,72.9425141518641
115,1,13439,160.005952823871,169.273706944122,0.440035819343836,283.216906019793,768.648932212218,62.6942480839348
115,3,28198,141.533513015107,141.533513015107,0.451734879644068,502.242925030144,671.595113128591,44.0276969997872
115,4,16238,167.702364823254,167.702364823254,0.398093115985969,518.504126123907,883.766473703658,69.4685921911565
115,5,22324,154.81983515499,154.81983515499,0.393478490297977,309.135817953772,689.847473571045,71.2603924027952
115,6,14511,164.609813245124,175.477012864004,0.449020490794429,436.353180345944,968.27806491627,49.0482392667631
115,7,17787,158.55439365829,165.693321605133,0.406721393829617,444.442176870748,957.483780288975,69.8430876482824
115,8,27680,161.462572254335,170.751649085344,0.403636728608866,427.933200867052,888.498085260116,80.0054552023121
115,9,22849,153.519410039827,163.084992775173,0.449083254938504,280.691846470305,687.617094840037,61.1400936583658
115,10,14664,165.517935079105,165.517935079105,0.401236301669829,370.850586470267,923.039075286416,70.9781778505183
115,11,13222,185.64566631372,196.258670008417,0.418933840409066,346.679927393738,878.188549387385,76.6921797004992
115,12,14479,177.72636231784,177.72636231784,0.391483644948173,495.905518336902,844.223081704538,76.1877892119622
115,13,15728,144.703395218718,144.703395218718,0.480178139714705,611.425546795524,736.541200406918,56.6031281790437
115,14,14175,188.138271604938,201.433998210573,0.448537610022961,271.27188712522,828.922257495591,73.579823633157
115,15,14799,170.389688492466,179.081332739469,0.417285088748803,375.318129603352,836.911750793973,67.0780458139063
115,16,14420,166.55520110957,180.454782438145,0.468729877272833,501.831137309293,809.855270457698,39.2530513176144
115,17,15267,133.448418156809,133.448418156809,0.337353425479324,413.9125564944,645.445732625925,68.5676295277396
115,18,14388,131.090770086183,131.090770086183,0.307381732410803,350.637128162357,623.777731442869,61.6451209341118
115,19,27135,143.079049198452,148.910901155624,0.416072056214821,545.979509858117,665.280081076101,61.6337202874516
115,20,11487,147.818577522417,154.728005937674,0.402068929172048,556.279620440498,805.250195873596,72.2588143118308
115,21,11141,156.787721030428,165.272790435765,0.419918936232674,387.536576608922,903.97109774706,65.4720402118302
115,22,12636,155.544238683128,163.06241659768,0.411551885763297,419.856916745806,713.847182652738,74.2675688509022
115,23,14322,153.09097891356,163.892136629159,0.463178387141184,317.624354140483,945.856933389191,56.8454126518643
115,24,13192,172.983626440267,189.639475421606,0.479963731256572,236.440039417829,822.147058823529,55.1419799878714
115,25,16974,159.333156592436,170.302144161808,0.447792486113052,418.627842582774,979.547661128785,61.4769647696477
115,26,12483,150.917087238645,150.917087238645,0.399343292881539,430.281743170712,776.695986541697,77.8554834575022
115,27,15282,147.879269729093,156.110703598539,0.43886092138149,247.794660384766,731.622758801204,53.448305195655
115,28,16221,130.367486591456,130.367486591456,0.335570928432575,444.946365822082,611.964737069231,60.1379076505764
115,29,15399,151.024287291383,151.024287291383,0.422755109478096,524.037924540555,672.187090070784,70.383726215988
115,30,9862,172.751673088623,187.257562366004,0.488273283522611,542.187690123707,921.586797809775,48.9692760089231
115,31,16254,155.962778393011,155.962778393011,0.507776940604156,523.527193306263,943.407161314138,65.0448504983389
115,32,11923,159.087058626185,165.924875232452,0.41214068234602,507.770108194246,917.533674410803,75.0684391512203
115,33,9845,167.801726764855,177.862463125565,0.409514751993894,447.815236160488,760.611071609954,72.0225495175216
115,34,13313,165.84331104935,165.84331104935,0.473149549060996,585.218733568692,826.313828588598,66.3782017576805
115,35,15044,151.623105557033,161.65310288555,0.461390153262691,579.454666312151,790.943432597713,46.0998404679606
115,36,9898,155.273388563346,166.142182956274,0.451888692361225,344.465245504142,960.76540715296,66.5153566377046
115,37,12695,151.46971248523,160.255576330094,0.432736702441499,466.909098070106,692.006695549429,68.7391098857818
115,38,11072,157.831105491329,157.831105491329,0.374693206679494,304.088421242775,804.260657514451,67.8952312138728
115,39,13748,160.150203665988,160.150203665988,0.483057419081562,574.911623508874,727.942173407041,67.3399039860343
115,40,11951,150.611664295875,150.611664295875,0.382197879147781,313.202577190193,735.607396870555,68.0450171533763
115,41,15751,157.400165068885,166.36315353007,0.45332466457406,592.972446193892,890.909720017777,58.297568408355
115,42,16393,129.520222045995,129.520222045995,0.307674485798777,337.848654913683,658.520283047642,45.1257243945587
115,43,7594,196.56149591783,214.632605156173,0.460564356046671,468.474980247564,813.367000263366,72.4680010534633
115,44,10947,173.665296428245,185.106249052896,0.42946752362759,458.94089704942,866.657714442313,68.3199049968028
115,45,19331,147.37530391599,153.460164650342,0.406022364481948,357.020174848689,774.446071077544,80.3589053851327
115,46,11105,186.896443043674,206.901030218048,0.487074129929337,256.53246285457,880.153264295362,61.4133273300315
115,47,12844,159.725163500467,167.487244165889,0.422808542240491,315.419261912177,853.658517595765,66.868031765805
115,48,8142,191.171702284451,204.188227250081,0.442078777932237,376.417464996315,790.757184966839,67.9299926308032
115,49,13380,154.82802690583,163.251203628729,0.429989656234347,229.983482810164,804.170328849028,63.8035874439462
115,50,10980,193.784608378871,213.769526866317,0.465720791857,275.856010928962,909.642440801457,68.9825136612022
115,51,15029,147.291436555992,154.344282448615,0.419602131881144,329.911038658593,734.77776299155,41.0003326901324
115,52,10626,157.340297383776,157.340297383776,0.370506304318918,378.91746659138,808.906832298137,76.7610577827969
115,53,12495,166.737014805922,173.958281867032,0.416212661607366,325.433133253301,779.393917567027,72.9590236094438
115,54,10909,154.813181776515,163.683096329246,0.434487391420361,311.6328719406,914.220826840224,63.6083967366395
115,55,14880,150.437836021505,156.517471614695,0.400665813025565,514.498857526882,773.532392473118,77.9310483870968
115,56,12036,160.917829843802,166.629778643698,0.403415425230093,422.258225324028,862.250581588568,74.9590395480226
115,57,12080,155.603476821192,147.167924197661,0.407686482423728,497.60869205298,762.471523178808,70.8474337748344
115,58,11699,172.837336524489,183.762940424779,0.45593499983751,296.387896401402,875.660911188991,44.8445166253526
115,59,5627,163.974053669806,163.974053669806,0.355049500949441,384.794206504354,872.479473964813,71.1380842367158
115,200,10084,151.921658072194,151.921658072194,0.35056887982297,379.2357199524,717.026874256248,68.6884172947243
115,201,7498,161.433982395305,169.940732334473,0.438077220228781,373.932381968525,750.774339823953,72.8162176580421
116,1,28927,143.018771390051,143.018771390051,0.454235197107442,502.051301552183,669.117502679158,43.9877622981989
116,2,14324,159.978637252164,170.133088989018,0.429130099578102,279.146327841385,770.365959229266,62.8685423066183
116,3,15761,169.369265909524,175.763852500809,0.401549693999744,521.390076771778,879.502252395153,69.465389251951
116,4,17667,147.728986245543,154.597108341457,0.401396311572879,362.846493462388,712.389879436237,69.1979962642214
116,5,15110,166.079020516214,166.079020516214,0.399189291766792,377.662475181999,924.134281932495,70.8761085373925
116,6,12523,181.617583646091,181.617583646091,0.510992803754827,259.023876068035,882.039367563683,61.8804599536852
116,7,14115,150.120155862558,150.120155862558,0.37668865880068,310.181438186327,743.707190931633,68.4058094226001
116,8,16546,130.512994077118,130.512994077118,0.34841782651685,443.754079535839,607.329263870422,60.3336153753173
116,9,14532,164.748830167905,174.513470949934,0.442992900265269,438.334365538123,970.589595375723,48.904004954583
116,10,20050,153.544987531172,162.07728861783,0.419158096157256,306.824538653367,685.891271820449,71.0684788029925
116,11,11943,155.56292388847,163.123076443313,0.42228754725121,513.023109771414,918.424181528929,74.8244159758855
116,12,14224,153.423017435321,161.218395945495,0.419350860417717,506.367688413948,761.147356580427,71.160151856018
116,14,15674,130.791820849815,130.791820849815,0.307574647081414,344.258198290162,623.95234145719,61.9859002169197
116,15,13590,155.649374540103,163.724931293166,0.423976037891786,419.23966151582,711.359308314937,74.0832229580574
116,16,22566,153.778028893025,163.597747802443,0.445808204402793,273.765886732252,689.558273508819,61.3917840999734
116,17,16036,157.819842853579,168.883676866762,0.43524281900745,600.282614118234,884.710900473934,58.1852706410576
116,18,12576,182.312181933842,192.641172940728,0.41897449648546,346.449984096692,877.211434478372,76.6208651399491
116,19,11406,159.726284411713,159.726284411713,0.36644719449523,297.970804839558,804.206294932492,68.3356128353498
116,20,13580,176.368998527246,189.429299982122,0.445777814189018,234.19381443299,828.629381443299,54.3472017673049
116,21,28336,141.584450875212,147.800894057845,0.436732478535044,543.428536137775,662.932312252964,61.8303924336533
116,22,18332,155.690595679686,163.257214720897,0.428068289948796,448.672212524547,956.140573859917,69.505127645647
116,23,17620,162.770147559591,176.301439086541,0.491507801269823,423.006526674234,986.01572077185,61.716799091941
116,24,16714,149.353715448127,155.146449206619,0.403334696247362,510.873160224961,769.413366040445,77.7603206892425
116,25,14656,158.058064956332,158.058064956332,0.46449040458982,323.122953056769,955.91082150655,57.3924672489083
116,26,14476,174.724647692733,182.28128111239,0.402913817865142,505.875241779497,836.27210555402,75.625656258635
116,27,16011,134.276747236275,134.276747236275,0.346923231169997,411.400037474236,645.100930610206,68.8987571044907
116,28,16038,155.006983414391,155.006983414391,0.499573801805797,527.834143908218,940.637236563162,64.9743733632622
116,29,14505,187.741054808687,201.390423526969,0.449647901203474,271.628679765598,831.668528093761,73.7167183729748
116,30,10499,171.188875130965,187.68303404922,0.504622190221042,545.648918944661,920.063625107153,48.8000761977331
116,31,17483,142.526454269862,142.526454269862,0.465447173581244,610.264943087571,733.517073728765,55.4685694674827
116,32,16044,147.38886811269,155.683825301819,0.440580246414758,243.808090251808,735.861443530292,53.6259660932436
116,33,10488,177.346014492754,187.892282160029,0.406008403464005,464.528127383677,862.568459191457,68.4148550724638
116,34,10921,147.566614778866,155.851661588529,0.446221680489009,352.438879223514,962.941672008058,66.3235051735189
116,35,13487,158.185586119967,170.108276471696,0.465628274373223,575.924075035219,727.523689478757,67.7195076740565
116,36,15580,168.442362002567,181.432227583848,0.464235194998398,497.605198973042,814.954685494223,38.9320924261874
116,37,12010,155.064196502914,161.21075252262,0.407399126982488,431.339633638634,783.084679433805,78.4040799333888
116,38,14271,172.801695746619,184.475738530513,0.43329553431495,385.784247775208,834.009740032233,67.4448882348819
116,39,11152,158.639885222382,158.639885222382,0.439840914338392,386.191266140603,903.612984218077,65.8123206599713
116,40,10806,153.733111234499,162.985168715271,0.440051097709091,311.878771053119,920.175920784749,63.8979270775495
116,41,10459,170.017305669758,170.017305669758,0.389932277030337,447.283296682283,758.158523759442,72.2256429869012
116,42,13017,151.56510716755,160.013457856395,0.424652879579421,467.905892294692,694.64054697703,68.8974418068679
116,43,13881,157.814854837548,166.48080686201,0.434894968631404,228.400979756502,813.111735465745,63.5003962250558
116,44,15410,144.476963011032,144.476963011032,0.432802645315741,331.713627514601,731.178974691759,40.7619078520441
116,45,11620,147.268588640275,154.05807202768,0.417266659392105,561.112822719449,801.953614457831,72.6195352839931
116,46,12497,165.925422101304,173.231550128371,0.410425068625275,325.457149715932,786.537729054973,72.8152356565576
116,47,11319,189.312306740878,205.550710134178,0.461356561214351,276.675501369379,913.451364961569,68.9110345436876
116,48,13904,161.853423475259,173.577035528561,0.46629219203623,588.257551783659,824.864571346375,66.3419879171461
116,49,15511,148.653729611244,148.653729611244,0.483955916454079,576.927728708658,783.343046869963,45.2551092772871
116,50,7535,205.940676841407,219.391499498993,0.436319145337392,457.5100199071,818.940145985402,72.8729927007299
116,51,8087,193.491776925931,193.491776925931,0.421995497280563,383.25633733152,790.388277482379,69.4227772968963
116,52,11931,160.808649735982,169.941737487229,0.416603833645561,320.400301734976,851.428379850809,67.1963791802867
116,53,15094,129.418179409037,129.418179409037,0.282518183341652,331.446866304492,653.182522856764,45.8494766132238
116,54,16065,149.959041394336,157.751890766958,0.420819666056367,521.710986616869,669.064737005913,70.710986616869
116,55,8215,162.527084601339,162.527084601339,0.399809690126646,374.634814363968,748.238101034693,72.5761412051126
116,56,21811,148.69698775847,155.270094735722,0.41923508326789,355.699280179726,780.74205676035,80.2108569070652
116,57,8731,165.771847440156,165.771847440156,0.386583646125013,392.949375787424,872.279578513343,71.8925667162982
116,58,11641,178.193196460785,191.240025050049,0.453479072856305,284.831028262177,882.887638519028,46.2138991495576
116,59,6965,159.526920315865,159.526920315865,0.370296793656659,379.078391959799,807.727925340991,76.3771715721465
116,202,13126,166.625476154198,166.625476154198,0.382414938170794,433.83178424501,866.74325765656,75.6249428614963
116,203,20948,165.821414932213,165.821414932213,0.360755492933851,421.509690662593,894.5885048692,80.0287855642543
117,1,16099,167.35200944158,174.802519237551,0.403140782004473,520.838561401329,882.672339896888,69.5597242064725
117,2,28159,143.114705777904,143.114705777904,0.444876991902685,495.829042224511,665.860648460528,43.7482510032317
117,3,15348,130.68732082356,130.68732082356,0.290613390863396,340.883307271306,623.371709669012,62.2816653635653
117,4,12495,178.247138855542,178.247138855542,0.493143291413136,259.815766306523,888.029691876751,62.1663865546219
117,5,14130,164.55406935598,172.040812033213,0.426135897464007,441.00559094126,972.636093418259,48.8623496107573
117,6,14862,181.016552280985,199.157330341998,0.472031402844944,233.916498452429,837.49414614453,53.7998923428879
117,7,9040,222.369800884956,255.409219940129,0.489985057887345,426.727765486726,903.502433628319,78.8853982300885
117,8,22340,153.024261414503,162.844087975979,0.454939663413278,270.88836168308,691.208549686661,61.2077887197851
117,9,13904,159.097813578826,168.774589106003,0.436381840027374,269.087384925201,772.015894706559,62.9467059838895
117,10,17041,149.669913737457,149.669913737457,0.431947793948761,505.315474443988,755.214306672144,71.5760812158911
117,11,17811,142.221604626354,142.221604626354,0.467186105787041,611.044916063107,731.293133456853,55.2500701813486
117,12,18814,154.180078664824,159.793969569039,0.411137213228123,453.412033592006,959.090942914851,69.5516105028171
117,13,16916,134.220855994325,134.220855994325,0.364389154492185,411.56177583353,645.086663513833,68.9292385906834
117,14,14704,168.266594124048,168.266594124048,0.37927472442412,379.62221164309,924.438724156692,70.9661996735582
117,15,13082,170.311649594863,170.311649594863,0.387631649541623,440.12031799419,865.817841308668,74.9107170157468
117,16,15827,167.513679155873,181.020662859597,0.470558470195269,498.662096417514,814.581095596133,38.8414102483098
117,17,11150,159.43865470852,159.43865470852,0.355184788266639,293.84735426009,804.883587443946,68.4042152466368
117,18,15440,184.735621761658,198.372195771392,0.443403499732446,273.735751295337,834.075582901554,74.1618523316062
117,19,17246,129.92618578221,129.92618578221,0.336734372357463,446.363562565233,604.725733503421,60.0488808999188
117,20,16009,149.122743456806,149.122743456806,0.47116010205278,573.634518083578,779.905303266912,44.7768130426635
117,21,11793,157.051810395998,163.960151411012,0.416076958222086,509.87721529721,916.784024421267,74.994318663614
117,22,16023,156.416526243525,165.560815188679,0.40761125565725,600.872683018161,885.881982150658,58.7372526992448
117,23,26882,140.631426233167,146.452473353969,0.429471255729391,544.951454504873,659.846402797411,61.8825608213675
117,24,13062,187.36058796509,200.267321384764,0.432975215065029,341.504363803399,874.685346807533,75.9350022967386
117,25,16132,170.633895363253,177.745357285994,0.404100715991276,507.93571782792,830.612757252665,74.7320852963055
117,26,14847,160.141981545093,171.951360539129,0.474862798462685,325.07738937159,963.901057452684,57.7635212500842
117,27,13005,174.510495963091,185.397643158205,0.4138981690476,388.560322952711,830.289504036909,67.3143406382161
117,28,12021,167.746693286748,176.325794679578,0.40336652756267,449.395890524915,758.488977622494,72.6214125280759
117,29,14315,155.5826056584,155.5826056584,0.484713395029397,574.869577366399,724.372546280126,67.7823960880196
117,30,19545,153.675825019187,161.678397824344,0.410361283546839,304.628037861346,686.281146073164,70.9767715528268
117,31,12416,153.766510953608,162.843243597074,0.431321435256773,467.752980025773,694.596246778351,69.1370006443299
117,32,11429,145.843730860093,152.678191504197,0.402398809627525,564.908128445183,803.502143669612,72.79114533205
117,33,14914,148.981560949443,148.981560949443,0.376314355604945,308.116668901703,743.970564570202,68.4383800455947
117,34,13088,164.91641198044,172.001716974265,0.416214972970086,323.069758557457,784.601543398533,72.4934290953545
117,35,16226,146.258412424504,146.258412424504,0.390900181003112,361.907740663133,709.065327252558,68.9036731172193
117,36,16177,146.996971008222,155.278327141086,0.440529951616604,240.001050874699,736.62057241763,53.3937689311986
117,37,10419,169.981476149343,186.031485305388,0.503811513720287,544.86467031385,923.788463384202,48.838468183127
117,38,12398,159.897886755928,167.479762909343,0.408621476718034,430.466284884659,782.501129214389,78.3121471205033
117,39,10246,160.098184657427,166.9736235197,0.412925659978237,371.129611555729,741.978821003318,72.9113800507515
117,40,15752,128.898616048756,128.898616048756,0.276127640864763,337.066531234129,651.25438039614,45.2861858811579
117,41,13460,157.41485884101,166.632038493922,0.427506023201674,417.656092124814,708.727191679049,74.1852154531946
117,42,14287,159.968292853643,172.209201023787,0.463901682727837,589.832715055645,824.147196752292,66.546300832925
117,43,15343,154.120771687414,154.120771687414,0.481883088012736,528.773773056117,941.421560320667,65.2983771100828
117,44,11504,156.402903337969,167.737409040521,0.460674015463014,386.026077885953,910.762082753825,65.5617176634214
117,45,10262,155.60456051452,163.820023052541,0.433926349659694,350.887253946599,963.47573572403,67.2165269927889
117,46,16694,148.879477656643,154.546375145575,0.403184337344951,508.922606924644,777.922187612316,78.4618425781718
117,47,8590,205.081140861467,221.672029877154,0.427678258475132,436.708149010477,811.310011641444,72.7573923166473
117,48,17170,164.148107163658,177.7995852765,0.489112577062668,422.450145602796,989.527023878858,62.1336051252184
117,49,11773,182.99176080863,196.644494312819,0.426106172449749,279.341799031683,916.748577253037,69.4301367535887
117,50,13499,157.734202533521,165.425825597987,0.420600220267446,320.786576783465,850.324838876954,67.6029335506334
117,51,15622,142.884521828191,150.032820104119,0.429022000053306,334.458007937524,728.673089233133,40.4440532582256
117,52,11676,176.421634121274,189.762913971468,0.431408897757639,467.406474820144,853.639260020555,68.254367934224
117,53,13906,161.109808715662,170.735995421462,0.431807578186506,228.11354810873,820.657845534302,63.2902344311808
117,54,22664,151.299594069891,157.683682061795,0.418448426969241,356.302991528415,787.774929403459,80.115645958348
117,55,17111,148.523405996143,156.842415886362,0.431676043665488,522.03424697563,667.121325463152,70.5333995675297
117,56,11769,151.713569547115,160.554221126671,0.435169008050787,312.741184467669,921.953267057524,64.0114708131532
117,57,8794,194.150784625881,206.742066660631,0.408749493338343,386.678758244257,782.92403911758,69.2165112576757
117,58,8409,166.943275062433,166.943275062433,0.398262506627468,394.926864074206,870.103579498157,71.1228445712927
117,59,11299,174.973094964156,186.473565209491,0.45156860771042,282.779361005399,889.1882467475,46.5743871139039
117,60,3713,153.855103689739,153.855103689739,0.543561605252626,389.314839752222,899.411257743065,79.8852679773768
118,1,17304,129.964863615349,129.964863615349,0.313335701266791,443.733472029589,599.355755894591,60.2835760517799
118,2,27971,142.346823495763,149.134202928974,0.430374140895799,494.695005541454,664.483894033106,43.544671266669
118,4,14072,180.146461057419,191.28367199594,0.439708924116774,339.52359295054,872.369243888573,75.6461057418988
118,5,16897,167.192401017932,175.606412889911,0.415490797204479,522.228620465171,882.682547197727,69.5871456471563
118,6,16005,130.648734770384,130.648734770384,0.323920912373644,339.195813808185,623.136082474227,62.1560762261793
118,7,14371,164.336580613736,172.123058413858,0.420174685883088,444.876556954979,973.565583466704,48.5789437060747
118,8,14770,167.022071767095,167.022071767095,0.405029222086508,434.24759647935,793.495260663507,77.9570751523358
118,9,17904,158.192806076854,158.192806076854,0.398178579282669,454.233690795353,961.241957104558,69.8912533512064
118,10,19460,147.432579650565,154.949548693873,0.406787274078836,522.488951695786,665.267728674203,69.8431140801644
118,11,11176,215.900590551181,245.59521293423,0.507244018412282,418.542143879742,904.650590551181,78.5559234073014
118,12,14447,159.143351560878,169.623396668015,0.432041648500294,267.463694884751,773.072541011975,62.5856579220599
118,13,14700,184.417142857143,202.321313261478,0.454279706389186,231.784421768707,843.30693877551,53.3572789115646
118,14,16369,135.789296841591,135.789296841591,0.372762942870529,405.092797360865,643.506933838353,69.0568147107337
118,15,21641,152.301557229333,160.709773238261,0.427649679650896,296.784344531214,689.079016681299,70.4071900559124
118,16,22665,154.292256783587,164.162974683769,0.449679908568581,265.405250386058,694.295168762409,61.0035296712994
118,17,12865,171.801088223863,171.801088223863,0.467994072841453,263.262106490478,893.585231247571,62.1673532841042
118,18,29051,139.623833947196,146.028198115258,0.44664837986649,545.993459777632,657.243020894289,61.7172214381605
118,19,16064,147.929656374502,156.913125713955,0.44351928592457,237.678473605578,740.335097111554,53.4053784860558
118,20,16336,152.392017629775,152.392017629775,0.489032341189119,531.711067580803,939.504897159647,65.8481268364349
118,21,11317,152.842184324468,161.505760877661,0.439141735099858,361.738446584784,967.989043032606,66.9835645489087
118,22,11930,158.049874266555,165.681386158078,0.417990608031897,511.577032690696,917.725230511316,75.1214585079631
118,24,16035,149.343997505457,149.343997505457,0.480190768012965,573.825007795448,783.12273152479,44.4716557530402
118,25,14972,151.992920117553,151.992920117553,0.419878154636086,497.508415709324,749.807440555704,71.6172188084424
118,26,15679,185.386759359653,198.326720428424,0.438923975821938,272.235091523694,837.337776643919,73.616684737547
118,27,15571,154.37338642348,162.463846486811,0.432287818744249,603.604135893649,886.244878299403,59.0089910731488
118,28,16575,144.747390648567,144.747390648567,0.433682060990346,339.011402714932,728.803076923077,39.8742081447964
118,29,15002,162.423476869751,175.987896148702,0.478577072156272,328.181442474337,967.923476869751,58.2231702439675
118,30,11318,151.579077575543,159.390593799117,0.418805950187444,315.55902102845,922.833716204276,64.084732284856
118,31,17718,142.322327576476,142.322327576476,0.463874555851668,612.432102946156,733.095383226098,54.5932949542838
118,32,12333,160.496797210735,169.39142650493,0.418601342525541,412.895645828266,705.706640720019,73.3878212924674
118,33,7313,209.041980035553,209.041980035553,0.423289506063924,422.95186653904,807.540817721865,72.2476411869274
118,34,14530,154.500206469374,154.500206469374,0.483361764093877,574.961734342739,722.438953888506,68.2311768754302
118,35,12024,176.093313373253,189.858069934833,0.424234161158119,469.703260146374,839.485279441118,68.270625415835
118,36,9417,156.196665604757,156.196665604757,0.380202976142112,284.523202718488,813.196984177551,66.8751194647977
118,37,12673,170.828296378127,170.828296378127,0.383991498470646,441.580762250454,865.595044582972,74.0152292274915
118,38,16583,146.1666164144,146.1666164144,0.395295949843193,358.125188445999,704.461376108062,68.8741482240849
118,39,11937,167.243779844182,167.243779844182,0.416482606126061,443.684594119125,755.89863449778,72.5422635503058
118,40,12333,144.340792994405,150.831328001676,0.405988779781131,566.875780426498,801.712397632368,72.9134841482202
118,41,16743,150.19644030341,150.19644030341,0.367286302242459,302.839574747656,751.479245057636,68.1627545840053
118,42,17125,153.056350364963,153.056350364963,0.399356913777829,503.372671532847,785.528350364964,78.8256934306569
118,43,14138,164.526736454944,171.748819009105,0.416311984144807,317.967180647899,783.60828971566,72.3702079502051
118,44,12014,179.847095055768,190.120202327802,0.428300205087395,278.222323955385,916.760612618612,69.6120359580489
118,45,11037,169.361511280239,185.798458305047,0.487548706750206,543.752197155024,926.914469511643,48.57098849325
118,46,16101,168.096391528476,183.002111558312,0.475711461213023,427.540898080865,992.384510278865,62.3603502888019
118,47,11417,181.110974862048,192.752764140218,0.438240573598232,389.275116055006,829.151353245161,67.38600332837
118,48,8711,195.988635059121,195.988635059121,0.394738345302282,379.676041786247,778.959935713466,69.3039834691769
118,49,13669,160.02348379545,160.02348379545,0.476222772401892,594.71387811837,821.096276245519,66.6944180261906
118,50,12005,171.134360683049,184.52257468461,0.461705129206597,274.689129529363,892.903540191587,47.6448979591837
118,51,17708,167.980799638581,167.980799638581,0.396881226152187,499.784278292297,833.588152247572,75.6094985317371
118,52,13658,153.771855322888,162.513770695401,0.427838044762554,464.437911846537,695.150168399473,69.7662908185679
118,53,12746,157.496469480621,165.334312643012,0.406429709972686,321.821904911345,849.25545269104,67.2934253883571
118,54,16088,129.499502734958,129.499502734958,0.273503291431506,335.190017404276,651.967864246643,45.2205370462456
118,55,11564,162.608872362504,171.518174373052,0.416725729157171,366.525856105154,739.76660325147,73.2768073331027
118,56,12972,164.905874190564,164.905874190564,0.433680403019403,227.381591119334,823.782531606537,62.6003700277521
118,57,15980,167.978723404255,182.129072524963,0.474088532949024,498.202065081352,816.464205256571,38.3670838548185
118,58,4532,181.221535745808,181.221535745808,0.369864833416221,393.140556045896,876.359223300971,70.4119593998235
118,204,8466,171.888613276636,171.888613276636,0.39495068756195,384.441530829199,904.852704937397,66.3789274746043
118,205,12426,173.763882182521,179.382322735426,0.404223742287233,381.753742153549,919.535731530662,71.3255271205537
118,206,10976,165.942146501458,165.942146501458,0.343429086077353,372.233418367347,787.618804664723,76.7513666180758
118,208,13437,154.38393986753,162.522543722612,0.426235509074561,353.02708938007,799.027982436556,81.1632060727841
119,1,17246,129.96486141714,129.96486141714,0.316444508107997,438.808709265917,596.18317290966,60.1300011596892
119,2,11557,170.897464739984,156.764061886112,0.449284610093322,516.398892446137,899.281993596954,67.5761875919356
119,3,19017,158.610138297313,165.652023671153,0.421775879054226,451.555134879319,965.334016932219,70.2113372245885
119,4,28940,140.602764340014,147.567231415627,0.438123393254357,492.398514167243,658.727712508639,43.5386316516932
119,5,16836,131.212045616536,131.212045616536,0.300059678419406,335.045794725588,624.272333095747,62.4304466619149
119,7,13429,187.802219078115,197.402560730659,0.424842617636782,330.853674882717,873.29302256311,75.4765060689552
119,8,14762,173.968635686221,162.00423961002,0.437335371231914,425.281465926026,793.255859639615,77.5754640292643
119,9,14743,162.104795496168,162.104795496168,0.423498407492617,270.466933459947,778.913179135861,63.2185443939497
119,10,14359,161.032383870743,168.040836073901,0.411641423324439,445.936555470437,975.939062608817,48.5128490841981
119,11,9051,203.285714285714,224.495912024144,0.475063083475847,495.543144403933,828.077781460612,75.4254778477516
119,12,22577,154.4303494707,163.865641237116,0.451958906111737,261.265668600788,700.83483190858,61.1305310714444
119,13,14887,183.692214683952,202.506535206607,0.466654665642458,231.617720158528,848.225565930006,52.72318129912
119,14,15163,148.148519422278,157.086992041507,0.43561210179076,235.628437644266,744.654817648223,53.2253511838027
119,15,16734,136.013624955181,136.013624955181,0.378790894947455,403.609059400024,640.374447233178,69.3137325206167
119,16,20021,154.49797712402,154.49797712402,0.416333461921226,287.441886019679,696.213775535688,70.6168023575246
119,17,13526,171.230519000444,180.999129198384,0.419691352528637,263.221795061363,897.043545763714,62.6474937158066
119,18,19197,164.287336563005,164.287336563005,0.366881293112519,366.587122987967,783.093087461583,77.2847319893733
119,19,9168,210.432155322862,210.432155322862,0.38965597479896,410.465314136126,808.379035776614,71.2145506108202
119,20,16787,150.867278251028,159.738328475368,0.454651996619943,537.418121165187,946.175016381724,65.8770477154941
119,21,12709,156.033047446691,163.484365852045,0.415267507818451,500.530490203793,913.637186245967,76.5862774411834
119,22,12499,159.810464837187,159.810464837187,0.399000885064076,328.137691015281,850.610688855108,66.8909512761021
119,23,14784,150.179180194805,150.179180194805,0.424808742432653,497.295183982684,747.660579004329,72.2303841991342
119,24,16101,153.301223526489,160.050569063377,0.422303837433766,603.345258058506,886.155145643128,59.4447549841625
119,25,16431,148.034447081736,148.034447081736,0.38975748170341,500.759418172966,783.93494005234,79.0758931288418
119,26,14687,171.218628719276,171.218628719276,0.494149893212952,333.046163273643,977.023422073943,58.037992782733
119,27,14592,155.128152412281,155.128152412281,0.486820162997752,566.997807017544,726.706414473684,69.3448464912281
119,28,16825,164.246537890045,177.753311389904,0.475598372120504,500.1252897474,815.792927191679,38.4325705794948
119,29,12586,161.871206102018,170.867560385239,0.420948706930356,410.778563483235,702.822819005244,74.1055935166058
119,30,27259,139.077038776184,144.258223826307,0.416198231838307,544.759052056202,649.342088851389,61.5513775266884
119,31,12669,143.376904254479,149.513116533469,0.410066927397933,562.147683321493,808.451416844266,73.5989423001026
119,32,10754,154.488097452111,161.015208461788,0.422715163849165,360.651013576344,972.969778687,66.6043332713409
119,33,13379,173.322894087749,187.318425354562,0.454191267845021,464.771358098513,820.470214515285,68.7867553628821
119,34,18943,144.163648841261,151.430475887192,0.424409049307408,516.008710341551,663.664361505569,70.4448608984849
119,35,11107,162.135320068425,176.399899048323,0.492040377371147,551.16260016206,922.793103448276,48.6477896821824
119,36,17118,166.056548662227,180.626795706815,0.50066850981128,435.786774155859,997.092125248277,62.7382871830821
119,37,17501,142.097537283584,142.097537283584,0.47087698875397,613.795954516885,729.657790983372,55.0799954288326
119,38,11920,175.564597315436,190.101306672023,0.464080409958665,273.809563758389,900.112583892617,48.0333053691275
119,39,16707,146.797629736039,154.536376192139,0.426224197571511,339.420183156761,728.179625306758,39.7069491829772
119,40,14214,158.700717602364,158.700717602364,0.469772328703358,589.164133952441,829.033488110314,67.2457436330378
119,41,10340,183.68829787234,192.659929276333,0.404856216081886,398.523114119923,830.791489361702,67.4254352030948
119,42,17303,146.60550193608,146.60550193608,0.486055027218413,575.569207651852,782.25278853378,44.2753279778073
119,43,14453,152.86923130146,161.641499675574,0.421720189883247,459.941673009064,691.222306787518,69.6374455130423
119,45,10784,167.593286350148,167.593286350148,0.388621312789234,444.618323442137,746.46012611276,73.8989243323442
119,46,16261,130.401820306254,130.401820306254,0.315730190667856,336.068015497202,648.858188303302,44.9846872886046
119,47,16784,165.494995233556,173.873436187775,0.400129936960434,314.512690657769,782.040276453766,72.0092349857007
119,48,8477,202.412881915772,223.977604011017,0.41968739970905,371.773858676419,781.863984900319,69.4830718414533
119,49,14097,187.498120167412,199.081123746781,0.420688606800001,270.564871958573,838.82400510747,74.0129105483436
119,50,15855,172.25701671397,178.901592939528,0.402359454307783,432.826616209398,869.131251970987,74.4361400189215
119,51,11124,151.797734627832,159.726606110943,0.402781102618229,319.639248471773,925.424937072995,64.0035958288385
119,52,14515,148.116362383741,148.116362383741,0.391991628895292,302.974784705477,750.648432655873,67.4572511195315
119,53,13488,164.993401542112,177.345246619985,0.446297243515296,226.749036180308,830.436610320285,62.4538849347568
119,54,9502,156.214060197853,156.214060197853,0.377346016762839,281.900757735214,824.721216585982,66.549778993896
119,55,12580,175.126709062003,185.321285543627,0.431756210552875,278.779093799682,922.557631160572,69.4531796502385
119,56,4894,206.578259092767,206.578259092767,0.541759120841471,443.527789129546,837.521659174499,80.3733142623621
119,57,5768,217.391123439667,217.391123439667,0.534659151174138,390.062239944521,921.372399445215,76.0407420249653
119,58,14672,152.428094329335,160.66380479591,0.427667476016069,353.256474918212,816.523241548528,81.0817202835333
119,59,7853,176.793454730676,176.793454730676,0.36302307019528,392.228829746594,872.579269069146,70.5666624220043
119,209,12492,173.876641050272,182.964847137283,0.420607003888933,390.893772014089,913.878402177394,66.0120076849183
119,210,11505,178.682312038244,188.198634075048,0.409732593970523,375.140547588005,925.180008691873,70.5113428943937
119,212,12596,150.658780565259,150.658780565259,0.390545060751812,356.805890758971,699.410844712607,69.3574944426802
119,213,9827,164.8703571792,173.639715609769,0.43572698480992,362.20362267223,732.367660527119,73.3389640785591
120,1,31387,140.111829738427,140.111829738427,0.441529455383474,484.095103068149,658.626501417784,42.0915347118234
120,2,15739,164.872672977953,173.862062815828,0.410458828297029,438.898659381155,970.67113539615,70.2090348815045
120,3,17149,129.849495597411,129.849495597411,0.334620159776957,434.229867630766,589.23569887457,59.5196804478395
120,4,23411,155.737644696937,165.520350349746,0.436996474113624,254.140019648883,697.822775618299,61.009952586391
120,5,13270,187.039562923888,198.173511554793,0.420417565348127,334.994800301432,869.943255463451,75.8311981914092
120,6,15067,167.446937014668,173.588658998822,0.404917646449032,362.23687529037,923.573770491803,69.8795380633172
120,7,15173,165.676860212219,156.303537540069,0.420409653953574,269.039148487445,776.040598431424,63.955117643182
120,8,16876,149.465276131785,154.859086336015,0.408185788354231,297.316366437544,749.515287982934,68.5213320692107
120,9,15089,169.071972960435,183.216630716189,0.46987793696883,330.939558618861,973.071707866658,58.3700709125853
120,10,8707,174.454117376823,187.031771358111,0.436040107512889,468.640289422304,839.281957046055,79.6568278396692
120,11,16154,130.794663860344,130.794663860344,0.285509253034631,330.245759564195,619.850625232141,62.3444967190789
120,12,15022,149.695579816269,157.378058248276,0.426655459104586,228.37331913194,740.701637598189,53.435960591133
120,13,18554,144.629567748194,144.629567748194,0.406415427839909,516.597876468686,654.21612590277,69.2106284359168
120,14,17654,141.626826781466,141.626826781466,0.46404026630762,610.935935198822,723.471394584797,53.8743627506514
120,15,14704,192.609085963003,203.847516728602,0.414953107859846,410.394314472252,827.287608813928,68.5431855277476
120,16,14314,171.251502025989,182.72835096326,0.450814137564696,257.653555959201,893.856364398491,62.5632946765405
120,17,20207,155.173702182412,163.0414651484,0.409174910469598,284.020933339932,691.023160290988,70.1349532340278
120,18,31242,138.151526790858,143.930857921733,0.429520777679036,542.497023237949,640.598905319762,59.4923180334166
120,19,16256,183.595718503937,183.595718503937,0.499758117437914,229.385888287402,847.027989665354,51.8038877952756
120,20,17534,134.397969658948,134.397969658948,0.366411146730306,401.161400707197,632.832667959393,68.3343789209536
120,21,13478,166.951921650096,166.951921650096,0.374354346191124,399.206781421576,873.978706039472,70.483528713459
120,22,14850,154.357306397306,154.357306397306,0.463887721077348,567.488552188552,716.219528619529,68.2588552188552
120,23,8984,174.41696349065,183.367146030895,0.428747217000851,400.128895814782,931.70124666073,75.8506233303651
120,24,13719,168.775202274218,168.775202274218,0.396370234100586,442.712807055908,871.642247977258,75.3087688607041
120,25,12923,165.801361912869,165.801361912869,0.385833312303909,436.87789213031,793.50220537027,77.6656349144935
120,26,16957,165.97470071357,179.033424069953,0.47925997340406,432.037093825559,1000.27575632482,62.0722415521614
120,27,13168,157.573283718105,157.573283718105,0.398705364270882,334.573131834751,843.668514580802,67.3945929526124
120,28,12618,158.58979236012,158.58979236012,0.399956472285874,495.001505785386,912.715802821366,75.8921382152481
120,29,15080,162.381366047745,170.070401073173,0.421345014988244,437.602519893899,975.672612732095,48.0603448275862
120,31,12753,166.331529836117,166.331529836117,0.367708618627757,372.117697796597,772.346585117227,76.6988943777935
120,32,22128,156.572216196674,152.206762037915,0.518207111066664,508.059472161967,760.314940347072,76.8998101952278
120,33,19024,151.902386459209,158.68011497819,0.411185159642168,357.60460470984,810.496425567704,80.8139192598823
120,34,14418,187.679775280899,198.539523304157,0.416301660420291,270.820155361354,828.39367457345,73.8861839367457
120,35,15859,158.765748155621,169.2420175273,0.458550724434258,546.534522983795,934.511633772621,65.232864619459
120,36,11829,174.985713078029,187.267482433902,0.449925955111192,271.039141093922,901.49522360301,48.0913855778172
120,37,13710,164.072793581327,164.072793581327,0.472651015575372,222.608533916849,823.51167031364,61.8639679066375
120,38,11563,148.169073769783,148.169073769783,0.383366225104267,356.811121681225,965.38614546398,66.0888177808527
120,39,11246,165.839587408856,175.160247363083,0.408514192138247,446.060199181931,743.190645562867,73.7054952872132
120,40,11990,171.538115095913,171.538115095913,0.422712888240779,460.459633027523,807.152210175146,69.8484570475396
120,41,10622,153.838825080023,162.137111228664,0.402305179804859,309.933157597439,922.909150819055,63.5743739408774
120,42,16043,147.360842735149,155.884926615796,0.440178283248395,336.348438571339,729.860499906501,38.9161628124416
120,43,15320,150.564621409922,159.101973036908,0.42207211617566,456.683812010444,682.345039164491,69.2919712793734
120,44,7344,193.950163398693,204.914451627505,0.434482054503265,374.406318082789,778.330610021786,69.7268518518518
120,45,5371,205.12306832992,172.343933805778,0.562807638908337,500.154347421337,876.91063116738,71.1092906348911
120,46,11771,150.882337949197,158.097874113095,0.427141696006394,501.674793985218,744.25469373885,70.6340158015462
120,47,12868,159.563179981349,168.283363425661,0.428718655167503,409.439306807585,699.218992850482,73.3912806963009
120,48,17507,144.574341691895,144.574341691895,0.478918857689849,569.666190666591,775.192551550808,43.1445136231222
120,49,12758,169.205126195328,178.960594578223,0.4022928410357,320.726916444584,784.317447875843,72.6172597585828
120,50,16990,160.700529723367,171.698601530109,0.460317004925486,491.689582107122,820.869570335492,37.3909358446145
120,51,16221,151.708649281795,158.423841935092,0.41832992617497,603.74656309722,883.493372788361,58.6834967018063
120,52,10741,163.280886323434,176.723999925413,0.469615317551777,541.682618005772,924.413462433665,47.5707103621637
120,53,12315,176.921477872513,188.959126559025,0.437780547149716,275.960535931791,915.533576938693,69.3138449045879
120,54,15520,147.345489690722,147.345489690722,0.418274762446802,570.841301546392,797.930219072165,71.3340206185567
120,55,16783,129.857176905202,129.857176905202,0.286335187272862,334.438419829589,645.648155872013,44.2121194065423
120,56,13634,160.326976675957,160.326976675957,0.49315354761572,586.130702655127,828.2111632683,66.6370837611853
120,57,5977,201.85762088004,210.951743854546,0.4013511608587,406.246946628744,803.004182700351,73.7217667726284
120,58,10520,164.836692015209,175.322789480314,0.448981848116608,394.853231939163,912.791349809886,65.6391634980989
120,59,4390,184.576537585421,155.12307828728,0.568699378906189,520.696810933941,795.871981776765,74.046013667426
120,60,10685,154.091998128217,154.091998128217,0.385544511423762,279.595601310248,825.54656059897,66.7391670566214
120,61,2871,136.735632183908,129.320613029066,0.480294556089134,375.954022988506,894.574712643678,78.8425635667015
120,214,11006,149.62556787207,149.62556787207,0.379536902449761,356.727148827912,696.492367799382,68.8004724695621
120,215,10599,164.288423436173,164.288423436173,0.388598391625935,360.678743277668,726.195112746486,73.3441834135296
121,1,32070,141.383286560649,141.383286560649,0.465264338374419,479.468818210165,657.591830371063,41.8503274087933
121,2,14469,186.491810076716,197.297581170568,0.433270458229585,338.832192964268,873.229663418343,76.4902204713525
121,3,17505,129.52962010854,129.52962010854,0.280337440528698,429.269922879177,587.618908883176,59.5457869180234
121,4,15241,149.944163768782,157.536347820907,0.426210477390915,227.051308969228,743.77475231284,53.1330621350305
121,5,19570,152,157.744312766763,0.40977372581855,293.858610117527,757.346397547266,68.3903423607563
121,6,16896,130.822265625,130.822265625,0.328808961505691,325.214015151515,620.968158143939,62.3171164772727
121,7,13220,146.746671709531,152.314755120963,0.413441411185525,355.985552193646,967.495915279879,66.3432677760968
121,8,14017,192.831133623457,211.296656977399,0.445029650428125,415.996004851252,824.589213098381,69.056217450239
121,9,12598,169.18034608668,169.18034608668,0.394097994596637,451.364264168916,873.918002857596,75.500079377679
121,10,12697,157.584074978341,163.277395025108,0.400113358121316,340.346696069938,842.704733401591,68.296211703552
121,11,11983,169.378619711258,169.378619711258,0.442966078399668,262.947592422599,785.265125594592,63.565133939748
121,12,15108,169.057254434737,169.057254434737,0.459401101626566,330.871127879269,978.817977230606,58.3519327508605
121,13,17269,160.981411778331,169.082184043362,0.421780334865276,442.673403208061,970.217962823557,69.7492037755516
121,14,21160,156.805576559546,165.12801220707,0.408121877201535,280.383081285444,693.375425330813,69.5294896030246
121,15,13420,164.68129657228,164.68129657228,0.369431119875332,375.997540983607,775.856780923994,76.4354694485842
121,17,32409,138.360547995927,144.100918356948,0.418913120383931,542.253818383782,637.546761701996,58.8264062451788
121,18,23723,157.298613160224,167.846654388557,0.445073172590726,250.466846520255,702.898705897231,60.9093284997682
121,19,17740,132.455073280722,132.455073280722,0.319867971737611,399.385456595265,631.554735062007,68.2500563697858
121,20,7685,193.173845152895,193.173845152895,0.483675194384324,527.316851008458,868.191672088484,70.6826284970722
121,21,14369,173.922263205512,186.038183556196,0.453175377985956,254.510473936948,897.413946690793,62.7148027002575
121,22,13399,154.793790581387,162.302487058699,0.423349724211615,408.256660944847,696.866034778715,73.9276065378013
121,23,15805,153.563682378994,164.067640733741,0.463760444413286,566.670420752926,711.539576083518,68.3836760518823
121,24,17220,143.383797909408,143.383797909408,0.46359965050111,611.69837398374,723.187282229965,54.0554006968641
121,25,13354,162.331136738056,168.589509455402,0.410279751920479,440.944960311517,793.104537966153,78.194248914183
121,26,16753,153.349310571241,153.349310571241,0.390407088575086,609.96955769116,880.291529875246,57.8677848743509
121,27,16260,185.007872078721,185.007872078721,0.508343909797645,228.821955719557,853.163407134071,51.4274292742927
121,28,12555,167.626204699323,167.626204699323,0.397728925525574,360.04030266826,928.420310633214,70.8940661091199
121,29,10291,166.325041298222,176.489625510645,0.415226431615471,474.933339811486,838.068797978816,79.8520066077155
121,30,19090,145.068779465689,152.178305329877,0.405649275462941,515.638449449974,650.956416972237,68.7583027763227
121,31,10791,158.713650264109,158.713650264109,0.388924297805696,498.562876471133,910.222129552405,76.3922713372255
121,33,17531,163.780446066967,175.593582266299,0.47162742856756,488.526153670641,821.609776966517,37.1997033825794
121,34,17529,164.013007016943,172.126252075075,0.406399547478162,403.807633065206,879.78150493468,70.5864567288493
121,35,10492,162.28421654594,162.28421654594,0.381614716123105,410.460636675562,929.467689668319,75.9052611513534
121,36,15466,162.000517263675,170.19521767777,0.423357226834835,439.433854907539,973.867451183241,47.3527091684986
121,37,14934,189.471608410339,202.719468978341,0.425000233350629,274.212200348199,833.335676978706,74.5751305745279
121,38,16269,144.226565861454,151.68420340249,0.426176547172067,333.931403282316,730.878603479009,38.8662486938349
121,39,11315,157.157490057446,166.134255529698,0.424397628191562,310.778347326558,928.753513035793,63.9546619531595
121,40,11565,169.884738434933,178.827653920485,0.4224251198005,472.067271941202,804.65317769131,71.0677042801556
121,41,11840,178.48597972973,191.419922518627,0.458876721366939,271.436064189189,906.22027027027,48.1668918918919
121,42,17420,153.043053960964,158.839757338652,0.403357181121392,353.909586681975,814.968484500574,80.9502296211251
121,43,17370,165.929188255613,179.38859651073,0.478850182763107,437.536269430052,1002.77674150835,62.1118019573978
121,44,14322,151.112274821952,158.378191672679,0.410744121638363,453.212749615975,676.875087278313,69.8910766652702
121,45,12955,163.389656503281,163.389656503281,0.471745689516594,221.376379776148,827.409262832883,61.8217676572752
121,46,17152,147.46875,147.46875,0.467161988965244,566.346781716418,774.147504664179,42.7033582089552
121,47,12376,171.786199095023,179.866054482347,0.408445899051587,321.781189398836,787.132999353588,72.6936813186813
121,48,11750,165.227319148936,175.527983691462,0.427110438923538,444.420340425532,741.304170212766,74.5213617021277
121,49,12199,177.51914091319,189.29564972673,0.421723436930347,277.100008197393,916.463890482827,69.8336748913845
121,50,10964,162.306639912441,175.882658184018,0.477444310681619,544.128329076979,925.748631886173,47.5113097409704
121,51,7158,184.180217937971,193.205719213299,0.422918683266846,376.107292539816,777.707460184409,69.9128248113998
121,52,18986,154.789160434004,165.333798330372,0.445583589659056,546.299431159802,932.848519962077,65.5203307700411
121,53,14180,145.71904090268,151.950901939353,0.406286917592609,573.130253878702,788.133427362482,71.4007052186178
121,54,11677,156.91812965659,162.474942543713,0.407008260043786,280.307441979961,836.267020638863,67.0442750706517
121,55,12748,165.481565735802,178.545710438678,0.472598032245366,593.544477565108,824.042830247882,66.7532946344525
121,56,15564,129.366358262657,129.366358262657,0.152297401085637,329.967938833205,646.732523772809,44.2447314315086
121,57,9014,160.026736188152,171.657271583263,0.477755210069856,402.441091635234,916.003993787442,66.0624583980475
121,58,5312,181.244917168675,198.511249135324,0.474711097878928,522.817018072289,788.946159638554,72.7144201807229
121,59,5591,198.742979788947,210.167875667985,0.428553800193074,412.804328384904,803.610087640851,74.118225719907
121,60,3179,170.124567474048,153.832800195179,0.656209353119871,525.957533815665,927.041207927021,72.9506134004404
121,119,12933,158.156034949354,158.156034949354,0.372828595521143,493.147838861826,738.189824480012,72.3246733163226
121,120,12000,153.4085,153.4085,0.381202257102693,508.26325,753.779666666667,77.8835833333333
121,121,14586,143.847250788427,143.847250788427,0.393634042301601,353.570889894419,695.960715754833,68.4825860414096
121,122,11062,163.395136503345,163.395136503345,0.381717772739336,355.418730790092,730.322545651781,73.6140842523956
122,1,17709,129.616974419787,129.616974419787,0.298040007494647,428.3110282907,585.522389745327,58.6343667061946
122,2,31779,139.073664998899,145.630626050768,0.434398915292969,477.123414833695,655.469744170679,41.4321721891815
122,3,20881,149.817729035966,149.817729035966,0.381784401554383,286.886643359992,758.297351659403,68.4375748287917
122,4,23821,154.129591536879,163.054856844144,0.436910432862983,245.696990050796,701.665547206247,60.4689979429915
122,5,14086,186.767499645038,196.952550512473,0.43472498040797,343.436461735056,872.816413460173,76.8352974584694
122,6,20922,153.413440397668,162.354498703785,0.422787484662394,280.314453685116,691.812302839117,69.1720676799541
122,8,16370,130.716432498473,130.716432498473,0.30044105238638,320.642822235797,619.68918753818,61.6178985949908
122,9,12962,165.581083166178,165.581083166178,0.471727228707701,262.912127758062,788.699197654683,63.8233297330659
122,10,34753,136.390268466032,141.668077767289,0.413039498395411,538.154260063879,636.150461830633,58.1059764624637
122,11,17475,134.384549356223,134.384549356223,0.345065522502017,394.599141630901,626.881316165951,67.7961659513591
122,12,16387,149.656312930982,158.404732580254,0.435844219150898,223.254225910783,751.275828400561,52.8948556782816
122,13,21627,156.595644333472,156.595644333472,0.458996659625035,451.525777962732,966.645165765016,69.4380172931983
122,14,12669,181.739916331202,191.921426722217,0.422342295927235,364.479201199779,936.814507853816,71.3168363722472
122,15,15410,170.013822193381,170.013822193381,0.392196481340141,407.391369240753,873.144386761843,71.9619078520441
122,16,14163,168.103720963073,177.703961976589,0.435318687005769,256.154769469745,896.358257431335,62.8839228976912
122,17,12571,151.401718240395,160.021384555527,0.431186919422506,363.174210484448,971.33481823244,65.4624930395354
122,19,16954,163.631355432346,176.16066080357,0.468923571552858,439.331072313318,1002.67529786481,62.5596319452637
122,20,17794,142.955940204563,142.955940204563,0.37861591879537,513.381364504889,642.673541643251,67.9396425761493
122,21,13053,170.055925840803,170.055925840803,0.385495918326583,464.902397916188,871.864245767257,74.9102888224929
122,22,15475,172.379450726979,187.095037105978,0.480588581146817,335.582294022617,982.899192245557,58.3875282714055
122,23,11309,171.290476611548,181.19571521518,0.404436731748219,470.384472543992,807.634892563445,71.9129012291096
122,24,15647,183.566178820221,198.742754148566,0.450779078205132,274.98613152681,833.251038537739,74.4384866108519
122,25,15878,149.486648192468,158.949790046428,0.452473552273189,565.829386572616,700.745370953521,67.6752739639753
122,26,11222,158.733559080378,158.733559080378,0.343674362217232,503.000623774728,903.279183746213,76.626982712529
122,27,10670,161.213870665417,168.546570719646,0.413169947812286,475.125304592315,835.908059981256,79.976007497657
122,28,10477,170.395723966784,170.395723966784,0.379468980939128,415.376729979956,923.709077025866,76.8462346091438
122,29,12446,159.992929455247,167.505715900182,0.420271343626519,405.232845894263,691.424714767797,73.9594247147678
122,30,16887,163.798424823829,173.99474673072,0.420915765989155,356.59086871558,724.013501510037,72.3223781607153
122,31,16077,151.598992349319,151.598992349319,0.394965660664714,617.014119549667,871.562667164272,57.2524724762082
122,32,12878,159.829709582233,159.829709582233,0.391349604968693,445.681860537351,784.360692654139,78.4729771703681
122,33,13783,165.449611840673,178.416563980564,0.446561884729922,220.455198432852,830.210041355293,61.9262134513531
122,34,14906,180.311552395009,160.005873474166,0.499749990441419,228.420971420904,859.585871461157,51.3120890916409
122,35,14754,160.67710451403,168.139311089635,0.423950327458503,441.901518232344,973.390402602684,46.7949030771316
122,36,17609,145.03350559373,145.03350559373,0.466422034060132,564.669998296326,774.647453006985,41.8931796240559
122,37,11294,165.43456702674,165.43456702674,0.399908127100614,443.485036302461,728.908004250044,74.7679298742695
122,38,11416,175.242992291521,187.381733013864,0.44447040545705,272.915557112824,910.947091800981,48.1367379117029
122,39,11853,169.179279507298,181.800247452468,0.447286930813572,399.57099468489,900.437188897326,67.0963469163925
122,40,19117,158.580791965267,170.395621302606,0.470375922152386,488.033373437255,821.043730710886,36.7895590312287
122,41,18140,139.642006615215,139.642006615215,0.413468096695815,649.793274531422,722.337320837927,52.7590407938258
122,42,16800,147.12380952381,147.12380952381,0.452124224713282,331.174523809524,733.824880952381,38.5042261904762
122,43,20307,146.72772935441,146.72772935441,0.390729029730655,514.482592209583,748.797409760181,76.7083764219235
122,44,12936,150.792748917749,150.792748917749,0.389489604721196,480.961038961039,736.175788497217,71.5608379715523
122,45,15038,149.45059183402,157.088461316351,0.414062513735452,449.133461896529,669.153012368666,68.8741188987897
122,46,17795,151.671312166339,158.048878908963,0.414462388771662,354.694801910649,811.265580219163,80.998876088789
122,47,9405,170.61456671983,182.211762168423,0.461353661272596,527.798617756512,852.654651780968,71.6962254120149
122,48,25032,152.448625759028,140.565367486594,0.471971547338539,542.672339405561,929.940875679131,66.727388942154
122,49,13368,156.684320766008,168.014194407347,0.458868111053883,606.043237582286,809.251720526631,66.2633901855177
122,50,13390,166.247199402539,166.247199402539,0.396925477190251,321.299402539208,782.942793129201,73.173786407767
122,51,13963,160.445964334312,166.966530587009,0.405764438407346,338.549523741316,845.211773974074,68.5170092387023
122,52,11613,153.178076293809,159.938415218663,0.414649601168294,314.368724705072,926.291655902867,63.7930767243606
122,53,11495,173.028708133971,180.12043514306,0.405490918987121,279.878903871248,915.662374945629,70.0831665941714
122,54,14891,141.335907595192,141.335907595192,0.393960145876885,573.693237526022,776.166006312538,71.3152239607817
122,55,11608,155.75077532736,167.550875222574,0.474415478772901,547.596312887664,921.621381805651,46.9678669882839
122,56,16809,130.465464929502,130.465464929502,0.289497212821103,330.148967814861,651.582188113511,43.0661550359926
122,57,7403,165.120356612184,172.404551378144,0.425327081028499,521.40591652033,790.114683236526,72.9823044711603
122,58,10761,152.705138927609,158.307663105461,0.420153779908157,283.73989406189,843.204534894527,67.0556639717498
122,59,13988,142.571775807835,142.571775807835,0.401860260451487,347.471404060623,690.812053188447,68.6132399199314
122,115,7508,206.903969099627,221.81851819152,0.431277563645211,417.6847362813,792.315663292488,74.0559403303143
122,116,9897,167.112357279984,167.112357279984,0.350814650242641,377.401939981813,779.2602808932,77.4619581691422
122,117,9041,192.467426169671,192.467426169671,0.37784808213297,377.851896914058,775.156730450171,73.0374958522287
122,118,11402,205.760305209612,205.760305209612,0.376217201793273,408.59463252061,811.865725311349,69.8084546570777
123,1,16981,151.560979918733,151.560979918733,0.390228622596828,285.14881337966,761.022849066604,68.7958895235852
123,3,31932,139.369316046599,145.754989960341,0.43205289859383,482.405204810222,652.703776775648,41.7201240135287
123,4,22654,143.410964951002,143.410964951002,0.498942753084313,532.902931049704,639.812660015891,56.6798357905889
123,5,16002,130.071741032371,130.071741032371,0.305649107765985,440.487564054493,586.2272215973,59.1679790026247
123,6,18616,159.658412118608,152.430523913529,0.482996219786925,535.648635582295,941.355608079072,66.8810700472712
123,7,16165,150.70275286112,158.847479867089,0.424795288965349,220.100587689453,754.767027528611,52.557933807609
123,8,17149,129.995276692519,129.995276692519,0.285030614419544,322.470639687445,618.607732229284,61.6894279549828
123,10,20475,159.53894993895,169.368880447557,0.438944574379863,443.117655677656,968.005811965812,69.4928937728938
123,11,18526,151.167710245061,160.165406630955,0.430190986135084,620.234589225953,869.503508582533,56.7772319982727
123,12,18914,133.368087131226,133.368087131226,0.354094595957659,397.202336893307,625.340752881463,67.259437453738
123,15,15922,169.110852907926,169.110852907926,0.391767680417512,383.150483607587,879.221831428213,68.1967089561613
123,16,13724,168.524482658117,176.995087346189,0.414015579172959,254.682672690178,899.796560769455,63.2613669484115
123,17,14212,165.782718829158,178.168412126735,0.456841179686406,218.557416267943,834.269068392907,62.0225865465804
123,18,18880,142.747563559322,149.376929394705,0.414943837772462,514.376271186441,640.955137711864,67.919968220339
123,19,25483,152.423380292744,160.92392992442,0.443471584933697,242.021347565043,702.143389710788,60.19055841149
123,20,16432,179.947358812074,191.407707562949,0.43807441566148,272.539678675755,832.598040408958,74.4705452775073
123,21,14296,166.136961387801,177.490974640082,0.452632436795449,260.447677672076,792.339185786234,64.3801762730834
123,22,14797,182.342637021018,182.342637021018,0.39239709358249,337.010407515037,871.445428127323,77.0756234371832
123,23,21106,152.853169714773,160.481530732533,0.418366535383909,282.214678290533,692.080072017436,69.0255377617739
123,24,9941,171.650638768736,171.650638768736,0.390945250364706,426.545317372498,923.314354692687,76.7091841867015
123,25,12524,161.068907697221,161.068907697221,0.384415968493187,335.545991695944,837.742414564037,69.2810603641009
123,26,9905,169.164664310954,182.607657655998,0.452865942813032,528.83109540636,851.194346289753,71.5597173144876
123,27,15811,168.759408007084,182.116737353781,0.475329084354132,332.534691037885,984.192903674657,57.9819745746632
123,28,12558,158.103599299251,167.002125832872,0.427192444933303,473.070393374741,839.854435419653,79.9869405956362
123,29,11965,166.535478478897,166.535478478897,0.373061073366434,414.739406602591,869.703635603845,73.5579607187631
123,30,14424,178.126525235718,178.126525235718,0.52196548403066,227.818150305047,864.708887964504,50.853508042152
123,31,10479,168.723351464834,178.105258007683,0.41820351713795,478.186372745491,816.6767821357,72.2890542990743
123,32,19616,187.080087683524,203.218466614835,0.464164311766995,407.062092169657,815.796849510604,69.1578303425775
123,33,18184,160.600252969644,171.490547357383,0.467057008409263,441.091014078311,1006.37818961725,62.3020787505499
123,34,16554,148.463452941887,148.463452941887,0.464990319301378,567.140691071644,694.706113326084,67.0665700132898
123,35,13714,159.502552136503,166.175699352223,0.414457275212941,409.368236838267,689.679524573429,72.7471926498469
123,36,15614,159.232931984117,166.216739770726,0.418070041110303,446.150377866018,973.367362623287,46.2034712437556
123,37,13809,154.316387862988,163.688355678964,0.435191566030801,613.378593670794,803.986096024332,65.8158447389384
123,38,13476,159.601216978332,165.382655380131,0.408628913254594,451.261501929356,779.045933511428,77.994731374295
123,39,14414,166.782988760927,166.782988760927,0.390096521916648,320.058692937422,780.337380324684,73.3681837102817
123,40,12499,157.867269381551,157.867269381551,0.375716147760869,508.047683814705,901.445555644452,76.6354108328666
123,41,11352,169.214147286822,169.214147286822,0.381259020551485,468.878523608175,873.336945031713,74.3023255813954
123,42,16955,129.790386316721,129.790386316721,0.291497298192248,332.377351813624,650.300796225302,42.7904452963728
123,43,17691,162.854615341134,152.862372694683,0.462556197391098,366.863602961958,961.758295178339,66.4758916963428
123,44,19299,150.130369449194,156.681730150941,0.402826877479839,352.266801388673,804.292813099124,80.6918493186175
123,45,15147,149.081996434938,156.260293873467,0.409850942640989,454.934904601571,666.723443586189,68.6773618538324
123,46,17381,144.785512916403,151.569736480661,0.416859589813291,333.612507910937,734.116851734653,37.90650710546
123,47,18553,140.15059559101,140.15059559101,0.44994935269057,604.549291219749,700.895111302754,53.476149409799
123,48,18260,143.254600219058,143.254600219058,0.458536124628905,566.066429353779,768.645673603505,41.8127053669222
123,49,20676,157.666618301412,169.662957280088,0.479527418763526,491.619897465661,819.714354807506,36.5618591603792
123,50,11881,171.987963976096,181.758950521071,0.420522803751368,282.402828044777,923.309906573521,70.0563083915495
123,51,10920,154.877655677656,162.642589790949,0.406690113901315,309.523626373626,928.382600732601,63.5067765567766
123,52,11719,156.289359160338,167.606000151752,0.473991904544708,549.298574963734,919.179366840174,46.0197969109992
123,53,11568,174.544692254495,186.225460792646,0.445232068508548,273.321144536653,910.264609266943,47.3222683264177
123,54,15039,141.530021942948,141.530021942948,0.385908387289184,577.807965955183,777.457543719662,71.344504288849
123,55,11260,156.639875666075,162.514402580016,0.407714712350182,282.534369449378,854.56811722913,67.7092362344583
123,56,3963,170.820085793591,151.929818335919,0.625698846623683,539.829422154933,916.166792833712,72.4912944738834
123,57,3425,177.108613138686,151.730700897113,0.648934273888595,374.746569343066,933.919124087591,76.1410218978102
123,58,2760,140.177173913043,140.177173913043,0.47925951919682,389.764855072464,892.378623188406,79.3413043478261
123,106,11686,168.434622625364,168.434622625364,0.365367965381081,382.634177648468,784.224627759712,77.1411945918193
123,107,13790,144.247135605511,150.041416814062,0.428920350477938,523.852211747643,750.945032632342,77.8773749093546
123,108,8524,166.490614734866,166.490614734866,0.387484272140004,519.997770999531,777.734279680901,73.3118254340685
123,109,10521,161.154262902766,171.31864343681,0.440110551642803,445.735861610113,724.030225263758,75.9911605360707
123,110,12628,157.495961355717,157.495961355717,0.396777015531867,473.996119733925,731.800285080773,71.898717136522
123,111,10463,196.276784860939,196.276784860939,0.387685434474375,383.392048169741,768.893529580426,71.3966357641212
123,112,8358,160.247786551807,170.57530111512,0.437706465185999,360.589614740369,728.196338837042,74.6558985403206
123,113,12474,151.05114638448,151.05114638448,0.358274788985447,351.658008658009,697.535513868847,70.2756132756133
123,114,6542,203.343320085601,217.348460436749,0.402538847429737,420.58009782941,790.561296239682,74.3315499847142
124,1,35178,138.653505031554,138.653505031554,0.429787434878817,481.731224060492,643.308232417989,42.1250213201433
124,2,16540,157.274365175333,157.274365175333,0.387662749900896,289.088270858525,769.016565900846,69.7850060459492
124,4,23823,153.368173613735,162.047365561576,0.439749690792315,277.712168912396,696.23926457625,68.8723502497586
124,5,17367,130.344100880981,130.344100880981,0.262854838072926,315.219554327172,622.074163643692,62.3805493176714
124,6,30937,139.923101787504,147.411270682977,0.450452394168157,525.835148850891,637.390955813427,58.0829427546304
124,7,15518,151.471710271942,160.68508471696,0.429397402637348,218.682046655497,753.38490784895,52.8652532542853
124,8,19599,157.99887749375,168.620633780398,0.454830465652649,441.610592377162,973.546762589928,69.6497780499005
124,9,13160,165.570440729483,155.13600195189,0.554238471705018,363.322948328268,959.522720364742,67.138905775076
124,11,14373,186.295415014263,196.336809754058,0.433238292328375,337.07374939122,873.949419049607,76.7939191539692
124,12,18864,131.986641221374,131.986641221374,0.309169928809169,393.104484732824,628.654845207803,68.0675360474979
124,15,14164,162.692177351031,176.358515229881,0.454750368426831,218.492939847501,832.940200508331,62.0179327873482
124,16,17093,150.55864973966,150.55864973966,0.468556079583865,564.84291815363,691.742994208155,67.3712630901539
124,17,10598,176.879128137384,186.200441161034,0.410821369787329,482.40658614833,826.737969428194,74.6326665408568
124,18,16613,151.772045988082,159.57081961723,0.439321093915696,624.125684704749,869.196773611028,57.1520495997111
124,19,16818,130.178083006303,130.178083006303,0.304801372755625,445.892377214889,588.424961350933,59.68141277203
124,20,10699,162.701560893541,170.029833808519,0.418779169694945,462.95167772689,849.598280213104,80.4831292644172
124,21,14781,187.081388268723,199.248717286377,0.43554092690536,272.500236790474,826.958460185373,74.6497530613626
124,22,17740,146.698590755355,146.698590755355,0.410174681904674,512.224464487035,641.985062006764,68.4410935738444
124,23,9257,168.237333909474,168.237333909474,0.37721971130371,438.495949011559,931.527708760938,76.3113319649995
124,24,17216,158.54937267658,168.786744875182,0.424980573081912,545.579286710037,943.318018122677,66.5842239776952
124,25,12276,172.705930270446,182.032629313843,0.416376743511627,261.47091886608,805.476783968719,65.926523297491
124,26,12528,174.991538952746,160.123628303914,0.443566563076211,255.197158365262,902.124121966794,63.8046775223499
124,27,18466,159.296815769522,168.181128709364,0.420476633264155,362.03622874472,726.961875879996,72.5916820101809
124,28,14815,185.951940600742,163.689115208528,0.505002178740301,227.803037462032,866.341950725616,50.6983462706716
124,29,19464,138.852085902178,138.852085902178,0.433106662658395,602.432490752158,692.403154541718,53.7964447184546
124,30,17695,162.72110765753,173.896447601147,0.455252235850751,435.275218988415,1010.38423283413,62.1910709239898
124,31,11043,169.009146065381,169.009146065381,0.398547011864587,466.352078239609,880.469618763017,73.3360499864167
124,32,15663,166.410202387793,178.853312903195,0.472401159591839,329.10847219562,982.174359956586,58.9214071378408
124,33,10248,171.708235753318,185.529327289329,0.457768508289328,523.118657298985,856.066354410617,72.144906323185
124,34,13534,156.386434165805,164.34848128705,0.434703130261538,410.856140091621,693.019358652283,72.9377124279592
124,35,9151,183.147306305322,201.206776200448,0.488059567766921,228.932466397115,716.644629002295,60.0456780679707
124,36,13097,160.144384210124,160.144384210124,0.398423106820146,451.625792166145,783.822325723448,78.506375505841
124,37,16011,151.294235213291,151.294235213291,0.392729388832934,342.210917494223,806.394728624071,80.6233214664918
124,38,12518,160.737498002876,160.737498002876,0.387615863317199,343.628295254833,840.854369707621,69.7058635564787
124,39,10832,160.956979320532,168.419044518484,0.414789086810569,286.939623338257,863.181591580502,69.0746861152142
124,40,10402,180.195443184003,192.374194653921,0.463915056474866,268.94154970198,914.203326283407,47.7477408190733
124,41,8034,180.486308190192,199.006420225638,0.469722664817662,400.298979337814,877.498132935026,65.097211849639
124,42,14059,150.732982431183,150.732982431183,0.388681724042618,457.240344263461,668.852265452735,69.2666619247457
124,43,6982,149.593812661129,142.457127607332,0.602897888172225,387.862073904325,924.133342881696,76.6747350329419
124,44,15198,161.899657849717,168.050558194267,0.401357694998466,446.309053822871,974.191275167785,45.8838005000658
124,45,10971,164.62774587549,164.62774587549,0.391709066906293,415.211831191323,873.110655364142,74.5639412997904
124,46,12840,168.702024922118,177.415498700848,0.409506665451981,327.806775700935,781.864330218069,73.4306853582554
124,47,14074,144.903367912463,144.903367912463,0.430706539784901,577.127753303965,785.181682535171,72.1519823788546
124,48,20380,159.701766437684,172.865739168161,0.482328029730807,494.375269872424,824.343032384691,36.4334151128557
124,49,14220,156.668776371308,156.668776371308,0.469717311476674,613.671870604782,808.12447257384,66.2772855133615
124,50,18658,144.563672419338,144.563672419338,0.462842522050644,563.680887554936,770.295101297031,41.0592775217065
124,51,12630,173.51757719715,173.51757719715,0.393957518495097,290.797862232779,928.481868566904,70.8189231987332
124,52,11784,160.789799728445,160.789799728445,0.50589731284644,546.883995247794,924.100644942295,45.7255600814664
124,53,17694,143.154854753024,143.154854753024,0.42488054728956,328.468520402396,730.569967220527,37.8345766926642
124,54,12499,159.326906152492,159.326906152492,0.384356204350624,508.556604528362,904.392111368909,76.7472597807825
124,55,10007,151.416508444089,159.841504917985,0.42757783043885,314.312381333067,924.275806935145,64.5618067352853
124,57,15345,129.301596611274,129.301596611274,0.291141682528504,327.033431085044,645.065949820789,43.2660149885956
124,58,3989,159.447229882176,145.541087380844,0.629836309577966,539.82226121835,918.729756831286,72.9162697417899
124,96,10453,165.012436621066,165.012436621066,0.376497171580917,385.256672725533,790.778149813451,78.1053286137951
124,97,8602,166.305975354569,175.741070675986,0.425671030805165,445.043943269007,730.03452685422,77.1939083933969
124,98,8114,206.507394626571,206.507394626571,0.38991318693216,417.357406950949,805.265960069017,74.0757949223564
124,99,9950,203.593768844221,203.593768844221,0.367120005154293,401.330552763819,823.154773869347,70.0217085427136
124,101,9959,187.428255848981,187.428255848981,0.377980091346239,391.387990762125,769.227030826388,71.9981925896174
124,102,5575,176.386367713004,176.386367713004,0.359152875694014,511.190852017937,770.321614349776,73.5517488789238
124,103,12930,151.140293890178,151.140293890178,0.383811550727101,521.084609435421,759.535189481825,77.4564578499613
124,104,10691,160.530446169675,160.530446169675,0.382731016661037,466.686652324385,730.286222055935,72.5346553175568
124,105,5634,147.00230741924,147.00230741924,0.389757093207751,348.877706780263,689.501064962726,71.9645012424565
125,1,20992,164.044874237805,164.044874237805,0.422056251241737,295.611566310976,769.815739329268,70.0813166920732
125,2,36102,135.899756246191,135.899756246191,0.435437002379057,482.075757575758,639.718962938341,42.4932413716692
125,4,17683,132.658711757055,132.658711757055,0.34566755156132,309.661482780071,622.554883221173,61.7184301306339
125,5,17706,159.213825821755,169.896470621207,0.458344638741826,626.435840957867,869.325426409127,57.5252456794307
125,6,22755,148.925203252033,148.925203252033,0.465893637390489,439.522390683366,975.180312019336,69.4494836299714
125,7,17009,165.361926039156,182.1815639613,0.509457303742908,243.806455405962,701.260509142219,58.9991181139397
125,9,24065,152.531103261999,160.317569408037,0.426488189359429,275.773820901724,694.989279035944,68.603864533555
125,10,5612,210.519779044904,210.519779044904,0.559993367645375,366.106913756237,944.36903064861,68.2633642195296
125,11,15283,156.950140679186,156.950140679186,0.387409764821093,445.417261008964,789.821893607276,78.5579401949879
125,12,20215,131.709473163492,131.709473163492,0.312920970090912,382.486618847391,628.453079396488,67.9159040316597
125,13,14707,149.013326987149,156.820907869631,0.424765507628322,216.384306792684,755.11878697219,52.9072550486163
125,14,15253,196.987608994952,211.92762513818,0.444878432828512,333.461876352193,876.217858781879,77.148626499705
125,17,17148,157.398880335899,168.163266471049,0.458025328197307,425.360158619081,1013.09138091906,62.7194425005832
125,18,16439,128.328487134254,128.328487134254,0.213691853853647,447.055052010463,588.553865806923,59.8527890990936
125,19,10715,167.248530097993,176.223007027572,0.409783579031397,483.399440037331,828.533084461036,75.9246850209986
125,20,12943,168.316619021865,168.316619021865,0.389173679271936,336.354400061809,839.848025959978,70.3403384068609
125,21,16563,142.381633762,142.381633762,0.394537804967083,506.051379580994,641.511863792791,68.7920062790557
125,22,18090,149.792758430072,149.792758430072,0.487306809596014,560.294195688225,688.987617468214,67.8415146489773
125,23,14172,154.83700254022,161.06593180849,0.406763358469375,412.508749647192,690.599844764324,73.5153824442563
125,24,11421,185.123194116102,200.897183335646,0.469535985146094,263.927852202084,919.575956571228,48.4886612380702
125,25,11154,157.543482158867,166.657672140555,0.42792091282366,460.238927738928,855.081764389457,80.7982786444325
125,26,14040,163.986680911681,178.166625581445,0.483553408079157,619.556054131054,807.827849002849,66.0133903133903
125,27,13449,169.76146925422,180.838492878115,0.420906283875941,268.478920365826,812.651646962599,66.2824745334226
125,28,7910,199.970543615676,199.970543615676,0.480153175858614,411.969405815423,872.660556257901,65.7055625790139
125,29,11771,156.928723133124,156.928723133124,0.395107090042454,286.536912751678,864.547956843089,68.6905105768414
125,30,9241,166.794069905854,175.639490060718,0.431815946879427,519.511524726761,857.312844930202,72.773401147062
125,31,20981,142.253991706782,142.253991706782,0.45855086333388,601.680091511367,688.938134502645,53.5423478385206
125,32,14783,177.515389298519,191.925537499006,0.443497842601568,265.714198741798,820.085638909558,74.6031928566597
125,33,13247,147.326338038801,147.326338038801,0.387391602138918,456.049143202234,673.462595304597,68.8641201781535
125,34,21776,156.903609478325,166.604580497672,0.436230775010851,539.917018736223,941.960277369581,67.8221436443791
125,35,15031,175.356463309161,187.484219645307,0.458284785305756,323.393985762757,980.17823165458,59.8711329918169
125,36,15532,178.889067731136,159.432370711034,0.500602785913866,221.724568632501,868.100373422611,51.5462271439609
125,37,11721,190.47572732702,190.47572732702,0.395713923727458,389.447999317464,825.475130108353,70.3069703950175
125,38,9902,159.686628963846,159.686628963846,0.373482069833309,441.566350232276,931.299434457685,76.7803474045647
125,39,11775,162.301061571125,162.301061571125,0.369769547379435,466.768237791932,886.786581740977,73.4303184713376
125,40,15938,154.271615008157,160.104573236967,0.405235181858244,447.227443844899,979.392646505208,46.0161249843142
125,41,11378,169.607312357181,169.607312357181,0.471058018212938,252.2202496045,902.47829143962,63.6845667076815
125,42,18120,146.184933774834,146.184933774834,0.438146032999838,322.348123620309,731.58614790287,38.0021523178808
125,43,12144,153.07592226614,153.07592226614,0.380662680867874,510.994071146245,906.001482213439,76.8194169960474
125,44,14070,156.074697938877,166.14370664721,0.451875076787492,215.259203980099,830.697796730633,62.4535891968728
125,45,23372,142.824191340065,150.335134122265,0.443933391517913,529.378529864795,634.941297278795,57.6438045524559
125,46,13794,146.602363346382,153.957304835461,0.43276096130247,577.065680730753,786.604465709729,72.5770624909381
125,47,16939,156.14989078458,163.170991660245,0.400462164545218,340.993033827263,801.452801227936,80.7123206800874
125,48,20640,147.288178294574,147.288178294574,0.493357920681813,561.895542635659,768.768507751938,40.713226744186
125,49,12060,164.447180762852,179.222690813434,0.490868451498765,550.218739635158,923.640132669983,45.4417910447761
125,50,10659,156.594145792288,156.594145792288,0.456336314635342,317.632048034525,922.038934233981,65.5398254995778
125,51,12974,174.528826884538,182.152720241644,0.406466137347925,283.297980576538,929.208339756436,70.4408817635271
125,52,12140,157.698846787479,164.756746473753,0.416308472337244,411.701482701812,874.076853377265,75.1451400329489
125,53,8085,197.081632653061,197.081632653061,0.395082932247189,420.667903525046,811.132467532468,73.8634508348794
125,54,15752,131.239906043677,131.239906043677,0.263115410140336,311.122778059929,642.113065007618,44.6257618080244
125,55,21557,155.809574616134,166.699378070849,0.469056014354157,494.891311406968,823.888991974765,36.1839773623417
125,56,11078,172.331467773966,184.144565441545,0.433969733866389,327.318739844737,781.236053439249,74.3701931756635
125,57,4856,160.548393739703,143.243457989606,0.591647813365127,387.309308072488,927.133031301483,76.7786243822076
125,59,3715,155.570928667564,141.308291100759,0.590658962745117,540.403499327052,917.791655450875,73.0123822341857
125,60,2638,139.09173616376,139.09173616376,0.413902927396554,408.087566338135,893.927975739196,79.8438210765732
125,141,11844,154.731762917933,154.731762917933,0.434876278254959,358.472813238771,980.853174603175,67.1554373522459
125,142,15922,151.589938449943,160.009069069844,0.422524366491117,353.571661851526,695.868358246451,71.2698153498304
125,143,12029,169.401030842132,178.583968697251,0.443612711373704,362.411089866157,731.5743619586,75.4095103499875
125,145,12265,153.60081532817,153.60081532817,0.365947718065072,459.484467998369,738.102242152466,72.1099877700775
125,146,8851,163.357925658118,172.637405652035,0.417246152912813,445.396565359846,732.264037961812,76.9575189244153
125,147,10247,187.870401093003,201.090229116819,0.445866092449529,392.829023128721,763.931687323119,72.3307309456426
125,148,16225,166.966964560863,173.752209433191,0.412071083057217,383.14311248074,794.094175654854,77.9757781201849
125,216,8775,159.981652421652,159.981652421652,0.39392692422383,508.410256410256,763.701538461538,73.8393162393162
125,217,10127,146.633158882196,146.633158882196,0.385384546420909,522.793621013133,758.902537770317,77.788189987163
126,1,37294,138.929103877299,145.50273021128,0.443515468494942,477.371051643696,638.889311953665,42.271518206682
126,2,21153,166.916323925684,166.916323925684,0.395096218136316,294.728832789675,774.167683070959,71.2823712948518
126,4,26468,153.200204019949,162.319068266176,0.434911947131158,273.012354541333,696.851934411365,68.3782303158531
126,5,16774,132.089364492667,132.089364492667,0.346564305096886,309.1991772982,621.196434958865,60.9269106951234
126,6,13741,179.384688159523,190.645638306981,0.408279447069863,267.921548650025,822.24379593916,66.71130194309
126,7,19103,130.808407056483,130.808407056483,0.266551286531606,384.195676071821,627.710359629378,67.8239020049207
126,8,11249,181.664592408214,194.154353799671,0.40153708243045,395.894123922126,772.791092541559,72.8242510445373
126,9,16710,144.644225014961,151.831319467145,0.441175262270186,213.075942549372,748.512507480551,53.4523040095751
126,10,19270,155.703373118838,166.180327267493,0.452277757501315,628.586559418786,872.069434353918,56.9848469122989
126,11,17244,180.648689399211,172.345651130363,0.501454031561337,548.453491069357,947.918348411042,67.5120621665507
126,12,16156,158.111908888339,167.96058556031,0.448049930734299,428.398675414707,1017.18018073781,62.739972765536
126,13,15070,157.959588586596,157.959588586596,0.368332715438453,443.925215660252,794.097213005972,78.4080291970803
126,14,16567,163.996861230156,171.185399969371,0.40666444899515,353.349188145108,734.041407617553,73.9760970604213
126,15,10019,172.023754865755,180.700667995873,0.439941406728027,522.071863459427,855.468010779519,73.321189739495
126,16,10628,179.879281144148,179.879281144148,0.416099312740234,483.25583364697,836.857075649228,75.7555513737298
126,17,13316,152.687744067287,159.077250193539,0.400898821434793,406.613547611895,694.478371883449,74.1292430159207
126,18,16787,154.383928039554,154.383928039554,0.474488155513222,561.748912849229,689.439804610711,67.8737118007982
126,19,9613,155.130968480183,155.130968480183,0.499817592063135,554.062935608031,649.75647560595,62.4689482991782
126,20,15927,190.946254787468,203.426167326955,0.43200791457015,334.743203365354,880.827023293778,77.3325798957745
126,21,14032,172.279503990878,172.279503990878,0.363912715923532,468.928948118586,896.888255416192,72.949401368301
126,22,19410,146.12818134982,146.12818134982,0.397842374292393,502.430860381247,641.471664090675,68.560020607934
126,23,22442,139.425095802513,139.425095802513,0.468056494310415,596.236030656804,680.947286338116,52.4739773638713
126,24,11801,170.626641810016,157.412490679157,0.434559388764458,258.727989153462,912.828743326837,63.7799339039064
126,25,10431,161.468603201994,161.468603201994,0.397935440441842,443.865113603681,936.976991659477,76.6346467261049
126,26,9407,161.840225364091,161.840225364091,0.523120332538154,259.801211863506,664.194429680026,53.5995535239715
126,27,24178,148.732649516089,155.78977821699,0.415128064810052,445.944370915708,979.570022334354,69.2723963934155
126,28,7925,207.576403785489,207.576403785489,0.518905391795674,414.965552050473,879.329589905363,65.565047318612
126,29,13050,163.89877394636,177.919950595586,0.468912695023919,623.130574712644,806.901762452107,65.6245210727969
126,30,10295,148.02710053424,138.179431750616,0.496531130063433,499.153763963089,614.668771248179,54.5301602719767
126,31,11794,154.954468373749,162.522859787008,0.413779513681687,460.744615906393,859.773020179752,80.9765134814312
126,32,16981,129.411224309522,129.411224309522,0.312054013479583,446.271420999941,591.06360049467,59.4338967080855
126,33,15605,162.451586030119,169.213224455841,0.409989654205111,448.999935917975,982.154886254406,45.6942005767382
126,34,15234,172.472167520021,185.226208900484,0.469835653353704,328.34488643823,985.883287383484,59.8815150321649
126,35,15851,160.428237966059,150.31799285664,0.646568654332694,364.79679515488,979.388492839568,67.1820074443253
126,36,14509,189.660969053691,209.955106335043,0.464926947067107,263.643600523813,826.952443311048,74.4817010131642
126,37,8968,177.384701159679,177.384701159679,0.486318644357533,236.298171275647,751.312332738626,62.4558429973238
126,38,11354,187.37475779461,187.37475779461,0.358576916015187,390.131759732253,833.613968645411,70.1331689272503
126,39,15956,160.469979944848,169.722392419201,0.44446506104309,213.594071195788,838.63073451993,62.4268613687641
126,40,16171,161.66062704842,161.66062704842,0.38336119341149,380.988065054728,800.09244944654,78.6572258982128
126,41,11631,192.837675178403,212.315173610709,0.490486302151394,261.935173243917,921.36058808357,48.2311925027943
126,42,17064,150.537212845757,160.095889966478,0.447231302073946,341.108005157056,805.728375527426,80.9512423816221
126,43,13098,149.673079859521,156.308134579982,0.401011955104444,455.719804550313,674.672316384181,69.2672927164453
126,45,22415,163.789159045282,177.655142672346,0.490392580825048,488.730492973455,823.332545170645,35.7608298014722
126,46,15931,180.668759023288,180.668759023288,0.466244430470306,220.371916389429,870.004017324713,51.1437448998807
126,47,13986,146.674317174317,154.684420158103,0.427902430447281,579.359645359645,791.42614042614,72.5775060775061
126,48,12559,160.959710168007,167.380667677642,0.411413729053843,289.838442551159,868.999840751652,69.175332430926
126,49,13271,179.052821942582,188.369348580146,0.413948557599257,284.379172632055,935.986888704694,70.419410745234
126,50,7697,191.106145251397,191.106145251397,0.389017611021,426.136286865012,815.583604001559,73.4395218916461
126,51,14023,143.693360907081,143.693360907081,0.41826844902389,347.754760037082,695.348356271839,71.4573914283677
126,52,10331,157.777369083341,167.689189459475,0.429598419635935,320.218081502275,937.250217791114,65.4033491433549
126,53,15866,130.263204336317,130.263204336317,0.270208687752304,309.055779654607,641.817975545191,45.0413462750536
126,54,18256,142.798367659947,142.798367659947,0.437211599795886,320.929393076249,732.385790972831,37.7915753724803
126,55,19030,146.349395691014,146.349395691014,0.471342111056178,561.925223331582,765.053389385181,40.4559117183395
126,56,12338,157.802480142649,157.802480142649,0.496078024495462,548.80637056249,916.98768033717,43.9746312206192
126,57,10917,163.987084363836,163.987084363836,0.383481347205784,347.569020793258,849.091966657507,70.2464046899331
126,58,12472,160.321440025657,160.321440025657,0.393156361286069,523.469291212316,908.050994227069,76.1808851828095
126,59,11180,153.974686940966,159.895414899543,0.405890831569148,415.852325581395,873.376207513417,76.1042039355993
126,60,12017,167.159191145877,176.741098392647,0.417421256171382,321.904884746609,782.70758092702,75.8075226762087
126,61,4410,158.366213151927,143.357887370697,0.560704645381149,588.626530612245,902.258276643991,66.8408163265306
126,137,13161,158.888002431426,158.888002431426,0.380187244253309,459.199680875313,741.313426031457,72.9409619329838
126,138,10167,153.768860037376,153.768860037376,0.425260856753279,442.712107799744,728.483525130324,77.3855611291433
126,139,12477,150.790173920013,156.971008061456,0.403158433341363,522.989981566082,764.647030536187,78.0722128716839
126,140,8287,169.61807650537,169.61807650537,0.383826191605336,505.699529383372,768.053577893086,74.1365994931821
127,2,32210,141.354672461968,147.887351151072,0.431535323317182,443.592114250233,662.102794163303,40.1704129152437
127,3,11552,181.777873961219,181.777873961219,0.353526740227004,404.836997922438,772.574272853186,74.5622403047091
127,4,17627,133.188574346173,133.188574346173,0.34815732339529,290.814092017927,634.759743575197,60.4890792534181
127,6,19728,164.680606244931,164.680606244931,0.496558321787185,281.682887266829,702.225111516626,68.4232562854826
127,7,10233,219.099188898661,256.777868284844,0.564158804983326,425.373497508062,866.899540701652,66.093423238542
127,8,22536,156.633652822151,156.633652822151,0.394940296550327,478.685303514377,972.250488107916,70.8773961661342
127,9,14728,186.700434546442,196.728516865712,0.425154697871684,274.194663226507,839.784967409017,68.1322650733297
127,10,17147,128.541610777395,128.541610777395,0.268309966938546,411.467253747011,588.053828658074,57.8010730740071
127,11,18890,131.35643197459,131.35643197459,0.248025210078327,371.79978824775,630.478930651138,66.8580201164637
127,12,17419,148.094494517481,156.539661244281,0.45213436633,199.452781445548,781.905390665365,55.8956886158792
127,14,20196,145.16770647653,145.16770647653,0.404365343437366,487.940235690236,632.756833036245,67.0965537730244
127,16,13963,139.586765021843,139.586765021843,0.435853863452025,459.693976939053,604.29986392609,52.7198309818807
127,17,20356,154.65351739045,165.639933810519,0.473126709979651,635.19753389664,848.77672430733,55.0545293770878
127,18,10656,174.034628378378,183.518723426683,0.425346412535419,539.862706456456,840.586242492492,72.3374624624625
127,19,23468,148.942347025737,148.942347025737,0.425403260189222,354.433143003238,792.77352139083,81.1237855803648
127,20,16805,153.71520380839,153.71520380839,0.466611098932526,559.235763165725,676.459208568878,66.3791728652187
127,21,14593,176.736311930378,176.736311930378,0.378125239056552,494.30048653464,888.003152196258,72.907695470431
127,22,15328,145.458833507307,151.489154010065,0.402059878768816,444.036208246347,665.928366388309,68.2704853862213
127,23,5853,225.158380317786,225.158380317786,0.585142855108173,396.976593200068,953.469331966513,70.7363745087989
127,24,16174,158.090515642389,170.582643241454,0.479461582927372,629.441387411896,786.511747248671,62.4256831952516
127,25,13041,197.781458477111,216.721846995679,0.500602561353509,269.293689134269,961.544743501265,51.5750325895253
127,26,12161,158.948359509909,158.948359509909,0.371746931261864,474.961269632432,923.115286571828,77.4226626099827
127,27,17068,165.130360909304,173.411468394058,0.427564009277372,454.543473166159,994.233536442465,46.2966369814858
127,28,22422,139.327803050575,139.327803050575,0.470283424254327,572.479038444385,671.31357595219,49.0432164838105
127,29,12479,169.399390976841,176.080335318644,0.409659199705266,300.889334081256,881.618639314048,71.3002644442664
127,31,10544,154.577674506829,154.577674506829,0.466582015137307,241.411893019727,678.931335356601,54.7833839150228
127,32,12695,145.328790862544,152.931582083045,0.429603478887768,534.920913745569,640.529184718393,61.3559669161087
127,33,11141,166.495287676151,181.052691212676,0.49369569331123,224.236513777937,780.240104119917,64.6684319181402
127,34,15724,190.677562961079,202.570980068446,0.402457064150536,358.549669295345,879.139150343424,78.7806537776647
127,35,14188,152.196010713279,152.196010713279,0.393505928052854,404.151466027629,688.278263321116,72.8333098393008
127,36,14350,171.625853658537,180.889088232096,0.416549487724637,273.282299651568,930.689756097561,66.2454355400697
127,37,10134,188.714920071048,188.714920071048,0.389153772480023,443.789717781725,811.633412275508,74.1688375764752
127,38,13914,145.488141440276,145.488141440276,0.430950871780207,590.445378755211,772.809616213885,70.7003737243065
127,39,20360,166.998821218075,180.944524670902,0.476660078554191,464.036198428291,843.600540275049,34.8520137524558
127,40,12494,153.377781335041,153.377781335041,0.436670969725672,393.198895469826,989.830798783416,68.953337602049
127,42,11989,152.653348903161,152.653348903161,0.356368244103799,455.819834848611,780.408707982317,78.5313203770123
127,43,13975,167.762361359571,180.666519172549,0.47334742857763,349.67091234347,1001.60443649374,62.4395706618962
127,44,14793,164.901913066991,178.068257226693,0.483267982522706,224.933346853241,906.21334414926,53.315487054688
127,45,12204,158.044493608653,158.044493608653,0.391904380246532,550.607751556867,882.27802359882,76.1238118649623
127,46,12417,188.162760731256,188.162760731256,0.395472592878903,398.189820407506,830.594829669002,70.8266086816461
127,47,17908,163.586497654679,173.160665295319,0.449640952870539,220.960911324548,864.061536743355,64.7835604199241
127,48,18942,146.546879949319,146.546879949319,0.464808230272829,536.836184141062,770.633407243163,38.5235455601309
127,49,12749,165.207624127383,165.207624127383,0.391416453616961,360.400894187779,858.977331555416,71.2083300651031
127,50,13369,184.079961104047,184.079961104047,0.390421059189819,312.991173610592,945.483805819433,73.41431670282
127,51,17798,153.078154848859,164.054500871078,0.460213750996501,451.98089672997,1016.71434992696,63.8680188785257
127,52,16188,184.856622189276,201.068912158203,0.450346730055487,274.816963182604,829.136829750432,76.0283543365456
127,53,17410,157.912751292361,157.912751292361,0.487368461651602,292.993279724296,771.866685812751,38.0486502010339
127,54,12875,151.24427184466,151.24427184466,0.391321954298366,443.299883495146,868.238834951456,76.9400388349515
127,55,14201,149.74579254982,158.927123557303,0.439450688293545,338.151961129498,948.919653545525,67.3004013801845
127,56,12474,160.755571588905,172.735545945304,0.472012040561643,546.690716690717,918.470017636684,43.1324354657688
127,57,14971,132.583795337653,132.583795337653,0.285977878962433,276.999465633558,666.987308797008,45.4312337185225
127,58,4300,170.974186046512,147.200674366232,0.58534353601538,423.390930232558,926.37511627907,76.9916279069767
127,59,10361,156.987259916996,156.987259916996,0.38374019911869,401.602548016601,795.437506032236,79.5565099893833
127,61,4107,151.447528609691,142.43302845311,0.450702201786205,577.782079376674,893.54224494765,72.3048453859265
127,127,14322,164.017525485267,170.325587901817,0.406854632557852,587.10752688172,920.319229157939,66.4389051808407
127,129,7778,166.503342761635,166.503342761635,0.391974724412485,510.778734893289,762.239393160195,72.922987914631
127,130,13758,150.245747928478,150.245747928478,0.398695931493581,536.124364006396,741.565489169937,76.1165867131851
127,131,12319,170.655572692589,170.655572692589,0.380718152706817,368.466352788376,743.552236382823,74.620586086533
127,132,11040,150.173278985507,150.173278985507,0.373688437196852,354.68106884058,698.446014492754,72.1648550724638
127,133,13649,167.327643050773,167.327643050773,0.347080237048827,306.88775734486,789.679243900652,71.5383544582021
127,134,10772,183.479391013739,183.479391013739,0.367048446531785,333.00575566283,786.695321203119,75.9179353880431
127,135,10729,183.534252959269,197.323655274886,0.400173622683604,503.839034392767,820.847143256594,75.4897940162177
127,136,10512,154.610350076103,163.368988300312,0.418297422644119,492.588945966514,833.988679604262,80.5609779299848
127,218,10756,155.865098549647,155.865098549647,0.355399549974485,462.070100409074,729.712997396802,71.7925808850874
127,219,12023,153.187474008151,160.41494813874,0.414659182927639,445.867088081178,716.038176827747,76.6265491141978
128,1,9594,250.191056910569,250.191056910569,0.564099924352766,429.787054409006,843.514696685428,67.0090681676048
128,2,17519,128.91198127747,128.91198127747,0.17348643026553,357.016496375364,596.571722130259,54.1696443860951
128,5,18037,162.82923989577,162.82923989577,0.381908323970774,515.024172534235,942.162721073349,72.3439596385208
128,6,21161,140.604224753084,140.604224753084,0.402071897296209,440.164926043193,608.960587873919,64.0403100042531
128,7,24404,146.760776921816,153.980306324057,0.423327096732762,339.559785281101,702.073881330929,70.3650221275201
128,8,19056,132.854848866499,132.854848866499,0.347332461926905,325.865449202351,635.477959697733,65.2660579345088
128,9,14271,202.761264102025,225.637257101421,0.494549387140792,303.090603321421,1003.03335435499,54.5859435218275
128,10,19998,161.103610361036,161.103610361036,0.469483517357085,369.853335333533,961.060556055606,71.1464646464647
128,11,19666,152.305247635513,164.513080016575,0.497051033873597,391.90887826706,696.737974168616,37.6761924133021
128,12,26357,153.40235990439,153.40235990439,0.526325759564253,632.578555981333,800.641499411921,52.8992298061236
128,13,14794,135.113965120995,135.113965120995,0.379116748594489,417.045221035555,610.358523725835,48.3370285250777
128,14,13269,193.498228954706,209.127857597693,0.426505038905489,279.507724772025,862.410656417213,70.0512472680684
128,15,24514,136.961287427592,136.961287427592,0.428086424398171,524.102879986946,654.364567186098,45.0760381822632
128,16,16584,134.046309696093,134.046309696093,0.329636993893048,251.537204534491,664.337855764592,59.6654606849976
128,17,18287,149.817083173839,149.817083173839,0.472082788823852,620.761579263958,733.834417892492,59.6499699239897
128,18,14465,171.804631870031,181.441603142236,0.40665384325245,354.342965779468,743.728655375043,74.6004839267197
128,21,18621,148.141990226089,148.141990226089,0.472297125850328,524.863755974437,635.785403576607,63.9465120025777
128,23,16065,184.449237472767,196.539359723977,0.43892665931681,389.100155617803,864.095238095238,79.8067849361967
128,24,12094,190.575326608235,177.082289472858,0.50584120244666,594.778319828014,889.973623284273,66.1836447825368
128,25,12909,155.76140677047,155.76140677047,0.359336514100605,508.890309086684,883.270121620575,77.664420171973
128,26,15926,168.886788898656,168.886788898656,0.465485769772871,259.652329524049,746.714554816024,67.5378626145925
128,28,17625,166.630808510638,184.090338447341,0.511131382784105,192.577361702128,834.812765957447,57.039829787234
128,29,11435,187.11578487101,187.11578487101,0.375758974047126,407.132225623087,820.799912549191,72.8515959772628
128,30,10579,175.082994611967,189.811554366602,0.438869812482869,321.65819075527,895.386804045751,73.148029114283
128,31,15141,171.633907932105,181.551087483005,0.424814605337693,304.176210289941,953.978336965854,68.6088105144971
128,32,11594,151.717440055201,161.443866474329,0.457266438551884,208.951785406245,719.224426427463,54.6248921856132
128,33,11175,172.078926174497,187.57518469261,0.477710742117752,221.160805369128,818.257718120805,66.4546756152125
128,34,15197,180.631506218333,198.014587938836,0.479563362843633,250.67098769494,959.027702836086,55.360465881424
128,35,16831,151.55457192086,151.55457192086,0.461599233033927,503.533717545006,994.943437704236,66.3970649396946
128,36,19444,145.627237193993,145.627237193993,0.463465197634103,503.097510800247,770.968627854351,36.5011828841802
128,37,17875,183.853762237762,197.996674456312,0.440186493894197,284.460867132867,835.289398601399,76.9232447552448
128,38,14680,151.536444141689,158.769250086855,0.418591101426121,378.174182561308,678.229632152589,72.2862397820164
128,39,17049,163.813596105343,171.94311720228,0.43807372118237,482.744677107162,996.441198897296,47.134084110505
128,40,14204,150.572585187271,150.572585187271,0.387646538592903,470.200577302168,838.478315967333,77.5014784567727
128,41,20990,147.912291567413,147.912291567413,0.440392996093142,350.235254883278,773.275655073845,80.7593139590281
128,42,11497,180.131773506132,188.9037347791,0.42510029277189,449.596938331739,795.331477776811,72.3201704792555
128,43,21685,174.405210975329,159.571722560834,0.649070986948573,439.069910076089,966.533271846899,71.2774729075398
128,44,13428,166.273383973786,171.915208615193,0.409210452055455,525.176869228478,852.939156985404,72.9509979148049
128,45,13585,152.744644828855,152.744644828855,0.377196327793886,460.21045270519,752.743835112256,77.3030548398969
128,46,15371,144.814846138833,144.814846138833,0.38750457849561,409.242599700735,644.1260815822,67.6424435625529
128,47,16863,171.206724782067,181.495742669268,0.435534647136858,235.397853288264,901.513491075135,66.5841190772698
128,48,13049,138.368533987279,138.368533987279,0.395520078038484,490.99524867806,607.505096175952,57.4075408077247
128,49,14388,140.282249096469,140.282249096469,0.390069373744005,581.771267723103,716.073533500139,68.3409090909091
128,50,18431,172.42781183875,183.584251220185,0.458999386871223,451.454126200423,863.52493082307,34.6420704248277
128,51,15521,162.590941305328,176.705256374982,0.485207456062867,390.658978158624,1009.80613362541,64.4188518781006
128,52,17680,170.664875565611,185.021620506415,0.454833457192563,271.777319004525,822.748529411765,38.3527149321267
128,53,14211,165.106677925551,178.711064890849,0.476857974135355,553.817817183872,904.863134191823,42.3332629653086
128,54,12179,165.214631743164,173.143436992229,0.425430534901685,373.118400525495,861.891041957468,72.2546186057969
128,55,16439,133.877060648458,133.877060648458,0.317988193041863,240.484092706369,726.052132124825,43.8642861487925
128,56,5907,160.71322160149,160.71322160149,0.491959734289568,615.584391400034,827.844591163027,64.6656509226342
128,57,4309,172.483870967742,147.939121671552,0.617982070525731,454.736829890926,902.637502900905,77.6604780691576
128,58,7928,160.384081735621,146.698229171223,0.493702578108973,602.626135216953,850.855575176589,69.7916246215944
128,59,9100,176.847582417582,176.847582417582,0.396621225299388,355.987362637363,938.612967032967,76.6115384615385
128,123,8626,156.358335265476,156.358335265476,0.381267044364871,499.368305124044,718.963830280547,71.8439601205657
128,124,10073,146.242529534399,146.242529534399,0.385721511755907,527.578278566465,696.334756279162,74.1126774545816
128,125,10088,172.384714512292,172.384714512292,0.397296593649035,551.311062648692,795.809674861221,71.2948057097542
128,126,8102,154.660947914095,154.660947914095,0.375319923660995,571.578128857072,822.732041471242,75.2604295235744
128,220,9503,158.400294643797,158.400294643797,0.339964985462888,442.554456487425,702.330316742081,71.0430390403031
128,221,9039,155.785263856621,164.404569123672,0.419571733881705,429.223586679942,693.772983737139,75.7735368956743
128,222,10013,183.140217716968,183.140217716968,0.379174919393809,406.463197842804,753.626485568761,73.4272445820433
128,223,11110,160.678127812781,160.678127812781,0.369027182121871,409.705130513051,768.183168316832,78.889198919892
128,225,11233,168.328585417965,168.328585417965,0.397864814110768,510.504406658951,777.827294578474,73.4969286922461
128,226,9488,152.537204890388,152.537204890388,0.380413421091308,512.005691399663,788.761909780776,79.1949831365936
128,227,11157,188.531684144483,188.531684144483,0.34404738035991,352.363000806668,796.043470466971,75.9365420812046
128,228,13973,171.382451871466,171.382451871466,0.374552524580187,316.055177842983,803.097187432906,72.4559507621842
